Date,ACWI,SPY,DIA,QQQ,IWM,EFA,EEM,AGG,SHY,IEF,TLT,TIP,LQD,HYG,VNQ,GLD,DBC,UUP
2022-03-23,-0.003188902268259153,-0.0037086307836860094,-0.004375359816069501,-0.005398239217831455,-0.006718853315584637,-0.004951937690522918,-0.0022286672680507033,0.0008455806326305537,0.00030312281663499125,0.000995594795940252,0.007506601585406737,0.006328753932452229,-0.0012669311325211041,0.0002497137800582241,-0.0020069895932577943,0.0026913481237768946,0.011433247062619965,0.002060976365939296
2022-03-24,0.0043442169651250785,0.006666135933245571,0.002808793257912714,0.011589592446037968,0.0027464993556023387,0.0031572278306250742,0.00038158582899855756,-0.0013609783939067155,-7.131908479519392e-05,-0.0033973689384974182,-0.002305584959228787,-0.0034597681347801256,0.0006775657372310759,-0.0011988161993620912,0.00025200658605012416,0.002913428881957619,-0.0008499308243625249,0.00021866784882090871
2022-03-25,0.0004981096794567875,0.003286142495638616,0.0018225465720929576,0.00016306469027275766,-0.0020989601846570618,-0.0008709703890033473,-0.008692089577483842,-0.0036244806137857204,-0.0014704483838743206,-0.0038229020669374256,-0.0016535621431637716,-0.0021354934594676658,-0.0008146477550764258,-0.0038415518140826536,0.006234800005987404,-0.001836924639034846,0.003010056613977047,-0.000939457584534259
2022-03-28,0.0010519371592674124,0.0014325639413878908,-0.0025498593627691695,0.006760976660764683,-0.0028845890497956285,-0.00420065537868943,0.005640137545219186,0.0007621252262081594,-0.0008327402326208309,0.0006597652460472888,0.002327929739982389,-0.0005838767222783578,0.0008965419890715285,0.002821417190898251,0.004583314379971264,-0.0026844090601791434,-0.0191517779660519,-0.0019812273486480257
2022-03-29,0.002282440210150106,-0.0011714433686775255,-0.003360922367495767,0.005436098840169002,0.010192292085423094,0.007538939006740087,0.0041857665826566266,0.0021342324196508685,1.6512380505143555e-05,0.0030590861983330357,0.005527254006520925,-0.005024078651866616,0.0019213692800575935,0.0024433270699069747,0.004350349187214244,-0.0033056723746178298,0.0037389039317785072,-0.0013966787204108821
2022-03-30,-0.0008201878146145199,0.001238530735405057,0.004998580038259303,-0.0030636392224606852,-0.011456923960734973,-0.0018620081779704345,-0.002333920698219209,0.0009438100874102464,0.00025254618690845457,0.0005685843686438511,0.00043726434930678633,0.0015703966825118794,0.00047925160630910815,-0.0006235174856850344,0.001354489611231349,-1.9439605240910776e-05,0.01064408860982116,0.0004554038126993931
2022-03-31,-0.004046955098563346,-0.0049861255623743946,-0.004844723945471264,-0.0016717950098814813,0.002245108256957968,-0.003384466235002234,0.0013871390932715735,-0.00021895244509493694,-0.00015540430547859415,0.0010424745143744864,0.0003024948505354762,-0.002179933269112909,-0.0012360443025598452,0.0001905457556145877,-0.002246258344842036,0.0020610126442568025,-0.005560531815809183,0.0008725663590475764
2022-04-01,1.1022801370428638e-05,-0.004304612848961576,-0.004250003187894114,-0.007450242149251877,0.002276543930825924,0.0033678978218269996,0.010813076989845485,-0.0006672820113703497,-0.001203783395356203,-0.0038881671220322464,0.006945464263976821,-0.004253330352122307,0.003951650775236813,-0.0015447222534387577,0.005182287725903149,-0.002669734159461849,0.0022591657628820913,0.00011050830121324233
2022-04-04,0.0031161590516476786,0.0010565032536036714,-0.003463460698228219,0.01072835535704255,-0.006391387574983897,-0.0009208837780960771,0.011583408318205876,-0.00021549041702769714,0.00027831005282783275,-0.001235155824318574,-0.006737118731055198,-0.0018310097417776599,0.0005780016773610577,0.002115795319653381,-0.005270084382122805,0.0033657392931914906,0.013159358225107526,0.002080482227116885
2022-04-05,-0.002144021864310574,-0.0013042729449352624,0.0019210839889680902,-0.007380046448193423,-0.012806419048176249,-0.000984473251051143,-0.0033569916929261402,-0.004102034492955918,-0.0008653346500763137,-0.004818478184403627,-0.00689023130420811,-0.0005576694373129213,-0.005633017867194844,-0.0036956423301985498,0.004559625335311384,0.0016173246588706766,-0.004277456071209129,0.0014248478823376924
2022-04-06,-0.002668444093705572,-0.0018749034775828646,0.0028496249387219633,-0.008541784847208803,-0.008324481276967551,-0.002905527135061781,-0.0008523722701983451,-0.00045413060531253064,0.0005347313156063914,-0.0017248229489902067,-0.0012122772751319002,-0.001642031795457629,-0.0008184760452201517,-0.003990605273751877,0.0065870631841291,0.000916835601755971,-0.0032449699472137626,0.0005533935130877916
2022-04-07,0.0029415106730949717,0.005862081728692119,0.004699641697335439,0.0018541000895894427,-0.0021622781692476633,0.0032156172776656045,-0.0073440413113976186,-0.0014701023109972469,0.00046578630719630023,-0.0017408193606362008,-0.0040088488848437215,-0.00034109283630484285,-0.0029123289871504027,-0.001178816106118368,-0.002910620311639512,0.003236896994911668,0.004978243296290611,0.0014424425525508275
2022-04-08,0.0003517608403091246,-0.0002196934685691999,0.006094730204052063,-0.009899033120052603,-0.006664519551495499,0.0007954432961177442,-0.00022267432717178876,-0.002773636374045451,-0.000690942173297961,-0.0021926569130544206,-0.004975929309371265,0.003253530663981118,-0.003194110934961349,-0.0022063277372684743,0.0030142487088778798,0.001673006912674799,0.003234254169381879,0.0015367437450467512
2022-04-11,-0.0028968490555979047,-0.005863662223313998,-0.0012750657933391328,-0.009660946957956081,0.004391228199295143,0.0005739796333910849,0.0011060685687287186,-0.0017378332741048632,8.762921855317871e-05,-0.0026409003846670524,-0.00845745661798573,0.001292574135686841,-0.003714187265909167,-0.0015429124826362049,-0.0015866855950935066,0.0036624522139161227,-0.004219554694938257,0.001975452071681617
2022-04-12,-0.004121157653423583,-0.003621865515178062,-0.002978742665652945,-0.0009294592743950714,0.0003531547698035842,-0.004369960994094852,0.0014913854401302322,0.0013455874971956129,0.0014085550589341654,0.002259437777752859,-0.0017745340417184147,-0.0023804777159011376,-0.0025740535799822217,0.001878361686322924,-0.007509338154009322,0.0025295368200099312,0.018359047690193787,0.0016079127834257073
2022-04-13,0.0016900512235136552,0.0022448732939334033,0.0016129917003166964,0.01022609821054638,0.008299791603761377,-0.0005028666330384041,-1.623646638006064e-05,0.00041196158925686874,0.00016862545533334345,0.001017218123120031,0.0007567996606696063,-0.0037717319270306067,0.0015456080231217566,0.00045482114567196516,-0.0011540875694285649,-0.0005904150446659328,0.014077936862396796,-0.0004916026745883364
2022-04-14,-0.0036224864052547285,-0.0060444615635937065,0.001454724688872873,-0.01311675526000969,-0.004267869945736087,0.002662912944866639,-0.004377680563402679,-0.004216280440958938,-0.0010431067167173225,-0.004091411562200251,-0.00950570290194134,0.003599621667476702,-0.004423639317551515,-0.0019749933289117177,0.0006339993223379043,0.0013865357819091931,0.0008877320589849589,0.0015774901762918097
2022-04-18,7.540545145177696e-05,0.0015224219572942063,0.0004980096233350557,0.00197577564323613,-0.0063459209015431515,-0.0030118616635371525,-0.0013419105814141282,-0.0019011834344568946,5.300484826203995e-05,-0.0014747843352350333,-0.0010388726600594304,0.0004899857911074804,-0.0051078326828875404,-0.0002827174922407649,-0.001050458020448891,0.0029550674111738255,0.00706825501196686,0.0015261433821056563
2022-04-19,0.00219347574851673,0.005650155221740699,0.004177925171076966,0.010726158883622518,0.008037019751459908,-0.001967918885628697,-0.010887680379707537,-0.0032840502060471613,-0.0013116035856476972,-0.0015656598479047192,0.001806637000908596,-0.00023903985166623658,-0.004217191569289546,-0.0014305169262785794,0.008415173618850373,-0.0015554222801910395,-0.013037222482025882,-0.002526220562302235
2022-04-20,-0.0010886823697320229,-0.001438280694173782,0.006179652766488118,-0.013382070144551748,0.0029452776936646024,0.002936174691301683,-0.00910851072248679,0.001798510086716565,7.066811053344261e-05,0.0025038808485542755,0.007773233430637376,0.0029026545308142174,0.0031180076014926577,-0.000258393476679308,0.0048638520039384694,-0.003221976180293143,-0.0005787605350984892,-0.0012908292120993549
2022-04-21,-0.004798690613918851,-0.004382127807414649,-0.001199928077197562,-0.007861213917228178,-0.0107292016671697,-0.0001513330199705669,-0.0074544576936733595,-0.0031990687143635646,-0.0011033484804218662,-0.003321175723352684,-0.004406395788650869,0.005734898094433553,-0.005779713500205851,-0.0005313135633670659,0.0031271607982345014,0.0005060442955291738,-0.00312139651951893,0.0008806139778132368
2022-04-22,-0.005846426097189897,-0.012025972696812739,-0.012376164999050273,-0.009433230484408691,-0.007392822836208925,0.0007222395545580275,0.011921790389797206,-0.00016717550960186362,-0.0003528563907917988,-7.303983966253612e-05,-0.007994073003711384,-0.0026384356331384017,0.001432807381999168,-0.00010026099056691974,-0.0012189633913909613,0.0010432839775792926,-0.006090527492059591,0.002322168358990232
2022-04-25,-0.0008879569266041177,0.0005685230648834003,0.0020330941596218254,0.005043959159952213,0.002115374957579944,-0.004770674820627779,-0.005598186477707047,0.0030783380115901723,0.0007716671679200502,0.0019799649425871427,0.0009254610325892202,-0.0035478483579210068,0.0035482537733268413,0.0014324700956706944,-0.00471756110773499,-0.0019219966136186234,0.003249472612217374,-0.0011183394709752738
2022-04-26,-0.008565773802403406,-0.011072820146475492,-0.006733398635147721,-0.016089895023559075,-0.012615463667434636,-0.0075930446513381815,0.000459876623126014,0.0016389671085106116,0.0010014458305724946,0.0025852801485627495,0.0023083607870824363,-0.0008115691905026855,-0.0011103111940796901,-0.0012916958996293405,-0.004535676278677049,0.0014725153464900508,0.010016886208634211,0.0027015636329220595
2022-04-27,0.0022132933910924595,0.0013773433046007895,0.0005178074454019021,-0.004435928078796041,-0.006340236488981193,0.0035197337596122504,0.007178570244040515,-0.0016715942086968838,-0.0001592736938466798,-0.0024309644024909723,-0.005635420295413058,0.00011195221503620045,-0.0043347898436105255,-0.0015858929630994038,-0.00023842892005243414,0.0029179943030936753,0.0035251905064389885,0.0032254273706355603
2022-04-28,0.0050805182970783715,0.007656201890857018,0.0021271323500594644,0.013712619748565247,-0.0008473300332169816,0.0014107566120106895,-0.002475736641337909,-0.0016071874485011233,-0.0003770362142843678,-0.0012851468005765244,-7.606538643689957e-05,0.004181805388847431,-0.0007087556882734028,-0.00014168450419533782,0.002790742899564557,0.0025681410924145317,0.0025602200221615107,0.0012339304566952834
2022-04-29,-0.007151473527724109,-0.013962893722170643,-0.006055914827709168,-0.02136692576153975,-0.00038206393489380666,0.0023046251140724887,0.01925643312473395,-0.002433622460234651,-0.0014727861284542425,-0.0027496360856606034,-0.008646690050819498,-0.004874272490867573,-0.0026016829137370245,8.431027998854687e-05,-0.009242373493942677,0.0008870656222043838,-0.0009048141011030082,0.0029300991770727144
2022-05-02,0.001436750444614452,0.003356593452367263,0.0005468095101723606,0.012062858694468959,0.00800796856321445,-0.0035506159110365166,-0.0022942220523965487,-0.002607823607301528,8.039062072373278e-05,-0.003150522968105784,-0.005556079865248583,-0.0108206166567699,-0.0013113399937162169,-0.0011275446239380573,-0.012048509890797357,-0.0003234288200750328,0.016160373588928613,0.0004899772145068038
2022-05-03,0.0013577049285533934,-0.000292722078845134,-0.0030530507159485494,-0.004521146037691851,0.0041331065235781575,0.002486106095968915,0.0033532440423082385,0.000282770667753614,-0.0005542056690866971,-0.0009130682350154086,0.0009613516655701225,0.002342058781540509,0.0019169189158464604,0.0018556661364371252,0.003497742397887981,-0.0008206169492701505,-0.007882735101090103,4.3122080883668725e-06
2022-05-04,0.006065924714905826,0.015337074397682178,0.014373280118746272,0.016061038783611647,0.008962149149509643,-0.0013738932194589278,-0.013128612975724135,0.00215699845655371,0.0015229202002618135,0.0018712609139416789,-0.0010279837518084207,0.002436822532240578,0.001790000007779572,0.0006338750297289544,-0.0008662674784915524,-0.00038008882051041026,0.017400332099050193,-0.0015733477719359554
2022-05-05,-0.009145892644990595,-0.012428236004897002,-0.009058542879150585,-0.021694152811568928,-0.015726263585840825,-0.006379520280311097,-0.0047198412203568255,-0.004210812666122229,-0.0009729008586932342,-0.004367383372869024,-0.014828895293447808,-0.004087756902782981,-0.00393915627570297,-0.006689298622899473,-0.005686569737901277,0.0014366252613220304,0.000605696672971558,0.0027223541085223176
2022-05-06,-0.003033130355719554,0.0008560873783774606,0.0029299903594494853,-0.003955176412186668,-0.009403042796340168,-0.0029627779917962543,-0.005362786150404442,-0.0021067392628500775,-5.642293380224832e-05,-0.003513466140648492,-0.008597117012814681,-0.00013436841395344894,-0.00414669731443789,-0.002387069790851904,-0.002816288994338884,0.0016219773721879939,0.0027195420998642784,0.0012010187513026823
2022-05-09,-0.007950652700110021,-0.008289421592749448,0.004264277767791563,-0.01727196773616605,-0.011131883185419498,-0.007904943940792681,-0.0020661560551908376,0.003049796901286275,0.0013624004639203751,0.0018506222197527712,-0.00262811055933641,-0.004619087527914456,0.002812777241664427,-0.0028355858276781585,-0.011545758785409962,-9.264011013452797e-05,-0.013200227943000811,0.0003846227447208303
2022-05-10,0.0012118732259138727,-0.00027412565536373643,-0.004433055683950514,0.0051504378465663195,0.0012320583311803321,0.005177138621509843,0.0024858040013112336,0.0012562741126093523,-0.0006112735729489182,0.0013403661160722412,0.002437865752789755,-0.005740983508398795,2.599142472450855e-05,0.0033576626757293466,-0.009118131830743177,-0.0008615466493311387,0.0030004073230030393,0.0010579827944874778
2022-05-11,-0.00591592040961953,-0.008098159425716884,-0.0030432472781434065,-0.02042074656766865,-0.01644068543312703,0.00025173357687332653,-0.0038458851723944558,0.0009832319015365115,-4.825465427597136e-05,0.0014949299578677858,0.006179876522550013,0.006506554292155306,0.0010854146314106076,-0.0026428054210509556,0.0006492738931114738,-0.0003708729434451878,0.009675561661397913,0.0024277169727029493
2022-05-12,-0.00165244884543738,-0.003952828944314203,-0.0055608560499868665,-0.003980470927812698,0.006173745255119408,0.0002660031409635298,-0.003642323508089914,0.0015719818544046723,0.0009873967229455174,0.0029460229698304082,-0.0001754927909624394,-0.0045337992653126085,0.000348342287515831,-0.002664220093877776,-0.0011313981050137256,-0.0005016114039128189,0.005552670883108527,0.0017023168306796585
2022-05-13,0.008018462704580804,0.007844035331227964,-0.0008576288001979834,0.019272172421065725,0.011059200409600435,0.008160173122406543,0.0010466710540159574,-0.002906040469643015,-0.00013117561262648213,-0.0020888058897966305,-0.006226193278459588,0.005595262355939294,-0.0022253875051107142,-0.0007814011423077846,0.01210964798358623,-0.000626183891123273,0.0017128818753902528,0.00021159415887681346
2022-05-16,-0.0017861455388455511,-0.0009041592606428557,0.00486179703988289,-0.007521929479701397,-0.0014660397396426051,0.0006737598589838072,-0.004523168110741769,0.001143190856547133,0.00021520856004424106,0.0023267163722434656,-0.004118015124924502,-0.0014277152745765347,-0.0001861429815374037,-0.0015869454845590348,-0.003661987583471415,-0.00021330091468573127,0.0105069742226488,0.0007639261802333298
2022-05-17,0.0068977869089627535,0.009943637009050215,0.0033258043119039557,0.012911496349223166,0.018994392350683315,0.0022615256297260668,0.00531495325761696,-0.0029659896849995706,-0.0014251418743630093,-0.0030969887647532956,-0.002878738484854919,-0.00167203122740199,-0.001594266697020029,-0.00047303407763476515,0.007978673154504349,-0.0023254386528578294,-0.007000559092333651,-0.0022159915092154862
2022-05-18,-0.011870723169791167,-0.019509273619961305,-0.014908666685385066,-0.028025904636036016,-0.008905148817518808,-0.001965997832306516,0.0004796127846672833,0.0014937794693720154,7.664600942117574e-06,0.0013269460720236907,0.005577273170470059,0.003631350753217603,0.0009684520051822651,-0.0008668832696662925,-0.008746473093688159,0.0009763025880740455,-0.009466592036946619,0.00287087184139845
2022-05-19,-0.0004305514677426371,-0.0042715282639025146,-0.005492909835983571,-0.001805919393606633,0.003312509260986347,0.004396300779002837,0.011808723054593906,0.0009679230179462149,0.000631741587009985,0.0012498818546508713,0.0007866831114016423,-0.004920501472528198,5.888919122248393e-05,0.003846981803687391,-0.003941308261276298,-0.00014491303846618855,0.00934752020419568,-3.2371100762354846e-05
2022-05-20,0.0012388432404985261,-0.0014285947109120183,-0.0015763031249346907,-0.005828444839680005,-0.004491492905177252,0.005771969210737917,0.0018855679392622915,0.001196001222057969,0.0004416193729649043,0.002149791239591539,0.005367290654171215,-0.0017903075945267053,0.0019338518968933151,-0.0015600688213217777,0.0018923596346368263,0.00023737717305974876,0.002689467310326973,0.0018373632103573265
2022-05-23,0.005556108588010077,0.010256394607355218,0.012285704871707857,0.008623625238772638,0.0017524464179259677,0.0037626816457076474,-0.0055616110567303,-0.0019238344939429396,-0.0003363294152108415,-0.0031132325073336535,-0.007693020447075332,-0.0011699682499351906,-0.0021127200785758995,0.0001969209584518107,0.004053227517786938,-0.001387051002858579,0.004358374588595242,-0.002347389670562329
2022-05-24,-0.004463292742534801,-0.00446928221241951,0.004767199739999751,-0.0156583039762705,-0.011138866096424406,0.0022343171604408815,-0.009783920903506063,0.003157463563028572,0.001254454266697022,0.0021582831140989044,0.006741338885680778,0.0011053470339060841,0.004463255746425013,0.0008091456070385026,0.0006882886628793742,-0.001661077789573865,0.0024827636441048058,-0.0005992131019066267
2022-05-25,-0.0005096511444876326,-0.0010634799271031226,-0.0039156077172120985,0.004129720232983374,0.006910575242689235,-0.004731459911368116,0.0021524517510478026,0.0014664285902602258,0.0002753932215435671,-0.0003029766882236321,2.2769275609357126e-05,-0.0011071104660827248,0.0032911749451678277,0.0054332172813942,-0.004360753101570346,-0.0014015666282239762,0.005804326526777462,-0.0003670586657604979
2022-05-26,0.003970208092898993,0.008256782973767344,0.004971088325678276,0.013727462398643238,0.009527069281253058,-0.002050402263634704,0.0008082666465181552,-0.0018763077291782872,-1.6554490758213152e-05,-0.0006552533820242256,-0.003218836091893578,0.0031966800671399983,-0.002960156818797726,0.006999387828563019,-0.0036985371035874867,-0.0001797913717564211,0.005155638667364272,-0.0012769250789098179
2022-05-27,0.0059338672242512675,0.009842771702435232,0.0030388096211565203,0.017149232055653302,0.009176248782109226,-0.0016323372368174695,-0.004347927152209819,4.0126499466395247e-05,0.00012054000857400829,0.0007773658318347143,0.0017114779622863533,0.0015317418537284884,0.0011961653702516114,0.002029640558059308,0.007609579215824787,-0.0014426978355915393,0.00524936644387339,-0.0016955995117741106
2022-05-31,-0.0015099444368085147,-0.0018226241827844834,-0.002019536840905149,0.00028391404620124565,-0.007687289430673693,-0.003929599181196847,0.015518040573283452,-0.002655151380752977,-0.0009028635172565078,-0.005820017831609143,-0.011544914282993333,-0.002990403599405782,-2.6298034882861476e-05,-0.002934037955878297,-0.0004664640336163074,0.0005922904632594105,-0.002081861342362319,0.0012173848046990753
2022-06-01,-0.0029058792066062834,-0.00558627042640478,-0.003514714434851451,-0.004764791602521355,-0.0023854060040861703,-0.0038852356203913467,0.001010278404376265,-0.002338617708994969,-0.0011279812091947831,-0.0031499549820989104,0.0018145572563261518,-0.0021901434359974125,-0.003428957254905347,-0.001410594641746888,-0.005131384159277119,0.0020303471788741152,0.0037599469149296504,0.002557218529719298
2022-06-02,0.006836217971484282,0.008812663841933011,0.003959756128126287,0.015749924564601593,0.011968167689714013,0.0051949714324639375,-0.003234851052439286,8.54846783353454e-05,5.3687206712460696e-05,0.0007377975434383764,-3.855677943516531e-05,0.0023522282555362385,-0.0015741289410344736,0.0010048353551727362,0.004596012567407843,-6.944992268112168e-05,0.009768219100316795,-0.0012847224686805487
2022-06-03,-0.007934674948467018,-0.007983319146780932,-0.002492737635418024,-0.01604619011320285,-0.0001159280677310217,-0.005079414169184598,-0.007796372603929111,-0.0010904942092177872,-0.00026904900780113766,-0.0021162486319419535,-0.003434847128020062,0.004948859975714295,-0.001006796167103884,-0.003175207751172542,-0.00436827566227207,-0.0006912934357998727,0.003242960872637833,0.001034062401594535
2022-06-06,0.002176813328892471,0.002026744248713616,-0.0007965458007233245,0.001897487819035113,0.0025773703422463474,0.0023547160490269958,0.002463770052268484,-0.0029287383890979554,-0.0007162966900372064,-0.0030396954120274714,-0.008663596322794091,-0.0031358663728700466,-0.0010009241593620533,-0.004274893264656652,0.00017175610490152097,0.0007256476993218889,0.0033552801296094963,0.0013440092612370348
2022-06-07,0.001827407810762855,0.0035774098322975574,0.002613986840177906,0.0019702450723626313,0.009182518051170211,-0.0021117841295894453,-0.003398961104814368,0.0017719388891160258,-2.381018124684062e-05,0.0017939736062568172,0.005100915491909144,-3.12283194200489e-05,0.001228425103313808,-0.0006598419725049299,0.0028729090880298524,-0.0005535589760986281,0.003960105370669973,-0.0005220842526099643
2022-06-08,-0.003072352536951415,-0.003744485436517693,-0.0013519158799242892,-0.0012933607672658666,-0.006705005265767849,-0.008098090835656277,0.009387469836694494,-0.002295345895028774,-0.0004409218397862079,-0.002104921448300521,-0.006198091871930245,-0.001506309962295708,-0.0013034216954241166,-0.002792007279843557,-0.006912586116394202,0.0018213793110147636,0.006508135308894726,0.0020271791120424123
2022-06-09,-0.00914010496787268,-0.010968516819811364,-0.0072412897671177805,-0.012972021156991743,-0.005531380753276532,-0.005481241825647713,-0.006466758890519064,-0.00028179622656650206,-0.000526503954621981,-0.0010591128978969708,0.0010927167557760247,4.390648989905787e-05,-0.0043571391765876745,-0.002372965713110735,-0.00910581594387748,0.0008981440390831812,0.0032922233984678147,0.0023448288270070438
2022-06-10,-0.009777850744091977,-0.014052970895477801,-0.012761010377495205,-0.019521682757257568,-0.008492250047439514,-0.006831010370443896,0.00887160017168076,-0.003947215472220319,-0.0027708176006194084,-0.005766553370694084,-0.0032074476021808646,-0.0005746194574206172,-0.0027931503402489864,-0.006229819588725954,-0.00596071487801093,0.002990569824787983,-0.005330886964542063,0.003890442239939211
2022-06-13,-0.012856840833282115,-0.01437163350674214,-0.006125994953137551,-0.021209094604930798,-0.018783022265761413,-0.009264792703720822,-0.007837520977517803,-0.007891133013694821,-0.0032380860967106736,-0.008213326324978095,-0.014680976330671724,-0.007848870775884495,-0.006358950445139889,-0.016450357218115927,-0.013532641512473124,-0.0020818929111452306,-0.0008334448264527561,0.0024577087712370606
2022-06-14,-0.0026225149520394345,-0.003838416306986835,-0.005425000652756257,0.0014358771087764422,-0.004786496278666296,-0.008935201972103603,0.018785893970956376,-0.0034849791477510363,-0.0014358007892085825,-0.004099345680238361,-0.0038845060317176574,-0.009182427089008731,-0.0024101455237837298,0.00524785967638501,-0.005397012305946707,-0.0010503040014438157,-0.0011088655950151662,0.0003641097465804147
2022-06-15,0.004079694994139547,0.0042081521322540425,0.0008186845972770716,0.0134375343177785,0.0032694639198086253,0.006634913981288704,-0.0005399496679680746,0.004736747415218824,0.002347244105900541,0.0058805434380255345,0.003969638257653365,0.007223556922765549,0.0040156486667820394,0.009990661077584746,0.007239380145664932,0.0004134422510443207,0.0003668947283813678,-0.0012948407966457591
2022-06-16,-0.010200305904885312,-0.011179196947752622,-0.0025612512048780317,-0.015156387442466685,-0.020843498504785864,-0.006797879189553241,-0.01246690187262343,0.0014806879338820685,0.0007170385923789853,0.002874059247979078,0.00041753053968923183,-0.0045088768626259015,0.0015663453069691198,-0.00857869047812716,-0.006698965798218909,-0.0016016563830644915,0.008221605648811404,-0.0016668570055099509
2022-06-17,-0.0015621951087198738,-0.002405994148915359,-0.005610081981735198,0.004508284363398802,0.004276372969444152,-0.0016759676559493868,0.007575686543054254,-0.0007685128838194263,-0.00022321282182484795,-0.00031635092362025793,0.0005329942149414563,0.0014505384656356114,0.00023554741634571248,0.0019296010748548781,0.0023896893981392667,0.001980832654075608,-0.016371596451083634,0.00260752007313922
2022-06-21,0.010448644685415707,0.014680575344683878,0.0122093212567713,0.012787272947907187,0.005020602067712935,0.002113223333402475,-4.632129587215511e-05,-0.0019172504945957122,-0.00017098163623689624,-0.0015424866944739814,-0.00697578615933842,-0.0008036451309378924,-0.006097541650546019,-0.001428088245659486,0.007047908823282779,0.00048521390605406074,-0.0014622950391562878,-0.000902696034205416
2022-06-22,-0.002521147208754301,0.0005395512271249583,0.0007337892038543296,0.00046821191395156293,0.0010882458262237442,-0.002692436979383388,-0.013201044968627089,0.004432351047740515,0.0018900910596027145,0.006310494348828366,0.014194783802485355,0.0018145016105790635,0.0009732771466288538,-0.0013111563295040496,0.00590838802931333,-0.00023520437375254728,-0.005808183947134973,-0.000998971964446539
2022-06-23,0.0008435008713933226,0.0031893413209299597,0.0009587696948282678,0.0067597117577016235,0.005191503018497338,-0.00454674884867381,0.000471372439972017,0.001790439641523311,0.0004388730330572637,0.0028980610900471468,0.0021920837573973203,0.00161916150604176,0.002852189869156808,0.003043548672501579,0.007363008793682825,-0.0010549714133570622,-0.010160403634322482,-0.0010288666966396264
2022-06-24,0.012186838709770092,0.014512789449676565,0.010564733389386169,0.014366526437168268,0.010678702317947614,0.01126380851196709,0.0010313623123838975,-0.001425318207844748,-0.00011821901145571943,-0.0016136292248029728,-0.008350899234116322,0.0012432116775182643,0.0005448453836365791,0.001483134338938652,0.007263539118126159,0.00018049853286644722,0.0030045349515952363,-5.4848633552808876e-05
2022-06-27,-0.0013094832237303788,-0.0015189932337325513,-6.346405644850044e-05,-0.003769124618438153,0.00547563280534263,-0.0036915473906461767,0.0024149860387575285,-0.0020332465949455037,-0.0007486311636280844,-0.0025596725245609496,-0.0011687034672500695,-0.0042807374923096945,-0.0044455851013770935,-0.003171510152154355,6.874385579329258e-05,-0.00038307909013465683,-0.00032016461414143926,-0.00026503307524281894
2022-06-28,-0.006123769496684266,-0.012020228195320923,-0.008083635428436216,-0.02058275710113033,-0.009654710788748614,0.002303512475683578,0.0027442673742244586,0.0006308117566311541,-0.00014615745658029758,0.0006943052928069044,0.0020926579362527146,-0.004364248145032454,0.0011129357508113595,-0.006782235265446855,-0.005257199361950762,4.730037303002257e-05,0.007814508609478039,0.003684916244112166
2022-06-29,-0.00026769930278714403,-5.081077843304598e-05,0.003764855444228503,-0.0016877187352890505,-0.006925771209695794,0.0004290497749244414,0.000517638307413343,0.003296115677920856,0.0007841082132424358,0.004318651053370476,0.0061206903330512895,-0.0037244207616994726,0.001744652965455994,-0.0017048648699501848,-0.003215549583638014,0.0014404561163990403,-0.002959934996099159,0.0023587602495579243
2022-06-30,-0.0025072090532792966,-0.0024963050583793863,-0.0011675074771701592,-0.007233372260017529,-0.0003011717843414939,-0.0010822424920161047,0.0018357718524218709,0.0027139308684642977,0.0011341735584048619,0.004196002789004838,0.002582250726727433,-0.0015870146280743663,0.0007801461233490695,0.00039272480065657793,0.0013212669059371649,-0.0008421552933509605,-0.012067002942441639,-0.0008831935894264768
2022-07-01,0.0012645865470976864,0.0033022671369291557,0.003144534815338736,-0.0011817144233592777,0.0029022587489944632,-0.001074289502141367,-0.0114946701068783,0.003705548630436802,0.001968867266295782,0.004815606248528314,-0.0011726859673037715,0.010527939524277177,0.004305827515414496,0.0028067516532805023,0.003916594312791531,-2.702727760839612e-05,0.0001192706543146618,0.0005575742758402022
2022-07-05,-0.0012548600271702352,0.0006231390671833249,-0.004065000575920916,0.010380069570785565,0.010314920691675217,-0.01274356514638764,0.003239882607765615,0.0012582184404763912,-0.00014368161019152274,0.0026069117077470202,0.0031970299083015725,-0.0008945589205674154,-0.0014401255261088455,0.000333570716258533,-0.000448059164925926,0.0014242207265022754,-0.03184725516177436,0.0021866983519171646
2022-07-06,0.0010468828836451062,0.0017266668121183762,0.0002535834075411245,0.004025767867186389,-0.00805171642024099,0.0010613627043521675,-0.003722200327607585,-0.00384014842362012,-0.0018819723830960618,-0.004015101517022554,-0.008829943686741882,-0.004737744802345303,-0.0009062826063697856,-0.002626036970164218,0.001144607019646463,-0.002577959137027323,-0.005923561451280736,0.0006808182646007859
2022-07-07,0.0028636161228293537,0.0023829310494728386,-0.0012926754124839325,0.0091971601346549,0.008122347845154122,0.0021303973333447954,0.005422106125072424,-0.0020549158511013787,-0.0005473140246198136,-0.0040824269870837395,-0.002781938668099178,-0.0019515551292662715,-0.0016389990050390427,0.008650404384047464,-0.006164891660005016,-0.0011371499721239105,0.02120638149199029,0.0009513562864124022
2022-07-08,-0.0019479096221726036,-0.0014064868441535081,-0.0025249577347767243,0.001659453884993735,-0.001130206332726781,-0.000818021472759965,-0.0018504047339850602,-0.002636017431298934,-0.0008931759978074575,-0.004200756344125722,-0.006978606204611088,-0.00023494937260795028,-0.00025911440716022,0.00015490189870844234,-0.003483260350547533,-0.0013387388716222127,0.008930715539591403,0.00032382017886577836
2022-07-11,-0.005507492795608561,-0.005909303410975268,-0.0004475958178711886,-0.015325417643175063,-0.013429227662374522,-0.004118256317431301,-0.01315504916646677,0.0028289326655002375,0.0002604329545441978,0.00480241131836433,0.00813622906680943,-0.0007469487202665989,-0.00033718096150515964,-0.004552522495756833,-0.0022952990998666295,-0.000729977244046151,0.001654111650543339,0.003758624014216309
2022-07-12,-0.002043006509877713,-0.005432219863246369,-0.0018057624046934535,-0.007524539672981815,0.0026446735503719322,0.0035970026231088763,0.0036025377822462195,0.0003057190295914691,0.00011786723732958547,0.00043461235324930266,0.0018574998718922063,0.0004912320240893888,-0.0006096573780626519,0.003964790449421861,-0.0006531955958278515,-9.74112845999655e-05,-0.023578033707276194,0.00033432136593942183
2022-07-13,-0.00336351492001728,-0.0036852962230369633,-0.005531735395142935,-0.0016237052804551758,0.0026478812962455445,-0.0005076610980354331,-0.0034589724604544396,0.0015623170552394859,-0.0009896840029788628,0.0014174890982369447,0.002047895354674617,0.0021644175235890585,0.0035713504180117832,-0.0007064855129785462,-0.0020419408079702136,-0.0019363318791818492,0.0024361324617508872,-9.609188704009673e-05
2022-07-14,-0.0031735933879518266,-0.00041167293930421305,-0.0025695592248406486,0.005188883627667069,-0.007773874195214838,-0.008837147177638996,-0.0027475065798152065,-0.001991930912736915,-0.0002036879416745997,-0.0036487666198794025,-0.003787109223680066,-0.00037209783181450665,-0.0035353883376510772,-0.0004905728906065571,-0.0031451747953933004,-0.0006140156474776261,-0.0035861321858125543,0.0015725534704901468
2022-07-15,0.004632763134448551,0.0076001451528841715,0.009776180750234592,0.006064273940984424,0.007557127511557323,0.0027051262169351855,-0.009489437881446737,0.0013690828565963561,0.0003635098665061478,0.0011990396923666283,0.0016690834649660943,0.00300835245529169,0.002269916218482655,0.005317933602539959,0.0036351623734821887,-0.0033950758108234015,0.005823494441930872,-0.0025264958038299107
2022-07-18,-0.0016461850733292544,-0.003967664748946652,-0.002335801520157732,-0.0029811196083957695,0.0007323816461415104,0.002151170471339594,0.0021662550158140772,-0.0014443811921958727,-0.0004471632495903064,-0.0010905677835193548,-0.005659060039528612,-0.0007857030999585695,-0.0022601643932518237,-0.005033978505886776,-0.00016599737637017047,-0.0012162820828792572,0.008621718883336436,0.00010525203249603984
2022-07-19,0.008005202254600222,0.010402743732763516,0.00785788372140097,0.01326868299949369,0.016091429807008912,0.0090436301396945,-0.0025326225866470833,-0.0015015300909209533,-0.0008162182284948326,-0.0027615439317781824,-0.0007752629426531271,-0.00020382614253844746,0.0004959040819466683,0.005814377665826025,0.007550246133364368,-0.0023232334536495815,0.00018034854261241842,-0.002478045162142913
2022-07-20,0.0004742689209348912,0.002622758720071303,-0.0016161205393908354,0.010902929825134834,0.011796884661990284,-0.008083280765344677,-0.005963991670169096,-0.0008527984883417534,-0.00013363930812017338,-0.0008027354388983523,0.0030907957813329483,-0.0007940369889999749,-0.001814774860024862,0.0024009168463392317,-0.0033796852748565575,-0.0014660624811209284,0.0008845488365084777,-0.0004054392148416155
2022-07-21,0.004873817275707281,0.004904280191436329,0.0011815946496600387,0.005939668738019712,0.0009103419368305613,0.005075812720875662,0.0059045086456573715,0.0036276417061719517,0.0017240361012868409,0.005143808412155371,0.004600261127212835,0.002026548061821262,0.004953620209462297,0.006406456513057545,0.0012974013536036812,0.001681348477711033,-0.007281493825251343,0.0006360175593009142
2022-07-22,-0.003266429720429946,-0.0038275931766548095,0.0015087920674274752,-0.011606753535583717,-0.009644227260515963,0.0023846607703954387,-0.004941622071024987,0.004323868636717091,0.0016273702971420245,0.0057243980446426476,0.004773741632734295,0.004432977352721615,0.002707765142139708,-0.0010633903728364015,0.003980031912067697,-0.0007342261109927807,-0.0062763858476302765,0.0005476232100507853
2022-07-25,0.0003439549018086673,-0.0002735069941496198,0.0009707025837072144,-0.005394419446734511,0.0017676077600905261,0.003751237248103366,-0.0015620378975565626,-0.001903805603395079,-0.000583099841148769,-0.0008829799325304013,-0.002826187045695018,-0.0006428535145463711,-0.005141317739651995,0.00010554801684904989,-2.638270391367402e-08,-0.001282643474683032,0.007884891082483489,0.0005858583771347625
2022-07-26,-0.006096833812266121,-0.007596852870574351,-0.003819145185796784,-0.013669457861122001,-0.0023545334761939127,-0.005890839462291287,0.000975785856997988,0.0001587167472938231,-0.00030936730428567945,0.00042694269524996055,-0.00019003451152965604,-0.0001129384432000269,0.0007577315164012529,-0.004813389662531793,-0.0005400927530900268,-8.229915142052855e-06,0.0002786253681971024,0.0030126129039493594
2022-07-27,0.009493764425642589,0.013635154227132306,0.0028866507379681078,0.02674910655845012,0.008922997465918642,0.006745994737144087,-0.003010016724715632,0.0012924351750468648,0.0009838212384889653,0.00010344227602173284,-0.007563659921675413,0.003450875684537441,0.002443520570467387,0.004938295714765973,0.0005468935963895642,0.00010241780216523055,0.012004322463221404,-0.0016859600365759777
2022-07-28,0.0022632403862613325,0.004264451657786522,0.0022143710983045916,0.002570586038600731,0.002412282783847237,-0.0006933595108621037,-0.0020712629656578834,0.003738274030757516,0.001397282331928216,0.0058184347269248995,0.0008562906918192816,0.006609679880269166,0.0018145122903903306,0.004101532272737706,0.010781086022647868,0.0004430518001281251,-0.0025555443293663947,5.093476442336433e-05
2022-07-29,0.006173018050249069,0.009001768255850081,0.005392097134982204,0.01101530507648382,0.0014752618898601876,0.0064899193501272495,-0.013702744035851495,-0.0007170588986376367,-0.00013116660256528545,-0.00012015114717873207,-0.004075139900735769,0.004099747285107098,0.0004175593155270967,0.0006004303900930576,0.002877131393496722,-0.0009660929368368507,0.002074057950649317,-0.00125902730576324
2022-08-01,-0.000491036217898299,0.0003887384200748551,0.001955658164051525,0.0002216655032007014,0.006349891501351473,0.0030905537693192283,-0.006115416706505505,0.0014812756180899566,-0.00017242180160336758,0.0027212229420207207,0.014973733436084727,-0.0010444949689911247,-0.0015205935794413853,0.0015706383014762143,-0.002105175474457077,-0.000508111570945196,-0.008078319146335637,-0.001068050857761366
2022-08-02,-0.00274022014497826,-0.0031476629929047483,-0.009594046268447072,0.0017370390084517828,0.0030159722635244328,-0.009780846489069238,0.0047074351425280304,-0.0055923361809176305,-0.0024132529030749896,-0.0072986313908600655,-0.007967154521519793,-0.005820804129691783,-0.00483222973850757,-0.00125570644431888,-0.005778554926640629,9.473901657050272e-05,-0.0017677000923639317,0.001579366170743138
2022-08-03,0.004776552563936522,0.006453604218750714,0.004507110060147283,0.01323528652440619,0.006878791351078769,-0.0005116964150507696,-0.00035427035686109824,0.0014222296633581589,0.00018179223982951065,0.0008824173682527156,0.006574415310856712,0.0023933085561824775,0.004374707289197102,0.004202813232068694,-0.0011044508729299357,0.0006963907503245428,-0.0034386025873845184,0.000666426389579792
2022-08-04,0.0017255998417267824,0.001017272184299569,-0.00015153581419263297,0.005552468086605152,0.00048038123877230726,0.0034240488207106833,0.006024576381246306,0.0012387235945949667,0.0007636659555542855,0.0030843393011799306,-0.0029622436132071234,-0.000698110121554899,-9.327207365415432e-05,0.002410526972786587,0.00018022479066982398,0.0019410609362706735,-0.0042274712276825326,-0.00019198346521572505
2022-08-05,-0.0027472818675185195,-0.0033302235763663216,-0.0007167259283642883,-0.007780964678933135,0.004524891919072564,-0.004941313531552096,0.005199264885019382,-0.006062030953038608,-0.0027953338559229437,-0.006849997340262931,-0.00843574158866061,-0.003918561924482344,-0.005499521612516441,-0.0026229291749304664,0.00023172729364895426,-0.0004203409977344835,-0.0041318431892994004,0.002288550918401254
2022-08-08,-0.0014403215074797245,-0.002449619632249748,0.00027534832590556764,-0.004024782997871686,0.00820727573279078,0.0004292856867375678,-0.0027723893935544565,0.002409205525164243,0.0006144107002250506,0.0028649769005872215,0.009356620829325627,0.003447476163148475,0.0006011136938540752,-7.823303420458993e-05,0.002050679683479731,-5.2779475000585066e-05,0.0042082385654681614,0.00040251011558980034
2022-08-09,-0.0017335651030881412,-0.00032587183651065907,0.0015929851456041142,-0.005359099159186126,-0.010753188178327357,-0.0029862631321627255,-0.0010336957357118268,-0.0008174782689741775,-0.0006367858227719287,-0.0013567236472989833,-0.000718207334665065,-0.0017719867451326218,-0.0015977001269141412,-0.004574531713475686,0.0045976513768977035,-0.0009852318604659377,0.0039910493207522095,0.0002490814614307174
2022-08-10,0.006810209023621937,0.008788514981557567,0.004326434107182371,0.015691357095318034,0.01420003745877832,0.006147284636056516,-0.0042799691016631,0.0010632547746646836,0.0005400268577514813,-1.505893931149976e-06,-0.004917550660565955,-0.0026314754218925472,0.005500624144610743,0.006656088612507469,0.003069979824898308,-0.003586720390079183,0.00839109618065979,-0.004514817636172021
2022-08-11,0.00038396687230147315,0.00048805958102091107,0.0016375814594774083,-0.003154235248600653,0.001760798268037403,-0.0014755391947910887,0.0013676024919476461,-0.002459984345796433,-0.00016681313862507244,-0.0028176147927710237,-0.012572824371610291,-0.0010720323352237941,-0.0037478217931927365,-0.003733796330243435,-0.0009793367626604326,0.00047191096193080267,0.008810137200916899,0.001236810864060806
2022-08-12,0.004680687795558256,0.0059759051481597,0.0021360070712523067,0.005960439774307845,0.008872521946438526,0.0009951980301282958,0.003113703832953568,0.001858212220573086,0.00011665573303177868,0.0015313114050367269,0.003539223149774575,0.001662412667402433,0.005509379945621509,0.003267843989921129,0.0030292395790165356,0.0013505224538223632,-0.0031396741592467367,0.0014688697525821522
2022-08-15,-8.096435418673782e-05,0.001965741440662575,0.0026900741875421786,0.004529493184275515,0.0009753765993453169,-0.0032523694451053976,-0.0023077018850570716,0.0011034553806620975,0.0006735757364929405,0.0028997125486074507,-0.0011397789683240923,-0.0008534039450984107,-0.0005836180474447025,-0.0018924668132096964,0.001737851509120804,0.0006283010204121454,-0.004434193071513014,0.002403928009087803
2022-08-16,0.0010568775324179425,0.002743397023743298,0.007997020869010434,-0.003200030544715795,0.0015758650787893484,-0.00048548976096866967,-0.001428017042339421,-0.0009813174138782331,-0.0005960235110522728,-0.0006912387476325111,0.0036790050755323924,0.0008154435025444094,-0.0026228924792622427,-0.002077303162849455,0.001295948447956342,6.524078552599499e-05,-0.006051510824911912,0.00010310584409784678
2022-08-17,-0.0018094734105819233,-0.0009953549403529322,0.0010982849673746003,-0.0038478556087376,-0.010872573533646205,-0.003320256754054505,0.0001919174204206269,-0.0032628946682071273,-0.0004761875332203272,-0.003790273590312036,-0.0038319268448651165,-0.000735094182080418,-0.003623499410468218,-0.005248824627185804,0.00166323386344605,-0.00040462716728599177,0.0017831650327207959,0.0010628268311017428
2022-08-18,-0.0006748028633382132,0.001261950762324527,-0.00034773026384385527,-0.00010343338126461276,0.0042462324676396275,-0.0015537804186479946,-0.005680387217998832,0.000901459672275643,0.0010606996163696853,0.000257020844192269,-0.0013713111293559978,0.00288739579064797,0.0006132974432548795,-0.00031936027830480637,-0.005973341775232203,0.0013289318169189658,0.00822868519993368,0.0031737788144377225
2022-08-19,-0.00398861996885117,-0.004742922909842405,-0.0005544377947654909,-0.008513702684257121,-0.012834337429295278,-0.003818665870065628,-0.002236843794441671,-0.003899890576962266,-0.00038263584840824273,-0.005230390732400078,-0.008080403914940866,0.0013695393612351984,-0.005425579441806978,-0.004993135138486873,-0.0011956114112402112,0.0006919869247795293,-0.0007380905138354658,0.00280522856042083
2022-08-22,-0.007251433129747496,-0.009743343610502093,-0.008342598143424525,-0.013988797538265074,-0.00803809592859294,-0.0047674918509732125,0.0037215399163692143,-0.0024292822716278327,-0.0009044453880520751,-0.002874721569898619,-0.0017170362111420927,-0.001009447347153244,-0.0024028809505943997,-0.005138276453312123,-0.007215551384125074,0.0003077900770030303,0.0048682860396557625,0.004198336941702064
2022-08-23,-0.00015513372559175411,-0.0006525029538488204,-0.0031864946475410032,0.0010738184855340858,0.0036426863336610823,-0.0013136357206820545,0.00275504446385333,-0.0006831653115000236,0.00021985243951319134,-0.0029754384341904557,-0.0053024648198416015,0.0007594865239932757,0.0007685180219307506,0.0019352293525757164,-0.006475307964655583,-1.01639658421325e-05,0.008541478627068376,4.600573119644281e-05
2022-08-24,-5.23683904823948e-05,0.00044269456619196656,-0.0007304324127014785,0.001275837448147408,0.003554533275027378,-0.0011223919029305389,-0.00260325631893355,-0.0017702787467858564,-0.0007916304033170709,-0.0016491064096656718,-0.0036269363800874566,0.0006269452909412985,-0.00197104438494339,0.00018773307974921053,0.0007480383956867476,-0.0006064029736520737,0.004049670566610684,0.0005384985882359898
2022-08-25,0.005352347636055891,0.004756609779484481,0.0015994329541284252,0.005058737776486098,0.006409705931709657,0.0016666064120268165,0.010607644165561867,0.002601171839560056,0.000274912672682732,0.0031725143744277895,0.00599167538621957,0.0005686718852312873,0.004498459298240137,0.005223418836012877,0.004854942822444305,-3.1298231824750285e-05,-0.007257631645123809,5.178197025966676e-05
2022-08-26,-0.011397921520848689,-0.014826486533695758,-0.012678079790938369,-0.019161187099005567,-0.011540903258953485,-0.008731280626281944,0.003489397910037821,-0.0006412375436828674,-0.0001842164647097376,-0.0016104104558039454,0.0053812508316261574,-0.0016423024065174196,-0.0015408135091605699,-0.007273923451846107,-0.005558109462719084,-0.0015028012914171263,0.003419335198807664,0.0021978876755126115
2022-08-29,-0.002556524692398035,-0.002366698665717531,-0.00197827190565699,-0.003667858011886298,-0.005279940358284936,0.0005481582037111295,-0.002713895637457176,-0.002895776120585945,-0.00046733158049303664,-0.0033067243232272918,-0.0023997133964722087,-0.0021899798666480783,-0.003805972404190155,-0.001867754350798914,-0.0035021742256324045,-0.0005907588391705311,0.00829169897124595,0.0011809760165096199
2022-08-30,-0.0023489460483260213,-0.002969141613861987,-0.0014754225696968753,-0.004608642506541524,-0.00234976520180712,-9.53002776667173e-05,-0.002749577687064445,0.0011720479254496157,-0.00046970169238702374,-0.0013555551342217384,-0.0015562033312896753,-0.0010003291993871811,0.001617157846816071,-0.0037242729534251832,-0.001620269938743337,-0.0011970691581300805,-0.011229642121283731,-0.00023940102323006873
2022-08-31,-0.0017981330806650271,-0.0025168393780027375,-0.002526865987154208,-9.078875219892257e-06,-0.0006697800678523236,-0.0032298890306929977,0.008881199938507701,-0.002739252642480205,-6.787913264249027e-05,-0.0013178802791085987,-0.0015858090546747687,-0.0050112398950678825,-0.004896208567130512,-0.0014350820679845224,0.0012249131127735104,0.00011202923634744989,-0.008834734396480963,0.00028157472519052356
2022-09-01,-3.4737683346549014e-05,0.002172308663812042,0.003146451490999974,0.00021744050982011674,-0.0120302644739997,-0.008363791407596752,0.0020784334769309437,-0.002103528624658415,-0.00043647253201596105,-0.004528981040914752,-0.009807537862050013,-0.003090472501897635,-0.0033095184211960225,0.0011537986107386163,-0.0004744641580690786,0.0006500009924494399,-0.00859121140131689,0.002116187693145084
2022-09-02,-0.002447459892037455,-0.0037787150807764274,-0.0035000642080479476,-0.006961701592435163,-0.0003135503932886457,-0.0006921918700516861,-0.0035795486478643395,0.0010893466137033429,0.0014050536708854052,0.002171987802383676,-0.00011460781808409967,0.0032619518931870013,-0.0013503547983740364,6.86540597485346e-05,-0.006925902105535571,0.0012115690577507825,0.003878614734056249,0.001997954891673561
2022-09-06,-0.002445004651833917,-0.0026024102851325993,-0.004824142345446977,-0.002085043116632832,-0.010574672349657767,0.0017652799080384637,-0.003085549879788837,-0.005072850941515509,-0.0014129598420092918,-0.004978388185341463,-0.010299538603244724,-0.003613362713377163,-0.006892092048820419,-0.0016463058563541137,0.004043225616734633,-0.000716416131282191,-0.003257684195931707,0.001973288277821021
2022-09-07,0.005357238742095333,0.008290469447426075,0.0045912879658269595,0.008208082904001046,0.012374966880016349,-0.001039032451392287,0.00015884156934890814,0.0030656473554642174,0.0007866175224813898,0.002152155252204715,0.006715295548518029,0.0016802773806076452,0.0054595696315888845,0.007371605639245805,0.0050529605369628566,-0.0011459832640770776,-0.011890499770107412,-0.002937876453527182
2022-09-08,0.0014774910149706775,0.0023131306997167525,0.0014844900256015692,0.0017868552171374846,0.0032850890461384235,-0.0018224990596389734,-0.006067474709336189,-0.002027229678939026,-0.0008708923307736986,-0.0013134249227577037,-0.00480557002877887,-0.0035699749689889733,-0.0015531193375893679,0.0015844990165746055,-0.0016639960189468502,-0.0017866882432011422,0.0031827711063288234,-1.0326856224983881e-05
2022-09-09,0.005474206783683539,0.005320173964729986,0.00288578964526574,0.010462248062204575,0.008136072805290365,0.010311219579051845,-0.004807825435104645,-0.0006779879623117004,-0.0006220631015857406,0.00044552027014678263,0.002413375105409116,-0.0013123516319284547,0.0007892403318262189,0.0010014163849445517,0.003243851625229866,-0.0023764887693096884,0.013236135001430685,-0.0011859977210278549
2022-09-12,0.004294005477061585,0.00453240269160752,0.0011157963536638608,0.005975138486340865,0.0038218554349797283,0.004280064053173098,0.003392880838653675,-0.0008679322536746525,-9.682396470134164e-05,-0.0009125647728403003,-0.0033444434918005854,-0.002468851597146321,-0.0011976587003898443,0.0011800471904993921,0.0031422104848001006,-0.0008001358627686122,0.006368627678929172,-0.00047245132606825793
2022-09-13,-0.015035513275089545,-0.02088108903978152,-0.018533789959599426,-0.030103071408567574,-0.011781677088362402,-0.00876536973647905,-0.0016703538412525393,-0.003050463219076827,-0.0024393816424696305,-0.004118696751317775,0.00017519169839504134,-0.0013479147563518418,-0.001606559245326154,-0.0112339509376497,-0.012231523857829513,-0.0007691712149662609,-0.0016701346227854501,0.005542427162165712
2022-09-14,0.0011403357260799571,0.002165866438494828,-0.0002506413008167678,0.003518192000001744,0.004147317995772735,-0.0006183648780497034,-0.0010480061618107859,0.00015979554716930976,-0.0007678901495912823,-0.0008376386900880322,-0.0014604601919778575,0.0007706850423695745,0.002495658702704312,0.0011068984141769439,-0.0047109536865522625,-0.001558224754601701,0.002693579428560099,-0.0004848819757037079
2022-09-15,-0.003020315597863938,-0.004042697681789718,0.0016666251902390395,-0.010389958056184338,0.003213620190891907,-0.002383856620254761,-0.0019320031214379012,-0.0017006152265610884,-0.0008733427643419989,-0.0023791578113891805,0.00047176035521619424,-0.0026121585619059665,-0.002014691661771293,-0.0021713387293516833,-0.004818231381480246,-0.0020133597341269113,-0.012683099075906128,-0.0005276801295901487
2022-09-16,-0.004422637688182553,-0.0038145982030643667,-0.0013513194993367188,0.00010702132870821224,-0.010828333614165528,-0.0014768193855187357,-0.0005702443069848257,-0.00045438085128195064,0.000230691592711041,0.000926832512899293,-0.0061366058147430905,-0.0028572389219510257,-0.0023432983417428863,0.002153183509638487,-0.0008243234719540306,-0.0005513003751083882,0.0003959122794687103,0.0006443296960749759
2022-09-19,0.0022251193517238664,0.0034046255207066077,0.002563956827203058,0.002364849428052245,0.004629149275501959,-0.0009438113341425991,-0.0009160078109366407,-0.0014752350680807555,-0.0008142330604673913,-0.0020713346966217683,0.0030105011621893566,-0.0040620809147035855,0.0006386350727276315,0.0016197822667577575,-0.0030685351804399523,-0.0014813814437224077,0.003196242957831092,-0.00022891601175067608
2022-09-20,-0.004406150158299805,-0.0034605342631800675,-0.0022297718999589305,-0.0007405743578603585,-0.004119774605585788,-0.009034363899708858,0.0016790546882608243,-0.0023768652057443,-0.0003192009157943072,-0.004325588390584776,-0.005904498469608694,0.00013207959733854257,-0.004970161837802817,-0.004576367424277337,-0.00812398667345876,0.001267652858724557,9.084736435271317e-05,0.0023905340429005517
2022-09-21,-0.006720655426977511,-0.010039697537036072,-0.009807853526743945,-0.011314537082699007,-0.0046848582978420775,-0.0010142178379365409,-0.0026847591966257783,0.0014264296876524158,-0.0007477519868405364,0.0010394017691426633,0.006619610125880776,-9.998219764523544e-05,0.00028716328500198165,-0.0012010143681132947,-0.008510139659490922,0.00044023094331418176,-0.001369066047619773,0.00456571105684699
2022-09-22,-0.0022214340570514395,-0.002864793838519836,0.00043371631320966546,-0.00425935666806322,-0.017020499680320832,0.0012076972873014246,0.0025481439562208188,-0.006049515180583132,-0.0011620910773597849,-0.008954144984286719,-0.010864502334440407,-0.005581926051210466,-0.0062100262332568275,-0.0027517019412414798,-0.0038540445816088696,-1.1413750672990396e-05,0.0029478262725524734,0.0019124594770511222
2022-09-23,-0.006930141059595184,-0.006831910177035824,-0.005997103713773211,-0.007253988475782529,-0.010666927242824326,-0.014059522448266817,-0.0034714864498811386,-0.002138054880144352,-0.0008388696609083031,0.001448364214629583,0.001268405239857019,-0.0023692055919460517,-0.0007918733534582703,-0.007089249809726654,-0.0032174752635228884,2.1116520502139496e-05,-0.014041945048826554,0.00462989764437389
2022-09-26,-0.0028145627683011133,-0.0028079160753763256,-0.003936910123184095,0.0018249359044526427,-0.004286264710723504,-0.004357479244409103,0.0016157585506684936,-0.007593047542035958,-0.0013479923915687578,-0.009964758420159888,-0.004942478124914036,-0.00873507996860787,-0.007990565356378786,-0.005639699756727147,-0.010483398419886339,0.0018559759440384474,-0.007718436617208292,0.004717567125008306
2022-09-27,-0.001775731748709548,-0.0002898560980232148,-0.002783417477230664,0.00412726777945427,0.004133952535975141,-0.005969934415490365,-0.00013817699618084186,-0.0015261413510811728,-6.638741086356203e-05,-0.0033523002653484324,-0.015188933260747228,-0.00236221079765559,-0.009502415405049333,-0.0007009766376353263,-0.007741025278805294,0.0009855280743163608,0.0053528736310797746,0.0014128191257483918
2022-09-28,0.0056133693663300045,0.00749845324758076,0.007838643603791223,0.0059956541292707985,0.017267281403896457,0.007693454912021461,-0.013070153205907598,0.008421013433052299,0.002737550835563778,0.01280825839380844,0.014245501075961911,0.007869605939785522,0.00646014597468092,0.008101498901716925,0.0021812284016718975,-0.001521875905837633,0.012302091632594237,-0.003849108450994905
2022-09-29,-0.005823193225544983,-0.006945342533330859,-0.0021215625039939234,-0.012730562569472366,-0.005207403902628735,-0.0010855747781747076,-0.006615534091250829,-0.0030637020922606364,-0.0010663240124056373,-0.0027314131208570945,-0.0012091460307034185,-0.010704391725449684,-0.003504661721454934,-0.00464002683728355,-0.011856822853009551,-0.002343732262954451,0.0021423901944063045,-0.0009309734796525372
2022-09-30,-0.005683854758660362,-0.010547521836872157,-0.012593407715268286,-0.00801949233955549,-0.003390569187396763,0.0014347983466934042,0.005084227058999731,-0.0008494678833131698,-0.0007217496958546434,-0.0009113152801172226,-0.008246196157373351,-0.004288280069517126,0.00023017869237827032,-0.0029107865751730783,0.005606938402734781,-0.0016829685764185908,-0.007215097728092949,0.0008573251185062665
2022-10-03,0.007835061518616213,0.011439575431386916,0.012421555490406045,0.005346574873009404,0.009656600108431761,0.004247429073406937,-0.0040348360904791,0.0030487603120651447,0.001434321888790959,0.00629093202248402,0.004036155142733738,0.00649873875125431,0.008560836919815502,0.004547452004646376,0.0009398377598517395,0.0019115561360196001,0.00936993819054502,-0.0001959426669581859
2022-10-04,0.011845345173470898,0.012060136694921928,0.010354692899589065,0.010873691777950629,0.01735137111722908,0.014949624292211562,0.0032236032410051622,0.0007474597238104875,6.737764352581372e-05,0.0014570929515405485,-0.001810134025081809,0.0015575695123267743,-0.00022896792683485372,0.012259685412646477,0.0029615308724491307,-0.00030578411423036293,0.010678317862272985,-0.003958944984747477
2022-10-05,-0.0025221530887068965,-0.0013141598987634403,-0.00044838485886914304,-2.9865840683520207e-06,-0.006313561192667617,-0.007258684478841958,0.003309077941240742,-0.0030969803924054307,-0.0005561449092692007,-0.006457704587230384,-0.003183462669277704,-0.006085075097396893,-0.003865899407501048,-0.00251551175093998,-0.011114274670868729,0.0008890599654096621,0.011677785010779693,0.004715979863050629
2022-10-06,-0.005366069985890279,-0.005582412330907192,-0.0073231189018916325,-0.0041069632432618455,0.001023578674822256,-0.009611825335208204,0.0027611011804729406,-0.0029690229826471555,-0.0009145183110331045,-0.004442446844526155,-0.004645849157285421,-0.002515848660652468,-0.0009267690790597635,-0.0012261515446031178,-0.0156303941161444,0.0014218238818200545,0.005024631961504444,0.004909174557404001
2022-10-07,-0.011694534311987866,-0.013704859273465573,-0.007934992516270983,-0.0204469982812518,-0.014044934049496308,-0.003077896584452058,-0.006475682284289675,-0.003241323691399481,-0.0009386754502518454,-0.0034023670265563846,-0.006973538842399948,0.0013477308626692272,-0.00518638535515331,-0.006053034087721904,-0.008790551880751792,-0.00210134048574199,0.004610989361313188,0.0025737600908027243
2022-10-10,-0.002777192651835355,-0.0028413388915246723,0.0010694064113119144,-0.004676807050519404,-0.0006036759792209887,-0.00035052101658087503,-0.008034205307559241,-0.0021021989870448647,-0.00019580312142682233,-0.003265894325289955,-0.00902024292742444,-0.002808430951381129,-0.003768393369542128,-0.008184802178229492,-0.002461434495879361,-0.001362452941869801,-0.004306415524852792,0.0017126110607554139
2022-10-11,-0.005234522104055537,-0.004419632782156569,0.0027519385024835936,-0.009534970184501081,0.0015178330060758548,-0.006926153255431168,-0.009259697489704542,-0.000227671366094,0.00020123135986151175,0.001140648927327675,0.002160454409668476,0.005396038424691899,-0.003700911851195068,0.0019487504569639998,0.002951779873515685,-0.001454885693560487,-0.009575098913185427,-0.0006102426839451223
2022-10-12,-0.0017772398779179986,-0.0018808582545102195,0.0013526861569523236,-0.00015379809675757376,-0.0005605562676336702,-0.002582812048927262,0.0009774491022314538,-0.00023125156108459916,0.0005932899173358417,0.0014802879002916995,0.0016617236570055332,0.0006690109812610763,-0.002588719062616697,0.0017387014882938815,-0.0061230865472098085,0.001198112906457511,0.0007968695640023045,0.0012901921241429961
2022-10-13,0.00774472185097576,0.012794794497192969,0.015282886725164604,0.008576902741238436,0.009591104818155878,0.004721772535712227,-0.01566783724286077,-0.002452503632956647,-0.0021352781565290467,-0.0014945240159328216,-0.005831308834544116,-0.0005555132675629944,0.0013546705038926354,-0.0015235452344535888,0.00663718857216415,-0.0048248023833303184,0.005286247604315671,-0.004239774349448444
2022-10-14,-0.009303031335579403,-0.011878487392853425,-0.0021371825348566707,-0.018222524394777166,-0.01345448374481232,-0.0028552662960505924,0.0005109457684158002,-0.00398651321422548,-0.0004472903231161067,-0.004607849891752455,-0.006045909727883954,0.003023448440265332,-0.006454642987031573,0.0006456676554939447,-0.009863038458413883,-0.00010214754098568368,-0.010325595874700848,0.0036104337207771434
2022-10-17,0.0088690162843485,0.010344131005098034,0.003198209092927288,0.01708683253490432,0.01268599979412249,0.006113524954728288,0.006149987999800256,0.0008449484372946359,0.000685264328539914,0.0006150521678175296,-0.0029786252583481297,0.0018887151505813133,0.002206626749337434,0.006169275842820061,0.016181985827174512,-0.0014649626177853335,-0.004488695664017238,-0.004095707756217931
2022-10-18,0.004134545020987888,0.0056049264003983044,0.0055480823383596166,0.0009306653243146635,0.005390637206657949,0.0024412193653165788,-0.0030262032265749176,0.0003955663683696527,0.0002653617457263817,0.0014504574920090707,0.0005343911232313684,-0.0028118350688143027,0.0026215778705701532,0.002761109993212536,0.0018628156647513203,-0.0008185736594455814,-0.003842151120236413,-0.0003819792158916112
2022-10-19,-0.0037649828551542088,-0.00137789498012992,0.001537455941410983,0.001665380221849773,-0.009812110121702987,-0.005271070980873483,-0.010376146032136838,-0.005375368141025905,-0.001231592301269123,-0.006417379437940581,-0.010146881281233564,-0.0016047553530389082,-0.007700287261459502,-0.00524733217609614,-0.01004119756845646,-0.0008047138155150516,0.0014859443449220524,0.0027907954186563617
2022-10-20,-0.0030004414589851797,-0.005694290027837594,-0.0009837643519541406,-0.0015997017372330084,-0.010421210758402102,-0.0014411090315354085,0.006687578016229304,-0.003896579578998247,-0.0007992375916638893,-0.004817242118703797,-0.010905854696554801,0.001056575878011239,-0.004252471503801968,-0.0023764901208614938,0.00018690685451999874,2.1312094703453523e-05,-0.0017644942764405668,0.001667761324301036
2022-10-21,0.009385760402916714,0.014118993838756907,0.0165968249085476,0.011204895811455787,0.009479656870166865,0.004912093663565337,0.00026531024600446804,0.0002240450045762931,0.0017460699179135948,0.0012602934158727846,-0.015557324316856797,0.0020009843603356328,0.000462447456245736,0.003914110813865307,-0.0001453466037678805,0.0030902727144171502,0.0004339861363182266,-0.002054670248887361
2022-10-24,0.001995853818656073,0.009804914989264567,0.010830725743743878,0.008711701893989166,0.0018882995167880455,0.0004859494088552933,-0.03574197272365276,-0.0016113142377643275,-0.00020102627254583256,-0.0010707837242612782,-0.007758314620477293,0.002752142085619561,-0.002101209651795722,-0.0024596860183903444,-0.0024733303014656672,-0.002466876298300202,0.0032617390196466455,-0.0016764687630944092
2022-10-25,0.005287763575687684,0.004993421213082893,0.0005544006126784323,0.009667865073144441,0.0141922928736741,0.008548548435294045,-0.00783942804987088,0.005657261944528159,0.000518333194617536,0.007704958324666668,0.018094346416218984,-0.0007641765754702861,0.005520907802688033,0.003918932300104796,0.01710673819140494,-0.00472081872502792,0.0019130213653670057,-0.0053718506475464315
2022-10-26,-0.0014242486927958182,-0.0060174386081596875,0.0011064487223210366,-0.01875250807661514,0.005791285574330103,0.0047372631050406665,0.010227628894776252,0.0027433931857383186,0.00043789069360688723,0.002549462465840597,0.009780508972926856,-0.00437825315261812,0.002151385022088102,0.0020080008981887033,-0.0025876036014493,-0.002200401780268868,0.008840835152099664,-0.0024790053089188482
2022-10-27,-0.004102466884916351,-0.005388898470116522,0.006463744266413631,-0.017283570222411084,-0.0006684891209571182,-0.0050819574358940784,-0.0026873775612812024,0.002461415596483236,0.0013990281755511377,0.0034167069927734627,0.0036582687240124005,0.004723660879652146,-2.284718462906149e-05,0.003874649266229788,-0.004317978249119775,0.0004845157907464753,-0.00023426682271525672,0.0037027326495098177
2022-10-28,0.0050757870858036645,0.011004060030610089,0.012828399886157516,0.016146503843058154,0.008839156808867274,0.0007758841274137819,-0.014521660461550215,-0.0022380954850267152,-0.001022935205377116,-0.003184294105728394,-0.0035516042615461067,0.0004859781315340746,0.0005690182238285118,0.002437490468603718,0.008523130484354213,-0.002748382919517133,-0.005745539222876073,-0.0018469784411590008
2022-10-31,-0.002870835535047687,-0.004415332965515089,-0.0009118560189131297,-0.009003335303733475,0.003625152429063582,-0.0042929854596005755,0.0007345569711555569,-0.0015280736539961277,-0.0009646552570319993,-0.002501197998600369,-0.004466570187057162,-9.798306482582033e-06,-0.0011735251941112556,-0.009895783500357015,0.0011384373075061897,-4.9484174481837645e-05,-0.005222012964886846,0.003985418912068903
2022-11-01,-0.0017864355500650207,-0.006360834130270974,-0.005162158898820893,-0.011968414418696395,-0.0004666591659196436,0.004590588912334788,0.014480766243766976,0.0005427259128222728,-0.0008335894927428661,-0.0015109281842681428,0.004798674753881039,-0.002248651519138908,0.0040257610896221796,0.004058633183763285,-0.003500869034293329,-0.00035223582188158645,0.006177903854248596,0.0021201800083245894
2022-11-02,-0.008595612107663759,-0.012626952833986462,-0.0037702854452628803,-0.020071102977268156,-0.018783462635331507,-0.0034327611022913884,0.0037664231257816157,-0.0007472978788541084,-0.0004168350994856947,-0.0016175700794556626,-0.0048160453883343765,-0.0022043780721318932,-0.0021271687122764666,-0.004111565709585257,-0.011382981616601437,-0.001074834617383222,0.005806773092409533,0.0035443994213851483
2022-11-03,-0.004905348292643779,-0.007803901038620994,-0.002713132894963679,-0.015562136133909443,-0.0043934368899452856,-0.0034588724840691623,0.01246398334357325,-0.0016761553901255529,-0.0012631521149340987,-0.0016698444522975702,-0.000823774346328186,-0.00871871185763026,-0.00022176456593219797,-0.00465428053585329,-0.0019657193275175403,-0.0005204043714981737,0.0008882232097423685,0.004685897689640659
2022-11-04,0.008671433302900424,0.005176156071956404,0.004934405280904192,0.006922753536798035,0.0009372340533023767,0.02032123146779264,0.017255730716837364,-0.0006262000836615488,0.0006837563373671107,-0.0020753044882165597,-0.012985179028064387,0.0018999071841097927,0.0015403379699724935,0.0036418896147621814,0.0056028591072270865,0.003610799930559915,0.012659382315729325,-0.004074269236066692
2022-11-07,0.0024754934063254907,0.006771497126038468,0.010710699881159205,0.006668629914556006,0.0021959749039285673,-0.0019681450415964287,-0.005309408979196008,-0.0025041889609628987,-0.0007007908570129486,-0.002336092472994414,-0.007473461707962495,0.0023852343798238963,-0.002535897403081014,3.432081679115252e-05,0.0016733215155838093,-0.0013683917905933096,-0.004860037527576231,-0.0034343271896804303
2022-11-08,0.00433820699693236,0.0036152372077490167,0.00926823928534739,0.002451347953487844,-1.0071003809266656e-05,0.008053242394818607,0.002674761060452722,0.002097798977078999,0.0006052696439465778,0.003602938401427856,0.003702215060232472,-0.0004164213930899208,0.0006074027900822149,-0.0010854048756735353,0.0015841131979874665,0.0047184005214012635,-0.00443292668560776,4.9335549261158435e-05
2022-11-09,-0.005397913135060918,-0.008790126541327447,-0.0074930814249729825,-0.010607249841861725,-0.013872524270389198,-1.1425532456341841e-05,-0.0010988761736956745,0.001065740748109977,0.0011491221512294433,0.0016536004546032783,6.533443512116285e-05,-0.0017294344332427522,-0.0010527942499862252,-0.0067866928458945154,-0.0013192575033345241,0.0010151030564898066,-0.008417611317513514,0.004560455469415731
2022-11-10,0.02264128466420153,0.026463200775682157,0.010654703977443572,0.04106560576322323,0.02865467963783226,0.023872543871331198,-0.002600792050996663,0.012341690125824513,0.0037142016076712374,0.012237774111962167,0.01890616691573675,0.006819789370545885,0.016219267462373507,0.01540438371345753,0.03251511171507192,0.002650418243029345,0.0026221222349369494,-0.011121279243580178
2022-11-11,0.006918051487697667,0.00526727300680396,-0.0024051677714146905,0.012827318456058301,0.0033074653794405743,0.008036604145263077,0.01148627345424737,-0.0009421332497662748,-0.00027450899832762805,-0.001971804622637496,-0.0028530881822855614,-0.001717734648059543,0.002631846806652912,0.0028402790493189463,0.0013654510547883927,-0.000257856116114466,0.008796585824130277,-0.005956628844710564
2022-11-14,-0.0021332266420909726,-0.002246370494329632,0.00034752010003427387,-0.00421818943235946,-0.0020782083035838193,-0.0033542045107950533,0.002833465989966387,-0.0016616271877076742,-0.0006404004211617188,-0.0014632563773370813,-0.0015951023854963381,-0.0053847037872957765,-0.0028519131660645495,-0.00367839898937658,-0.011800573288127475,0.0022606473000119343,-0.003703218468982864,0.0028859247714850458
2022-11-15,0.0024069736242394455,0.0021539476542169252,-0.004476945205765193,0.005831945947821115,0.007859929696187914,-0.0008555624904998662,0.01201697521164426,0.004100928941064945,0.000554348896465642,0.003413129792240897,0.006755709452635114,0.0019568172955448425,0.00810178762974225,0.005280979142590369,0.0034932893261622744,-0.00020363763060155925,0.004503374006488604,-0.0013789715774897649
2022-11-16,-0.0022618215411831987,-0.002332292464413902,0.0049525717008895975,-0.009608272400366994,-0.009009033401074507,0.002508013492140108,-0.010046917119176223,0.003679256865845373,-5.2394528476297866e-05,0.0034109435921810477,0.010499567850639971,-5.098948679143397e-05,0.0040346892469365825,-0.0012829857243698219,-0.0029627116374185726,-0.001991566329239866,-0.002634311160290531,-0.001441352006199854
2022-11-17,-0.0001792902268353833,-0.001422510529212809,0.0016661036811077981,-0.0014142790156115982,-0.00644623349122383,0.0018945680831343927,0.005689266522378148,-0.0023264855082918024,-0.0008491211231055241,-0.004335462568406706,-0.00575442306612966,-0.0038180637253132504,-0.0021305906178426992,-0.0020746681344838594,-0.0015196612745765302,-5.496930627787826e-05,-0.0066481356630326595,0.0020853813821753173
2022-11-18,0.0002451239825854341,0.0013460511876363743,0.002300179081199666,-0.0019497347070711558,0.0024318323996331825,0.0013127175115521857,-0.0040457421705537705,-0.0006010189578766221,-0.0008054211481176522,-0.0018117622156504085,-0.0032851998940672225,-0.003186087424233747,0.00033268753574011863,0.00021880048927755782,0.005015001924659637,-0.0021152233603881528,-0.002996916516697491,0.00027681681904080224
2022-11-21,-0.002745016628476184,-0.0027106592598057696,-0.0003338692989863491,-0.008470095680733007,-0.0046777971579228346,-0.0027169612510146114,-0.007130979959349245,-0.0008748281049228705,-0.00016718267390904092,-0.001044790884819308,0.002412989829344704,0.004809498990439839,-0.0020870022084891722,-0.0003435702239292065,0.002064573515282099,-0.0004127722690558614,-0.003752526091447459,0.003846122203908551
2022-11-22,0.005460625903836803,0.007512854244928745,0.006159512493831792,0.0067264346372177975,0.004776182675791828,0.006090137887757186,-0.0076602403217372345,0.0025959295638542054,0.00043268561619827983,0.0028049364353771333,0.0073053598961636,0.0008060141204740204,0.003923903303447705,0.0035513217843148983,0.0012558397528791834,-0.001599992132813643,0.005805463736102709,-0.0033667922892548336
2022-11-23,0.004451321805684838,0.0046743718694862236,0.0020880006077917874,0.005517426480712333,0.0030929706215280005,0.0057743080843373285,0.0019115237920311126,0.00306303200088648,0.0004175638387450504,0.0014154217645287884,0.007820255649545428,0.0027377063747517057,0.004985578826743707,0.004294661209232317,0.002039092051420644,6.84989467378723e-05,-0.006284823819393349,-0.004981660751866873
2022-11-25,0.0010553065888158576,-0.00030803821197824307,0.004515187188622963,-0.0061747247583296,0.0017804924911665335,0.005500731996588101,-0.003307589028296999,0.00027699351023772155,7.526881567980134e-05,-0.00023450701805009816,-0.002836196830707659,-0.00030539590078129425,0.0010985070707905792,-0.0021500883290709147,0.0031570464557038377,0.00021024387917881974,-0.004362851747756573,0.0001424198158968847
2022-11-28,-0.005014198291662664,-0.006523613202028456,-0.005251326363357541,-0.006387462914241632,-0.00852814743300849,-0.0032496353492257393,0.004429487254048445,-0.0008186503890360556,0.00020277367388056315,0.0002796856468486788,0.0019146784808937575,-0.0020201108236298435,-0.00419903701006302,-0.004685785846715116,-0.010750832246013715,0.0009854544207748284,-0.0008863799606397054,0.004761545413168918
2022-11-29,-0.001063775192388728,-0.00483081956960632,-0.0035770983135433314,-0.007485837953152551,-0.0035227125768633938,-0.00013847414071502554,0.018765603269227243,-0.0020395189891366412,-0.00023058371568426936,-0.0017086171137722368,-0.004226018163619721,-0.002846117332154037,-0.0024229657670680887,0.003018019905822488,0.006094821311184755,0.0011799114612899612,0.003419679013374626,0.0023221423385264978
2022-11-30,0.011212521297876584,0.016082863915370532,0.00867494991163239,0.026751805548991817,0.009039060982215213,0.00023390347127015543,0.004394326269411268,0.003756896978693581,0.0020424496456524217,0.004582309055410931,-0.00017618496938145642,0.009052718277142161,0.005282128364628345,0.007945654470179727,0.008876966909764115,0.0024730693385557907,0.007789737491458932,-0.0036265309684216833
2022-12-01,0.00209039794880988,0.001997934036983835,-0.0015150837177978832,0.0019864374607917027,0.0028975009165515472,0.008289054220908173,-0.0060075409533403065,0.003971568350252938,0.0013471589114597013,0.004411902824406833,0.016871168458917257,0.005669403589410305,0.005411099817898586,0.003045168289166026,0.0001823456247887433,0.0020783313096682902,-0.0020324383926256205,-0.005231068498287967
2022-12-02,-0.0009384100852089642,-0.0008716992266340883,0.0015703541431002805,-0.005694393486279299,0.007684438991080218,-0.0009822476153924016,0.002035425866198564,0.002519447008768264,-0.0003023276688056349,-0.0003662861827208922,0.005259370603570469,0.005297121692589216,0.0035033324434900507,8.18913976321921e-05,-0.0006394107412148664,-0.000476561904560472,-0.006940940245120191,-0.0009316873608547875
2022-12-05,-0.006387698747175602,-0.008850075548008743,-0.005283915823686501,-0.007266088601310953,-0.015390653469903547,-0.0020652656392794073,0.004036556922146073,-0.004546266631736406,-0.0020102031552773356,-0.006241132737047381,-0.007720647704324768,-0.005367380815737374,-0.002856915571752385,-0.004063183898853244,-0.004717576429696273,-0.00224813578434112,-0.010209953648898564,0.003533146828383029
2022-12-06,-0.0033426175483429596,-0.007046735773164225,-0.0030195815540687773,-0.013568403435300677,-0.005945954441795114,0.0024346631067098954,0.006885653539246696,0.001722318182167512,0.0007124975462462282,0.003487767767222575,0.006811120746259241,-0.0012172864038960329,0.0017589369070461025,-0.0010419867537423242,-0.003229332876813946,0.00137032955232496,-0.006342029282075699,0.001591548834535258
2022-12-07,-0.00045447001010725336,-0.0004987872828737627,0.0015093260294162787,-0.0033425412232671843,-0.0006454571760905244,0.0014664452906187114,-0.0035568108344752217,0.005503432604693657,0.001389338115815445,0.003845418401711035,0.012873852633579375,0.0008720252751462719,0.00500700000176632,0.003019925821599073,-0.0006114734111194566,0.0009063534322227128,-0.0006874469794422352,-0.0014371630626915399
2022-12-08,0.002911727885781406,0.003785971423163349,0.0021378616899460396,0.0070151753715649206,0.0025679389932479323,-0.0002944642469880866,0.005352986680500041,-0.002078708393944558,-0.0006788470133925765,-0.003956059771684625,0.0006279253478737377,0.0007522096447731617,-0.00164811197380847,0.0009810860902719279,0.004391387817486831,0.00031973462405472186,-0.0027462139564878663,-0.001743684845195239
2022-12-09,-0.0008605599309747013,-0.004218511557067174,-0.006545451943480056,3.743147907710794e-05,-0.01005127768403621,0.004516990093225922,0.00129374714575611,-0.0032545839450106116,-0.00031896404534258443,-0.003783765328070487,-0.015663606621666055,-0.005571509423645885,-0.003251062369114625,1.871597570408121e-05,-0.001339115006977058,0.001240320494131873,0.0020047206604777747,0.001851357108754224
2022-12-12,0.002775915490793498,0.007837353742562867,0.009070367793047755,0.005548922622364742,0.003941515074833143,-0.00242483963847037,-0.009876620668617903,0.00018263269886860433,-0.00039116123249155325,-0.0006593246611745654,0.004374728412342628,-0.00026114380985912765,-0.0020164333640549114,0.0012727903673372789,0.0017718950199941425,-0.002354852102674155,0.004954952052788528,-0.0012490485545505092
2022-12-13,0.0034230425129334304,0.0029834791342159125,-0.0006975047340481788,0.007602421097114828,0.0013043911557192867,0.007454821447412473,-0.00034866014379746936,0.003921040420596985,0.002061759547074118,0.00552637255814397,0.0051737810803787684,-0.0002994341292895026,0.003844541814806474,0.005213395865656196,0.0063477477537418475,0.0019054374503731254,0.00823661487277838,-0.003316744007796477
2022-12-14,-0.0012690678940115011,-0.002332922840654293,-0.0006996847303900357,-0.002943512908798367,-0.0019362010056414546,0.00018899293145482519,0.0005137471179568428,0.002024625467871785,5.015581261102106e-05,0.001963344851645468,0.002306007848490111,-0.0034254484304990346,0.0014180290408977022,-0.0033617455219098025,-0.0016745164184589446,-0.0014408571834576387,0.005018378214371467,-0.0020366384050804487
2022-12-15,-0.010362513411429727,-0.012496802622758613,-0.010789473552813431,-0.018794755733147116,-0.011330861142903291,-0.009818489500889198,-0.0030112413840870517,0.0013315350247307565,2.277764761207993e-06,0.0006244636030135963,0.0004073860093295103,0.00026701030125777,0.000952154806288086,-0.0011464358272730278,-0.005732461169622708,-0.003019371649246627,-0.004516655378325496,0.003561051812121366
2022-12-16,-0.002678711208403805,-0.004623758158424136,-0.0018374894925129882,-0.0034188984945803733,0.0015163649390059,-0.0021940634985712307,0.010829318040667252,-0.0014800239506731199,0.0007000576281949914,-0.0019168564878453561,-0.008106924910732357,-0.0034407622134528964,-0.0013537643104861198,-0.0019999695906781395,-0.012594263218390338,0.0047917255727272495,-0.0036123002264367883,0.0024960964186479433
2022-12-19,-0.0019721824821488116,-0.0036195704878940003,-0.0004078110752131761,-0.00815158120154193,-0.008272145495285184,0.0006395565925817722,0.004756905262617066,-0.0035727404077416595,-0.0008579337828533763,-0.004990883192474468,-0.009607312925187479,-0.0006208643551452349,-0.005148261009167171,-0.0016995362261893006,-0.004402941121446728,0.0005156917592038586,-0.0019111641863696015,0.0009061102589138894
2022-12-20,0.0016985589306941018,0.0023570003539683786,0.004027343603603902,0.0015474364069551442,0.004862386995222284,0.0019106630774727343,-0.002370641548268662,-0.004608429528960546,4.1850424027523096e-05,-0.004407291545802894,-0.00900239175293957,0.0021504795842239664,-0.007456116077207368,-0.001114435149075291,-0.0014637838613904249,0.0042536245332573455,-0.0002676739531655304,-0.0023246503733676295
2022-12-21,0.004084409811457083,0.005503107521734076,0.0068856724460069525,0.0036465625057969867,0.006036985423419379,0.0024858070504322725,-0.0015619860097927478,0.0011629136977373484,0.0007414324029828631,-1.286045679398844e-05,0.00038795634136052455,0.0031428958964636413,0.0034391284594171762,0.0035978224547653396,0.00018197592300173322,0.0003766839245115793,0.004597366631319502,0.000979673563505395
2022-12-22,-0.004479228176892467,-0.007245070043239978,-0.003584097375164356,-0.01556503764620726,-0.004948476997342265,-0.0008949797681460812,0.0011645976821477236,0.00046387142857056557,-0.0004769090566250415,8.325950558377203e-05,2.609976037058477e-05,-0.004144322288536552,0.0013737801358592048,-0.0033976274401173265,-0.00036512404548477576,-0.0029729721570954035,-0.004637809714630693,0.00020811636831584586
2022-12-23,0.0011646300401876256,0.0022261795806902806,0.0010896789710160386,0.0011524572179200006,-0.0014941392539085437,0.0002664317773793472,-0.004184263190027488,-0.0021829891601771825,-0.00029236209520466317,-0.0021791756911642385,-0.008086400359871428,-0.0011031380778746085,-0.0014847003940782323,0.00031422855348169076,0.0018096638706700842,-0.00014571675283327635,0.007372555105653853,-0.00033566686882174955
2022-12-27,0.00021717701145085593,-0.0019324194232816175,0.0030448048528029566,-0.010588296352157205,-0.006336034630578414,0.0009465020700666643,0.01266885598911126,-0.003968330295952917,-0.0008320575820680734,-0.004147975906704125,-0.009872581250300397,-0.0017578457516478707,-0.006147863949323677,-0.005817770565700669,0.001430478986591834,0.00314336158364236,0.0012757192086412013,0.0018503869965643795
2022-12-28,-0.003856822650057542,-0.0035885607987576947,-0.0027266224531187315,-0.004725509921185081,-0.004753550431754027,-0.001443814515330273,-0.004816642168302588,-0.0007486300405340227,3.879608812569764e-05,-0.0021198045775591033,-0.005872353392618643,-8.047478036108985e-05,-0.0001740355594310565,-0.008205510863546421,-0.005016586095228924,0.0006180643821584913,-0.0037766912233723453,0.001802636603351073
2022-12-29,0.005935226553979104,0.00701795572955893,0.000385178560458152,0.011784775110265646,0.012842882760857047,0.0041368372808940485,0.0030910746880930713,0.0014752442197793689,0.00042088488414367885,0.0028716411646913615,0.007377803377919907,0.0019940745457356864,0.002446247993111293,0.007636291878608065,0.008078307200678264,0.0003963524022462979,-0.0022712809198266867,-0.0033410874019987624
2022-12-30,-0.0031321419950393566,0.00018879446708862163,3.6593499003788506e-05,0.004263787273329574,-2.273794629372274e-05,-0.007760168101366367,-0.008993701676968025,-0.003272247459845167,-0.0009399364801009019,-0.0021034805993218075,-0.00630359168153798,-0.001230641576254678,-0.004438762297403091,0.0008145013758619252,-0.004675107466743296,-0.00035528382604091413,0.004639509396300733,-0.0026968871495847333
2023-01-03,0.0011398829805387535,-0.005188527852910053,-0.0005239826484999607,-0.011176417069024539,-0.004469545644099827,0.011947866237354318,0.011371982768793892,0.0033524560119534965,0.0005769967892278963,0.0042094268885462804,0.009131296925143874,0.0014787273740537819,0.0024431719244495213,0.0017009697153209822,-0.00031573760275742076,0.00506479717978553,-0.01075304059582162,0.007421614666980238
2023-01-04,0.005379936582285231,0.0005718916642441811,-0.002324990218298041,-0.0036724731481215574,0.00457854505715957,0.005684289622562853,0.022091355858054072,0.003270089427566827,0.0005520593138695759,0.005057988209880707,0.008504782787571125,-0.0008741267656628149,0.002948983164164973,0.008073654376363072,0.009555564171221767,0.0025665133459927617,-0.009935974899763056,-0.00040904425664052124
2023-01-05,-0.003999310942519938,-0.006143769448177956,-0.005022575964925266,-0.012098494037178737,-0.002534528676065474,-0.0028236629592690923,0.004331142014679953,-0.000675688912171141,-0.0010350619792063973,-0.001643237814737938,0.0010048077631545685,7.983268813570093e-05,-0.000520577246244266,0.0005471392545253525,-0.013360853363378923,-0.0004921284208970183,-0.0018503356547423014,0.004593503861294587
2023-01-06,0.00895121578340596,0.010682234193459289,0.010609684252663037,0.012996050882044884,0.00820403494086606,0.010115996603723663,0.0016051263291427809,0.006100749616075153,0.002646639621639991,0.00707850744349757,0.008289408703475604,0.0038184751059528593,0.007873063881388592,0.00687214827613188,0.010687660556964546,0.0029440062435992023,0.0017222974406550422,-0.005650621921421981
2023-01-09,0.00012382911680039596,-0.0011308412363552419,-0.003381568903420447,0.006113189611149039,0.0006395813086416671,0.000888694073906687,0.002486191854675336,0.0013734199681414833,0.0006467141379928115,0.0009298827871261745,0.002654443573893346,0.0003342101773872769,0.002318359466293443,0.002544101468087607,0.00020293953351706046,-0.00021789788454820887,0.005163953329052676,-0.0027779300861692025
2023-01-10,0.0019433192504234708,0.003121036032622556,0.0019758187599344026,0.004300843624385249,0.009777247907037614,-0.0004020720520143306,0.0036499001584518434,-0.0020893164891771197,-0.0005557016881837242,-0.003450491263414523,-0.009657438398985457,-0.0018048310946001162,-0.0006639071776511616,-0.0014776156447175997,-0.00042504196269226024,0.0020371689497019263,-0.0007921419543062158,0.0002273163862254008
2023-01-11,0.0020184015346179952,0.003512142884445152,-0.0015895985048284735,0.009566219957556011,-5.4915262633589354e-05,0.0005018541085294662,-0.005140110300307319,0.00394450063645191,0.0006720985789908285,0.004259146089282484,0.011426392455560305,0.0009374482033724491,0.0041576940579708946,0.0019011709952324787,0.015925913077895607,-0.0019550190170082226,0.006616250436616226,-0.0011469134195127469
2023-01-12,0.0016720267987930656,-1.6702809549400555e-05,0.0034988032258955084,0.001442678497966545,0.012247401896157474,0.008151196650136874,-0.004026230900075405,0.00392835143516633,0.0014923745592183445,0.004522962802842212,0.01095949554706104,0.0035943068306432653,0.00580584722294469,0.0024834882495329354,0.0048128682836096545,0.00096664303331883,0.0024275582775476834,-0.004409936419291108
2023-01-13,0.002019983376437387,0.0016297753887786178,0.0007274399408854887,0.004213101955196698,0.004377856979188614,0.0026701476902046017,0.0042744029385042605,-0.002097040835161436,-0.0011898240936831289,-0.002601789669443749,-0.004092854110677272,-0.005851525096962889,-0.0013390172059789425,-0.00017905194563246318,-0.005031409091819636,0.0028107435473219648,0.005820794968456791,0.00047720222324764154
2023-01-17,0.0009101269184345611,-0.000467186655331082,-0.01023320371665097,0.004978087202033417,-0.0012841776790000362,0.00498912525359808,-0.003819041455013199,-0.0006748041270991719,0.0005603078388647462,-0.0018349830442036463,-0.00210030855032871,-0.0019618624532898037,-0.0010153122078754573,-0.0024297859965766245,0.0023779592950833313,-0.00020478092062826275,0.0038334913393628578,0.0014585938115563917
2023-01-18,-0.0029604933067957327,-0.007605863835748367,-0.009778516830844927,-0.006140587966749,-0.004798984561839876,0.004043293144364618,0.0009785087382380613,0.006149373687505464,0.0013696123794371463,0.007265498761307565,0.009506402682604699,0.0024467446920982015,0.006056816079983927,0.0022290011286142494,-0.005241468285741383,3.944142572112619e-05,-0.0026050469688357215,0.0006066845159214919
2023-01-19,-0.0013138950660784858,-0.003066699683702462,-0.0028808367242139626,-0.005001487654454851,-0.005475488025888228,-9.670902931225266e-06,0.007234518531181452,-0.0018440626023955263,-0.00018038461568601596,-0.0018205106226725943,-0.006311593531004118,0.0054378129909933345,-0.0003649080718103159,-0.00264566584591176,-0.000908967471369166,0.004188744987749956,0.0010168113353207428,0.0005511992342698158
2023-01-20,0.006155510324045835,0.009610179468944803,0.0013162846221417366,0.017332936015004012,0.005313634708296664,-0.0005822875844199559,0.003914074585144891,-0.0021215282229147536,-0.0004838437602707315,-0.003007907983323797,-0.007328968248618112,-0.003364823936469856,-0.0021123238755131404,0.0005265373432929818,0.0056799180791595036,0.0004473595404973149,0.0026961673957556715,-0.0014573323378640896
2023-01-23,0.003106855676261357,0.006081171773763323,0.0019369410555634724,0.014297124249428438,0.005896306656215597,-0.0008937252206776616,0.0001319621987562209,-0.0016677870119864873,-0.0006187824938762936,-0.0014946840413563472,-0.0017353756029014765,-0.00010989021271667866,-0.001714574643617791,-0.0003754329760511537,0.002178680030264087,0.0017588532420494648,0.0007800487604686544,9.795500734432463e-05
2023-01-24,-0.0008103258185874853,-0.000537326050299137,0.0035787538958576737,-0.002634820751098838,-0.0005522066487514371,-0.0006114330805087166,0.0005933317228224387,0.0025250743571968524,0.0001851381858355645,0.0030147872687991267,0.006924292646105604,0.003436339990341928,0.002107611067233006,0.0007491416256768938,0.001988027141541033,0.0010242728934382068,-0.0030707298282554047,-0.0007378133663694174
2023-01-25,0.001977746760402383,0.0007651864214308287,0.0012472901793398822,-0.002099102195545072,0.003279696124686641,0.005496332512786913,-0.0005908339820320503,0.0007419902647857247,0.0004174606402013655,0.0003221279797369238,0.001203482390127326,0.001531364390973637,1.2235853163588151e-07,9.439840104918473e-05,0.000735382609400386,0.0016298681393047982,-0.0016614497159006389,-0.0011140807907996332
2023-01-26,0.0026978253153487706,0.00464774675449196,-0.00020946990138874869,0.012385189611637823,-0.0017737034855806345,-0.00406847852559646,0.0028570849983858525,-0.0010685709334597223,-0.0003389639802508456,-0.002107633065714526,-0.0016786127353770894,0.0003552061582517737,0.0004346351770162589,0.0011894665964053217,0.005957602574475157,-0.0007097164449635877,0.0012006099772085602,-3.6878462069572446e-05
2023-01-27,0.000610104826637091,0.0013520550694113276,-0.0001342126877399185,0.009130254111549944,0.0038240717179537785,-0.0009614073141974611,-0.002986487723745403,-0.0006752384029473385,8.344281058020282e-05,-0.000416806984039924,0.00019754054320734842,-0.0006412341017432758,-0.0012896675049913204,-0.002213715166421059,0.006853696216764884,0.0008512896861562753,-0.004434006073402654,-0.00040161854164042464
2023-01-30,-0.002801621757715967,-0.004526923228537856,-8.277395337127555e-05,-0.01094082244047461,-0.0038727100657330715,0.003213072027438776,-0.006353266814791722,-0.0013911840527442677,-0.0006930250110444791,-0.0019224588574265993,-0.0019502993634587643,-0.002492418345268385,-0.001782915887629573,-0.0028476689722481494,-0.004950323892409768,0.000280314073783529,-0.003460296275901111,0.0013534717748051018
2023-01-31,0.0031307228523832237,0.006365204104581707,0.003004091400553535,0.007982703229699746,0.012720637063563339,-0.0008875573307988525,-0.00959944570252382,0.002392168077116329,0.0013642513905298289,0.0035329159629842164,0.0068506493067644015,-0.0017077064687980093,0.0035190986144972916,0.0018725373822647187,0.005172837284142723,-0.0004288063768719125,0.008149951880217658,-0.0023158805973491495
2023-02-01,0.0048373470733555106,0.0062633762299464536,-0.0031140709727462603,0.013766352450845764,0.012693618075227571,0.0024884625023339785,0.005238223961233246,0.003860053208495349,0.001002847836189723,0.0029843330901352582,0.0034586934529885795,0.004225581708039182,0.004418768890024882,0.00729444378591083,0.003150350403125092,0.0027829398204466498,-0.00839058323616511,-0.004497704526393805
2023-02-02,0.0022807127950546565,0.006053317561177702,-0.009670245915856746,0.02677866847865923,0.009317293066278626,-0.004440489077986957,-0.009095766054903334,0.0010528140580102654,0.00017538797954216713,0.00033415980900058115,0.0031346059539068723,-0.0007603753197177239,0.0007383777581430931,0.002398148668700077,0.010861878099245957,-0.003193907105768487,-0.0021304069195083163,-0.00026787085022937293
2023-02-03,-0.0029000462589003195,-0.004620667871198624,0.0009671837551227542,-0.012219603461151196,0.001969337788614174,0.0010730277973211699,-0.003783201673051252,-0.0055789785700666806,-0.0025272880203018938,-0.005461018109861579,-0.0065754498764376695,-0.0037202653918181833,-0.004739787041361726,-0.005183471702983569,-0.006582495062438645,-0.0028274585257368062,-0.009902592257697856,0.004740186067886568
2023-02-06,-0.0026969172998136896,-0.0017994847938258866,0.0020648018670119733,-0.002894468099679041,-0.009192042815674498,-0.0035635323825847845,-0.005800409919284766,-0.003149054073235499,-0.0019495623723554914,-0.0053811212774949255,-0.0028396197338112373,-0.0013625078758315186,-0.004321697456544047,-0.003609475395510231,-0.0024975994323576303,0.00041471116587436796,0.0013137360137724788,0.002197786334325446
2023-02-07,0.004193178279914371,0.007691330775121215,0.0038863636731415437,0.014216248283193528,0.0006466292856431577,0.0016331420056051853,-0.0060034721701476244,-0.001442201173498637,0.00042408126042267863,-0.001572877821149152,-0.0047725472558497435,0.002017419265067385,-0.002732030829120276,0.0017255468420810484,-0.0016913996180010888,0.0009492972610215854,0.007811168241768529,-0.0007822593197327711
2023-02-08,-0.0029439187417220685,-0.004877051924449687,-0.00030101759189766087,-0.010853306282992116,-0.007934537409858828,-0.0007991365394225368,0.0036160420689562356,0.0006975478652728017,0.00021507873647255878,0.001968359144301057,0.0003586517538241305,0.003523045082811749,0.0006280232852265873,-0.0016218243563654532,-0.0003391697311778269,0.0010082308845801753,-0.0007647458985778292,0.0014037689139935832
2023-02-09,7.362446653226898e-06,-0.003010815364486769,-0.001426976057623897,-0.0031023232879589645,-0.007712099299706994,0.0044906594512733175,0.00751590450451581,-0.0018598547520027632,-0.0005049461882700988,-0.0023282562840570547,-0.004596646507339214,-0.0027287369675655588,-0.0037794512293758365,-0.0019478709746732778,-0.0006611423530443715,-0.00035827497415921554,-0.002843528426685403,0.00023815206741015444
2023-02-10,0.00019419006571130262,0.0029043834331839154,0.004975286322507318,-0.003729900675057769,0.0004985399900365286,-0.0024523158230146773,-0.007823543253154106,-0.0022766062918200577,-0.00017138343810267143,-0.001978015906495367,-0.004163072170093093,-0.0019207008390953499,-0.0031426826201849264,-0.00632744410332189,0.0006298808162524118,0.0006572585316497357,0.005714083849692518,0.0012497929612720429
2023-02-13,0.003708534549947095,0.0054600660431075735,0.005565701491313477,0.007474669835769972,0.005589848246271753,0.002871686197959502,-0.0014697135327012174,0.0018915293791781015,0.00017559214765758106,0.0012695468217954282,0.00536230446039105,0.0002929587862005082,0.0016516481365027934,0.0009368137584251741,0.0047542092017734275,-0.001037795603240836,-0.0009249563033469094,-0.0019629625596198266
2023-02-14,0.0006525424767262077,-0.00011537912111044332,-0.003996899720310767,0.007156368823025257,0.001133193157479672,0.0015057113728047357,-0.0015323040818846984,-0.0025037296347220697,-0.0015414897156320099,-0.0028102798346149875,-0.000450548092871806,-0.002140608217939156,-0.0014151958693736917,0.0010174855793565244,-0.003087874838100581,-0.00042495234659957037,0.0021177655544386076,-0.0006157786018521081
2023-02-15,0.0008561702745708603,0.001582607796469992,-0.00011433948868842434,0.005750653977899625,0.007663570624742351,-0.0023353137871510157,-0.005695108899182054,-0.0009500611118781186,0.00015088210080537094,-0.001605208590258996,-0.0054852418242574,0.0016210067052484759,-0.00197729090111004,-0.0015948161712839284,0.001667822959719512,0.00011599468525916833,-0.004943488188227559,0.001835939691271599
2023-02-16,-0.002753892111801705,-0.005802356185201096,-0.004933939939729213,-0.00883918690241999,-0.001760604597757235,0.0016456280628311922,0.007540368818649767,-0.0021672328099573332,0.00010042592594730767,-0.0015471149675728654,-0.008733441979205139,-0.0004669866909525037,-0.003126074320403351,-0.003495039522545638,-0.0021885198791561176,0.0015238456372098181,-0.002267468121501982,0.0020147486569869937
2023-02-17,-0.0007246915703744855,-0.0012628805155747052,0.005619002057638404,-0.005933416030475707,0.0050421027314715445,0.004552353609872003,-0.0069813317242184555,0.0009281931413639291,0.0005341898238355508,0.0007978804836939963,0.0036183945458818844,0.0010859258293068128,0.000942038393580623,0.0019892000444392873,-0.0035410117493792177,0.000478241872771673,-0.002262906341073719,-0.0005477072857792291
2023-02-21,-0.004252191363812333,-0.006623157551899423,-0.00840396335432437,-0.007529535125315456,-0.014862358683793491,0.0008158159258852236,0.0009281392230415398,-0.005432363295156397,-0.0013168748855637551,-0.0067123083227800745,-0.01088760060068008,-0.00071578255548426,-0.006055285296034973,-0.007332064119610147,-0.003920320018750527,0.00029957208299712015,-5.795963872484667e-05,0.002510244805148576
2023-02-22,-0.0006486835174323632,-0.0007288401897037905,-0.001397078123826128,8.252437359706859e-05,0.005097233459051727,-0.002497023516668185,0.00022808723150538092,0.0014395372121728004,0.00023907604095044948,7.194352369548204e-05,0.005164814604507703,-0.0009711966444396599,8.200669520781658e-05,0.00473206702393897,-0.006048626001967797,-0.00015411640785026586,-0.0033964769394950623,0.0005951067300999672
2023-02-23,8.644273035503334e-05,0.00015802889665733882,-0.0015500850728226122,0.0033305333269724284,0.0013178402828225464,0.001028225862917155,0.00024126144383715582,0.0015374432336382068,0.00036092956832170406,0.0016780872468660762,0.004905461200868528,0.0008335412921915259,0.0033966862642472997,0.005476118442996703,0.0006839871450820718,-0.0008522087130025122,0.002784394106479819,-0.00011694111316434337
2023-02-24,-0.0036343634534539513,-0.002951384149273658,-0.003920298144761837,-0.0070754730533927924,-0.0002223602423867769,-0.005632125159715706,-0.0073271496669899145,-0.003232486578296631,-0.0015057362666179943,-0.0030065673576103137,-0.007474705490969049,-0.003240748353505721,-0.003677615271550717,-0.0032656356696312942,-0.008782052252163969,-0.000993408029267149,0.00031978728664517047,0.0022522173020782495
2023-02-27,0.0022590031618798015,0.0010059066387124596,0.000819860574475906,0.00411663121212665,0.0010145578560012522,0.006939287095830684,-0.00044615408257781507,0.0008625419284975042,0.0005115487067517334,0.0017161946345524309,0.0010048403430794998,0.0009587514699967556,-0.0016524888728741706,0.0047291987204419635,0.00044457992007771634,0.0004452679834872674,6.264626568544714e-05,-0.0015912683749840575
2023-02-28,-0.002277411418758916,-0.0014021202739871253,-0.005407072841915337,0.0013722090582680793,0.0025045879628173727,-0.0034444432449432494,-0.003381679734080263,-0.0005819488506331922,-0.00022131270593272077,0.0006753364556987418,0.0016395829955050127,0.0026796066749129443,-0.0003203314729397055,-0.00091897822266864,-0.0010886258255801786,0.0008152184402626735,-0.00012084605646940551,0.0011350756662275028
2023-03-01,4.667157202707314e-06,-0.003218955409701012,0.0017037617134551767,-0.00712944658420926,0.0016215288780945867,0.0006072669294389134,0.014359093203303556,-0.0035806821906622837,-0.0013050027878595757,-0.00494719737657336,-0.004412103224154499,-0.0025089025197680124,-0.0021433852888542264,-0.0003005850935324846,-0.005693095538328776,0.0008427180564106202,0.00480420530107478,-0.0004682836799380979
2023-03-02,0.0016316643241316253,0.002572261515163479,0.005488400437938695,0.002774651374487164,-0.004316067978536406,-0.00012289625797549247,0.001410711344755272,-0.0016374691529371659,0.0003939717073232268,-0.0030318272574426895,-0.005658071982159538,0.0016666833393364539,0.001245586788272004,-0.000678817508714328,0.004525357906101464,0.0015659722447726554,-0.002550101654827453,0.00224723077582474
2023-03-03,0.004195727611948238,0.00598295894912221,0.002091528710391451,0.008203274093534819,0.003186815933553336,0.0038891442513123552,-0.006016781560650705,0.003904141816214214,0.00033377902009790465,0.003586608951645297,0.01266415737238819,0.005238792537009926,0.0035574309517529615,0.005066267392841102,0.00426740058857243,0.00011855387101216731,0.004327799770847018,-0.0015566608898559308
2023-03-06,0.0013937719793566225,0.002770634348810674,0.0032870888464023203,0.003458138845662666,-0.011618316586421835,-0.001105737369127449,-0.00016588517593423783,-0.0014925827329613007,-0.000357941950550184,-0.000515592306283166,-0.004803221901251881,-0.003559917749572106,-0.0012896052265688426,0.0004952322806665816,0.00035443600199550757,-0.0010051384517728015,0.0006754173491282395,-0.0010886019396556023
2023-03-07,-0.004237209137376529,-0.006445301968659488,-0.00891603633055847,-0.0048396758316887195,0.001317977373700584,-0.0031100771921808833,-0.00019862545983876517,-0.00043340641576658685,-0.0015704124086174168,0.0006023000458546025,0.0034464591432226493,-0.004625883510274772,-0.0013439980161378522,-0.002448736462760802,-0.009144452059837488,-0.00135383895660348,-0.004746372004973826,0.004539921808694777
2023-03-08,0.0009858482452793087,0.0006008552340732859,-0.0021163661925175446,0.004079657820258679,-0.0011185793651883802,0.004146387921729187,0.002442341349353555,-0.00029025817422455714,-0.000290670418357966,0.0006883346470978277,0.002770447870809137,-0.003755003526733181,1.408444509047222e-05,-0.0031496295302788834,0.007266298513778534,-0.0002666106778607103,-0.0017927240930147807,0.00015797554286226402
2023-03-09,-0.002217112484806336,-0.0038723100907515438,-0.001771401187358048,-0.0021425139771898225,-0.010509749608792408,0.0052900343381302745,-0.006861285335267243,0.0022445770345084952,0.00219527497266752,0.002458372593363376,-0.00316970786442684,0.0015690427985466083,-0.0016611815665260063,-0.0020393693599537353,-0.007266951080956353,0.002855865899149457,-0.001464019083282135,0.0003754168989462928
2023-03-10,-0.003237951083591815,-0.0020655520545909915,0.002851668866674314,-0.004097862842109841,-0.012664449129342451,-0.0025350356755944534,0.00011499929788178626,0.005600581939145227,0.0037903220839272957,0.00827750560471616,0.01312265113488735,0.006365078416799234,0.005830036820047898,0.0014503958898395583,-0.014740592982988819,0.00439511810696103,0.007042861071976107,-0.00027957633222673844
2023-03-13,0.0016793879980193504,0.004674935550210169,0.004423593928816033,0.014645551110498988,-0.01283201401621557,-0.0039176654793113014,0.0024983558724049827,0.0053318101566877454,0.007845799148099637,0.006626648705573679,-0.00160488933997922,0.00455427721130024,-5.0092521780362685e-05,-0.004009100207906444,0.010099664790312688,0.007310595196921836,-0.0012107965345717576,-0.002132358190622916
2023-03-14,0.004866219408967644,0.006461038760194989,0.0005443699576288541,0.011367596222316739,0.00841745231457232,0.004933742086414448,-0.005931266644272794,-0.0038579292212351972,-0.002935053314091318,-0.005163923185877258,-0.008439601981510197,-0.0015550944242125556,-0.0017098721983637253,0.00375840569466957,0.0029779714496619607,-0.0011050370281646708,-0.005640256520159983,-0.0016833756462545483
2023-03-15,-0.00386820628947856,0.0003436397505766778,-0.000816520742219314,0.009799935076885678,-0.008304761124267312,-0.016929043237045666,-0.002504345096383004,0.005917006167263613,0.004619023361479001,0.0074923658173900315,0.004849559243055555,0.008091736626640176,0.003928589806744673,-0.0023723541329753613,0.0006049690710325673,0.005176704591317209,-0.0077798912331439145,0.003945415440182208
2023-03-16,0.0057004479904615,0.007177746681773987,0.0015258999328282181,0.01296368883876563,0.003944223187061162,0.00465691084349148,0.0041136598443858915,-0.002253511059456306,-0.0031135942802559403,-0.005123090292508377,-0.0014735642146623392,-0.008553670736893428,-0.0006428087895723124,0.003593410698563954,-0.0034170077652883523,0.000355509448573169,0.0033454345069996016,-0.0005577369123543236
2023-03-17,-0.0005692017871677165,0.00010738851079934546,0.0004299571728179248,0.005624849376788501,-0.012174010932363949,-0.002982100767120365,0.0029069153244481154,0.0035901231771393,0.0039321644744025035,0.006468855761118342,0.004720231878128414,-0.0009830826101042125,0.0020745379326467363,-0.0025991549471854588,-0.008326865000338766,0.00775396953257404,0.0031839448120185732,-0.00019309581107059774
2023-03-20,0.0029707069301843983,0.004398509167074809,0.00675663852956608,-0.0013843634648678148,0.00603855062331957,0.007503647922914412,-0.006396572357919865,-0.002758133010377902,-0.0008650851165625831,-0.0017568971334672584,-0.0036754912520664627,0.0019626581118685465,-0.0007341323723210605,-0.0027539622629115905,0.0056734689652352815,-0.00011897873547223677,-0.0018109465011087785,-0.0025660264865425995
2023-03-21,0.003279363982656377,0.00314427569118258,0.00020188153140125904,0.0023006672533065764,0.009027403948403186,0.0047352205991671135,-0.0015441063720465081,-0.002422657975155615,-0.003067397857546965,-0.006263360923448861,-0.005322020719398968,-0.0010219457865736359,0.003689320693223537,0.006125342729770264,-0.0051939383351651,-0.004839875137462108,0.0004387827230219049,-0.0016994757336477656
2023-03-22,-0.0017022678918526043,-0.004749216963123026,-0.003728591666541976,-0.0037418014891060156,-0.012036654642600973,0.0025409283864083945,0.007552297996830885,0.005724705423711019,0.0034230834942909033,0.006117295908543183,-0.0013163719268169342,0.008110350257971037,0.00105420358693388,0.0038501218015728096,-0.01513996126270796,0.005678445962563323,0.0013426414592670527,-0.00026219589760320683
2023-03-23,0.001673248327619499,0.002333073482529733,0.002619157374973798,0.00843441515919503,-0.0043843602708259315,-0.0006078119148136193,0.009979224757254598,0.0014017985700663952,0.0024295321058093898,0.003901828000149317,-0.0031259034011619996,0.0003388866468131903,0.0023579181296630304,-0.002396148912784273,-0.00211552325407268,0.006269289247892407,-0.00013251939045921726,0.002379065138329798
2023-03-24,-0.0008327617904830961,0.001343378712728942,-0.0009300477364801224,0.0005986916784963517,0.0007164633544615023,-0.003931257950678212,-0.003700463381529477,0.0018246650477011783,0.0006019122689790058,0.0009459803137021392,0.00584014078998218,-0.002639162048465683,0.003133995520177111,-0.0038407458821547273,0.010174097506510677,-0.0027112907869190003,0.0011855917776658533,0.0011079272776581411
2023-03-27,0.0004041218966885549,-0.00012662750325690688,0.0031443704239654795,-0.00547950657785412,0.006859357850592455,0.0048495602676270864,-0.009463962626709923,-0.006644100824702796,-0.003289090910152788,-0.005916611104873914,-0.009084298134332446,-0.00373571307397635,-0.005464413544401852,-0.002012106633981913,-0.0023462247846246995,-0.003448105604540547,0.005098947598078787,-0.0021150941354239816
2023-03-28,-3.544829336483849e-05,-0.0016258623449123336,-0.0009037106781700068,-0.004777263622637683,-0.0008069242792517896,-0.0018129521754387582,0.010180378387047868,-0.0013474642699746375,-0.0009186194236942242,-0.0004599879379940312,0.0012964461746375739,0.002482266175831284,-0.0009713514407640045,0.0011537466185560616,-0.0007622303371514437,0.002375908973596949,-0.0014116685762372606,-0.0004959934203166688
2023-03-29,0.003287336592772314,0.0038305498075433646,-0.00046355418186218994,0.007206029903855823,-0.0008334257160694004,0.0047631831677593635,-0.003178030732365113,0.0004464099936633088,-0.0002875405142936193,-0.0014342932073073285,-0.0012633823736496609,0.0022337276738186853,0.0014453826645476368,0.006223399476473916,0.007681282704790843,-0.0008521925715411207,-0.0037381147159914275,-0.00011323781280876168
2023-03-30,0.002603552882141912,0.0013007244822573379,-0.00014002189145586545,0.00522783581752521,-0.007005752703510798,0.005214814352729723,0.0026442816029550904,0.0004125094524386647,0.00010454651506333572,0.0011062094489143492,0.003845080182841052,7.707589156933856e-05,-0.0003152097223924498,0.0036095469681516447,0.005959075779974593,0.00147262786197685,0.0017285297303318032,-0.0013254153850103144
2023-03-31,0.001222549958496336,0.0035403888876140797,0.002216667488835495,0.0059163307242908626,0.005654235562276821,-0.001341918867075775,-0.008680179685791165,0.0024200056715658986,0.0010236054014940328,0.003334696841762341,0.010040908129444746,0.002171513935598433,0.003461775392645106,0.004192939870477653,0.005327023752831724,-0.0016933284194670904,0.002817996469066983,-0.00022784907834831267
2023-04-03,0.003099156973536781,0.002792362000769617,0.009121926096249096,-0.004340740062139508,-0.00032879552277628895,0.003968112170311869,-0.004375531606650124,0.002889013462707796,0.0009854648356826348,0.002797657370241382,0.00042014735644902747,-0.0008075812286407543,0.003631281638229184,-0.0018453450739567227,-0.005311507416146653,0.0011341408348726333,0.007385700062377262,-0.0011905926303093983
2023-04-04,0.000736998488011442,-0.00022772677891375916,-0.0002674811303698876,0.002110870932377585,-0.01148609061559393,0.0033545270790521905,0.0030836845770713392,0.0024875643238473797,0.0018328099559700409,0.003968457535120408,0.00031358133563837935,0.0013729258733602247,9.51624654755821e-05,-0.0010470562056196847,0.0017007040410274362,0.0051467021466382774,0.00025245309004835563,-2.3239529678270414e-05
2023-04-05,-0.0011956682434681142,0.0009302075354824507,0.0061484811909508184,-0.006434613653390972,-0.005657213991646961,-0.002267263968415259,-0.0039570546272867145,0.0023724064022392194,0.0011674535586780443,0.0022952154221342275,0.005478625226877046,0.0005272572777672167,0.0020919551712780564,-0.004136038345391764,-0.0024020114252379155,0.0006689217157599342,0.002511532408176401,0.0010903390148800584
2023-04-06,0.0010957598301194922,0.0008590026737337339,-0.0027794649465651172,0.0034097211699901987,-0.0019691383600065125,0.002040217155906402,0.0008836433319694683,-0.0009522784082127013,-0.00027605574564733986,0.000540336381404518,0.002801281597738281,0.00223634848756395,-0.0012197057984389336,0.0034582863903020586,0.003671952580207912,-0.0007419371130640232,-0.00246098286706426,-0.00015091608833558469
2023-04-10,-0.0009918602613875754,-0.0021951348110547373,-0.00066757902434987,-0.002366529235953452,0.0062094519149016305,-0.0009966923864435733,0.0024735932244950706,-0.003957691033478647,-0.002700657505203123,-0.005153475687042033,-0.006569288021003223,-0.0033832661603066237,-0.000608953735206961,-0.0011327394455267685,-2.8772317066854368e-05,-0.0007316608097356209,-0.001127762409848136,0.001564245905967012
2023-04-11,2.8279360748924634e-06,-0.0008621240535903287,0.0015607389499788676,-0.006406017584197523,0.005775417522333052,0.0005819267387178629,0.0028845886422021994,0.000497452642298997,-0.00012417356394288072,-0.00038542079795500614,0.0024770399065891153,0.0012622225263282396,-0.0005100855669086131,0.0014493375338299147,0.00021580588401516436,0.0013278535839791605,-0.0002959729012817977,-0.0011665711664221772
2023-04-12,0.000600533707322542,-0.00039380118785771424,0.0026005321172587344,-0.003549158338229175,-0.0037405665223885732,0.006925993538607766,-0.006076059510762224,0.001041022365484796,0.0008476228451051271,0.0023331860088551884,-0.0010321551127732134,-0.00013892118138569116,-0.001996571740387963,3.424185693379027e-05,-0.0018920304618954636,0.0006501097812147008,0.003527242035562579,-0.0015831451701298336
2023-04-13,0.005273170891265881,0.00612768342000797,0.004763621486433533,0.009772149659088371,0.006123268894366577,0.0038871765783802595,0.003955470158903216,-0.00044824349240535225,0.0005013577612299122,-0.002600393380511176,-0.005023573740415831,-0.0016984759787291486,0.0008919718402894177,0.003581829613841098,-0.003681996921276765,0.0046015378021123324,0.001251890939604712,-0.0012770233606594745
2023-04-14,0.00022575373592117077,-8.521917014126705e-05,-0.002629803963248014,0.00014158248166661665,-0.00567669544730589,-0.0004228597886672394,-0.0007910936015348632,-0.003132709536940962,-0.0017840273050636715,-0.00248036539440306,-0.005194373958668118,-0.0024460710348032004,-0.0005084660076228251,-0.0002586838498880228,-0.006307205642256357,-0.002773484962286554,0.002114320729120484,0.001652561572670309
2023-04-17,-0.0006007305926579018,-0.00046045781057390146,-0.0012352709804467855,-0.0009455635008140365,0.005757085145011385,-0.002550259499210195,0.004251613972654505,-0.0025279624741440768,-0.000997205472693916,-0.0025258291209874027,-0.0027135933487944294,-0.0014030241306306323,-0.002048608177971545,-0.0022856804496918168,0.00851618670751482,0.00041968034792124864,-0.004049585253167502,0.0013571749633302975
2023-04-18,0.0016632554669099096,0.0012986072903475817,0.00031663245384453136,0.0003933689586539333,-0.0027067567190064835,0.004333508976298139,-0.0024277436549307433,0.0006947237761367364,-0.0002386828414030913,0.0006652429057251916,0.000639622562262672,0.00011946713595613963,0.001825134448098594,0.00041910100661823283,-0.00047005802580519195,0.00036024919494410425,0.0012780745977210048,-0.0013193115806098758
2023-04-19,0.0006503400117169982,0.0014204248240133686,-0.0009287748487340039,0.0015339717303944154,0.0029930114403899696,0.00038876688876655647,-0.0050860143314757095,-0.0004615611696370996,-0.0006319836552734718,-0.0009120983482938712,0.0012075198389072499,0.0008287953326518395,-0.0029385033907436665,-0.0020203497309038074,0.004292260722894084,-1.1806509417932806e-05,-0.005328648044891089,-0.00019510755633914871
2023-04-20,0.00034623665585584336,-0.0012265724654283265,0.001549988330365782,-0.004633860264772541,0.000675535245290293,0.0037815632372409495,0.002246304172349789,0.0028619378806013446,0.0018925452263626398,0.0027807656511371457,0.002312582521177594,0.0014622896450778868,0.001593728915295252,1.7532969671196102e-05,-0.004069422632144024,0.0026275827059985433,-0.0020488681136513684,0.000895827112194703
2023-04-21,0.0003182615228302988,0.00018319936807742378,0.00010251722909431372,0.0012583716646505975,0.0008106067182270999,0.004463153366095855,-0.008338781039031233,-0.0013638550189697374,-0.0005043662369931029,-0.001671431276300857,-0.003819754897544229,0.0013021601875677275,0.0005827136233333885,0.0015116908273505654,-4.948036144131155e-05,-0.0025259069315069146,-0.0008214041719363145,-0.001638600163762223
2023-04-24,-1.2559152704687043e-05,0.0013827521474516597,0.002296397273745628,-0.0018490377192803657,5.5766652535432326e-05,0.0014782049061324268,-0.004238492803749955,0.002213286663051355,0.0008129469378360633,0.0024902686012203907,0.00427538920558416,0.0013543885503688536,0.0013596326370923202,0.0014364743147177316,-0.0029042775230426737,4.1283461267597934e-05,0.0029927178800017024,-0.0013646800191429481
2023-04-25,-0.0032730047007365586,-0.004752320109909768,0.0009797772223748974,-0.006966171569121353,-0.011326869236344631,0.00016333912908684384,-0.001495962333597993,0.0037059156258676482,0.003053635473013884,0.00504127212864337,0.0046297080584720395,0.003587444355166742,0.0008115067747661037,-7.526781943344987e-05,-0.0033960865142386833,0.002862888246425609,-0.0028962167835515466,0.00233087602070464
2023-04-26,0.00031236023345660715,-0.00030411276137654996,-0.0030300467924662027,0.008591095901181386,-0.0038059163696776716,0.0005230741857103049,0.007350089390516024,-0.0020349049805363515,-0.0009899637658800338,-0.002128226661012905,-0.00711519128216366,-0.001059882696213212,-0.0007762033156345611,2.885371378486077e-05,0.0006275038130505485,0.00028233746560628846,-0.004671107846518018,-0.0013159788751969292
2023-04-27,0.004831906483470349,0.007271695897399793,0.003495529346902235,0.013219688722823909,-0.001745896320374805,0.0009567800939159592,2.125107672362389e-05,-0.0020069282707677076,-0.0013632609673659688,-0.002954302177438213,-0.0023327547731240017,-0.0011899209101074583,-0.0018184475736055749,0.0007212979559053064,0.009794065132762673,0.00084817785170627,-0.001121707405666046,-0.000518198904734434
2023-04-28,0.0006749070378034901,0.0026012087994312424,0.0026444032129244056,0.000587425040212199,0.0015984306074671396,-0.004287081513236108,-0.00040849838576194775,0.002996708915842403,0.000915022848533733,0.005127327165232836,0.010291189091747347,-0.0017131471785010411,0.0035671448215258096,0.0008582549497489979,0.0022662473517802827,-0.0004735128455031915,0.003664506574806276,-0.00020424760524017315
2023-05-01,0.0014205781170568955,0.0008278201074481213,-0.0005338134202126856,0.0016954578351381878,0.0016503369581102388,0.0017175994824987248,0.0019420963779201786,-0.005672260667384159,-0.0015894822788611357,-0.005598523428412007,-0.01377207914462631,-0.0023653564798679977,-0.00798331042740865,-0.0014289006831056808,-0.0026252106447275,0.0023211580396182933,-0.003345760848859876,0.002214014407793094
2023-05-02,-0.0007626217185552273,-0.0008960070863721463,0.0008034299391395956,-0.001126297007434848,-0.005196457340719638,0.00021439455391052825,0.0025642961212314283,0.005491884606705734,0.0024148129427486497,0.005871063882040947,0.0077414209559493324,0.0037792138979107076,0.005239406790484547,0.0008389689285205571,-0.005418052910037031,0.0050154640985026235,-0.005243363317287048,-0.0001483778471573793
2023-05-03,2.4597219589720005e-05,-0.0020990072778933194,-0.003053576661222469,-0.0019427854177915928,0.009382045300927719,0.004861234704226067,0.000976628421746644,0.002981621501338861,0.0017964977038704112,0.003730491784202138,0.0007749119275072365,0.003267692122868525,0.00020750700036115642,0.000833293744474966,-0.0008880725870231213,0.00280283501749225,-0.0056239104564404716,-0.0013712502353834923
2023-05-04,-0.0010330242338474024,-0.00419054491408395,-0.005641933312403742,0.0018102423193276061,-0.010309827036086388,0.00044199835575409185,0.010307772847138791,-0.0003167982161816972,0.0013617762811700717,0.00048463473226374515,-0.0062138010413164135,0.00022021372218992226,-0.00013477263027622706,-0.0011745895502404138,0.005229273451672499,0.0031404812643518747,-0.0005055011463104379,0.0019404699017196094
2023-05-05,0.002369172022040773,0.00480272328556172,0.0024933120671467197,0.007431828347000345,0.006528874537789744,-0.00011793381406485261,-0.005757357574284378,-0.0018393626223572829,-0.001773384268938564,-0.001916633404457085,0.0038569386289099665,-0.0016930517450112416,-0.002394309870546919,0.0018064858334470393,0.004928266792211604,-0.004134436952649588,0.005333216135218297,-0.002045671379204059
2023-05-08,0.0009431926157799976,0.0009465235429321107,-0.001092478724519104,0.00359342064473279,-0.0020208357577612057,0.000663784193993294,0.0008397058281568258,-0.003268101648467681,-0.0011616377079333164,-0.0029806608595507934,-0.006974427196218372,-0.0014112760989069715,-0.0032070222362437706,-0.0010536675395142344,-0.002144680784402204,0.0016148421278412905,0.0012944586356379907,0.0008881474094099596
2023-05-09,-0.0008332006675017063,-0.0018515304122218787,0.000915307363851202,-0.0028109501447257552,-0.0004507242399977257,0.00024243906203034842,-0.0005594996537120964,-0.0004211566841319546,-0.00013409038620321726,-0.0006821546342596517,-0.002567535647951754,-0.0009400564517283476,0.0002850682502235672,-0.0019740042108523236,-0.0034137578218049855,0.002414689716519313,0.0013113834448860112,0.001570800640896329
2023-05-10,0.0004117071092752623,0.00201783295988745,-0.003182548118808474,0.00802317876060602,0.0020379711400989246,-0.0035637348566838365,-0.0018402850091164815,0.004051039215148062,0.0018613533589259346,0.0042981231752699245,0.003585893255628766,0.0009396317168917385,0.003484434634691413,0.0027291813559281383,0.0030806168820158193,-0.0005151321214385458,-0.0002669503024977783,-0.0019432598867998151
2023-05-11,0.001252382232486453,0.0006853262355663442,-0.0035566859361858866,0.002344526040438152,-0.0023913134237406077,0.0026358859778167947,0.0013328470821002535,0.0017503658349342195,0.0004885651539753718,0.001534934826594869,0.0038096671965824787,0.001212495152279663,0.001988347169647368,5.26940319585036e-05,-0.00285142146294288,0.000973400859950891,-0.004259919328485838,0.0024166773435017426
2023-05-12,0.00034285448312908326,-2.5976729902911153e-06,0.0005136400870470986,-0.0014447002233319273,-0.0007500329589090866,0.0030200835619901027,-0.004650432508313047,-0.0035012922012208074,-0.0012040854392548952,-0.003062352347360092,-0.0025445982047044916,-0.0005155709519556306,-0.0029462884030414986,-0.0022157000515754316,-0.0003020365301923296,0.001355879266190469,-0.002986854581458377,0.0021342634862172973
2023-05-15,0.0015207740718199388,0.00010864286997399556,-0.0014105284897872501,0.0018298423555824735,0.007001201521905649,0.0008379637076190698,0.008086017043798258,-0.0012183349231001147,0.00014970652532745856,-0.000283721590104799,-0.004478390355046104,-0.0010158714752355196,-0.0022136208362102732,0.0005441702281009609,-0.0014639643168303166,0.0019834162190464715,0.0016144415372915805,0.0002773018112448983
2023-05-16,-0.0003327661629718426,0.0011003900255465394,-0.002487297291111754,0.006679073185014204,-0.003437471169196354,-0.0022127501097671393,0.00027074525213038186,-0.0010514474820113929,-0.0009545690150360009,-0.0023523867739786695,-0.002804949000406226,-0.0012084677413714885,-0.0019326844831294423,-0.0017378701192332265,-0.0067279080133622465,-0.0005717015956196968,-0.001287851245602524,0.0003952453490590471
2023-05-17,0.000490952327361337,0.0025979626502295895,0.003324351052041853,0.002785351031775291,0.01001133426305854,-0.0030139200848622915,-0.004979320535014256,-0.0009313848928005714,-0.000744326798572173,-0.0013226464384002397,0.0011904538030064133,-0.00028766663218087867,0.0001034157265573616,-0.0004892387259058354,0.0018769631071051725,-0.000760393846261804,0.0018966558598603744,-0.0005168648075637257
2023-05-18,0.0024458484410881127,0.005068015831751663,-6.429113927273414e-05,0.011368724460888133,0.002249823608207822,-0.0019400389077124445,-0.005578955741129343,-0.003118487677874194,-0.0013213427840466805,-0.003482103143462314,-0.00274954756611865,-0.0008105085504063699,-0.002295676407302767,0.0001644597506710126,-0.002398911204835433,-0.0003264348058576519,-0.0017522962433441404,0.001271024743556017
2023-05-19,0.0015408811338956173,5.9943992135522844e-05,-0.002076970877556027,0.00019610814143765712,-0.004241832937053692,0.0057072625258557455,0.0023995443221212776,-0.001475857172045567,-0.0005966003959374964,-0.0026797600618207566,-0.004344311349242229,-0.0010234493135961502,-0.00034647439664434686,0.0010618550663373393,-0.0005358239189817032,0.0018526377822799932,-0.0007144631991995764,2.184460684061338e-05
2023-05-22,-0.0009160153243148298,-0.0024049000981850766,-0.006846954898020747,0.001737332494839889,0.007956048957063007,-0.0018248002337904216,0.006596929840137479,-0.0004614161675139429,-0.0003246824200447518,-0.000861017036718099,-0.0005389834231624511,-0.0011863329062102202,6.961656990888516e-05,0.0028083383723339853,0.00018340198418952992,-8.094903595287422e-05,-0.0014107570005056484,7.411234444449082e-05
2023-05-23,-0.00422604525508753,-0.00378732310601531,-2.496033989037548e-06,-0.003474053923873394,0.003497563311217781,-0.00535153755792034,-0.004972576213762073,0.00071761935605964,-0.00013396975900592618,0.0004069459213093705,-0.0008422220910536474,0.0019419542116909608,0.0016448492856133837,-0.0031831403288792243,-0.0049530775534106335,-0.000134645006756596,0.0007444691223495417,0.0002697439802113559
2023-05-24,-0.0015972155556349121,0.00014220130556216737,-0.0008303476073046731,0.0018933929067831545,-0.0013038736411165423,-0.006743050868236931,0.0006390930882397665,-0.0011962737666750976,-0.0009433756861056958,-0.001429017851953445,-0.003674801469545105,-0.0020913597072098966,-0.0009248050866848792,-0.0027687583062267884,-0.007862921279434505,-0.0004996626423246922,0.0019018772408975052,0.0007681325924897356
2023-05-25,0.002644892890057613,0.005750699287904658,-0.003413869067311188,0.018302775319736744,-0.008919573533009942,-0.0015332662380237543,-0.001611699755880948,-0.0023580945409936113,-0.00162744034247402,-0.00406629601679797,8.824254125921853e-05,-0.0019436288097564322,-0.0016455095091057327,0.00036909539740521166,0.003299293705510276,-0.00040474996346489753,-0.0028372851294856307,0.0003966586580996757
2023-05-26,0.0016648520033972977,0.002110687447051727,-0.0008864963325681246,0.012639432721938145,-0.0010948495150641026,-0.0013259807605019904,0.002417384408368882,-0.00032779658688725927,-0.00012091766118144605,0.0014062807660812715,0.0061901094755015445,-0.0010131130538410778,0.0016026256210683082,0.002526367939214736,0.002780449888596756,0.0004909382706399907,0.004371365535891739,0.00021120488908268876
2023-05-30,-0.00017854128946745082,0.002589693771987241,0.001632536400472175,0.005855981717900133,0.0005341058162496269,-0.005068373541203693,-0.0029827240628966852,0.003940016674543075,0.0013625863612511846,0.0037977847367200368,0.0010349811236339233,0.0026374070473651006,0.0022245167116592664,0.002261464557823775,0.0013965749974311457,0.0010512473702811581,-0.006475998404610175,-0.0018504684293240746
2023-05-31,-0.0013619089378635822,-0.0009996461736186662,0.001410582342492462,-0.00026341622608634825,-0.004589266030231346,-0.0035570818703363847,-0.0006200810915695607,0.002516576119273419,0.0007694925750683045,0.0017744752513239466,0.0037165878060414414,0.0005598529522048918,0.0016962004987324726,-0.001929733962896642,0.0032388331350604654,0.0002360932947566858,-0.003510187971959622,2.0051551328933558e-05
2023-06-01,0.0030736254611721785,0.004337066606404928,-0.0003223286940575139,0.005553123434532901,0.004622987306103423,0.0026747295477199257,0.0018888633637604187,0.0016745885901833005,0.001141741859500867,0.0013286075596570808,0.002456225201417064,-0.0008420933795111655,0.0010291180713677384,0.0034545878411319777,-0.0010277013726433595,4.593403665066609e-05,0.004616126311855026,-0.003310268911618005
2023-06-02,0.0002017577477366004,-0.002467906253880433,0.004334255517513784,-0.008563684110186997,0.014232219915558009,0.0013008849826464716,0.0034119004732738392,-0.002968604356578998,-0.0019680036424761307,-0.002780790995230857,0.00027091425972522974,-0.00267284790123544,-0.00025442342279827354,1.9679086116900814e-05,0.002990342334326039,-0.001213334009758189,7.052260987114312e-06,0.0035518854261360824
2023-06-05,0.0010919091358326466,0.002432172841537664,-0.001373007935822304,0.0049464712556682704,-0.007984990031361086,-0.0027420190225718585,0.003166513149811326,-5.1280350482345346e-05,0.00014859365231823218,-0.0007297921832448799,-0.0026983594431516135,0.0013337644366428517,-0.0016162945446473005,0.001016846211169025,-0.0008278275665922503,0.0016325640851900499,-0.0009535993672889532,-0.00014485071296927625
2023-06-06,-0.0001313455166828629,-0.0032701330828520305,-0.005215591575700139,-0.005579828735856259,0.019208564805409778,0.004357711698623831,0.0033939730665166947,0.0008949057995088158,-0.0003848108029450504,0.0006693069012512375,0.005602753226066954,-0.00014064575492511982,0.0011818648899379314,0.0001976301702834764,4.704385615371051e-05,0.0009995674283008469,-0.00270339056978805,0.0018112878481294139
2023-06-07,-0.003923277782909877,-0.0027270706979433965,0.0026275395160975587,-0.010160956266952874,0.01482996986482433,-0.006993697650190528,-0.0008788018525331788,-0.001989754626798911,-0.00043965905697157146,-0.0028431533586007317,-0.002343949961813443,-0.0012117978510824603,-0.002558694521516955,-0.004136863235179259,0.005718621085915185,-0.0028487898842979847,-0.002905072889279608,-0.0015362784084967137
2023-06-08,0.003066317954257859,0.004028048715132286,0.003652855547164889,0.007356593861019967,-0.0037878890643369555,0.004405919861117362,-0.0008959584580220809,0.0024256362326627173,0.0011054538024425327,0.0028949732566191785,0.0029143214524270968,0.0016500757072344168,0.001411110035877532,0.004034260107607494,-0.0019508177745900992,0.0018044890274448357,0.0016289726012183245,-0.001952003640201862
2023-06-09,0.0016815814014685881,0.0015804058961668157,0.0011633374093289594,0.0020676409315170396,-0.0069045722803766614,-0.0010100472628852806,0.0055819098155104625,-0.0014493522719776911,-0.0014132807183906198,-0.0022033577848604075,-3.635533389744535e-05,-0.0014095636955930978,-0.0015060835227612124,0.0013365747208803314,-0.001219872631324552,0.0007319260618973492,-0.0014619559847861311,0.0013745500917602981
2023-06-12,0.004051197920121881,0.0056706841592745905,0.0030430885353603856,0.009755184536808716,0.0020836455339976433,0.0014912163572326819,-0.002301266535700206,0.0008752954611418744,0.0007180873835024655,0.0005512128269558494,-0.00011260643895278071,0.0005083967753433036,0.0018867579321001065,-0.0010148283723054707,0.0019442195021421062,0.0014671127529234007,-0.0032013139040733673,-0.000133766294095953
2023-06-13,0.0011059655787105565,0.0012814570593951014,-0.0013977003507880045,0.003680078394863638,0.003919270371259371,0.0015338900674634753,0.0006132811354319333,-0.002562661789905941,-0.0013542544511258203,-0.0034593065754921328,-0.0012564093360050172,-0.0032974789626390227,-0.001067558976815818,0.0004018857765026295,0.002023448242718358,-0.0022207463914299033,0.0029740608567788776,-0.0013365468920404225
2023-06-14,0.001503760717640465,0.001901380963043299,-0.0056427020602358635,0.007484407023192661,-0.009220118155078323,0.0011808086331606279,0.0033355073110775194,5.7770600988539924e-05,-0.0005401607448023673,7.498144754560041e-05,0.003674131445127078,0.0009409858739409609,0.0018460967413723303,0.001480540142878586,0.00531526375801813,-0.001264207392299721,-0.0002455214746989705,-0.0015149886470107359
2023-06-15,0.0022890145516845286,0.005248473756382542,0.006226072114587455,0.0032882685781967964,-9.698000313007604e-05,0.0005368794587381018,-0.005217410016068499,0.003946310909348903,0.001602959151563552,0.00424697562099036,0.0022129839112310324,0.0015636220449421418,0.0034083392107826186,0.0007013678405562969,-0.00010662915602316619,-0.00015213658474902154,0.0064799518033565005,-0.001673087317946749
2023-06-16,-0.00034691628804968183,-0.0009295787554991926,-0.0012702572038284406,-0.001425357328064961,-0.00628027496500048,0.00044858731546973786,-0.00013460691341127783,-0.0018471965613535727,-0.000966117992423768,-0.0025297808622437284,-0.0004595991416635175,-0.001812897388898872,0.00031481693089929676,-0.0015462078392567374,-0.00034600211715839387,-0.0009919789929290245,0.003939406251030581,0.0007794916078098075
2023-06-20,-0.001297721026012279,0.001239843412608528,-0.0010324788463706288,0.004589942741454319,0.004412050979305087,-0.004241156455574907,-0.008710332589120436,0.0008524793022587802,0.00021553765629176366,0.000991278066472488,0.001268408857763124,0.0013036785598531892,0.0020372429332183345,-0.0012955996344878296,-0.003891461479695636,-0.0018293746062929151,-0.0008010285996651358,-0.0010238197031042415
2023-06-21,-0.0005396201380976832,-0.0004674628207962869,0.0010966251052681461,-0.006576196462310446,0.001963572152180932,0.0026245317470208864,-0.004136433744120354,0.0016458848287484596,-4.646881680019305e-05,0.0005458173191201685,0.0018956428847708452,-0.0010174691182245107,-0.0005201732355018204,-0.0012547084964529462,-0.0027223504173780957,-0.00205351775332045,0.004446294753890074,-0.0013573596968634123
2023-06-22,0.002980232961984873,0.005486865721989859,0.0018989972317034632,0.010662210462733844,-0.003120573805068959,-0.0029117222725263655,0.0007725087167613585,-0.0032876063001924982,-0.000808780321259416,-0.003298778564380153,-0.007522046458015567,-0.00028748406080016673,-0.0017498850844421335,-0.00019551203928214536,-0.002445706305008776,0.0009755830627738177,-0.003902633569725582,0.0003635873117620895
2023-06-23,-0.00045647067937788777,0.0004694689813305921,0.0015124004439331304,-0.00235715961620395,-0.004297005208277546,-0.004023785686512642,-0.00048054026023650574,0.0015558961205679265,0.0006059865517101404,0.001389882253343177,0.0026669353504895034,0.0012991938071915993,0.0003881353574913026,-0.00021180070848761477,-0.005730667840488424,0.0014041548637178357,-0.0016854704907849054,0.0016292420075307516
2023-06-26,-0.0015333649708039953,-0.004168970560922883,-0.0006863086722301854,-0.00908692568299986,-0.002082969415862597,0.001485656988789418,0.004932795961525288,0.0011259133248755521,0.0005873660907895473,0.0023089334052695427,0.0022000158913225596,0.00027584028887009935,0.001099211086856185,-0.00045097601257324503,0.0084782430480001,-0.0009958344360386341,-0.002932174362755213,-2.0899185430258175e-05
2023-06-27,0.003107822273290031,0.003475385074263578,-0.0008253781616185361,0.007746347419540459,0.006793657605093085,0.0009832938172358403,0.002367334254709812,-0.0011610308875019014,-0.00115515732146514,-0.0016715253999905276,0.0008727227725615337,-0.0006981032193185224,-0.0004302402781472596,0.0020665487218541525,0.005963018031446872,-0.00039640421980940456,-0.006366769736064695,-0.0017836378970193796
2023-06-28,8.51412856051939e-05,-0.0010576720774907917,-0.0033306025637458584,0.0004918799771144195,0.0033220022539453727,0.0025849129487424995,-0.0025710865836845475,0.0014495438647106926,0.0007925728137161001,0.0021920613663008407,0.0006440660755053177,0.0008846925227029457,0.0009945721626078456,0.0024405045439436974,-0.0024858612352585217,0.00018338168127866308,-0.0007128540785235633,0.0013621315303654095
2023-06-29,0.00018246837297851708,0.0007261770458751771,0.003580431164354246,-0.0023908172258574035,0.0056635318902257,-0.001386422847496798,-0.0029501664158398666,-0.004183836769759534,-0.0017293287597389079,-0.004782956652725878,-0.0053281181055827714,-0.0019975017787470456,-0.002285960540465067,-0.002850254348354155,0.0020665507722784984,0.00011197894160386909,-0.0016868769820395507,0.0006631105305557089
2023-06-30,0.0028472873562675853,0.004849042917589278,0.0015173726955417435,0.006101050348677466,-0.0020208461102725513,0.003291237304740253,-0.004011027628452825,0.00024554789898933614,0.00028740153403991674,3.3163043672619456e-05,0.005884824650823739,0.0015130445427284024,0.003053861519841352,0.0016687542576882216,0.0018247598692131047,-0.00020128224924848438,0.0021384341933096207,-0.0011208330612954335
2023-07-03,0.00044982394387751415,-0.0007701602222321764,-0.0013830755194237181,0.0011767239501867467,-0.001290172802644068,-0.0028719730723948166,0.008504979666862898,4.0601170088667244e-05,-0.0008521498952973466,-0.0025110458319878006,-0.0018365996509974673,-7.314333603238065e-05,-0.00047171503945679953,-0.0004222834191504876,0.004781914892726915,0.0006796170891727122,-0.0025977030701394388,0.0007842041854411487
2023-07-05,-0.000587406488371532,0.00160887818431056,-0.0012090881150022162,0.005817320890091527,-0.008478769197690288,-0.005681041084184177,0.0009852399309860432,-0.002268345599826388,-3.176650691741548e-05,-0.001977169552040097,-0.0020470321793925206,-0.0024190777106512336,-0.0029650565276679915,-0.0014605096758094134,0.001539370540505452,8.770849458787817e-05,0.002716238389237978,0.0011378553433795983
2023-07-06,-0.0010750059930086289,0.003369765510090019,-0.00021588774013792458,0.007599829796525985,-0.0048469401935997015,-0.006855137740229769,-0.005904199739413045,-0.003353726071134604,-0.0004153229234735761,-0.0048943857572392585,-0.005305745960519725,-0.0013801629713845595,-0.003928045204529413,-0.002689902737634811,0.0005137332800489378,-0.0013396939169803015,0.0007051051574380384,-0.0023612806309979135
2023-07-07,0.0005121346042652431,-0.0012699764266806321,-0.004034253086675436,-0.0004791793194966025,0.010546093395363904,0.0031928800420332444,0.005852795927616374,0.000464814461020876,0.0007596472116148292,-0.0011756182964441472,-0.0031554987004597996,-0.0009104642870130229,0.00033769578329343104,0.0011613555983569085,-0.0015349020145865404,0.0003134555907190039,0.0008241097296820587,-0.001513877695611461
2023-07-10,-0.000818858793881752,-0.0008165324614282888,0.0031685561009694107,-0.0024989021062932076,0.012701453018793211,-0.0005257183038369284,-0.002502661402322007,0.0012403028618931458,0.0010333199104462457,0.0033596321445492515,-0.0011964083221441546,0.0007545190902263907,0.0021474223978702797,0.001368208762421515,-0.0020371444195776325,-0.00047326247751408113,-0.0002686688616330259,-0.001434191572308961
2023-07-11,0.00036165459443919436,-0.0007729041969505059,0.0018714499353458388,-0.0013713015025044973,0.0012395646149457006,0.001275943919073124,0.0015028535333410434,0.0011830885272599023,-9.469774920781247e-05,0.0016446415757462726,0.00415712731457475,-0.0025119231680515693,0.0020680372672635663,0.001360825803341112,0.0026368382799218312,-0.0011891843609127374,0.0029163978597657285,-0.0007043935475271553
2023-07-12,0.002389412286484335,0.00219375242441647,-0.0018101691307708754,0.004072698156895231,0.0048063794632661385,0.00635614796189311,0.004314134054218002,0.004166503313064078,0.002062000741924825,0.004489410012522397,0.0007394278942527283,0.005530344648056631,0.002641946820755919,0.004656689611282657,0.0025798009491197534,0.00118573048934998,-0.0009217714275928102,-0.00229679378813033
2023-07-13,0.002987390833071273,0.0020113901452118634,-0.004363793764102138,0.009467357008428478,0.0010913907580091522,0.005819708527190269,-0.0017021487531200218,0.0033576274631802383,0.0021325455519684393,0.004654913639248494,0.0038185727701462464,0.0007742358410856871,0.0026396879433716923,0.002751681196195648,0.002805217856290912,-0.000660378996591925,0.004450176844468773,-0.001714334675183003
2023-07-14,0.0008850113067563883,0.002559131176071249,0.0065213692044292886,0.0028442585460640773,-0.005620430747698567,-0.0017931697689499483,-0.0008606656033094432,-0.0022841356397000803,-0.0018719677512240545,-0.001757852425692668,-0.000771493229833998,-0.002237125806062273,-0.0032638389946915225,-0.002999857725774012,0.0028586567189532452,0.00015701636048995153,-0.001016619973030668,-0.00010673526179178199
2023-07-17,0.00141091223541158,0.0022772659852770393,0.001277380362596382,0.0057533566985647,0.010759528336071505,-0.0022766921403149145,-0.00033223654610598516,0.00038698689766632525,0.0001948160618335126,0.0006627439058303354,-0.0018358434144827166,0.0014760250780872226,0.00037767204381304077,0.0014192685176066316,-0.002867881364555507,0.0012081053522523726,-0.0021182051696574224,-0.0011208751959800116
2023-07-18,0.0015523820247479525,0.002934151123734535,0.006502173895177666,0.002404492041269097,0.007917153464992091,0.003352030348111942,-0.011003451432167095,-4.88656027636627e-05,5.2930449548112436e-05,0.0006624924828642246,0.0029360434485418,-0.0015830049237695054,-0.00015534266422895108,-0.0004970591507577381,-0.006806809773689012,0.0011753308319802664,0.006086547848441896,0.00022130972922465586
2023-07-19,-0.00022434681147761627,-0.0005157036914067172,0.0003421915001399437,-0.0023633026542576826,0.00044227138998710266,-0.00021015574053024206,-0.0023285803139094694,0.0015631571350175498,0.00034634944630496415,0.0016510930833635864,0.006270058111908173,0.001233988504993021,0.0026769274443065117,-0.0009670786527392391,0.002456050656619477,-0.0002078921647689437,0.0005683723130524374,0.0009328904711401477
2023-07-20,-0.0010260419010516093,-0.0019853514259020634,0.008687821601729673,-0.015208982743396424,-0.005101661949987261,0.001360976395179056,0.0010725939355207686,-0.002719750927628666,-0.000805027777225141,-0.0048107252349429,-0.005021038931249153,0.002076587954057771,-0.0023740352052874156,-0.0022233768362135784,-0.0017041468536811537,0.0008025333296816563,-0.0016533543710105705,0.002374655314978983
2023-07-21,0.0005648820304715182,-0.0007099547583497897,-0.0011080651745631897,-0.0022923503349585365,-0.004691551575750856,0.002814697759724252,0.00012871728545931285,0.0004226049928456501,0.00011642233154969227,0.0006403405609431969,8.744682298755888e-06,-0.00044412822144416846,0.0007926998318180125,0.000832979313424257,0.0006794575842083072,-0.0003751317117189801,0.0017119791493876478,0.001135244418545379
2023-07-24,-0.0008160119886268941,0.0002073246179144072,0.0009450168331133569,-0.001785958534760268,-0.0042567613570618215,-0.00608109025770223,0.006608894662484913,-0.0008714626054768004,-0.0008126627022979126,-0.0006193618195385268,-0.0004992754756194193,-7.611168800446548e-05,0.0007282652665120057,-0.0013284036800831653,0.0025210088353056362,-0.0001056976441724828,0.002820013229460183,0.001419956800569189
2023-07-25,0.002149180537602953,0.002540420439156095,0.0008154100561637297,0.005057356762212407,0.00027649179188919313,-0.0006803562575326346,0.005090474696402225,-0.0006727199020840748,-6.40190042769729e-05,-0.001289340892210728,-0.0006381116520402788,-0.0015124244186389686,-0.0004950844418398965,0.00044560714485609976,-0.0018984744341345406,0.0016402969714600845,0.002269713342989168,0.000499788159673809
2023-07-26,0.00018238856166536343,-0.0008786321448143748,0.001739467959107658,-0.0038715911055912963,0.006678260848807038,0.0011605363062037108,0.005510173592445211,0.0020799286661695527,0.0006327104227551571,0.0018843272989922868,-0.001397967377338603,-0.0003214341890917632,0.0022463929156784296,0.0017734004576871638,-0.0001525991471027638,0.0003664284904560588,-0.0016044063788893045,-0.0007510154516456977
2023-07-27,0.0017897620478214051,0.00040069894895125753,-0.0004948733228043508,0.004483951413629647,-0.004636567962195871,0.006535616139966118,-0.0022007567641193857,-0.004456979351250017,-0.0009149709633369523,-0.005906000657747278,-0.008297664438589968,-0.0026540183161075604,-0.004306844272042179,-0.0026801627193119787,-0.004831360828916349,0.0017506163194939833,0.002450196799067712,0.0037170327710566112
2023-07-28,0.001543810270042783,0.0020142644134855236,-0.001891367528829629,0.006565697330840911,0.005077636067220849,-0.0020398750387013945,0.010530770854895498,0.0018027660348322013,0.000985105421926691,0.0009060894682660519,9.356697599336404e-05,0.0008732218789682467,0.0029659333700955337,0.003051980038292621,-0.0020363004248460798,0.002404239270304448,0.001304136322795065,0.0007819857255721282
2023-07-31,-2.5241691740245445e-05,-0.0009325011760938015,0.00015729333461434944,-0.0014347168641509868,0.007558233916846146,-0.0005946769440246151,-4.6877301460633656e-05,0.0006621499961559234,0.000190152532014244,0.0008342702796478315,0.0017393689003830821,-0.00035322079929595344,0.0012872302129827216,0.00016570091246140804,-0.0008136686071500612,0.00022085795089439456,0.0007345297619503564,0.000354559527269089
2023-08-01,-0.0009169791348130236,0.0014697295669901592,0.005439359446320936,0.004304803103157805,-0.0010428947027773991,-0.0052220833972625,-0.002489208157227439,-0.003385870415434875,-0.0004977218170134824,-0.0017898216824199257,-0.006205682927787358,-0.001720024110520019,-0.004026451949500088,-0.0022523037828032365,0.0007742945851128427,0.00016177115854780835,-8.803425182923527e-07,-8.249155238140155e-06
2023-08-02,-0.0016201317423781246,-0.0010886987372912948,0.00212201903887756,-0.004737982929593813,-0.0001761415806626164,-0.0027658775611326056,-0.0016917038616475026,-0.0007607030297936202,0.0003303786536546557,-0.0010336749511378547,-0.006799123569863069,0.0011927706791074752,-0.00281789455831564,-0.001119384806916234,-0.0008566971864087565,0.00013439173621388172,-0.00363874132345879,0.00013133108943014877
2023-08-03,0.0003025010236958276,0.0009024085230560923,0.0012712486813906397,0.004084850949143877,-0.00041436256187713655,-0.0012973165452417664,0.005687842518945324,-0.0035907507274989736,0.00039995216716422124,-0.0034958861057568847,-0.011235371873344462,-0.0029940048536549625,-0.0025911878147051853,-0.0009131054113064559,-0.0034180009700964424,0.0014401788490784474,0.003793222113089174,0.0007678111455489349
2023-08-04,-0.0003126686702444284,-0.0014543215658511968,-0.00042526751747222436,-0.002702688679659451,0.0032717539400272406,0.003184281209887729,-0.0015573378414366933,0.004025933721729478,0.0012227159365901534,0.004471883104538871,0.0034571473384463845,0.004422383066211239,0.003124049490895637,0.0038613549298212907,-0.003470738425584324,-0.0009482423517550315,0.00012633474636480294,-0.0011946246700284668
2023-08-07,0.0014697111709916048,0.003022882698916732,0.005715678144956426,0.0030018108908093427,-0.00678775518529505,0.0037101926288202877,-0.006407630438485749,0.0006786300131190456,0.00038969230151862135,-0.0011923773893726469,-0.005998141562459454,0.0017276543193468965,-0.002025921923154832,-0.000436524433272053,0.004717765961365326,0.00026680272107473726,-0.0003503860338790874,-5.639654220274625e-06
2023-08-08,-8.365342341038525e-05,-0.0002948897161686014,-0.0008145030132007906,-0.003825360283010993,-0.0007929861852289102,0.0009328339093797504,-0.002773840682312595,0.0009634909455607547,0.0003283790188662489,0.0028615441220942624,0.005776869199527787,-0.0015329705308131185,0.0010056814939918704,0.0012063446074318462,-0.0038694101886795782,-0.0008807428195340139,0.0022846703601086126,0.000984480168534784
2023-08-09,-0.0012715372134656398,-0.0033668019122288324,-0.0021750970211270116,-0.005708381152416499,-0.004547717787742298,0.0021791666759919067,0.005306674488112322,0.0005862063036834664,-0.0004894253090929155,0.00024060021036395888,0.0034361284240038,-0.0013144570384099532,0.0007662031782802435,0.0009365027829408623,0.0003520957166952771,-0.0014608323740925647,0.0014728046547262535,0.0008614957198970208
2023-08-10,0.00209833940256658,0.0007208623127153656,0.0019850338175055196,0.0024287188999488458,-0.004232647751891102,0.004587583118065291,0.003462184931350059,-0.003958018008089818,-0.00024892666578753373,-0.004126069296182425,-0.007259108769381829,-0.0014535193881426056,-0.0027421526748193804,0.0006287070353575798,-0.0002056345558330364,0.0017249855985524715,-0.00043651380170778385,0.0014565556204624514
2023-08-11,-0.0003308809028359592,0.0013564576774580993,0.0045269180058087905,-0.002393509038774092,0.003008070028571939,-0.002221863575858943,-0.007355537650880426,-0.0019004424021608374,-0.0006683618340329828,-0.003561465099044549,0.0011978055757325546,0.00043740233414730177,-0.0019514894707782246,-0.0013404117457602484,-0.0008983010630027374,-0.0005868564060640619,-0.0005229695025163205,-0.0005625887003275834
2023-08-14,0.0022419476205814875,0.004636938727045214,-7.25574674988569e-05,0.008030172427235967,-0.0010215559633813254,-0.003009744943657413,-0.0029930690879108445,-0.0004653685450093691,-0.0006327211645675913,-0.0010563817669347005,-0.0024102548935156275,-0.0012500779954874182,-0.000426125711018868,2.2148751004141408e-05,-0.0018134246534090293,0.0005981272405894793,0.0014477630777394064,0.0003152528326923923
2023-08-15,-0.0008690050565526714,-0.0007385918887672701,0.00022478603057653028,0.0022052320676686707,-0.0007024926373853883,-0.0014063478238516038,0.003470170648388976,-0.0014147488604305406,0.00023254331300298457,-0.00128072179122857,-0.0035930156451199472,-0.0008459246360067261,-0.0022581411056799994,0.0005052734195029806,-0.0012847780196290938,0.0004086573410864453,-0.0013407096926027814,-8.957918952407341e-05
2023-08-16,0.00025413964481298644,5.651102176998553e-05,0.0016171742935502595,-0.0020433394762814257,-0.0035288545678141946,-0.00023928223549525215,0.001380682811944112,-0.000982477875051739,-0.0003649916138884101,-0.002542307737123387,-0.004883422281585957,-0.0010707581669395013,-0.0017354130114022562,-0.00034144428716120345,-0.002966932793233042,0.0002788591348080521,0.0003595914303305735,0.000974824149741304
2023-08-17,-0.00012935662205443028,-0.00017805690523405287,-0.0006271580784077526,-0.0019237864961510302,-0.004319540489527705,-0.0017206700020672818,0.007504475091088956,-0.00037105817226112166,0.000867870250722672,-0.0013333287877178369,-0.0030029897697350953,-0.00021864462240919343,-9.521489542849149e-05,-0.0006567599416480874,-0.0006374261578377697,0.0005280553269107736,0.0004508893862841829,0.0010248790904055288
2023-08-18,-0.0008959654455348023,-0.0004398364037917874,0.0005641168288259776,-0.0012142290851615168,0.003839319649610295,0.00017060110633226208,-0.006595074804748429,0.00113195808246204,0.0002619975755184691,0.0017010124329213988,0.00047870066695393336,0.00011721067446038638,0.0015693237826013046,-0.001044471234721421,-0.0013707178403191645,-0.001249554476499245,0.0017665361447346808,-0.00017879035029869615
2023-08-21,0.003115677692891341,0.005157936004568879,-0.0022930176670663024,0.01233884605909724,-0.0017220406986332218,0.0008349370941293844,-0.001220517883083909,-0.0032542998590058573,-0.0008003522869050909,-0.003592852488855156,-0.007605253493045201,-0.00027159962529548333,-0.0029424882453642203,0.0010199520753022438,-0.0011117841289247747,0.0013580862957337523,0.0007355079460717286,0.00014844344012776784
2023-08-22,-0.00047935158449257027,-0.0019472769461723676,-0.004387737721189653,-0.00027225358812991377,-0.001892042057832148,0.000999651218430805,0.0012883486506881834,0.00021774377390524778,-0.00037827107294620025,-0.0006851158818798882,0.0036017058139461242,0.0006007160802068475,0.0012450175592632912,0.00036365006739745993,0.00031016855016270965,-0.00030299018441197825,-0.0005044405186230476,0.0013818656436763496
2023-08-23,0.0012446369050436532,0.0013089344936645167,-0.003279055830725708,0.0027208016769273997,0.0006687056814817516,0.00038464148731822204,0.0014989051200919382,0.0045927330358367605,0.0012612278036257998,0.004814718057946861,0.010083125579906985,0.003035926035157989,0.004904273009675502,0.0029231505287678717,0.0033944995095268205,-0.0006505706534243247,-0.0011293188414741185,-0.00037189180501657993
2023-08-24,-0.001882520060999579,-0.004785645053454104,-0.002919682521122227,-0.00851275790509963,-0.005181483893107634,-0.0013344646770498594,0.011639203763094559,-0.00048280225804149795,-0.00037866421571609724,-0.0020611653367885487,-0.002898339697167584,-0.002687626132314494,0.00016026258614323073,-0.0019193379262633335,-0.0017304890968997486,0.0010362861784223867,0.00018778341695822962,0.0036910730968042153
2023-08-25,0.00047475693411710464,0.0013300152096823135,0.0015695409122408518,0.0011611236050190063,-0.001920930442402307,0.001573084132346799,-0.00529705887287635,-0.0009856815777498438,-0.00041087421270051793,-1.1004786511639459e-05,0.003134436095633121,-0.0009185758173915507,-0.0010036322026763665,0.001298395597905315,-0.002191667703517348,-0.0004948815411616827,0.003028212855125738,0.00048502458385348793
2023-08-28,0.0010713327651554368,0.00012338482758471585,0.0007003280478518892,0.0002408813444046672,0.0018354297887100465,0.0035736404271814667,0.0016370662653039311,0.0011830737070680584,0.000438013452945434,0.001930018791956459,-0.00030036007983283604,-0.00025114171540397334,0.0010879348400242455,0.0011395679040426088,0.0019571100852299635,0.0001802843656762516,-0.0008741749166423101,0.00022724472236322125
2023-08-29,0.002818664753953296,0.004418267202776683,-0.00047076012911287553,0.008790321051240014,0.0029659529269323148,0.0004170981097730408,-0.0030335995894971643,0.003315096179250047,0.0016130461231661135,0.003552423018911248,0.0033042029227510422,0.0012665540583936836,0.002370708169874893,0.0016884790261984034,0.002584747157821383,-9.17202441477246e-05,0.0008740968824700228,-0.0012159180696361552
2023-08-30,0.001384515652589426,0.0030980051174187414,0.0012419787961018077,0.004868254867045367,0.0022287306988955247,-0.0017468676476983505,-0.00432683990534213,-0.00011569233763803594,3.374123433667949e-05,0.0004063845452098062,0.0004262136743366351,-0.0010257996943973857,-0.0009571611208164154,-0.0005907522267390613,0.001055327778889816,-0.00043466022800747565,0.0011372965461829393,-0.0010317826637280094
2023-08-31,0.00051137379120337,0.0009896885315903432,-0.0021288645227286037,0.005003499899956633,0.0013674568851321954,0.0011953581528849509,-0.007308810018283268,0.0005592025711990349,0.0007786707021433936,0.0005017642295429342,0.0009082111727032765,0.0006992061986860329,0.0002768866040209388,-0.0006951366509600135,-0.0032838401192680127,0.000785455605464946,0.0028582288808007305,0.0013422436971915553
2023-09-01,-0.000701511064925304,-0.0025718858465291145,-0.0014288306105080693,-0.0036354536566106663,0.004206671038011126,-0.002657830687874748,0.009264448754596057,-0.002627944125895954,-0.00025280228184922646,-0.00205174786657813,-0.004543605663285643,-0.0026806778468367897,-0.002900108133075203,0.000682119709017016,-0.004252447303569574,0.002215053344594928,0.0013426551574530488,0.003117341083425013
2023-09-05,0.0009670093770688974,0.002150919529960457,0.00022419210405619488,0.008055003537490626,-0.013669105835146834,-0.0015671831035255334,-0.0010737262702583267,-0.0029514355491298164,-0.0007693713500783163,-0.003289821551611839,-0.008746722508292282,4.998187383085332e-05,-0.0021169935148744106,-0.0018715325305638788,0.0007541991981386657,0.0010783760611825025,0.0027787279678928327,0.0017520938249951388
2023-09-06,-0.0013307626951572513,-0.002145111111496266,-0.001747969183344549,-0.002307302819184085,0.0012087364042681027,0.0019455992274614352,-0.00033911528891271674,-0.0002990471242658862,-0.0008308832314377692,-0.001987512831901293,0.002634119319040704,-0.00113290169564033,0.00020450187547882068,-0.0005219361122412217,6.760984755877549e-05,-0.001298937407477615,0.0005997411346371235,7.163516380371242e-05
2023-09-07,-0.00018259724317291372,-0.0010450558913398088,0.0037381936454826646,-0.002980180120043672,-0.008042186296251894,0.001561306515594293,-0.00399229054228715,0.001489409851828516,0.0013702173916697793,0.0010230975032641293,-0.0013693377302276405,0.0023374020828424284,0.001040433004321765,0.0005682381923465267,0.0007240600035490407,-0.00039208652594531533,0.00012787059949462406,0.0006275160177412135
2023-09-08,4.6959961782875085e-05,0.0013502837168203117,0.0023539910783702263,-0.00012344631555292552,-0.0014997794223438133,-0.0017167882494139993,0.0003642421062616727,2.3710511633102016e-05,-0.0003681764498913104,-0.00045071664472899826,0.0008535134565657541,0.0012341352319205513,-7.711496334274117e-05,0.00029350647275096296,-0.0008391240589393353,0.00024157149121906293,0.00024609030775938267,0.0006262156970757722
2023-09-11,0.0024307987609354454,0.0026002172360884692,-0.0010760378109368352,0.006549481788720715,-0.002213424997742371,0.002181869714825372,0.0016524919672134559,-0.0006883544710104547,0.00020081962509362191,-0.0007821923883259826,-0.004004951741605599,-0.0007675685941654607,-0.0007557816439252235,0.0013259138080696713,0.0013791733534904691,0.00013502014844036896,0.0015669679559050373,-0.00019240676823122863
2023-09-12,-0.0015490479572663682,-0.002449008651833435,0.00210933181007563,-0.006489650703104732,0.0019398370155076683,-0.0006694688393939678,0.0004995609672982845,0.00023413448295060357,-0.00036975243458911653,0.001025301676216866,0.003982361127100589,-0.0002396380581448491,-0.00021111285226099518,-0.00037479508820892436,-0.0006891070500276543,-0.0007134691007289517,0.00011286520544855636,0.00043496410726374295
2023-09-13,0.0016420203308189433,0.0026323234558652247,-0.0002916842707949541,0.004019773554397829,-0.0037711077642001156,-0.0019031937926002633,-0.00022690456568126788,0.0005097336644417183,0.0005885111049035783,-0.0002635752995889043,-0.003141071716100218,0.00015696514238939196,0.000496994720736135,0.0017938090063313315,-0.0035230560888078084,0.0004252587645283256,0.003033485637743912,0.00039989300040190704
2023-09-14,-3.534846574797246e-05,-0.001881487288565695,-0.0006446311834913312,-0.0017626470761053538,-0.00013577067871222218,0.005951193902167745,-0.0023764401813624013,-0.00040580546402629067,3.661282477267821e-05,0.00013052229544061739,-0.0012661112069855696,-0.0007945852139060319,-0.0007410479245171097,-0.0018090891503748465,0.0021695644949381795,0.0011530109881990377,0.00015517248819892082,0.0029080766907450544
2023-09-15,0.00019076374927908674,-0.003423062519609967,-0.0002643012015475458,-0.005495594912702913,-0.001264877979936404,0.005020188326251894,0.006542843456888036,-0.0011026275360227216,-0.0003854767568708407,-0.0022105713491058195,-0.0038368663758883183,-0.0008658770523036503,0.0008539978103540981,-0.000713389804106969,0.00010490992737428612,-0.0004926742550516363,-0.0005195940731216129,0.0014445343150470717
2023-09-18,0.0009032253549444171,0.003074901769459792,0.0027268244931948973,0.0019546755417925504,-0.002028999097579101,-0.0021162779517164038,5.094158098008228e-05,0.0003906289780691613,-0.00016930509272262536,-0.0006977970784795733,0.0006720024177440517,0.0008628922032462541,-0.00011445803006570731,0.0012103341610984393,-0.0021219018595471434,-0.00033026636610753324,0.0013165150357164592,-0.0001559301966744817
2023-09-19,0.0008089257540922733,0.0010562477188991721,-0.00029434427261154856,0.001767867334315886,-0.00042985189671057794,0.003470700631516697,-0.002300325770523235,-0.0014727115518692819,-0.0004916155896288509,-0.0018795240696023378,-0.0035395868734145984,-0.0011480719622661221,-0.0006774209386012481,-0.001143033875149498,-0.0002969729234125239,0.00013478596389268518,0.0014493791221239652,0.0006400652417982377
2023-09-20,-0.00036838672363102235,-0.0039171452039970175,0.0026109105254982197,-0.007286009074772665,-0.00371621672324415,0.0038607808270742115,0.005603577039270034,-0.00030754004258644785,-0.00047341072656692935,-0.0008201354707893094,0.0020739905269692416,-0.0010829963153012267,0.0004135562400197603,0.00040573318143290226,0.0008526789459362529,-0.00031380756434226144,-0.0010079310280442962,0.0011601146579170796
2023-09-21,-0.0001521667988798013,0.0003431319301867748,0.005183256280825596,0.0008760476805479353,0.0035713238159835563,-0.0016835615485821173,0.00162948152915671,-0.003356431500229754,0.0003485771252092263,-0.004394582287387356,-0.015952388813915475,-0.0010320929173739434,-0.0025459522698748132,-0.0009713160792782808,-0.008843410306480542,0.0021143716563621698,0.0029238945838266925,0.0003991158191153952
2023-09-22,-0.0007974817932199887,-0.002080830330891293,-0.002260780151684849,-0.00207878906277237,-0.0007338120478160366,0.0008650412582663827,0.009732577922514574,0.0020852934974975325,0.0006461098976582875,0.0007722054435349152,0.00024095548685199204,0.0004998562190119964,0.002727854769440237,0.0015865130240855828,-0.00329541159654553,0.0013307523465803995,0.0003846005383836284,0.0025064922326407603
2023-09-25,0.0017542444369509351,0.003279603988612478,-6.280186105371349e-06,0.005058169362427793,0.0019090541197206781,-0.0029437030072718,-0.0005406672427901819,-0.004273610882291534,-0.00011509627266984257,-0.002263798605337282,-0.0106445901315931,-0.002350860723917478,-0.0034697172129248555,-0.0008296672798391436,-0.0013725169252710116,0.002203736906169541,0.0008645375285957543,0.0004940913432285011
2023-09-26,-0.0019089196973581003,-0.0025560572476773496,-0.00019507751367143188,-0.0008653241092747965,0.001110366076732502,-0.00033057573893610984,0.0012769271960276565,-0.0004351699011009341,4.26193837270985e-05,-0.0003744097279831108,-0.003415774469841184,-0.0016975118546368956,-0.0005614520992099333,-0.0004358798963522235,-0.004891475072347924,0.0004044307478943271,0.002417047469273973,0.0007896846483143637
2023-09-27,-0.0007142819803342918,-0.0010877864033956846,-0.0034831999936443887,0.000507896370703298,0.007031251284975183,-0.002325063783044935,-0.0007254194047409232,-0.001971798976743287,-0.0004471579923440166,-0.0022508721676306616,-0.00036308106830252544,-0.0006981845245421551,-0.0016090778023639812,-0.00021798096226900363,-0.0037373899811222284,0.0014426788936171206,0.000578399021427525,0.0010595279227274216
2023-09-28,0.0001366620714749493,0.0010460634990604074,-0.0007874393342684246,0.0034018865221751207,0.0030082721531049664,0.000779860413104131,-0.006369937249161498,0.0013701080734127124,0.0011847975501562927,0.0007592314497760406,0.0005531123721512119,0.0033035242196254883,-0.0007135012697341583,0.0019384295499143347,0.0030585735498915682,-0.0009400125295236797,-0.001757593120928582,-0.0018962121985807057
2023-09-29,-0.00016420519598251858,-1.2830540478826757e-05,-0.002580499782934749,0.003276107840068967,-0.001916545681754981,-0.00046125583315157186,0.003968499797078539,-0.0004274889762412368,0.00010144826400751631,0.000499335190725661,0.0008148476438530462,-0.0009190062090263268,-0.0005518160024678052,0.0006444111214966306,0.003877272670625351,0.00032348664441920333,-0.0009795144680274023,-0.0001695918364432587
2023-10-02,0.0018342089929361087,0.00438688869573293,0.0022017896321270616,0.010822686532947176,-0.008313591850994007,-0.006937736639525944,0.0033293860010123605,-0.0037690667981185046,-0.0005316406832180872,-0.00427794436279921,-0.008822346758397985,-0.0020185559643034565,-0.0029626463603274816,-0.0011845441749092633,-0.002452891395305766,0.003145093466659669,0.00273786195569972,0.0016702098833337436
2023-10-03,0.0008189178826757161,0.001206536875243809,0.0014068760673002709,4.3025709298451925e-05,-0.0010515414091957324,0.0004551930895021986,0.003184421654055858,-0.0037985775232217177,-0.00045815407479212584,-0.004212334225902704,-0.011113679148301579,-0.0023304160552224673,-0.0030660888483893603,-0.0027112494879068146,-0.003011275104748589,0.0006844427121543706,0.0011721146263152698,0.0011356719588734578
2023-10-04,0.0018909360758803083,0.0038291485123154475,0.0006772357252201123,0.006934232405050811,-0.0009376190364097049,-0.00020292500731579604,-0.003078931793402806,0.003521241468117939,0.0014880035073092837,0.001549319908092507,0.003516746705750499,0.002710434840452932,0.0022124155501990336,0.0019955652322634484,0.005732546283959692,-0.0004400483639579681,-0.0037815493754476265,-0.0020161722223557147
2023-10-05,0.0010288802137219148,-0.000793470261533109,0.00025611491607253965,-0.0025471788872202823,-0.00038929367494115437,0.005757679119616553,0.0012104224347668888,0.0006341326022804884,0.0006845247556474964,0.0017365639286864036,-0.0034202084171278146,-0.0009351813486225108,-0.0007738955422078871,0.0005761265275385537,0.0023337977362305937,-0.0005170858270424285,-0.0014872468593605526,0.00024349116993369318
2023-10-06,0.0021399971066565267,0.0028481921904065007,0.0004082000535742692,0.0053661890813275544,-0.0004604110752913747,1.4199814509173111e-05,0.0008782127286146493,-0.0024464748611796004,-0.000509627240362101,-0.002950013926731331,-0.005359142201152069,-0.0018768828932586837,-0.0009791622798078813,-3.387813609733413e-05,-0.00023071683774826416,0.00016933660406881317,0.00041897610594476137,0.0005944966391616129
2023-10-09,-0.0013930856882450838,0.0008231885870548968,0.0007346097399098146,0.00013319026306793293,-0.001616267452531575,-0.00462388885914828,-0.009907869341289632,0.004970251447274064,0.0020885981734338377,0.00595243205927932,0.008753859787701443,0.002607232296965486,0.0021585009692153233,0.0003693528045679798,-0.0037894260546814697,-0.0027505523108688444,0.0035545287424461787,0.0002901956601442893
2023-10-10,0.0009284438250241524,-0.0006571022670622687,-0.001305822993257686,-0.0023333638798525257,0.005022271496288362,0.004882908670715473,0.0023868623947504147,-0.0007455951800471048,-0.00041752936248421173,-0.0012354953715382516,-0.00041232487488309603,0.0003796556933764915,0.0010383772906396224,-9.386737885559195e-06,0.002050380053657595,0.00021692279640465992,-0.002817147308183598,0.0006452243306270672
2023-10-11,0.0006617125202911661,-3.774616706500589e-05,-0.0018884656916017544,0.0012753243319421669,-0.005506058116870656,0.0009194469304873256,0.0010291413409093484,0.0021720627347230005,-0.00016669877761675702,0.002434808963045809,0.011006747982263258,0.001558333476430614,0.0017348260963026153,-0.0002869992193356751,0.00718992607631757,-0.0012735143762449587,-0.0028356909523770684,0.0005787434280002404
2023-10-12,0.001293723364813603,0.0011704991890266244,0.0013418364834991599,0.005074391135331136,-0.014587136853301574,0.0019832375951452062,0.002245401734778293,-0.0047692146838155345,-0.0006955424062690159,-0.004838790835523833,-0.016138445901312463,-0.0016263992651764266,-0.003659931557020958,-0.0015403287093735721,-0.00258740943523314,0.0024217574612430915,0.0024907202911778788,0.0032649656772345704
2023-10-13,-0.0020477153173617067,-0.0011279443152987416,0.004773427452938809,-0.006551996486125063,-0.0050484919132209915,-0.004683516860005266,-0.0003576328983954432,0.001579778101155047,0.0004418653281776945,0.002496894981412406,0.0077418277867930575,0.0014372031449939211,0.00050377211751666,-0.0015959904490953662,-0.006213795850642553,-0.00011075515385725737,0.003990602007297173,0.002518269952405466
2023-10-16,0.0005419706511547925,0.0030051185673256667,0.002253873140125191,0.00379855208061657,0.006143202405236425,-0.0025030685402023297,-0.0038197784505672183,-0.0032118939881918863,-0.0003405652735358227,-0.0020600166223254104,-0.005789080561712501,0.00017003479850203175,-0.002650641128010677,-0.0006858411810325019,0.004159574614377192,-0.00014491742909901982,-0.0026552049373978594,-0.0018929859850559086
2023-10-17,0.0002644977651774454,-2.3645222687092326e-05,-0.00013636190245197685,-0.001887612202552178,0.010167647569620481,0.00017778999867784602,-0.002680340520576228,-0.004085389054067985,-0.0014913631336570877,-0.00534675759698261,-0.001669823677085576,-0.001462959530998515,-0.002645571529504445,-0.0022030870525652606,-0.0018150311882382001,5.630558805557774e-05,-0.0009290338263677885,0.00020982733383230522
2023-10-18,-0.00043510090327346373,-6.890192352590127e-05,0.002574450045112666,0.0028983460525843913,-0.006101169956523728,-0.0029802658430265767,0.002291798075207699,-0.00294217886582104,5.5151596878066735e-05,-0.003473854108092594,-0.005467674817793448,-0.0006525719438901303,-0.004561754164947496,-0.0006874523246079671,-0.007443655833146113,0.001882374923758201,0.0038746237645483402,0.002420194456937433
2023-10-19,0.00034898457632357924,0.0024616035986212547,0.003427953028692513,0.003951979574220235,-0.0041333850052010825,-0.0015706197119452273,0.002480862003418396,-0.002114486392881523,0.0009789667221182228,-0.0037966572380336303,-0.014644222909136386,0.00042455459074746283,-0.0038269874491714964,-9.425305754585814e-05,-0.007303240789112767,0.002045833380631473,0.0035852854434894723,0.001266856822544479
2023-10-20,-0.0018513218106368697,-0.0030949381431695303,0.0005890674305985746,-0.0035333353796110963,-0.002066341608798098,0.0012484200361581547,0.0022877120326808154,0.0016300870629139038,0.0009770899213699048,0.0022428416186678016,-0.001464137646524452,0.0015046775281395254,0.0005539286124790414,0.0017737598686619225,-0.0030777460015194436,-6.83739369790352e-05,-0.00034083673492290526,0.00040245442568274123
2023-10-23,0.0009993442933681552,0.0011441604367847806,-0.002508349129963925,0.0041405473276779755,-0.002364542404066804,0.0006851013384685085,0.0003492874182146686,0.00150642183711537,0.00024950879746503624,0.0011741450174810463,0.0032385202222604548,-0.0018383234606019253,0.0032276370410975995,0.002837053574895208,-0.001982325177952087,-0.0016448003200046934,0.002323734883696117,-0.0015058231643791564
2023-10-24,-0.00047974245316001994,-0.002246132408528634,-0.002650649918177152,-0.003172306548818761,-0.0010303120316939585,0.00026600428272002645,0.00648090623516587,0.0017923786985350168,-0.00014593477154531002,0.00029597518703595007,0.0078052553146790195,-0.00027760160884090124,0.0013970602987550722,0.0016099813310742322,0.0013587726509644849,0.001777312104690545,-0.002739214212684535,0.0018843766804512926
2023-10-25,-0.0012591869879693424,-0.002809642679594224,0.0071037568372370324,-0.009180942249676546,-0.004323014962476326,0.003686594268009092,0.0014087594237241416,-0.004234295244648927,-0.0007290145515286594,-0.005158280409917878,-0.013373569688237871,-0.0007827016548653705,-0.003365685892945132,-0.0015675460280420404,-0.008338574164249171,0.0011282954369463607,0.0018463105470485118,0.0023682476122163596
2023-10-26,-0.004572994345680855,-0.008364302202557789,-0.004588082196295126,-0.010739343382875546,0.004373606405721731,9.85826284615448e-05,0.006067212902241867,0.0040144387246522865,0.001279455640721816,0.0033935027548257007,0.007245379032211379,0.0027696296352775667,0.002511174892254534,0.001099387750910342,0.0030267468009373202,-0.0007256095068500557,-0.005062450110638877,0.0005603514515082806
2023-10-27,0.00033787712728194485,0.0010380128629224952,-0.005451871102431808,0.010040088333200997,-0.0052114111945804,-0.0002637108000786842,0.00030328094812558386,-0.0006037211452768487,0.00039433826845160116,0.0005501132006178202,-0.0060251799629122945,-3.461260017699778e-05,-0.0016830680220537206,0.000850749746302823,-0.004735226153322806,0.0011105574787808898,0.004149685525755266,0.0016289286617320224
2023-10-30,0.0023837874820522246,0.003971079617454142,0.008466111108517665,-0.0005523279312859737,-0.0018969557149477881,0.001981750932575207,-0.0022258057752108616,-0.0016408178978233154,-0.00016697612319871875,-0.001716529743636557,-0.0012165901133959173,0.00041504521597728267,-0.001731074515125314,0.0001227959297393148,0.004709518726911627,0.0012191113885074451,-0.0033694000527626396,-0.0010261665742654679
2023-10-31,8.575573316475099e-05,-0.0007642769179324362,-0.00344924396308474,-0.0010131939846648565,-0.0007056418945012508,0.0018300704149147998,-0.005633082745538033,-2.9906672474345965e-05,-0.00014386105886758774,-0.00040256571571899765,-0.0007427355600181504,-0.0009017343559828985,-0.0014876013826208275,-0.0008608686688680849,0.0023445730698497935,0.00048389777986484854,-0.0009523776466303299,0.0007619856631445546
2023-11-01,-0.00012100197524518574,0.0004993061275982858,-0.002390242875549219,0.0027586509321175044,-0.003743746871686387,5.132542490566758e-05,-0.003815921542447854,0.005742883092851472,0.0014668598840820997,0.005063944145368893,0.00643506563701657,0.0024651981118149462,0.004367697001188307,0.0029523601348223853,-0.00040885425820839927,2.4860113803202785e-05,0.0009413707297998606,0.000177463762742501
2023-11-02,-0.0005316418638640838,-0.0004081127718538642,-0.0017015859668730801,-0.002771732240808754,0.003897736875420485,2.5400341953380617e-05,-0.006799100655228357,0.0024974270252923762,7.276911627642412e-05,0.0034785787010103435,0.015659730027602542,0.00026407388654666516,0.003881554604893391,0.0021526212871615744,0.0063862577533203915,-0.0027882697392618006,-0.0010219803231233532,-0.0017174901761747578
2023-11-03,-0.0005826106635696791,-0.0011146560549341183,-0.0027640364242212997,0.0013791404665029552,0.013926209058561439,-0.0033531818026624662,0.004204990175725409,0.0034433778430097866,0.0017782811923139977,0.0046557573392682385,0.00371909397377119,0.0026001922971425613,0.0006605572050471346,0.004352659280005044,0.006289514333566275,-0.00038329793088523207,-0.004770507708940221,-0.002531648663591908
2023-11-06,0.001237882862247445,0.0038224426194414652,0.002757629837118725,0.0034527872155952523,-0.009438043180874357,-0.005569512316104601,0.005100011314503159,-0.0029859952991265807,-0.0012265139973898264,-0.003139071352388187,-0.005866614428726902,-0.0011687865874987402,-0.0013045498476357206,-9.054143620913432e-05,-0.0017184812650744424,0.0009415008522856948,0.0016945767628423125,0.00048636254817673453
2023-11-07,0.0012979005324523659,0.003166014781964597,0.0027291634748444924,0.004471660487391999,0.0007762925446578228,-0.0027728060972928457,0.001442999911381717,0.002780605517166549,0.0004712303512258336,0.0019173511251787834,0.00376066934960706,0.0009551372057608107,0.0034872751160635795,0.0006091520323916859,-0.0011552602458884034,0.001863949650314463,-0.0012651263075051829,-4.9478895943829045e-06
2023-11-08,0.0016668348907145302,0.0021878540542980395,0.0002772279544377965,0.0008754821602893069,-0.006966249444135812,0.000527466831974801,-0.004110153194967069,0.00166768904695647,-0.00021848758525115771,0.0015293095926516612,0.008859482581352178,0.0007127933548632516,0.0018186396214155474,0.000868383705278083,0.004369008455505327,-0.0015122169701443453,-0.0011077036318241553,-0.001267194584838254
2023-11-09,0.002154456825111348,-0.00020914327396546854,0.0010917889974975288,0.0011554051337434763,-0.006752567203074298,0.007955464835143668,0.002029384196601397,-0.004529869686928889,-0.000889896984365304,-0.005155024320738781,-0.012331071321885281,-0.0034558355197486096,-0.0034303928840041485,-0.0018770507239278004,-0.004191123718006838,0.0020368362168872163,0.0019949609563019183,0.00299256113043969
2023-11-10,0.00012790674941934484,0.004224476704825364,0.0007040097441506042,0.008307588049671995,-0.0011495176067995924,-0.006330763226564893,-0.006905513274419463,0.0011183433758044686,0.0002581569960924735,0.0005415971577845495,0.0038192791113732067,-0.0011613407723558913,0.002151860025735122,0.000562799552885321,0.002115158633286141,-0.001029463942427188,0.002173090057874737,-0.001959361495477599
2023-11-13,2.8028989907091394e-05,9.947402605129199e-05,0.0025423945713330684,-0.001369712252892301,0.0009412894251838363,0.001506172499959256,-0.0026322890313275615,-6.34970223253617e-05,0.0003196290323013916,-0.0005223123663016037,-0.0016259907867009129,-0.0015941291161495463,0.00035020016699316696,-0.0010094653192527297,-0.005119874750857983,-0.0003484999748142592,0.0035020642040445894,0.0009119620890017358
2023-11-14,-0.000948297444311217,-0.0004954842938458964,-0.00426323311140275,0.0013759655100163588,0.029323114983665584,0.000491384658649216,-0.003912326479738978,0.007460037584937164,0.0027029312590769227,0.009337524721975958,0.0138907239449622,0.002538563338544686,0.007103732323381096,0.001283514283281613,0.018880271658334564,-0.0029415491154509057,-0.00616099352228346,-0.005126129264245717
2023-11-15,0.000663133290503398,-2.9182387765270407e-05,0.0030839883110783217,-0.0019160465274624268,-0.0007974869127637179,-0.002246055546566401,0.007773548137793912,-0.003560874038519596,-0.001174629616489866,-0.003877938101855918,-0.006367070782972779,-0.0009319554338344917,-0.000738027345722975,-0.001072914082588479,0.002164242140693309,0.0017667325767975152,-0.002550500040466486,0.0012738702458289577
2023-11-16,0.004278564194449529,0.004878173057051504,0.0036966711036134524,0.0015693921752361782,-0.00878061119039114,0.00511126573452852,-0.0007100278239334287,0.002602775320740225,0.0011700674922490437,0.0030247846717388017,0.0014439762662213067,0.0023011984716799485,0.0028015375171011212,0.0008750656077737958,0.001436043357513188,0.0016071888023554293,-0.002335142397045544,0.0008136473103931018
2023-11-17,-0.00044733999786738914,-0.0015459008962756854,-0.0026340428493783854,-0.0019288897322696612,0.01037508627203838,0.006610914434246003,-0.00754948033813981,0.0013152378338533062,-0.0006101064234782295,0.00020909361996263053,0.0030471102370639323,-0.0007418991194809207,0.0012838905458187756,0.0005354190481630457,-0.0022854719774597406,-0.002325468349016371,0.0018016304825933908,-0.0011071402450399444
2023-11-20,-0.0005607001269913653,0.0016787926266100487,0.00029864535318386686,0.0048720047667637,-0.0013473974081628691,-0.004615020354274128,-0.0003749936773291933,0.0006090651823280945,0.00015621185273795112,0.0005778380504706802,0.0035410518963334666,0.0005283400992534514,0.002602082132110586,2.1034831299704708e-05,0.00350175536523049,-0.0008622873190129968,0.0013165048786946756,-0.0010933783185845861
2023-11-21,0.0019144109594158498,0.0019008984215880724,0.0018002854245855048,-0.0003340904183939744,-0.00826905571304012,0.0010153432234246756,0.0010419943188343973,0.0007422199052669257,0.000462771218762174,0.000668485299797384,-0.0012296625410874572,-0.002204000333065475,-0.000737843587912543,0.0005679718742224794,-0.004552176046420152,0.00027594967404280177,0.003769066710078883,0.001335707510241355
2023-11-22,0.0006030529291304234,0.00020085427786920886,0.0015255473458341134,-0.0009095498602701754,0.002955698435758022,0.00163466122166193,-0.0021502166513954588,0.00029231592850624956,0.00015277598942655033,-0.0008259144376738202,0.0016233110143051583,0.000953715270501091,0.002229058239879237,-5.004919423492191e-05,0.000990662316039643,0.0009966384240057474,-0.0017371896938929536,0.00028057924705774317
2023-11-24,0.001414864816216221,0.0005323008794725214,0.003358986180459194,-0.000561462721646163,0.006273874278521774,0.005026169941937756,-0.00045815775637839096,-0.0026166091863181837,-0.0004837800154229984,-0.002353737420040634,-0.0045268363710651155,-0.0010551852649260292,-0.0018049373948449575,-0.00016269757456690106,0.0017736886445817762,0.00017811859493186647,-0.002005650880744461,-0.0007289809822238666
2023-11-27,0.0001098049848059844,0.0006629421511251854,0.0013390524043324537,0.001297820729492871,0.0004790097891018111,-0.0005439858614483747,-4.192361994771396e-05,0.003008968053112883,0.0007914795154358584,0.003590813452161454,0.007109459676067397,0.0006669173847991291,0.0033775923350242145,0.0006522008387000614,0.0016828188501490432,-0.0006697646613156617,-0.0006273178822916075,-0.0008552240094846894
2023-11-28,-0.0007451136279381567,-0.00034890663404531534,0.0010326589465504865,0.0025426870171965325,-0.00674208991333086,-0.002724918061531878,0.00428613027105735,0.0026116476077260283,0.0012959427171748833,0.002037319675422147,-0.0014181468501554134,0.0012311858238405445,0.0009744728848417677,0.0017225344054396722,0.001090041622166301,1.0798142170009503e-05,0.0013972407025050863,0.00025742185533274807
2023-11-29,-0.0010637057646307095,-0.002584668772506858,-0.00046960700473294356,-0.001370120125441285,0.002289714843947771,0.002164561858299616,-0.004958975940706158,0.002389849812957253,0.0014200708084695628,0.002067497613256264,0.006577522873589988,0.0010314731695243084,0.003147252482280342,0.0009601043391103143,-0.0010010204130518462,-0.0004575825398509415,0.0014600325828818452,-2.635733297215014e-07
2023-11-30,0.0008039414106555441,-0.00015879217585121255,0.01119364341474549,-0.007884367634205445,-0.0008001461972127737,-0.00027813206431627165,0.003611322708448158,-0.0014582853213468082,-0.00022684555812648154,-0.0020112875647401132,-0.005448867224311224,0.0015019077587279726,-0.002310054790560586,-0.0013056952268897105,0.0025534698432235067,0.0037205479667465503,-0.005028800749925684,0.001775594089024995
2023-12-01,-0.0005962845746978838,-0.002882617351169464,0.00039156494101322617,-0.005564000078723114,0.01815568389305424,0.003428567677555389,-0.0022738039968814537,0.004892619976790809,0.002031366400910958,0.004807419548877454,0.010664728622254215,0.0016675966062502491,0.0043378277025330715,0.0011444564155298244,0.0031755029758841827,0.00031295718887874163,-0.00322123193904709,-0.00042440531058484006
2023-12-04,-0.0020068873100391954,-0.0031281079837272557,3.780038452855369e-06,-0.0038525219093759524,0.011571319110935204,-0.0022114365106940988,-0.0029141722319986716,-0.001563048130094571,-0.000965589702391503,-0.0011067630411599806,0.0023303932639144806,-0.0012585419668531468,-0.0007728952116415329,-0.0010816207732638294,0.002532506689040319,-0.001474657266077612,-0.0025681560866799968,-0.0014246549893895174
2023-12-05,0.0017845075543205151,0.0024888143903524307,0.0011385469286791842,0.002091933247856998,-0.007600349815106747,0.0013226062272361748,-0.0016922072178987627,0.0036175948329268447,0.0008739547301975442,0.002470960458863792,0.008983008106416149,0.002082073002906208,0.002825320299685581,0.0011678392805931491,-0.00015019345299663745,0.0009225467208320076,6.294681408073807e-05,0.0008470382904329499
2023-12-06,0.0020128628067551165,-0.0011146122821237199,0.001440188475988089,-0.005365852978722578,0.004360544302189406,0.0075017796732561514,0.005248307198706366,0.0013087708334878292,-0.0002520911343179882,0.002033298905626588,0.00631307073779983,0.0010261495688232395,0.0012659824826990215,0.001634387017387524,0.0005052356306388828,0.002021767708187127,-0.005484500780461837,0.001583617404037159
2023-12-07,0.0014204648967339438,0.00410143766397965,-0.001439044448548893,0.009533883720326484,0.003076873036990442,-0.001674073049955602,-0.003028394233286144,0.00048438095090395873,0.0005683480468947697,-0.0009936269357771776,-0.0031638818343192048,-0.0005542517863266171,0.0006109380096681535,0.0007139033572907288,0.00238377053564052,-2.3258550217600824e-05,0.0007999586079045461,-0.0017487709143956822
2023-12-08,0.00048274402437303637,0.0010944082917975543,1.4578903629231237e-05,0.0007721945903745651,0.003940068989982299,0.0008906377402915968,-0.00786152630003098,-0.00285612948175896,-0.001438595120851569,-0.0029344031055479804,-0.002199945439425829,0.0006255832127900584,-0.001920413362183255,-0.0008882377837156428,-0.0001245568072908267,-0.0001761844042702243,-0.0005260342442724346,-2.7521428912942458e-05
2023-12-11,0.00047195927344699734,0.0008686555378640886,0.001591920853415822,0.003938097126871569,-0.0011177414469657788,-0.0005447954752099038,0.0011816760456596631,0.0005427450415565737,0.0002968503478714411,0.0008237021693964254,-0.0005367317360177263,-0.0016020692111526585,0.0009242422081892922,-0.00014371859501795107,0.0031808807803779906,0.00046164558535789074,2.921356453396357e-05,1.2551675969730029e-05
2023-12-12,0.0018940897868592772,0.003151639358448044,0.003832136998241754,0.0038807345259176474,-7.925427496582589e-05,-3.9713699848857066e-05,-0.00027696672204082624,0.0018355714080892395,2.3306332036751064e-05,0.0006985714055204888,-0.0011805062485804856,-0.0005057453712064429,0.003046823453047337,0.0011094123734258987,0.0017098416424353485,-0.0001405838868165808,-0.0014120905998194072,-0.0014670834487799725
2023-12-13,-0.002295485123943789,-0.001570404398041592,0.0001643912893752094,-0.0014925080646593161,0.013593732578751929,-0.0013473775046047125,-0.008515156315039199,0.0063599828775290235,0.0035563644688898616,0.007663285599323581,0.011693438279079132,0.006430833451438986,0.005041967462367384,0.00332778485409012,0.007307816487980165,-0.00024243092722922577,-0.0028051293045379087,-0.0022151560138782573
2023-12-14,-0.003161246965456199,-0.0037881221971288632,-0.002574545375216025,-0.00550916832474835,0.016927730545434182,-0.0039691956031161785,-0.0017453900556270718,0.0046219200059525465,0.0011823357253443498,0.004012631050453861,0.01711193153420466,0.004983928157986704,0.005258974699578601,0.001036081044273207,0.009362664953345201,-0.002736039981997779,-0.0037672533556081488,-0.0028505849080233195
2023-12-15,-4.404094050617681e-05,0.0011384388155314096,0.002941972706582362,0.005994755128929874,-0.0037901062922181504,-0.003879065799136522,-0.0003556383340033069,-0.0015396698945327842,-0.0006772424019722255,9.074557571897937e-05,0.0008218948881567162,-0.001183406281285605,-0.00018240600545203441,-1.6191414790343167e-05,-0.004116813839418646,0.0006514141408082465,0.002698089823814637,0.0008438404790549522
2023-12-18,0.0027697593617695905,0.004261804353724995,-0.00044261608292012916,0.004973580124776219,-0.0016220672082383689,0.000557395652061143,-0.0026609016711419925,-0.0008527403542839733,2.487772568975625e-05,-0.00034498906497054107,-0.0031217535241058816,-0.0017514906624735052,-0.0022884194387567496,0.0004096823671216242,-0.0009891627994255445,0.0009697893739473553,0.002751815963212516,0.0004158521644310165
2023-12-19,5.283599341709619e-05,0.00030811847222496965,0.001293632519102271,-0.0009250229840522045,0.012068410527457912,0.00031723728944140807,-0.0019088775966722722,0.0007149523287711616,0.00030387075727598734,0.0017327940081968594,0.005688994319716107,-0.0003807411680861264,0.0002918346100728719,0.0008644787145715965,0.0009845230370413753,0.0001334927078662715,-5.320993968845229e-06,-0.0008545319728757326
2023-12-20,0.00035471674452497437,-0.00128107264534137,-0.0005340653839585961,-0.0003709910154262707,-0.004432757933591125,0.0051071253791691185,0.001626884509262301,0.002350578615573011,0.0008748845942887957,0.0018442170226757558,-1.2284904464717958e-05,0.003078559904817054,0.0007453987103839634,0.002010662655723634,-0.0027376311237761186,0.0005131364878036776,-0.0015459339343594919,0.0011065338006953224
2023-12-21,0.0018275916899822987,0.0010507760979530326,0.0005916912273843953,0.0018173929898145907,0.006867973154978887,0.0033644741345754195,0.003500533263490405,0.00018102020836595746,0.0007843784665712357,-0.0004730390325533439,-0.0015817009056541308,-0.0010949434971952569,0.00018494197898799559,0.0020150608388299976,0.003235772648186354,0.00139054995733751,-0.0007250397759054825,-0.000478904439973212
2023-12-22,0.001935948889729976,0.0021546807280973424,-0.00011409137390906051,0.002538901392146243,0.008618079520903592,0.0016250830959419738,-0.0032341806777521197,-0.00045022275249855296,0.0003672425878987104,0.00019909074513884328,-0.000987519563462832,-0.0006124283915623688,-0.00012458928498583683,-0.00085345917576077,0.0012050105573489867,0.0009192937174330859,-0.0003428958458610758,-0.00027530351126824895
2023-12-26,-0.0006483348044291418,-0.0005113599087963648,-0.0004929453895197609,0.0013727807787706318,0.007059588820158661,-0.0012290703692144703,0.00016632517162809037,0.0016731090151421934,-0.0003234023026335311,0.0007115765786990726,0.002466999021079661,-0.0005061632016000578,0.0010887794365924228,0.00045099229626367906,0.0013781092738591903,-3.248584224964379e-05,0.0005394436291518059,-0.00038845971818300077
2023-12-27,0.00036802704928005784,0.0004025625848109002,0.002317715609455642,-0.0008141735688748462,0.0033070828470459918,0.0016737808454068736,0.0013350869315741426,0.0034350336735578827,0.0007836787256647603,0.0038105154224476563,0.008209647687811924,0.0013985941267937595,0.0041170428452842805,0.002231683301029728,0.0027849718404046445,-0.00040486854150228405,-0.0013378730718963975,-0.0013721628638561625
2023-12-28,0.0010562286686574141,0.0007567524206745643,0.0015850630301949423,6.447100330693911e-05,-0.004076929297274592,-0.0009772585971526962,0.009489450450647249,-0.0004730319743690152,0.00011249904363489762,-0.001654863036754578,-0.0023276169674913104,-0.0009941763366158414,0.0010592295495543613,-0.0006236256904327397,0.005915297081576319,0.0018857310545729693,-0.002384081223884893,0.001061896735797055
2023-12-29,0.003216338811562307,0.0026674654240508343,0.005181049004426022,0.0003477466902143131,-0.009269360159084288,0.005492493288711935,0.004020182435087449,-0.0006602264768171787,0.0004985847326552188,-0.0014790456568425973,-0.006489120584063063,0.0002551309591119616,-0.0005871676672138918,-0.00021459177686290049,-0.0003311535375088437,0.0025208799145845125,4.02147203937709e-06,0.0019025572129830258
2024-01-02,-0.00048330392528999656,-0.0006320552556383901,0.004552521066906269,-0.008110544565963336,-0.0021003852854045674,-0.00033070278912685977,0.0032487083464831073,-0.002441581755592551,-0.0007040149030121214,-0.0008930812597001208,-8.265518796981251e-05,0.0017158230152286087,-0.0030658487118287664,-0.0010447468538602078,0.003009478043296118,0.0013871634242920072,-0.004354723892679619,0.0017521177983791658
2024-01-03,0.0014557270486063173,0.0020527806095663563,0.0020141911973625415,8.30804285093037e-05,-0.014427581075067461,0.0012242454406193506,0.002089033223143349,0.0004717238037429341,0.0002252270425148526,0.0013363244891560723,0.0007406680875795511,-0.00016941141611977726,-0.0012720945066050583,0.001196654875537927,-0.006247393892485038,0.0003148935268086246,0.004195885152033381,0.0019302777632930386
2024-01-04,0.002076782364844079,8.800572798218186e-05,0.0038717979755594737,-0.0005472143113168099,0.0012606560469787136,0.0048498423793829305,0.0011387643849273613,-0.0015354885045588155,-0.0002991832051798155,-0.00285604591639047,-0.00742293421446775,-0.0012359982387579356,-0.0009442288671281645,-0.0013111401491246425,0.0012370539230635073,0.0011373458245135253,-0.0010466722912260886,0.0006349955364064295
2024-01-05,0.0008896496725737246,0.0016654479210514953,0.0003093601397121745,0.002355648792261476,-0.0031934042060121964,0.00027070111195016857,0.001258350358083435,-0.0010091548720378486,-8.426641895070011e-05,-0.001736479925930342,-0.004521020543876783,-0.0008401258212859578,-0.00137235526589193,0.0008749808816278508,-0.0005744940613357577,0.000579536803462451,0.0010992002890254137,0.0003440451648297164
2024-01-08,0.002196841796258203,0.003989310679755971,-0.0034307981633243424,0.00645697850616438,0.008165002459435081,0.001300969642226965,-0.007829368463872327,0.0017482555399719198,0.0006233539664080343,0.0014559984369287794,0.005150482463292302,0.0016472348515657828,0.0033874718209038314,0.0014805147261979295,0.006519970358071334,3.2484966917781244e-05,-0.002501650551810085,-0.0022120229088973616
2024-01-09,0.0008746131654129088,0.002252765213147627,-0.0012432809981423108,0.007641578274717176,-0.004895283356378784,-0.002099195142115382,-0.004228013979520523,-7.983661074528053e-06,0.000223312556952852,-0.0002043614915368548,-0.00542723115471815,-0.0015354780375170772,0.0012577087576011203,8.915947369836298e-05,-0.003828832198814781,-0.00045970012364226413,0.004382158710996047,-0.00012769956140048708
2024-01-10,0.002194518590258017,0.00342277044154078,0.0027013647356874445,0.0033995231084923048,-0.0010992022074673895,0.0033864821026385714,-0.004744262108372277,-0.0014035351380164362,7.431537979226797e-05,-0.0005734773344355656,-0.0021942719311533417,0.0005649764581122897,-0.000738169581455344,0.0010535417804963445,0.002306530802451871,0.00042495317690426863,-0.0007291960379510725,-0.0008369302906325096
2024-01-11,5.665700355026739e-05,0.0007100751445682043,0.0020998416168771547,0.001884030058184258,-0.005997009881935066,0.00031385659276605136,0.002601693099300499,0.003318973429603058,0.0016533210612919226,0.001782655298469772,-0.001351881220885769,0.001835782942923927,0.00239401286844436,0.0017970816967325057,-0.0035712670588706466,0.0013151167609513313,0.0019573902092626418,0.0013140145285557372
2024-01-12,0.0019001697992683327,0.0007482790402646437,-0.003065266487098931,0.0012863805880120914,-0.0030394646865001588,0.0042301035862028985,0.0025733263675006305,0.0009455098684858324,0.001570981549221339,0.0012498232259031462,-0.0032055853793731665,0.0028337570349505916,0.0013408205114264753,0.0004534893946858743,0.002422052346991006,0.001991042796268146,-0.001277559938969254,0.0022125339723826853
2024-01-16,0.0022687208593404236,0.004125917152018014,0.0009137732703398665,0.009549946702059423,-0.003824462713841315,-0.0029824196338668583,-0.006065370970494147,-0.003759904931327916,-0.0009056164786644334,-0.003591866796826682,-0.00833530041246532,-0.00011050009445400227,-0.0037588394540103943,-0.00196936963963161,-3.4102920548747737e-05,0.0013611617049442831,0.00047630781312841923,0.00019247596909297005
2024-01-17,0.0003354121993549234,0.0021952367579188992,0.004554440611024967,0.002363151965569979,0.003349658258887391,-0.001834368705682622,-0.005336377201689873,-0.001306051348938562,-0.0013790692903574626,-0.0017492623995390448,-0.0008162556026674907,-0.001552603733591554,0.0002556759176985512,-0.0006488991965945962,-0.004799778816605496,-0.001433934241499379,0.001775296971211788,-0.0015214256672858662
2024-01-18,0.0019413497229769459,0.002800562178961347,0.00020650280627887516,0.005106084452676218,-0.0005199946610772088,0.0021505017160478243,-0.001437641208847859,-0.0005567494735006373,0.0004839503330936689,-0.001162919842731446,-0.006227328645819452,0.00041371739726357617,-0.0013939892887336275,0.0007252359004523768,-0.002901511009952999,0.0026938186912251636,0.0014650992328262029,0.0019029758932914585
2024-01-19,0.0005585403418193798,0.003174420100133501,0.002131729501446508,0.007272120723915004,-4.694472714261537e-05,-0.006778833421095665,-0.001588445852652786,-4.758534276585449e-05,-0.00041511286707825103,0.0006322376247496978,0.002739707300597259,0.0005155106559594865,0.00010751326879919845,0.00042468095866915554,0.005675183416255249,0.0004046096736070393,-0.001107720250059019,-0.001268337841158242
2024-01-22,-0.0007797200442223413,-0.0008681206429127304,0.0007842478337363114,-0.0007531847726937979,0.017036408944221357,0.0015435476277761355,-0.010634116404634601,0.0011936700538887866,0.0004010992577675464,0.002496611433448018,0.005027854736466762,-0.00045528317171687456,0.001339787157276545,-0.0013215110131118242,-0.0010285839495813107,-0.0009391453481224568,0.0002796253431323857,-0.0010937008513760937
2024-01-23,0.0021864638906106387,0.0032964716941134477,-0.0022479410847388547,0.003845254340113303,-0.002775500791940946,-0.0025435569638822997,0.007601571037561438,-0.0010541213221347213,4.599815551575211e-05,-0.0007114172644319329,-0.0035632781658609357,-0.002180288746773844,-0.000783759790016287,0.0006094736761031736,-0.0021513116863257267,0.0020376759713044367,0.0016290580712147382,0.001961121360910478
2024-01-24,0.0016153928641620499,0.0020943493259632474,-0.0014286239705730377,0.004864919812199942,-0.006083595365999229,0.003188114915550452,0.0037940509388905254,-0.001199498386438878,-0.00028111896686128023,-0.001523200913147661,-0.003316829564913025,-0.0021964190992393878,0.0006233603610592778,0.0017629186216190596,-0.0015239140631219603,0.0001420714234698136,0.002698039308944661,0.0006103994329938077
2024-01-25,-0.0008666041867588046,-0.0009409899416426837,-5.010732474227883e-05,-0.0038249261877042837,-0.00037047515382043414,-0.00020781347399256508,-0.001179094179488683,0.0023231710696156867,0.0013513548598895924,0.002091008672009091,0.0031759063903358787,0.000997858035766516,0.0017437752890097358,0.0013271772072559508,-0.0005894082889440905,0.00014613980108580142,0.00036262510437630804,0.0008727751900143134
2024-01-26,0.0013017991825634765,-0.00011285192382593109,0.0024692100115896827,-0.0039700443092674734,0.0010191174737057705,0.004069434846652282,8.678462029519662e-05,-0.00022514499356453602,-0.0003580048453232974,-0.0005731921062950686,0.0003952936833419951,-0.00039930284565820214,-0.0011846702329477233,0.000347553943772198,-0.0009060962144102505,0.00010964419426287726,-0.00019909166094973438,0.0009738846665913977
2024-01-29,0.0013451318641007478,0.0022110948594187404,0.0010343468961267156,0.001329360095227437,0.012220160925367665,0.0015135352587312273,-0.005615429760953787,0.0019065935043750815,0.0006913932776652688,0.0034916042006699864,0.005287906352087606,0.0025149346295755925,0.0003799645424089181,0.0003957379796001089,0.0012539287467179753,0.0013426468605018654,-0.0021809376356537267,-3.9222498158809666e-05
2024-01-30,0.0016207749297448108,0.00286615243927251,0.006392777015702431,-0.0029393518338927845,-0.0031269472356419805,0.0014392299024633777,-0.004723579671138827,0.0012671208418786398,-0.000389275990027875,0.0003523811623191537,0.004665204471022278,-0.0016908670747279285,0.0015753561427074192,-0.0006685840197053096,-0.003445807501240279,-0.001431251159200399,0.003023612812767689,-0.000189793564306004
2024-01-31,0.000450706331515123,-0.002855297760209624,0.005122890793099374,-0.005032805195108099,-0.008535233277663822,0.00799174841247919,0.00894413411519926,0.002700540442826036,0.001209033066531124,0.004106983809991353,0.00013745952350145002,0.0040761530409368744,0.0009343003721767732,0.001638556008312391,0.000866771805931638,0.0016553834833799037,-0.0030513658952011314,0.00255758621041443
2024-02-01,0.002899634386525886,0.0038837328760593422,0.0017004333576799164,-0.0004354997669980525,0.004200317408173778,-2.7925247753041865e-05,-0.0010776983920586843,0.0028714498437169616,0.0010714116615786699,0.0030503692336868345,0.012541666189569155,-0.0001228154406063347,0.0020897958896568527,0.0015587692060381395,0.005971840542463771,-6.563128646547983e-05,-0.0018050377883131914,-0.0011406335905110483
2024-02-02,0.004091571739190011,0.007993056772725663,0.0009971445939763448,0.010406592126187353,-0.005774148792841892,-0.005389594986409851,0.0006695512975544334,-0.004687223694304009,-0.0019590837118506742,-0.006368153880244349,-0.010062985808073884,-0.003342863599411187,-0.002171382609488867,-0.0011635473600157932,-0.0018100699128748773,0.003424580032344065,0.0020057228666524717,0.0007988766971196055
2024-02-05,0.002174000317335204,0.002450331041553815,-0.0018036864039140156,0.004747372242306446,-0.0055452863957246405,0.0006475460003826372,0.007303503017004234,-0.004409481463333148,-0.0012378016398158988,-0.004947086552127459,-0.010330124142199994,-0.0018880737210916331,-0.0023795384539882797,0.0005330142420176924,-0.005279521364706788,0.0024247670571610654,0.0014431616429835111,0.0025225121541051507
2024-02-06,-0.0006384997083364111,-0.001989466484231656,-0.000531342111681524,-0.006802684159275064,0.002151080341593054,-0.0013400181973612785,0.012125812219191809,0.00332151625246739,0.0011276305736457179,0.0029690189571532294,0.005549671042696598,0.00048071743268599063,0.002915341126293744,0.0017940193195885314,0.003721368686004754,0.00039719719094240876,-0.0030794739205463537,0.0011901877987915248
2024-02-07,0.001935476062196313,0.005542919429998974,0.0014210996826626316,0.006630660884268695,-0.0052334324743150175,-0.00396727313218485,-0.0028658909182002115,-0.0012429691875743068,-0.00016677344603631901,-0.0003053434656212781,-0.001521415539499603,-0.0010016307172032394,-0.0018904314189126053,0.0010166373965719727,0.0001164461976811118,6.842536818523089e-05,0.001961069686729207,-0.0007452149289251416
2024-02-08,-0.0009581310964275677,-0.0009588375337028945,-9.419240879524537e-05,0.0030266295980871686,0.011205202954739327,-0.0016919527259924927,-0.005234633803317089,-0.001492846819946599,-4.9613619089118106e-05,-0.0009192868878474016,0.000565388305022875,0.0006929410251267512,-0.002376774459446565,-0.0006637971211217258,0.0010122834629252304,-4.009193920271844e-05,-0.0013374270996004403,-0.000621354411395009
2024-02-09,0.0008389636790964074,0.0016307481510676866,-0.005654115428836553,0.005103793872753995,0.011276464823186453,-0.0012747927330763673,-0.0017520925607871739,0.00022541263106473533,-0.00024372255347618219,-0.0006438105828348139,0.0008057343540773432,-0.000962518186069371,-0.00047121385089964713,0.0011605631417954212,-0.0004594917242335423,0.00017818126990750034,-1.9845255059320992e-05,-0.0005986180035057272
2024-02-12,-0.000577164316015554,-0.0018033510812897704,0.002374613259063658,-0.005627619409053059,0.015846407849199766,-0.00010875617687313398,0.003630309567055386,0.00048752306658437215,0.00015075733226569148,0.001249508720622331,0.0018342465807164616,-2.7097948101910147e-06,0.0013755800540910749,-0.0007825302884977411,-0.0013288174560752472,0.001244534346882555,-0.0024043729809062305,0.0008190875914126046
2024-02-13,0.0024016501349749114,0.0028042682225195396,0.0013555513661609123,0.004108239532165686,-0.021570935651978006,0.0035275943157809797,0.005463461048448737,-0.004769444182332578,-0.0021433051955350433,-0.006116531628424148,-0.009001419077045391,-0.0012005880553106621,-0.0030391107092336226,6.719932109919627e-05,-0.0010675171760837071,0.0006808008224927099,0.0012096204509823415,0.0016763641616662295
2024-02-14,0.0020050324231180097,0.0008831941606831616,-0.00326100771600929,-0.0007969466183471632,0.014635881868282505,0.0017345151788850655,0.0016599940428022805,0.0026076114609387977,0.0010052569267833484,0.001638336919888138,0.0012455395407629383,0.002526602769968248,0.0018419204599588687,0.0015944603279462156,0.002268771616661785,0.001689860350771349,-0.003721910966489667,0.00033501731821385106
2024-02-15,-0.0009277538237613073,-0.0016770429476988986,0.0019547547165707814,-0.004156546906074504,0.014931715212846563,0.002143712274395781,-0.005089882048025938,0.0013689229770753584,0.0007575286847645443,0.0022177155888379327,0.005538949235295704,0.000314844151250535,0.0013661813530809071,-0.0007629485348001229,0.005062508635214229,-0.001388363648555279,-0.0026223941393261133,-0.0008686060560510679
2024-02-16,0.001989782374787249,0.000688375103841927,0.0015677125915182681,-0.002835140031787994,-0.00682238547806878,0.004705331940681466,0.007812901056902539,-0.0016864350952628803,-0.0008261157856230071,-0.0027589143245894416,-0.003397838047244025,4.948445219859197e-05,-0.000570896755821958,0.0008195674653292268,-0.0013042831175464828,0.0006416651999623067,-0.0010365784412337872,0.002232221873650739
2024-02-20,0.001081006104835535,-0.0011598207764690503,0.0029141466360705637,-0.0022595183686297364,-0.008178897264257346,0.006965383399525742,0.006886432188007558,0.00017212204836704228,0.0003884247886405023,0.0003330892920324845,-0.0018825928396431061,0.00027741399203529734,0.0017993443611656382,0.001882225310015158,0.0006942564733006563,-6.49233518096471e-05,-0.0007250440139414142,0.0013671222651476986
2024-02-21,0.0006585520005363754,0.0019109701299074473,0.0014778297133070913,-0.0009696451901507279,-0.00480178235809768,0.00042210161882667705,0.0014975505909209834,-0.001553043708954167,-0.0005172833135222942,-0.0012215553693694582,-0.0028377827928512548,5.874820887507171e-05,0.00010171877621521471,-0.00044704686955111686,0.003538060549774469,-0.0006645231063043221,-0.0012988100659528535,0.00011285935760629233
2024-02-22,0.003639447319963145,0.007431991059626971,-0.0004307064375948244,0.009941680697949273,-0.005044311333934496,-0.001973531425932932,-0.007145942343981859,-1.727127675532072e-05,6.586171750336487e-05,0.0002863925923070409,0.0038937622620310165,-0.002033030101589021,-0.0008854870384568544,0.001085476167802967,0.0008708303613134231,0.0011294473854907775,0.003531456282270277,-0.00015792246414180258
2024-02-23,0.0021760786416743583,0.001893612372529546,0.0036046735458688008,-0.00381551234762816,0.005492961469315161,0.0035379273137159718,0.00248765484494345,0.0020341271361187176,0.00029215312710300365,0.0020207753476582007,0.006321396092407749,0.0015026572659434328,1.814343585998567e-05,0.0011546443830055147,0.0002127376591607344,0.001097733826565697,-0.00233464512946073,0.0007625759077640931
2024-02-26,-0.00017772804474573516,0.00019841658995692823,0.002050034406207411,0.004032995696425155,0.010344672004203546,-2.9457595051907582e-05,-0.004461130356373857,-0.0010802172664900172,-0.0005011282298467318,-0.00035758030559415537,-0.0009271632546168761,-0.00032710456649561815,-0.0006243100925718316,-0.0005040902537587779,-0.003387907151090758,-0.0005519436152667807,0.0006704886621181766,-0.0006062266626287566
2024-02-27,3.1156015253240577e-05,1.0448827879571678e-05,-0.004792080743366537,0.0020335877702491157,0.010513755821243347,0.000870270986092116,-0.0003085836979877781,-0.00046288294117433505,3.892683908498392e-05,-0.0007893815855089335,-0.002540782884049097,-0.0006913324452512801,0.00010812925593751683,0.00029523310735182903,-0.0019604824676548033,0.00026396242275455073,-0.00017873501445993777,0.0003936956256380175
2024-02-28,0.0009843923509197565,0.002644116987049498,0.003433760469170722,0.0012231638541420871,-0.004828530280128118,0.0003843878058108919,-0.004509604477723243,0.0011423234004660605,0.0007224613562069832,0.0020681776092456097,0.0033549945449462175,0.0025653677791793402,-0.001415587692764256,-0.00012114480484108235,0.004481094600941163,-0.0007151384732891858,-0.0014286883252857363,-0.0006765854298572836
2024-02-29,0.0011917902078731083,0.0001577381239394101,-0.0021907606304228224,0.004240069167953333,0.0028894365343216594,0.001170965750951711,-0.001964533563520867,0.0006758948903832218,0.0004954795123884656,0.0009148013018160782,0.004374018298330616,0.0019747940012047336,-0.0008509730862938927,0.0006662766969048562,0.0026027000400844005,0.000855160153308789,-0.0014891691737703716,0.000792328478399736
2024-03-01,0.0012615563156109632,0.0017325666925939913,-0.0031913202128022377,0.005372308647686404,0.0015720825333193252,0.0014774324294881194,0.0009862448706767918,0.0024750512120347338,0.0014392227800711027,0.00189343908262485,0.0014776857923077423,0.000898787921042797,0.001979748721130799,0.0003106449193544022,0.0026310603820545782,0.0007516790701652641,-0.0002659143509688832,0.0016492088827481286
2024-03-04,0.0009598858394389955,0.0007928273235645966,-0.0014332191261823511,0.0013790430262284256,-0.0002813328743977801,0.0003840878051171214,0.00308906524529466,-0.0014407611873272425,-0.0006533789591864347,-0.0007440393574334467,-0.0009364057120673022,0.0004471416445946592,-0.0007012383212090397,4.9222338412979955e-05,0.002311052154950417,-0.0004864143014263536,-0.00173147302761684,0.0007888543101956759
2024-03-05,0.0026031033408198453,0.0011013931611093004,0.0005226150778381098,-0.006097280175135205,0.004622172777755422,0.007937130719052743,0.003146937484282979,0.003166197188487332,0.00031398041643935495,0.0018801334044319402,0.0035365636784092953,0.002061943215475076,0.0019644239300594607,0.0015348820884945385,-0.003152968073772541,-6.328245874136912e-06,-0.001387010639483613,0.0011168637105005946
2024-03-06,0.0007206313474975743,4.074433911853501e-05,-0.002041524649983321,0.0001986871156156771,0.0016764701862231465,0.0031928235346699203,0.0027643912890534597,0.0006728404766267051,0.0002011139680426689,0.0017038250238765864,0.004186933295938183,-0.001321410936077469,0.0012035706181398546,0.0011486112443318684,0.0015459745033007616,0.00010239706718616522,-6.404399592654583e-05,0.0011810929635023377
2024-03-07,0.0034587732365322643,0.004990616424032481,-0.0008218512926153349,0.0075001454560488946,0.003497177506255056,0.003117888996907998,-0.005350404524003432,0.0013927958714741152,0.0009198354091630157,0.0009439022511975583,-0.0014385205173529255,-0.001408626992222124,0.0014800382420748902,-0.00013749916025231632,0.001195537973929608,0.0007028270921846328,0.002323213490696443,-0.00014344893981403564
2024-03-08,-0.0001528529800044363,-0.0021469344573924647,0.0020722932539093434,-0.0064504341446240294,0.0017147442258935186,0.0019207176590959087,0.007474622553005333,0.0009559754903106603,0.0003422650774783718,0.00046718932998514177,-0.001167958683371259,0.001290954782262308,0.0013501391641329622,6.113083056047365e-05,0.0027082743773052653,0.0002238147692665872,-0.003231238691254814,0.0007241989508738064
2024-03-11,0.0001761614929985454,0.0013171988521177335,0.0028096398112034482,-0.0004541108916253228,-0.00556555934948771,-0.003365758242942528,0.004851287315651107,-0.000533073593686661,-0.0005355936302728544,-0.00041884228087794764,0.00026251652741008736,-0.0017179399194689666,0.00084801655982542,0.00046276336729060997,-0.0019533540614952256,9.43857011581437e-05,0.0013788823265676962,0.0002952419756204231
2024-03-12,0.0029390686731874272,0.004372238872640839,0.00022993908143252584,0.004234642748622369,-0.007082635277480988,0.00018422055438940647,0.0003617459158007409,-0.001183369254696082,-0.0005507381820913722,-0.0016251784100405771,-0.003877713303036809,-0.0003509905677909211,-0.0008738511159103951,0.0012867687200617507,0.0028013046285093367,0.0024440554048235728,0.0005808687648585307,0.00016843394170084779
2024-03-13,0.00014432356833892022,0.00042866285623476344,0.0024421990735662706,-0.0029344849733531483,0.004875953842753022,0.0009994156441713547,-0.0014151810831748955,-0.0009727948869813283,-0.000304884963098872,-0.000899785844715158,-0.001386796538782366,-0.0011334153194382177,3.104498585296679e-05,-0.0002574034584659705,-0.004772406440024386,-0.0006305034598800049,0.0009815175752650434,0.00035109519422616016
2024-03-14,0.003245168091342671,0.004400609290212632,0.0028805960857730874,0.004460663428743534,-0.010749932817261037,0.0006134932397802526,0.00411807111225806,-0.003082576890518893,-0.0003598888137769802,-0.0034467602624678366,-0.006635539752494911,-0.0025427778002685315,-0.0012680574398004915,-0.0006027638386383047,-0.002657493489029791,0.002712194461003452,0.003384529334741179,0.0014824475697106168
2024-03-15,-2.6394944148139775e-05,-0.0020407614242064047,-0.001468359713170675,-0.004042894019220582,0.006483569003368637,0.005259409424810304,0.0007494943915316811,0.0004426998178486645,-0.00044807644121604324,-0.0012225342243198972,0.0004500371423046491,-0.000367984022317363,0.0010973110526504364,0.00014175817980073167,-0.0017625518096585505,-0.00030999124705799203,-0.0006452195084693454,0.0004099241304685294
2024-03-18,0.0015282028450870214,0.0030136951054814494,-0.0010668480587884572,0.006405128542351076,-0.009468986020602874,-0.002041093987715608,-0.0008649695327800238,-0.0006817808629200379,0.00021251485574651498,-0.00028627113150552224,-0.0007249961863049739,-0.0009243129064798928,-0.0014662191884141894,0.0008103852826661013,-0.00019674749809064972,0.001066483301271863,0.002424774398190363,0.0005823979289002533
2024-03-19,0.0011106364984110485,0.0018284883138179374,0.004646936235502728,-0.0022561552249830245,0.0006644223573809066,0.000736486843126649,-0.005177073271506714,0.001164710998484538,0.000625694937747358,0.0015648468998175342,0.0001620091738546367,0.0004817370258688074,-0.00029924339433891204,0.00029232247730788963,-0.0029846102991095396,0.0012815332259481114,0.0014699295236471315,-6.700230786181073e-05
2024-03-20,0.0006982947284174049,0.0013474652670637174,0.003653039911080975,0.0012020572577341546,0.010952622469218786,0.00016356044553313652,-0.0021034448144106772,0.0007377884608041378,0.0011137455043061205,0.0010139706654650816,-0.0014446907017893393,0.002727395512155492,-0.00022111380384963637,0.00071204362191735,0.0010132248114643819,0.0017251913658685655,-0.002097313234197498,0.00018036341773341145
2024-03-21,-0.0006723739085453505,-0.0016662122314315877,0.0022399990640148684,-0.001489529029220239,0.005523480115827525,-0.0005386978346680494,-0.0001992988181302841,0.0005145438793227655,0.00016575444516027024,0.00023408654704170343,0.001356140900175918,0.0013795668820222105,0.0009046901624487349,-0.0012869667946332618,0.00048406189904402243,0.0027296715518780384,-0.001358239832190386,0.0010117099310974435
2024-03-22,0.004075593733753471,0.003598911876223726,-0.0023480770834778536,0.003918647667279247,-0.005168850859178866,0.005351276300505444,-6.381809767689282e-05,0.0015242150675958016,0.0004970122102375461,0.0018619147550463823,0.0009340765909558769,0.0014222778421651584,0.0011805659128641252,0.0012618463781281092,-0.0006939324932693121,0.002665653681197481,0.001709217460197308,0.0014015429766829068
2024-03-25,0.0009207733656546153,0.0014278747003584648,-0.0003066130714447597,0.002687260972327717,0.005985083207462204,-0.0005976450823470148,0.00251110665449666,-0.0003664186671290656,-0.0003163138472132823,-0.0009399628575820691,-0.000573253603866973,-0.0021405464903814847,-0.0004266185746555581,0.00047686565716554153,-0.002128400558668043,-0.0003736282673322466,0.0009846145101602127,4.8229297056816105e-05
2024-03-26,0.0018898659824431526,0.0013584663122733877,0.0031357360977781984,-0.0009259987771846317,0.002804810702597052,0.004264925499197561,0.0030058882930217405,0.0008108093415107461,0.00017473361593925215,0.0007493721216547275,0.0006410690323584568,0.0004563611707560538,-0.00028194690183748684,0.0006977147082813826,3.577871537436238e-05,0.0016991676532066805,-0.0002603353418678851,0.0010282868757181774
2024-03-27,-0.0013212608969426793,-0.0019415762440692878,0.0018905521520690017,-0.005902177468959527,0.008504614491485697,-0.000631352110440078,-0.004407619812879374,0.0012237970469905564,0.0008408828303376431,0.0020924083351446902,0.006873057289972638,0.001456342606902532,0.002035599171393917,-0.0010740999036091218,0.003347830782064496,-0.00028345031337085463,-0.0025757680580419185,-0.0004904429874880445
2024-03-28,-0.00026701196374686155,-0.0006360352796010646,-0.0002773055371971822,-0.0003896545435005099,0.0006788740115092223,-0.0011816959976821352,0.003450117835220889,-0.0004955512778180755,-0.0002738822508658189,0.00017172335241516902,0.0009555858418045836,1.3679835830099525e-05,0.0003964476973627564,-0.0011752485928412226,0.0006409807153864465,0.0005342743031686616,-0.001340683661945414,0.001800239801943446
2024-04-01,0.002877647532686276,0.0034170346458696705,-0.001326564340095526,0.007162820887504544,-0.003283973114179238,0.0011786648124123165,0.007926449350440306,-0.0033932234678581805,-0.0012957429716631292,-0.0039983734562266384,-0.008267880568447673,-0.002273466569498831,-0.0027484846196068656,0.0006722051238570014,-0.004211493386104083,0.002833191831178428,0.002153789903039067,0.002549288518526394
2024-04-02,0.0023240143258628707,0.003282234167219634,-0.0001592353232508295,0.003245298273978653,-0.00819306498151443,-0.00017517174855911487,0.01074737084862587,-0.00017346453917155215,0.00032991982021385855,-0.002325597729784026,-0.004908146044346468,2.398703760069583e-05,0.0002986450809483901,0.001447046010062035,-0.002848166927736189,0.0010097070830995293,0.0007970832037266888,0.0021064895317629735
2024-04-03,0.0005603205611391753,0.0011051130664129472,-0.0010283452014026664,0.003815423735434237,0.005278914625051764,0.002085268749906132,-0.0038046879604372967,0.00034563483762082247,0.0005208667014760863,0.0008142857076655395,0.00048016981676800535,-0.001062852452199039,0.0004250745963384567,-6.886998049181723e-05,-0.0005885738137001123,-0.0005114527154459411,0.0012783652871708323,0.00014649124246863317
2024-04-04,0.0006458194144447361,-0.000996643110954527,-0.0029478552999218886,-0.0006046573541977403,0.0015760758398443188,0.001307741871511935,0.007311087629603504,0.0014870080429556112,0.0005582316915034544,0.0009420987119317199,0.0022697273582821236,0.0017139486028402715,0.0008767848907555467,0.002153558106116107,-0.00042171270360298434,0.0004955958802489464,-0.0012591663739446677,0.0003297937889948096
2024-04-05,0.0022813422131288284,0.004399098168760204,0.0014597535252528944,0.004900721027215289,-0.003715949795013538,-0.0015165285020842887,-0.0025360213968754486,-0.0026049617701557927,-0.0008875704414578695,-0.002506567593514774,-0.005485048240728058,-0.00113647071305829,-0.0014196893157085223,-0.0014541565645264244,0.000587241681578806,0.0018247772086060071,0.0014177390152145947,0.0009248897500662328
2024-04-08,-0.0006614682130125725,-0.0020007678707602387,-0.0021521936137088456,-0.0009315114861041074,0.0020146683193802885,0.0017268792397976285,0.004243995565090472,-0.0005042086403807182,-0.0006872375516914262,-0.0012115102822963606,0.0016761059259104056,0.0004015773451181686,-4.86446378008364e-05,0.0013312426730813457,0.0031289498955738206,0.00042452066160835345,-0.002024310347325563,0.00038089547721280206
2024-04-09,-2.7750167911152427e-05,-0.0007611278314044018,-0.0022680460332070267,0.0017417219209365613,0.0015046971535788616,-0.0011014695692224254,0.0056758336731279405,0.0016638252604872059,0.0006546482488090893,0.001571327300325596,0.0040125515632284964,0.0009695939120329942,0.0021721641238613364,0.0008859770111367506,0.0048508499282023665,0.0012854767118958494,-0.0013447629121392454,0.00013796369294465755
2024-04-10,0.0041762042091595415,0.00409427816731078,0.001711881171563413,0.005371115666478842,-0.008552432284084057,0.003527703802195307,0.005628207981107622,-0.00609614048926947,-0.0026297492874380367,-0.006122664734896483,-0.009419284858614934,-0.0036124977662414124,-0.0038465716336845094,0.0002733394269977471,-0.011628106437555422,0.003994823018429929,0.005116020311414064,0.0025328556181487306
2024-04-11,0.0023786511167963056,0.003986122350215305,-0.0025724393055943555,0.010004314286114238,0.002546466792876248,-0.00010281662094533458,0.0015317491613483563,0.00043150537866186407,0.0010016258166112074,-0.0010829778275476107,-0.0023496209825184062,-0.00021881152473281695,-0.0011742351611477397,-0.0005336023608039494,0.0013363736489226744,0.004248195498770292,0.0013939513132123892,0.0018177964159516852
2024-04-12,0.00024246359338168239,-0.001088578821682137,-0.0006588760513918154,0.0005719756814513456,-0.003759728225018971,0.001974659626120718,-0.0004449153628104559,0.0008567118744550999,0.00035112080399860403,0.0016262616951615468,-0.0007915476058502216,0.0019409510220738443,0.0005875821500716061,0.0006770476875584703,-0.004749756306128226,0.0005541001584311624,0.0014442463215431998,0.00016808517249946794
2024-04-15,0.002280767591346858,-2.4234505720442667e-05,0.005108864201412893,-0.0010013179313239692,-0.0016101233364145713,0.008170437472937697,0.007504897021756782,-0.002853532455915533,-0.00015831729144840515,-0.0032220200551168537,-0.007092631949108447,0.0003058155300330939,-0.004463829120886687,0.0002622008333208383,-0.005066572687783908,0.004312661212599687,-8.699847859713894e-06,0.003620648570645745
2024-04-16,0.0010821269733313228,0.003545399468285827,0.006835623777101227,0.005528198259659316,0.003304326587985123,-0.0029065568184172465,-0.003681370685818825,-0.001288960414416199,-0.0003496334195044419,-0.0021734196914153774,-0.003198854328747705,-0.0017471183265718349,-0.0008557823215215453,-0.0011706789937874244,-0.005115819038518907,0.0015256134160038328,0.003784244851960803,-0.0009441649012355419
2024-04-17,0.0017998930499297594,0.00046065471551272417,0.005137595262540194,-0.006886445007683777,-0.0007863189784094223,0.004287110873226709,0.004551862227676243,0.0022832534028398343,0.000285134337225987,0.002347133877903811,0.0011914011306638755,0.0020372742112524066,0.0017912955779179089,0.0024597488276589877,0.0005185776343142323,0.0005863462589740243,-0.0007050078828102664,-0.00027624841528574133
2024-04-18,-0.0001160141537477938,-0.001337687258871046,0.0014191533515865603,-0.0036089456751118394,-0.0006796013408373241,-0.001025991566564208,0.007209726824708048,-0.0017423507546667984,-0.0002916073095142696,-0.0019202278101094952,-0.0013294215011275773,0.0001313854370203157,-0.0004271436413714996,0.0008834457850786426,-0.0014645960960435848,0.0021843508323387594,-0.0011710700211937583,0.0011168651045870132
2024-04-19,-0.002889358752187663,-0.0057452323599067575,0.007851526165534379,-0.01326020493108171,0.003114885166360471,0.0035568271340936145,0.0018638999126732699,0.0005679695180610443,0.00013807690514341746,0.0006056230209262691,0.0028197373664151986,0.0008014738041353046,-0.00030439985898615685,5.909380973347328e-05,-0.002314429426963649,-1.6770386722582496e-05,-0.002323701769830354,0.0006841669900204917
2024-04-22,-0.0006028130583208731,-0.0011080739704950725,-0.0032400634590096875,-0.001855829435786346,-0.0005683048410151156,0.0004493236282975925,-0.0028415051090063346,0.00018552540835075005,0.00038901284322656637,0.0004639179242038673,3.472051456764849e-05,-0.0003443780804100879,0.0013876136398552092,0.0013088171721997114,0.0029599864604480264,-0.00048758520520433835,-5.4915579982413656e-05,-0.0006597887843653215
2024-04-23,5.839387828027176e-05,0.002235302886757183,-0.002050359787471574,0.0035466147626369,0.0055409134924453065,-0.0013883556982054613,-0.007173895151680812,0.001179375483989855,0.0006126149255525642,0.0008787764697042965,0.0007428643599819798,-0.0002114667036390988,-2.203116610303979e-05,0.0003469790998662965,0.002188648138389133,0.00025729239210523815,0.00029579066511074056,-0.0008957894699383904
2024-04-24,0.0006146289443094803,0.000810158438910363,-0.00032076640789062373,0.00499666295089973,-0.0036188846941145212,-0.0008564471344813611,0.0041917743536557285,-0.0010395665205268508,-0.0001462785838561538,-0.0011202065204368396,-0.002666530515513462,-0.0003937446914047257,-0.0005449081350363148,0.00028922708905993,0.0032624929802169502,0.0016667547965583266,0.00015966334926830524,0.0005112878879612603
2024-04-25,0.0015974532859055028,0.002156120977007644,-0.00372693389231382,0.0033222351463977322,-0.00019135235472873824,-0.0013740949552364127,0.005966885496437384,-0.0013373470930731577,-0.0005243802144900312,-0.002283933844361004,-0.0034080644890907307,-0.000461302815755978,0.00020249856526679882,0.0009726731298295831,-0.0005478221648574106,0.00064829217304593,-0.00043170993819244535,0.0005831477063922906
2024-04-26,0.0007552335792774725,0.0003745665197963568,-0.00447025221774581,0.001573172954031709,0.0008472456336605372,0.000989180442130519,0.0006254222024229504,0.0005958174528354044,0.00021922985757569292,0.0012966235103857627,0.0005899823008413086,0.0004730995577071004,0.0006210439589552732,0.0007286419372437864,-0.0014454667733579483,0.0036931684851769274,0.00040667311283858806,0.0020967826667924972
2024-04-29,-0.000978622726550889,-0.0008621641041642912,-0.00017407647536315466,-0.0009480962404522396,0.003085351455147064,-0.0023993551957332973,0.0017484278039557426,0.0013958198979811191,0.00027157026539784677,0.0020920623246381957,0.003907749217877898,0.00044400214561353445,0.0013628676262114202,0.0011694874743459855,0.0035890947155539877,-7.374734205530887e-05,-0.0012978296780412815,-0.0006359291702473383
2024-04-30,0.002453312483934506,8.633440719192642e-05,2.638076635492516e-05,-0.0004292415264083409,-0.0017034487710233248,0.005430581429271178,0.008758389368447833,-0.0012051424386352138,-0.0008079855257235271,-0.0023143506884941646,-0.004548921442541989,-0.0010694406273366562,0.0006011923028937357,0.000368243052000429,-0.0008592093340339842,0.0004839158486174659,0.0017823399876361334,0.0006350739080990169
2024-05-01,0.0004117650683162829,-0.0011495208551215636,0.004429211607905192,-0.004942420534892568,0.005290157003407965,0.0010295147173655073,0.00812933392513616,0.0014084439069617428,0.001234015976234011,0.0007511254766715512,0.0022118398011474628,0.0010926269138734868,4.269379535717065e-05,0.0024586772031660823,-0.002363837526693141,0.00253572446069392,-0.0001419070744151929,0.00040352125928954426
2024-05-02,-0.0019338881568365784,-0.0019436865273974296,-0.0015329483631023946,-0.0006505142771175386,0.00516914888402408,-0.0036081521843274837,0.0036255955449211695,0.002230170562254625,0.0009274404116719055,0.002360549217550196,0.0008151485943587323,0.0004655422151810672,0.002612671008308259,0.0019410854902056959,0.0046255145280789355,-0.00017902858287109028,-0.002550115998380573,-0.0006327731832904849
2024-05-03,-0.0004753532642430055,0.0021175598634649833,0.0027989362462948805,0.005236273957121031,-0.00027181512361889974,-0.001788418482771531,-0.0073913365618920104,0.0021048934277637025,0.0011312881330092066,0.0021547940071692784,0.0024002528972691967,0.001438085835236118,0.0016786514872476144,0.00020719781831908188,0.0026176585554243976,0.0009014201889341526,0.0006992976447156357,-0.0007619288709922057
2024-05-06,0.0019004957941048351,0.003257316994241438,-0.002318829394432874,0.0019793325935518347,0.005150810512218483,0.0005082649812343043,-0.008156405379085878,-4.1459526210594396e-05,3.054814098696096e-05,0.0006320006046927584,0.0023991620639385526,-0.0010891684952468895,0.0007521530927274388,-0.0013720318519605192,-0.003165862050136593,0.0014961452416487157,0.0013248112037313482,0.000833417985685477
2024-05-07,0.0002712414129867252,-8.812194241936393e-05,-0.0006204290454556289,-0.0001602081845582103,0.000330770039545512,0.0038237117811734224,-0.003937368801531584,0.001629384303144972,0.00016150419810236706,0.0020916007568610767,0.004410923235853321,-0.0006112500682069403,-0.0005024395196251583,-0.0005454431381272779,0.00285521837224398,0.00016790360616406562,0.0005692681382527326,0.00013022231828359494
2024-05-08,0.0015604924781314625,0.0022386023687829904,0.006733252183132235,9.454568729951301e-05,-0.0023300711922604085,0.0008055094773317809,0.0021698771540987778,-0.0009344167756296182,-6.248627320632662e-05,-0.001513956910105484,-0.0036808467253157395,0.0004252327676518197,-0.0001813148270249391,6.874279067955579e-05,-0.0005659702166792378,0.002179128711891888,0.0009716065084710655,0.0005354173306570167
2024-05-09,-0.00018435452727381778,0.00037615692261073596,0.003926541112340445,-0.0021175073553420104,0.0022434460064720396,0.0011119696535704113,-0.005239242524033823,0.0008218700305086986,0.0006807513153779685,0.001974822895592212,0.0033279397821069953,0.002035806331697125,-0.00014376264151531263,-0.001489863221447198,0.00594843660490808,0.0010652897375775204,-0.002952780784524883,0.0002701221277007508
2024-05-10,0.0018048500005504921,0.0018078021068894277,0.0035971464773846685,0.0018465848690428833,-0.0061612277374064025,0.002445005548135525,0.0028501797455651456,-0.0008474679643942532,-0.00047690529164586665,-0.0015150001830174955,-0.0028993960025943486,2.2516763953494634e-05,-0.0012171938796030216,0.00023394856682151192,0.0008337262470258823,0.002711352967778187,0.0006537829861050018,0.0014297094746706695
2024-05-13,-0.0008588979459735332,-0.000383452783901463,-0.002491312703827565,0.0024313165289218397,0.00044050712321683206,-0.0021869013106768165,0.0027863707463736944,0.0005178776408461703,0.00022028428690362646,0.001071424122761272,0.0024213534142034773,-0.0007887383172661502,0.0012252040924815163,0.0006610127514921428,0.0026242657097222902,-0.0004925014919514789,-0.0005638089320082751,-0.00022210903381056032
2024-05-14,0.0011170727848642727,0.0007322734660047156,-0.0003696277717148027,0.0010743769107359876,0.00629405361272649,0.0026567114151441916,-0.0006223652691230482,0.0013295656017088583,0.0006701398746031699,0.0012038747280391573,0.0023017033227144164,0.0007128116834185664,0.0006428696568422966,0.0002463103037818675,0.002464248830776306,0.0019953970024039706,-0.0004474636720461999,0.0005157491955713632
2024-05-15,-6.143156445393046e-05,0.0024844977960067575,0.0005357182146670664,0.0030806450011039693,0.0018867283026530526,-0.0019714598287726755,-0.0052135028947489885,0.002855019265664123,0.0011953557708546884,0.00316073018420878,0.0044966010053163336,0.0007527421823117818,0.0018911359926344993,0.00043159078146149787,0.003305254165988758,0.0006795766234675028,-7.019770665018903e-05,-0.0006961511626125422
2024-05-16,0.0008199579555299465,0.0004692931148617507,0.0019747731505200816,0.0012158953227822452,-0.0046623926330725774,-0.002067925747123235,0.005143488346471709,-8.616726566722786e-05,-0.0003832015660066537,-0.0007002828074215046,0.0005360101547935542,-0.0007772229397378069,0.0005278479356491191,6.584700166720366e-05,0.0015485969294640215,0.0008461891936165401,0.0002691088886824823,0.0002993820757867709
2024-05-17,0.0005966396819708122,0.00027770424588465154,0.001973806181795318,-0.0005070437023814451,-0.0016124433300135264,0.00150280156051212,0.0020743489059748136,-0.001999934139742603,-0.0002998627836857174,-0.0011184009614673557,-0.0021510436816517212,-0.00012554282719890787,-0.000692455201796867,-0.00011105231362226823,-0.0018126504977447875,0.0026850515705479014,-0.000821090666125306,0.001753719199531607
2024-05-20,0.0011157053950512762,0.0015567469508354827,-0.00440561107469621,0.007545406961314021,0.0025521763053664237,0.0016019510072460435,-0.0031424496507468803,-0.0005524056307386985,-0.00011908705380013864,-0.0008660299511035284,-0.0016874694989919743,-0.0005004341580024346,-7.251245671700715e-05,0.00022921957772065876,-0.0027342255836351253,0.0013906473502978945,0.0015684242002229768,0.00046549876367422407
2024-05-21,0.0018833245755712023,0.0038083784162390557,0.0032415000210969666,0.002360055071405291,0.0014450199707645825,0.00040667001964459805,-0.004111829695741295,0.0009599486096700742,0.00035279930496240493,0.0010955325649302872,0.0011971836795523529,0.001058007079045293,0.000304626773437099,-0.00022913901867453778,0.0013750610785730406,0.0009575970194259527,0.0013201570437662308,-0.0007897375346009601
2024-05-22,0.002309741888885844,0.003061390759681009,0.0005238580534052146,0.004131044048991702,0.00032000970756741916,-0.0018713814341556351,0.005568422871787975,-0.0005006168974577801,-0.0005052849818657442,-0.0009884745004510869,-0.00013332484879248745,0.0012307989881955171,0.00039324534882604614,0.0019085344692420687,0.0019527579070450166,0.0004456102225602332,0.0011367498233382355,-0.0011494713842129496
2024-05-23,0.004466328101300357,0.004068884748464842,-0.00431797234314155,0.007053629836412287,-0.00217291918882998,0.00492279128634235,0.004404959413520896,-0.0007976992314813061,-0.00032315681074142246,-0.001976757054260749,-0.003338502201483638,-0.0015454836857276954,0.00017044343055609267,0.001988585104962217,-0.0017417623823314798,-0.0007207853650315343,0.003642664238500265,0.00021996313479373053
2024-05-24,0.0005049149259817092,0.0018849430386423264,-0.004529242848983065,0.003916851676347636,0.005875513115552732,0.001147798214927386,-0.005982311128488257,0.0001339167052254067,0.00021878126857424577,0.0004458653993842383,0.001518794421520356,-0.0002704424220258974,0.0005914514363942278,0.0007086899471433115,-0.0011737137000866747,-0.0002647432390880458,0.0004792038289890164,-0.0003443565951152328
2024-05-28,0.0015479127193647156,0.003582802736495112,-0.00286916853029041,0.008815158889249997,-5.376635036298148e-05,-0.00021006614467994225,-0.002765359583995336,-0.001910443737040701,-0.0004252722757428333,-0.0019757983314467355,-0.005523649285059462,-0.0013768989261686367,-0.0006202836725049087,-0.0011280701312705046,-0.0017024038461535577,0.001340484247344292,0.0009845728289738544,0.000887290831344094
2024-05-29,0.0032310794619420918,0.0037512877494679,-0.00042774092824257766,0.006103362683601763,-0.0027297214442036886,-0.0006905305411464106,0.005401649689000875,-0.001491950416370796,-0.00020020785627879376,-0.0026300313139567618,-0.006667686527215647,0.001334545973184182,-0.0009688484360927396,0.0007837402676332795,-0.0008624787495747303,0.0011791493923340758,0.0016106997619441156,-0.0005333717665495317
2024-05-30,2.0517849753363005e-05,-0.004223980015478525,-0.005858276807775051,-0.00534363790476584,0.011668174165006413,0.010079265619509205,0.0025874723842354607,0.002360733075308292,0.0005085966368083431,0.001503066430786096,0.0030344181259587214,0.0024579840792868274,0.0018233488790884425,0.001704434946856888,0.003866735111328231,-0.0005513483031367463,-0.0034390826570804105,0.00011846326198913012
2024-05-31,0.0006076626681809777,0.0017692716576270034,0.008697420148966548,-0.008654227758637329,-0.0004541281150730013,0.004098266295662813,-0.014227656192139289,0.001198557072673859,0.0009830977337012847,0.0026211468419590654,0.0031682936392174463,0.002545425380237264,-4.5059582993738426e-05,-0.0018830105068325786,0.0038878514424289315,-0.0010732468061756123,-0.0009703927714338036,-0.0013901697148932632
2024-06-03,0.00198325662614159,0.002420946428136597,-0.0007236642723102639,0.003216151479699488,-0.0005887616765920664,0.0009119235494526778,0.007907285491458322,0.002705673338177843,0.0005471372752108432,0.0014959569349083405,0.003772788067346086,0.0012248542956059829,0.001477827974760356,0.003396650978482858,0.003072654034394372,0.001826517480855867,2.2107787181133154e-07,0.0002761198750514931
2024-06-04,0.001953566656909079,0.0032871417669293013,0.005555702091529989,0.00433383775210441,-0.009224714423096431,0.002803491152364104,-0.008562666501240233,0.001689133267750944,0.0007127965130476822,0.002480424154380383,0.003856108363403969,0.0015957506339459157,0.0006033899822649328,-0.0005620314627904303,0.006550130576404955,-0.0012983729760479385,0.0016075014548300494,-0.0016724705571194102
2024-06-05,0.0012829304634857826,0.002158228940261681,-0.005744682281110998,0.004994539063616634,0.005604114563184614,-0.002439033812871253,0.0012792283470237434,0.0011811377600043544,0.0007103457394726765,0.0016767900018323494,0.0026460689025341252,-0.00015846135207661562,0.00012495152092065285,0.0009680885917785031,-0.0023632883039603862,0.004649524464453373,0.00044759890969833186,0.0017386724538058299
2024-06-06,9.83426235610593e-05,0.0005858559470657998,0.0024386270275631255,0.0016343029630340603,-0.007805065742915736,0.001470403230271271,0.0011150715738050127,0.0007761349888359757,0.00022901160755067415,0.00017287500985407748,4.474053567255268e-05,-0.0015472522409058697,0.0006139638585266082,-0.0006895841915717338,0.0015225361464870674,0.000795187616412547,0.0006417920316501517,0.0013214109751481843
2024-06-07,0.002583657203526316,0.003071040025825981,0.0011430145615548273,0.003976762153719894,-0.00585949590445774,-0.0011733230086828726,0.003267683994610143,-0.003995048174490594,-0.0015277113149292176,-0.003970610944562283,-0.005343109556752072,-0.0012296988361301421,-0.001246482046475885,0.0009262493064885217,0.0005257466857660036,-0.003969985462250178,0.002367325867099035,-0.0016512142397641025
2024-06-10,-0.00017463812027269932,-0.0002643003730966268,-0.0015043589582036812,0.002161241269804292,-0.00248626584443643,-0.0029246728800771233,0.002463640480279998,7.942392545511674e-05,0.00023293497836825955,-0.0004731602746526559,-0.0017447263499167903,-0.0012915346151147543,-0.0006585588220867715,-0.0005049218638841814,-0.002046311234327025,0.002611979724840673,0.00040936485550570854,0.0013975577935980185
2024-06-11,0.001170100613326174,0.0045234842042879255,-0.000995066541911377,0.007696104849658117,-3.455879597310998e-05,-0.006809099312820212,0.0011897605344167294,0.0013352634305228484,0.0007011323451080342,0.0020723533114893494,0.0027053748757300267,0.0003504833286891978,0.0008148753174207725,0.0008735137798514076,-0.0011770897713280128,0.001137424337471768,0.0019043956954285127,-0.0009363863680546484
2024-06-12,0.0006326152085516686,0.0008956019648335492,-0.0072992272979443065,0.004144705420589161,0.007069672746097119,0.0014230838719848562,-0.0032569287361602847,0.0024679593689666247,0.00084364411333466,0.0029621247806856195,0.002813663871381983,-0.0012622522821225685,0.002250575639980445,0.00048409698525835087,0.0018774681683253669,1.2473645690344332e-05,0.0005480862056277099,6.179610373003262e-06
2024-06-13,0.00027314047005798326,0.003810323350827106,-0.00016070826684526883,0.006708439249752807,-0.006843265851880516,-0.008686375970817332,0.001834939381401864,0.0026869321128639113,0.0011408876279643382,0.002886350376520898,0.005783604940345886,0.0005522352345655648,0.0013988759429800894,0.00012367736211684485,0.002600399105196884,-0.0006699568062349861,0.001338305865882166,-0.0010941371580762086
2024-06-14,0.0027913639370282014,0.0040156654778236885,0.0026980269635705975,0.00647121567015439,-0.01093546537070539,-0.004448039570736052,0.006697820225690324,0.00048166542322033393,0.0002477865367240549,0.0010179998111495387,0.0030765369229443246,0.00032200447638587636,0.0005107952746201694,-0.00014113741566885041,0.003226753864025341,0.004473244846453827,0.001125454425387664,0.0013167876689142112
2024-06-17,1.533916559178991e-05,0.0030512884699419665,0.0008143372861620897,0.0054840155446619545,0.003240597099100611,-0.003652436966400961,-0.0035735551565807423,-0.0017395175107692176,-0.0005720864164449883,-0.0015785587391740803,-0.003121727280330902,0.0004210213152817453,-0.0015564407410873344,0.0009065721041051431,-5.375829499001689e-05,-2.235445996242799e-05,-1.4916815858123916e-05,-0.0007706209242374508
2024-06-18,0.0003104848633874351,-0.0003864917802596907,-0.001251843743260486,-0.0026751145939300567,-0.002255455193580562,-0.00011453426103133144,0.0026002198710840183,0.001502403645169351,0.0009199016693418123,0.001657626220091904,0.003818140183038117,0.0006975616846272526,0.0012228624711397465,0.0007978370255372026,-0.00040478609684221813,0.0011949794664549334,-0.0011820077623405263,0.0013506476734175075
2024-06-20,0.000204391038997131,-0.001486298990624302,0.008480931807501896,-0.005536059875228204,-0.0033259726151996655,0.004040995714762079,0.003084163143980817,-0.0006353255006422759,-0.00010582605413199663,-0.0009553174456493039,-0.003289392984544806,0.0014822548862718212,-0.0018706253173198652,-0.0003264807227503141,-0.0028975289978568266,0.004391869918029626,-0.0010310791376539632,0.0023037060810905067
2024-06-21,-0.0005697060421773017,0.00038551122998537715,0.001728082511385664,0.00046289349066173154,0.003839916841785764,-0.002496522749895617,0.0037912156691363684,0.0004321344134682747,0.0002739524360960586,0.000494988323114332,0.0013458436642652765,-0.00023465651240226555,0.0007236317391710965,0.0006739491808499523,0.00038621707355142266,-0.001955417713964191,0.0005904939220571573,-0.001352048081762625
2024-06-24,-0.0002769692454169697,-0.0028499016973633604,0.006676675392730501,-0.007938286461186876,0.0030368477681280586,0.005114669454179004,-0.003208480400952405,0.000754164467230523,0.00016780970603045566,0.0008072806427751236,0.00429602751408775,-0.0003066632607107569,0.0010340869223373073,-0.0012387672095358479,0.0012238510310226955,-0.0009119053957294364,-0.0019184729609980807,0.0006858125537581184
2024-06-25,0.004307721869862443,0.005191917572781306,-0.005582004590619703,0.008860606994288893,0.0011303680088465135,0.003470424001201131,-0.001672758253569539,-0.0005503523194230064,3.789152413954013e-05,-1.9317364174305002e-05,-0.0012122470961769037,0.0013426477034223605,-0.0009762839725650634,0.0025131722197918485,-0.00023518985420442097,0.0014552142964549472,0.00213286578962185,0.0003581041230347906
2024-06-26,0.0010843976327868034,0.002140032987662518,0.0009637247812316241,0.003849328099056429,-0.0025311785476169893,-0.0037284413791277794,0.002223689989998805,-0.001642260749685597,-0.0004576031738848515,-0.002079755530112943,-0.005508531016861218,0.00014963734843649948,-0.0004637970373804782,-0.0002752204497058438,-0.0003561518308870812,0.00025026023619063344,0.00043414221088126557,-6.684587670784548e-05
2024-06-27,-0.0007371070925471894,-0.0004878702056351058,-0.00125374422432544,0.002119242809630938,0.006210302489722078,-0.0011695514754903051,-0.0016251228981181663,0.0008062007725485279,0.0005155083503285234,0.0012490445228144106,0.0027629441194595237,0.000593452013466904,0.0004566449592194393,-0.000499610460192272,0.0005133794882375697,0.0014908099047694842,-0.0014059296662178034,0.00011270989375148765
2024-06-28,0.0005370989263693096,-0.001373154885208284,0.0009615200056849443,0.0010190861416373258,0.004111375555523768,0.0030939080616214335,0.005860116649257303,-0.0017441511049702367,0.00022545359372309583,-0.0013254479228933273,-0.006740696811844846,0.0010173219229410863,-6.466607482238235e-05,-0.00014478570048443275,0.0034787381551500823,0.0016497691327686166,-0.0023814883628295582,0.0008994979833322465
2024-07-01,0.0009567696053901725,0.002306406436594304,0.0006849186074276509,0.006809398993950678,-0.0086886824379719,0.00015029879747688758,0.0004188963918193619,-0.0025414126812101233,-0.00038719367997918405,-0.0032893424559945154,-0.007248187097182843,-0.0013577740254223179,-0.0012905837278875615,0.0005082741219508619,-0.001905935671773884,0.0013158494107755178,0.0021914413961706992,0.0011887851900686842
2024-07-02,0.00015000802224918262,0.0016996554265997525,0.00014965318428581537,0.0035615802016596395,-0.0013343470781559492,-0.0026897546059563198,-0.0034458872354668647,0.0012250200639796678,0.0005846986989308368,0.0013534890290713055,0.002040755752173146,-0.00041251030114714936,0.00230612788542832,-0.0002920653135727357,0.0010830704631798892,-0.00028615619245347685,0.0016014839405782302,-0.0006809202015901308
2024-07-03,0.0010815619335202836,0.0009268578176478801,-0.003785565339777407,0.0017350176935309984,-0.002840309743465868,0.0031946507046872446,0.0024013895900902495,0.0021369727990678713,0.000895492191081799,0.0023193491897305976,0.0033446448438534566,-0.0005108362225126183,0.0021386628437019073,0.001626841832937094,0.0007068188830008917,0.002187015184358796,0.0005722753570580209,0.0021072250231694905
2024-07-05,0.0015351576241804388,0.0030275355110461815,0.00023682337012910027,0.00568536024617756,-0.007079687806794452,0.0014858586257734344,-0.003256221574452829,0.0022345342650775084,0.0012061254208750375,0.001764731515903022,0.0005979110848698685,0.0010578933121200775,0.00047020781835741595,0.0005649795433663165,0.0019253428063012402,0.0025822690592052413,0.001261543749757693,0.0009088429244572382
2024-07-08,0.0013679937738161497,0.0012622554815337294,-0.00038281670441079495,0.0016149313861918322,0.007800860917705887,-0.0027351964104876288,0.0034987156366948317,0.0005710812172609609,-6.359129568647477e-05,0.0005074778044424424,0.001955206078844142,0.0008178000378738926,0.0005810188906205262,0.0009288960222983212,0.002246365852080325,-0.000546139651723971,-0.00036046006133834754,-0.0013425226533977006
2024-07-09,0.002099064582329533,0.00289113467638347,0.0006498189005327325,0.002372911572418919,-0.0018476169205226649,-0.0013768323447290068,0.007544812658265853,6.40725818666229e-05,-9.252466707642965e-05,-0.00029815000497545696,-0.0023052631940640423,0.00011839317484285444,0.0001496833905504768,0.0009674388412827459,0.0019064150033653205,0.002122778389119487,0.00016500354400005284,0.0005312734545515882
2024-07-10,9.978747302482986e-05,0.00043912352610735866,0.002290946192341997,-0.0019101427582246047,-0.00015102561337840444,0.00374360314178295,-0.007283204533054961,7.473466930062449e-05,0.0003697989063321618,0.0005538961570814546,0.001891168428474563,0.0009687691887461876,0.00018848176079749954,-0.0007072974417006656,0.0013934253967826686,0.0016954551180089678,-0.00039657126129807657,0.0006609316194554908
2024-07-11,-0.004736417161907708,-0.009235196406094315,-0.00038502993771087645,-0.01400858112700932,0.029267462732970477,0.0014785618349158498,0.0072711142050650044,0.0032077416629301505,0.001398942236479116,0.0036471823133465094,0.008644257246424416,0.0007895392036113991,0.0022876355679730008,-0.0009432705257704319,-0.000803474188673145,0.0009677321850307258,-0.0075023266391882615,0.00022844388794878746
2024-07-12,0.0007380122075846055,0.0007376830404419834,0.0018110481829465815,-0.0010159838996204942,0.005536849919405014,0.003034010559471908,-0.0046587869249560925,0.0013812049385541574,0.001023426848102185,0.0005898025418167993,0.0023796623755428614,0.0005766409056502074,0.0013037738249447942,-0.0002656540971211342,0.0021569036828454832,0.0005742318506827657,3.2389961092224324e-05,-0.0002274714206472652
2024-07-15,0.00024153041273105831,0.0016377931280928165,0.003720382390475443,0.0035823902379629245,0.01600693674122741,-0.0054099067397344654,-0.0038808859331323645,-0.001486117235037594,9.700499548350586e-05,-0.00029142640376768336,-0.0031656200288186845,0.0028149925849414,-0.0025166340521991745,-0.0006930255642284141,-0.0010815402771965146,0.00218343441069338,-0.0014601385768371784,-0.0021897066612620933
2024-07-16,-0.003771195633035667,-0.004413760598683654,0.00846784629435805,-0.011460296659952554,0.02255652418896196,-0.002507750513993846,-0.0022773600364364554,0.0016916587064312615,0.0002535231498876151,0.0022661989481581905,0.008485350627328643,0.0009910822268754758,0.00021625778650561506,-0.0014445802086308487,-0.004384208220489096,0.004387536103544882,-0.003009318571375928,-0.00015685754854351643
2024-07-17,-0.0012046494929258533,-0.0024639976578268215,0.015438457707620042,-0.009766452397794521,0.0002870084255069058,0.004409805842929621,-0.00013356309637503963,0.0010847806104563112,4.786644341358522e-05,0.0005687030926878057,0.0007380870185333668,0.0010998069490564951,0.0008909819517022223,-0.0005474487471743786,0.002381977438140049,-0.004207056195437718,-0.0019601371840826456,-0.0017405991384004467
2024-07-18,0.003812547096733917,0.003006154085448888,-0.0026903450692143394,0.007703766626519596,-0.006840293825820512,0.0033410246871729346,0.007852812369479593,-0.000843894171702314,-0.0002613790494774349,-0.0012060286338859746,-0.004421150353526379,0.0005239306606962773,-0.0006555039848494225,0.002143682492795172,0.0018689957378315754,0.0009770133327981498,0.0018822813479620337,0.00039031263188214326
2024-07-19,0.0027690352513408158,0.0010308258788561163,-0.0019161099255732795,0.0013079583187926916,0.0035518223398836694,0.00369635512576837,0.004911733200684484,-0.00019718317776484763,-0.00030835628373210625,-0.0013159122289856816,-0.0015680953120769843,0.0008820981663311264,-0.00036890905365623153,0.0017921944542932358,0.002347750187644961,-0.0021036144424292774,0.0001633673127920867,-0.0009337918714128887
2024-07-22,0.0001739040954444708,0.0005085152090124074,-0.0063853324830097265,0.003914720705397241,0.00421253126775884,0.0003759760408699672,-0.0035627940503951856,-0.00011141553700489787,0.00018730732733986507,0.00044608557003901787,0.001193515115450446,-0.0006458853878014565,-0.0006216166496601464,0.0003283383147015704,0.0017272411825692748,0.0010175713896520338,-0.00033929775071163534,0.00021349076914146188
2024-07-23,0.0014757033333199264,0.001585314110377435,0.001398054211547455,0.0006042743059371932,0.01405671339263272,0.0005817743872512573,0.0006081476225124303,0.00015540552435774533,0.00031920329401446805,0.0007626781570448955,-0.0004091295810613703,0.0008588670990330191,-0.00044457316972599083,0.0002029846150711891,-0.0018274019217740449,0.002108120992560143,0.00012756489584703906,-0.0006329100178652327
2024-07-24,0.0012997501954100273,-0.0014990020578949104,0.007389999359118025,-0.006648574949810294,0.00014378198932733094,0.006659919145560772,0.01191620664266434,-0.0005967677277081175,0.0002794118605969605,-0.000771947918682903,-0.004711067897571017,-0.0001266101801913602,-0.0006649908360354586,0.00211372486769967,-0.0022648490108909576,-0.0007655614442969982,-0.0002639519644150254,0.0009255688570335777
2024-07-25,-0.00227433005423309,-0.0025605415232611826,0.004211605039281778,-0.0069376230738251434,0.015249882775291716,-0.0034780319248283154,-0.0012188586545878598,0.0016759892570923425,3.2278000956332376e-05,0.0005127779764144049,0.00359225462446404,0.00044327087507405267,0.002250413453630863,-5.27722742836433e-05,-0.0027064443376867905,-0.003760203421622095,-0.001813340466013896,-0.0017737276438536513
2024-07-26,0.00020991295514895952,-0.000706012651153531,0.00558430096369452,-0.005320796372550606,0.0038604967804002823,0.0018125434437595948,-0.0028404693885251686,0.0012472012705939724,0.0009752544931885375,0.0024681821663732617,0.002931701740543564,0.001596261596191105,0.0009884491857507349,-0.0010474696027280043,0.0037224670871541625,0.003899194460825031,-0.0017051632325946527,0.0007644194682452092
2024-07-29,0.0019670217227412477,0.0022074434631543585,0.0004666358292059426,0.003239787363832334,-0.008668102375079305,-0.0002832604420835508,0.0013578229468682174,0.001007443210371323,0.0001959910959814096,0.0006284618977823485,0.0014657172205788747,0.0004622709734646861,0.0010325041577600768,0.00012984236822512402,0.004417725198429784,0.0004762028362440636,0.0005638901340697423,-9.358178086630795e-05
2024-07-30,-0.000567311915608978,-0.003105511543639695,0.006265955030362201,-0.009091312230358058,0.004965729659620567,0.005589912822360045,0.0015101997011266813,0.0006310462480661814,0.00028741880595024134,0.001488664952739709,0.00284647820385302,0.0008067385047249633,-0.0002665076695420169,-0.00032776697346361913,0.0001861288408194616,0.0019707468385075644,-0.00213684565162131,0.000942403661009703
2024-07-31,0.0012843590430994898,0.005588408339304199,-0.006379039880895257,0.012970494353178763,-0.005378828205270015,-0.0034333919913428004,-0.006045373864242358,0.0018599073180238014,0.0013919377754580864,0.0031336454712280444,0.0014635168704176665,-0.0010956174578161454,0.00067575342966366,0.0007333252411706936,0.0002260419045935283,0.004279179710936432,0.001369872807113131,0.0023482903409964614
2024-08-01,0.0019270276409886662,0.0023303773548460915,0.0023582585070343765,-0.0010704666585121224,-0.015775374242417182,-0.004653997534567841,0.011832985613645524,0.003094423793594092,0.001144353867139564,0.001007662811939993,0.002381757249129148,0.0009621280685677179,0.0021396309355989356,0.000625277125929235,0.0063353131286742765,-0.0011787252567820555,0.0002488827990935888,-0.00128661447912941
2024-08-02,0.0031871122645178614,0.004400305830067838,0.007871438208157788,0.002765038529861378,-0.009016375944297952,0.0013297663909507158,0.006563766742576763,0.00609285612445633,0.003618778869629902,0.005280033674879529,0.01165445924383602,-0.0004489408318455162,0.004250178689027958,0.0019605212009138288,0.009731857171941732,-0.0025615054279369224,0.0026330680576570967,-0.001575913702374216
2024-08-05,-5.491175628399847e-05,-0.0007735928651967858,0.0007227956157042845,0.0036092853666979813,0.0008801078596623671,0.0007370349251946719,-0.0013198938082775828,-0.00021172626549525292,-0.0003682259031462881,-0.0009348920041960312,-0.00019729331728542306,0.002401259462717373,0.0005440963775045853,0.003616105664694688,0.00035960018608413927,-0.00510217169245358,0.00014258841850323112,-0.002081325251017738
2024-08-06,-0.00044714280466301524,-0.00048340483820237187,-0.0019343667893452227,0.001901837088686643,-0.0021920416473473186,-0.00371732996071685,0.003874883324636702,-0.002225409996689683,-0.0005778327402215047,-0.002428254889658787,-0.00601854836910002,0.0004442517006810042,-0.0015986876088013371,0.0001396875622554669,0.00415268098389426,0.0003169642231533702,-0.0019416961239369576,-0.0010173920452148212
2024-08-07,0.00041854008753256953,-0.003804844846255569,-0.003476544523509051,-0.005555805866563527,-0.009517810333039608,0.006188707443122448,0.008640938396100603,-0.001163436557174444,-0.00029616807425125166,-0.0010437203080565483,-0.000727095944776099,-0.0014897284682459343,-0.0016143738933657144,0.0023245590958951173,-0.002210140097142547,0.000996000291391325,-0.00024651277788210156,0.002627410653272733
2024-08-08,0.0012213273714630213,0.0036073166710841563,-0.0008431093796975979,0.005816209803890842,0.002626420874882615,-0.002024708989622946,-0.0016457903178598403,-0.001150992786643394,-5.203860999758686e-05,-0.00048586207625613,-0.0010143154007952885,-0.0007118195358524053,-0.00025138266871026346,-0.0010584514136295917,-0.0007774030022382247,0.005666668091275435,-0.00049826648182133,0.0016021277070950382
2024-08-09,0.0008264786208422642,0.001774009782960031,-0.0007301497048260871,0.001105251359742778,-0.004479953787427762,-0.00015321514511131788,-0.0016952115376970174,0.0018459051427616078,0.0002446646777962807,0.001925840447761844,0.0033519668598110328,-0.0003303882302366388,0.0023569573823308747,-0.0003260450949717703,0.0031264612450986303,8.642110198517133e-05,-0.00027001006822147296,0.0003462494939240634
2024-08-12,0.0012462602208598884,0.0021027014906704372,-0.0018104039233265993,0.003177617622671117,-0.00707204556803602,-0.0006619570542467335,0.0012903273222276157,0.0005597507792151964,0.00046671181172820773,0.001099939849897366,-0.0005623789968981349,1.2250398430167439e-05,0.00026368054790494697,0.0006808891936690845,-0.0022245614855956157,0.003940983432014038,0.0007876448768586591,0.0018358591417448231
2024-08-13,0.0023735188554512166,0.004886613011364508,9.782113678807706e-05,0.007998135252628769,0.0056355114366469575,0.0028120512663111392,-0.006198400749547667,0.0014997091004607982,0.0010807018823751407,0.0018649193464370154,0.001771991385128382,0.0003436455218184208,0.0022626011042139824,0.00011562296753907155,0.004164007028304738,0.0006697331402759125,0.0008502982952798364,-0.0009239744857932886
2024-08-14,0.0019529476313446912,0.0014014636309428014,0.004015050779263931,-0.002446786725565612,-0.006437083336412176,0.0034811497519233146,-0.0037682759799040396,0.000912023446541615,1.5439993492328348e-05,0.000519275515791802,0.0027986142200875277,-0.0006259908318115478,0.0017830182774429492,-0.000217538229775582,0.0018446258008948772,-0.0015105369101593939,0.0017430952029162845,-0.0007759108117418746
2024-08-15,0.0014493460918345493,0.00247256801056619,0.00048242670051331163,0.005553989770619213,0.010633955700106433,-0.0009247468920588909,-0.006761290753056575,-0.0021523515540439633,-0.0013645162440550846,-0.0017116616865836707,-0.0008223008238194742,-0.0003025863206839372,-0.0008764138670767402,-0.0009065601853101984,-0.0027226881665887766,0.0031046361135371476,-0.00026826588170535126,0.00047494276590761934
2024-08-16,0.0014908604048730466,0.001583760308198592,0.002900788599975573,-0.0006636171014439954,0.0030641968493663138,0.001816387701970095,0.008922989158139103,0.0012029798117433018,0.0006865107078465453,0.0003353802614922835,0.0010491868711421776,-0.0006520006777569125,0.0005959275010015011,0.001656095279829923,-0.0003962176959402244,0.00544452598072653,0.00018763068115942166,0.001274224509928367
2024-08-19,0.001668730185839351,0.0029914745673146658,-9.287989852472828e-05,0.004009777534341062,0.006014839976228472,0.0019746582014165542,-0.0028232578775027814,0.000509724217115093,-0.00013756379400221895,0.0010951659828646245,0.003151034396965532,0.00029721330041794313,0.001182387977823676,0.0007500059644841264,0.004996509457301705,-0.00042165577742297967,-0.0011884346770064747,-0.0009436906566818734
2024-08-20,0.0022672757851492096,0.004078028511942657,0.004502126962987347,0.003542870899888537,-0.0045198429076539716,0.0005620414387584468,-0.0039846738670403226,0.0014090338966776075,0.000992307857477383,0.0010456085698894576,0.0015422314389599567,0.002075446018943429,0.0006763616952736183,0.0007151737555986619,0.003826715091523658,0.0007351197704917934,-4.765129786169376e-05,-0.0007985483533201093
2024-08-21,0.0012485502214267226,0.0004565000256969362,-0.001536689651682235,0.0010796461175146595,0.009595325793579083,0.004189015073582841,-0.001854481845123759,0.001042766451775098,0.0007259699150776423,0.001005259722108052,-0.0003262247332406227,0.0016109477732504864,0.0009916766274392552,0.0007061928012944872,0.002177955677891988,0.0007156001520122013,-0.0018609010095520973,-0.0003282594258448841
2024-08-22,-0.0002666244385513949,-0.0023092949279477203,0.0005014558316312097,-0.0056380815477486464,-0.004204109526886605,0.0031205840412947047,0.0012449610704686545,-0.0012945703130896997,-0.0007310556232511601,-0.000942102743431465,-0.0020734002984721077,0.0003921591994960091,0.0001255295340105043,0.00018234715819310946,0.0012196040389238511,-0.0019221909665564155,-0.0009699689799153848,-0.00047063912834921767
2024-08-23,-0.002059782522971709,-0.0018776416671827025,-0.0013177185992652874,-0.00017306939043297206,0.014402308142062639,0.0005490309763657338,-0.0062204998634494656,0.0021000392457098966,0.0015927222827203072,0.002246180168140477,0.004726860996884399,0.0010449078393549261,0.0015819911681210982,-0.0011501282085491912,0.002144002142930708,0.0005343252014134124,-0.0042615732474516645,-0.00045660545357131127
2024-08-26,-0.00036870041142776774,0.0003235417042870294,0.004159639805799676,-0.004431552534580332,0.001917966699843469,-0.0002815803177374952,-0.0038608255875223936,0.00012523136971447774,-0.0001565496921934213,0.00011255874438708888,-9.613346548914114e-05,0.0002985741544577071,0.0004049086249390849,-0.0010591851337535402,-0.0013141736689618261,0.0006971919449532925,-0.0005103572068480139,-5.839779153169562e-05
2024-08-27,0.0023397974996127702,0.0027660661967655073,0.001966702122232147,0.004108127129700937,-0.005720028344709939,0.003534390186148413,0.0008820684393393604,0.0005101516651841452,0.0004784874932424537,-0.0003320448524205433,-0.0008047144922856244,0.0007609065001229396,-0.00016157274992165843,0.0013178232941760946,0.0042406811278721986,0.0013798545220370753,0.00034841366218356547,-6.085213154908382e-05
2024-08-28,0.0016088500749821344,-0.00074804304465743,0.0009958483097680434,-0.005993547124418525,-0.00038188005895298423,0.005167197476403738,0.0053076966180683575,-6.983328404775314e-05,5.4381320860311295e-06,0.00012489046783352995,-0.00046295807175501986,0.001665049863389249,-0.0005901949824422905,0.0015300523515013554,0.0004962165591895322,0.0018349488897043062,-0.0009433539695332324,0.0008654057120354702
2024-08-29,-0.0009830156869216316,-0.002370267679870464,0.0035251519438397965,-0.0032721414088532526,0.0034281697128483606,0.0029934415323719116,-0.0007686494556492021,-0.0003726348389589886,0.00011826852426615874,-3.7366300858225534e-06,0.0008514105418973,-0.0009290435761305446,-0.0006849105080615398,-0.00044055227949279076,-0.0040832124657298255,0.0026167977298125556,0.0006203141433393858,0.001325161168775674
2024-08-30,0.0031268622009214438,0.004006538098553307,0.00031625021841571836,0.005205438011783594,-0.0006959182645824517,-0.000942045486641173,0.0004568597149554371,-0.00047226529963391743,0.00023830812046606327,-0.0003995695773249437,-0.002939794761984929,0.00032395886817542137,0.00029356930368512005,-0.00032948389842445223,0.004288928344168189,0.0015678065978258875,0.0002553373937496592,-0.0006410930486722864
2024-09-03,0.0010632651245150414,-0.0020913415115139944,0.003331513619388677,-0.008269756698346616,-0.008910068612285615,0.004893715981988348,0.006920902588534596,0.0026553538936516822,0.0006503059719797581,0.002417718065408486,0.005760602469573373,0.0011361971181626461,0.0013528383431610088,0.0018914215929610135,0.005769039519188408,-0.0008546701057611829,-0.0009563940953826421,-0.00027719111035787256
2024-09-04,-0.0007416782527711373,0.0007261285404731015,0.003363226034207895,0.0007793948246789298,0.0019988915671190093,-0.003190783979579216,0.002883741872356171,0.0016735848009847968,0.0013742879572891322,0.001713672205694492,0.005225758775343924,0.0003573983337082304,0.001582218607959986,0.001456703752072752,0.0017441129105394567,-0.0005743432605912159,-0.00012452204270766917,-0.0017108958603654382
2024-09-05,0.00023493521079548906,-0.0007876167016918172,-0.0032119058228499654,0.002714531436335252,-0.002045648948235221,0.0012613991637760074,0.003894239290926985,0.001094065839781202,0.00018903750608029583,0.0003774410838325295,0.0008514447837518011,-0.0008365584333331047,0.0015469194665103463,0.0014243637925465888,-0.001006657878016771,0.0010753905875139176,0.0010411599181953607,0.0002633613376154121
2024-09-06,-0.00017056167701288288,-0.0019164639073626331,0.00411046098787652,-0.006506701587026046,-0.0035985852826699825,-0.0013568273663831024,0.005800285643639307,0.0014598611784205967,0.0012234008981703514,6.535345417507275e-05,-0.0006505699262882008,0.0018939689354592834,0.0007259660321550449,0.0013608326513500505,0.002221247359244498,-0.0005217331389528786,-0.001207426701222895,-0.0011170009512808656
2024-09-09,0.0010042436968934736,0.0008662008473914878,0.001577750168742122,-0.00016772134168879967,-0.008619921955313978,0.0026034962411437754,-0.0020161388856896004,0.0005748586404166099,0.0003230922610992059,0.0012209957743801317,0.0024475070061995684,0.0009772719661994655,-0.00015603778288961678,-0.0006647005651481915,0.0022002340675657504,0.0029384442989504305,-0.001372831188008474,0.0013278453189619803
2024-09-10,0.0026296173340558653,0.004421446593920841,-0.0012968698797768616,0.008317164710218797,-0.0008068277788077432,-0.0024537989375303312,-0.0013399954390421317,0.0019238934135115378,0.001106202758763321,0.002236535499151163,0.002521307700903584,0.0016365587375799582,0.0016078552903890538,-0.0004109861786836984,0.007789456653357105,0.0021558182412688984,-0.0015921576690732606,-0.0009456765503360275
2024-09-11,0.0012166007539051744,0.0032986446614983083,-0.004055791599000541,0.011326679325056436,-0.0036877370905220403,-0.0014292843660324798,-0.003994514492505669,-0.0001700557836296943,-0.0004134849903002065,0.00027281687062276827,-0.0006115391095175369,-0.00014754380179961952,0.00019409328931961004,0.0006217767990878743,0.0011940271888289562,0.0009192224028510762,0.0008746921492490522,0.00011320025902265276
2024-09-12,0.00040536071495792317,0.0022138089029055405,0.0004946045402672737,0.004196048267522936,0.004123188509665535,-0.0014750785113620164,-0.004547455850556898,-0.000305137602558455,0.00024614326018905784,-6.675764826844866e-05,-1.7216433430122108e-05,-0.0004009875048806899,5.7258435778884684e-05,-0.0007072753200423432,-0.0009318574048169433,0.0025321618477124677,1.0668604086477157e-05,0.0005676740648870218
2024-09-13,-0.0009740014679351086,-0.000908101520205728,0.0014426963374723446,-0.0012881998496331298,0.016185485124087955,-0.003034553024316422,-0.0018479771355415092,0.0008686159953842504,0.0010358694644347088,0.0007524089352705207,0.0019943920598058423,0.0019553001507553497,0.0008671699617663099,-0.0007349697462558321,-0.0009298910253708395,0.002775368860203655,-0.0031814286972025423,-0.0005033335009808192
2024-09-16,-0.0002753396255642101,-0.0008039831674346229,0.003563882458940243,-0.006344235589691287,0.0009758579008396478,0.003037531107595217,-0.003338437135601991,0.0007183970093345845,0.0004507508383870734,0.0006972061056075094,0.004533522488523528,0.0007981096866423532,0.0013021235697499409,0.00027707245723004653,0.0007775068288831321,-0.0006763824610856485,-0.0014157644536817345,-9.652177525550001e-05
2024-09-17,-0.0007382495676545687,2.2777634063579286e-05,-0.000972369015781054,-6.340677674495862e-05,0.007857119214783588,-0.004298421540360718,0.0017458365917814626,-3.2996656613100243e-05,-0.0003786347837479088,-0.00029133756181710046,-0.0023276540935797396,2.9473302089429772e-05,0.001443334714938346,0.0004176137980388244,-0.002886024866237091,0.000673539608716741,0.0001465458769372317,-0.0003614522914481863
2024-09-18,0.0009057706459637397,-0.00014596309738401517,-0.00032819497754093575,0.0006341567687292741,0.00270933866469831,0.0006217107881012467,0.004048423055963868,-0.0006393792121488899,-0.00013874696698259876,-0.001000198117400551,-0.0034725365287184787,0.0002204855816909249,-0.00010023285699527467,0.0013738078960018696,0.0006935857486585588,0.00029516710823149564,-3.6428506365870916e-05,-0.0006118917184315229
2024-09-19,0.0013606802545833678,0.0038768459954446194,0.0005654789560615592,0.007680910568530524,0.005660930267028625,0.0014803442143496853,-0.004709305269337535,-0.00047226917908829485,0.0007424020396596264,-0.0004407388246109982,-0.0014081451090528763,0.0008197301367174944,3.3262062858550445e-05,-0.00017444677837645875,-0.0008712020777357343,0.004605726117787139,-0.00011079350881604971,0.0016555260039078966
2024-09-20,0.0007071208700923978,0.0016574985450524683,0.004127070125198695,0.0022962504793482925,-0.006609710853885226,-0.004098360810532118,0.006709816561975638,-0.0005597520996936897,0.00034453177107067847,2.339506925114009e-05,-0.00268572517310685,-0.00031315631858258954,0.0007727286020326504,0.0007005501181894327,-0.0012774871502041337,0.003650377983475856,0.0019071597557167117,0.00026486188714006315
2024-09-23,0.0018481258212070463,0.0007618253529015843,-0.00036943143346566737,0.0009707533766142903,-0.006721871595116171,0.0019899421259277094,0.003971850914079816,0.0005754940693375306,0.0002403699120279185,0.0006984699029911963,0.0003993001470001022,0.0006341695463700384,0.000980227886968779,0.0002642524113578965,0.005686275199757709,0.0023124190040399533,-0.001712830161936612,0.0011180968391402066
2024-09-24,-0.00047629351994022025,-0.00019549483138788914,-3.8601422281663716e-05,0.0006414461460824113,-0.003083510908944578,-0.004538812478448607,0.016625493066664984,0.0009130166687358462,0.000732945079758773,0.00039861675412359286,-0.0007535277010965867,-0.00039432364569203567,0.0025240874545302363,0.001752323554139438,0.0029449002380589106,0.003747474971867764,-0.0018567666913768335,0.0023471129388737896
2024-09-25,0.003158586177177858,0.00269012021974556,-0.002625790909928598,0.005796806749660332,-0.005869936228652315,0.004005568850643501,0.0023678321397819953,-0.0012124821895105951,-0.00034285515864844744,-0.0007626524452667293,-0.0017306018252845915,0.00023672629686023738,-0.0016872238227097318,0.0016531824959816963,0.001009967650391348,0.003409306188990646,0.0019413192442162292,0.000812506603168563
2024-09-26,0.002182724146763477,-0.0012280653524336018,0.002007752446813101,-0.004157239322300868,0.003239836728015779,0.009340336822692261,0.019331231121649164,0.0002947101321539657,-0.0006357350904073302,-0.00022383625041093183,0.0011748378907656988,-0.0010393049273272142,0.0005376218685910329,0.003787574454019233,0.0025625138845574123,0.004192023440953381,-0.0016217399493489264,0.002928214378312849
2024-09-27,-0.0013931488211017759,-0.000870328969975685,0.0034750741898629187,-0.003256360539133911,0.006342397339290688,-0.00474017272628352,-0.00034002373840036175,0.0013112447232725647,0.0010479900161841495,0.001745972063576262,0.0017767151208260721,0.000272385841783324,0.0013784088310843583,-3.1671319881528427e-05,-0.001639446970169961,-0.0009473496764710806,9.0969693073914e-07,-0.0014654701553848174
2024-09-30,0.0011679499579399881,0.0029361518358161204,-0.001307070766297725,0.0031665118975872796,0.0007912229231464823,-7.881827878186264e-05,-0.010524956254233185,-0.0005360871322013479,-0.0007683035935765212,4.704065030422793e-05,-0.0002509178947755512,0.0017205697844274769,-0.0003989719912703758,-0.0006091563505085564,0.0024523137855998883,-0.0008622802704657227,-0.0007210504660218669,-0.001808616518101368
2024-10-01,-0.0010094252025523043,-0.00361988328647536,0.0010844208428507432,-0.007272398201959832,-0.008242370312167561,-0.0011487208223779329,0.011566388908085885,0.001104917430446752,0.0005141721494969872,0.0010343856386645575,0.00021672950470321643,-0.0005512590970111553,0.002578546393388589,0.0005823742161780595,-0.002316349880206932,0.003025673847711163,0.0005510236822777459,0.0026434833544043117
2024-10-02,0.0003717915361993872,-0.0014543018404836179,-0.000908074020138819,-0.0011115899081250119,-0.004325956074097543,-0.003437677930486532,0.015710233315627216,-0.00046922529741265026,4.2317597793942814e-05,-0.000504420207535116,-0.0030649743685717138,-0.00010806998196787119,0.0010339695693980396,0.0014265418117826553,-0.0004042809291903396,0.0036934889086918258,-0.00038221445063143025,0.0021235661628444718
2024-10-03,0.0007276576892910969,0.0032120448913061555,-0.0004714843849956112,0.0065907978605728905,-0.0020483454802964606,-0.002865269066414198,-0.004361702190655656,-0.000900083558442373,-0.000642848460284068,-0.0009200991923081483,-0.0006608241568155353,-0.0015150236578435439,-0.0011064037572239014,0.00043625300629802346,-0.001514584302505965,0.0006026069662032447,0.0041652220535820204,-0.00022963453928664425
2024-10-04,0.001582095366608735,0.0011053428203985152,0.00018165040082218122,0.0009058653567098167,0.006294350822811882,0.00044130688241925207,0.002765959363756133,-0.0023940243281387608,-0.0019592393503128393,-0.002803764113615914,-0.0003589619408811244,-0.0019396849305407032,0.00020744445448006143,-8.517111020953723e-05,-0.0020725617195857535,0.002695564053801754,0.001734515681607885,0.0008089971028805952
2024-10-07,-0.00041830925848254305,-0.001323181340134141,-0.002030716733583556,-0.0008963494562674017,-0.0005401896795854434,-0.0011890084380196016,0.010233445640791199,-0.0007253913156749347,-0.0007766817515373974,-0.000747634101048251,-0.0020878282031885718,-0.000223184532410768,0.0010730979691157445,0.00216843622137816,0.0018314619342859918,0.0006826178989429001,-0.00039344928074613005,0.0014915622410036525
2024-10-08,0.0039046030765765164,0.008392129203438231,0.002258099076946429,0.01131415265883022,0.002234635097807211,0.001123129576733396,-0.017840082839385422,0.0005429209642362717,0.0005624821767951618,-0.0006335783921241483,-0.0016342225117508308,0.002927439368423171,-0.0011141590970030271,-0.00019227851485005597,0.0029165468718349886,0.00012812026333956523,0.0007296711315890603,-0.0032081765409563874
2024-10-09,0.002027949922243313,0.002875758096238275,0.006212216637277276,0.0016195435331219825,-0.001137653815081947,6.816250411815974e-05,-0.004769817474528847,-0.0010583964132310371,-0.0004204641218665962,-0.0010730677766641905,-0.0013007849306885654,0.0009074357616656171,-0.00011645754687854542,-0.0006171630451927378,0.0011922751479773548,0.0018323569741237047,0.0003335645743117732,-0.0005425061123527754
2024-10-10,0.0004692522451563647,0.0013216772929801265,0.0019643225682041345,0.0027648523305625985,-0.0032330241877761567,-0.0006271848837097139,-0.00010834281470851071,-0.00042387851369236174,0.0006779886641532407,-0.00020330399107256945,-0.0029652070779669433,0.00040682133714362414,6.420171792454517e-05,0.0005460130898166026,-0.001484285683796823,0.0021751542310929697,0.0027019339366346484,0.0014699653792680204
2024-10-11,-7.834776053854998e-05,-0.001175011831594114,0.0026394300042917214,-0.004649848035404387,0.010327923838078705,-0.00016410305056248353,0.0021063497207295286,0.0003835265443942085,0.0006704470741233397,0.0011217764491498476,-1.971775270174017e-05,0.0007239689450149493,-0.0005999247836098565,-0.0010548200551269296,-0.002255164406997575,0.0034249794206909602,-0.0017580662725555792,0.0006400440610414623
2024-10-14,0.002674065486275796,0.0037035125631905376,0.0009396612048263014,0.0016836171251354733,0.0037227117430468117,0.0021780538662357187,-0.0033686372931082684,-0.0004467069352275506,-0.0001730838824772621,-0.0006545786475265956,0.001873677161319301,0.001028385974658214,2.9890619077902738e-05,-0.00023420904856375402,0.00199500587815763,0.0021230241392618723,-0.0012541372612450384,-0.0005708654854654264
2024-10-15,0.0005163046342830865,0.00017234128588955108,-0.00045936752629113006,-0.0016623536961911187,0.009514783613450475,-0.0036566775427799396,-0.00180249734830297,0.0023084496230695814,0.00020751011484550604,0.0020157235389382743,0.004493082051941639,0.0007834775324531171,0.0014111749989467034,-5.144373483560727e-05,0.0023558143824234067,-0.0007822846149309693,-0.0031595396746671098,-0.0023874404235323344
2024-10-16,-0.0006743932517358376,-0.0017775078120258851,0.0015497037189579448,-0.006005586897596059,0.008646743445028785,-0.00036443373986020516,0.004734943445595937,0.000579875333658428,0.0005274180221287137,0.0011380324347633102,0.0035927065052046027,-0.00021635580696496729,0.0013290442783533284,-0.0010484199330146548,-0.001100630075823776,0.0025292534203022812,-0.0018641383090670202,0.0005548000538884452
2024-10-17,0.0014862809929778657,0.0016736502738138944,0.00543743831537021,0.0020479001481291427,-0.001090125828388243,0.002393097481036405,0.0013673597385733542,-0.0017322061184208526,-0.0003621289673812316,-0.0008674070687383116,-0.0057716961744177925,0.0007485714618371167,-0.0018852065531089132,0.0009425317847101991,-0.0004248151468429981,0.004206390769531526,0.0008784069396021912,0.0015376450392533504
2024-10-18,0.0026546317604041834,0.0017328648755410877,-0.0008680126888241082,0.003861471383589417,-0.004566095846652447,0.0024466399247920732,0.0051112685084867245,0.00023107419923359398,0.0005824720172142563,0.000539939559792421,0.0005837880424426486,0.0015676129365702605,-0.0017613073911554177,0.001764658976755676,0.0040793150124576166,0.0030749379706506656,-0.002215842611672634,0.0012131918693886268
2024-10-21,0.004077772987841025,0.006727375639020873,0.0002933607206561401,0.010076958296646541,-0.005699064410662192,-0.0025746459035375004,0.0037905060791402143,-0.00229552847276282,-0.0007185081828972267,-0.002015462180812378,-0.005092273406576911,-0.0019970889325501883,-0.0016009010993052446,0.002109621055696658,-0.0004347389008976521,0.0035267543671090645,0.005020611360255523,0.000983314646891552
2024-10-22,-0.0008575431600211783,0.0009592525123643791,0.0009522381303116744,0.004262815193329957,-0.0035402212912985314,-0.0038042057981081193,-0.0019170136689070432,0.0003520449380801304,7.31635032173431e-05,-0.0007866961238221432,0.0006414301894805356,4.454696573510551e-06,0.0003355078840389904,-0.00047018690718196533,0.00022837564445822665,0.0014887875734601857,0.0018875685175137012,0.0005351247350876402
2024-10-23,0.00040966662421518946,-0.0012157972962766415,-0.0028398084045574614,-0.002819496340963833,-0.0023091787464334327,-8.163080311955617e-05,0.007067810491601866,-0.00031097304902768814,-0.0002616228339745654,-7.23462951077022e-05,0.002165420227883394,1.5167821983946145e-05,0.0012488543654247406,0.0012163534021835815,0.004799372166891767,-0.0006372464676495139,-0.002220271049391105,-0.00017440583484490358
2024-10-24,0.0009016661289342597,0.001548211194994332,-0.003669176308052525,0.007141140513222996,0.0024410006079350266,0.003034140652336121,-0.0034088139142346577,0.00041622331426613554,0.0002471921373715039,0.0002999084550551229,0.0021668629965862878,-0.0002529828352023397,-0.00015765526195342036,0.0008437025947396733,0.001430528315789417,0.0004937354212509616,0.0010403182934338596,-0.00015610105651963756
2024-10-25,0.0011410895198796615,0.0022198708626702344,-0.0038031799221682205,0.00802390092264229,-0.0005571633042871895,0.0001727044038441236,0.0022647927930355576,-0.0006474965619603851,-0.00010793730590896651,-0.0004971628403937147,-0.002181909953403149,-0.0015761809268831947,0.00018309537239217643,0.0009010908030153036,-0.0008261491730593186,0.0026639335862408834,0.003660959772695915,0.0011147828794573805
2024-10-28,0.0021529407578469526,-0.000992541879096285,0.0033650364868586815,-0.0060694366814178615,0.01362510544490826,0.0049969065176936,0.00459557174316109,-0.0009151568384723199,-0.0003340603664029663,-0.0008757492185202268,0.0004189375966342857,0.0014058969035680743,-0.0005969928666499404,0.0011234239012396573,0.00032919348907231843,0.0030423426825997935,-0.005311474021938264,6.485348904453615e-05
2024-10-29,0.0016503064239752987,0.003793774925557214,-0.0011280975588650317,0.009559125535097655,0.0009068227432959264,-0.001082681932743307,-0.0008235850175004229,0.0003074153238882447,0.00023847209868691632,-0.0009444546659312652,-0.0022593459676879604,0.0006687641406501711,-0.00020200152765298537,0.0010040066013829586,0.0003450348877743776,0.003241300867523455,0.001236209335300332,0.00043603234069740317
2024-10-30,-0.0008684292137111525,0.0013059173689721473,0.001695086686481999,0.00046492710554423,0.0018400321234135226,-0.0035786834007383254,-0.00673999043407971,-0.00042998898225712315,-0.0004929166398288085,-0.0008931359412645781,0.0031252679697966407,0.0012955024542715301,-0.00014247788963893003,0.00010459422308691999,0.0017593151725493767,-0.0010912726972306039,-0.0006650243447619414,-0.0009400361949212816
2024-10-31,-0.0014484545877429447,-0.004249128328138811,0.004554554265831276,-0.006341297327941822,0.000366112572500233,0.005010704920360688,0.00596087984327209,0.0006921729809812997,0.0001468000989291936,-0.0008365115767789231,0.0012057812675059817,-0.001397356615845548,0.0011147655906961164,0.002679040552504108,0.0004961275943965102,-0.0016107849499228891,0.0019346534760185767,0.000836600179830748
2024-11-01,0.002691779734497571,0.0019631864977434996,0.0047208826821881125,0.0020748674949399633,0.004538717955997201,0.0017539551547555233,0.00158035370384188,-0.0013580475515227158,-3.1710890390546944e-05,-0.0020738823969776343,-0.004796960142013402,2.8093126606411854e-05,-0.0012330617341869106,0.0006783423876414915,-0.002070659257486729,0.004429569024665497,0.0008963865576994395,0.0007355279601545198
2024-11-04,-0.002134778895001495,-0.0029190868241014516,-0.006885783734375394,-0.00034634847419501335,0.002489053984826898,-0.002283516950111158,0.0017082877240455416,0.0015431660547931061,0.0004046793450987473,0.0018865271825113106,0.007811412688881866,-0.0026268631101680926,0.0025642826712038765,-0.0002782656188752286,0.00035677052077407595,-0.002869213593428628,0.0019482411640611465,-0.0003734777429101393
2024-11-05,-0.0008126247683988182,0.0008497639019884335,-0.0005964405442043554,0.0001265788806401845,0.0060551709280357285,-0.003405996070740212,-0.002659201545285886,0.0010640755512094388,-0.00011978689168531785,-1.9803781360840382e-05,0.003278166116677813,-0.0007753563696178472,0.0016777638417182425,-0.0013225020591591226,0.001209186337267817,-0.0006808778932565485,-0.0003759201027684336,-0.0008674053873723238
2024-11-06,0.00024291809413685972,0.007208411253651195,0.01868485333951109,0.0011124818921544807,0.04001586132997671,-0.019056661759481185,-0.019007812882464656,-0.0037159858657363123,-0.00045916233736348377,-0.002772287262457985,-0.010393297929795403,0.004523178220194722,-0.004923848493621163,-0.0024297214163799905,-0.014385456230149135,0.0043345946767252355,-0.00045966228417615267,-0.0028802130907826066
2024-11-07,0.0013864679327849055,0.0010302954559277787,-0.0054209200181746945,0.007141509550843202,-0.010356840733611334,0.002634306206365025,0.00571503357352332,0.003100971058636926,0.0009858101027503344,0.002394962081865064,8.796714195155944e-05,-0.0020608709717154653,0.003907327178253053,-0.00019848940824790991,0.00451751876565383,0.0008652194415795841,0.0021890140676513667,0.000874274065801383
2024-11-08,-0.00013425746698841065,0.0019146329105938181,0.0034069195787750795,-0.0004170955015810019,0.005243219626754916,-0.006723589597839332,-0.013209796302162973,0.00033216691205520724,-0.00042818596159996446,0.0007548281256134408,0.006628819503558239,0.0026243596190313797,-0.0008177268574091684,-0.0013498825952495126,0.0010780509919768849,-0.001348136237819003,-0.003467078295452751,-0.002762463280127185
2024-11-11,0.0019055948440333454,-0.00033893414192344754,0.0053114637777992016,-0.003819856282528959,0.01496388851989419,0.002405590186652402,-0.004117284669150978,-0.000524588025019337,-0.00033815161465036275,-0.00027801672126552025,-0.00034116977302935374,-0.0002338586693254605,0.000819746924339582,-7.108379799751095e-05,-0.0007994190932365383,-0.001621345703722004,-0.0013491007431660328,-0.00036341351152900225
2024-11-12,0.004403099147082715,0.007253140494766174,0.0014513310812827602,0.009773797162432695,-0.005611664985677375,-0.005878525205837639,-0.002800543345322988,-0.0018970622392681618,-0.00045424731792063325,-0.0018476571676258905,-0.00514120821163312,-0.00031564782167690583,-0.0016812842479866572,0.0017162405540996116,0.00110393830094151,0.00026573065167732543,0.0027565354537377046,-0.0003870957569939576
2024-11-13,0.0014859923273883155,0.0019804880394410653,0.0021325177775893813,0.002452593999549225,-0.010299015962976719,-0.0006354207933632044,0.0009597803261108123,0.0009254648394822289,0.0011414404373056753,0.0005855705868651078,-0.0037454626616333997,-1.8398928048462713e-05,-0.001332816352202801,-0.00015161086846263898,0.00195842494312001,0.0005273081267457118,0.0008352740215527288,0.0010738730180147558
2024-11-14,0.0010465145455128937,-0.0008161394161687466,0.0005028694207515989,-0.002390899546314735,-0.005079625049724392,0.007808192568815074,0.0001356059683058873,-0.00017769176091103942,-0.000902562538952292,-0.00016690026096794424,0.0017870543371909789,-0.00048190771485365723,8.68193656195723e-05,0.0016097960664030221,0.0012915467737161773,0.00010942251054119317,0.0003317714737930571,0.002204414657459682
2024-11-15,-8.676674614105026e-06,-0.0030149228287757197,0.0023419360887327618,-0.009549558524750921,-0.005415698682874524,0.004215633131317892,0.01128038551793658,0.00026079520363036775,0.0006784545355233002,-0.000397201944567741,-0.0023033046594935704,0.0006535110413447987,0.0015759256969070906,0.0016733148080301634,0.0020575957604611703,-0.00020805929194090246,-0.002821309058529566,0.0015013852698692672
2024-11-18,-0.000607297923903286,0.0009867293134910352,-0.003817838077320259,0.005448050151094759,-0.0035786030622161017,-0.001825581001171337,0.0008603873460365161,-0.0001519049475813554,0.0004990303211298748,0.0010920909142583617,0.0004355368460696369,-0.00046562412143057825,0.00020532278061850644,-5.692309729098989e-06,0.0008607251097035844,0.0021574431457753313,0.0021866830772155274,0.0010433068466178738
2024-11-19,0.001038529037168911,0.001737151797669395,-0.004928728426851956,0.004903755632784115,0.005231141148891902,-0.0025564006318167676,-0.002364998822733173,0.000361875665022372,-2.7737982609678203e-05,0.0009149534737062316,0.0017052020225709116,0.00018723109939654302,-0.00014336797701251834,0.0001963236720562765,0.00022363123568226555,0.001405665610147185,-0.00011993302995179887,-1.3227377073871897e-05
2024-11-20,0.0008760904202561211,-8.787230836390908e-05,0.0028758304211214305,-0.0014268642180690074,0.0008861318121559449,-0.00025204507533253644,0.0016263351076600007,-0.0001911818747275286,-0.0002003388351007148,-0.00022379130064403125,-0.0011853345546181822,0.0005391779206924355,-0.001267662209072954,0.00031099325495772634,-0.0011454407474872428,0.0033140138274795035,-0.00044847221687174853,0.0017440451043933473
2024-11-21,-0.0006160526976471655,-0.0003394217852945086,0.005032620328154826,-0.0015871799396541646,0.007479726122095144,-0.0022693820065747983,-0.004934052317508873,3.39116067341992e-05,1.952450878331245e-05,0.0009231367248633405,0.0023909195778001086,-0.0007679346473723879,-0.001012704885137748,-0.0016959806823551847,-0.002332985909278454,0.0024276766910673545,0.001018661228037964,0.0006541318963226906
2024-11-22,-0.00046885226009493915,-0.0025990202701528693,0.00411752034283833,-0.004824351791002601,0.011404962548292194,0.002201931145928187,-0.0023722233068551894,0.0005002254202200505,6.201607781566575e-05,0.0009185348702049034,0.00036667625777922095,0.00048597128867004357,-1.9237837492661666e-05,-0.0017098636088148235,-0.00212730139808388,0.004639488986701485,-0.0015745310232324,0.002071121785667032
2024-11-25,-0.0020430168837209982,-0.0011555116474292106,0.00594577081188966,-0.0043928312322729195,0.011555417325959725,-0.001984314384290217,-0.007712023111639543,0.0037536704657075625,0.0010525844544268638,0.003700677182063768,0.009606666769377437,-3.162077401374242e-05,0.0034855661334333224,-0.0005519197392338257,0.004919147112142707,-0.009317895619810043,-0.003163584105161283,-0.004179798147894062
2024-11-26,0.002521931582886947,0.005719643271645839,0.003390183335689859,0.006127293517180576,-0.007312064590906015,-0.004128140379901241,-0.0022576943678148534,-0.0001753110232058223,0.00021862235619428508,-0.0003626497531774935,5.883786051864414e-05,-0.0006481215997204606,1.6492636006971376e-05,-0.0002354018158209673,0.0034731027697705633,0.001145371861052345,0.0017710699529444594,-1.2435093922662059e-05
2024-11-27,-0.00011537338885691812,-0.000272231835183402,5.0180739147738605e-05,-0.003002668608661432,0.0045306620915856865,0.0030191821276988173,0.0006271848929095519,0.0008695589336523114,0.00016518884300268565,0.0012113954048617414,0.001481878161703045,0.0013980666789898425,0.0003844926941755874,0.0016277529697531728,0.0033462207638654687,-0.0018734673895930368,-0.0035409859493705153,-0.001412703286182494
2024-11-29,0.0019183144098519067,0.0025466350471347074,0.0024997388946015582,0.0011309396344765426,0.0020691043573700368,0.007648173069301193,-0.006546574364395489,0.001125835264199793,0.0007857222596708679,0.0006070086817297122,0.0016158698019657566,-0.00039283828426436417,0.0010521824535243357,-0.00037627377327424053,-0.00031571171354344545,0.002807220906837469,0.0019460459738317717,0.001339394584150611
2024-12-02,0.0025300884877271267,0.0016557194771395411,-0.0024287035009877096,0.00536637134398351,0.00262729771396183,0.004063133595807767,0.0030787751963704405,-0.0001503969862498843,5.1843089113966435e-05,-0.000591400363117602,-0.0008610417012784796,-0.0007866672214183672,0.0013605804675234576,0.001535454928210956,-0.00023006434078524408,0.0019206672249882477,0.0018092131819229841,0.0023030145365727497
2024-12-03,0.0014764394891671876,0.0016983755670492658,-0.000807803548534555,0.004683148896214345,-0.00640070490348121,0.004057117265262932,-0.0012543685027851964,-0.0007110254938186959,0.0001950056844278012,-0.0012882653480757,-0.004199790807319644,0.0008512240278547426,-0.0009016977382020489,0.0011589329792336268,0.0013284197011700933,0.001568738128867245,0.0014302417682751471,0.001759800086611532
2024-12-04,0.0017435181185218706,0.002640671974316145,0.004131766308399095,0.004759208252200178,0.0018879247897495579,-0.002526789160221511,-0.0024192712996973335,0.0007299479720234946,0.0007010654017743547,0.000555427296893376,0.0027740524126132777,0.0003554144944722098,0.00022853489340284635,0.00032544349633849496,0.00012638444855303348,0.0019901312850513792,0.0006335606234754414,-0.00014063468661055834
2024-12-05,0.0024374634940420897,0.0028865350580658342,-0.0005867138173813128,0.0019080217382157396,-0.005909623133935087,0.003563102755429806,0.004484111560895367,0.0005697905829203235,1.7016305029575723e-05,-0.00016762121992203608,0.0016220696053181544,-0.0011392589255683045,0.0013403300480356647,0.002256935910389158,0.0053824479398017966,-0.002200026092773159,0.00040934114439317897,3.9206908738639856e-05
2024-12-06,0.0017655749052560576,0.001417399061781754,-0.0034001377429561004,0.0065852226357067355,0.004093760868949973,0.0014835149058748007,0.00038833363757994005,0.0015779810110476595,0.0005936113594612269,0.0013300399290788328,-0.0021570688381326317,8.256019340029596e-05,8.937830053959081e-05,0.0005608959657063804,9.27670270469104e-05,0.0020683562810900735,0.00037643536972153946,0.0007868974117173138
2024-12-09,-0.0011288435504767736,-0.0028690532388118287,-0.0027972727111488975,-0.0029116598098614978,-0.004842949530580939,-8.691489654644939e-05,0.019872895875744347,-0.000798837915510229,-7.50307889759536e-05,-0.0008189978136493112,-0.002524432623391978,-0.0005573037711104521,0.002004647935663134,0.00168325002572317,0.0014859249080375215,0.0036369348798934017,-0.0016867266399481027,0.0033532698090972873
2024-12-10,0.0017465304873078343,0.0034252192687898413,0.003024562640867837,0.0037355751222127778,0.004050288959167857,-0.00040671863713634925,-0.00410521914791674,-0.0006988037867505754,-8.043191717728684e-05,-0.0014047724074709575,-0.0038448459952715236,0.000669203384753713,-0.0013857403735860621,0.000712451014303716,-0.004636005627570626,0.003710268636101282,0.002496242986919973,0.0005853643769712586
2024-12-11,0.002098724579161007,0.00283832387881801,-0.007261735526713475,0.011335748750753967,-0.0013775296200431624,0.001990556566671799,-0.002857930644614413,-0.0009460442493643994,4.6408497360508525e-05,-0.0005228514097324571,-0.0038041220029819993,-0.0005936436439152982,-0.0004652489310502635,-8.467155085276653e-05,-0.0006709754245486524,0.004225733899217638,0.003292284860026095,0.0022860473627045624
2024-12-12,0.0014000019283775828,0.001833965994741362,0.0011491114112776408,0.003107800402040801,-0.0063282520595932925,-0.0009541786544297048,0.004904512192182835,-0.0010131059702094495,-0.00013441470303218972,-0.00036003859950765535,-0.003905750305387621,0.00027538021167508977,0.0005099100165750475,0.0016625176759067148,0.003838501407679513,-0.0015764333232059155,-9.757546586414059e-05,0.00033278748849768346
2024-12-13,0.0009092309535081934,0.0026616657340375184,0.0006476649027972706,0.010364998934605926,-0.003978348209004859,-0.001597770657722738,0.0009675922855907834,-0.001009885355323036,-0.00010078236047232104,-0.0013268924123070744,-0.0026648980800014523,-4.237683268069241e-05,0.0003238528000066099,0.001581180780991974,0.004997159862668512,-0.0012224988321653703,0.0010318931239248074,-0.00010588809595995867
2024-12-16,0.00174618341762743,0.0036204879848270623,-0.002606144850147531,0.011961786657636688,0.006881426355350526,-0.00356022151033097,-0.004436983781271461,0.00029592149597518084,3.64718806572015e-05,-0.00038261792026429817,0.0011279357339426207,-0.0008685195512822136,-0.0004352029210151554,0.0005939841740403267,-0.000282167507279228,0.0004364404894712367,0.00231881574494033,-0.0014248715605517301
2024-12-17,0.0023155450423118376,0.002343614110013207,-1.6681097380838797e-06,0.0017371481098041866,-0.0031916985486715368,0.003946182173510291,0.0035747166029070614,0.00023281488167214843,0.00014549882492982986,-0.00047182993023309265,0.0004416259632769805,-0.00030131866167046567,0.0013342058257162412,0.0016300520997465464,0.0033741998916438642,0.00025172596298534203,3.735682560440136e-05,0.0011097015759573114
2024-12-18,0.0015020353866393582,7.335132904380884e-05,0.002095695182187954,-0.0035174284274107834,-0.008984286820681545,0.0070453410714363535,0.013367604386123548,-0.0021191711446716024,-0.0009798596685441643,-0.0031045873698688905,-0.004808345095786679,-0.0007042799210186228,-0.0005187556707772628,0.005046877750150929,-0.0019501535450078475,-0.00017198801545133952,0.002420101224480369,0.003998175599892749
2024-12-19,0.0034630586055745213,0.0035073998475603123,0.004635629833379734,-0.000862146102594173,-0.0005524325378837916,-0.0003747979380987012,0.00679931424123633,-0.0003637325864339091,0.0008551243581846532,-0.0020315755707123826,-0.006283360107580583,-0.001159959616354405,-0.0006838837160024099,0.0007328602872692924,-0.004260789216849012,0.0037540719021864942,0.0025516764569524604,0.002341165024244257
2024-12-20,-0.0011289317442063108,0.0028188522695490395,0.003189324846212758,0.0009077508937435017,-0.0018263513244970216,-0.011609770444864108,-0.0038474359352710964,0.0005764006440183399,-2.3814239095134058e-05,0.0020530018261782886,0.0024602664852215305,5.522445773853044e-05,-0.0016156149152318465,-0.0009120941649678506,-0.0004993810407127874,-0.000727507247198984,-0.0007446341028079853,-0.002516290868558825
2024-12-23,0.002391961515138771,0.0023623949125262445,-0.0026090046422073726,0.0046062702676981145,-0.0067349450801036815,0.003075481760288789,-0.00048623229731423363,-0.0010996377891605105,-0.00010935303080214249,-0.0014557708924211247,-0.003402472483714887,0.00045283216794004925,0.0010867935886808879,-0.00027917213678079313,0.004135927946219461,0.0011291474016749577,-0.000580136356860504,0.0019991797309112554
2024-12-24,0.00032418296231268885,0.0021359568774909805,-0.00012172299627163409,0.0027837601569897664,-0.0011531254860200433,-0.0029503521688257614,-0.005438760525035729,-0.0002594835470841896,0.0004240981726570756,-0.0004153266283581531,0.0018233902108965088,0.0004914664810362385,-0.0002595943508355912,-0.00120605392448973,-0.001289051811069853,0.0011913203852804216,0.00023465812640191454,0.0004908048707748854
2024-12-26,-0.00019365161573784112,-0.0009624649855989754,0.0005512539829764043,-0.0006666071901313239,0.009008790676786923,0.0032541303373340037,-0.0028879091959385446,0.00021125852325716858,8.520084626741217e-05,0.0003189319317747578,-0.0006256103192748599,0.00022688243674577927,-0.0007075454049327921,2.837913111764217e-05,-0.0017042091001018469,0.0009320547460341735,-0.0008622426124430486,2.756753250194449e-05
2024-12-27,0.0009853164318811575,-0.00014918643438989292,0.002242750782906271,1.1289753033544639e-05,-0.003943299063020768,0.004806621356714662,0.0026010170026841417,-7.246668797698938e-05,0.0002442121002248353,-0.0009759279140599936,-0.0031989740877661228,-0.001016195416270969,0.0007063856350352227,0.001384852891050889,0.001347072799523447,-0.0013333343481282383,0.0014860588309497475,0.0011398727696718394
2024-12-30,-0.0021671651677118518,-0.0034004789990000287,-0.0024736573054389317,-0.001991249736305491,0.00031110196590413385,0.0014894791141973063,0.0012737077795078895,0.0016151529492586104,0.0007915533552671338,0.001863411660815285,0.00024276395687951487,-0.0006906284376793411,0.0007916955706493674,0.0007263648402082903,-0.002707673756606937,-0.0015933808330246156,0.0010705062817498723,0.0007853578047541454
2024-12-31,-0.0006849505012074784,-0.0029665586059891324,-0.0005518027733913211,-0.003922983301225664,-0.000982993543756592,0.003472580405534933,0.00197967334753278,-8.271616169779929e-05,0.000571943122052087,-0.00027663503816080016,0.00018524163534375162,3.0047628475908528e-05,-0.0005207644870987649,-0.0008272861007706205,-0.000786197670762814,0.002290184111787833,-0.0007914950799539737,0.0022481112178735062
2025-01-02,-8.021784849751449e-05,-0.002516126548241641,-0.004226395977077199,-0.002372983946629872,0.0010926897693572311,0.0010883211987047382,0.0033173670180974245,-0.000581082913939598,-0.00011828065792094441,-0.00010282678664320357,6.335526025084623e-05,0.00013911250947361785,-0.0020758039249634797,0.0006827540136138369,-0.007245663348450282,0.0049894899279962525,0.0008032991005063883,0.003656128381948863
2025-01-03,0.0009441128755297481,0.0036137167281686203,-0.00048601932203396446,0.006335363578058582,0.004204178707046029,-0.005714043720224864,-0.002254092592690939,-9.674672914641923e-05,0.0001246464189579475,0.0004050238530157696,0.0022936157676277354,-0.0003449508735943207,-0.0007829023448990469,-7.812197536655446e-05,0.00396056772946651,-0.0013116815329306504,-0.0007371905345946372,-0.0015611743974356857
2025-01-06,0.003177441943692366,0.005084322399014879,-0.0002047573604369486,0.007951223601725472,0.0015105365286326804,0.002481436834612211,-0.005535927582722061,-0.0008540996157533273,0.00010712753953058074,-0.0007016917764176542,-0.00306181701119441,0.00014014475718479092,-0.0018716976748411355,0.001993718069798165,-0.00025932970312989717,0.00018161696454473044,0.0020000734462161437,-0.00022908326827349515
2025-01-07,-0.0010617482795596302,-0.0028047106144925265,0.003431170435325262,-0.00635244567490679,0.00046269149056113977,0.007675654184152236,0.003311645410486907,-0.0010403967459059592,-0.00023626093475760034,-0.0018300914473811936,-0.005105571672628032,0.0006926085920775553,0.00013726624078324364,0.0006478679507356212,-0.00226981112245956,0.002461223965668195,-0.0005052637041766863,0.0029623273445251955
2025-01-08,0.0008827796324626769,0.0009386730479433289,0.0014429988410431345,-0.0005123498877622734,-0.005020293569017695,0.0007375299003712734,-0.0017920219472811276,1.0559427328634763e-05,0.00042398419260280304,0.00024468296878765185,-0.0021770341459722052,0.001554551130552008,-0.000720333326066136,-0.00019629397208852876,-0.00034609099544391075,0.00233318464933915,-0.000745585154071715,0.0013614176521154105
2025-01-10,-0.00030642518008004195,-0.0003039890369554571,-0.002650022583160768,0.003538967921597174,-0.005997226516032784,-8.563370086682454e-05,-0.0002468202909377201,-0.0022878049108792245,-0.0009289385933437505,-0.0036586703105105124,-0.0007869854690708226,-0.002008278775649782,0.00018736429287315257,0.0011116356919302238,-0.00633879532626197,0.001078710171936977,0.005965904949364921,0.0024556623377673175
2025-01-13,-0.0016083964184860054,-0.0010132148206803081,0.00551579416378979,-0.0027391061571549608,-0.003641414028603505,-0.002932159381429357,-0.006861103579731234,-6.084842302172969e-05,0.0003847996110525226,-0.0002545823294983938,0.00382707137839946,0.0004826326011209275,-0.001352377728156955,-0.0013420147759744827,0.0015532807299701544,-0.0020029998688537876,-0.00018900769656858378,-0.00029587250570228514
2025-01-14,-0.0017153712106759535,-0.0013436575080643266,0.002564773454351801,-0.0024993259017703877,0.007260954901099577,-0.0030187152653198173,0.004095699113078307,9.722414959613445e-05,0.0001037268037058129,0.00023338440343424586,-0.0006384215097813596,0.00021462339604119788,0.0009252173283796406,0.00026795778834131875,0.001886086941485017,2.9037410426016944e-06,-0.0024200647804068554,-0.0007632123087614896
2025-01-15,-0.0010270953867423903,0.0016160685105491707,0.0015221839591495218,0.0014444305312204253,0.0023363479942294235,-0.003936594421863809,-0.009406874498795108,0.002412593212652644,0.0012408140949935545,0.003535598665897678,0.0019638186576111556,-0.0009506985285172801,-0.00021808337329611537,-0.001797628770204009,-0.005209290575776701,0.001265050326852167,0.0030364192626736574,0.00022143365635382117
2025-01-16,-0.00017565053064385206,-0.002902106966351879,-0.0028420035225743883,-0.004587218166183802,-0.001191957050662679,0.005279599737861349,0.0010081045847324913,0.0013196887748970374,0.00040388381962555943,0.0012748628663815278,0.0016670569278916334,0.0008623552514520692,0.000288952023983439,-0.0005201765016024,0.004714666006314608,0.0007213306649061918,-0.0030206756980275737,0.0010000989209690326
2025-01-17,0.001738641698467388,0.002781211325624211,0.0012866192463419435,0.004742406164008813,-0.0017956130132160434,-0.0016815597238075252,-0.0009074677995752484,-0.00044253144712085246,-2.179511742121307e-05,0.000754435546931105,-0.00024948741976018934,1.0605184154769353e-06,-0.00017596193270155692,0.0003181950992917984,0.0010359774228948671,0.0016778567368919452,0.000939472990617145,0.0010081672927003526
2025-01-21,5.281132373115283e-06,0.0008213803604704625,0.004774276234298116,-0.0031645442838351325,0.010231278731674676,0.005324365588849026,-0.005160522383285921,0.001201715532465993,0.00014787386366839196,0.0012759741310721289,0.004484174862319945,-0.0007792446379557244,0.0015040528065712409,-0.0009745253181387336,0.004915365751137766,1.0761895788708592e-05,-0.0019368223835530187,-0.002098707898018807
2025-01-22,0.0039034668814655537,0.006398844966853942,0.0040938041353752695,0.009089831012049306,-0.003095717801808668,-0.0021702039227092613,-0.0010814581051216564,-0.0013485835743162356,-9.437749813878926e-06,-0.001335134585490633,-0.0035994079477212303,2.7542921091347483e-05,-0.001090300967868768,0.0012953843127902999,-0.0020119191605384966,0.004018476886295098,0.0034218355730890587,0.0012252831295453898
2025-01-23,0.0007146760600359884,0.0008082040412659246,0.00474756000991828,-0.0025667733932979563,-0.0011636224285949664,0.003072428738504643,-0.002763919972958653,-0.0008861195649317852,0.00010974344734447166,-0.0010468973749598836,-0.0035672416883975027,0.0022876486033220865,-0.00042110688765914224,-0.00022065803522131164,0.0022732954085398667,0.0010925072078389097,-0.002263517967037592,0.00040200888174906843
2025-01-24,0.0002609701068347856,-0.0003799792669003923,-0.0003009090374975214,-0.0018739956200028284,-0.00018765474709344114,0.0033982831240677636,0.004116907509084434,0.0005402533359389638,0.00029584363699635227,0.00018537138577949357,0.0009651657775491007,0.0002478791897390009,0.0005495642167755797,0.001475266160290732,0.0028065998075037703,0.00033004812731517955,-0.0014337987738916081,4.538529869814543e-05
2025-01-27,-0.003027573571844546,-0.006890668904801913,0.013271436964744572,-0.017393540041761527,-0.002000325742776978,0.009382517999487782,-0.0033458198040069026,0.0026362755145912407,0.0008080058926873318,0.0017286290219532836,0.0015641858693802354,0.0019574626794041337,0.0016263399580755435,-0.0008886102984544762,0.003871597101863484,-0.0031492976497691323,-0.0036828581989930866,-0.000670938559073317
2025-01-28,0.003659726258808762,0.005620759339776139,0.000870658171834602,0.006634002803731311,-0.0002683556438727343,-0.00325728289581835,0.0016325057071058082,-0.0004306912829778297,0.000284751906950011,9.741051502472277e-06,-0.0019648001926732012,9.860354434523984e-05,-0.0011880516322498671,0.0009635347661689415,-0.0026435372824323063,0.005501796651574086,0.002003073061825126,0.002316167862552492
2025-01-29,0.00015960806114097672,-0.0009965681726080734,0.0005999188546557082,0.0005729130876555161,0.0029582659680269466,0.002574813866963372,0.0026750998720165868,8.545862864378715e-05,-0.0003423983994677358,-0.00046316137271005804,-0.001781492842326491,-0.0007619414858650647,3.164693362738848e-05,0.0015011612274263772,-0.002683418689284421,0.0007413499768839493,0.0016651346924791638,0.0013243645939663216
2025-01-30,0.0002955199630200762,-0.0014484984616323152,-0.00256150376709003,-0.003361070125169294,0.0016412591483109806,0.0035867991521060993,0.007303050896355336,0.00040668329770051606,0.0004494637812977961,0.0012420687183850323,0.0021967060901025336,-0.0002458603735272019,0.0004182258717486888,-4.156335521705097e-05,0.00177519446837948,0.004334023237224722,-0.0021393528612907754,0.002566370879888144
2025-01-31,0.0013251949495661263,0.0011425323916296878,-0.0016189613607361939,0.0067108525519282685,-0.0025092112717206277,-0.0004139374154975648,-0.0006992989147084905,-0.0008057934316229151,0.00018177954437428883,-0.0006011336360290283,-0.003978218252950669,0.002074044964631157,-0.0005011701505688486,0.0009476680019803933,0.001485388325367413,0.002173151061081061,-0.0003497964404301243,0.0008788935630309712
2025-02-03,-0.0015562637214838592,-0.0013749259799575204,0.00219935850637767,-0.0011801130750547497,-0.005558370875233915,-0.0036617843474305092,0.0012218351806009536,0.0002695553139844815,-0.0003558067579224096,-0.0005293533659749348,0.0023646342495272287,0.00043760549688715835,0.00014757659887446408,0.0005599233702847386,-0.000593528547819128,0.0006807568141791731,-3.6174850389970176e-05,0.0009049253140487358
2025-02-04,0.00041251477588122483,0.0014532362232324127,-0.0015251366042967904,0.004731320906957497,0.008434185390322452,-0.00025437711399840454,0.0025579557236828886,0.00034677704050357027,0.000494166442448365,0.0006916345773308047,0.0006590651523503263,-0.0002937123794052366,-0.00017773665145050417,0.0013159149896048296,0.0006403299598936978,0.0019907677994369464,-0.00044399104327595695,-0.0005977851978031246
2025-02-05,-0.00040141125280157824,-0.0015535781323411909,0.0019778180067115594,-0.0024836229089320785,0.005633976078528224,0.004874837850565625,-0.00792719080069352,0.001849575428882097,0.00031405138623600805,0.0015275430564647462,0.00534782411867162,0.0009204065936869515,0.0001102615199162207,-0.0009640781744658174,0.002626099016303736,0.0005132979424549641,-0.0019379028972471403,-0.000509047537214894
2025-02-06,0.0021969320441383197,0.0032094245554840422,-0.003121161434896157,0.004363739245923046,-0.0035005183250884798,0.0025548465759856914,0.0005027276201104436,2.7838683455583442e-05,-6.977984618933026e-05,0.00019871111063764798,0.0018210432153375452,-0.0008598545176591316,0.0005088179464000416,0.0008728957898463557,0.004106568830592206,0.0004411368114741938,0.000990039380563324,0.0006040278756956467
2025-02-07,0.0008422988640658224,-0.0010426276931298946,-0.0022298096097614255,-0.0016863315528855734,-0.003410224014817718,-7.812688981686036e-05,0.010477285033544429,-0.0006110093639557705,-0.0005359525726363933,-0.0004875075833446962,-0.0012213231287412519,-0.00011293819177891429,0.0005737766268618738,0.0017663613200557685,0.001082397918687199,0.0017629546735646135,-0.0004579199742415097,0.0020315510412616824
2025-02-10,0.0011115699198948259,0.00011717007091872206,-0.00243898775094657,0.00376139794006667,-0.0035861479481624457,0.0006045439037523715,0.0026708628977875574,-2.11988852439716e-05,0.0004423555645273506,1.3894247648945295e-05,-0.0018614909621896096,-0.0007732951276650645,-0.0006178519394902745,-0.00047939598329830874,-0.003033726089388278,0.005481060975210568,0.0017907797536217754,0.0032535412383597486
2025-02-11,-0.00028116573163617785,0.0016281064408228299,0.0032926456234095604,0.001049093347426487,-0.006189052234474767,0.0026542801091832434,-0.005676725000756302,-0.0009111488713370221,-1.991621195327026e-05,-0.0006534749899744429,-0.0014402784881224866,0.000788569865229862,0.00015437459995046787,-2.2291645984082544e-05,0.00321022895588498,-0.0013559162083595592,0.000257664071014573,-0.0007097874970217384
2025-02-12,0.0029459723182813343,0.0011170808421131322,-0.001333964514808197,0.003983992858095562,-0.002779662103333174,0.0062383464897887665,0.010340830396395884,-0.0016810562213906998,-0.000672857796564811,-0.0022977076206252183,-0.004075039383410358,-0.0007440412959725511,0.0008526338875133417,0.002368682395587556,0.00220264187528418,0.002903593951090545,0.0015594577248288083,0.0018577428543309236
2025-02-13,0.001023622903652972,0.0021342755425883507,0.0007252984190604878,0.0033886323708208054,0.00281492610553909,-0.00020105620551858806,-0.009524488334923694,0.0015740087708816216,0.0006805371666636238,0.002107657860157073,0.004519947769998809,0.00016338275480328422,-0.00031665021996872544,-0.0006517730695038962,0.001718165997890403,0.00020465330377260685,-7.882428937345393e-05,-0.0017498584910386888
2025-02-14,-0.0005630993131390998,0.0011762250374889806,-0.0016981929624499022,0.00396889926458398,0.0013239204008746652,-0.0005545475699158461,0.0031766823553080427,0.0018375688888048137,0.0007399080168925425,0.0011632564908416266,-0.0006094296813731279,-0.0009050189000135806,0.0018322088891900776,0.0013129839189169002,0.0016618736270355167,-0.0015211956981439293,0.0014819210490117727,-0.0007045047330582221
2025-02-18,0.0005008537063788763,-0.0004091093504345212,-0.0034216980282136458,0.0008801023836801467,-0.0005254305708125434,0.0038089173895310205,0.002202661678150691,-0.0013190128301027119,-0.00026414531831008437,-0.0011048360733987694,-0.0017931707099714915,-0.0008700998733617324,0.0001658886460950892,-0.0007135689995364297,-0.001192109362071962,0.004208392684554436,0.0007555153341013039,0.002702945013037684
2025-02-19,0.00015341732733238633,0.0032700381834615926,0.002416730036065622,0.002299907453720141,-0.0034447722935564105,-0.008115268868450213,6.290413142603815e-05,0.000715799336985395,0.0004899349907689349,0.00048414642005266753,-0.0005775501227470764,0.0004904068038496133,-0.0004615399446659999,3.066784849836029e-05,-0.0006660566874857987,0.0008421613192540079,0.0009744588303659662,-0.000566080619441216
2025-02-20,0.00016704797208174065,0.00026950278361185034,-0.005383890159664366,0.0019755393379760136,-0.0047963679620875764,0.0028022279186934113,0.006776978737610604,0.0006343677817886501,-5.2764081167989225e-05,0.0002780311539109788,-0.00029049497728995,0.00037682394391127085,0.0016375444897837607,0.0023552395474527544,0.005947497221916775,-0.0013594170821610773,-0.001582301534857813,-0.0007778061550717044
2025-02-21,0.0023807059410668463,-0.0014575582145520266,-0.0016396380705131844,-0.0044782814668526405,-0.009737213050961438,0.009442080075486744,0.015194478360218679,0.0021455357268899706,0.0009522110659812327,0.0009493296888650228,0.0008754087374988652,-0.00022587112733765766,0.0015193910007327343,0.0031943325326401336,0.003059199864027853,0.00263621301117721,0.0006454789260797282,0.0031801323064586454
2025-02-24,0.00017077727110387762,-0.0003770590180610829,0.0045545277796815165,-0.004874970242661538,-0.002832717944322107,0.005581426899777249,-0.005098752126228588,0.000520501915461796,0.00043487300573052853,0.0002391271065645532,-0.0007738932485140855,0.0016042880029979991,-0.00022083445066261708,-0.0006204946735770107,-0.00020817474866336588,0.000834079399010524,-0.00016878872598775343,4.3356626961046484e-06
2025-02-25,-0.001388071293050807,-0.004162209774356234,0.004533482818321683,-0.010851540168243695,-0.002327815336945111,0.007846584810933288,0.00033908203879610326,0.00258997881875922,0.0006829723490381652,0.0026344024501653374,0.005316379763231755,0.0005614698922469861,0.0015201217341099587,0.00037794131596357184,0.005010043457660295,-0.00309503456103513,-0.002460005035804444,-0.0009536156061523129
2025-02-26,0.001736148100586663,0.00021470792368071635,-0.0038245288351204695,-0.0006916754053515337,0.00268597379437098,0.0013918659506158544,0.009160197656901806,0.0005028825926035748,0.00019596221207840444,0.0010584648555609288,0.0012756586636462636,-7.579719362002491e-05,0.0003806181919449416,0.0018862533227274585,-0.00013551292233102315,0.0031359973039003074,-0.00032379335988998864,0.0016471136392963179
2025-02-27,-0.0017673544956380138,-0.005122270287338098,0.004561595371245069,-0.009480379474922723,-0.00653512031101635,0.004008458387683581,0.0013164460345630492,0.0005088461923945901,0.00038646154539233416,0.0006903835619121944,-0.0010823862810646866,0.0010536924997496763,-0.0002713935697183792,0.00011408704792572168,0.0006307912973415441,-0.0018603583344943657,-0.000605283597462267,0.0010102820948805066
2025-02-28,0.002628152093739097,0.006190000908721327,0.0055528206987912315,0.002258782812219088,0.0012064917705911626,-0.0018926630669798801,-0.019753485619096196,0.0010323497576935556,0.0012160054357942714,0.0014310719625574512,0.003109089145171145,0.0035892870137548376,-0.0020394561439332493,-0.002237466594446764,0.00029934480132162364,0.0013427847840752453,-0.0004439199841902164,-0.0010672046536853363
2025-03-03,0.0005734229461479678,-0.0033363261226043318,-0.0007865969488766097,-0.0033586501697006124,-0.011421756577122234,0.017902651520420247,0.0014191963541201023,0.0010112905975802563,0.00027137885981068946,0.0005799680730840086,-0.001987990279112563,0.0015060044726727408,0.00222381232266982,0.002099147667072714,0.008810943126903956,-0.00029443590146744844,-0.0020639829890331156,0.00046208546754198526
2025-03-04,-0.0006399450527768431,-0.0019047595077604923,-0.005617022459463036,0.009463981919324477,-0.00047916168941091256,0.002178811603512573,0.012747300683228118,-0.0004752261722198712,-1.946851442162148e-06,-0.0012841777361667242,-0.005660973625220687,-0.0011870243006666553,0.001255379643517322,0.0034726518724104176,0.0016792195404011102,0.0012762243785553566,0.0017161245484618006,-0.0005106144722950984
2025-03-05,0.001454823804367459,0.0007170951549379592,0.0021308744950239416,0.0009787114666498058,-0.0011445179104230402,0.004713403780485671,0.007496482231531144,-0.0008837603517047252,-0.00047413831143372856,-0.0010844503489472442,0.0021843721894158324,-0.0017022834698961669,0.0012801387570389533,0.001060563826579236,0.006929911717274763,0.0002516008438215424,-0.0011376175945135706,-0.0017250196493053017
2025-03-06,0.0002834488112033358,-0.0006706518229003602,0.005930179247991968,-0.009149577852405597,0.004822231818634368,0.003356888111276917,0.009136105976687816,0.00014750402464948288,0.00034077086310425414,-0.0008542033752264241,-0.0032396086497200626,0.00043189253717569457,0.0008586047977539903,0.0033272329557234017,-0.0027078747594972696,0.0015505504954445755,0.000620681927009514,0.0009416579981107688
2025-03-07,0.00019994175837924864,0.00022499925761639266,0.00010664543034796716,0.002538472882345962,-0.0037150554501010303,0.0027430607144893543,-0.0037552966865769585,-0.00040916849310572813,7.995478811904043e-05,0.0005371602381977129,0.0015079063398481694,-0.0009664467043308332,-0.000626887952175107,-0.0003596786093613847,0.0011639676321814514,-0.0001048053396744391,0.0010613173184607742,-0.0005834314947818068
2025-03-10,-0.002645586524677536,-0.004072632841874351,0.0009240878955306259,-0.010709319077745388,-0.0005956743475749697,-0.0005216887195556782,0.003448062427885229,0.0027495308519179563,0.0009389854257609658,0.0016154375151604576,-0.0007777224852346491,0.0014853478982517865,0.002060920142632669,0.002120037346184607,0.0013445959535118464,-0.0018288921237125779,-0.0008403553636158485,-0.0006806153421281417
2025-03-11,-0.000522968842968337,-0.0007240782842882296,-0.0039162741555275205,0.0059606766421038265,0.007895707437232764,-0.001481723923092321,0.00864881025238721,-0.0008102957443840934,-0.0002895829006613575,-0.0007270821804962677,-0.00042878264343799294,-0.0006546510506610878,-0.00018595511267321778,0.0029821302321103096,0.00042226677196720123,0.0028304436476807616,-5.254226941162586e-05,-0.00010494606102379091
2025-03-12,0.002064222649796198,0.0012765642518837318,-0.005676174562334657,0.005155656730093961,-0.0019031808421731203,0.003620662063071453,0.001160708328696569,-0.001597313799006521,-0.0002996318512669475,-0.0005589708583708577,-0.0014422802014819429,0.0005947664048027465,-0.0011914806613020975,0.0009995956131594434,-0.0005699666032515792,0.003233284574516401,0.0003628431769188943,0.0015880024847683913
2025-03-13,0.0012925072671541964,-0.0002776376582981719,0.0008600339970868745,-0.006967555262809797,0.0019808691323818135,0.006169345260916901,0.007812327277884926,0.0017097746600030653,0.0004754968637060563,0.0005108533320270399,-0.0012126309984221602,-0.0008809196172412759,0.0024899043410682516,0.0012809079432065497,-0.002468116765009208,0.005952151566360529,0.0016696821036176653,0.003718170916713873
2025-03-14,0.001002871840739137,0.0017312149978331512,-0.002328511563436029,0.0037334310598499017,0.0017469368866859028,-6.999573375042131e-05,-0.0025038027439185963,-0.001009128591096561,-0.00020674703137633964,7.627976873580576e-05,0.002959761717534537,-0.0006734104548981983,-0.0004941639130297928,-0.0019238492331062418,0.0010868868574340496,0.0008630051886991288,-0.0009273120087877314,-0.0006745311621595986
2025-03-17,-0.0008255756343475331,-0.0019643539269198936,-0.00022002889445633944,-0.002990635045195436,0.0006135080075427707,-0.00031616593129159265,0.0030533246833100228,0.000723648355070482,-0.0001288139309469445,0.0010890779908614928,0.004886043457618702,-0.0008530800967972729,0.0002949097003922326,-0.0007205876101310988,0.0026583926864292076,0.0001997445023097337,-0.00212074348410953,-0.0007309669814408136
2025-03-18,0.00010274422633562135,-0.003221766937932814,0.0008708581590295833,-0.008155878156224141,0.0004464383762797855,0.006496212745967211,0.003416024567689026,0.0005726771338073855,-1.8559314503062234e-05,-0.00013096580273859893,-0.00283240423532421,0.0005788764535964604,0.0018140908246402176,0.0005643103948372533,-0.00043841519394564356,0.002495452779780121,-0.0006054264118370493,0.0011437190228665098
2025-03-19,-0.0004079611446464529,0.00098781531890043,3.8896940205817784e-05,0.001364488159167782,0.004712332403801171,-0.0035872690828415094,-0.005345336871244961,-0.00010657661732023328,0.0008563725679008693,-3.630682899380053e-05,-0.00043935152067335007,0.0017430785620034459,-0.0007831698418151109,-0.0013224333118652312,-0.006105486308991303,0.0027338486647719984,-0.00012976614853891198,-0.0001385141877090993
2025-03-20,0.00018127937554305099,0.0005368271995809864,0.0024312943992839875,0.0009758297819407102,-0.003015546524517565,-0.00283171103003215,-0.003437680530451042,0.000756452684723403,0.0002547524739619728,0.001283553923595449,-8.352311369369265e-05,0.0006742275925255932,-0.0008210550872225259,0.00014481626739978426,0.00050307630916806,0.0011601633424241317,0.0006841358351261345,-0.00011537640363844769
2025-03-21,0.0016066297833424508,0.0033113975998254907,0.003917126236514756,0.004372851554420817,-0.001733373758963804,-0.001803490573640273,-0.00026057317173734055,-0.00032158797236480946,0.0005128831398585273,-9.26481791114109e-05,-0.003709033545249036,0.0002727716510768478,0.0007867211670029811,0.000505524929612697,-0.0007144726844747519,0.0021465043636719316,0.0029624073473542064,0.00012318292402935336
2025-03-24,0.0019269315148400246,0.003503210680429492,-0.0004257782874579272,0.007357591507775554,0.007096344116473186,-0.010880608082463869,-0.0067305323074007516,-0.0013400600224893486,-0.0005580394746428066,-0.000558058793797808,0.001433751737106739,0.0009082676022022212,-0.0016861483493875212,-0.0015235391927151043,-0.0002669395050091186,0.00027134806787367655,-0.0011363838690390624,-0.002283759332206146
2025-03-25,0.0008113522552286746,0.003766147085558778,0.002596476640134448,0.004246392456029604,-0.002083460709997051,0.0049810009715530795,-0.0051128074994183014,0.00014913483714051336,0.0002552411438043564,0.00043286432386040576,-0.0037135282257212713,0.0004629855338109646,-2.5208769338875463e-05,0.0004864402101056669,-0.0008819751053031795,0.002369795778934025,0.002102193741044173,0.0005073815057847538
2025-03-26,-0.0017251846501454005,-0.004031209955676029,0.0032520200248590736,-0.006351816345183739,-0.003608200379532642,-0.002436718472428292,0.006765320888867667,-9.229853211234007e-05,6.020242848763413e-05,5.6426068003317866e-05,-0.0010131055162212613,0.0010827582080412935,0.0009010532049141592,0.00047811336507736814,0.0024114437885624854,0.0015527372818404132,-0.0016656957824990404,0.0010039832975821347
2025-03-27,0.0004432929546739383,0.001042153237578015,0.0007689911291532837,-0.001640178071917131,-0.0011884798106139346,0.0024943675485874566,0.0037061510203726133,-0.00017220508766673778,0.0003643987550350132,-0.0009599914549580113,-0.002483955620120691,0.0017196692583737478,0.0004787827810415822,0.0009764237109638856,0.0014840166889851644,0.0035601354365607865,-0.0018980858696304517,0.0010273210214244632
2025-03-28,-0.0018071738044595307,-0.004725604765733206,-0.002501182853006897,-0.00697807636827651,-0.0033118922470734453,0.0060485310858474275,-0.0005075357494060476,0.00251271024695715,0.0009250260699131881,0.001764765691085246,0.00016187497727424005,0.0009535261737635397,0.0015193228666329972,0.0008131617096892368,0.002100995995160672,0.0002494720837261854,-0.0001858735715650193,9.728465918251955e-05
2025-03-31,-0.0012532823159150759,0.0034428659894796673,0.006899718274349642,-0.0020881662502246234,-0.010058215153397857,-0.00970514620697376,-0.0041504279529402345,0.00020120995096251006,0.0006038954343690005,0.0009690210512799391,0.005092986156385654,0.0008126649834049372,-0.001463572858212919,-0.001401882892884955,-0.0007511897637321324,0.002171428395460206,-0.0008689801799941395,-0.00033424487017412593
2025-04-01,0.0009156157435070904,-0.00018967119948690202,-0.0033761463323421824,0.0031709111110159137,-0.001991698240463661,-0.0005912979356203661,0.00037026303378181243,0.0018554561978596541,0.00022057923014825515,0.0012937221044564493,0.002599358729628647,-0.0013925494125182976,-0.00013675385205257854,0.00019257683212872256,-0.0004120618462305258,0.0008187262775085067,0.002238733838294484,-1.548222686137803e-05
2025-04-02,-0.0010896538424117587,0.0004323121945733442,-0.0002804980142353886,0.002186422337833457,0.008840573129164205,-0.004417196163045307,-0.004920730352937155,-0.0008083054492573562,-0.0003741368473883417,0.00043104482425169186,0.0018977018245112795,-0.0010016382210947389,0.0015123498343541813,-0.0011851216996274548,-0.001432685246410964,-0.0010525448724501845,0.0005124586837301536,-0.002610957435007747
2025-04-03,-0.00036556768650197746,-0.005526793687686153,0.0039142368966251576,-0.008064436146168995,-0.01185489197662297,0.00876380776096821,0.011945467785156184,0.003396959051489028,0.0018833830517301193,0.0018933366824415467,-0.011243300913127061,0.004339646673583535,0.00345489581221051,0.006561801154409293,0.011761593021480193,0.0007447924321621908,-0.0030480673569250744,-0.0034662977720986247
2025-04-04,-0.016222187891256297,-0.017782574509053975,-0.015338469584259891,-0.017783086128147427,0.00495661734128916,-0.018763004897219007,0.0019525296488430849,0.002189174783339571,-0.0004949429796232709,0.00029960089700196545,0.0008292573635057393,-0.0008779081154145349,0.0036667141494748628,0.002251178784187395,-0.006100229423267579,-0.0020331114702292347,-0.00011432679991553452,1.4202166523185483e-05
2025-04-07,0.00365635399418323,0.0099756211827208,0.001609888328929469,0.015473445873611519,0.0032366866382962916,-0.01029837111548657,-0.018293740932501062,-0.0046453282532648976,0.0005486221723545014,-0.0022618267888018483,-0.004208745313676224,-0.001056784215980924,-0.003830634566004236,-0.0004097125542009798,-0.00442674014128816,0.0009310526889113081,0.004598575364381612,-0.0014945014081660284
2025-04-08,-0.0006749900486859028,-0.001495408167681513,0.0058673611035861325,-0.004254100121413692,-0.008182140742222892,0.005996423172316835,-0.0007373485155883208,-0.001539060231730934,-0.00037749978392826963,-0.0014812633730357343,-0.01015611886057243,0.003127231934990651,-0.0051181235876019415,0.003136962139348036,-0.002817622829403014,0.004102355967757449,-0.003633793167552274,-6.383506470957964e-05
2025-04-09,0.0319952103705248,0.04759382232090551,0.023592176975142765,0.054066017413930426,0.02009113804920469,0.02535191307797728,0.008712535584811547,-0.0018685304322612105,-6.762534970379411e-06,-0.002147935639236084,0.006936231397677701,-0.0019437849436967393,0.0027087014683536987,0.0010769105140107302,0.006208628431974464,0.008641563327666558,0.005459983585680488,0.0011819695198758214
2025-04-10,-0.0090813269124035,-0.017180141529887182,-3.801812975678595e-05,-0.009399898572189133,-0.013489264571387959,-0.005500850837586602,0.003391177939322341,-0.0014923585457246903,-1.9658378717689567e-05,-0.0003635602397748681,-0.010174739306256217,-0.0036081626991776895,-0.0028414331755234005,-0.0026914241853958597,0.0009582749133035147,0.004820730793930177,0.000769633374298629,-0.005952415127269791
2025-04-11,0.003547321771737841,0.007337168685568092,0.005501709202571101,0.0065698310567901055,0.003007017336579232,0.00931279783234007,0.011624418658245567,-0.0006342995896831242,-0.0009848042548384144,-0.0036779375174023207,0.006956270829315247,-0.00016740301604104338,-0.0006597550915210794,0.0013353765330488114,0.004089345639124546,0.0036446953059114315,-0.0006434876982331465,-0.002291771650315257
2025-04-14,0.006759224683740332,0.0029459536384657007,0.0025022191338297294,0.00017762127770743104,0.0026302038996795386,0.0034693050221298255,-0.0005251115827323641,0.002800151337219712,0.001317060764072021,0.004085322460177189,0.0007011694390603729,0.0010768434900819746,0.0012808712757386839,0.0005183269267134598,0.0072675846200452605,-0.0006063630216349928,-0.0019177145799179891,-0.0016879492947809186
2025-04-15,-0.0001925487135847725,-0.0052742553103194475,-0.006638852337398086,-0.002019278372544698,-0.0006815831732487579,0.00989946132577166,0.0011413860844986749,0.0007590971007096271,3.442851660166813e-05,0.0016318774614534546,-0.0007583072322066816,-0.0010426245671904448,0.0020513134906156,0.0001955223469346009,-0.0012753930421061151,0.002990435022534006,0.00014143775924029857,0.0025795566374725272
2025-04-16,-0.008135208984462343,-0.012944776857021058,-0.008499692660008024,-0.016034203165771747,-0.0008452360553913053,0.002122132960250961,-0.003250400359664632,0.0013538993552767013,0.0007110498054509427,0.0010032597753750457,3.7973277691658036e-06,8.229691928408715e-05,0.0013669403214669538,-0.0002695170859796309,-0.0025119661774909968,0.0072841887976578985,0.0016012404378847878,-0.00160140817237126
2025-04-17,3.2551454929428784e-05,-0.002852042350347278,-0.018008265911142733,-0.0007739200205520926,0.0001816851885206843,0.006751439701188267,0.003829966528721173,-0.001736600577715837,0.00030322892402440593,-0.0011571172755147482,-0.002528254004671885,0.0027308260757535063,-0.00034087940468783716,0.0024358686566265534,0.00386810309336668,0.00012736005819136142,-0.002135536715364825,0.00046193430800997744
2025-04-21,-0.004623541508710699,-0.009619369308341359,-0.011132860163908843,-0.008164266377786802,-0.003952560423403591,0.0023964014153207997,0.011389752523406724,-0.00232619115265389,-0.0003824340031085754,-0.001678881987894303,-0.007529015642082967,-0.0001490536569591222,-0.003215255850161085,0.0013010272840184136,-0.004717613465291832,0.010951893802939733,-0.0017359566334108276,-0.0011441915460251653
2025-04-22,0.007919919066823156,0.010469420856654416,0.012032752734987275,0.007564384401903795,0.007783426820612772,0.00815059910840538,-0.0026989846460022567,0.0006720894397961733,0.00046890701318314,0.0005234050203762474,0.0042474078498529605,0.0016556729976995232,-8.898424123962882e-05,-0.0006315604361273085,0.005489789307493876,-0.0011795047846627459,-0.001682812574334355,0.0011587340543035727
2025-04-23,0.004197291468004835,0.0053411292245705705,0.0007418621571592156,0.0075855978183359644,0.005895878147976102,-0.0013335103785186266,0.003416911722023368,0.0008730464620148419,-0.0003745209409449372,-4.621186966492232e-05,0.0035788347037144334,0.0011855291122682004,0.0005693203198689932,0.0020368314805552907,-0.0006975739951459933,-0.0043325679031156125,-0.0025520657675028573,0.001685559463064013
2025-04-24,0.007413815247095475,0.010832054065602814,0.003519677158317004,0.014668224389797644,0.009790469410999697,0.0025557806608806303,-0.002029139889590163,0.0015963825490193095,0.0006565290558886458,0.0010742023367645752,0.0008754031722633566,0.0006485150888074394,0.002249432145822799,0.002084808573387798,-0.0028693332136489396,0.004954519745401922,0.001978917120636728,-0.0019402711589683519
2025-04-25,0.003720376245610422,0.0046480780284898415,-0.002121082452401902,0.006485498181669733,-0.001578794290788274,0.003002096706160039,-0.004720050535838271,0.0019720287337357187,0.000609154568936781,0.0016085059781037908,0.0018263525754150522,-0.0016704973485969533,0.0023615796177351486,-0.0005769404788821143,-0.0008546663389893943,-0.0019048013327152037,0.002990644138248021,0.0002537272028795539
2025-04-28,0.0010637531092751419,0.0006979651886683822,0.003936681206585571,-0.0003432294636790069,0.004436778867146973,0.004715959580986814,-0.0008534272337170933,0.001091042260969972,0.0008907879222743068,0.0013855344773050378,0.0017718148499324248,0.0017552674547163026,0.00014063285737244378,0.0003184512989541261,0.003308855240308069,0.005626132462094348,-0.0025152529634296598,-0.0019654500228506074
2025-04-29,0.002597278838564662,0.0025438898183283948,0.00403414082526056,0.000594488682687389,0.0027824333290825272,0.0008417611691128024,0.001219802341312548,0.0010638723163410228,0.0004329888661464194,0.001784376488614396,0.003931356888556156,0.0008516912348342895,-0.0002244520973883144,0.001284151547309246,0.002080040389374633,-0.0004502125001799445,-0.0028721650821479545,0.00023888402725975736
2025-04-30,0.002282990870423233,0.002237453043196483,0.005196260899937151,0.00019865133758834323,-0.004712667933399341,0.001698922559281819,0.004129917060268634,0.00012001941599272536,0.001007818673488127,0.0021335072584447237,-0.00510307238364938,0.0027693015650089013,-0.0010038690064618511,-0.001319127955181667,0.00592417604085465,0.002689248724302833,-0.005406860037954745,0.001690998471328543
2025-05-01,0.00010503345849311504,0.0019174241421197084,-0.003097878080545822,0.00800267471379504,0.0004607762929923114,-0.00516848180951865,-0.0019979658502569113,-0.0005978532517489999,-0.0010927281189009861,-0.0004659218174377969,0.0009500050867268014,-0.0011337256398305223,-0.0011160922800624298,0.0005229566133773847,0.0003666164668213556,-0.006206978649151904,0.001019313645979152,-1.2945310904794415e-05
2025-05-02,0.00545709101177649,0.003917845489581642,0.0028076761886852587,0.0036883521750472725,0.00951910281031451,0.007104567894643431,0.015597967061244571,-0.002179461601356116,-0.00100851565748538,-0.0015220064608161806,-0.0001631068283294429,-0.0018367949148463563,0.0008685774175745853,0.0009066316136039426,0.002763223859877607,0.0012991913179282426,-0.0013021604930735517,-0.00021577504276459165
2025-05-05,0.00024124397369273878,-0.0031904059361379696,0.0007645981094634565,-0.003262171822635284,-0.004408757642805313,0.0034984138081771586,0.011124914990739422,-0.0009727772419611598,-1.8610064726645728e-05,-0.0009123261881402912,-0.003459274623688871,0.0005925857706214966,-0.0003236492832206462,0.000805236911950463,-0.0006701100784448273,0.012027389020765743,-0.0021243451139063623,0.0011549605410660895
2025-05-06,-0.0020544068912422865,-0.002715513887820438,-0.00424225307378244,-0.0021743634483836483,-0.005004329155756145,0.0008674420379179153,-0.0025510662229286272,0.001132376210593372,0.0004963132913544983,0.0001757488052327831,-0.0013758865399489334,0.0003679392631404455,0.000143968703453489,-4.355604576300042e-05,-0.003321968866060251,0.009406750369075692,0.0029011422484448955,-0.0009443059393980111
2025-05-07,0.0012701165443724047,0.002120657533353331,0.0050097100316206945,-9.588467938406384e-06,0.0021705408331617404,-0.00046229966135377144,-0.007714351283326515,0.000662401294328869,0.0003233535452598787,0.001602258582606418,0.0008283336223804554,0.0008296956365007558,9.365021403885589e-05,-0.0003187703845728622,-0.00020342241896644008,-0.002525352990995178,-0.001712060247344516,0.0010581508867089388
2025-05-08,-0.0009404949860959402,0.0010913884234192532,0.0003517455403468147,0.00473665709391877,0.011607864701802147,-0.005660983914809143,-0.0036734785849078435,-0.002024797437266045,-0.0010214356671368475,-0.0023907904784559687,-0.0008608186192238659,-0.0006872580183610549,-0.0006352695987783792,-0.0008771513783211427,-0.004974100479444189,-0.005422018455432737,0.0021659317776523464,0.0013118020975950205
2025-05-09,0.00010821686623854439,-0.0014982859671738393,-0.0038572457263649496,0.0005340958735359947,-0.003390658610459429,0.0028551030419869047,0.003606797239336921,0.0007944478011433305,0.00036892783103410895,0.00038841724591706954,0.001467899202381002,-1.198499143351215e-05,-0.00040068576703687555,0.0005300895756691613,0.002891365310064064,0.00292913080060568,0.0003526720691983797,-0.0004291635703179337
2025-05-12,0.008237219327850601,0.013107175877389743,0.008838411345720824,0.017492275759868933,0.013273539939780185,-0.006723810227166414,0.009364049211415933,-0.0014205456127605498,-0.0008664113683121519,-0.0010494900320343753,0.0011184330868195345,-0.004553043755644722,6.751090843202211e-05,0.0017605194877839698,-0.006364162340001547,-0.007451768981895715,0.004318818964098822,0.003174100978084295
2025-05-13,0.0029492503905756235,0.0067959934573559935,-0.006207142286444576,0.014700291940375108,0.004502305201103739,-0.0034537873642454297,-0.005363020419509557,-0.0012182543558746282,-0.000217207412411348,-0.0008799546819640747,-0.004462291818527619,0.0010216023353419583,0.0005579953206453391,0.0015224025654801616,-0.004183834697659424,0.0006180887663023247,0.0033039978537424946,-0.003942006145175734
2025-05-14,0.0020366187437071775,0.0029715884655146956,-0.0005200506641499366,0.005663075105169015,-0.006006852162993765,-0.0042180660184549185,0.006247825453317259,-0.0009075436994720964,-0.00031142054441691045,-0.001361453219897858,-0.002543893679630478,0.0007895240904624906,-0.0006728239578922494,0.0006002768459602535,0.00076266563386773,-0.005341229597798258,-0.0011348604905762729,0.000329958019621127
2025-05-15,0.0030073281469908354,0.0020510652358327885,0.0047296996502238465,-0.0017984092163932709,0.002976722246243535,0.009003729716751716,-0.0017839828937402293,0.0027616227245404524,0.0012144843199476257,0.002532930506992383,0.0011601505206728993,0.00043454700216691766,0.0021226115375807143,-0.000996047008559351,0.0061711330381124755,0.006521680357442905,-0.0023570362533827313,-0.000527225326374019
2025-05-16,0.0014891882885464977,0.0018811821961411852,0.003515937082641623,-0.00015795906636857388,0.0029788960589853435,0.00025591586692776894,-0.0030147205600461213,0.0002587930336865364,-5.330554294188803e-05,0.00030895649001562344,0.0015290727133150488,0.0014247459892494307,0.0007868797473733885,-0.00028544613783473144,0.004533415319017586,-0.0039904896965764994,-0.0026387504433837876,-0.00023002437272500332
2025-05-19,0.0025881923299407713,0.002157898397472328,0.004725086389357591,0.0020034761707974193,-0.00273914136755223,0.007068994837225027,-0.00019442122561071778,-0.00020004369876980697,0.0002724221909144315,-0.0005195775339978828,-0.0022054921982560083,0.00044648484625059827,0.00048399670584312065,6.66095555225104e-05,0.002094254488132978,0.005005663696868896,-0.00031671714870153134,-0.0019519445672478717
2025-05-20,-0.00021452306276094693,-0.0013543383700646418,-0.0007645156644086005,0.00032661061648743073,0.0017201809562019613,0.00469086479776337,-0.0010049334601025727,-0.0007319946615910427,0.00015529963747689662,4.769826825134528e-05,-0.002980830906977203,-0.0008425843914295318,-0.0006389385600299069,-0.00024291779842844716,-0.003607028335020031,0.007498849012641549,0.003113044556901071,5.341094698110794e-05
2025-05-21,-0.0016419408763417003,-0.0038339755046259867,-0.006720764929403933,0.0001709410637966164,-0.012937677551592816,0.001880334738429349,0.006887456060113907,-0.002487481912670564,-0.00025825104367001317,-0.00262874463686664,-0.0064312724240252524,-0.0008162885771255662,-0.0026124392207732064,0.0009341426268701693,-0.004674906952139991,0.004972879129302535,0.0019467528031860918,-5.577173826613359e-05
2025-05-22,2.5414193889519536e-06,9.440543124054592e-05,0.0001246173011079575,-0.00024457722432170113,0.0011027514798984356,0.0009264248313130825,-0.0019595606562030164,0.0009641597185081766,0.00034076006087238077,0.0010843827293930313,-0.0016430243034010403,0.0009123666283888882,0.0015616940499412688,0.0007110624805012284,-0.0021855342482577497,-0.0018269903664192566,-0.0004851302825942625,0.0003951443466313088
2025-05-23,-0.001137411858845418,-0.003126816942737671,-0.0023247234721742913,-0.0038073737831111993,0.00021627132894527995,0.001543631143075473,0.004293267410211061,0.0007437679520657665,0.0003260354720007858,0.0014982092541017942,-0.0005061650790772507,-0.0003180313536707902,4.7145746494079615e-05,0.0005225644276539677,0.00046332638633037916,0.007879505146412795,0.0002858117059657836,-0.0017797808551866228
2025-05-27,0.006603669257363205,0.00810954188877898,0.00604999670353438,0.00754494378937955,0.01255715213895426,0.007180806986099617,-0.0106582678954985,0.0015546678755964704,0.0002934195484724945,0.0013968419491895675,0.005776377736492047,0.000374918990435868,0.0022444864517964505,-0.0002457603787209498,0.003390276206191728,-0.0056002918827586685,-0.0015270982971368604,-6.838535089973181e-05
2025-05-28,-0.0026669495283319616,-0.002601235092207535,-0.0030781288914137287,0.00014934722122988357,-0.0069905588541477924,-0.006116005939899544,0.003432208190253047,-0.0004542104756622167,-0.000354693060166565,-0.0009566154705854771,-0.0010842310516103494,-0.0002761534047391388,-0.0004400114651720516,0.0005877082489487608,0.00018739255839442595,3.202381287890216e-05,-0.00015203593568576933,0.0003993563643611463
2025-05-29,0.001909040977422507,0.0029779989140128163,0.0018969378121426895,0.0005868123052637779,0.002063999126796444,0.0018703560990543547,0.0004894837719004392,0.0016157775307627225,0.0006445922827048975,0.0011777013546223096,0.0029355371235159,0.0006568668519305008,0.0011877423677526503,0.0005163510334639965,0.004329089716015337,0.002209897375343403,-0.0018478336178572668,-0.002392345503185573
2025-05-30,0.0002364941636056792,0.0007741193278418678,0.002950424607379096,6.736829227085394e-05,-0.0024477252718007555,0.003979485864265238,-0.008723100591791213,0.0010304158030039145,0.0007443748768158916,0.0006794153388473899,-0.0028241639712675935,0.002134997891048614,0.000638653609928228,6.949379903631271e-05,0.0012339131381491454,-0.0013837416567119582,-0.0012561240698579362,-0.0009601021461330408
2025-06-02,0.0031194658344344643,0.003409917655744888,-0.0005081993807586303,0.007520105047292037,-0.0008221362096492027,0.004525049626221941,0.0001535876524905019,-0.0008846497451136656,-0.00037781820801154953,-0.0004378948193542679,-0.00227040292100937,-0.0022259004447927827,-0.0003280172149408328,-0.000632020303844609,-0.0008607614514946184,0.009123756118117454,0.004519569744142908,-0.0014951585061259917
2025-06-03,-0.0003788216960632549,0.0013630077060746313,0.000974389818096809,0.0030434218486887245,0.010832960791936803,-0.008017314979612007,0.0013204268889723686,-0.0003251942493250864,-2.6141769189479098e-05,0.00015366944903746687,0.0003093415174190953,-0.0007810099305788554,0.0005155460998490348,-3.592108095703595e-05,-0.004717430026907472,-0.001538916937551477,0.0015934191293431772,0.001198352976887634
2025-06-04,0.0015953510258934092,1.0710384335046682e-05,-0.0014931670824970594,0.0011345465995095403,-0.0015393065451720109,0.0025468117352552538,0.00811701788530808,0.002488429698662481,0.0010627475399008668,0.002148171224384823,0.004745958735267883,-0.0003832028790417734,0.0021507441743601136,0.0014119783471090355,0.0025697649560850327,0.003331117126802249,-0.0004936129620640587,-0.0009557222094941
2025-06-05,-0.001977251087572129,-0.003280381354568043,-0.0012293188525561104,-0.004720333389098907,0.0017340919542905408,-0.0003811507107868144,0.005242550154838009,-0.0008423074979626126,-0.0005294770905565715,-0.0006132337118414256,0.00456509136601665,-0.001552393932201098,-1.076240765428716e-05,0.0002443567390371616,0.00047095634953232737,-0.0018184650985990113,0.0004112652239004035,-0.000540112682616536
2025-06-06,0.002163245456072672,0.0035482216239631353,0.0031564667356323885,0.00399500863780534,0.007203586404772316,-0.0006501030232707308,-0.0009729076610698667,-0.0016201703540917349,-0.0007755409977245268,-0.0021142525899340526,-0.00024299710054966582,-0.001415763313936896,-0.0009877106031914475,-0.000962737292758329,-0.0006914299787275178,-0.0038811352318470094,0.0013624026264371612,0.0007213561513329759
2025-06-09,0.00015343780900196782,0.00042665696978105866,-0.00029605448151611975,0.0007708819180331323,0.006075100955214849,-0.0016882702292596696,0.005822075368309344,0.0004183919845905617,0.00045910820639596007,0.0005847945240513952,-0.0010309631487019025,0.00019430852638938805,0.0019974122682507333,0.0002529939980102297,0.00023625062829208147,0.00267390383668555,-0.0005488440285825302,-0.0009521194973271456
2025-06-10,0.0018644430889405163,0.002016662167159785,-0.0005879283436129928,0.002431010720791115,0.0014739570160773813,-0.0007148931395800579,0.0035059101612504263,0.0013297798789318365,2.8409341143866416e-05,0.0008226298708801925,0.0023123108250824483,-0.00035940195042691184,0.000297122318403527,0.0007133236057871345,0.0022523161098161742,0.0007522218671398508,-0.0006626371781278976,-0.00017337538967333995
2025-06-11,-0.000626527919843222,-0.0005059748537159206,0.0023683303450510976,-0.0002773758544780385,-0.0024777788194252233,-0.0020630021200225735,0.0013616077199444512,0.0018746881239930422,0.0010063955906930901,0.001646040163529729,-0.0009364231794562524,-0.001460569456605478,0.001529395160191687,-0.0004696782823064584,-0.0024168907523240035,0.002155967470735388,0.00437981191458761,-0.0007853990386757306
2025-06-12,0.0025290913186737946,0.0040027566722323675,0.0024738564881442615,0.0016203042658516147,-0.003049204595989508,0.004783808369916311,-0.002173664455696735,0.0012922376344629656,0.0005039325831216641,0.0009763810184095036,0.0038344361084933776,3.50653886638185e-05,0.0015140522634198468,0.000356528685030681,0.0033136622990175314,0.003748975106817154,0.0004211950753998969,-0.0026645390635324524
2025-06-13,-0.0038485013738905893,-0.0034133417177845847,-0.011426005110880962,0.0002733337317731236,-0.012209031505780848,-0.00488324967351657,-0.007067087050399367,-0.0012164626053076466,-0.00028009845867233503,-0.000836269083419773,-0.00292341508973412,-0.0007396440580168971,-0.0018697425174888493,-0.0008350693356167387,-0.004742083042875192,0.004297381351466321,0.007539961070561731,0.0013560354862385334
2025-06-16,0.003355907221772686,0.003972237779531067,0.0028839860024307785,0.007031362771682092,0.005424263167074995,-0.0015059328396654515,0.0059662702181080916,-0.000740446900023065,3.27085701239471e-05,-0.0005514152020283918,-0.004093178054013304,0.000402797526764663,0.0003757616304588341,0.0009068345067072105,0.00013146212630379874,-0.0028740973004528613,-0.00047266916000130344,-0.0004259410793337533
2025-06-17,-0.005160938422609256,-0.00461320436244496,-0.004038102745976706,-0.004310962864114912,-0.006994444608624672,-0.005298770650609463,-0.008096196432731873,0.0010493602997762108,0.0003755376852658742,0.0017685307996492526,0.0034644153137466903,0.0007986706588168349,0.0002159457860154675,-0.0008642073789290625,-0.0029617061026637175,0.0002734942132600381,0.004609639013674456,0.00208241809862446
2025-06-18,-0.000330109841921573,-0.0013441637274397452,-0.0019433664430188692,-0.0006598258970725661,0.003208217409393724,0.0016912727044924311,-0.0002815897372291382,0.0004127827758920277,0.0003743183294501001,0.0003215882834898187,0.0015625118716655838,0.00025635134973486914,0.000183672843584306,0.0003703701055826269,6.647429814829247e-05,-0.000887557981347752,0.0006742323950588095,0.0002882084435046669
2025-06-20,-0.002356864702533238,-0.0007241010637165811,0.0015441063895599468,-0.0004764122115842916,-0.001116089235473076,-0.006643870227143812,-0.0018304923595862613,0.0003948651640002089,0.00043063564483743026,-0.00012975801161990903,-0.0020699583699183345,0.0011736042383518632,-0.00036947665868030137,0.001103075252471874,-0.0019094617373870825,1.0598292280298606e-05,0.0014950378396237115,-0.0015472068742278262
2025-06-23,0.005757132606057583,0.006085094711046265,0.0067146210368885404,0.0036528399893881935,0.009358700223757165,0.004198404169977365,0.006434824927291348,0.0008130365513671772,0.0007967548043998028,0.0017042304959603205,0.0005194931240637283,0.0019789755963350412,0.0006594685668727914,0.0011532054361710847,0.007769644780894542,0.003841849623967211,-0.009799722988077266,-0.0021203339368827357
2025-06-24,0.0058594743401006125,0.0050427306683950065,0.007198305325607604,0.003935998696445616,0.008710854381765115,0.0032573344517903106,0.014195407816199448,0.00216455248625477,0.000459084866547608,0.0009936808286317052,0.0012774888174184673,0.00012872124170053528,0.002007947722942083,0.0023047660534174586,0.004218163046761621,-0.0033530448341679946,-0.006482448509839395,-0.0022491533282517477
2025-06-25,0.0027874018439210304,0.005387906207696984,0.0030523569846077486,0.004137891504277314,-0.003405625826181693,-0.0033141163546561688,0.001980144204672739,-0.00033149137117355744,6.439860239678281e-05,-0.00041323516916646466,-0.0015781664762219974,0.0001211937884598693,-0.0011517455190724177,0.0021968088761419877,-0.00615080239267491,0.0029320651472131854,0.0022628438246158613,-0.0007708641189414739
2025-06-26,0.0027443320844993593,0.0034040644857943796,0.005645742380966819,0.0030407208557936723,0.011596439603221435,0.004679077153565533,-0.0025392378430986184,0.0009109602478404204,0.0007423970136529171,0.0013085228657692136,0.0009407077991779684,0.0004782462077649835,0.0007638183628502055,0.0005116769810726844,-0.0016838105802565728,0.0004660027983357318,0.0008298318744507189,-0.0016527979629495952
2025-06-27,0.0024824836563467722,0.0024907309553352875,0.006762840536809189,0.0006296370649150423,-0.002326238708757099,0.007223296612185757,-0.005338865093357887,-0.001349774256501646,-1.3294846558534982e-05,-0.00025172739561132645,-0.0014044084998042477,0.000837526185520218,0.0006356653133029154,-0.0004833336642514058,0.0024274600810773803,-0.005356316209778094,-0.0009809616159401624,-0.00029960449525854313
2025-06-30,0.0018405115949179682,0.0026069903106338624,0.004161316078210655,0.00390488412210737,-0.000378209195937637,-0.0023564713335447497,0.00029419437960189615,0.0016325368084418404,0.0003923271516130976,0.0009215298757249929,0.002718958092459244,3.523751644443629e-05,0.0007223166920517264,0.0010234366335592562,0.0013091525272303948,0.003360262173946374,0.0003760709162135582,-0.0025816136617014913
2025-07-01,-0.0018222219265107342,-0.0019885095138260788,0.007541241167117542,-0.008587203375592647,0.007717646331221118,-0.002454623456546015,0.0014088476109441746,-0.00027271123093220795,-0.0004895390997094225,-0.000525967293761905,0.003559357702155579,-0.00014125606490408756,0.0016036061469047796,-0.0012228594772586536,0.00028352566813031905,0.0024887759577309817,-0.0005375177324803216,-0.000865189307970511
2025-07-02,0.0003518863383837889,0.001091887982278228,-0.00414751287710903,0.005117601700698224,0.008289996045651078,-0.0006771453252494928,-6.678370682976047e-06,-0.0003951185096621547,2.7711861379372106e-05,-0.0004337528569068943,-0.0016605892712860584,-0.00022646551225725996,0.0008010800180892285,-0.00010048997455172496,-0.002253736702040994,0.0020863504210127124,0.0035416221327949048,-0.0005493326250180404
2025-07-03,0.002207908935792283,0.003068316571249328,0.0027302498546015186,0.0039877081739247535,0.0040648514379797475,-0.0018464899292654842,0.0022585742739769142,-0.0004029198150510046,-0.0005050446195004558,-0.000561501018751904,-0.001760052649381708,0.0003240194067319112,-0.0003237928400870913,0.00016236556335683967,-0.0007339208290211251,-0.0005297690161596815,-0.00023792338074905025,0.0007734973860330126
2025-07-07,-0.0005181677507414446,-9.167888610235857e-05,-0.002336428742096522,0.0015156052333179376,-0.00720829469232066,-0.002069315153573701,-0.0031742581811884177,-0.0012782569948447324,4.981152170463335e-06,-0.0007104002461588103,-0.0037040924147731507,0.0013668225659335441,-0.001555610147419716,0.00017451969274395697,-0.0007347489371354095,0.0020738070886973945,0.0007714038680927298,0.0008635811251672463
2025-07-08,0.0007308852877264201,-0.0007948193600582274,-0.0039074748083820126,0.0002139114266231615,0.005946396591215432,0.005830914104394305,0.002800703806653049,0.0005851671756453981,0.0002088686875327912,-0.0002648691671537232,0.00180596865790822,-0.0003446585441100787,-0.00030583753122421153,0.00039133814538839596,0.0004945066891789396,-0.0020383595862440325,0.0004894059231068705,0.0006294675271388911
2025-07-09,0.0024490081042195626,0.0027170674300119537,0.002124382240766274,0.0015287132299674315,0.008455408431888705,0.005161538478911506,-0.005292065369944752,0.0014225260196608202,0.000475733663914058,0.0016399333139511733,0.0017181576459741124,0.0006541989977017619,0.0006077818509438986,0.0002274858407297596,-0.001428902203876082,0.002313397150340453,-4.912581266483507e-05,-0.0002547356114991888
2025-07-10,0.0014327640615298877,0.0014369685555878447,0.0030787606703697474,-0.0026353059853156035,0.0030937669599521538,-0.0004680537647985058,0.0029073428724253722,8.311250063788422e-05,0.00014824650595876234,9.810247613928802e-05,0.001697850822063552,0.0003025735728253106,0.0008535210258059922,-0.0005838569981113027,0.0016842474515850704,0.0019859274210504343,-0.0014225191051818644,0.00033747978268579954
2025-07-11,-0.0009586092738477605,-5.163052616182244e-05,-0.0038727608150107623,0.004669873718015404,-0.012286933750040923,-0.004819073004773125,0.0029124139854044767,-0.0014946220623397151,6.256151264568788e-05,-0.0011307942739129835,-0.0045059943733712915,0.0008626195494958822,-0.0013519265948367075,0.00014768576724524893,0.00018260644701681775,0.0045005464211478295,0.002991302504091565,0.0013143634639909026
2025-07-14,0.0005991163128382693,-2.5598447597245232e-05,0.0004176792347734201,0.0015592344906945194,0.00429211252924315,0.0002895958188799683,0.002357600832341946,0.00015603298061062608,0.000153529660792478,5.6855696779472685e-05,-0.0009180696052682213,0.0014844484195835925,6.514815416619463e-05,0.00038024302041907317,0.002076117601512442,0.000550645293394476,-0.0030159320804660442,0.00020864080415697924
2025-07-15,0.0010782757259128724,0.0006127232137838785,-0.005224902650463061,0.004199408830143946,-0.012610146713537678,-0.00478435856035458,0.012759281624156571,-0.0008911171819785762,-0.00042812354259875334,-0.0015175902117828665,-0.0035540805641638105,-0.0005414253190736502,0.00036918516010163004,0.001468567026008099,-0.0012264439948866807,0.0014355133714951578,0.0014727548343171056,0.0024841006866810735
2025-07-16,0.0008817473014741872,0.0009494960405242074,0.0028299155185839203,-0.0003320091785034779,0.0058511852512529005,0.0006392624305100775,0.000448278781396437,0.00023153349537458501,0.000804658748455401,0.0011424720359627886,3.1935545361494976e-06,0.001883481477594276,-0.00010492804088877566,0.0005548539462711345,0.001953673904892733,0.0022582253177941443,-0.0018848649627800466,-0.0013229389901929164
2025-07-17,-0.00021109790692004117,0.0011309675663688243,0.001587831076586917,0.0016608216380141934,0.007746246043552381,-0.00023869713032739987,0.0009017383972398183,0.00013995458996868867,-0.00011050960209109059,-7.519682653328309e-05,-0.0010671519329999398,-1.9397794047469044e-05,0.0013840857233486162,-0.0005298479358150023,-0.002957182901820203,0.0006371038485435652,0.0015882831741601579,0.0011814708681611745
2025-07-18,0.0012316910705064332,0.001296369581343337,-0.0020567265025999626,0.0021263838777704114,-0.005199861214589444,-0.0009729423061055939,0.0003907881925502535,0.000866328070753378,0.0005081230838432009,0.001177333510467797,-0.0011030073372391242,6.028894530429266e-06,0.00029895334422917947,0.000625255921541632,0.0011390893710736157,0.0009623162269987403,0.0014100996086626855,-0.000676451870397121
2025-07-21,0.0016260555156972526,0.0021339765434269004,0.0010781875694715584,0.004425992661515879,-0.002803249650316643,0.002610586713155033,0.0029665687951851917,0.0007908361016807927,0.0003223527959812535,0.000666108498359322,0.0020265608640684463,0.00034458789528088495,0.0006139019744689856,0.0011782589592867572,0.0033092761802728703,0.004667620227739418,-0.0005082296540605807,-0.0017243890752415125
2025-07-22,8.30463711196884e-05,-0.001213215158071749,0.0019482613396774528,-0.003932650329570978,0.00518775001554601,0.0033574619887267333,-0.00027280645964270975,0.0009058243340542499,0.000454324015241072,0.0015375970849222371,0.004254653033588295,0.0001358246585289359,0.00046160680601468277,-0.00012886529944196225,0.004473492379254667,0.0020704786628861407,-0.0018207876195722303,-0.002085786989577822
2025-07-23,0.004378220463731417,0.0019729521122021226,0.005416354002693644,-0.003440366043905494,0.008516272991036107,0.016021641300234916,0.00039547680942487486,-0.0004661097386740641,-0.00032473183233194087,-0.0003574642334348479,0.0010753165007410847,-0.001399673600411044,0.0009660107887212136,-0.00016047363340944009,0.0009277142016828402,-0.0029479594706493355,8.927564770696509e-05,-1.8029226775015568e-05
2025-07-24,0.0013944205370459333,0.003204697401810977,-0.004350139778481262,0.004842302040660454,-0.009780168846065031,-0.003425108249142045,-0.0011701554066018763,8.188161032672168e-05,-0.00042502115309191364,-0.0006653408845971429,-0.0020402257362207394,0.0011605785369771888,-0.00038476290642761274,0.0008215987853209448,0.0017633557360768343,-0.0014159787562942564,0.0005872421407418062,-5.3829327645854054e-05
2025-07-25,0.002150720450485353,0.0033596934775729963,0.0037358160776292553,-0.0002421317454990926,0.003981779834572467,5.952223935601136e-05,-0.0014702098811100418,0.0004551487837184784,0.0004209151803090956,0.0006735075822198249,0.001958743358192518,0.00019922606984173693,0.0011210707797232396,2.6792794807193785e-05,0.0003823916617689306,-0.0015596939402089845,-0.0008240166684845996,-0.000426157045038158
2025-07-28,-0.0006235377733149945,0.0011513261525486367,-0.00040813880710946124,0.0037950021303680462,0.0005543203520883516,-0.00916750471470366,0.0002898429191796354,-0.00017760264518035056,0.00010804822797790442,-0.0006262338614869563,-0.0033489656806942256,-0.0005560345824471465,-0.00032903276076236406,-0.0002720012702473744,-0.007985865126980903,0.001006744713346516,0.004960300844807813,0.0032252920265573963
2025-07-29,-0.001998521696256253,-0.003367807679028854,-0.005057815333274874,-0.0006322416619058597,-0.008650128646057055,-0.0007866372572600745,-0.0007016966981351839,0.0022256867278388956,0.0005557981326208296,0.00215238298837956,0.005595123505807346,0.0001655731601214825,0.001392848244101799,-0.0006290138494052275,0.004851404123687793,-0.0002650974508516227,0.0010201572691410504,0.0008339934709599979
2025-07-30,0.0009540905414733925,0.0010483578021095166,-0.0018753033822425168,0.002218131986779997,-0.0010447212797061543,-0.0009372777725823039,-5.2549306757045805e-06,-0.0006378058068268462,-0.00044472038545472284,-0.00047746945283795843,-0.0005398669275658878,-0.0011971319635991724,-0.0002856895297593089,0.0003011922922652784,-0.003916967792281276,-0.00310265844749792,0.003004930099196697,0.002730665158390839
2025-07-31,0.0017749466909231914,0.001992713624455034,-0.0019878608717119467,-0.0004974156888665378,-0.0012790528334073684,-0.003471603682787351,0.004525870260623538,0.0003617240000096132,-3.9205058360555444e-05,0.00020228741953535274,-0.0015487236400305378,-0.000822662534210031,-0.00038152104459185507,0.0015924402146992968,-0.004545787110344708,0.0035441024638343975,0.0015795371009752097,0.0008093322836817984
2025-08-01,-0.0013001120926770231,-0.0028136092272941504,0.0015691796352564989,-0.004962980248236704,-0.004885267487314977,0.005767535750168714,0.0027213213476236387,0.0034726294085405725,0.002896432574979,0.002196169092415358,-0.0017020246595787214,0.0017554860171154537,0.0023620241917705646,0.0010860808951545769,0.0033886270552041927,0.007043711066754459,-0.0021259003286194615,-0.0026420789445272715
2025-08-04,0.004338137294442247,0.005031713569546277,0.004599684913712326,0.005495488810473695,0.011258910279717527,0.003838568529402585,-0.0016381638658660002,-0.00017323369774222995,0.00022737478666628923,0.0009270694971666524,0.0014796629936499948,0.0020475074811090407,-0.0005084128514461638,0.00026567435797521287,0.0013155179441297956,0.003612389663424631,-0.00302569501871565,-0.00023048268270803806
2025-08-05,-0.0011579428807463477,-0.0039046183226316977,-0.0005096431305316568,-0.004921504524143121,0.006517197221530794,0.0015689608429388154,0.005999981967176298,0.0006369388000560544,-0.00016666723461081695,-0.00035305922634960797,0.0030217516878817494,6.7696917915353e-06,0.0011739737525243122,0.00051598078590533,0.0016253887919258606,0.0007697027063792517,-0.002783700489338429,-0.00017385386568946886
2025-08-06,0.00504142622519821,0.006944647836542816,0.0015923914218047583,0.009779265371580666,-0.0007896284899974405,0.002129339440309931,-0.0005247295727325366,-4.794692273186812e-05,0.00025458654414885445,-0.0002305154140341502,-0.0038359995710717807,-4.6531364264967845e-05,0.0005579893134888057,0.0011260471194000246,0.00018054056129699833,0.00017482192545038378,0.0015683638699688206,-0.002130581434251844
2025-08-07,0.001126699467060995,-0.0010365517678061445,-0.005263709564812432,0.003005919894700922,-0.0036744345720991873,0.0069827568720386545,0.004650857947432192,-0.00022447051642066865,-0.00020408327574668295,6.468572566219622e-05,-0.0009270322445606709,0.0010954220614535516,0.0003453769507878821,0.0008638914625820017,0.003129661919749592,0.003649217998037366,-0.0013009384446112772,0.0011450531236398866
2025-08-08,0.003875776363526736,0.005837711636519957,0.0033088758912020767,0.005172749672858886,0.001001320387783051,0.004251446219792329,-0.0035953394286916806,-0.0008196466339439046,2.71313113598781e-06,-0.0005514521790941826,-0.0007937508236909793,0.0007226353904853558,-0.001439778845694001,0.0005571070937600185,-0.0021594041449925043,0.0022531161032424223,0.0011722862307760617,0.0008338453304968458
2025-08-11,-0.0002368276699759738,-0.00035241777861174696,-0.002934551853541232,-0.0015348656540129985,0.002098300900431358,-0.0010027678446066037,0.00045566929820242685,0.000608511262210371,6.431223129084122e-05,6.988983410212023e-05,-0.00020066365836170848,-0.0004022912889707592,0.0013636285860666047,0.00029338352561763853,-0.0023972873612598438,-0.0035864018815994127,0.0013148612345837436,0.0006320764898263801
2025-08-12,0.0027273026096690453,0.0033329719148452314,0.003869417807918477,0.004213446593938765,0.020840882021540524,0.0030061537359111316,0.001921091988683071,0.00032474003159042766,0.0004994881917944893,0.0008022410293139627,-0.0004520277206623638,-0.000626610857901879,0.0014644400806290443,-0.00029105810317852244,-0.0006441635039107444,0.0007494059713064414,-0.0009875484360131288,-0.0021774489289611947
2025-08-13,-0.0007929733639886315,-0.0015352933118819474,0.006197807184219922,-0.005019013178807807,0.01322824850945967,0.0006057096675547036,0.004573367718243174,0.0013752093778868412,0.0008255144045148284,0.0006980087313883422,0.002766478334529707,0.001030760152362838,0.0015853602613029247,-3.12885014017235e-05,0.00032426104813251637,0.0016390996135407635,-0.0030453846948902416,-0.0009412146599111076
2025-08-14,0.00203822889660519,0.0030355176269880003,0.0018060473697937979,0.0026764454870733347,-0.009096496277888689,0.00415965530142542,-0.006851128114444637,-0.0006357644862668788,-0.0004596571794523575,-0.00023055466438200688,-0.002162649623791581,-0.0005512923420715123,-7.960987996518537e-05,-0.0005755067885535774,-0.000380736699600313,-0.0014749139817951474,0.0033157243033433365,0.000868213448277979
2025-08-15,0.000688689606033654,-0.0014809144060316736,0.0018599222139865923,-0.001394102496863293,-0.004524347076681435,0.005236535592490371,0.002986601358359926,-0.00020159458501527215,-0.00015854748091426375,-8.008056258166762e-05,-0.0022029360094406453,0.00028512648723903397,0.0005902824107009888,0.0006068887806265138,0.00291577234671801,-0.00021618410542580038,-0.0009789016839654489,-0.001055953048300637
2025-08-18,0.0010629432012944442,0.0006697219997757434,-9.990919792078189e-05,-0.0005101518582846038,0.00491427310192181,-7.984802217872932e-05,0.00586020459143507,-0.0002016515313630967,0.00010723466876183897,0.00014800205203042917,-0.00047120569546732884,-0.0003358846079895212,0.00017115557101753023,0.0008315203446640238,-0.0027466986034938544,0.0017549498444415007,0.0005894282928171663,0.0013760596794528956
2025-08-19,-0.0017715226849257934,-0.0035261228796202165,0.0019156042031277553,-0.008460865963641827,-0.0069873240123942875,0.004866187272214898,-0.0006908493564479617,0.0012997331698034057,0.00040144438119381587,0.001455535790235561,0.003337840606646886,0.0008067052439953302,0.00037043015297817043,-0.0005659134269196638,0.00580536182324962,-0.002055610768806281,-0.002785109381439774,0.00023339859440368914
2025-08-20,-0.00032258181279219006,-0.0013111828107621984,0.0012087744539757222,-0.0027545209129928565,-0.0032472197163402536,0.004143837718911836,-0.0014073478527454083,0.0002942496927668334,0.0003279782083238407,0.0009549909657812208,0.001227645060649055,-0.00013433697282518812,5.431883579777087e-05,-0.0003564500147570684,0.00022305911146314455,0.0027019626684283036,0.0012822782455366392,0.0006279016034776016
2025-08-21,-0.0012828100909045431,-0.002246929529736117,-0.0018942266414920025,-0.0016602339586086231,0.0034862147253838342,-0.0025737814033740393,0.001116381616705236,-0.0005178702884500884,-0.0003665528117685622,-0.0005199288342343251,-0.0004807357312608977,0.0014078278503018484,-0.000530691177808267,0.0003189346688568305,-0.0013343800520361163,0.000373352518593017,-0.0008116532906039149,0.0014508412653648738
2025-08-22,0.0015298392467444598,0.0020270568980487735,0.007062522834530212,0.001253065270257989,0.02271315885881069,-0.0010337996310599458,0.0003704637791603939,0.0016543409915074176,0.0012000271854740174,0.001250033904456398,0.00085568936840341,0.0022456506711128043,0.0007371191502857114,0.00015257031359026604,0.00048614966075515714,0.002614013282738919,-0.00390177020351953,-0.0038612495063536922
2025-08-25,-0.0005196963014619596,-0.0002611297145664543,-0.004233372856775492,0.002316613627313352,-0.006268353215432462,-0.005196456442475596,0.003370254465660567,-1.8597785928633342e-05,-0.00010557873585388395,-0.00021212458579571158,0.00010339613444168647,-0.0005995943602417858,-5.398565264420462e-05,0.000204971414527781,-0.0016314435833065808,0.0009575210500046487,0.002475857048885363,0.002488955639801293
2025-08-26,0.00207789413556061,0.004104108952258236,0.0034667929128087893,0.002776452522598574,0.008958972568596285,-0.0011993474330361357,-0.001960175983038063,0.000223555304350408,0.0004525972829962004,0.001164837538941612,-0.002772192145821501,0.001974869573576459,-0.0010331175509787857,0.0010391322338297647,-0.001387401541654028,0.0034045196190820278,-0.0013233657890026444,-0.0014040604693413815
2025-08-27,0.00018292202810913657,0.0013204256015455686,0.0023488369128817615,0.0018055757628604116,0.004861447391962688,-0.0017133398872905376,-0.00476380407714754,0.0005199783615506266,0.0004905614734209654,0.0012626728571376107,-0.0013950349220975809,0.0017444827680408853,-0.0005412376528470032,-0.0002930044291435804,0.00047864218698106045,0.0011035748996322998,-0.0008606433385241891,-0.0007879544454042248
2025-08-28,0.0019709860734558483,0.002718166123230871,0.0010304462515707724,0.004044195543031733,0.0014130629200087637,0.0006446005910410104,-0.0010655131567804694,0.0003488626771154077,-0.00019680589320213965,0.001279676919601108,0.0024712780565765017,-0.0009620319599882106,-0.0001212463777223859,0.0007818294680299004,-5.69422001484585e-06,0.0015119790837640939,0.0018692339279703166,-0.0011234134312471775
2025-08-29,-0.0007150337104586792,-0.001078332671916424,0.0028407626193262467,-0.002797763086298843,-0.00158763960056536,-0.0007932818618537514,0.0024824600561492655,0.00021476117134585238,0.0006654270894906856,0.0006689440257859236,-0.0010435376278034774,0.0007670021497685666,-0.00027734995251838153,-0.00031350887760319833,0.0016968156478077276,0.00365381456966415,-0.00036134494035079223,8.23867861080653e-05
2025-09-02,-0.0013548586538899478,-0.002541038925418177,-0.0010806167804228535,-0.002358286544758584,-0.0004284954242836578,-0.0027645420184161055,0.0070790780917113615,-0.0009177817697557185,-0.00015358354775941855,-0.0007652321624524215,-0.002686557928911106,-0.0007055571926986562,-0.0006781691637803063,0.00042324134038052973,-0.008407620991686886,0.009449500455075737,0.0038412787846759267,0.004115235068976186
2025-09-03,0.003065454641318824,0.004109436628027267,-0.0014440519130316987,0.0038665594787549665,-0.00018749172758623358,0.0004467664246689371,0.002798115864924772,0.0010172736626641024,0.0003994227513375206,-8.799172614631316e-05,0.001839144842652152,1.0027040201139852e-05,0.0009564107463174015,0.0011009300117057778,0.0008209012774768433,0.0031174808088153295,4.909722725742437e-05,-0.0007420335836788787
2025-09-04,0.002309936862137145,0.002624506812511887,0.003120286270029784,0.0013267020377797324,0.007297516856533801,0.004230578536519815,-0.006032411396643924,0.0015943216019455213,0.00045868110969789314,0.001692861543548915,0.0005769447410402207,-0.0003899034781633746,0.0017145469278405465,-0.0011134484749310003,0.0003480341622877246,-0.0006557265774220552,0.00043350996429241014,-0.000664271982367683
2025-09-05,-2.7796942934725922e-05,-0.002663172452806157,-0.003617840989711271,0.0008102470959553999,0.00546778661410072,0.0026273981309576254,0.008333619163358817,0.0017200194790869473,0.0008519057514576586,0.0002960852817766521,0.004828826001420768,0.0008694602579671076,0.0022558519692150577,0.000972161143187718,0.005297157369391542,0.0044287141135435654,-0.0035958340077218726,-0.0008470089102996133
2025-09-08,0.001977977407049268,0.0015310632390857165,0.002376523907299161,0.0010014987140345966,0.0025477986604886824,0.005837553296593356,0.0010934513677573476,0.001363130456974611,0.00043553357940257853,0.00023187986456715826,0.005359887122027205,-0.001280838577043697,0.0004630363809258759,0.0006538886298418632,-0.0007427063260327608,0.004205869640422847,0.002036647528099466,0.0003770022584416123
2025-09-09,0.001330938090510221,0.0015648940022582962,0.0030410902300992667,0.0015467429978178013,-0.006499592870947549,-0.0027352110224647353,0.00575609142632577,-0.00032081868390395436,-0.0003079741965755304,0.00014532000985038223,-0.0014071317923817538,-0.00027726366481707794,0.0008695633228104271,0.0002869501623766488,0.00035162726732762377,0.0013308930266268913,0.0011804687295468444,0.0013161597979083773
2025-09-10,0.001640316734718553,0.002681090805200768,-0.004676830470864297,-0.0005811590990384104,-0.0016177510170188058,-0.0007508059725560767,0.004543566050818561,0.0008641546162424722,0.0001080844586684287,0.0011465319052522825,0.0010808909396393292,-0.0005875459238077864,0.001068099088415149,0.000738372700923184,-0.0005990584618799347,0.0018536595395365137,0.0011042616228626855,0.0007713880940537241
2025-09-11,0.0013154568843320013,-1.2678245005382643e-06,0.005291247747288438,-0.003230124635797093,0.008776739929663196,0.0018748572542863443,0.004586134582137972,0.0006812399435217125,0.00029706991780666873,0.0005853038452731491,0.004343991177974958,0.0007465894432540937,0.0021917489711740833,-0.00025024522805308516,0.00449787018096102,7.836579974000442e-05,-0.0037853855406376927,-0.0016540753123304504
2025-09-12,0.0012001083488675317,0.0022970253447352237,-0.0032717696118999477,0.007536977744432358,-0.007423533212536221,-0.0012071854928474399,0.0024169866098003876,0.0003782107202156958,9.860076993912904e-05,-0.0013007886972987745,-0.0008677546867590339,-0.00022606411542769106,0.000551574969164771,0.0005587223941880787,0.0005182881385469166,0.0018897315694934378,0.0026108111042248286,0.0005556821780908511
2025-09-15,0.0024468368908399183,0.0023338490479742394,-0.0011042906989666983,0.004645665944229102,0.0013366759975108325,0.0017524196236475059,0.001009273048489137,0.0005471791004918929,0.000229224034921534,0.00048105547544699317,-0.00023048748321711447,-0.0006901006679997834,0.0006822257146157614,0.0005569325763140191,-0.0015766679357186054,0.003208958357076257,0.0022160347293930143,-0.0004792675798019272
2025-09-16,-0.00010990668337687581,0.0019433130992537887,0.00044636683270446844,0.0030970301127647105,0.001478382520947846,-0.0040733246256256005,0.0037783004450276463,0.0004828539427347456,0.00033745251501282093,0.00025225727799198857,0.0019811436069665897,-0.0002617403913772107,0.00037828520334743016,0.0014275349165144583,0.0005682504424858745,0.0007007470681749508,0.0014021514478460267,-0.0019256574244775572
2025-09-17,0.0002707809603917865,-0.0009597462598809039,0.00569207920278727,-0.0026780084919180683,0.003527703627990204,-0.00179012634820295,0.0068789594695923394,-0.00041492004221996216,-0.00013910755024222605,-0.0003361393355829445,0.0005529340785304917,0.001477154205927111,0.000685411958308622,0.0009820190778167394,0.0010212866805135428,0.0007394840677815116,-0.0021804950930472654,0.00040530594117972347
2025-09-18,0.0009126035771343261,-0.000680737043479011,-0.002503030899548865,0.003968018412891777,0.018171951307924858,0.00250028672345721,-0.0015479068370492493,-0.0008065785189424108,-8.059688064121777e-05,0.00016639681725252745,-0.0013662270097800355,0.0006844192464376913,0.00029625594923887114,-0.0003955053262200878,-0.003464436037329469,0.0014986660157198552,-0.00020869803567971808,0.00044441273986595836
2025-09-19,0.0036490912395175674,0.005857200510850985,0.00483869632975533,0.005429380050221015,-0.00494766669293871,-0.0007132103017692373,0.002222741400273256,0.0001577763028163808,0.00033273194498555114,-0.00029393023496107845,-0.001820912428563677,0.0006457113761330854,-0.0008425189090791833,0.0006925643025654508,-0.0009341232101726885,0.005924551715577283,0.0015865426627273867,0.0011140606112995208
2025-09-22,0.0029023942107169647,0.003541509559944535,0.0004723105355318104,0.004663921666029549,0.004641828697588522,0.00059858141502792,0.0031701490392391407,-1.769303282502031e-05,-0.00021231611411271374,0.00024360003829372156,0.0007214194159694768,-0.0005091984103544377,-0.0006946474036976845,0.0008141379749217147,-0.0004257091869426155,0.005544732897364265,0.0008034893106887118,-0.0006962149053942536
2025-09-23,-0.0019598212861650726,-0.0031359697605351394,0.00020538524472989324,-0.0022001623891851644,-0.0010576778825921768,-0.0002377681308852813,0.0009107120592249437,0.0006332577047720578,0.00029163094867370315,0.0011959863952201964,0.0028747934318025933,0.0002636516933053239,0.000815299937218726,5.371599740893059e-05,0.0016328071676283864,0.0008930140656381591,-0.00035447380098161535,-0.00012187542855024056
2025-09-24,0.00020379141299365234,0.00022172052818808996,-0.0011174885286669872,0.00034365465672566743,-0.0055019904924311965,-5.821374259055295e-05,0.0025428691804087354,-2.7430701353819585e-05,-7.001840586818122e-05,-0.00032398361828250496,0.0006913644375796399,-0.0003034347783427635,-0.0006554960201221307,0.000873521621892164,-0.0021047300044742144,0.0002606879101360385,0.002639280719776209,0.0024163144870306156
2025-09-25,5.538374766947754e-06,-0.001108217035218434,-0.0005292353060492912,0.00029000010534231853,-0.005899170156045116,-0.00041834568968106105,0.0015458404147601617,3.153486525678847e-05,-0.00025795095850874867,-0.0003442298615736589,0.0019966628878671008,-0.0006140348732578309,0.00046779046628391083,-0.00031589875667859457,-0.0006383858270069104,0.0025920025548423226,0.002222177328595783,0.0024335338449705873
2025-09-26,0.0016745795671948061,0.0022214399503493938,0.002681552160603324,0.00197407752558844,0.003586626283655003,0.0037670485586545318,-0.00466965366198566,0.0004996957846258592,0.00044448886707064027,-0.00036964795754132636,0.0009573057020802543,0.0005618430243976708,0.000452022303672325,-0.0008637246493664267,0.0012446346780054188,0.0015853638425020362,0.00012134386134685028,-0.0016075301269565206
2025-09-29,0.0012543118957461352,0.0019164036457647267,0.0013988083517516305,0.0012829377662893875,0.002024167410655274,0.002329865752247938,0.007379978628373926,0.00022281748490829553,0.00019112911172532838,0.0006105233438030875,0.0019728316428859116,1.4212081782469677e-05,0.00018778532549437212,0.001412225960200579,0.0007004008824785485,0.006129062894596162,-0.0005652817878266918,0.00024316691437579595
2025-09-30,0.003147618639073039,0.003108284630994471,0.001091695534534741,0.0019559655222239516,0.00023166583465548084,0.0028828531303106628,0.0027510281099418048,0.0004276753755735331,0.00040238874076174973,0.00022641189452260262,-0.00047210676736991145,0.0007286324700384551,0.00027065392542965786,0.00021934559764261196,0.0020993442718485198,0.0044664421359487195,-0.0005125490426173655,0.00033306180529587377
2025-10-01,0.002331065553657179,0.0011038974801662101,-0.0006621295347021346,0.000949045459300179,6.200086775202864e-05,0.005253223242246224,0.0035284962530294124,0.0008790753052000757,0.0006995916232838328,0.0010850677826292252,-0.001717843407567773,-5.421371139876e-05,0.0013777216965883848,0.00030825228598813353,0.0007592681694060608,0.0026644717847646862,0.0003519616652425195,0.0007951482562249838
2025-10-02,0.0020386567040349317,0.0007449594969013767,0.0018645368920110449,0.0011327938831248944,0.0073765921764081845,0.0015162777903659835,0.003688321281459124,0.0007389009668068284,0.0002150857191449411,0.0004315658601681485,0.0007244407582912824,-0.0005627804402821566,0.001244835609208272,0.0005731154184008698,-0.0004587328045917681,0.0017971033854196558,0.000766718970963043,0.00042255106278307254
2025-10-03,0.00015841109507141885,-0.0008683225334694491,0.0041073183644765605,-0.003892116774790708,0.005588498433600138,0.0060671468536271245,0.0005545209923084236,0.00010981260744940668,-4.731230557511543e-05,-0.00012855176084435342,0.0020856922015854524,0.0001281063046609113,0.0007716806676186247,-0.0003698503790282885,0.00047049265907019673,0.0029386824290876887,-0.0007527037611724545,0.00017516747511244542
2025-10-06,0.002880428036523218,0.0021501418267759003,-0.002773522750466118,0.005073721117725215,0.002221518139737938,0.0022722518739377705,0.003758832406600215,-0.0005672628290098233,4.494524622074232e-05,-0.0003665357002433237,-0.0019527099454112124,-0.00022753058466548235,-0.0007447451962089078,0.00036942378276424157,-0.004755668807042947,0.008610244145146339,0.002504243495665407,0.0032880423553440655
2025-10-07,-0.00031408529014428574,0.0005668243529268003,0.0022225858970267697,-0.0008153439953004077,-0.005712891167414606,-0.0011503921189429337,-0.00017187207289987103,0.0005346537366965789,0.000387578538953602,0.0004456926489434898,-9.795783590230058e-05,0.0007695228959112466,4.7715369849155465e-05,-7.40384331350439e-05,-0.0008773066049054135,0.0034474137149032628,0.0010323054274009266,0.0018183599786808207
2025-10-08,0.003186638202356791,0.003603921370187985,-0.0014373538956884695,0.005721475459031869,0.00877397954491682,0.0008083881334087521,0.002484775829013349,0.00028961713565389994,5.469742559152487e-05,0.0005041394325616918,0.00020149092224973982,0.0003928456579799246,-0.000444750443682167,0.0005481572642941973,-0.001252831469283542,0.008025457772247427,0.0001578393996787249,0.001991468869387362
2025-10-09,0.0017889513101968383,0.0019127321885028283,-0.00095925901634505,0.003096798873992841,-0.00027142512132606687,-4.909714844965329e-06,-0.0007733172005295868,6.395887427974433e-05,0.00011050749285748522,0.0004235724424571756,0.0006898849355733599,0.0006130293034044482,0.000749966174431817,0.0005322117374273747,0.0016685751922351794,-0.001877170481759647,0.0012167386699787567,0.0007958623883666978
2025-10-10,-0.001402598342934984,-0.002359310579337484,0.005497656985369435,-0.007108457450451286,-0.00022366522410345938,0.004942558496950165,-0.0072824465948221825,0.0016033544652832759,0.0008286319200214297,1.7695819106345982e-05,0.0018775489667094726,0.0015824508641928432,0.00021920847468767136,0.0012923597741734735,0.0032753928874575573,0.0023466435774971263,-0.00015525316732568906,-0.0021498861220024196
2025-10-13,0.0016500300135177132,0.0010755183603567767,-0.0003775138861857475,0.004490139609216539,0.009976495678878473,-0.003974867019917323,0.012709122348442788,0.00019855055030673337,0.0012732568496778415,-0.0006191135380940139,0.00031991529313330153,0.00012122016505070965,6.199455757198435e-05,-0.0006052540487676821,-0.006445438175376459,0.011758113941674475,-0.0002822354017094665,0.003235848961149609
2025-10-14,-0.0007885822903593066,-0.002092336053820886,0.0032314626362340997,-0.00587089215662877,0.013824288794856822,0.004928855165576033,-0.004397184254416089,0.0010293136839800035,-0.0004824587359765591,0.0022208355002802686,0.00098241169802302,-0.00016831772233587782,0.0008841992694994388,-0.0008902526691331948,2.4909763329510753e-05,0.0010816088726873993,-0.0016961664885412064,-0.0021167661763410966
2025-10-15,0.0003858063977230713,-0.001229915041875182,-0.005780872398382072,0.0031801461835893577,0.0018095131363047665,-0.0014871475799671033,0.010411152080348526,0.0001356331603289177,-0.00023257159400263098,0.00035983590978475293,0.0015051996994210727,0.0005091007202589313,0.00010063684422686287,0.0009094833393919082,0.0015478137023987454,0.0055591666659048095,-0.0025618759128455248,-0.0002036380429250302
2025-10-16,0.0017106482137003625,0.0006370064699117873,0.0012320330721354422,0.0022542116273092487,-0.011582082479701352,0.008438171010639423,0.007478929270070694,0.001699017594126963,0.0008191335857430207,0.0008427286772332981,-0.0013669427672864023,-0.0005184677604395727,0.001351598055271901,0.0008903454646073672,0.004922633194329895,0.00908699124589746,0.000834588279190385,0.0018288330316058848
2025-10-17,0.0015965370891168548,0.0025332644110609994,0.0016486821389072996,0.004460512735525873,-0.010747479790052696,-0.00035622091982175867,-0.0008593878332031598,-0.00022270056352156637,0.00011957116820948449,0.000463761418761169,0.0035689479736349715,-6.180918335851556e-05,-0.0006090901110173883,0.0007747082103332532,0.002831101561347853,-0.004330583802707316,0.0013630833190150914,-0.001167376935797073
2025-10-20,0.0009402275355671411,0.0006085333172534662,0.0021555506827400667,0.0014045460961745037,0.007768380476455776,0.001032550763631769,0.004060008305930878,0.0005762008757123512,0.00023467138580304125,0.0008772047891537401,0.00213805703361389,-0.0007029302539059072,5.648717634543915e-05,-0.001642500290944619,-0.003261304769374359,0.014311629517091702,-9.505375112943415e-05,0.002445113907220762
2025-10-21,6.059755945858093e-05,0.0020168227050679746,0.006548336377876786,0.00034783619769903945,-0.0012594205582057922,-0.0037411192516569177,-0.008688458585958079,0.0007742612440346042,0.00025700994841777345,0.0010843679858352838,0.0017109291871361802,0.0015846070401623281,0.0007915215623451987,0.0007177650452656198,0.004585727034305577,-0.024833984836301656,-0.0004506946098182564,-0.002532954334816575
2025-10-22,-0.0007040060607001728,-0.0009896463865649643,-0.003990342958798571,-0.001586951739691849,-0.012049201227494399,0.0009145043432575734,0.0010131458575129574,0.00010196323431674106,0.00012692943184631404,0.00020341972086221447,0.00046346903119652517,0.0002573679792020056,0.0017031223427241347,0.00012789244899352108,0.0026107137277302517,-0.0009251840688401557,0.0004167758805293086,0.00018574109132334158
2025-10-23,0.00042288529439665854,0.0003439341441433576,-0.002675830580271375,0.0036966314811255263,0.005189402005359096,-0.0013686864180121683,0.0018001908888998618,-0.0001800416853011571,-0.00026517556004229453,-0.0001520859339900196,0.0004163542595541003,-0.0008325335002753063,0.0005984856406746704,-0.00016247327449848666,-0.0035159031477095945,0.002317077932355743,0.0024101315978445927,0.0002992610969836284
2025-10-24,0.001055832273324976,0.0023238513937473317,0.0050398063353802895,0.0035948393391722734,0.005652355502086293,-0.0033262262633121627,0.0009971144378593108,0.0004585666789234336,0.00043574083659756125,0.0007551016721274572,0.000941868481869428,-0.0003185879884417512,0.00031543143445004465,-0.00028731927110698307,-0.0012644199696646395,0.0003024641472316727,0.0012418761769149743,-0.0008467815906129963
2025-10-27,0.0029472324969196818,0.004795107088270119,5.797265693466107e-05,0.007770558231899443,-0.0028707187612680924,-0.0012161419511174283,0.0005370657062090806,0.00036931658981987356,-2.9950422565482195e-05,0.00025041828670925494,0.0025554222186317524,-0.0005607251885088077,0.0007883713608884565,0.0009533087820202367,0.003281046460303451,-0.0107958723118571,0.001307503771872057,-0.001702016358830282
2025-10-28,0.0036482213289190197,0.005781336207311613,0.007666276868141558,0.005446251223270406,0.0021501093088066633,0.0007443427460185829,-0.0008377384105537908,0.00010803178837086536,9.293412261497704e-05,-0.000221009982602769,-0.0017576515716463395,0.0005031003488708515,-0.0002046779217404393,0.0019049837685062507,-0.0002720470208294329,-0.00012926959044884563,0.0022268379028120844,-0.0003311595017490823
2025-10-29,0.003324980929145641,0.0038156911157005884,0.0015321816287993833,0.00469139301561112,-0.002274147121049395,-0.0023080464836132348,0.008268510619792405,-0.0008890527454956947,-0.0008656893889725965,-0.0011753670686593066,-0.0011573831929202645,-0.00130068331869108,0.0008529910031513195,0.001841027964191137,-0.004482442428960169,0.0018818505166583724,0.004639170436240962,0.002451501683604648
2025-10-30,-0.0015567290862701626,-0.004368813432903334,0.0028980046249097863,-0.003742804466019451,-0.0032581791242230623,0.004988543513875617,0.0032917165129315324,0.00034572710150996416,0.00025254224892612886,0.001075258534321462,0.00152909669764815,0.0008252696258705004,-0.0013687517529590064,8.182002678664866e-05,-0.00014211154692725728,0.009751620701301483,-0.00027864704891728844,0.0022578590103019738
2025-10-31,0.0007773447751624867,0.0019768215498990526,-5.543827665485928e-05,0.004462189992575924,0.0023193514924151524,-0.002207987437488226,-0.0040054225989889485,0.00023004497927081753,0.00034260755269404774,0.0015357042157616088,0.0006727031597257146,0.0016982910470112055,-0.001979033955695566,0.00034950621828474355,1.5532581923738322e-05,-0.00024954079222323095,-0.0005226097809666701,0.00039685044997390603
2025-11-03,0.002498466432420232,0.0032710817723790773,-0.0031959376505026477,0.005972936872501991,-0.0025457473832020934,0.00021219735568971825,0.003216595963291627,0.00012141287071723399,0.00022179872974970358,0.001007097278635497,0.0007728522999268213,-0.0003464357975349136,0.0008830368938811308,0.00048038958599307905,0.002328857419214552,0.002549253193224553,0.001251068829774632,0.001239769778183178
2025-11-04,-0.0018697309568353974,-0.0030237852369635766,0.002330775854992086,-0.007202736404138127,-0.007888955504212095,0.001643239077921974,-0.0008693595611921762,0.0002922726186183419,0.0002319286398915713,0.0002824208468055245,0.0002539299049720452,0.0009846181432944354,0.0006723260263145316,0.00035299205272346437,0.00113343960389177,-0.007594284949764236,5.249295563305393e-05,-0.0005394834059603568
2025-11-05,0.0007875646852484705,-0.0006850249288426888,0.0005518480707046199,0.0023764694124607712,0.009422716433986563,0.0025512464492487216,0.0066879023862884655,-0.0001586640243461208,-0.0002780473536321992,-0.0006357217966303577,-0.0008693321210745657,0.0002570923297873203,0.0005840179904292014,0.0001703648788672227,-0.0019325039774874299,0.006839029596952796,-0.00017062723291224376,0.0008297987431720145
2025-11-06,-0.0003484812787886739,-0.0009790509421656723,0.001228778060258555,-0.006536764609417121,-0.00622285362568791,0.00399910148537626,0.0005926059861364706,0.00108360004043194,0.0005515493509744073,0.0004846777572942258,-0.0009218388587305254,-0.0006156271225722628,0.001289103617355303,0.0009243637484957746,0.0010290033281034434,-0.0020998618830164227,0.0012866319771799887,-0.0010583035531540217
2025-11-07,0.00033018196334488707,-0.0005794935612570514,-0.0007654153030634348,-0.0009017892030661165,0.0005343684530935899,0.0029268473682100386,-0.0022256738481514346,0.00028999783715546405,0.00039963179274513766,0.00151615955810017,0.0024191174078205873,0.0011391432365728382,-0.0008270396091434814,-0.0005371178607818539,0.002161191057434602,0.002596556308704888,-0.0017355708955338958,-0.00017584759484882257
2025-11-10,0.0037407359278948255,0.005290483128621947,-0.001103904744493232,0.008197710813246268,-0.0007220145488167681,2.002115750358857e-05,0.0037206820833439146,-0.0006524064827698785,1.5802895719865015e-05,-0.0004969811181748634,0.0008697054052122064,-0.0004574649534477551,-0.0009670339531896882,9.971135871710522e-05,-0.002964065065934861,0.013638369480492275,0.0017419125674184716,0.001930751642499941
2025-11-11,-0.0005165481969309268,-0.0011391243480503251,0.008404071041124093,-0.005102181606594613,-0.004104364555501948,0.003451618268005412,-0.004341263409472643,0.0009986604698516179,0.0005510563513384966,0.000648644591543172,-0.0007180440078498945,0.0010880388907382214,0.000435845862452041,-0.0014313574658102101,0.0017851449239232701,0.0015021883250889755,-0.0013318453623872217,-0.00011779776213184418
2025-11-12,0.0035950577584020703,0.002264126795869666,0.009198594136415227,-0.002126684861202808,0.0020539372450976597,0.007219907162660867,0.0021799038007856548,0.00012929995214368208,-7.952880591393329e-05,0.0007507932073371359,0.0011407288223256604,-0.0005349154129268051,-0.00020098947791697156,0.0005924461732866285,0.0001614075889166686,0.009254281609154065,0.0016994904594939565,0.0014315163900634686
2025-11-13,-0.0001456954234380966,-0.00035681887063438236,-0.0015072023038841167,-0.0004017958884413829,-0.009782887281412203,0.002164831209843083,0.005399998224209231,-0.00012588827888734876,-0.00031376168015366404,-0.000464963939946507,-0.002692513462092732,0.0011557484619674685,0.0011101495588311553,0.0028304977618042876,0.0037865934708585236,-0.003124076647029012,0.0007437855155114038,-0.000683847114414951
2025-11-14,0.0005990188657230241,0.0006291742211180747,-0.005830917803962581,0.003703117957270319,0.001927361826789078,-0.00159658375876259,0.002270530725830229,0.0003436364091290319,0.0003231229252678976,0.0003056582759017432,0.0006663262849526865,0.0004284199494165972,0.0005114791884659477,0.0006476706088656091,0.0007823272219632275,-0.005990930522506169,0.0002548472554972526,-0.00037557401499176764
2025-11-17,-0.000375291353495448,0.0001594114092758319,-0.002788206530088563,0.0022435922096134663,-0.008324829697081268,-0.0022669769134131858,0.001211686005982992,0.00016535519782148538,-4.4344043551132814e-05,0.00024716312802491977,-0.0009839878684616966,-3.943126413419887e-05,0.0008511284347189106,0.0013291990191503468,0.0011465179974454228,-0.004512159751364324,0.0021021800502454687,-0.00034429782514504206
2025-11-18,-0.002498469121916761,-0.003227572673828498,-0.0064305171864033886,-0.0020984506999794615,0.005999117224823228,-0.005970897780033172,0.004157140695868479,0.0005494854636060652,0.00033155702253377304,0.0011128309600152314,0.00027035868903882605,8.155000921103396e-05,0.0006415262657826475,1.5121488506643008e-05,-0.0022970590823842103,0.002768136121197866,-0.0005849684808259849,-0.00020866919545787978
2025-11-19,0.002931387278510362,0.0032246883458247324,0.0007034303355085156,0.0024608694677988475,0.0012644251225590532,0.0006285496452227931,0.0018156084336104859,0.00027231933684368953,3.195998144511631e-05,-0.00020142186258519763,-0.001962682026087058,0.00026693135455601387,-0.00018511796650483412,0.00023052736800987443,-0.0025530827890018716,0.0041451916452869665,0.0021380175842168215,0.0015211916091778955
2025-11-20,-0.0018500697445745663,-0.0031705361636845814,0.0034334012761379,-0.008223755966193373,-0.004880497428740001,-0.0003746466810862631,0.004968896948032903,0.00047993141470310905,0.00042707586444569733,0.000201877207966055,-0.00019352442501411292,0.0004803402435962702,0.0004221361598391566,0.0011761398018244043,0.00012680329574897304,0.00025791306263949344,0.0003068528186890209,-0.0001827260445477081
2025-11-21,0.0008548238210509471,0.0001507355314223184,0.0017875348200860654,-0.002653829398092635,0.016229066648251887,0.007245247608756895,-0.008727077973264871,0.0005593305959957187,0.000705250725950573,0.0015819759177352513,0.001103248379126771,0.0011839713243935294,-0.00021311611935440544,-0.0020277119795227908,-0.00039725393395188477,0.00046550177356498,-0.0024477779456739904,-0.0006440114129259819
2025-11-24,0.0022153975089518173,0.00551273421330384,-0.004326197436777342,0.012743095224137014,0.009053671468851629,-0.006889645779208115,2.7925070613527003e-07,0.00036089120842223185,0.0001290073201725583,0.00024344892111193527,0.0015888379912498496,-0.0014601429636250374,0.00024441988268271084,-0.0006694560598569199,-0.0023879135941521036,0.0073892121812482205,0.002004935886440816,-0.0004898946179625808
2025-11-25,0.0008439380767566885,0.0012291913175318612,0.006851218191406771,-0.003141551915635435,0.012710632212738392,0.0035132733952000818,-0.0053270866613367145,0.00014616641018831244,0.0003356289629399574,0.001372208370279508,0.0007054549167649778,0.0009605154631979803,-0.00045814427991050944,-0.0009158738803600706,-0.0007465896315754731,0.0005704362610340313,-0.0017888486785738894,-0.0012145767151012072
2025-11-26,0.0009703811360394308,0.0010874916715212408,0.0011758036761777774,0.001820311504736884,0.002500911987048508,0.002846549940955857,-0.00422158169049535,0.00037642523548761324,2.4695764194424463e-05,-0.00017683419138553574,0.0007690312063516184,-0.0002578357177444742,0.0009162067744467135,-0.0007922157604664606,0.0003827673131877093,0.0027667695044961277,-0.00022657251980508046,-0.0001261512817752647
2025-11-28,0.0011032027472095266,0.0018774022806805047,0.0021741996716316075,0.00593324131467697,0.00018890579292995657,-0.0004954942916123137,-0.002760995820574685,-1.3663297866849805e-06,0.00022036995446292495,0.0007102165616682402,0.0018879020557660406,-0.0010351858921147697,0.00024753096385705074,-0.0010209330520764728,-0.0013852963912753292,0.005369580853764556,0.0026336535361184393,0.0001342021667883682
2025-12-01,0.0015497047315244398,0.002071276355018245,-0.0020920702605704226,0.004843426807741212,-0.005173609588753845,-0.00013319430048861804,0.00640172113888707,-0.0007041904138106996,-0.00031454598643562454,-0.0008024614681241653,-0.0018258370370815135,0.00035230725216823296,0.0010331642185987871,0.0018965039114173057,0.00012975584280087993,0.003531157334517883,0.0021949515658304672,0.0006212866757134794
2025-12-02,0.0012913116344838043,0.0009901718413628168,0.0035660113339768245,0.005246626877237223,-0.0015590123184560485,0.0021842510883442454,-0.0006363654820448414,0.0006524050231161045,0.0003660434266596509,-2.9068177434171238e-05,-0.0009982004766388387,0.00011411571237947781,-0.0005945565119460756,0.0007439016124521727,0.0004441632151446738,-0.0007011916210545952,0.0018998531955940331,-0.00029071272310110383
2025-12-03,-0.0006464114392169601,0.0004546064941294975,0.005929639130671486,-0.0006172254328925004,0.014317005515097925,-0.0002519646197725687,-0.006851237617989587,0.0006933401571318938,0.00032798671158036527,0.0006112365156234506,0.00028095783601916023,0.00034901617486183395,0.000389408354321729,-0.0007646424938749601,-0.0009193237140287741,-0.0006722328123739247,-0.0007213658190655548,-0.001900089788894058
2025-12-04,0.0013457022601457789,-0.0005136069050256224,-0.002325882689423656,-0.0014145637563793222,0.007088625364512274,0.0024241082494694064,0.0006401979159674551,-0.0006546057474135854,-0.0002693373422006381,-0.00029166883387456025,0.0005562643057303229,0.0007850401253373033,0.00048527302843353074,0.0003549458923791626,-0.002437166575934421,0.001747236555594784,-0.00020181346556361838,0.0006098079668406355
2025-12-05,-0.0003156695321671942,0.001439794200976062,0.0013341651427276155,0.0039979649667168625,-0.0049703652396228875,-0.0020309960280973493,0.0049853905455491745,0.0001914397324025512,-6.130677362208188e-05,-0.00012731015230821926,-0.0004203392469741543,-0.0005178789696702211,0.0012070562311814245,0.0006442319763347423,0.001008212945473516,8.714092391665009e-06,0.0014072025533325852,-0.00014332677743388923
2025-12-08,0.0025937675486746017,0.0015826305436290686,0.0007620881615590719,0.0013883640606279996,0.006893133735199716,0.0018111717835238754,0.004166094015848292,2.2621256044855903e-05,-1.9533939753260524e-05,-0.00041219788862017007,-0.0001562280430676714,0.0007124658877768319,0.0012592953490070374,0.001336946133832246,0.001067291381262686,0.0017917405467762545,0.0006282134456801602,0.00028615891247951177
2025-12-09,0.0014654371784351876,0.0010100936155432827,-0.0018133974181928285,0.0025669549767594743,0.004914361043899285,0.0011984930162872226,0.001444232168696016,5.465442512397672e-06,-0.0001454774606158497,-0.00031978290775469586,0.0022265190221843053,-8.315242821708524e-05,0.0002268205915421657,0.0008417417233169975,-0.0002511749558433106,0.0034245935925693903,0.0008494676215393894,0.00039967365527375444
2025-12-10,0.0004869534421749946,0.0009327660947312305,0.0052820986695516926,-0.0024430935678015136,0.006589795287040953,0.0018891953956280717,-0.000917884076997966,0.0006054758870280385,0.0008982243870239945,-2.7551265233423557e-05,-0.0009322020233337221,-0.00015904241983406668,0.00040506414004488813,-0.0007832295185181961,-0.0015349890371700418,0.0022905149598803926,-0.0005036632097546612,-0.0004282448937237915
2025-12-11,0.0005692908812748678,0.0006741222180985612,0.011879501153806067,-0.0038942538615833223,0.009214995091625287,0.0031284998128360652,-0.006576853866755874,0.0006684031512829662,0.00015779747482681694,0.0009726414798691774,0.0013653330277440985,0.0005722976014852594,-0.0009174610150960298,-0.0009468095064616676,-0.0008564540013984764,0.0042915633923031795,-0.00026827704095456237,-0.0010319815350213397
2025-12-12,0.0008240150983873252,-0.0009540894164573183,0.00387177450338262,-0.005035347105411141,-0.005886532205944038,0.005335672142698681,0.004067558267498699,-0.00029207023755461374,0.00019679151428452212,0.00023767202819390638,-0.00099960012200569,0.0026200819484080784,-0.0006913931958593775,0.001543457402868072,0.0017262422332848752,0.004324747067435171,-0.001089161278653562,0.0009513203412162446
2025-12-15,0.002159398977746357,0.0003556443741873417,0.0012922056343773283,-0.00215075316605627,-0.005421237186976315,0.007579095539083536,0.0005782730486840562,0.0006636994239936321,0.0004048522281219334,0.00018280320642557134,-1.569981179439981e-05,-0.0003590469165754222,0.0004947228261317202,2.6526869890543085e-06,0.0016971431437041817,0.0012390862285907435,0.0012463610290054852,0.0004679263089196323
2025-12-16,0.0012816030861619492,0.0022935588176634233,-0.001318321359524718,0.00545934452248782,0.0032401465595985023,0.0005547794766878455,0.0007732730521408607,0.0004821819636067499,0.0001841542848149524,0.00029270283288866097,-0.0008494010746236142,-0.0005355920099855225,-0.0001756511859905014,0.00141853063376453,0.0005529915606022791,0.0011649900825678938,0.002452104459603272,-0.0009745432186484132
2025-12-17,-0.0029762180646641734,-0.004375320147609907,0.0009775674898072125,-0.006476042364707571,-0.00608025874969991,-0.00018009836829407586,0.0025141734592532636,0.0003549763203008271,0.0001952625628478403,0.0002015926092636879,0.0005609022131433552,0.0006936249883142944,0.0002967904513924372,-9.977737075391162e-06,-0.0007033380265659573,0.0030700869777319775,-0.0014662172633122493,0.0008385915346379176
2025-12-18,0.0031459207018065495,0.002681406336214026,-0.00231850403576058,0.004474891082317533,0.0031800245894051055,0.0019933617112693203,0.0037372068451026206,0.0003038175307814436,0.00036362469978822986,-0.0001660466179539289,-0.0020914253951419114,-0.00021036518781000638,-4.3025522238211364e-05,0.0010018417559113783,-0.0002894068249543096,0.002610128309566258,0.000956234474233578,0.0007607651040976603
2025-12-19,0.0028160369687431318,0.0035550339883560758,-0.001588867631031771,0.0050064886562748295,0.002175972926373103,0.001469117879345649,0.0011778421012192467,7.349214974912031e-05,0.0001707315557207438,0.000344852362251377,0.0018140710818354815,-0.0008520583815304957,0.00026664996351753734,7.163962706101799e-05,-0.001257106763125247,0.0037543906228685933,0.001829461459344854,0.0016823662317299152
2025-12-22,0.0008642393790467256,0.0022227460608885297,0.000600093812671839,0.002375069714867487,0.005306416824147006,-0.003289844572499529,-0.0008374689593829967,0.00029354253394218283,-0.00015947221516719387,0.0006043979081075783,0.001565165526056908,-0.0011001765238321068,0.00022434358265524345,-0.0008691219377567362,-0.002332416102167764,0.007484703419190809,0.0006229955388680469,-0.0006017646966115474
2025-12-23,0.0018400637314204358,0.0029824162114348543,-4.077118271697674e-05,0.0027361896060761766,-0.0071733503780169044,0.0015060338397577637,-0.0007425700958835248,-0.000216353484202869,-0.00016945310903094813,-0.0003120339224026638,0.0002782379270518324,-0.0006196736745693499,0.00013407348230010606,0.0003992428725676705,0.0006967875615875867,0.0044894841035515495,0.0011347468726326995,0.00021541737757367618
2025-12-24,-0.0008057447538157053,0.00036495046578157537,0.0027378362100915644,-0.000537973696310627,-0.0009750003598553514,-0.0006061814508727869,-0.00030809743170839713,0.00032786154808415037,0.0003690126403160006,0.00029504796200752583,0.0005154207249525537,-4.029058606106091e-05,0.0003228631285053891,-0.0005501804765295319,0.0002936554268279457,-0.0006859471208710854,-0.00011385291896260285,-0.0007574595460141194
2025-12-26,0.0017097106038130542,0.0006403356116486685,0.0009241670656289758,0.0010063201637745497,-0.005211155388919652,0.001972762436388608,0.006468468229448984,0.0003908620089038452,0.0005132770913753032,0.0009342093701564941,-0.0019618034650597067,-0.00016723844547691512,0.0008947855846158962,0.0002658295692253022,0.000799318930135102,0.006814408508351589,0.0006761821010943408,0.0016931551713170272
2025-12-29,0.00020178062438711963,-0.00022356048310477605,-0.0020100434082828073,-0.0007279656690403194,-0.0021394248709420286,0.00019706655222472263,0.0013830843953117735,0.0007063687864978,0.0002761749559329064,0.0002468624987713025,0.0010307955512455311,0.0005038583704783874,0.00126046515009005,0.0014630446839549913,0.0043247347273334975,-0.01659053199676755,-0.00018127033844474172,-0.002048517652959043
2025-12-30,0.0004926027646945094,-0.0010314473360187918,-0.00224108426727264,-0.00041092264701342047,-0.008521599429070055,0.0025721949016203217,0.005155301197813415,0.00027899565252208734,0.00028597059282171547,-4.5095011648400114e-05,0.0006350528327153911,0.00016971617051905513,-1.398989811388844e-05,0.0005659352739382049,3.7965993765431104e-06,0.0019428141096074392,0.00024708498342462196,0.0014570709587968973
2025-12-31,0.0011733545542902575,0.0002811963318447141,0.0010407019302578419,0.0003928651313772919,0.0018331697685959464,0.0022789995330186304,0.00699715074859638,7.782799560945505e-05,-0.00014950414676404697,-0.0006299094831957626,-0.001371506610637785,0.0019402676357341865,0.0004272665506283198,0.002672964583230195,0.002129275047813505,-0.00042696018357037385,-0.0001590247927836623,-0.000273690560592074
2026-01-02,0.0005973196314015064,-0.0037494723137655502,0.0013964502482509819,-0.009529600685483267,0.0036740880351080127,0.003889614410836262,0.01749893087719029,0.00021446239811231526,0.00044586584098705873,0.00012138906377072987,0.0015033881129464556,-0.0004658878828547729,0.0014066984687277503,0.0008708897367406998,-0.0014750874763437786,0.006500084210254418,-0.00213187774012387,0.0036359249753699745
2026-01-05,-0.0012383627190640997,-0.00164019178114635,0.004873984662110279,-0.001692007028895083,0.006033166315420585,0.001743210005139868,-0.003005440634075202,-0.00013704746921720714,0.00025159055767891417,0.0011306502494244498,0.00033435169938636836,-0.0010422221154855593,-0.0013298742487942092,-0.0013302894532632968,-0.0046249079110134645,0.010949488164510275,6.857428014553357e-05,0.0013449898301516432
2026-01-06,-0.0003258775161990189,-0.0004096471098263997,0.0038525719903594983,0.0016138289412127166,0.005265986222207218,-0.001571411905089881,0.003512432914240299,0.0003384898486025926,0.0002797747410587877,0.0005943396070585681,0.001042412314833306,0.00019243141940634935,0.000555845956162651,-0.001107369086790451,-0.0015643750349492985,0.006977003628630456,-0.00019250580490180313,0.0005990012594848091
2026-01-07,0.0019785174564614823,0.0020321377076678365,-0.004012300854621618,0.003934545001309516,0.006221506719289454,0.0021719764511165607,-0.001126140842274065,5.604459930244848e-05,-0.00011346599234646143,-1.0259768909216122e-05,-0.0006280405992142024,0.0006966949560319126,-0.0006633862085948332,0.0022007809997955357,0.0013462631633464374,-0.0020476475724981267,0.0008655181359891878,-0.0005646139414315506
2026-01-08,-0.0022295247539212606,-0.003198378123846768,0.001260675872750569,-0.004260210101387545,0.003985145884351742,-0.000569828564737939,0.0011279398502329117,0.0003344301805676777,5.475489050644263e-05,0.0005634340252974376,0.004215342881267133,2.7251484478350938e-05,0.00011934907239558382,-0.001218206714509353,-0.003750252438535752,0.0025623833492001407,-0.0005579645491354604,0.0002979841250777076
2026-01-09,0.0012466689083712335,0.0006330234327974454,-0.0003873945568201257,0.0006588734961382979,0.0027283352298007515,0.004289623846541856,-0.0021444755622067845,0.0006114344475891442,-8.98814542625586e-05,-0.0003607461087839841,0.00015822605440406375,-0.0006501366957643584,5.622659854988797e-05,-0.0006734388395645058,-0.00048637116231588576,0.004151825974205284,0.0006571272259106712,0.0008386263576820358
2026-01-12,0.00039161823634295805,-0.0007297759959216479,-0.0005398213611315498,-0.0006327246185638116,0.0008351161043743758,0.000974187138763215,0.00661834476061857,0.00024501256678115236,0.00012020045769687546,3.293634532672567e-05,0.0006509397567690239,-0.0001967791395763476,0.0003484021277466089,0.0005003968173792023,-0.001011902008539308,0.008634089781246683,-0.0005392902843008862,0.001711010588492311
2026-01-13,-0.00010576240595961415,-4.447190044575347e-05,-0.006643954214365685,0.0033478308753153736,2.565744117934924e-05,-0.0010046741692724577,-0.0016862037894211281,0.00038712203525538005,0.00020577850347774007,0.0004459189675971439,-0.0001573254949503041,-0.00026912867581810784,0.0011362147876651293,-0.0006955978448823184,-0.00044066481471254516,-0.000632884762994004,0.0009060040904036145,-0.0005103889132728741
2026-01-14,-0.0007944338756663628,-0.00430646537440308,-0.00035237525445095395,-0.007909727292098316,0.006525705141519387,0.004927696062932091,0.004721993945997268,0.0005109012385217848,0.00016159694831934483,0.0006262052568957784,0.002260034036586148,-0.00031315428426609607,0.0009135287730488452,-0.00011863673271382793,-0.00021625812949436878,0.004189461975925451,-0.00197932247848249,0.0008574027821165503
2026-01-15,-0.00036151728848876456,-0.0012988818092933042,0.0018516357182576078,-0.0009702360567253286,0.004353390706132863,-0.0011992318875621321,0.005804535157578494,0.00011321069108861243,-0.00017070624103494197,0.0003411212824225001,0.0036254472783204027,0.0007959086068489471,0.0006229020457294517,0.00038534204620315496,0.000731525735176734,-1.4254355246114646e-05,-0.0010435580790410315,-0.0002509771633109363
2026-01-16,0.0003620976564733429,-0.001360544593387097,-0.0030625321981269447,0.0027297849889805423,-0.002006460637237725,0.003265296448347719,0.00011688893490890149,0.0005457661828039886,6.028579251003409e-05,-0.0005031870408897759,0.0031466278876400022,0.001440810562055337,0.0005061689411598662,-7.547193349862987e-05,0.002101366555816629,-0.0015587002438601444,-0.0007782782648532082,-0.000689194314679106
2026-01-20,-0.0015199609882324931,-0.0009592641068941303,0.0007155576676935275,0.005095288750148683,0.007564205940951349,-0.0021256123389073213,0.008374148548634601,-0.0003218805004160585,1.240950578658141e-05,-0.0008567082672706105,-0.0022672173227267205,0.00044588913335744844,0.0011045844384301416,0.002986905488011095,-0.0017589026339231983,0.014632053398891974,0.0025025562820855385,0.00013960755957185753
2026-01-21,-0.0005935819597443701,-0.0005512192387297412,0.001074473462913103,-0.0025614603248572225,0.0068948474969646074,-0.0005256383361160362,0.00021220808435911537,0.00018715129614813465,0.0003075967729187138,-0.0005342090603316237,-0.0008938213169962864,-0.000801174729499381,-0.00011634834195351895,-0.001845451297027411,-0.004066399504267229,0.008240764857103178,-0.0004930047165654077,0.0014148559265450078
2026-01-22,0.002480796377089981,0.003725534131131985,0.0050241842297597174,0.0020011370111712376,0.008810101009095163,-0.0007501684464289986,0.001781393566492864,-0.00042372864543536635,-0.00017013716702942843,-0.0006714045266601289,0.0011216773309490648,-0.0013673097476454754,0.00022622672299436267,0.0008263089705494676,-0.0012872730117584313,0.008551897713608154,0.0030487822943545562,-0.0002718041391163682
2026-01-23,0.0018831995642620207,0.0038696336942969606,-0.0022599941000448253,0.008249143923589027,-0.015403645709790758,0.0012252090962396748,-0.001317913103674474,9.168067303404843e-05,0.00021650204138574366,0.00014186872237953322,-0.000551935513460266,-0.0008768429654992145,0.00030575285661494094,0.0013826878757267904,0.005623188117252173,0.0038791087238538007,0.001883467570322251,-0.00024929371726479556
2026-01-26,0.0016719743184639498,0.004591794786091924,0.006267432133826745,0.0025185692570515446,-0.0026958319022415385,0.0012599432768519879,-0.0036680476730290568,0.0003037362529634141,0.0002237275690483397,-0.00017020745191820025,0.0006441127858181966,-0.0003363316884460656,-0.0011643682592651,0.00035152465565188183,0.0013713129919839416,0.006519180619241786,0.0021019633835443665,-0.0005454019358469954
2026-01-27,0.003261845093342263,0.0032929478143439105,-0.00841866290130075,0.0084351863341948,0.001061545634273252,0.005175452099896397,0.004663938443597866,0.0001283820915811754,0.00012362585115560296,-0.0001299527078709457,-0.001982280566619298,-0.0002500783386474723,0.0016257713880482305,0.0017219341845363244,0.003765285601301299,0.010442700275045635,0.0004161395403716184,0.0003974356481742953
2026-01-28,0.0013744565852002776,0.0019384457341897403,0.002413359461679651,0.003685159767469065,-0.0029890300509141108,-0.005576930388510611,0.009603369967665493,0.00011770064108650538,0.00019439705203538,-0.0003408356103334853,-0.0021936253005893696,-0.0001528738335849697,-0.0002711463389235146,0.0007112629062709982,-0.0032290571506072337,0.02116775859966446,0.0027158516789002086,0.0030764453569126554
2026-01-29,-0.0015240972082870398,-0.0022659533675135593,-0.0009267344613541454,-0.0012265404753257214,-0.0035368379334547134,0.0059365143759685015,-0.00561046360688601,0.0001610578167863008,0.0003415309309854896,0.00138411137591812,0.0023076546697362466,-6.741373004329838e-05,0.0006264212865685108,-0.0013984690390949365,0.0010086617410104883,0.0005762070515740701,0.0004353683122823686,-0.0003884928533223102
2026-01-30,0.002157970444324437,0.002635910126247267,0.002525009649631032,-0.0050260260793821634,-0.007089280706033247,0.00383189974904875,-0.0018813301801158672,0.0007456047968225219,0.0004925771473515202,-3.282757137704976e-05,-0.0024962447928064658,0.003481427006838257,0.0007147561812299152,0.000793835055020088,0.004301316306812904,-0.051865329446481846,-0.0018607353506696622,-0.0022122886267932507
2026-02-02,0.004022063111583148,0.001503122809072729,0.00768516330802385,-0.0032731621036699576,0.01066164008910021,0.006007452210294173,0.004350512177859187,-1.4493091567865674e-05,-0.00014062159250802952,-0.00013279967238036348,-0.0007520066194500606,0.0014518726933664145,0.0004057221550431726,0.0014937177972014037,0.0010363760614634093,-0.01693249810805266,-0.003592642911319305,0.00011535483665879587
2026-02-03,-0.00234042306043082,-0.0038391400752636447,0.0005497850930160902,-0.007205051994771103,0.005475693080292196,0.002434531418261054,0.006297340400448806,-0.00025120924401611077,-3.117030555554236e-05,0.0002241708689485249,0.0005318919041484285,-0.0006993819904323427,-5.17793270286347e-05,0.0003947478811224918,-0.004186980261999742,0.035985895765532544,0.002878470984182188,0.002213857090195155
2026-02-04,0.0006116923374057323,-0.0022596506548918927,0.006561341367142315,-0.009173149787035808,-0.009019531549232894,0.00895802358901615,-0.003811927041798009,0.0005760971576220925,0.0005078506622747758,0.001258778026259936,0.0024852063199043905,0.0006694488697780365,0.0006040391779337008,-0.0017617134266068501,0.0010262494839314226,-0.000176430843129358,0.0003161242386411694,0.0009036986562231978
2026-02-05,0.00032294488332310946,-0.001195986382306136,-0.000524530983873419,-0.0026777142455484022,-0.00436307908054492,-0.0007623483267649844,0.010564518829005365,0.0012229443483115863,0.0006772909235511254,-4.3781487007761057e-05,-0.002388429059607844,-0.0004833235809019753,0.0010733971855040464,0.0019183789538582312,0.004175135726561124,-0.013706380857073087,-0.0022854348702468844,-0.00010744201318769108
2026-02-06,0.0002387813916202297,-0.0006849723938429399,0.006066802255606931,-0.0019740468692699617,0.012507733214225714,0.0013853995707372203,-0.000760591106360925,3.229545308876193e-05,0.00018127995089577405,0.0011571988954560443,0.0036041909958481385,-3.5772650585686773e-07,-0.0014087846095671727,-0.002311269714153283,-0.003054314748636471,0.019505551270567356,-0.0008107261851354776,0.0005892855247971746
2026-02-09,0.0020158032437906023,0.0018838037999151765,-0.0023326816547603476,0.005025692654345264,0.0031268528649238676,0.005024796734136847,-0.0029171158579874776,1.9782087738402462e-05,0.0001389885705506125,0.00012633995168735763,0.0006065555614877936,3.7008592838223874e-05,-0.00040576817117065657,0.00026135841396563017,0.0015216727501830532,0.014103053218718652,0.0017879606497316729,-0.0008226790642108274
2026-02-10,3.409698239816624e-05,-0.002151422380258146,0.001898227014090917,-0.003433876447849606,-0.0028554475319464727,0.0035299037176551784,0.0012640140948236883,0.0009766132661908871,0.00039413941446101423,0.0013505303275785138,0.0035759985843268702,-0.0005997778803440508,-0.00013343273536512617,0.00025312911385059035,0.004553346173964022,-0.005540904482619707,-0.0018631984919290998,-0.00019180324928566095
2026-02-11,0.0005794054634077478,-0.001282288553091761,-0.0022867142779563763,0.0005285911712384619,-0.005004887692414382,0.0037339524948932575,0.011308632589787603,-0.0004907478058583277,-0.0003003638189734562,2.8463512027245095e-05,-0.0007529452501153552,-0.00023776604945145458,0.0017289422743105025,0.0015321372362255808,0.0008026860793150618,0.008447387555709451,0.002493657852445686,0.002144951005806958
2026-02-12,-0.00030449051079073364,-0.0023761064362602825,-0.0004945384570767524,-0.006324727182693472,-0.0037357791679139343,0.005622084446986194,0.004826618043303987,0.001117556202280916,0.0002646716197907187,-0.00012832117996614163,-0.0021283703101721094,0.0006701088442280421,-2.3761745447943572e-05,0.0026390573831307686,0.005890823177023231,-0.02028308492865898,-0.005087492923856855,-0.0011786001265338148
2026-02-13,-0.0002684316383984803,-0.0023055879710587018,-0.0014895955234265116,0.0008936580347013645,0.007244431349986382,-0.00011891576089185108,0.0027209488453482384,0.0011948076018210088,0.0008531799946234202,0.0011458943449400207,0.0017829684039723029,-0.0010824826228392386,0.0003699317448634682,-0.0017847516465828508,-0.000909823377652514,0.01550254245598087,0.0005099854408337655,0.00025756565348286235
2026-02-17,0.0011262716364230459,0.00037422235584349097,-0.0003912946238824313,-0.00164968208515117,-0.000969802377147774,0.0019517363069950552,0.00015313098751956224,0.0006888047352722047,-8.838360429597137e-07,0.0009031983282954867,0.0024164024529712102,0.00015689962132025333,0.0015107991956943454,-0.00034000930714869553,0.003069964771184496,-0.017900021070767394,-0.0016782150351456141,-0.0010891592072564994
2026-02-18,0.0008896026888563779,0.0010216637664804589,-0.0017790177384031944,0.0018191054363049285,-0.0005574456917442124,-0.0005982183326301291,0.0011886855578888099,-0.0004600766488778302,-8.707587064328353e-05,2.6831103095075175e-05,-0.000474055086867257,-0.0008949183071358862,-0.0004396140377162783,-0.0004068729646431791,-0.005818375041879393,0.01572860166010976,0.00846804587832509,0.0027144425152410678
2026-02-19,0.0004391589812809643,-0.0005430288478328054,-0.00355916791558713,-0.0004736521865292597,0.004195145116033073,0.00011790280193287256,0.000640141446327281,-1.602488395058922e-06,4.079097423283626e-05,0.0005696527684753996,-0.00016549258108036324,-5.103996500277063e-05,0.00034118741700412645,0.0003076909064934811,-0.0013794861408799033,0.00209274652198456,0.002441775516350507,0.0002097005583590627
2026-02-20,0.0016591912008482763,0.0013304539708740674,-0.0007653405007069002,0.0019387787564830589,-0.007455921703228434,0.0003145211857957537,0.010464347572185643,0.0006767459600757516,0.00022082183135535376,0.001105200631971124,0.0005775688293900194,-0.00045929359333654634,0.0003051587447381306,0.00048240319487696326,0.002265178353598075,0.013511637443174875,0.0014239705661219567,0.0016269357951491747
2026-02-23,0.0013168660268165645,0.00038153596886914,-0.00620954821455524,0.0018623467962655717,-0.0047947907213914676,0.006398473913263538,0.0013972480524114886,0.0009513419830320426,0.0004136563511428056,0.0010183080521939045,-0.0013667460055645161,-0.0008171941919994021,0.0001839031418175023,0.0009349710806925244,0.0019660936393101477,0.015936948639536038,0.003278192642076217,0.0012834119992993157
2026-02-24,0.0010581233149046104,0.0015633863821928936,0.002686308269921134,0.0018712017606169248,0.004856639690023931,-0.004324277510385123,0.005364175252038871,0.0002823727152155783,0.00020042021706363197,0.0005808484486128166,0.002542616458606169,4.7198300897226546e-05,0.001127138487556844,0.0006797131987059343,0.0022616334154875028,-0.005532519053775111,-0.00041360620218608055,-0.00020480287483028332
2026-02-25,0.0019652265120754745,0.002585919472527826,0.0009444281904573719,0.004838104715777702,-8.825878463051412e-05,0.0017564328409953294,0.00018136764862889364,-0.00046401711910887847,-3.896648135297634e-06,-0.00019375850439769975,0.00025431897218442055,0.000754533433554768,-0.00044510404616734955,0.0008352665714126441,0.0017411456288228535,0.0005714397310787088,0.0009718886158703215,0.00010628674869443992
2026-02-26,-0.0008219863374300303,-0.002367031976472071,0.0028810910264178598,-0.006263981959721537,0.007473761426624597,0.0038065457395974507,-0.004026304648292442,0.0006953213856571858,0.0002042507164873021,0.001052471424200441,0.00029676157748857214,0.0012773221070256917,-0.0005677628501562686,-0.00024685377938653177,9.610656484583362e-05,0.0052815493440613705,-0.00211149952575907,-0.00014859056945823695
2026-02-27,0.0018709588543368936,0.0021211651259616304,-0.003715335918381308,0.005688440421728414,-0.011166768418002961,0.0032579470849893053,0.0010069262605118005,0.0008366360424600058,0.0007586155049683044,0.0013368720198928125,0.0015312123548494394,-0.0013230758798064958,-0.0005215963375917254,0.0012841236679967168,0.004000760260721349,0.008389177840059209,0.005064728224315014,0.0012870259214970156
2026-03-02,-0.002641657271791777,-0.0005273078642151899,-0.00373917549488667,0.005561866639406367,0.00477603700858038,-0.012168419435399418,-0.006155913028236409,-0.00013321054541288188,-0.0005476336983837641,0.00029051492821943053,0.0026075946228670613,0.0008806318093891761,0.0011600523386628104,-0.0021272366605335573,-0.0066584690530482535,0.007154961412846442,0.007788894581463552,-0.0009278117946742888
2026-03-03,-0.0025152999160603998,0.004427928528673264,0.00397362654830739,0.008202875280720355,-0.0032652969967092767,-0.011189854042289383,-0.022987307005819257,0.0001435474451522529,7.031129723065668e-05,-0.0002895555604858059,-0.0004919108353968232,0.0011355425717078534,0.0010617670348209616,-0.0007268081954751142,0.0004545842229627863,-0.02852120785154489,0.006216434123260985,-0.0046048393220195286
2026-03-04,0.0005033145556715968,-0.0011778171511557505,-0.0035377039579159806,0.005804347913003851,0.0013308846267182251,0.0035649568905046017,0.0017298117769141072,8.661353632330243e-05,-0.0002300916602655526,-0.00012122318638422007,0.0008321980834373032,-0.0010845002861666236,-2.861712082526417e-05,-0.000911846629045943,-0.0017752025691633142,0.00464512441247773,0.005165570671044079,-6.53931330992074e-05
2026-03-05,0.0008105480212320017,0.006349193119820212,-0.0054063348132987864,0.01168591631931731,-0.006368348551622806,-0.008959273460271285,-0.010128614413953607,-0.0002542170046123636,-0.00015809386440609747,-0.0005030491687494434,0.0003125163913212086,0.0013027516744815756,0.0014595699615904331,0.002152619068669639,0.0035616733365369697,-0.00727191541731041,0.006165949790230281,-0.0013270772591235987
2026-03-06,-0.0014461787173154217,-0.0004059434688322254,0.002175754218961991,0.001563554538637258,-0.011462842773005947,-0.0006096521636134323,-0.0007525981021690208,0.0002669009383130319,0.0004518545880844513,-6.547049009638262e-05,-0.0014986976033057558,3.296612616318986e-05,0.0016631166387052563,0.0018491251716040297,0.0026911317908054865,0.009841412037672612,0.010400712977225994,0.002198578788398781
2026-03-09,0.001042077087005898,-0.0004980510569826853,-0.002656142008272624,-0.0005213743210007588,0.0035893621114417634,-0.0009564575332934241,0.011362767882676489,-0.00024133843653035897,8.908374406488805e-05,-0.0006368982350865044,-0.0006603789592791887,-0.0008273928453577904,-0.0014927566903897276,-4.005489723412064e-05,-0.0018385854816651281,0.0004770539568359597,-0.001678518944727786,-0.0002537826727788266
2026-03-10,0.0002206746987031617,-0.0002452831585064278,0.00043107718244545044,0.0037907689565510865,-0.001710851564416617,0.0015162912196987678,0.002720547571563362,0.0004987603732572415,-6.545296717499365e-05,0.001979363385373403,0.0022662605176485273,0.00025389577369785065,0.00019946381489749278,0.0011544370613768024,0.0006899801736244219,0.00793453716006553,0.006305436559299306,0.001199934192787383
2026-03-11,0.001205911077912937,0.001518395643411984,-0.0038330027176698167,0.0034790819325252777,-0.00031600867708354743,-0.0003973080191481714,0.0022056478759793254,-0.0002726057798038131,-0.00024606667349713423,0.0010604716702781684,-0.0001682841240673097,0.0017662541228397615,-1.1410182957487594e-05,0.002247412046503269,0.00032988951173200734,0.0010609534303660084,0.0057789706465180175,0.001923426621746574
2026-03-12,-0.0025851346053785453,-0.0009348776976019751,-0.003153533160556575,0.0026962001971838727,-0.0072659356162226175,-0.00021270008116257462,-0.015127802788473341,-0.0001799942244240793,-0.0005698364687079923,0.0006232065979846699,0.0032211599915398393,0.00045361984086487333,0.0013921507931053097,0.0013855636097007719,0.0031492452255217785,-0.013257464940585426,0.009429944677717919,-0.00022777012837560395
2026-03-13,-0.0004463878274891444,-0.002019917498123051,0.0010323246248620712,-0.00042637215843227376,-0.0011619628350622944,-0.0034564177625131306,0.0075948534648855315,0.0010646867534768,0.0005154034970448361,0.0009025485878344322,0.0013469027646921417,0.0005323274107911554,0.0004628292908868386,0.0003942712933490723,0.00013074712341862912,-0.0038221381382576233,0.0008721320794882826,0.0015274392734460776
2026-03-16,0.0027434429127034185,0.0012282963147558761,0.0008702012736798792,-0.00245188460509033,0.0011566802175982192,0.005461846416887866,0.010560303867182017,0.0004950986801513404,0.0004952859024663096,0.00016466452455524052,-0.001463586401207282,-0.00021549327394812523,-0.0006661442706828811,0.00028814594753349444,0.003124368763713357,0.00111942570235822,-0.004288179910062093,0.0002076816111250962
2026-03-17,-0.002692611204201922,-0.0026717466142254544,-0.004188992492124359,0.0002398330775301629,0.00028048950007651934,-0.002832764024000724,0.0001466418699336263,-0.0004594772419186468,-6.200782815989791e-05,-0.0007700888432865443,-0.003332048632894686,0.00011257607846280665,3.119035097746796e-05,-0.0010500134193293853,-0.002468119928613971,-0.0029462848058303378,0.004130458907274268,-0.0010869413018497558
2026-03-18,-0.0018736231946371428,-0.0011657204456911128,-0.005575259612006767,0.001999932349533568,-0.0020611684300050285,-0.0031263493688082795,-0.00512537391361716,-0.0003507622790811637,-0.0007245624632928917,-0.00015949268182902966,0.001075190156543936,0.0007668150706251192,0.001864561617212308,0.0022796110488325742,0.0018995628282855656,-0.018453563701862706,0.007497873133985068,0.00039431661318551237
2026-03-19,-0.0012499776991815867,0.00011132054670374677,-0.0018595220854290503,-0.0004185096732120643,0.012022706629726272,-0.003852866620000717,0.0025698745433648347,-5.1182369108230836e-05,-0.0003654950743461283,-0.0016747513698256193,0.0020138050310353726,-0.0009712159357615375,0.0015331059120173548,0.0014317657031665187,0.0011915522353660585,-0.0276807829823624,-0.001048150857822762,-0.004971954294229438
2026-03-20,2.044613388958727e-05,0.005555981130835809,0.009156376748262599,0.004172724013912419,0.0012713090814403458,-0.010528818975252794,-0.009616713811056075,-0.0006663278438321305,-0.0008469225212236553,-4.911562770992806e-06,-0.00035992226687059023,0.0006411189477487696,0.002026341586559467,0.0022945937658117033,0.0005909277215636541,-0.01724197462257678,0.008315500244648713,-0.0011052060295134681
2026-03-23,0.004105569426108856,-0.0016891206211188895,0.002862316272349903,-0.00655090949309213,0.011123228366489848,0.010219831772551367,0.016607100819048107,0.0005986146294315636,0.0006051019131786298,-0.0003250910697331589,0.0004714194836833805,-0.0006977675354735925,0.0003605301287393564,0.00030420827943888375,0.0004317899691607969,-0.011086142435186058,-0.011568983253076006,-0.0005372395296616888
2026-03-24,-0.0018244498563930235,-0.00042105831566930773,0.0003194250761984524,-0.001958477240024188,0.008170904759499348,-0.0013643583687316559,-0.008119356448033684,-0.00019658230300450543,-0.0005913931339760651,0.000259958376675566,0.001599219601840278,-0.0010976515099011901,0.00174462978876674,-0.0011984055325077042,-0.003313776678312041,-0.0008553657403606841,0.008640658278376488,0.00011914987653275462
2026-03-25,0.0024235848400129285,-0.001269686972036263,0.0008698296924743564,-0.004912204606976821,0.006280822026191827,0.008274204475246226,0.006321393702038899,0.00017401373624616537,0.0005162275949923638,0.0010325121537894562,-0.00012299184833589397,-0.0007507975288419248,-0.002372410574896044,6.906936380510816e-05,-0.003228528332346055,0.020781126426327935,5.8329258654732374e-05,0.0029003566453616953
2026-03-26,-0.005905621682686305,-0.004099757232035843,0.0009984872858321437,-0.0022641367439301327,-0.004554986095007358,-0.0047771218725937425,-0.01257493376994736,-0.0003122027801265399,-0.0009250154208762535,-0.0015493188296101272,0.004313551493598387,0.0017903198268760384,0.0015172874949787966,0.000469729513436031,0.0026872718952342736,-0.025081247434887283,0.0034035447150223604,-0.001449577845900666
2026-03-27,-0.0011674059157726728,-0.003904764821146149,-0.004820914118727511,-0.0009270759378846895,-0.006388918177470374,0.0024396578312702397,0.008104870036755455,0.0006470554636611509,0.0012344157020869912,-0.00045868895989404084,-0.0016284920052948896,-0.001178607630703327,0.0008538618186197666,0.0004378236718791447,-0.0018209994907047097,0.022772320816144782,0.010549927308001472,0.0036451657552438663
2026-03-30,-0.0008770210046457742,-0.0026439258341224383,0.0024006260906784577,-0.007708314840832938,-0.012929626373238155,0.006424766708828071,-0.006211554304566227,0.0006551322284015608,0.0007153243803176227,0.0007591029725220596,-0.002327086801929241,0.0002476373373607038,-0.0011467407903082887,-0.0008600963225955031,0.0002686280186369682,0.00034221401972814227,0.0022505272535196436,0.002154028034202114
2026-03-31,0.006660287785796776,0.005460978336349891,0.002951851430490978,0.004356278319207794,0.010145800357439144,0.007252554378281834,0.01007104708580386,-0.000325960314654262,0.0003892684687382481,0.000538310596226976,-0.0017877533201278249,-0.0004927114641269578,-0.0006944609858343187,-0.0016804555159406643,-0.00344667845000491,0.024074385159339726,-0.0019388454069182229,-0.000820620320499163
2026-04-01,0.0030927965057567794,0.0014589071448775437,-0.0004677495925393717,0.003672752281027626,0.0009735554298129397,0.008514349432332063,0.0011773799931087854,0.0002183803831072008,-6.616708287494623e-06,-0.0008370497327924442,-0.0011696111758658229,0.0006730713933762958,-0.0006079477666805569,7.030222187581064e-05,0.0006744629658960244,0.011750927379961933,-0.0014395366597692895,0.0004009032534153774
2026-04-02,-0.003851255929538679,-0.0033334201617702657,-0.005791438565604614,0.0002370331829553581,-0.0005557652931204547,-0.005666095104831715,-0.011397877013713323,0.00033079410204608353,0.00033266976867902425,0.0001418364585987265,0.0011455830609139106,0.0004696865061165345,0.0001200438804793277,-0.0019974802329759574,-0.0020918840989419193,-0.013259221484047096,0.006444420382961148,-0.0008435671440758666
2026-04-06,0.0003593541349257729,0.000499530952173045,-0.0006266106350207683,0.0012317321454080052,-0.0001021148047211486,-0.0003086158417786415,0.003350910315895398,-0.0007683666807468297,-0.00046914167948713427,-0.0005076959315102559,0.0019242422043967574,0.0007335325160888529,-0.0005117703144471809,0.0009485319176075061,0.00033678437323303705,-0.0025625237446308944,0.002054585333980349,-0.0004003900107076194
2026-04-07,0.0009148930189052352,0.001695014204643834,-0.0003646464186487276,0.0012801140938869058,0.0035220827021038,-0.0016418297765730381,0.0031187729061654046,0.0003669328192341902,0.00033419722526811834,0.001013932654122087,-0.0023709410795520695,0.0004171370104919256,0.00022114227082948006,0.0005227836633995785,0.001165808254993685,0.006360548630565412,-0.00023616596427709436,-0.0003714224095193062
2026-04-08,0.007905910698139215,0.004110484720204838,0.009471131554033743,0.0007486124009132913,0.007990450570093583,0.01325418876553977,0.024019305980129583,0.0005039410745243697,0.0005443364163331531,0.0009232775623867736,0.001561497950362349,-0.0001788706109915046,-0.0002793692606714755,-5.992660564247201e-06,0.003301514095751792,0.0063388941454014525,-0.009670850519240642,-0.0004659626989875444
2026-04-09,0.0003477493717438918,0.0027310749164793625,0.0026475965701782205,0.004740186716038807,0.0012432392610822593,-0.004805214022313189,-0.004686331324109035,0.0006254170420884851,0.00018592199467779138,7.021829885489036e-05,-0.0006900423204798285,0.0006752913382010576,-0.0003409182416355831,-0.0008366994294451953,0.00020155450411721287,0.004245237896917003,0.0027434760480844985,-0.001504616725158336
2026-04-10,0.0014759609548213439,0.002198513338569314,-0.002512744692597836,0.0036996024289656596,0.0006495348005254521,0.0028358650332944305,0.0034661042706563127,-0.00019657276228772676,-7.185273338565783e-05,-0.00017679853689024074,5.155529906993939e-05,0.0018701360369347863,0.0013097666196105733,0.001151330501515311,0.0059586371287412565,0.00015869587974160675,-0.0034162216734631655,0.00014921983330436466
2026-04-13,0.001510762311798938,0.002477990225377336,-0.0009496615153425101,0.002209190893929425,0.005792135002090984,-0.001894519268513764,-0.0022173480343309886,4.264033665903966e-05,0.00037692822695001825,0.00023033589600340723,-0.000572427564018302,-0.0005551972613213087,-3.343455331439576e-05,-0.0008541118707088534,-0.0022727285522909377,-0.0029476582179819837,0.0063806060324485825,-0.001143165834488254
2026-04-14,0.0026683272073295215,0.0035241181240758916,-0.000629292018201417,0.006288788326073177,0.00468750822834527,-0.0005781484626763145,0.007802572399809544,0.00036878575210091795,0.00037640741177389785,0.000772022117031217,-0.00020653647542577015,4.054884040224395e-05,-0.0008126618382516505,-1.4812663792817052e-06,0.0008290205567278216,0.014473768747755264,-0.001060158324958088,-0.00030217495758569704
2026-04-15,0.002737446385058821,0.006032024619139465,-0.003368348349330045,0.011271949087616072,0.0006334527735457963,-0.005182832125946032,-0.0030961670236774813,-0.0004712799238998145,-7.960062631873834e-06,-0.0004301160587468374,-0.000536954293139524,0.0005370371374043791,0.0015555848043979446,-6.076946845972095e-05,0.002464321893904156,-0.0059706013619256855,0.0031417851931296445,-0.0016899618341849132
2026-04-16,-0.0005067182342848324,0.0003906560101005546,-0.0005382387833806003,0.004766373496159502,-0.002639234924023311,-0.0029185084268884766,0.0038736004723234022,0.0009109489370245456,1.5740270819224558e-05,0.001588296802756909,0.001897479643230747,0.00023279540675167363,-0.0003852586766988726,-0.00026115408764361045,0.0016493715711851454,0.000535831238681137,0.0033307869747869227,0.00038751219092372953
2026-04-17,0.003582276140136823,0.0011308679790272922,0.008744647223478848,-0.002019358216053169,0.010154592788751577,0.004201553649450674,0.0092883677700693,0.0002610611566858396,0.001073775392630919,0.0012337390590680926,0.0011949082977105938,0.0004930619141022339,-0.0005255058668000726,-0.0009511288183964017,0.000826497131917776,0.010796984581521047,-0.009895884010864435,-4.378792919412181e-06
2026-04-20,-0.0021440307176621813,-0.0007770708169711135,0.0007649398562797863,0.0007566480795592936,0.005773286911376374,-0.003056528917433599,-0.005800126857749071,0.0006361949440620849,-0.00018895226826708827,0.00015981550267269253,0.001752107835266975,-0.00042012567355052106,0.0009857066392812137,-0.0006359976221235672,0.0002553205236797899,-0.006904273444191774,0.005473413666195656,-0.001620808267708112
2026-04-21,-0.0026885416612561133,0.0009228484993682139,0.00043313365091384153,0.004509467725215913,-0.0012242069776358857,-0.012497819777891864,-0.0046277585824462016,-0.000931530320746686,-0.0006438172436348733,-0.0009014521265936649,-7.683070522227983e-05,0.0002331758963276221,0.0008800017558887284,0.001236632033345621,-0.0013235533843879918,-0.016366542731144684,0.009932048811568171,-0.0005204358657379888
2026-04-22,0.00321717762749803,0.004640150908841482,0.002425722182236363,0.006320335553106054,0.002872168070151641,-0.003010155511853017,0.007399126350882941,2.0234251960836794e-05,0.00030622076146465837,-0.0004668660119569851,-0.0020255190128921725,-0.000721728512463304,-0.0004043968167751948,0.0003924945775966081,-0.0015761122291102951,0.010133412819595962,0.006328836121003698,0.0008959732986094015
2026-04-23,-0.0025475771674671075,-0.001170830074829376,-0.0018695147059939877,0.0016392793569893292,-0.0032444760128936363,-0.002638820376457924,-0.010792732164997414,-0.00021891666005044138,-0.00011962198279411983,0.00021127902904852355,0.001585931337717888,0.0022443417957712514,-0.000177714794660938,-0.000301244368513481,0.002656240343239841,-0.0069413834182187675,0.002557006999315735,-0.0008674809933216367
2026-04-24,0.0032337187805090073,0.004196612473271315,-0.004047946019448643,0.01143624928544755,0.0011666015080834266,-0.0006992370838971203,0.012083117488782887,7.716338783362708e-05,0.0005974731295529141,3.8302273131436346e-05,-0.001621280421717336,0.0001819913890495047,-0.0004728445049267411,0.0016593795320495601,0.002794495713084286,0.005553312102648243,0.0012885539668390286,0.0006304143763160418
2026-04-27,0.0010337221580010562,0.0031779965416791614,0.00039874573827368507,0.002609613402592191,0.0031584355379470613,-0.003630696226204266,-0.001147861745105904,-0.00015076627601542784,-8.9725464221615e-05,-0.0004664527471675431,-0.0002266950282895884,0.0010398960150196628,-0.0004246105277453836,0.0009697468052842211,-0.0002549440934542218,-0.0042015990987240405,0.003994960552024748,-0.0007263033786834257
2026-04-28,-0.0020172368501065394,-0.0021872044225318987,0.0008403378640992997,-0.003619165507677333,-0.010121568191747435,0.0006901667666536718,-0.0034213983775671962,0.00033381653899086346,-0.00016508189334772926,6.409290014906246e-05,0.0018506428104631697,5.350436753743203e-05,0.0013363369638231103,-0.0006872953800196523,0.002714685179319075,-0.012539451994874991,0.0035205070155630855,-0.0002453310024617323
2026-04-29,-0.0002174295114948507,0.002983495576887875,-0.003207161003880847,0.01039497638127497,-0.00404534621136795,-0.006963447702983493,-0.002626133433773251,-0.0008185267986400104,-0.00047237225784082853,0.00017462136013741796,0.0019721343406202928,-0.0003213417459304955,0.0009594843975544035,0.0005942882970154939,0.0011109884537794466,-0.006144919673800722,0.011923885006992187,3.6338377680266744e-05
2026-04-30,0.0036751549642195618,0.00011790673811099689,0.007284389705781326,-0.0008601625779648282,0.009179709299192386,0.008916552513618824,0.0033427330151151805,0.0003154454037210153,0.0005758793899065566,0.0011030487088717297,0.00030468771565018743,0.0006636315334631697,-0.0006481739326636093,-0.000875906926217012,0.0016352088054578506,0.008215899077806841,-0.0010554558567287165,-0.0010341106885236855
2026-05-01,0.0006158449502862554,0.0019689529461095466,-0.0035358660241845094,0.005724557210174013,0.005718043616963248,-0.0014453584578023454,0.0018296460284173862,-9.396223237792198e-05,2.943073337215369e-05,-0.0012349705486621823,-0.002261267746514495,0.0017527872996115513,-0.0008120347936701349,0.0013260095585694762,0.0011422102980159351,0.0011162527771849617,-0.0027405793906373366,-9.273636570218983e-05
2026-05-04,-0.0012457058822249673,0.0015091851355614775,-0.006723554717433967,0.005240631207402587,-0.00019626561578631532,-0.008573745369671627,0.004226645856983348,-0.00024381952019067324,-0.0005357980146918119,-6.536012134871448e-05,-0.0006359208560853119,0.0002033933347958439,0.0023298591689294625,0.0009551211294816508,0.0014767411703694184,-0.011828299067148048,0.007357268951499919,-0.00018386844458091745
2026-05-05,0.0031261859702121,0.000179696091675053,8.529468688646142e-05,0.001249354596885771,0.009399250540982744,0.005927785017880138,0.010567472321089417,0.00036579063758611407,0.0003394845981185325,7.558071855097133e-05,0.001818597410085613,-0.0018749933896342191,0.0008590655817459977,-0.0006762432602711666,-0.0008737814855690655,0.006629231147766463,0.001602588365800483,0.001085995907660693
2026-05-06,0.007927275640613725,0.0029604796220160483,0.0034188455150014185,0.0036864427532822194,0.005274745976676508,0.013869123004601464,0.01648057971355483,0.0010815596536610547,0.000671181571249368,0.0011511371130212252,-0.0005187915294582283,-0.0007993845927830327,-0.0005297769241812463,4.1732684587628827e-05,0.004278712567228031,0.019850410434154815,-0.00955710709276486,0.0007600582164937449
2026-05-07,-0.0007021731058568185,0.00503648742353402,0.0012630770347154844,0.007710834984644555,-0.006324864222120667,-0.009041707321542327,-0.002529788963171492,-0.0001237788233430211,-0.0003334672371290829,-0.000597248851018316,-0.0009500238264961176,0.0013186110422050753,0.00028993054931620264,0.0012402390208134176,0.003168010703900834,0.001658102155588842,0.0030464645392285286,-0.00039993206065936466
2026-05-08,0.0017276223938727433,0.0017384266219357177,-0.005048444927814401,0.0129061059924326,0.0009632728155605039,0.0021114807012877924,0.008236589241956294,-0.00031443851944548164,0.0004007431417157632,-0.0005811640075750065,-0.0023387167106513236,7.649760058382965e-05,-0.00026613338163059604,0.0009287917619151538,0.0022612276655923046,0.0037482991776592,0.001652374349866044,-0.00019557612761603735
2026-05-11,-0.0003315357042887215,0.0014541602574452673,0.0005406041284974287,0.00396649537903081,0.0014641205326326018,-0.0034160954458341457,-0.003466409013471902,-0.0004220315342331614,-0.00034451898439353406,-1.707369606382316e-05,0.0007895317937312305,0.00035374308373898374,0.0012508656627034489,-0.0007949644368670887,-4.0669272491942327e-05,0.0004676204647783013,0.009546473682999781,-0.0003112232691704548
2026-05-12,-0.0002377430950026441,0.0022904386756973233,0.0040983044295536215,-0.00018093010480593405,-0.00725181707840493,0.000962204295167704,-0.020235099269967704,-0.0005428133175304456,-0.0001809779110228658,4.8228973608656356e-05,0.0010330279558029157,0.0007367771873391595,-0.00019981914614485355,-0.0015388028872408682,-0.0011593883766381017,-0.003403078024440728,0.010306562008302593,-0.0002977582329407617
2026-05-13,0.005457458102576638,0.003551213579992205,-0.0026237317175984553,0.003702135277319732,0.00039591211423675114,0.003987181970852696,0.016090088722277195,0.00015209262819874904,0.00021781002008096646,-0.0004283650266375744,-0.0034463270112490402,7.576435303701756e-05,0.0006514859894460824,0.001526686244278503,0.0016165158866686628,0.00048774001510190276,-0.0007949217418418055,0.001913321390697442
2026-05-14,0.00345332901461227,0.005264146675248059,0.005238100732380463,0.0007584579664270969,0.005358373718792006,-0.003628288391802054,0.0014547831355899877,2.6529192545992513e-05,-7.789386024611858e-05,4.146766243079425e-05,0.0010812319613372288,-0.0001916394102929168,-0.00030705895915330943,6.559610468290038e-05,-0.000727623707424992,-0.0020472431343176193,0.0008696187114060269,0.00015447050018073914
2026-05-15,-0.0010016800237187228,0.0018012740530235997,0.0020119862452148245,0.0026073171070328804,-0.008799742182070157,-0.0008672142074110066,-0.012658965609483652,-0.0013701311453197364,-0.0004321347977728775,-0.0021405327715183307,-0.0020319803580965915,0.002349227641192753,0.0022191733099932113,0.0008089675997945221,0.0019499886594267109,-0.012475930279234448,0.004346764794068687,0.0002997952223186785
2026-05-18,0.00118540473323487,-0.0008349451857201784,0.002701650783945294,-0.0007048096164733535,-0.00828320207128983,0.007728201863626785,-0.0010879392404422985,0.0004969622068286592,0.00036931356150251654,0.000474323018567311,0.0029311691065694633,-0.00016924205587229616,-0.0009119564466738569,-0.0003736021560762821,0.0022449349243172777,0.000346790509373376,0.0034201158333823007,0.00020324733484576368
2026-05-19,-0.001459156185434238,-0.0013586603285217387,-0.0019016657906297538,0.0033511587769330473,-0.006896018609972651,-0.00034959593967467863,-0.0012227387544618898,-0.0006121047933131318,-0.00018141036592643825,0.0003187573467526763,0.003217276603247301,0.0002778962129518273,0.0007877480670446749,0.0004548297110728524,0.0024594316731854308,-0.009754519819100443,0.004733592036148003,0.00024242693237929097
2026-05-20,0.0019031097127725147,-0.0014258378566738387,0.0024513317698244413,0.0005822976376800397,0.014148318940711831,0.00664345001161621,0.008369256482136662,0.0013443822459283808,0.0005154113189281084,0.001238236869427459,-0.0013134935988519253,-0.0010207330044410359,-0.0015930980987339666,-0.0007293232303041451,-0.0016373955414056979,0.00889624081513628,-0.0070341216278471015,-0.000494119787416516
2026-05-21,0.0011626248148005353,-0.0007225809896597478,0.003357218058090927,-0.002426543460849785,0.007395199546449476,0.0028993104847085784,0.005607386668627661,0.00046010315004082775,-5.921350031432395e-05,-0.00015461902191087344,0.0007181956282640311,-0.0005077350919677309,0.0004160530600757794,-6.536244345674877e-05,9.798257613862372e-05,-0.00018366355026824886,-0.001016913608910817,0.00012650616124174253
2026-05-22,0.0005965894841244085,0.00163642795161056,0.003909451435377095,0.00022222855204123097,0.008000572206114508,-0.002328306487295091,-0.0027327371206043896,0.0002153570900398109,-9.765940230946891e-05,1.1545749527079358e-05,0.001743645009932664,-0.000483278385214483,-2.4859632504523922e-05,-0.0004178130441297544,-0.00032063811382501174,-0.004272843192661956,7.638164913294394e-05,-0.0009065512790824345
2026-05-26,0.0034075689333462438,-0.00087794500190767,-0.0077568287239216695,0.005083512744683166,0.01187369038961058,0.00232463853433843,0.024926439037711544,5.6650367100524995e-05,0.0004368881650416536,0.0005705628716889035,-0.0028794944400351956,0.0009695508706101829,-0.00016312862778632316,0.0020260793082422894,0.00208657575846332,0.0033487644416339457,-0.0082158961403056,0.0011613331030225023
2026-05-27,0.0012944584686197056,0.0020979015997429156,0.005788945463921186,-0.0008028062429370889,0.00398610541017858,-0.0009868823241537131,0.003046302930314342,0.000271665197645144,5.232883997736889e-05,-0.0006730184406396678,-0.001118224158957619,0.0007157975085106637,0.0006633651705163031,0.0008203869788643548,0.002357668022707601,-0.006645942773742689,-0.005107210541651759,-0.000639994627694641
2026-05-28,0.0018562975118324538,0.004297900960135314,-0.0004005866847448245,0.005019557588173995,0.005533206537239932,-0.0030761249967369304,-0.0013921104954263113,-1.1930861046483953e-05,0.00019858291462348398,-0.0004269470824173416,-0.0016627082615130453,-0.00022251014350377785,-0.00043894349142141595,0.00023212638254668252,-0.0004968979774423133,0.0057416306124686445,0.004027282154295458,-0.00037886654985088883
2026-05-29,0.0028898031139014506,0.00395647894480719,0.009352354244121223,0.002363705591990132,-0.001412729462041155,0.0014295597864645252,0.0008783346418993765,-0.0002459662570080147,0.0002383058697995667,-0.00017059810033265288,-0.0027758011153106487,0.0001284751209658179,-0.0007518199241495441,0.0007482271134027425,0.0004789110612673283,0.007126740943974037,0.0006455323468719937,0.00024223907855318479
2026-06-01,0.0021962642337033248,0.0024599913964012607,0.001345365162191657,0.001576297961126052,-0.0031585358555364365,-0.0049342405034485965,0.015273142653609323,-0.00021988769782425963,-0.0002010326547637471,-0.001322879114280928,-0.001118121060965491,-0.0009512057926819868,0.0008003824565995043,0.0016633060599956727,-0.0006185951517340971,-0.005694030900171237,0.008453364957804634,0.001669365400660149
2026-06-02,0.0018015097815731337,-0.0020949107043974438,0.0017895310431372802,0.0009081614806122199,0.004944147814314693,0.0019049212827465475,0.005407063047021238,0.00018034828360958185,6.175603252674369e-05,0.000882037381982264,0.002267404980529375,-0.0004341249440358255,-0.0003576584407454582,4.651330726788017e-05,-0.0001316203513071464,0.0011194428413361644,0.0019018823855551999,0.0004013309140121282
2026-06-03,-0.0002417810547679245,4.547217398679672e-05,-0.005047195201151421,0.007222481940857516,-0.00675076674155565,0.00014116383158508002,-0.0016627654296095164,-1.1963814949770678e-05,-0.00010170608076556884,-0.00022533082125658545,0.0007921247352346847,0.00027547998411148276,0.0012911817121845272,0.0007533027481482382,0.0028716135908981935,-0.005542961762235626,0.004314031408097124,0.0005025302853433567
2026-06-04,-0.00015847191136403836,-0.0012612479402027742,0.011507997378385695,-0.0073836699218585225,0.00789083091912499,0.006026548435348767,-0.009888640834987562,0.0007154308797633323,0.0004545351464018178,0.0005993842350957313,0.0023915550283821266,0.0008167923217698415,-0.0005864385124676667,-0.0027232843323633784,-0.0013443031935859683,0.003691850803977062,-0.005044011500431701,-0.0011009877464356987
2026-06-05,-0.004895396014541725,-0.005378968313301799,0.0038598608582254418,-0.016276938546137848,-0.014745248506179628,0.0011367025856966785,-0.024904767766388572,-0.00017242237447445945,-0.0009675252394338953,2.623663639869482e-05,0.004995348266504475,0.002509605142986175,0.0010607347538581554,0.000792357084610733,0.004499309960465159,-0.02375954556662599,-0.007334601542790859,-0.001400179239944347
2026-06-08,0.0006218567807104143,0.0006108412658321358,-0.0025620877102735173,0.010648794108620763,0.008075923075433693,0.0024978187536973473,0.011993301598088311,0.0003221364998567014,0.0002546810128553763,-0.0005904729500074416,-0.0027013986750934966,-0.0009650401006912248,-5.2114590864644236e-05,0.0011464294645945974,-0.0020317080023369415,0.003865123833122073,0.006555269157553142,0.0015214106378194764
2026-06-09,-0.0017100546319628474,-0.003671859273843601,-0.0002066462221722333,-0.008262994871583128,0.00016870456580947782,0.001052150186326245,0.004265148587686035,0.0006874056301988082,0.00024044735676722294,0.0008818696696099668,0.0021533383019514294,0.0008150209272523566,0.000876558270441443,-0.0005650883717087819,0.004252538118690807,-0.01120800485470639,-0.008194128210492611,-0.0010630111664165255
2026-06-10,-0.003501872284406543,-0.004408393260156884,-0.00804429172851307,-0.0026609702864487175,-3.244381886596641e-05,-0.0016070590011719836,-0.0029256519484569914,0.0009680096553905363,-1.4201036911827688e-05,0.00010828659538321015,0.0008335835035899498,0.00026534345269946637,0.0014371737007945113,0.0014681095567835147,0.002741723038107725,-0.025328669608484945,0.0013239813791870586,-0.0006131557509124063
2026-06-11,0.006103115736525343,0.0013340990125559685,0.005176661937957924,0.00802903697457015,0.016269901300539607,0.012882142985124807,0.019121478040269868,0.00023828851025861717,0.0008568127679177236,0.00034558482905922786,-0.0019889666248003347,-0.0020619620304568867,-0.0014907326492711002,-0.0002943100676690274,-0.0021519058132209515,0.0205392533838265,-0.0017194314576787651,0.0017873710043106936
2026-06-12,0.0008245187171534761,0.0015524582910922085,0.0035622525769712274,0.0018392030396579568,0.0040293631070119846,-4.765657695406187e-05,0.0032152505516348066,-0.0003787938267060155,-2.8527510561400022e-05,-0.000192624458501333,0.0008589187229636943,0.0017557603661035458,0.0005508165219683962,-0.00027387571867152586,0.0023153765350321046,0.000639648840330318,-0.004993497358337453,-0.0005092571857233863
2026-06-15,0.007375778731543287,0.00914151963723782,0.0038881256141251735,0.014418036582078714,0.001935627190691307,-0.002172420552400911,0.01883356750776941,-0.0001212219817929368,0.00030342517620593744,5.8129510011386935e-05,-0.0035528315752901708,0.0006159398668813723,-0.001607364511270863,0.0012284124251136005,0.0010769803616588695,0.019205952422213794,-0.002140034084987705,0.001605085412315455
2026-06-16,0.0010142785233261476,-0.000773845728834939,0.010624597394017707,-0.012004788980701231,-0.0022668388307753124,0.0070417854047795944,-0.007591346491024092,0.0003042155160086303,0.00011443708545843918,0.0008860028999140993,0.0013069758242513505,-0.0001414193868882114,-0.0007037023511667559,8.840782052306397e-05,0.0013601984781684774,0.00020835059359628752,-0.003044581341351063,0.00010789814447172141
2026-06-17,-0.0003815477767702413,-0.004681771241626227,-0.002674031972086435,-0.005139164526743965,0.00558257193110114,0.005311441374427451,0.011328592955183025,-0.0003409663702424763,-0.001569260162385607,-0.0009804315806351896,0.004816269499093394,-0.0026536241106744542,0.001633090027015411,0.002724125523511754,-0.002538886939971674,-0.011326681263442401,0.0028076312820544975,0.0023226577086012936
2026-06-18,0.0034998989112719793,0.0010976260131795815,-0.006677942220498894,0.010157322250408388,0.01030293775119944,-0.0011553395920174915,0.019961565302200078,0.000337030386801987,0.0007210832143691979,0.00045037164555794106,-0.0016330170201976557,-5.194665272805843e-05,-0.0012013683112857875,0.0008002061864903817,-0.0016790933609498754,0.001570289131233223,-0.0013833950475770395,0.001644617117010568
2026-06-22,-0.0011013455424845105,-0.0046320371169893005,0.0009451854622045401,-0.0010922590426994604,0.005302589083400306,0.002210661201928807,0.009642453395415257,0.0002181897172899962,-0.00040439454109151955,0.0005829300356758873,0.0026831001009648137,0.00027812155555040005,0.001889185044779123,-0.00043287912970032844,0.001354179797956958,-0.003843616072864424,-0.0033432740072970304,0.00020861760311862159
2026-06-23,-0.005860162437200403,-0.004150388574395876,0.007808159104863854,-0.01402861840593353,-0.0009691377411781017,-0.0037886862011904734,-0.03126122309845869,0.000815531126940908,0.00044455868712236054,0.0005177398057173205,0.0014435967158759437,0.0009910477668416645,0.0005704897874597613,-0.002018888482723708,0.0003641136893462859,-0.013790190726768087,-0.0034985573881489125,-0.0021564534091436625
2026-06-24,0.00037523359302243497,0.00043836573164049506,0.0054060993273612815,-0.00710420188671496,0.007966817754351294,0.0007766906758177104,0.0019949787750478372,0.0013102130245976145,0.0006008440319214761,0.0009569091765130079,-0.00029844864056329835,2.522090645279418e-05,-0.0005451287419483983,0.0007335546919069649,0.0023087621702956333,-0.015994067293383145,-0.009207515348735311,-5.490044496010227e-05
2026-06-25,-0.0009556855296523233,-0.0010373614300844968,-0.0009535276597553424,0.005717309437265731,0.003745942805036264,0.0037957417220290182,0.00267764590290678,0.00013525520115595353,0.00016505797730053092,0.00018905014369699805,-0.0009231022191750268,-0.00012870475158562717,0.0003343322617602221,-0.0002677093517974373,0.0003570339680272305,0.00458891454756786,0.005509567254895351,0.0008893901814527178
2026-06-26,0.0021294685823362875,-0.0032238752824254886,0.000782659191159777,-0.0055246218932346325,0.004814009862014283,-0.0006415351166509063,-0.003219172440615571,0.0005072978759928905,0.0006748462249359208,0.0012916015233937412,5.6839562252726517e-05,0.0020242255907538657,9.698547973715295e-05,-0.0002495483370934977,0.003092676720632225,0.0059260842293270225,-0.008101826779673867,0.00013018157101579437
2026-06-29,0.0030761815548928217,0.010898167106167853,0.0027729093920692057,0.014386777504278098,-0.0059812224235328785,0.0007343356602958796,-0.00715919436127704,-0.0008260785572721462,-0.00014994573286103736,-0.0005916933454018144,-0.0027710468624774047,0.0006430021266335619,-0.0007665752775798769,0.0004841747498546649,0.0028344311927120044,-0.008503487932334602,0.002186466279381044,-0.0013385604516944188
2026-06-30,0.004764260613597551,0.006077783022179867,7.225294802909107e-05,0.011721991768723548,0.0045471340324045794,0.0007852097238611267,0.009738317170166495,-0.0006039041773491321,-0.0002631963880651985,-0.0003471322641575266,-0.0004935628761692963,-0.00026741909054985805,9.738414641180526e-05,0.0014726993825107788,-0.001989206433795153,0.002406150587613276,0.0051113585761100346,0.0014458720888901825
2026-07-01,0.0009094500592799724,0.0025965240686552753,0.0030859856075097303,-0.007307059442006606,-0.0005290752143729802,-0.00044678883967459206,-0.014368677227532997,0.00022862712036292353,-0.00015737139701589058,-6.421140003257195e-05,-0.0005725614164586515,0.0015020858572663224,-0.00014425690866178183,-0.0008692678354280106,-0.0011582040143874699,0.0026774954323636963,-0.002487197139056637,-0.0002214482214955892
2026-07-02,0.00022140153360147526,-0.00023628629385131117,0.011122437030649758,-0.011743678297375014,-0.00681146912693155,0.011409690025773113,-0.010573383430700557,0.00017627703122522452,0.0007199583995899908,-0.0003294800135347209,-7.112420676839027e-05,0.0008661083499279475,-0.00032215348807703706,-0.0016692840447162845,0.0015556859983153499,0.008886074691126029,0.00013240110590942433,0.0005271509599630428
2026-07-06,0.004515649455462683,0.0035776441553448807,-0.00019513324758218924,0.00563721603552049,-0.0005001700830321709,0.002213838216306864,0.015416529503341072,-0.00029251438531593737,0.0002982270758909914,-7.788964634714522e-05,-0.0018988433102086464,-0.0005558707444567141,-0.0007812068842959837,0.0008052979908938869,-0.0014674501899099145,0.007444641861124706,0.006205121827216853,0.0020386392911442464
2026-07-07,-0.002974024664536441,2.1447229996314487e-05,-0.0002335156378314835,-0.005521761970847954,-0.007995411319751723,-0.004633397605414997,-0.014522097232912676,-0.00024047631817241712,-0.0006295935992497268,0.0009034774701292434,0.003719918400807324,0.0018513715148674769,-0.00044869347306836314,-0.0001323402491143614,0.0016693748574143977,-0.009254068793529776,0.0026426888714208997,-0.0009103386869956168
2026-07-08,0.0007077388192272731,0.0032111716372784233,-0.004678620785866198,0.008652021554856129,-0.0013777490723785816,-0.005258823648456231,0.008343834544615757,-0.0005586492484255918,-0.00011042969056488563,-0.0010340498129189834,-0.0002629536143651436,-0.0010885999044042626,0.0010376454269703421,0.0023673038141039,0.0003493281780137629,-0.004799870694490533,0.008362563989143501,0.0005716555922742235
2026-07-09,0.002714662584536398,0.0038766575335485443,-0.0010052746154427658,0.009316652318080628,0.00817886717788048,0.0014416630337547743,0.00272499290266139,0.0003964152239838859,0.00048448619958056703,0.0008695137985165109,-0.0003736451729849928,-4.833722772345757e-06,-0.0011464976735526809,-4.871483881546549e-05,0.0004412600789517919,0.006935926265657796,-0.0017140062024981742,0.0003657191016099001
2026-07-10,0.0031278647355879154,0.0033172954302755873,0.0021103370973356013,0.0013336237131176126,-0.005055245706699759,0.0028680883953416903,-2.572416284070899e-05,-0.00027947487981910856,-9.058730040735301e-05,0.000245249173538205,0.0013034974662885488,0.0008797832072948993,-0.000946813303357425,0.0007464940699578228,0.002865373776232929,-0.001321395644356203,-0.0008890530308782577,0.000650810004868559
2026-07-13,-0.004057195877260326,-0.0020120676568779524,0.0011844405455840087,-0.005727345601033395,-0.006157186363172886,-0.0023448701365042096,-0.0249423470384424,-0.00053860600862795,-0.000372298757333658,0.0007629340143844674,0.004003060482973386,0.00024879492177702937,0.0006248560647605242,-0.0010978770077738156,-3.6586134131254625e-05,-0.017789250365265963,0.010422226017475972,-0.0008940808464917285
2026-07-14,0.0027599549409071467,0.0019240248219522045,-0.0005102240227244882,0.008119790185901003,0.0016453381840100174,0.0016606510823304298,0.01029821154002368,0.0009980283866591858,0.0009043227090208522,-6.272903169034314e-05,-0.002438155447669577,-0.0017429265211182689,-0.00034885754721333904,4.0007653028675295e-05,-0.0002922446880170432,0.007632086633368415,0.006253550290317238,0.0011480444473419595
2026-07-15,0.0018227666000735056,0.003414712918121365,0.0018648601570184814,-0.002186178156794735,0.0033734439873056767,0.003085162178587051,-0.004657047419576742,-5.089052454133663e-05,0.0004178454262854899,0.0005002177221354594,-0.0010509108977630895,-0.0010206521892685788,0.0007280900024867198,-0.0009055641349275767,3.3139671080015514e-05,-0.002085519817657374,0.0033287374456817723,-0.0005870070737459118
2026-07-16,-0.002379802181439992,-0.0033685071354930133,-0.0012179333499981488,-0.008005899063471753,-0.0016534431085407928,-0.0009687211073785406,-0.008570560087602007,0.0008820110514012004,0.00010603737765973853,0.0006321551743453113,0.003552277557148103,0.0012426695976051451,0.0004972023653469597,-0.001014167350490853,0.0037625624539878097,-0.012995197323280586,-0.0060511763839176565,-0.001296166293311963
2026-07-17,-0.0024724384960348525,-0.002859925619456887,-0.0010623501879547777,-0.004923695849567313,0.0014444944110204583,0.0010981795852112869,-0.008925777441057891,9.878691155100158e-05,-8.150561096422512e-05,-0.00020201828363148764,-0.0007110894721835074,0.0003670194989073669,0.00011707627599539725,0.0005434359032028694,0.0010163858313197134,0.00308988449387085,0.00467828827627214,0.0007327415159029075
2026-07-20,-0.00021301071086851685,0.0011852584083785218,-0.003133687311641906,0.005045836674364721,-0.0033248270419194885,-0.004044940490448621,0.00899673458703744,-0.0003748806922657952,-0.00013162523442527023,-0.00034058031824841335,-0.00012830472914429278,0.0004953159267933236,-6.384367051895639e-05,0.0015295429178067575,-4.970789985314552e-05,-0.0004298568039735639,0.0034642860613097893,0.0007405531946026991
2026-07-21,0.0024474287706022155,-0.00043698544937200746,-0.0012969603716203176,0.006618183576150844,0.00458277533275985,0.005906950650480199,0.014904297437754118,-0.0005998661914597527,-0.00025264127052549855,0.0005475512155796078,0.00268020524347546,-0.000670924803952213,-0.00030739178295070965,-0.0001165843873724517,-0.0010495449127723802,0.012885715401921238,0.0055942234058818305,0.002587726535826504
2026-07-22,0.0019677669059539717,0.0024698616062414536,0.0032018955812888024,-0.0008474833222529808,-0.004788454881156524,0.003287519896605858,-0.0035860672162809,-0.00038838084017194007,-0.0003208553179870951,-0.0006724503631228007,-0.00023077163804962816,-3.407780968879906e-05,0.0003897699278899722,0.0005449243815652954,0.0013816052924313536,0.005387854936248174,0.005048577909262617,0.00099536313907216
2026-07-23,-0.0030135574845025093,-0.00387720206141098,-0.002726143436494982,-0.006204998052041848,0.0014392719805354417,-0.0037905067817067106,0.003995577889257487,0.00027184565707802496,-0.0002550754598068637,0.0003033224608889381,0.0031870405334445424,-0.0008043051161177011,0.0018559855132544156,0.0011585685078952133,0.0006394762213919368,-0.01162054662707413,0.0058206599574594994,0.0007338689522139864
2026-07-24,0.0008655361937824667,0.0006211125808394479,0.0040265284504088636,-0.007271162187096482,-0.006399073214602621,0.007117918961869074,-0.01426196966838647,0.0008912194808816048,0.0006593610222539174,0.0014193731226598446,0.0019106503888177183,0.0006185748557058956,-0.000975683268164104,-0.0019044568191734434,0.004019975049294435,-0.0007592191368463322,-0.0026543369297064657,3.228471511445186e-05
2026-07-27,0.003233495810757609,0.0004614193698182649,0.0059522592803714905,-0.006877580697705419,0.009824645985638265,0.006364759074153158,0.008310197488420885,0.0007274272773974597,3.2568285335456316e-05,0.0002591292408127494,-0.0009075543638877963,-0.0006755534071926475,-0.0006044160450017835,0.0006863439194046302,0.0004612771629436529,0.00563382274809254,-0.010947335325396115,0.0008408398825542644
2026-07-28,0.00037367287618556987,0.0022592090820792885,0.010742641923897383,-0.00982670169492906,0.0023300242790555985,0.0010247841127692698,-0.016384636185109405,7.637959243273016e-05,0.0004055411318970684,-0.0001084710742018098,-0.0009442506693239103,0.0009259604478444336,-0.0015267149713085685,-0.0010063723793047757,0.000266325739812218,-0.00880642409647914,-0.005036643567119069,-0.0013951132812945542
2026-07-29,-0.0019580365846943917,-0.0009657576115498952,-0.008979509377999788,0.002821992683888122,-0.005050178481127921,0.0028584057267633,-0.010615014464642632,-0.000580672823937531,0.00032562427947234083,-0.0011782364339757091,-0.00460423665572814,0.0029992627788281616,0.001702002585721991,0.001783782736220767,0.003839053674667584,0.00017946902447756562,0.008367258668194273,0.0009450658053932323
2026-07-30,0.006835278830078572,0.007236919102626985,0.004149710052881835,0.01518643139790448,0.007570535897253732,0.009272408520528175,0.017493564544974007,-0.0006046694185200289,2.3095013180668953e-05,-0.0006111013575650795,-0.003055259623706307,-0.0012822916768950067,-0.0005900205574481667,0.001015137028009633,0.000979038502616521,0.009463096709301573,0.002258857157792374,0.0005277981185486842
2026-07-31,0.003433785893743777,0.0057374397466584265,0.003967378390628155,0.003825624225676008,-0.006031460361119744,-0.007714218247087982,0.00568691620001872,-0.00111392925222584,7.44155220866118e-05,-0.0005979142357001197,-0.0013560840093423364,0.0005845637782213829,0.0009746052559825142,0.0003039035692111718,0.0006071994058923121,-0.007253476244399951,0.003596889800498069,-0.000383877466639132
2026-08-03,0.0025938929624388365,0.0059688415334221406,0.005937575628661462,0.004539522283916266,0.01066472828242003,-0.0017237993742749598,-0.0022839464146359135,0.00047021300230458743,7.835269428335727e-05,0.00024144978563436044,-0.0015699555553193665,-0.00035718389755335256,-0.0014189568509398618,-0.001195177763974493,-0.0018250546762540263,0.0009304413656847613,-0.004822331610671625,-0.001368379794930666
2026-08-04,0.0049956232924614,0.005925661128553994,0.007337588532862781,0.012855857045772714,0.009084770287445287,0.00099634317135874,0.010646342826336298,0.00030276759917431456,0.0006275074082986995,0.00018917945072926146,-0.003252387466801541,-0.0013995660210225115,-0.0009047749663842492,-0.001096155510216119,-0.0006729411270911048,0.005981165944724907,-0.004247720130258268,-9.554105015080624e-05
2026-08-05,0.0019368261400684534,0.0014324311139683101,0.007771048294190043,-0.004344006273865233,-0.0027409082479829838,0.003000429937135995,-0.0008514148782241917,0.00013562080055163413,0.00025415267325949904,-0.00011908787543425366,0.0008334734581030895,-0.0007573568372218156,-0.001010359719739757,-8.914223462022945e-05,-0.0003547375048602742,0.022023931432320103,0.0036534658527320628,0.0013988524915606298
2026-08-06,0.0012971210261861705,0.00180273884244311,-0.005787951332831959,0.0007008200700237242,-0.001164086907552475,0.003551949055014535,-0.005579009746335618,-0.0006357579893630939,-0.0005736226205403362,-0.0007555381124179743,-0.00020508680572590716,0.0007365149935706127,-0.0001529792286235742,0.001113985712146151,-0.0011879790101112907,0.0004186598493429734,0.005897024084639078,0.0011603493836638465
2026-08-07,0.003297729522538515,0.002517281047634794,-0.0001721810951220864,0.006886161263606431,0.006778466614300854,0.0048508958028985446,0.0013882934025692094,-0.0001246631246137745,0.0007817057906139792,-0.00014277497683921328,-0.0004666619003992371,-0.0001085857465835064,-0.0010151315704227093,-0.00037391694032017954,0.00026116051912725017,0.012717125236911661,0.0007802909158630472,0.0005649213130215153
2026-08-10,0.0006996551726193402,0.0031157459886198653,0.001522149605728101,0.0020990043771299295,-0.0027150542383417783,-0.0022058737504975622,-0.005411806543684287,-0.0007249768385021458,-0.00019071007393394075,-0.0003488471407186349,0.0008815570960746724,-0.0003048821969057515,-0.00030133244353785973,0.0004658497945989825,-0.0034102967593748375,0.006193853940315077,0.016202530961491622,0.001376264151638826
2026-08-11,0.000591575240082076,-0.0007224708021170575,-0.0006317434396456638,-0.0017152024793113411,0.007047692936998449,0.0020412663324389656,0.0047547799855641336,0.00026785323725113375,1.1350343836304187e-06,0.00013326798347616125,-0.0010974244770351892,-0.0006264568729521254,-0.0003747035816056085,0.0011795203097292339,-0.001098911340150368,-0.0016242421657945844,0.0016152171882415486,0.0006237545951364423
2026-08-12,0.0011835191367682743,-0.00171810396356628,-0.004280060987284162,0.003596131291035981,-0.00048809403890939275,0.0013658653175324252,0.012538066592128954,0.000569028452850203,0.00039984837870503756,0.0004931564061916027,-0.0009033844606770503,-0.0004311103278770757,0.0002354762669685936,-0.000689727549956651,0.00019591965915973474,0.006373125302773824,0.0015866896655103483,0.0011925220703268746
2026-08-13,0.0016976263135996608,0.002882021536663639,-0.00221046382206813,0.006864281919103065,-0.002171902121063554,-0.0010686267828992364,0.0001494266436359989,0.00016102625243606498,0.0007296298539028496,0.00032589907551993985,-0.0006298511342010147,-3.230592706142139e-05,-0.0001861616872372079,-0.0006758244182855479,0.003562964238090773,-0.008335506352826896,-0.0038441931050240304,-0.0012406377731913015
2026-08-14,2.7704870802911473e-05,0.00010371862919036001,-0.0004695068193039775,0.0034915594441162342,0.005709612992547205,-0.00038254174176629836,-0.00013857405825944407,0.00012741023965247636,-0.00012517508910543746,0.00019973779853208438,0.001388610400836373,0.0008197619875466976,0.0002741997431889385,0.0006848504110976393,0.001185732887599627,0.0027624000466805283,0.002444921161487236,-0.00016269251085608777
