Date,PRPFX,DBMF,KMLM,BTAL,RPAR,MNA,CTA,MTUM,QUAL,USMV,VLUE,JEPI,DIVO,ARKK,QAI,^PUT
2022-03-09,0.0625,0.0625,0.0625,0.0625,0.0625,0.0625,0.0625,0.0625,0.0625,0.0625,0.0625,0.0625,0.0625,0.0625,0.0625,0.0625
2022-03-10,0.062003518723679305,0.060797847779528964,0.05893680128648194,0.060724474411994925,0.061671797748101706,0.06236916331093239,0.060724567418482076,0.06464653826710151,0.0638156553151398,0.06315367100818843,0.0633487729821147,0.0630089362974286,0.06313292828987979,0.06542953044672749,0.06276947491035507,0.06346632180386322
2022-03-11,0.062391328606315695,0.06147511480933764,0.05924402341417333,0.06113613264809451,0.061190394388340175,0.06253810668195864,0.061613641644123925,0.06452634336667258,0.06359180616429956,0.06325035089528634,0.06312007072650058,0.06313514978169935,0.06332386806514585,0.0633196645204441,0.0625472834879615,0.06359672079964619
2022-03-14,0.0625,0.0625,0.0625,0.0625,0.0625,0.0625,0.0625,0.0625,0.0625,0.0625,0.0625,0.0625,0.0625,0.0625,0.0625,0.0625
2022-03-15,0.06220051371064105,0.06278972850891841,0.06290078656962328,0.06440853473992714,0.06191675129132562,0.06308052772716516,0.061348267487542796,0.062355851354057724,0.06246372420787648,0.06301162203810245,0.06267533639978863,0.06315581091416236,0.06283461336149981,0.059346539915572045,0.06276679916875934,0.06274459260503773
2022-03-16,0.06162060718159537,0.061675492729452476,0.061517546134786126,0.06343173736886513,0.06066538769611761,0.06274581178312813,0.06072576559276782,0.0634710580990459,0.06333554580581485,0.06366810745511257,0.06318956091947361,0.06365425116630158,0.0630961280742588,0.0612674788552781,0.06242112418153064,0.06351439695647133
2022-03-17,0.06122862166552748,0.0601062236663807,0.060123928786741186,0.060742380045081985,0.06054600227954634,0.06201047948603239,0.05984136419936871,0.06485143662920344,0.06388695691983243,0.06348742711228146,0.06355708122059794,0.06337618532961373,0.06315877066294434,0.06677644000121902,0.062430912084722956,0.06387578991090592
2022-03-18,0.06150216836441546,0.05989020746436229,0.0608021001731431,0.05899600532413592,0.06070905398173753,0.06133057636003929,0.0593991014330349,0.06525977119063965,0.06404352283399183,0.06350609391118248,0.06343244242915932,0.06326616418245659,0.06290620552240196,0.06920159190042234,0.062193140594175,0.0635618543347023
2022-03-21,0.0625,0.0625,0.0625,0.0625,0.0625,0.0625,0.0625,0.0625,0.0625,0.0625,0.0625,0.0625,0.0625,0.0625,0.0625,0.0625
2022-03-22,0.06255588789212435,0.06422059499834153,0.0641154246851203,0.06294966185038756,0.061938486855442385,0.06225261622411907,0.06318738554945665,0.06225187818639406,0.06219458995246378,0.06221687443241671,0.062277592887360476,0.062289855895303246,0.06251480456710354,0.06063442254762997,0.06196655485719738,0.06243336861913899
2022-03-23,0.06214500404086173,0.06521097828598732,0.06384586163612811,0.06203323940957151,0.061247314215636554,0.06195492318469351,0.062333604312492505,0.06294184541010438,0.06238638910307397,0.06209066594632959,0.062372206601138604,0.06201862260924005,0.06232848047203707,0.06302600826200239,0.061796193624173344,0.06226866288652936
2022-03-24,0.06241972966155333,0.06607624719899244,0.06448212043848403,0.06253181968641967,0.062094579482355985,0.06214013889919722,0.06291205996354343,0.062116910071042315,0.06171808390300629,0.0615528030186656,0.06175533841342726,0.06190641201625788,0.0621373347120178,0.06202620571817231,0.06189880006494213,0.062231416751922335
2022-03-25,0.06266432153119773,0.06493615557108466,0.06452215826639453,0.06198881904377166,0.06170654840180953,0.06178434045847117,0.062494031247776805,0.06283261731122664,0.06236072669570163,0.06182520113926381,0.06235221903605073,0.06189592718881116,0.06219879707994712,0.06237616692777662,0.061804409527629466,0.06225756057308665
2022-03-28,0.0625,0.0625,0.0625,0.0625,0.0625,0.0625,0.0625,0.0625,0.0625,0.0625,0.0625,0.0625,0.0625,0.0625,0.0625,0.0625
2022-03-29,0.06205620527797656,0.0620509850735044,0.06087880156868941,0.06197380761610453,0.062142049204239304,0.062453080442602144,0.06209739665384578,0.06320447774081894,0.06285662011690042,0.06291805623758014,0.062238252199834025,0.06260749121567412,0.06256290955728783,0.06488120815227424,0.06247503308429509,0.06260362585837302
2022-03-30,0.06180769806287865,0.06128298439721774,0.05957701936118259,0.060747003062166904,0.061983684961476,0.062127194682164884,0.06128835453495641,0.0636685737693194,0.06356931832566472,0.06320263970472753,0.06264923029438331,0.06229491028887614,0.06237190946117196,0.0686029472755241,0.06251637897159593,0.062310152846693785
2022-03-31,0.06212351960453451,0.06116385376893798,0.060359811455664804,0.06139680444427852,0.06242786512950361,0.062153253795993194,0.061964952267475476,0.06310791686039699,0.0633142408439819,0.06332252762864979,0.06228359068443607,0.062476942956395436,0.06258725675985674,0.06619160293400556,0.06265857551911232,0.0624672853467772
2022-04-01,0.062360158147913125,0.06100439120162562,0.06021966687976672,0.06241348482217168,0.06279140685238845,0.06262173725230358,0.0622618620449869,0.06274957407968597,0.0630240596812181,0.06336510191314945,0.06157737783328362,0.06282208211051027,0.062487241101957164,0.0644503642089499,0.06298526922019766,0.0628662226498919
2022-04-04,0.0625,0.0625,0.0625,0.0625,0.0625,0.0625,0.0625,0.0625,0.0625,0.0625,0.0625,0.0625,0.0625,0.0625,0.0625,0.0625
2022-04-05,0.06240783387018444,0.06293650753180212,0.06279882886387952,0.060989366250495995,0.062340920453123554,0.062054644086346755,0.06215063048034741,0.062896369358678,0.06274973521815894,0.0623293401207347,0.06236469198942042,0.06204666684973705,0.06219322514565841,0.06493622746265973,0.06247172414904808,0.06233328816972496
2022-04-06,0.062139587598979903,0.06404131067485055,0.06407618273196489,0.06251958518952594,0.06163830407895719,0.06268537612897,0.06274830650053508,0.06190080068621621,0.06229530279459851,0.06253969170989539,0.06179085617833242,0.0625262215486608,0.06250427694456104,0.061605517926265355,0.06240538762687013,0.0625832916808167
2022-04-07,0.06202086937714899,0.06418838839930593,0.06436622082598743,0.06447217948286016,0.06120760483283704,0.06283451151828076,0.06337982536821632,0.0610330336190559,0.061924295820477114,0.06304465632221574,0.061761276090045544,0.06321732424635501,0.06252721078286262,0.05894618297657632,0.062388646216242516,0.06268777412153272
2022-04-08,0.062081393879760506,0.0642945115155982,0.0644253963692478,0.06472453081398574,0.060715106982391014,0.06273981317816503,0.06346361243683642,0.061363598259692835,0.062079897920885495,0.06333210930426904,0.061832508464596356,0.0633505926113641,0.06257526757098834,0.058116034165726825,0.062256725382329174,0.06264890114416324
2022-04-11,0.0625,0.0625,0.0625,0.0625,0.0625,0.0625,0.0625,0.0625,0.0625,0.0625,0.0625,0.0625,0.0625,0.0625,0.0625,0.0625
2022-04-12,0.06257216137618353,0.06324957484745362,0.06327560019628292,0.06288244469004307,0.06197511645830749,0.06275150457646657,0.06344438291585852,0.06151433118054192,0.06177724483447818,0.06208676565360939,0.06271017901411693,0.06238170821050139,0.062313493822729285,0.062010154809126285,0.062480426901369755,0.06257491051293111
2022-04-13,0.06293055321105072,0.06359599043255998,0.06416241783950534,0.06300689116652117,0.06210460590216639,0.0627050921502205,0.06305601985990734,0.061182120012184676,0.06150565271878902,0.06176184617642187,0.06255153257891234,0.06215083941934083,0.06212210953779027,0.062003030343639416,0.06257576843121214,0.06258553021977789
2022-04-14,0.0629134156486126,0.06357857178065003,0.06428684445514317,0.06186870988261962,0.061865112858958723,0.0625396263066429,0.06325276231972275,0.06152148259003053,0.06170277820683631,0.061687579064522075,0.06251202670148895,0.062013142564855406,0.06209322146859566,0.06343563008536617,0.06226478665927276,0.06246430940668229
2022-04-18,0.0625,0.0625,0.0625,0.0625,0.0625,0.0625,0.0625,0.0625,0.0625,0.0625,0.0625,0.0625,0.0625,0.0625,0.0625,0.0625
2022-04-19,0.06269874633995562,0.0631124957270108,0.06367791687569892,0.062493965788013583,0.06251676613757234,0.06253927728395454,0.06321807686718664,0.06251246905078249,0.06229358517985288,0.06201974882337591,0.06263660083003776,0.062318816084824355,0.06246144024767114,0.06072492710615668,0.06221609146804493,0.06255907618986128
2022-04-20,0.06227771711039497,0.0633823315979574,0.062175417288151895,0.061359893481992674,0.061856192040340104,0.06212320518187272,0.06205436380788262,0.06333312263146026,0.063210041085538,0.06242323424987948,0.06314881994904106,0.06249889629849267,0.06272086220536495,0.06281974489032106,0.06192089666235897,0.06269526151895112
2022-04-21,0.06242320706500135,0.062489081964758046,0.06153432302068778,0.062091548647208936,0.06256214089389164,0.06244144101317379,0.06192385107233392,0.06336644499324623,0.06336693650276413,0.06284676258292694,0.0637317910517861,0.06322086312111737,0.06357406970928696,0.05926639416604145,0.06224543408409871,0.06291571011167667
2022-04-22,0.06190534292877445,0.06382169395810568,0.06285451117853831,0.06380465036281883,0.06223033072717418,0.0627195870413502,0.06260613462670299,0.06237614669012229,0.06276348609574281,0.06274254122701803,0.06362046910419614,0.0631476324699444,0.06343278106949012,0.05674772311332263,0.0623272842021214,0.06289968520457757
2022-04-25,0.0625,0.0625,0.0625,0.0625,0.0625,0.0625,0.0625,0.0625,0.0625,0.0625,0.0625,0.0625,0.0625,0.0625,0.0625,0.0625
2022-04-26,0.061964504284800506,0.061648369554531214,0.06139630843592427,0.06200221630284948,0.06203809575071707,0.062310256307627,0.06313118782526572,0.06281703031690136,0.06286544816311444,0.06260393520921138,0.06259986042158185,0.06257692019872234,0.0624171106351736,0.0645954181689116,0.06234913931652319,0.06268419910814495
2022-04-27,0.062392490509875054,0.06260673352891856,0.06339172538603104,0.06356536619813406,0.06244508211899569,0.06288269257598517,0.06405346005252388,0.06137368807544264,0.062184434716936694,0.062259670978104725,0.062147802871835,0.06227908647310078,0.06226005788903473,0.061130269394072054,0.062919208073919,0.06210823115709096
2022-04-28,0.062187048583372366,0.06310638331197724,0.06405369526594494,0.06389069504275265,0.06238517821033219,0.06269497820271876,0.06470267476063706,0.06126189060470114,0.06203642456048069,0.062246338322005,0.06196049060860908,0.062411077604548705,0.06247771786615604,0.059694531871235,0.06268272404964231,0.06220815113488688
2022-04-29,0.06200928371568822,0.06365166282472015,0.06390480090393216,0.0627505370247516,0.06238427097450504,0.06216635621428897,0.06393934828413116,0.062236622481814184,0.06309404272742161,0.06260474542987407,0.06239344581284251,0.062591069222299,0.06294121568267791,0.05822073667394024,0.062331202127186486,0.06278065989992662
2022-05-02,0.0625,0.0625,0.0625,0.0625,0.0625,0.0625,0.0625,0.0625,0.0625,0.0625,0.0625,0.0625,0.0625,0.0625,0.0625,0.0625
2022-05-03,0.061768114965950076,0.06347498731688075,0.06335615941931672,0.06127660329334608,0.060944123010614394,0.06202170374285299,0.06239422457209401,0.06294807053044862,0.06266779093703512,0.06193333027188676,0.06261103462261448,0.06187145986530627,0.06217137567838543,0.06607356954327648,0.06197357262072225,0.06251387960926967
2022-05-04,0.061941595621628896,0.06218311983447204,0.06324059153063707,0.06112678102415742,0.061538627618765565,0.062045547383819406,0.06224166970111157,0.06327918011885005,0.06268016425784775,0.06200130341951069,0.06327530672805286,0.06201876451938757,0.06234751695534139,0.06557016351761641,0.06186362289770198,0.06264604487109944
2022-05-05,0.061625827835351546,0.06053575680086378,0.06257959774787288,0.059761213280369034,0.06154996099717688,0.061198179017155956,0.06072196476913406,0.06432428322960514,0.06363934563491369,0.0623824085423885,0.06412429475008541,0.062275864616350825,0.06265282876953161,0.06784538469076455,0.061478095812846405,0.06330499350558977
2022-05-06,0.06202758203298763,0.06277386120911853,0.06505641865922811,0.06202764292143581,0.06094997771575812,0.0621056153296876,0.0624234063497915,0.06277215109853869,0.062289634961352126,0.06195523599073682,0.06381797270072297,0.06217104725942471,0.062183886757826705,0.0630019220375937,0.06191270825204358,0.06253093672375347
2022-05-09,0.0625,0.0625,0.0625,0.0625,0.0625,0.0625,0.0625,0.0625,0.0625,0.0625,0.0625,0.0625,0.0625,0.0625,0.0625,0.0625
2022-05-10,0.06252747972274676,0.06318168635258165,0.06211352860963726,0.06560168739950809,0.0625195511632401,0.06318277015898349,0.0640117269057808,0.06094754646208044,0.062122569570437325,0.0627535015985102,0.06246812328414386,0.06282672088367718,0.0628174283748725,0.057698935060154215,0.06323056805090442,0.06199617640274174
2022-05-11,0.06238024654648255,0.06265042959377308,0.06174878039225545,0.06561372303696791,0.06265277473466159,0.06316431196891034,0.06465100010064287,0.06135519046055026,0.06225312470253556,0.06277782738932727,0.06235096187459666,0.0626471096911146,0.06268103850082525,0.05766731833273669,0.06322942016935201,0.062176742505267904
2022-05-12,0.06275484501120615,0.06354383132476253,0.0631346166285892,0.06717457785376116,0.06402302299915485,0.06364787793057369,0.06545909640841308,0.06040412449535828,0.06171255555310465,0.06288412586416589,0.062023213173825906,0.06287443431201474,0.06280784318474919,0.05228875324792857,0.06353384812133117,0.06173323389106093
2022-05-13,0.06224704439351678,0.0630419468008457,0.06329932778709457,0.06661625138871856,0.06342816744171456,0.06327955275996947,0.0663840335893796,0.06025988338451911,0.061761857902583144,0.06285553950582494,0.061988245173701564,0.062729170468613,0.062459361399526195,0.055009473531422125,0.06324279692130419,0.061397347551266426
2022-05-16,0.0625,0.0625,0.0625,0.0625,0.0625,0.0625,0.0625,0.0625,0.0625,0.0625,0.0625,0.0625,0.0625,0.0625,0.0625,0.0625
2022-05-17,0.06283384900117955,0.06308888997359909,0.06344928120354656,0.0630666823629142,0.06281884426805955,0.0625170994331278,0.06239614518540332,0.06189263491066978,0.06248478127320154,0.06270728266200012,0.06267327638911804,0.06290726115359498,0.06291174431402682,0.058988458803933184,0.06274158183205775,0.06252218723356769
2022-05-18,0.06277400267782457,0.06152832807957509,0.06302697847076254,0.062093224217982565,0.06241758722679579,0.06260980890561375,0.06143155840110035,0.06263362171017191,0.06291016408632563,0.06255577291641139,0.06361218455746818,0.06276436345123089,0.06297261924163687,0.061232845491738845,0.062439185223546335,0.06299775534181537
2022-05-19,0.06327072472481779,0.06296720861170571,0.0634813902637064,0.06366942274180146,0.06357322635416278,0.06348240712268602,0.06281170053585125,0.0611402582632272,0.0614165522076927,0.061637532787332895,0.06257550982742574,0.06221031062153414,0.0625228912885612,0.05988649503203397,0.06342120769595401,0.0619331619215068
2022-05-20,0.06374618277351944,0.06255891774487055,0.062342019952805805,0.06285262035977945,0.06381172089757571,0.06377239179554617,0.0628626348144631,0.061321866380717564,0.0610087288272298,0.06153353100767917,0.062052433281598776,0.06199792034162269,0.06200124526000574,0.06273688098154356,0.0637639988920908,0.06163690668895169
2022-05-23,0.0625,0.0625,0.0625,0.0625,0.0625,0.0625,0.0625,0.0625,0.0625,0.0625,0.0625,0.0625,0.0625,0.0625,0.0625,0.0625
2022-05-24,0.06244014191156065,0.06173135965401487,0.06214517473893708,0.06223161193131325,0.06225302982408407,0.06228452933970741,0.06218211094972898,0.06337978065207077,0.06300208737071951,0.06289441953152335,0.06305831976830546,0.06298639747937453,0.06314051594685183,0.061591977354911585,0.06213459887721347,0.06254394466968312
2022-05-25,0.06281054177662976,0.06154452152728117,0.06194241961425615,0.06380226842789798,0.06286054426614672,0.06243423649281577,0.062131937404345534,0.06265009200753634,0.06278980550739456,0.06358668255651295,0.06319999342364595,0.06361703616691755,0.06384152602547215,0.057649444291483304,0.062396847959906576,0.06274210255175744
2022-05-26,0.06251581428068824,0.06119078981184936,0.06180066723096651,0.06330365503730571,0.06269356213653651,0.06209474383752734,0.06230614413446952,0.0631006355808649,0.06296215283092967,0.06325275453891036,0.06354648541181349,0.06323347234653166,0.06359982381313442,0.05982502018361508,0.06206916183358876,0.06250511699126846
2022-05-27,0.06247337627155499,0.06064003915849158,0.06104111296805381,0.06191750137590136,0.06250821183834811,0.06167297973371497,0.061486136219633135,0.06436244180025287,0.06392447624673073,0.06341544154594218,0.0640993804686252,0.06329542757839325,0.06361234389734549,0.06153939292588714,0.06170205997497742,0.06230967799614783
2022-05-31,0.0625,0.0625,0.0625,0.0625,0.0625,0.0625,0.0625,0.0625,0.0625,0.0625,0.0625,0.0625,0.0625,0.0625,0.0625,0.0625
2022-06-01,0.06245442144980912,0.0632502946655005,0.06271090574321606,0.06323015428853791,0.0621850129976549,0.0629664085263486,0.06222965961175931,0.062083245926597835,0.0623404936934979,0.06225950623834469,0.06251431382911013,0.062424423458786245,0.06262568349911422,0.06105865551891591,0.06278094829748618,0.06288587225532048
2022-06-02,0.06249218249511152,0.06446118505589658,0.06429362107127427,0.06453685635289635,0.062388875888007636,0.06286419601705827,0.0621341590695992,0.062024452394327634,0.06172211190818138,0.06189163971651868,0.0620499283444515,0.06224312495502343,0.0623066679365961,0.058966507375081606,0.0626226501678178,0.06300184125215803
2022-06-03,0.06281321867870776,0.06380484527021779,0.0630220673156737,0.062081462434274357,0.06254950704485769,0.06283645665690146,0.06082734880506925,0.06188909661219157,0.06275473317772082,0.062207509371594596,0.06224451338760016,0.062254596135052846,0.06235350851694838,0.06288177948970955,0.06272589050180234,0.06275346660167767
2022-06-06,0.0625,0.0625,0.0625,0.0625,0.0625,0.0625,0.0625,0.0625,0.0625,0.0625,0.0625,0.0625,0.0625,0.0625,0.0625,0.0625
2022-06-07,0.06234471536455705,0.06279714525393064,0.06413765647673374,0.06202402708895796,0.06188263645027385,0.06203534755328545,0.06259419256865821,0.06239160332342703,0.062468774923550754,0.06234022349308286,0.06252290234622457,0.06247246653738491,0.062418600038037515,0.06280828328426727,0.062352712365169684,0.06240871293245853
2022-06-08,0.062469586623096235,0.06219578277093313,0.06363481520296253,0.06131471756982871,0.06196919787022055,0.06165124600052583,0.0625187628153811,0.06298450151880106,0.06270281755297412,0.06241716560061877,0.06271650211693107,0.0624423598858702,0.06253043054464019,0.06425041497477772,0.0621139507307968,0.06208774822164207
2022-06-09,0.06230821383745298,0.06322210272659431,0.06388148911841772,0.06152597225148016,0.06160507335130028,0.06174548742827595,0.062210778016127365,0.06261287855423582,0.06222037922002831,0.061858994983114125,0.061813521107969414,0.062139396542246185,0.06210472483698377,0.06621387720277133,0.06224415352033883,0.06229295730266349
2022-06-10,0.062346245841807736,0.06417498431035511,0.06534249339516672,0.06343469754019097,0.0617499455424943,0.06222783386270149,0.06310999513675764,0.061932876797551016,0.06144378672616889,0.06128772117580987,0.0610525089153837,0.062004775961309676,0.06182887804592282,0.06290358063412195,0.062379186319782856,0.06278048979447534
2022-06-13,0.0625,0.0625,0.0625,0.0625,0.0625,0.0625,0.0625,0.0625,0.0625,0.0625,0.0625,0.0625,0.0625,0.0625,0.0625,0.0625
2022-06-14,0.06212715633274517,0.06476142299088981,0.06511353206264392,0.0655490136919014,0.061393128092836334,0.06289862099452566,0.0644647539964482,0.0617031354677737,0.061317179133164396,0.06207225214614098,0.06121902633707437,0.06195917371716624,0.06233514552358624,0.0582822061523834,0.0624809763639848,0.06232327699673536
2022-06-15,0.06208801913375746,0.06489461489363257,0.06498404946873855,0.06575375932830047,0.060665103951974664,0.06290083739141976,0.06446573998989621,0.061558021929087804,0.061314462245760024,0.06187125904984948,0.06144929030742454,0.061744832770321084,0.06222282079211652,0.059092116979831494,0.06260308771072677,0.06239198405716259
2022-06-16,0.06217166495710956,0.06342202213153197,0.06246615984789875,0.06452984178155019,0.06163003651956206,0.06243690059075627,0.06389698365499924,0.06131445309992239,0.06185238913407954,0.06202263508913482,0.061768118044681714,0.0618163991518899,0.062166125099649645,0.06267398585826311,0.06282999561392254,0.0630022894250483
2022-06-17,0.06267896924986775,0.06431595658966999,0.06406312838022213,0.06708092492601764,0.061998997382106236,0.06292968580264194,0.06470535631765698,0.06073525105693477,0.06067606263698088,0.06177354409430018,0.0604350288717814,0.06142375021309108,0.061902978121432084,0.05976951903016684,0.06331561887684492,0.06219522845028518
2022-06-21,0.0625,0.0625,0.0625,0.0625,0.0625,0.0625,0.0625,0.0625,0.0625,0.0625,0.0625,0.0625,0.0625,0.0625,0.0625,0.0625
2022-06-22,0.0621644556894908,0.062277712765691856,0.062186514023468184,0.061243378124856016,0.06170422213043127,0.062037586550589954,0.06068364416111167,0.06373770999269082,0.06299052804307398,0.06307408342066881,0.06308949991059251,0.06308367980210977,0.06310140499112543,0.06437543127910879,0.06186780376476282,0.06238234535022741
2022-06-23,0.06184569289354889,0.061301525951955774,0.060559699947441356,0.06133479370967544,0.06217052090222447,0.06224296059824054,0.061727085930941325,0.06344749451212128,0.06294705708854682,0.06337855686159319,0.06285383740583508,0.06335831982909733,0.06312841740336375,0.06541196968086721,0.061801341421642286,0.06249072586290534
2022-06-24,0.06132692954134985,0.06025083925522821,0.05903508720841895,0.0598298024764253,0.061771814069438644,0.062145765518668176,0.06221333509964924,0.06325253266978037,0.06344693036486124,0.06398955214623725,0.06261726430349017,0.06363598836942103,0.06283568948414003,0.06960881925845885,0.06174900323954669,0.06229064699488606
2022-06-27,0.0625,0.0625,0.0625,0.0625,0.0625,0.0625,0.0625,0.0625,0.0625,0.0625,0.0625,0.0625,0.0625,0.0625,0.0625,0.0625
2022-06-28,0.06252644513166275,0.06294252946378882,0.06285967347183863,0.06299665772149221,0.06212060874630913,0.062472471836658786,0.06253600339898968,0.06301431532760823,0.062243455789323096,0.06244272593142307,0.06262022842381813,0.06260187938817643,0.06231212868253836,0.061107829677440266,0.06262106212474612,0.06258198488418629
2022-06-29,0.06280934686690993,0.06396433025397727,0.06409641965088005,0.06475803781598068,0.06212352614089323,0.06292031463149371,0.06319502930575525,0.06300682296103242,0.0610947510882604,0.061805893894758296,0.06229792744038489,0.06222044321324629,0.06227368007293773,0.05793281365359015,0.06267728553987731,0.06282337747002244
2022-06-30,0.06245413566918897,0.06433349021618008,0.0634007127430348,0.06565601398522837,0.062195096560620035,0.06295217182628363,0.06338504189905607,0.06288169898332528,0.06105109530115647,0.062133055045729885,0.061821115931541146,0.062370738865569895,0.06249315649673114,0.05709180898806803,0.06285870373923239,0.06292196374905387
2022-07-01,0.06251747441425215,0.06424076049608808,0.06128227822809212,0.066854876846539,0.06218986936917042,0.06330453305584667,0.06474541508521649,0.06310983101422023,0.06108055316233422,0.062381466158542655,0.061709267591234365,0.06269017995394625,0.06236477761541732,0.05521041025690709,0.06307392916973457,0.0632443775824584
2022-07-05,0.0625,0.0625,0.0625,0.0625,0.0625,0.0625,0.0625,0.0625,0.0625,0.0625,0.0625,0.0625,0.0625,0.0625,0.0625,0.0625
2022-07-06,0.06175174949810925,0.0622606316715933,0.060546091662663615,0.06043398799505509,0.062289654521118384,0.06247610035177346,0.0650024968379148,0.06146944669691737,0.06283822445305824,0.062213875004588366,0.0620939062195331,0.061977275193457124,0.061920244559552556,0.06809419334450659,0.06213405603178894,0.06249806595836992
2022-07-07,0.06147206383115858,0.06240011776048861,0.060161443373009243,0.061001725246288566,0.06142302014020163,0.062497291562626456,0.06519989334608457,0.06172643060792011,0.06326515541244157,0.06269078311921378,0.06208572042791386,0.06244099547368546,0.06214801689115611,0.06665164314424331,0.06217166811082644,0.06266403155274185
2022-07-08,0.06152884676403388,0.06203706974875227,0.061498977585574655,0.05874824588654532,0.0610639621983546,0.06213994925231001,0.06361486207951848,0.06178797312257591,0.0637881922784228,0.06241148116844646,0.06260702522836674,0.062097019578086325,0.06219582560901943,0.07037085330643922,0.061897748607332034,0.06221196758622195
2022-07-11,0.0625,0.0625,0.0625,0.0625,0.0625,0.0625,0.0625,0.0625,0.0625,0.0625,0.0625,0.0625,0.0625,0.0625,0.0625,0.0625
2022-07-12,0.062385851789727886,0.0632491770374227,0.0635141087139778,0.06412327250759589,0.06265952629935159,0.06231789453036356,0.06315500268733418,0.06255685673211181,0.062092786326745364,0.06257534281969666,0.062179699636782694,0.062923250995501,0.062436386423776746,0.058477824036730595,0.06251573416317288,0.0628372852997087
2022-07-13,0.06241379386531095,0.06284792097565135,0.06177889842960893,0.06409592874988745,0.06306261417616789,0.06247626761096505,0.06449130084322836,0.0621742348233666,0.06172527116623149,0.062242150082928833,0.06244583634266666,0.06272192339006384,0.06214226976424037,0.05964436562567084,0.06268998059513257,0.06304724355887878
2022-07-14,0.06251607333876712,0.06327945323546363,0.06230221848616947,0.06415747165920492,0.06354615626508861,0.06259697190521636,0.06443033633361843,0.06203681608632747,0.06151680456435993,0.062125286097129265,0.06214909206334763,0.062395663339045435,0.06198083425043603,0.05928404359200559,0.0625307679520272,0.06315201083179289
2022-07-15,0.06195956543915326,0.06382953443811537,0.06323930189706041,0.06475699439214243,0.06308954391791514,0.06255511456466686,0.0654408710796741,0.06185423448022947,0.06157327756541423,0.06204523642378223,0.061610080103648955,0.06247513341964649,0.0615801429422854,0.05813216608239841,0.06261041010828076,0.06324839314558643
2022-07-18,0.0625,0.0625,0.0625,0.0625,0.0625,0.0625,0.0625,0.0625,0.0625,0.0625,0.0625,0.0625,0.0625,0.0625,0.0625,0.0625
2022-07-19,0.06304830260997511,0.063157322538974,0.06310589247941892,0.062006529211894534,0.062493053134186675,0.06281076062127551,0.06190936056661656,0.06215451690590222,0.06228992853588686,0.06195582648618987,0.06244295305648369,0.06236616281000306,0.06228937123005361,0.0625511995243472,0.06288219300593745,0.0625366272828547
2022-07-20,0.06296068991089628,0.06184578310335327,0.062225585402771164,0.06065729928998036,0.062202148110483815,0.06245699308291057,0.06178806331115829,0.06249131882409066,0.06331160961622696,0.06235473046938435,0.06341692764341365,0.062370427239531956,0.06261725258018763,0.0643544120534926,0.06250060919202036,0.06244615017009814
2022-07-21,0.06304584643940465,0.06192748723971076,0.0617223813118788,0.05893364264961684,0.062154814836085585,0.06229016034553228,0.06219941648615221,0.062090705470604385,0.06374984948893908,0.06200084322237117,0.06327451110072864,0.06204186431360033,0.0623739226302378,0.06739076353721148,0.062380509484898684,0.06242328144302743
2022-07-22,0.0631364534376488,0.06092956624978243,0.061375372967625484,0.05790009523533315,0.06277873745775903,0.062186807609011775,0.06186310301983421,0.062032726788928884,0.06416663186678216,0.06239253274738387,0.06317624897255193,0.06224989327316461,0.062288559671340595,0.0684533949016861,0.06249294593600296,0.06257692986516421
2022-07-25,0.0625,0.0625,0.0625,0.0625,0.0625,0.0625,0.0625,0.0625,0.0625,0.0625,0.0625,0.0625,0.0625,0.0625,0.0625,0.0625
2022-07-26,0.06246263367662817,0.06260596335909749,0.063313764761158,0.06283264008187522,0.06218646329593591,0.06223148136960193,0.06284320441703438,0.06309463298836385,0.06221552173386066,0.0622673882727575,0.06259154246320478,0.0626545643202111,0.06263715600855758,0.061502474761692724,0.0621602142282607,0.062400354261760015
2022-07-27,0.062467031993572016,0.06344733473634544,0.06387658840652237,0.06402677779828794,0.06242491566027174,0.06237869376726654,0.06284524320886713,0.06324224479301876,0.06162605909985408,0.062420834633124166,0.062396681073606845,0.06291196418627952,0.062450461607144486,0.05881648105961988,0.06227540645579457,0.0623932815204245
2022-07-28,0.0626561283246074,0.062233710218760944,0.06251271175188268,0.062160064912033956,0.06268790377620144,0.06225508245166061,0.061656165161449256,0.06340459433648854,0.06264933827833914,0.0626261959893443,0.06298272593912518,0.06263392317019753,0.0627052233581556,0.06221219791054478,0.06225203902873982,0.062371995392468876
2022-07-29,0.06327429639510711,0.061387989728723245,0.061467612578924094,0.061571630260177014,0.06332764113251643,0.06215222605233874,0.060269242789242394,0.06377505479923996,0.06348013693447585,0.06334353757351975,0.06336310496070026,0.06312057305859708,0.06284941474664038,0.061782783518208435,0.06245332410190252,0.06238143136968672
2022-08-01,0.0625,0.0625,0.0625,0.0625,0.0625,0.0625,0.0625,0.0625,0.0625,0.0625,0.0625,0.0625,0.0625,0.0625,0.0625,0.0625
2022-08-02,0.06255075975100752,0.061929607143030425,0.061305440697325374,0.06254621910033951,0.06282274639284646,0.06261226584765153,0.06260579857827996,0.06221741333434929,0.06251266476782627,0.06246810886304454,0.06276345811533363,0.06244622080669768,0.062440089685819766,0.0634495469250723,0.06267187934222763,0.06265778064914806
2022-08-03,0.06234745471868981,0.06271103494067952,0.06267407902730072,0.061579399832799385,0.06174485542372887,0.06269115008154015,0.06328414159623719,0.06191524353012381,0.06202235597606754,0.06210782719598412,0.06208274754709694,0.06222088562590108,0.0622650080790191,0.0651844592728282,0.06251794281317978,0.06265141433882378
2022-08-04,0.06175428080756734,0.0626210680945325,0.06228067234516443,0.060108886553977836,0.061902604132269945,0.06238076683629555,0.0627875774108065,0.061606801242772825,0.06237458605106325,0.06234669966504581,0.06237278028555829,0.06197250175833923,0.062173767013394984,0.06864997407440417,0.06232622264950036,0.06234081107930705
2022-08-05,0.0620927199473109,0.061868416965036276,0.06081180879490501,0.05993199033969029,0.06219761622130276,0.06225043612328713,0.06308311917340316,0.06109629214361002,0.06272940367613544,0.06253601589619907,0.06220752930500025,0.06219950228321766,0.0621306331319798,0.06944459865884929,0.06285298432132665,0.06256693301874636
2022-08-08,0.0625,0.0625,0.0625,0.0625,0.0625,0.0625,0.0625,0.0625,0.0625,0.0625,0.0625,0.0625,0.0625,0.0625,0.0625,0.0625
2022-08-09,0.06268477662902033,0.06265896149519318,0.06213533842221001,0.06179513001974033,0.06299191727065179,0.06214270505465985,0.06264755543348555,0.06255514018673514,0.06228482100043997,0.06249730224789842,0.062477481544303964,0.06251794670354936,0.06246266936020231,0.06322909269624252,0.06257597829752463,0.06234318363814268
2022-08-10,0.06266891550384819,0.06271059778296574,0.06302038476943893,0.06348914318256112,0.06292165069063464,0.06304399421948817,0.06278646930928679,0.06297004077839843,0.06173445671256279,0.062515094027843,0.06205758893828451,0.06271219659698299,0.0627098421124135,0.0598306251767426,0.062435756463443536,0.06239324373510513
2022-08-11,0.06302715357681955,0.06135315294879504,0.06117792513608843,0.06099413761571589,0.06270532487786054,0.06295026977654716,0.06205027199054152,0.06312582185629059,0.06291429959949528,0.06282785365920253,0.0628920672998463,0.06259628208535416,0.06297962004838756,0.06386450743387825,0.06247294947021845,0.062068362624958864
2022-08-12,0.06314503168319345,0.06179257930337891,0.06302553524229772,0.06091919579482891,0.06221265208948465,0.06275784867632596,0.061835026127562635,0.06327752373411892,0.0627302230131159,0.06259186480807895,0.06346931831065009,0.06256541604635638,0.06309191347373125,0.06184456027135431,0.06264496433339076,0.06209634709213132
2022-08-15,0.0625,0.0625,0.0625,0.0625,0.0625,0.0625,0.0625,0.0625,0.0625,0.0625,0.0625,0.0625,0.0625,0.0625,0.0625,0.0625
2022-08-16,0.06215352722704456,0.06269227921860682,0.06240674252708094,0.06263399825057844,0.06233995016715351,0.06245014010796309,0.062301302459571786,0.06244778997236116,0.06266390701780768,0.06287577412853787,0.062424330713067654,0.06259318520216349,0.06250008944405729,0.06264671081754673,0.0624306446732201,0.0624396280732388
2022-08-17,0.06203592365287619,0.06267385227799442,0.06286077170888957,0.06299538665510161,0.06229183172316955,0.06256643686301994,0.06281200375176291,0.06252776102818057,0.06269425147411653,0.06308491313612832,0.06251580152065644,0.06257950712624565,0.06294175468409703,0.06082969928445648,0.06222626481524922,0.062363840298055584
2022-08-18,0.06184524391146806,0.0630500115659209,0.06445565649383361,0.06461721216467858,0.06209159899282843,0.0627021911409262,0.06331457567510604,0.06273917086318911,0.06235200765387799,0.06286799688789146,0.06197163910456957,0.06264364206449365,0.062946004866112,0.057759678771518295,0.06208262026210564,0.0625607495814805
2022-08-19,0.06177210749621139,0.06334317434095131,0.0653566360979199,0.0645986833131612,0.062208333061574174,0.062435031029643644,0.06315194857029825,0.06291484586461263,0.06240284149506935,0.06278415466962779,0.06221711431031154,0.06252591470860583,0.06311310468017861,0.05689665360153998,0.06196321950525572,0.062316237255038806
2022-08-22,0.0625,0.0625,0.0625,0.0625,0.0625,0.0625,0.0625,0.0625,0.0625,0.0625,0.0625,0.0625,0.0625,0.0625,0.0625,0.0625
2022-08-23,0.062357017578953934,0.06307821234965791,0.06353572019609448,0.06383666464571257,0.06241427340502194,0.06293979574854329,0.06365923057844532,0.06230580171480014,0.06167125493992375,0.06203545019700288,0.061489510154805894,0.06250411866948838,0.06195255232931268,0.0614187672976394,0.0626174647373055,0.06218416545729195
2022-08-24,0.06283345768038485,0.06324877134171959,0.06389347498764031,0.06324320907415328,0.06267905155026973,0.06285340884307558,0.06325815561331384,0.06253144507615502,0.061586744738322693,0.061712548951457294,0.06157212892802277,0.06237421990934491,0.0620617015210227,0.06118836880141007,0.0627493125807622,0.0622140004029451
2022-08-25,0.06285102087799548,0.06302995603843504,0.06388992601914521,0.062443567841300715,0.06245918397696649,0.06291132539179195,0.06313125916003118,0.06266048626278821,0.061618995800978,0.06163980130429083,0.06162201755386116,0.06229307753141163,0.06190515717439481,0.06262426305531868,0.06265544798241045,0.06226451402888008
2022-08-26,0.06299540285602066,0.062104762090461625,0.06303698961105558,0.060748175862215086,0.06292720431114082,0.06267345539032829,0.06280052625806057,0.06281222244354712,0.06230598710939714,0.06175600768425178,0.06233817139308319,0.06245417825787137,0.06196428558379578,0.06402179019398926,0.06262548544460363,0.0624353555101781
2022-08-29,0.0625,0.0625,0.0625,0.0625,0.0625,0.0625,0.0625,0.0625,0.0625,0.0625,0.0625,0.0625,0.0625,0.0625,0.0625,0.0625
2022-08-30,0.062496222737523095,0.06293518260754025,0.06334734837217434,0.06313918582757111,0.06183310120906668,0.06269851824608022,0.06298415812362355,0.06252038817435857,0.06205397812979829,0.06229858811067804,0.06235493671974452,0.06232716774764644,0.0624884878678235,0.061620695592324935,0.06257306092814893,0.062328979605897575
2022-08-31,0.0620540444322269,0.06356492265175577,0.06364991907870014,0.06368557335448341,0.0618098837833515,0.06306914363899517,0.06370697816748905,0.0618846798079945,0.06176619560147033,0.06210334647163569,0.062072032213505116,0.061974828467661926,0.062212435623932104,0.06164191723008854,0.06272838123513527,0.06207571824157459
2022-09-01,0.0621500122512314,0.0639055955861732,0.0641049902683277,0.06393471166497257,0.061063276990167475,0.06316898721511346,0.0645575096233176,0.06156686199983221,0.06152360198808318,0.06197893465167425,0.06172510677871962,0.06176808562957234,0.061966678564630964,0.06187002906190164,0.062809939965591,0.06190567776069138
2022-09-02,0.061458810463991924,0.06472764238696889,0.06419104813683113,0.06467863575349822,0.06011094719727516,0.0630995346321083,0.06464865024782643,0.06162347483737313,0.061467329472186576,0.062399289200458376,0.06163428044689092,0.061999339609071745,0.06194299582799808,0.06144987892827709,0.0626226522912869,0.06194549056795709
2022-09-06,0.0625,0.0625,0.0625,0.0625,0.0625,0.0625,0.0625,0.0625,0.0625,0.0625,0.0625,0.0625,0.0625,0.0625,0.0625,0.0625
2022-09-07,0.06237197786696231,0.06341506889319595,0.0631653654174609,0.06276447355343207,0.06155469745527654,0.06244996509056541,0.06301679121545818,0.06245158984821272,0.06254773588689308,0.06247595795818421,0.06208322090419534,0.06268823647197495,0.062498542356183164,0.06183649484643156,0.0622809544853321,0.062398927750241515
2022-09-08,0.06241647316211011,0.06258653007907486,0.06081280218105578,0.061569205650810234,0.061969833199889905,0.0623019350566668,0.061517427610118636,0.0626579954488439,0.06326944725167133,0.06334123339809686,0.06253496699497516,0.06324060378583306,0.06256709172911344,0.0635725609957775,0.06252664954717053,0.06311524390879197
2022-09-09,0.062366330694600014,0.0625358634288033,0.06120869638892522,0.060159836670960434,0.06139084041335745,0.062200490381620135,0.061416355222373,0.06273487605271776,0.0634483701786464,0.06330919681637491,0.06269555498690862,0.06330359598271153,0.06268327542938305,0.06514661394227717,0.0621860008744302,0.06321410253591088
2022-09-12,0.0625,0.0625,0.0625,0.0625,0.0625,0.0625,0.0625,0.0625,0.0625,0.0625,0.0625,0.0625,0.0625,0.0625,0.0625,0.0625
2022-09-13,0.06275393723750457,0.061677276951119506,0.06229174418707585,0.06164800960196316,0.06213917673285969,0.06228556046132791,0.06194302974798891,0.06278057464498144,0.06264587940216372,0.06262988225491546,0.062911495386767,0.06258768708474584,0.06247854125479376,0.06377390163437947,0.06256608823446158,0.0628872151829522
2022-09-14,0.06259247304561623,0.06374604196153418,0.06497030923859988,0.06467009701348002,0.06231268655625252,0.06312127590811192,0.0645186585646966,0.06191334108743291,0.06086874672706491,0.06166503480750248,0.06130738718696047,0.06170813224579611,0.06191898900122609,0.0605081648397894,0.06287705485135724,0.06130160696457909
2022-09-15,0.0624793190011525,0.06346969815428284,0.0643770710653274,0.06423687694372014,0.062375523134971,0.06304240634203549,0.06484150160002837,0.062202358199838506,0.060747100712546215,0.06147228712377701,0.061015519916947515,0.06174028561532917,0.061869154782887355,0.06197645674454134,0.06281096324987824,0.06134347741273701
2022-09-16,0.06203798305447654,0.06390576991531957,0.06461875767757376,0.06438887443281419,0.06213435093650201,0.06318294945225081,0.06510683035676422,0.061962431187997255,0.06015731174269759,0.06102899611324581,0.06109792603171668,0.06151656136605861,0.06158391173724702,0.06361701804817677,0.06273985558912755,0.06092047235803172
2022-09-19,0.0625,0.0625,0.0625,0.0625,0.0625,0.0625,0.0625,0.0625,0.0625,0.0625,0.0625,0.0625,0.0625,0.0625,0.0625,0.0625
2022-09-20,0.06246513040601257,0.062435534717676745,0.06309873629014243,0.06209480708303312,0.062284117198500785,0.062303705215535424,0.06270567509517032,0.0625068703104549,0.0627045121914033,0.0625929947924732,0.0626978837988537,0.06264033713980639,0.06250427098127265,0.0621524682562994,0.06224069679984174,0.06257225972352337
2022-09-21,0.062448480731557954,0.0632772200329956,0.06372866303242662,0.06284551794174251,0.062257809889653314,0.06256845070941204,0.06304737536086764,0.06248495842435988,0.06221908773592283,0.062233757838014464,0.06182608779360474,0.06247854518591116,0.06257595598268716,0.061008404069865324,0.06235898284024645,0.06264070243073237
2022-09-22,0.06254400981733944,0.06410583782402925,0.06409477757803334,0.06377334579577869,0.06266668536595493,0.06290713955976597,0.06355013001400052,0.062094620443631246,0.06169561051917512,0.061894528585466,0.06130509096345055,0.06215144385894728,0.06234672253443408,0.05984242828896701,0.062482844448020596,0.06254478440300604
2022-09-23,0.0625036593030091,0.06448996997069299,0.06481048176203706,0.06553107748275676,0.061808977069178477,0.06333119172072776,0.06388306340290549,0.06245848680173015,0.061316019118104234,0.061928563761201434,0.06097478263941296,0.06211229441090638,0.06232764251246921,0.05749874504811956,0.06243845596802884,0.06258658902871966
2022-09-26,0.0625,0.0625,0.0625,0.0625,0.0625,0.0625,0.0625,0.0625,0.0625,0.0625,0.0625,0.0625,0.0625,0.0625,0.0625,0.0625
2022-09-27,0.062133942828878574,0.06375227290987308,0.06436006986957382,0.06307538336824892,0.061140305839102495,0.06254236130884767,0.06313295440937852,0.06210659816471994,0.062165850612502696,0.062186938137831084,0.061781577098232475,0.06225035038148282,0.06223012090420869,0.06219597319034318,0.06254599859334146,0.062399302383434614
2022-09-28,0.062360076372104674,0.06426639102276725,0.0646429538428075,0.06249754629905239,0.06037679431404364,0.06258897536003667,0.06301044729212446,0.06212554949149178,0.06214355758131545,0.061873274417225066,0.061772603971379535,0.06188528311118681,0.061952033563903976,0.06355960379501827,0.06256753481373059,0.062377374751811994
2022-09-29,0.06307676368419711,0.062304778400237217,0.06199845827169506,0.06097249456932793,0.06178885228581697,0.062223263821050555,0.06081622867559906,0.06287283687167572,0.06303068439028524,0.06239852917023404,0.0625148175992947,0.062377230616500655,0.06236454016785037,0.06590117803322536,0.0626091005549448,0.0627502428880652
2022-09-30,0.06340678101163996,0.06307963014003551,0.0634720155463415,0.06227318345364473,0.061432661069397335,0.06268326828656262,0.0616476083232176,0.06267323107533179,0.06242824394709964,0.06206045398729869,0.061982650803032925,0.06223826741198894,0.06241142219561007,0.06299237043903792,0.06270428073758753,0.06251393157217314
2022-10-03,0.0625,0.0625,0.0625,0.0625,0.0625,0.0625,0.0625,0.0625,0.0625,0.0625,0.0625,0.0625,0.0625,0.0625,0.0625,0.0625
2022-10-04,0.06304622907653451,0.06099672996744752,0.06043692090371066,0.06142055972947504,0.0634337992047839,0.06184253132377908,0.061155966061655395,0.06342279804586426,0.06344039075251942,0.06324627483553762,0.06361676229425998,0.06318489437645065,0.06324752239745772,0.062002294171008165,0.06236945664086547,0.06313687021865054
2022-10-05,0.06346563933819807,0.05897752297871764,0.0583796889009325,0.0591300044707369,0.06364692537076007,0.06136844870470209,0.059685413402607336,0.06401249797938194,0.06430320251102303,0.06362896397824762,0.06494966681790577,0.0634420250818103,0.06357825358387148,0.0657363446503453,0.06216392107159433,0.06353148115916547
2022-10-06,0.06324492972488913,0.05959356590261759,0.059922173758278664,0.05920237335000746,0.06293769392033968,0.061159689648555116,0.05985272204612444,0.06414191434356423,0.06436105222641753,0.06340768627534124,0.06481789738762564,0.06333165294960162,0.06356685126619098,0.06457397085385518,0.062318212674551496,0.0635676136720399
2022-10-07,0.06326238909025081,0.06042536976062447,0.06152527772196587,0.058900137815652225,0.06247891171412225,0.06131243492176572,0.06079252420065852,0.06387429246087702,0.06397013789761241,0.0625970454719375,0.06426439781860203,0.06278064895265392,0.06326825135824163,0.06494541724614102,0.0623199192706541,0.06328284429824041
2022-10-10,0.0625,0.0625,0.0625,0.0625,0.0625,0.0625,0.0625,0.0625,0.0625,0.0625,0.0625,0.0625,0.0625,0.0625,0.0625,0.0625
2022-10-11,0.062173203327781,0.0632356516405679,0.06321859934310653,0.06386513031117139,0.06202205925099979,0.06267692333003329,0.06254535067118928,0.06239810084231807,0.062369832457773514,0.06266136031072832,0.062185565760136834,0.06265143680858787,0.06260283140657728,0.06068087187156591,0.062401507722883935,0.06231157494457909
2022-10-12,0.06234463754399502,0.06350057677405517,0.06364910068006008,0.06461110893065633,0.06202929386863293,0.0627526859040737,0.062404963366711995,0.06260649376850569,0.062123229396622515,0.06273930873621844,0.06222588448847856,0.06262027846889018,0.06237291859115043,0.059704484058914105,0.06224798932132424,0.06206704610171063
2022-10-13,0.06218956423177819,0.06342484171515145,0.06348824647598494,0.06452766935894738,0.06235103794670445,0.0628443631914114,0.06271111001686502,0.0624916522965599,0.061950587972201855,0.062365076863472986,0.06202033303087014,0.06238520452336653,0.062347946752016464,0.060560619123573634,0.062386301549615775,0.0619554449514799
2022-10-14,0.06189572327389315,0.06258610974880588,0.062417371778739586,0.06441313534997828,0.061792944503227726,0.06212720537524877,0.06286428730042115,0.06340708261426146,0.06246967586342643,0.0628964826906034,0.06305501001319216,0.06278883940910816,0.06313440556908316,0.05967971079331677,0.061770385459344136,0.0627016302573498
2022-10-17,0.0625,0.0625,0.0625,0.0625,0.0625,0.0625,0.0625,0.0625,0.0625,0.0625,0.0625,0.0625,0.0625,0.0625,0.0625,0.0625
2022-10-18,0.06271979068778819,0.061053569091453125,0.06044515559946762,0.061027525918588725,0.06232337507385837,0.06188197729547503,0.061246917635558236,0.06268269815760165,0.06344843424403529,0.06301365148998037,0.0627874913211873,0.06287473885973861,0.06285976144802091,0.06616983152341517,0.06211280822968442,0.06335227342414704
2022-10-19,0.06255871417765203,0.06048630843710946,0.05943519163907856,0.06080885568424775,0.06208707005472366,0.06154143091322236,0.060664421550472684,0.06299278733810693,0.06382175871072263,0.06338494582845866,0.06319629613110538,0.063129958364318,0.06318883844917325,0.06687290721933796,0.06208162910918376,0.06374888639308703
2022-10-20,0.06244440488396694,0.06179088864277579,0.06034414350537598,0.06163124231515917,0.06168377545889503,0.061699765188328946,0.06139094596040504,0.06330400363418585,0.06354452651105767,0.06306749513275524,0.0629472386952979,0.06291452598775929,0.06337585527629666,0.0642434462370655,0.06200900926073531,0.06360873330993977
2022-10-21,0.06260619400999255,0.06230536974676861,0.06059174673251031,0.06177551564435316,0.06160707914264859,0.062031748626211754,0.061605203396864115,0.06320771053852711,0.06322290219018928,0.06272897092809109,0.06306571191752466,0.06248663185807861,0.06323363409839168,0.06418782957037192,0.0620944790378347,0.06324927256164203
2022-10-24,0.0625,0.0625,0.0625,0.0625,0.0625,0.0625,0.0625,0.0625,0.0625,0.0625,0.0625,0.0625,0.0625,0.0625,0.0625,0.0625
2022-10-25,0.06235802793734772,0.06260402782510412,0.06206723810079628,0.06232007026201265,0.06215225985714022,0.062260439189916514,0.06255631050299865,0.06306993526044082,0.06302195454229353,0.06309338974282049,0.06306589386646058,0.06291355783986065,0.06269609397678808,0.06147957509066063,0.06175174255697461,0.06258948344838439
2022-10-26,0.06229685418867237,0.06132706120769826,0.06059171119998401,0.060337835622730186,0.06250849668565653,0.06207244529363513,0.062355002871559054,0.06295762027933809,0.06385894294373039,0.063328286658133,0.06340450941529126,0.06293545042590219,0.0628558476375469,0.06507951149051124,0.06164786136668235,0.06244256271292887
2022-10-27,0.06272440928234096,0.06049627037478112,0.059405967086715875,0.06055713165344627,0.06305766980028997,0.06196690758659846,0.061767035970421186,0.06337191867640969,0.0635992055398519,0.06340466984058167,0.0638659818094608,0.0631602576103343,0.06303066820400834,0.06523041883895789,0.06194560235818994,0.0624158853676114
2022-10-28,0.0626778168440369,0.06069298522898708,0.058945003117715396,0.060917926589677956,0.06341637998489724,0.061884734118072465,0.061802921742271595,0.06343058552464341,0.06308481096210496,0.06341425928453377,0.06372773591634419,0.06344451898330021,0.0630654875882437,0.06523386211334899,0.061849864943435015,0.06241110705838687
2022-10-31,0.0625,0.0625,0.0625,0.0625,0.0625,0.0625,0.0625,0.0625,0.0625,0.0625,0.0625,0.0625,0.0625,0.0625,0.0625,0.0625
2022-11-01,0.062386422125790424,0.06306732110447903,0.06341205995308719,0.06260725667490318,0.062113440989364416,0.06258746746427525,0.06313871646673173,0.06240856040441365,0.062023172682182874,0.06220531878607271,0.06229100453717208,0.06253851936572719,0.06258962145425534,0.06162524677626458,0.06238563402098556,0.06262023719429481
2022-11-02,0.0628041930948295,0.06269833134973418,0.06316139725299491,0.06256427556974241,0.0628716758049715,0.06268409250673625,0.06222067398291824,0.06232026221899184,0.06201841841752484,0.06215274756258472,0.06262471214325929,0.06249333257203831,0.06248357462995961,0.06165853298586523,0.06262471214325928,0.06261906776458986
2022-11-03,0.06267269544575399,0.06384800314152064,0.06443516529532994,0.0648027355590665,0.06261076348210658,0.06249694669534322,0.06394603035079795,0.06184185214999378,0.060857157471361195,0.06147811467026993,0.0619118026546613,0.06242831051788226,0.061915915229784596,0.05923370893614268,0.06265677954411042,0.06286401885587502
2022-11-04,0.06270452884584661,0.06441409437870667,0.06566410348226709,0.06449065684680214,0.06213934056252848,0.06212711782325408,0.06429330759240924,0.062053957774885364,0.06046586150935332,0.0612394632404594,0.06141370527182523,0.0625171040541116,0.06194256749053601,0.0590046947328539,0.06264881366739997,0.06288068272676092
2022-11-07,0.0625,0.0625,0.0625,0.0625,0.0625,0.0625,0.0625,0.0625,0.0625,0.0625,0.0625,0.0625,0.0625,0.0625,0.0625,0.0625
2022-11-08,0.06262665700501584,0.06230554798045906,0.06221636477191471,0.06214453903386172,0.06233510428707509,0.06207316969077235,0.06261164880623558,0.06288580486635453,0.0629502741268177,0.06270536040695125,0.06282899295113471,0.06264913260454304,0.06294410779439953,0.061826282082954584,0.06240905492551344,0.062487958665996796
2022-11-09,0.06308711321329454,0.06134889523045238,0.06138815616897991,0.06220448640677115,0.06283991893108791,0.06202511432354889,0.06153109724752679,0.06326262687987765,0.06329450463724301,0.0631583259706711,0.06305790987879706,0.06301382423009656,0.06318223521485611,0.061550997412090934,0.06253501346759549,0.06251978078711054
2022-11-10,0.06312241635193977,0.06233978303559979,0.061893845830672076,0.06384731049676828,0.06309215461068984,0.06258130575340205,0.06166385899926579,0.06259610052510373,0.06276189608452816,0.06320155323215844,0.06255973091927448,0.06312539264424434,0.0630028946568287,0.05824584407667025,0.06294030540504414,0.06302560737781014
2022-11-11,0.06377127142881792,0.058731469636075805,0.05753548986084337,0.05982514807972386,0.06458799226275597,0.061907641125045654,0.059430614420720985,0.06299034774048083,0.06550006160239125,0.06414747067834478,0.06406899300799918,0.06334473186191651,0.06351410543342188,0.06539610112544289,0.06290866160239088,0.06233990013362826
2022-11-14,0.0625,0.0625,0.0625,0.0625,0.0625,0.0625,0.0625,0.0625,0.0625,0.0625,0.0625,0.0625,0.0625,0.0625,0.0625,0.0625
2022-11-15,0.06253104701979328,0.06289722692035767,0.063054840346956,0.06323225053327153,0.06235845277683465,0.06264229447911951,0.06300497325900395,0.06263690614497706,0.0621493809103934,0.06249716950118128,0.062245548475442745,0.06273076698274602,0.06247057811348092,0.06035124814935495,0.06251090117157512,0.06268641521551195
2022-11-16,0.06268231424127782,0.062121521258281465,0.0621205061341665,0.06222779151869853,0.06291629128897681,0.06259198431956077,0.062390816492394835,0.06272315808570385,0.06269673060261696,0.06268552510920077,0.062466606550428724,0.06269426268557685,0.062477310718970606,0.06184674526175367,0.06281419094388972,0.06254424478850219
2022-11-17,0.06259670971577479,0.062067863912856264,0.06176651270184582,0.06386669571333256,0.06355705322005398,0.06307378931501133,0.062125051218168116,0.06282802387010479,0.06220687547969928,0.06307008047218218,0.06176886268098961,0.06325676479882374,0.06282551294514745,0.05903543097676473,0.06299985519717513,0.06295491778207032
2022-11-18,0.062253169804645465,0.06255190644434745,0.06260288324837468,0.06461060196534239,0.0629253944028974,0.06290529633968046,0.062159507666122216,0.06309110180743543,0.062107628307061506,0.06303888365238237,0.061905297028328546,0.06322337268717636,0.06308292963651542,0.057816598570322605,0.06275162508224118,0.06297380335712659
2022-11-21,0.0625,0.0625,0.0625,0.0625,0.0625,0.0625,0.0625,0.0625,0.0625,0.0625,0.0625,0.0625,0.0625,0.0625,0.0625,0.0625
2022-11-22,0.0620524590402632,0.06290195404340823,0.06276570506157439,0.06351644374226158,0.0626371605171245,0.06262908803465336,0.06264748876139685,0.06257352709202495,0.062228241493470275,0.06281817985426179,0.06235942233079485,0.0629182475434878,0.06263844315079224,0.06024182091184546,0.06248265020299843,0.06258916821964212
2022-11-23,0.06236918906077944,0.062133243042562854,0.061785075342966914,0.06315273070735683,0.06312146038643206,0.062329853590764456,0.06226655106103214,0.06311434897011539,0.06288401815519003,0.06302155658746827,0.06301983962391056,0.06290488226229274,0.06284638944904286,0.06008403472431632,0.062318798210345396,0.06264802882542374
2022-11-25,0.06232719632251524,0.061307361057352724,0.05997732982791595,0.06267971348279183,0.0638539062197524,0.06243957589688912,0.06242488462392693,0.06297205694967038,0.06317740245468018,0.06314259665099539,0.0630607132576362,0.06293026376793354,0.06292635654636931,0.061695879145301336,0.062340181514892345,0.06274458228137723
2022-11-28,0.0625,0.0625,0.0625,0.0625,0.0625,0.0625,0.0625,0.0625,0.0625,0.0625,0.0625,0.0625,0.0625,0.0625,0.0625,0.0625
2022-11-29,0.06209161809855971,0.06311310462620005,0.06361049015951896,0.06366208886722041,0.06257511841220628,0.06287389007206831,0.06307626884582808,0.062132179683329555,0.062019458180333574,0.06218891022523895,0.06174697277107524,0.06248453885824095,0.062200656487124556,0.06110993213092706,0.06261354614568222,0.06250122643644608
2022-11-30,0.06230126232776064,0.063196307737821,0.06384969635061799,0.06360538906446295,0.062187719298149945,0.06291773539422565,0.06326723257647546,0.06213893522765738,0.061927339267333716,0.06207436374044919,0.062015524908853696,0.062406653883219136,0.062196612716627714,0.06072396252593506,0.06277453798211624,0.06241672699829427
2022-12-01,0.06238073523734712,0.06151496703489342,0.062193443958190806,0.06186613717819325,0.06282708714455713,0.062184662392498834,0.06110614227176773,0.06252314311369646,0.06316327302513426,0.06286582148300845,0.06262388186362003,0.06239136137942755,0.06254054015787609,0.0646589334148514,0.06272718619447591,0.0624326841504616
2022-12-02,0.06298448653297439,0.060942449820514416,0.060771441763379196,0.06188472535018878,0.06422015638819632,0.06228339001232813,0.05976034360151873,0.06229517930622489,0.06322782615583937,0.0630292753095835,0.06249843722646452,0.0624149728285912,0.06260302304466993,0.0654665221560246,0.063085778278595,0.06253199222490707
2022-12-05,0.0625,0.0625,0.0625,0.0625,0.0625,0.0625,0.0625,0.0625,0.0625,0.0625,0.0625,0.0625,0.0625,0.0625,0.0625,0.0625
2022-12-06,0.06203476886744889,0.0636917791772477,0.06404703762832588,0.06403542623288305,0.06172378699873239,0.06303733262157057,0.06322275962787605,0.062094911537800924,0.06202170376003461,0.06216366646105289,0.06194229997565635,0.0627878463097714,0.06225633071348638,0.05960370702207418,0.06258545663451454,0.06275118643152422
2022-12-07,0.062077368202681504,0.0641282190890159,0.06429726848740805,0.06473124857547646,0.06247460847996153,0.0634295907527294,0.06341119183379228,0.0618281653677551,0.06146970614273996,0.06213341098082512,0.061655743948346296,0.06286281919771512,0.062242471724504866,0.05763670655741728,0.06283875737625258,0.06278272328337856
2022-12-08,0.06231598538961755,0.06361242283701415,0.06370590833634389,0.06465952473341097,0.06310256317774632,0.06353040878168335,0.06350293279106077,0.06203525844928012,0.06141067736278307,0.06222061718865089,0.0617342524095075,0.0629168462888214,0.062228005894302704,0.05720548423535983,0.06305338155205507,0.06276573057236239
2022-12-09,0.062230964382508205,0.06325946916803406,0.06348859580586033,0.06408738786918636,0.06303649980375436,0.06337973773163143,0.06378112499317018,0.06183401061406853,0.0616462640358429,0.06233781689319301,0.06178966920934529,0.0629440497632825,0.062370423487608066,0.05828624374837854,0.06276458079588204,0.06276316169825429
2022-12-12,0.0625,0.0625,0.0625,0.0625,0.0625,0.0625,0.0625,0.0625,0.0625,0.0625,0.0625,0.0625,0.0625,0.0625,0.0625,0.0625
2022-12-13,0.06233340853666541,0.06198641657212589,0.06217713490938599,0.061356070685549026,0.06235418962958128,0.06224284101780991,0.061952102233812076,0.06292550017359037,0.06310102832881853,0.0629758132297396,0.06293418858675505,0.06283734518251054,0.06278910734186956,0.06324862021024372,0.06236438405773963,0.062421849303803505
2022-12-14,0.0630232270590484,0.06146919860847462,0.06136624003605621,0.06083574564985156,0.0625284354133153,0.06224490160847663,0.06143185660823466,0.0627554414405679,0.06363232506635472,0.062989364453156,0.06325289216074441,0.06292019965608202,0.06304664977905722,0.06319498593150198,0.06245321259353275,0.06285532393554559
2022-12-15,0.06308164070729287,0.061471228380946874,0.06141429542066241,0.06107528806918641,0.06233242455800134,0.06248646462932607,0.061302077918537555,0.06277788923119754,0.06350269106176178,0.06287730841050954,0.06304682879473641,0.06291096823455238,0.06315476777540918,0.06267466663372637,0.06276925736881551,0.06312220280533772
2022-12-16,0.06302111633261871,0.0621698387046501,0.06332952936158764,0.06229945704122591,0.06286693949155915,0.0630185495006025,0.061740968102501376,0.06266664255769912,0.0625825044279409,0.06236952537246674,0.06226020135361536,0.06262762543190592,0.06284702371807149,0.060303504264817905,0.06272678606648956,0.06316978827224756
2022-12-19,0.0625,0.0625,0.0625,0.0625,0.0625,0.0625,0.0625,0.0625,0.0625,0.0625,0.0625,0.0625,0.0625,0.0625,0.0625,0.0625
2022-12-20,0.06244297319227074,0.06278828350604322,0.0629558860648088,0.06325982662651639,0.06231742035915319,0.06274904372084657,0.06276140212836842,0.06269978137847722,0.0621343008818416,0.062451098986109066,0.062197758059950856,0.06245346110130189,0.0625451416268768,0.06084467027316904,0.06274352425894836,0.06265542783531787
2022-12-21,0.06284445174203718,0.06309482611718249,0.06301250020594605,0.06303960543439416,0.0619899587772502,0.06272906874406052,0.06294500957282018,0.06284396940889907,0.06213451696525722,0.062387115961931715,0.06207878910313622,0.062400396976193775,0.06255140073301829,0.06065412869601394,0.06264425481441838,0.06265000674744058
2022-12-22,0.06277093333579008,0.06232838453167388,0.06262693033330137,0.06253532261433208,0.062240050223106004,0.06234527707262009,0.062207600947339375,0.0632337536759337,0.06273970188323984,0.06263077078578029,0.062397945420240276,0.06267285266845904,0.06285125672831,0.06117891748712405,0.06259437202903245,0.06264593026371747
2022-12-23,0.06234196172952491,0.06315903593114915,0.06354783187320366,0.06381141160305544,0.061763200569049104,0.06265154653069932,0.06280025778878341,0.06294610257631472,0.06217475315319171,0.06257717586003105,0.0620508967644782,0.06262338029062958,0.06275200500217352,0.05948700881268119,0.06272008586335066,0.06259334565168433
2022-12-27,0.0625,0.0625,0.0625,0.0625,0.0625,0.0625,0.0625,0.0625,0.0625,0.0625,0.0625,0.0625,0.0625,0.0625,0.0625,0.0625
2022-12-28,0.06274217381279344,0.06269447838047223,0.06221417291057033,0.06320880207760238,0.06230032806861273,0.06267311221549998,0.06288630188110281,0.0627049718838698,0.06239707142752817,0.06270640567647424,0.06258709153410265,0.06274145740724078,0.06271540808639706,0.060188853174224614,0.06268024732257413,0.0625591241409346
2022-12-29,0.06254955608457932,0.063705698120524,0.06060304008699279,0.06405126047618162,0.062399687420516735,0.06314510501047703,0.06353027786511746,0.062433117225805225,0.06202934897258735,0.06251635935837277,0.062097465707744576,0.06258527252655596,0.06263315377149845,0.06035704669489732,0.06276112629370657,0.06260248438444278
2022-12-30,0.06256395424717962,0.06283924634843478,0.05964079570294252,0.06281917767093541,0.062423779646056964,0.06276795494326068,0.06322889602285243,0.0622604170699699,0.0625996820206381,0.06266284166577693,0.06255733546269576,0.062707907276876,0.06250472317846777,0.06295443513413113,0.06275002886182646,0.0627188247479555
2023-01-03,0.0625,0.0625,0.0625,0.0625,0.0625,0.0625,0.0625,0.0625,0.0625,0.0625,0.0625,0.0625,0.0625,0.0625,0.0625,0.0625
2023-01-04,0.062262750976967554,0.06244935552264994,0.06298922021943423,0.06342628668490087,0.06293591260620963,0.06258015855943427,0.06303311994411649,0.061600388465857546,0.06242410728914559,0.06266066030352724,0.06260675756589335,0.06257690680123461,0.06226821620828442,0.06103689331366043,0.06259988931680988,0.062549376221874
2023-01-05,0.06231065024289521,0.061650045060217755,0.06198503738663037,0.06276950293314107,0.06340686431446572,0.06219189845580313,0.06265344761387155,0.06122069267007224,0.06259826151380014,0.06267632153524356,0.06325424345411275,0.0625561213440819,0.06207938665636113,0.06334677575036038,0.0627736332341612,0.0625271178347819
2023-01-06,0.06212929385745082,0.06200441356944422,0.06303148655731726,0.06334520792435928,0.06352664818982318,0.06232282681337573,0.06312078626872325,0.061423108962342834,0.06211939039304233,0.06234644950104981,0.06318525262293138,0.06216420424654051,0.06208400373700943,0.06207958763564979,0.06269561049104337,0.06242172922989677
2023-01-09,0.0625,0.0625,0.0625,0.0625,0.0625,0.0625,0.0625,0.0625,0.0625,0.0625,0.0625,0.0625,0.0625,0.0625,0.0625,0.0625
2023-01-10,0.06263677768263241,0.06247770016754058,0.06216889914040551,0.061610481991364284,0.06280118434816472,0.06224805134538245,0.06198378778464583,0.0617068852317841,0.0624950711469893,0.062092290969016854,0.06238460429933497,0.062362204972539644,0.06235310945218,0.06541451692001282,0.0626736975873904,0.06259073696061611
2023-01-11,0.06253850771050301,0.062478482971504934,0.06248793762368716,0.060808751540330226,0.062452394311104484,0.06222081324186121,0.06179973750946664,0.06174322289771065,0.06266209160579585,0.061988821835633874,0.06254347503977555,0.06227132371127482,0.062363416866187925,0.06672560522196061,0.062411200412568375,0.06250421750063474
2023-01-12,0.0625363752430773,0.06188630605333616,0.06111050561389079,0.05980376749078409,0.06289140554828278,0.061904141197842974,0.06097383710310821,0.061826354343253676,0.0633590198844021,0.062330861439929705,0.06284899459989397,0.06242044398603415,0.0625242961260409,0.06876707995167675,0.06236188592028951,0.062454725498157095
2023-01-13,0.06294792793934866,0.06161508299008647,0.06006475504693475,0.059350090885927916,0.06360911394943766,0.06188023718242986,0.060280913596455814,0.06185552200164588,0.06351334575426344,0.06202038840342682,0.06297471896104959,0.062345651816786425,0.06251906797324469,0.07005144628310775,0.062477653074741096,0.06249408414111325
2023-01-17,0.0625,0.0625,0.0625,0.0625,0.0625,0.0625,0.0625,0.0625,0.0625,0.0625,0.0625,0.0625,0.0625,0.0625,0.0625,0.0625
2023-01-18,0.06251966314996667,0.06281377190735161,0.062384981571964836,0.06184018436452549,0.06222669649287801,0.06243992068115082,0.061694674261329685,0.06243564222911547,0.06250616935556522,0.062348267488359255,0.062271760867328926,0.062479871313841126,0.062294856019486144,0.06446475646662936,0.06259437258972513,0.06268441124078226
2023-01-19,0.06279033821892469,0.0629677241610928,0.06262984110637686,0.06246995808760982,0.06330818076343434,0.06305317168083849,0.06128488130247565,0.061943690217316216,0.06220127355037593,0.06181392448462388,0.06177634280553629,0.0623386957029515,0.06174368090623353,0.0631422917305743,0.06327758550945367,0.06325841977218208
2023-01-20,0.0629631059058317,0.06349831490662132,0.06284434302741149,0.06347491232271711,0.06363927813402123,0.06306052402529318,0.06224162531675324,0.06197953747056467,0.06177129609984323,0.06154077758776013,0.06141937214087034,0.06210357372801317,0.06165820090934493,0.0612086998484358,0.06321138468819355,0.06338505388832492
2023-01-23,0.0625,0.0625,0.0625,0.0625,0.0625,0.0625,0.0625,0.0625,0.0625,0.0625,0.0625,0.0625,0.0625,0.0625,0.0625,0.0625
2023-01-24,0.06229907601027943,0.062169504425324644,0.0618927216544246,0.06115538086097116,0.0623578873680102,0.06244398623047648,0.06279493814751212,0.06229926484272303,0.06299626325481927,0.062470206854349446,0.06311665231715527,0.062293829553828416,0.062186834726901286,0.06486068522276647,0.06221205884162384,0.06245070968883424
2023-01-25,0.06240680834650913,0.06217754158459346,0.0618798675946675,0.061492237489878795,0.0629219003526167,0.06225823471124158,0.06242463805505321,0.06252397214268456,0.06298466630252532,0.06249162685247504,0.06296273238309241,0.062402912615987564,0.062338341370634445,0.06386940325288033,0.06236967854397449,0.06249543840118534
2023-01-26,0.06253948633023981,0.062046799118186294,0.06186766053660676,0.06174385441006563,0.06311610814638834,0.062073108702938744,0.06186231129881623,0.06262658486115887,0.06282327939837097,0.06249854647851114,0.06340682757832392,0.06228166080358718,0.06244190501077908,0.06383099945128225,0.06238862251213539,0.0624522453626092
2023-01-27,0.06247266983357234,0.06189733480949265,0.062129248672422026,0.06084490043335149,0.06297848712217967,0.061697827085357336,0.06185387538259562,0.06295569129758621,0.06323349819865144,0.06233257185772907,0.06361420695560766,0.06205626960767481,0.06247586228099773,0.06485336970739,0.062234907644909895,0.06236927911048193
2023-01-30,0.0625,0.0625,0.0625,0.0625,0.0625,0.0625,0.0625,0.0625,0.0625,0.0625,0.0625,0.0625,0.0625,0.0625,0.0625,0.0625
2023-01-31,0.062391978131497605,0.06289880824029398,0.06349784809055357,0.06344021071192255,0.062366301041248906,0.0626999547530128,0.06294949813303895,0.062385346225201754,0.06205155076494033,0.06259600101956216,0.0621864753905501,0.06289880824029398,0.06249784302982584,0.05997110674733666,0.06244922695120622,0.06271904252951455
2023-02-01,0.06243823304709209,0.06190178879877835,0.06302466607243527,0.0627989601162493,0.061860216274527376,0.06235241791344743,0.06274038821319028,0.06270171516766061,0.06263580091149355,0.06288067168892186,0.06280476311968201,0.06296190096146519,0.06239920009181031,0.06173988890916247,0.062259837538713655,0.06249955117537012
2023-02-02,0.06238436206070977,0.06192352265952592,0.06261107527857596,0.061347814628099066,0.06250900484066224,0.06232845040576081,0.0616285807584295,0.06199759597992378,0.0631654446911113,0.06304328356820282,0.0630245197809613,0.06275499208210351,0.062195579045010475,0.06423302424430077,0.062420704194919144,0.062432045781703395
2023-02-03,0.06242506159144114,0.06143608790208312,0.061964796496856496,0.059796483246454944,0.06212242775990679,0.06205225436214727,0.06111625768928703,0.06067827114119359,0.06436097835915786,0.06281749351822069,0.0636321312021009,0.06250150184244455,0.061833346133987756,0.06827145488471736,0.06261986606744428,0.06237158780255603
2023-02-06,0.0625,0.0625,0.0625,0.0625,0.0625,0.0625,0.0625,0.0625,0.0625,0.0625,0.0625,0.0625,0.0625,0.0625,0.0625,0.0625
2023-02-07,0.062205741921321445,0.06279292579859172,0.06299594119123864,0.0628935974281962,0.06193791897153067,0.062311937373329226,0.0638485556869511,0.0626636605239927,0.06201886274105931,0.062441984530582535,0.061832494995474385,0.06268496543815189,0.06271018206717974,0.061679841779321114,0.06239967026675779,0.06258171928632152
2023-02-08,0.062352616258341695,0.06292966776951951,0.06241479046285258,0.06186971915266753,0.061994902583787946,0.06242639616188378,0.06363480622707286,0.0631086685159196,0.062492479621963824,0.0624499254119741,0.06211674749165692,0.062424390205122596,0.06261786352824757,0.06247673311938038,0.06230902146147753,0.06238127202813151
2023-02-09,0.06246683248835499,0.0627922061193266,0.06314737171880963,0.0625393879479497,0.062319744115020274,0.06259657017843032,0.06359966856069432,0.06313345862790959,0.06196861283921856,0.06219011929332059,0.06183385329328089,0.06255620551921263,0.06267134047615722,0.061013850211259046,0.062465316250196176,0.06270546236085944
2023-02-10,0.06229394321645672,0.06332635771815096,0.06334574734372986,0.06347157789184583,0.06209244854221973,0.06269100234566462,0.06475227018453539,0.06316009937802722,0.06149725823882577,0.06196487300964455,0.06166066696735909,0.06249229714677738,0.0624405478969599,0.05934722720693217,0.06266220377961701,0.06280147913325373
2023-02-13,0.0625,0.0625,0.0625,0.0625,0.0625,0.0625,0.0625,0.0625,0.0625,0.0625,0.0625,0.0625,0.0625,0.0625,0.0625,0.0625
2023-02-14,0.06217315987265188,0.062419790119794906,0.06261817344596249,0.06163373634912194,0.062485476122358066,0.0623718252451413,0.06251849566557305,0.06244748557472843,0.06303787936740904,0.06265550811965392,0.06275304807137218,0.062463057824003194,0.06272334382877855,0.06319740483926649,0.06228307020077805,0.06221854535340654
2023-02-15,0.06225573761575375,0.06278493317504395,0.06272272024575423,0.060779925257749286,0.062188135071497286,0.062199024265367886,0.06338040889263734,0.06216769703603376,0.06287701547387618,0.06208611657080803,0.06259587168358997,0.062264458166851576,0.06264907281984815,0.06470777116217193,0.06216679706568969,0.062174315497327104
2023-02-16,0.06187511278230658,0.0625535522067546,0.06273739391486644,0.059477424595748424,0.06171714731877031,0.06209807537182749,0.06347299072216614,0.061661867645659243,0.06278537306955499,0.062119020362814026,0.06262707359632005,0.06230197204591381,0.062251040414447664,0.06837929641469728,0.06187640201000953,0.06206625752814352
2023-02-17,0.06197102941294405,0.06297602671991163,0.06336485367219553,0.060484007404664475,0.06143828409666857,0.06228521543121797,0.06361307825153498,0.06134190870895083,0.06218553966789812,0.06202618340626901,0.06242946856759517,0.06223994404753486,0.06199765201396475,0.06676604208398891,0.06254684288120094,0.06233392363346038
2023-02-21,0.0625,0.0625,0.0625,0.0625,0.0625,0.0625,0.0625,0.0625,0.0625,0.0625,0.0625,0.0625,0.0625,0.0625,0.0625,0.0625
2023-02-22,0.06266217845059735,0.06315613091293759,0.06426279457552822,0.06372804572301284,0.06218805349759043,0.06317000974940046,0.06349438832790368,0.06259799980077904,0.06173315784420852,0.06228430950800986,0.061592460684427475,0.06241181362638046,0.06245522293464684,0.05924655417072562,0.06252671133721156,0.062490168856640126
2023-02-23,0.06251357952353222,0.06294691978876858,0.0637930399026004,0.06345278165518163,0.06221616460249926,0.06366313119266828,0.06356585723838112,0.06240148975963797,0.061604939246130634,0.06206212301263584,0.06146142258977617,0.0622511542177765,0.0622377477499856,0.06070484930191264,0.06260346261993009,0.06252133759858312
2023-02-24,0.062449288634950674,0.06261312883302889,0.06322384068061608,0.06317295914313452,0.06251990600340736,0.06345808144415029,0.06369589748565933,0.06263868729941163,0.06218161731926016,0.06205540989826289,0.06165148072745406,0.062341919146013,0.06249567254792765,0.05976215463669748,0.06299063843119451,0.0627493177688316
2023-02-27,0.0625,0.0625,0.0625,0.0625,0.0625,0.0625,0.0625,0.0625,0.0625,0.0625,0.0625,0.0625,0.0625,0.0625,0.0625,0.0625
2023-02-28,0.06255123112914811,0.06270484803213777,0.06256189255351306,0.061878173671112195,0.06275120764589803,0.062138958768753486,0.062444883341654274,0.062425228516767524,0.06247627088507491,0.06239397652646157,0.062343368615607096,0.06255019160745416,0.06255334294254583,0.06299305719160521,0.06263472503113858,0.06259864354112825
2023-03-01,0.06283880189085662,0.062314098436901715,0.06239029958800838,0.06168116342756107,0.06289820962505552,0.06205946820517122,0.06237256581187196,0.0619550895725614,0.06257671133629807,0.062159645920147055,0.062170924473233566,0.06248591572850737,0.06227166576140666,0.06447591165910213,0.06268514195072822,0.06266438661258916
2023-03-02,0.06309742987532359,0.06288872150634923,0.06283182833606864,0.061749506772079354,0.06306781364167485,0.06190967812811352,0.06280817564611192,0.0623532780371964,0.062461401954871966,0.06190257374348577,0.06231283992100766,0.06229850833717517,0.062322920068250506,0.06304852226803613,0.062365625122839906,0.06258117664141545
2023-03-03,0.06298587976060142,0.06287094725802592,0.06271771620491469,0.06127766508532861,0.06270900506439094,0.0616551326740325,0.06269365919353531,0.06236745240771031,0.0628087700567759,0.06218321453008444,0.06244019811765163,0.06252088072206148,0.062296633267975056,0.06356808005715789,0.06221680255451683,0.06268796304523723
2023-03-06,0.0625,0.0625,0.0625,0.0625,0.0625,0.0625,0.0625,0.0625,0.0625,0.0625,0.0625,0.0625,0.0625,0.0625,0.0625,0.0625
2023-03-07,0.062373959593818404,0.06291362019298252,0.06324665986975378,0.06294035080744663,0.06206641505131316,0.062040222474478664,0.0630252938594059,0.06259869281247371,0.06258124579661174,0.06254568321339189,0.06218596921127944,0.06261202039732941,0.06260711163230757,0.06122147238737062,0.062433454394811204,0.06260782830522532
2023-03-08,0.06187643994248977,0.06254113278727706,0.06409169369226134,0.06373251524870135,0.061815288281317424,0.06237886478852323,0.06520603834827375,0.06220619832669148,0.06216269036114222,0.062242619896715055,0.06159239234908115,0.06231787819706347,0.06215197380525047,0.060647353481808004,0.06252751176751999,0.06250940872588426
2023-03-09,0.06195670175572271,0.06271792585279476,0.0641757443933693,0.06366761384775618,0.06164606347967718,0.06233894993840422,0.0651368965473563,0.06183839502081998,0.06237570249923159,0.06226054867796854,0.061796927769374274,0.06236482951017789,0.062063977925463094,0.060569830631801734,0.06246285745738671,0.06262703469269557
2023-03-10,0.062200587883706714,0.06278921905015607,0.06513578787760489,0.0653266911806447,0.06193439573099105,0.0628212535394186,0.06504075798210845,0.06156649060860658,0.06196316597688635,0.06217272773974123,0.061085320224655064,0.06221255805705051,0.06197197419212857,0.05862956810428224,0.06286986318736659,0.062279638664652456
2023-03-13,0.0625,0.0625,0.0625,0.0625,0.0625,0.0625,0.0625,0.0625,0.0625,0.0625,0.0625,0.0625,0.0625,0.0625,0.0625,0.0625
2023-03-14,0.06367564995276453,0.061260973823670385,0.061291949672133805,0.06299444089738934,0.0634109124090443,0.0627531387009329,0.055809781304557736,0.06277190285078464,0.06315870755626023,0.0633998252194904,0.06214676181474443,0.06326527309693036,0.06295967628835338,0.0648643200450921,0.06311439981358151,0.06312228655426995
2023-03-15,0.06317491774146133,0.06188651375089064,0.061485092451086715,0.06245049532783388,0.06235090888244002,0.06236040543387472,0.05666400375355269,0.06264183070224492,0.06357164112438989,0.06328565965088774,0.06229465343128155,0.0633201424733468,0.06295418018801535,0.0655167345459283,0.0625899912888221,0.06345282925394329
2023-03-16,0.06316343991897355,0.060123345753528165,0.0615359999845529,0.06317407936874654,0.06292502498894814,0.06279562367259664,0.05590975654217269,0.0620418359481908,0.06374812226052684,0.06367743084328673,0.06176075056192599,0.06341675438937223,0.06279283046980814,0.06654093821732224,0.0628042781871375,0.06358978889291075
2023-03-17,0.06276659641547233,0.06029520730555466,0.0612748865631576,0.0623115739753058,0.06210950908214044,0.06239286944220245,0.05595445610548028,0.06204735544611022,0.0642657816847399,0.0637083154059796,0.06223487276942469,0.06355728958018193,0.06269972695244803,0.06794858584291981,0.062394511036853124,0.06403846239202901
2023-03-20,0.0625,0.0625,0.0625,0.0625,0.0625,0.0625,0.0625,0.0625,0.0625,0.0625,0.0625,0.0625,0.0625,0.0625,0.0625,0.0625
2023-03-21,0.06248148851247964,0.06287436059164568,0.06212826668099774,0.06289587198393465,0.06236984534551307,0.06222761702801235,0.062107025201916626,0.06319367202057263,0.06264468938728697,0.06282600158986958,0.06283465470313851,0.06267452194900076,0.06279769915398707,0.06136841979121684,0.06208543913103512,0.062490426929392745
2023-03-22,0.06199609908434955,0.0630251558160006,0.06225123076519803,0.06105651633833191,0.06185564277225741,0.06177758357454304,0.06230201700133155,0.06349001636033756,0.06281999352392505,0.06239927655468889,0.06309702014469966,0.06261836425338169,0.06287808109981936,0.06424173629809027,0.06179087458356814,0.06240039182947732
2023-03-23,0.062276931744836735,0.06259898345518315,0.06280194344828621,0.06241632433896597,0.06305220838425013,0.062283884159216374,0.06301096612749266,0.0630063924405589,0.06232591794241003,0.062089824904632815,0.06232512534645985,0.0624151991749406,0.06276144400038924,0.06167719050981153,0.06238071189743687,0.06257695212512893
2023-03-24,0.06274467297437597,0.06235295841455108,0.06246415152745917,0.062269627508945005,0.0632294141811437,0.06251082607952868,0.06307761927346682,0.06265666674706057,0.06281403308407912,0.06223587808516719,0.062261681574332234,0.06259963479359872,0.06273680397929944,0.06079354348855861,0.06257644047602064,0.06267604781241304
2023-03-27,0.0625,0.0625,0.0625,0.0625,0.0625,0.0625,0.0625,0.0625,0.0625,0.0625,0.0625,0.0625,0.0625,0.0625,0.0625,0.0625
2023-03-28,0.062142070266342796,0.06387746590630457,0.06279298003937056,0.062331915712964106,0.06162682882721456,0.06270252963687181,0.06190676161416961,0.0629028028282332,0.0622810291115743,0.062486912305307556,0.06275890846960133,0.06258248369047603,0.06255315394786565,0.06235127994598452,0.0622155993034411,0.06248727839427837
2023-03-29,0.062303892053853595,0.06381454876139328,0.06284031818920575,0.06277659238103286,0.06198617188235081,0.06268456296653621,0.061816632823984516,0.0630911128921121,0.062072471678126226,0.06250192826381316,0.06272791705467638,0.06260302106907531,0.06265887284054647,0.06137286283786814,0.0622639991262359,0.06248509517918943
2023-03-30,0.062047622668694034,0.06369337884339113,0.06278701326613431,0.06180047807042831,0.06175090870598686,0.06240634709327042,0.06119620041612139,0.06310910915074308,0.06241251550591177,0.06260105222069182,0.06343022395852183,0.06262881367537616,0.06264322404486052,0.06317853806816394,0.06202678160777566,0.06228779270392887
2023-03-31,0.06220645719155815,0.06353983714072899,0.06298949313152494,0.06136645175458574,0.06194469150535762,0.06256545660313327,0.061210854764612396,0.06303289003925237,0.06258369128927325,0.06269062325642422,0.06357021707915389,0.06267349967638902,0.06269455665586017,0.0627991807267245,0.0619370183422464,0.0621950808431752
2023-04-03,0.0625,0.0625,0.0625,0.0625,0.0625,0.0625,0.0625,0.0625,0.0625,0.0625,0.0625,0.0625,0.0625,0.0625,0.0625,0.0625
2023-04-04,0.06281379797914653,0.06201186087611194,0.061880984882141825,0.06267328504310701,0.06283946826868095,0.06226898173100761,0.062234414043918225,0.06361905595048759,0.06264906459901702,0.06261622068332466,0.0627380399146366,0.06248851644160656,0.0630357293323864,0.061192570303983056,0.062452977935036416,0.062485032015407574
2023-04-05,0.0630492864995445,0.06179490401822809,0.06216595435138399,0.0630964735614381,0.06310360613023629,0.06252340031873074,0.06288407792373087,0.0631804547956973,0.06219682233233171,0.06256978483556835,0.062139718970103855,0.06244351922745724,0.06262481830814073,0.06098142156238672,0.0626550244086585,0.06259073275636295
2023-04-06,0.06297478308731053,0.061431878584866734,0.062056063319811824,0.06424764957914034,0.06326817482643203,0.06234320968394631,0.06279485603822199,0.06395325508261072,0.06214865191601408,0.06296530283724605,0.062116515635968525,0.06266862131910286,0.06281848001968694,0.05882929926924798,0.06275805832587515,0.06262520047451792
2023-04-10,0.0625,0.0625,0.0625,0.0625,0.0625,0.0625,0.0625,0.0625,0.0625,0.0625,0.0625,0.0625,0.0625,0.0625,0.0625,0.0625
2023-04-11,0.0623211504602657,0.06308888449591019,0.06224372107261711,0.06199609609757225,0.062129155050975396,0.062471753847797504,0.0627546253147611,0.0626805412192977,0.06263464567108688,0.06235317604181023,0.06306404665501486,0.06253891459395026,0.062482441522248536,0.062347848291218505,0.062412574631792624,0.06248042503368114
2023-04-12,0.06249109708942813,0.06296412689288522,0.06241759126620613,0.06135768888758843,0.06218629991329852,0.062237368218026126,0.06329313757668643,0.06270381161293373,0.06255479009609327,0.062310797086544176,0.06321891892422023,0.06251538578582337,0.06258340666478288,0.06254032956330499,0.0623237648043936,0.06230148561778468
2023-04-13,0.06254844321022132,0.06333749748979528,0.0627853408845703,0.06182563862113017,0.06231645674807637,0.06241890407805948,0.06353520376624971,0.06289274979214061,0.06232090220441567,0.06241938297346243,0.06286299344500068,0.06267908714660461,0.06245767755465252,0.060814718992329875,0.06238573071874932,0.06239927237454151
2023-04-14,0.06266584184231354,0.06309728872017263,0.06258750764214488,0.06143364824069202,0.0621101887223313,0.06222805854233294,0.06331076556924631,0.06292132638282924,0.06262159317342714,0.06238095491572605,0.06268338098914045,0.06246817320771713,0.06258609050138854,0.0628225579522321,0.06206592096323364,0.062016702635071926
2023-04-17,0.0625,0.0625,0.0625,0.0625,0.0625,0.0625,0.0625,0.0625,0.0625,0.0625,0.0625,0.0625,0.0625,0.0625,0.0625,0.0625
2023-04-18,0.06228814492815324,0.06282367813645497,0.06223949117562452,0.06232027174145781,0.06208956578371546,0.06278478937946308,0.06215851480018815,0.06239181629673112,0.06255503209494448,0.06275847527418199,0.06279226811971099,0.06260694691361178,0.06241838971667543,0.06275996637194545,0.06251254932162456,0.06250009994551706
2023-04-19,0.06248871230499997,0.06288699445488453,0.06234534019025847,0.06201335217838137,0.06222493545392179,0.06265938737941627,0.06196167520507798,0.06245836964583815,0.06264760460360168,0.06263232500930208,0.06280500560470725,0.0626451661311829,0.06260049281575127,0.06262374137523603,0.06250518157024021,0.06250171607720016
2023-04-20,0.0623636691729541,0.06287624851573086,0.06315449667442409,0.061945865674016116,0.06211720573156254,0.06276245173364846,0.06223388186873132,0.06222366388893817,0.06257584303089679,0.0625628101032761,0.062337486348988246,0.06273995101133818,0.062476839289287725,0.06265869227361771,0.06237574522983706,0.06259514945275263
2023-04-21,0.062417186080346784,0.0629276260160398,0.06370084831414574,0.06239038040243447,0.06234101030089679,0.06277000834519714,0.06300373569195299,0.062189250021117554,0.0627161370954202,0.062639981922556,0.06181539445812829,0.06290850456740833,0.06250093170286182,0.060428426016998854,0.06249927003442681,0.06275130903006851
2023-04-24,0.0625,0.0625,0.0625,0.0625,0.0625,0.0625,0.0625,0.0625,0.0625,0.0625,0.0625,0.0625,0.0625,0.0625,0.0625,0.0625
2023-04-25,0.06257668999826814,0.06246056453347958,0.06265504237984511,0.0625774871798939,0.06279912282487386,0.06242563551727279,0.06298301337075335,0.06277407870955842,0.06246169105193236,0.06247667337968297,0.062387194953264814,0.06245736897033127,0.06259116418255731,0.06152152622172945,0.06238805319123219,0.06246469353532451
2023-04-26,0.06249545177528765,0.062190807424500595,0.0630599134285275,0.06388377264739403,0.0634107519024489,0.06263493013055228,0.06344757065960918,0.06275532118779797,0.06187081898693247,0.06246060650336367,0.061898855896885166,0.06238454003694166,0.06241748034476664,0.059979545083058375,0.06270241284331883,0.06240722114861515
2023-04-27,0.0625011403258419,0.06260600574129438,0.06421535800997519,0.06415784999760286,0.0632655582084449,0.06297326445602015,0.06412704171998183,0.06208333853549184,0.06169539724107264,0.06197956036664655,0.06153224153889184,0.062166018542004944,0.06209204295141133,0.05910750829003714,0.06287214817404956,0.06262552590123305
2023-04-28,0.06225170776625267,0.06247204691232999,0.06391736578440087,0.06361100525711415,0.0626764263613452,0.06251498732237233,0.06471759978462191,0.06210631097367884,0.06255434570045612,0.062206778592538016,0.0616872295856064,0.06245214504252411,0.06226923823987357,0.059346006711680624,0.0625116928408241,0.06270511312438132
2023-05-01,0.0625,0.0625,0.0625,0.0625,0.0625,0.0625,0.0625,0.0625,0.0625,0.0625,0.0625,0.0625,0.0625,0.0625,0.0625,0.0625
2023-05-02,0.062379089516027,0.06310915467458633,0.062497358436837847,0.06288516700569875,0.0614467247691163,0.0625170630883491,0.06252735075786975,0.06262466352678266,0.06262118347421025,0.06269208976481212,0.06235405747271275,0.06260532648202491,0.06263588565025495,0.062184180035379025,0.06236963391464743,0.06255107143069084
2023-05-03,0.06257989854339295,0.06299944901835133,0.06326534974696277,0.06339750626587698,0.06237713712232083,0.06273854813907703,0.06320943238121712,0.06191704074472574,0.06211525123167866,0.06251683818091228,0.06167690458332079,0.06261161026688475,0.0622828502128534,0.06107252065934484,0.06264335386995099,0.06259630903312956
2023-05-04,0.06282390928634862,0.06298090743118641,0.06389453496805467,0.06364794651154823,0.06275457917044915,0.06289693183660709,0.062440078940039244,0.06170247376069441,0.06192625650689422,0.06250340865956545,0.06147798902691685,0.06241616750672463,0.061940204115336635,0.061038927527361043,0.06292551529265021,0.06263016945962312
2023-05-05,0.06288940569927746,0.06294939102890412,0.06393269662823656,0.06374821876633864,0.06270359085393794,0.06327496925261125,0.06219802841221899,0.061351878293246453,0.06137598900340644,0.062318515243324296,0.06083911174013092,0.06227463635295596,0.06158853395821986,0.06291822333061517,0.06310586637080158,0.06253094506577433
2023-05-08,0.0625,0.0625,0.0625,0.0625,0.0625,0.0625,0.0625,0.0625,0.0625,0.0625,0.0625,0.0625,0.0625,0.0625,0.0625,0.0625
2023-05-09,0.06258956292764087,0.06259706752646564,0.062268618243300176,0.06207162245188593,0.06222990105227241,0.06235387201838363,0.06255001051468756,0.06253221424288948,0.06255503701457067,0.06242252124007627,0.06244558259869282,0.06252714396472518,0.062462307806215076,0.06326935677089508,0.06244373492980721,0.06268144669749194
2023-05-10,0.06263118174734897,0.06286830544152852,0.062136986874451496,0.06223997112481946,0.06186679214482816,0.062382021404770345,0.06310140780779243,0.062476614017634595,0.06229284696349758,0.06225846433738017,0.06213524935898016,0.06234461000765865,0.06234599885325235,0.06397735094372652,0.0623689088797736,0.06257329009255704
2023-05-11,0.06243447539441947,0.06224931346156087,0.06207946832116024,0.062012960917256894,0.06217311192618283,0.06226495619528685,0.06324988036923294,0.0623585852609776,0.06251598803847025,0.06246081500060648,0.06176572115661829,0.062415141488600986,0.06209300002346665,0.06479954449072524,0.062439592815876147,0.06268744513955818
2023-05-12,0.06202715574849767,0.0622677575213649,0.0620577310118874,0.061663282467973764,0.06239682223421797,0.06218915591704472,0.0636452345590872,0.06226023370232851,0.06261110328372547,0.062450976152738376,0.06156189633577234,0.062495267618185045,0.06195386261007422,0.06508312781065437,0.06247221435694584,0.06286417866950214
2023-05-15,0.0625,0.0625,0.0625,0.0625,0.0625,0.0625,0.0625,0.0625,0.0625,0.0625,0.0625,0.0625,0.0625,0.0625,0.0625,0.0625
2023-05-16,0.06267292415956643,0.06276614790213132,0.06180377100475986,0.06185753508346185,0.06243158726632917,0.06262360496596316,0.06156800436367026,0.06248309624439322,0.06263749453736207,0.06234178460787825,0.0630322452439202,0.06244716279315527,0.06231427900022049,0.06384037839501994,0.06262278275175658,0.06255720168041189
2023-05-17,0.062488977329467045,0.06292150377102798,0.06240439616362064,0.06239732520122769,0.062250916001308415,0.062135236438692266,0.062900917551409,0.062042480847550374,0.06260346970275198,0.062131877466871335,0.06253689229098494,0.062413473287342654,0.06229877156718743,0.06275049041641717,0.06282911714665353,0.06289415481748756
2023-05-18,0.06245717150481486,0.06275251383272983,0.062027004381803315,0.061539439908354546,0.06208387028400382,0.061700219551436376,0.0626781360246168,0.062229529677302525,0.06300681602186839,0.06197724844864291,0.06314366519360738,0.06253907397375769,0.06248817244857823,0.06396261786041767,0.06261978102383817,0.06279473986422741
2023-05-19,0.0624083842947313,0.06271360922552041,0.06184451445792138,0.0606081516809023,0.06160372221604155,0.061638885756687696,0.06263332269378345,0.062123087240185546,0.06361018649158363,0.06204306495450755,0.0635622546839117,0.06263682102900961,0.06251441883388675,0.0647934166691758,0.062493607184533534,0.06277255258761766
2023-05-22,0.0625,0.0625,0.0625,0.0625,0.0625,0.0625,0.0625,0.0625,0.0625,0.0625,0.0625,0.0625,0.0625,0.0625,0.0625,0.0625
2023-05-23,0.062426479950722785,0.06252654126078394,0.06250757957758625,0.06168194136016,0.06223975308378563,0.06236668255894041,0.062287680120903924,0.06212812095096047,0.0624654763422827,0.06224170016622566,0.06250494324437875,0.062261651474669145,0.06205071652783099,0.06541738719079992,0.06245058980806504,0.06244275638190441
2023-05-24,0.06255805933213347,0.06270462631674187,0.06258314715906117,0.06193467880098808,0.06252412019566154,0.06268449455452368,0.06275439470962246,0.06213999874336012,0.06202670903371599,0.06196723413135638,0.062487911969591206,0.06206478106454586,0.062313620312100526,0.06432490189704289,0.06255482503819937,0.06237649674135536
2023-05-25,0.06242308427327542,0.06259865199637543,0.06273428027071123,0.062348934407764484,0.06225679679420113,0.06303917354715,0.06337371266960222,0.06224686166420452,0.06187516912917015,0.06177544671148563,0.061959278831093534,0.06181633974415835,0.062320165728253905,0.0642359116120272,0.06263320427111899,0.06236298834940786
2023-05-26,0.062447529932006904,0.06292261958814703,0.0634508658037998,0.06235155002036114,0.062149611006015446,0.06296274393854882,0.06378971138091857,0.06168939390374298,0.06296941079062778,0.06162384163343715,0.061763312494816286,0.061926330660234424,0.06202721075343596,0.06254251427192843,0.06259045703460173,0.06279289678737765
2023-05-30,0.0625,0.0625,0.0625,0.0625,0.0625,0.0625,0.0625,0.0625,0.0625,0.0625,0.0625,0.0625,0.0625,0.0625,0.0625,0.0625
2023-05-31,0.06255672666191717,0.06254348013159697,0.06309229198914489,0.06182426205132202,0.06259843935817581,0.062390054276642355,0.062452797246801695,0.062285880162124364,0.06246006905050402,0.062215399968665354,0.062401274447255045,0.06234651150971282,0.06218108123337021,0.06358435202367903,0.06249313706342412,0.06257424282566411
2023-06-01,0.0625663246266256,0.06229644142493677,0.06281422212010483,0.062114018080041154,0.06250354210139296,0.06263350723071164,0.0626784026818367,0.0620038882426026,0.06197759435791464,0.06226538540096847,0.061928234878759245,0.06241434492019334,0.061923696621176555,0.0647767525960088,0.06253155343739034,0.06257209127933626
2023-06-02,0.06275746192225468,0.061918611139922725,0.06244687046618078,0.06136171117770407,0.0628247130410009,0.062226785297770044,0.062220334066600755,0.06233519739618118,0.06224258377099988,0.06218876724558899,0.062078166627843316,0.06243568640739881,0.062213154648093585,0.06546778779646013,0.06265095157835875,0.06263121741764131
2023-06-05,0.0625,0.0625,0.0625,0.0625,0.0625,0.0625,0.0625,0.0625,0.0625,0.0625,0.0625,0.0625,0.0625,0.0625,0.0625,0.0625
2023-06-06,0.06249810038205691,0.06231675242903924,0.06265193657168808,0.06245464531364045,0.06253109628352856,0.06243012817940077,0.062428499406524576,0.062428638338281196,0.06224775253351104,0.06242126977205247,0.062163283249176964,0.0625966883926904,0.06237333384741089,0.06321196363904182,0.06265695208777045,0.06258895957418617
2023-06-07,0.06269080961038581,0.062387231215990914,0.062399794929692234,0.06171327078741741,0.06279381684430388,0.06246062899358088,0.062261042652706156,0.062223352942104196,0.06232218894989948,0.062118747629620504,0.06288837863798595,0.06240022736184136,0.062144127168333556,0.0640719886904448,0.06254438081808192,0.06258001276761099
2023-06-08,0.06265610038188935,0.06257597485423583,0.062358094284599874,0.061979712599410396,0.0623744249332026,0.0623990006719626,0.06265438084142098,0.06180320724284584,0.06193232937826115,0.062175192263387614,0.06383638483473818,0.06250512745792557,0.06228209961604642,0.06340463363924884,0.0625016381062682,0.06256169889455651
2023-06-09,0.06284101773217805,0.062218647536166634,0.06234584747015253,0.06181910007495049,0.06283730075634633,0.062125205909135055,0.062021994807176024,0.062175883739288715,0.06200403196735246,0.062335598336891423,0.06364505423240956,0.06242555419353413,0.06244175206315744,0.06385102192969555,0.062476785514740986,0.0624352037368245
2023-06-12,0.0625,0.0625,0.0625,0.0625,0.0625,0.0625,0.0625,0.0625,0.0625,0.0625,0.0625,0.0625,0.0625,0.0625,0.0625,0.0625
2023-06-13,0.06221804745115821,0.06260200987042981,0.06261257640303992,0.06162375591302114,0.062360202363896965,0.062311336409577575,0.06240139855610813,0.063002282708146,0.06294799114606903,0.06255819824526261,0.062787511573684,0.06232247217242789,0.062231034730245806,0.06335824718799597,0.062378655310250594,0.062284279958686455
2023-06-14,0.062170772592630326,0.06254396828698326,0.06234972415387486,0.06084349246613578,0.06195749976608752,0.062089647450807056,0.06254726458667241,0.06318021060189424,0.06309688346888388,0.06252997855731592,0.06327408000680985,0.06218321666875109,0.062147425047797134,0.06458532878871699,0.062430797511716395,0.062069710044923336
2023-06-15,0.06237708995080949,0.06231234681892124,0.06244907321157353,0.06039709944950732,0.062358937434629245,0.06204899899426,0.06266781294055528,0.06369620801185744,0.06339338152865678,0.06252931431976376,0.06290835310644188,0.06206871080019963,0.0619890079296419,0.06426383215909423,0.062451139110571305,0.06208869423351708
2023-06-16,0.06248789678145432,0.062256856591790484,0.060911234282353816,0.06023780819619177,0.06277217091354295,0.062026579046487194,0.06150097744939941,0.06410788921567889,0.06387093321279348,0.06312846740691314,0.06334344399869404,0.062136072737217725,0.062391077597148216,0.06467561629891243,0.06231359022441951,0.061839386047002655
2023-06-20,0.0625,0.0625,0.0625,0.0625,0.0625,0.0625,0.0625,0.0625,0.0625,0.0625,0.0625,0.0625,0.0625,0.0625,0.0625,0.0625
2023-06-21,0.06223522902066095,0.06253366233875104,0.06269892167872924,0.06270741505510861,0.06267603527947117,0.06245809580422321,0.06261732677091603,0.06246735658500363,0.06246296651074132,0.06226482065470037,0.06193374719251582,0.06253434386460868,0.062494633761480824,0.06266945105679339,0.06259262670079853,0.06265336772549716
2023-06-22,0.06231861180182155,0.0628500751935017,0.06221656939575582,0.06363384395270208,0.06294218551187004,0.06288153026828999,0.0625228960432111,0.06250502442796976,0.06248484629870099,0.06244818403113526,0.061658338407819424,0.0628389100272274,0.06257256052005568,0.0605983622101071,0.06279408248900475,0.06273397942082735
2023-06-23,0.06183533028205847,0.06326457319800655,0.0629148983423289,0.06356438532645238,0.06226212656847534,0.06291387974466328,0.06281681852432397,0.06261322613745245,0.06258619874468634,0.062431069062458946,0.06139732823517704,0.06278177975750289,0.06255701988652454,0.06054640769572827,0.06268327526260124,0.06283168323155952
2023-06-26,0.0625,0.0625,0.0625,0.0625,0.0625,0.0625,0.0625,0.0625,0.0625,0.0625,0.0625,0.0625,0.0625,0.0625,0.0625,0.0625
2023-06-27,0.06275299769969533,0.06259733285624439,0.062195956323817664,0.06259397127658144,0.06256144725123985,0.06277061326313864,0.06225842146306461,0.06215623980239827,0.06219290651735419,0.06267509783056373,0.06281719325392733,0.0626893230202418,0.06251143496049714,0.062172990362047105,0.06267738438438054,0.06237668973480795
2023-06-28,0.06263018082422765,0.06239098798669773,0.06257502034259256,0.06096001262003486,0.062126110702000824,0.062459814727226774,0.06214555065768139,0.06267561297194948,0.06262328191966968,0.06266595364154293,0.06323067404829108,0.06248372159085076,0.06241817026584707,0.06385940088799419,0.06228827255428446,0.06246723425910861
2023-06-29,0.06257230291487798,0.06260544273638274,0.0626087516849983,0.06021917515304355,0.06235424515676849,0.06233345004072483,0.06178611882709374,0.06261231647318097,0.06251111492444208,0.062375363872888945,0.0632238555337221,0.0624036742747136,0.0623319612351689,0.06516226599755588,0.062363960372294525,0.06253600080214346
2023-06-30,0.062422661536476305,0.062465186048159094,0.06287945838287987,0.060609200011160165,0.061577318047920236,0.06215141688427215,0.06228678919501202,0.06269156535809634,0.06262557349577112,0.0626388729413031,0.06337906219382605,0.06246828736244729,0.06248627705046988,0.06441909939749818,0.06236980005032744,0.06252943204438081
2023-07-03,0.0625,0.0625,0.0625,0.0625,0.0625,0.0625,0.0625,0.0625,0.0625,0.0625,0.0625,0.0625,0.0625,0.0625,0.0625,0.0625
2023-07-05,0.06255087556861873,0.062446682220062416,0.06285169653197528,0.0621902129143689,0.06258339403627858,0.06223649534458342,0.06242978564326081,0.06214025237013633,0.062273191426846085,0.06228930375000354,0.06281516852243718,0.06238929680747474,0.06226979062134321,0.06374085549725157,0.06239822445809106,0.06239477428726806
2023-07-06,0.06248683660924102,0.06257388931188983,0.06305947821162766,0.062394271522184415,0.062006138336226584,0.06228068687431232,0.06277929083204171,0.06207981959867202,0.06232193038021083,0.062292791233472984,0.06254079148973159,0.06243699696186068,0.06220060236774556,0.06362121395498581,0.06243992605740067,0.062485336258396265
2023-07-07,0.06227867123994407,0.06294683521874717,0.06416230165800417,0.06349060329142844,0.061223778063559366,0.06270726140091434,0.0634033347489795,0.06176922819280303,0.06215461917242926,0.062289381579898294,0.062212036163124894,0.06247820449247761,0.06212500709693363,0.061507541854156564,0.06266147019808528,0.0625897256285143
2023-07-10,0.0625,0.0625,0.0625,0.0625,0.0625,0.0625,0.0625,0.0625,0.0625,0.0625,0.0625,0.0625,0.0625,0.0625,0.0625,0.0625
2023-07-11,0.062280657755553887,0.062144673072639385,0.062121372391604174,0.06109310326139727,0.062413424466550856,0.06251996773061388,0.062086777770621944,0.06296356186502997,0.06268370461711571,0.06254403027632921,0.06274878686351841,0.06261165712883143,0.06236843106008239,0.06461635827274892,0.062406055783942725,0.06239743768341986
2023-07-12,0.06270167578558733,0.0616971858321838,0.06162017273744518,0.06000921758944557,0.062388438014005926,0.06221416515804458,0.06211809320368633,0.0627221461799366,0.06269684586405648,0.0625779039560906,0.06314638404294516,0.06242161972952732,0.06238336436825456,0.06657508514364333,0.06252102470715906,0.06220667768798811
2023-07-13,0.06328930005686366,0.0609930215728911,0.061280453024041594,0.05928200922131059,0.06339577037579829,0.0622088066300662,0.06087201185220858,0.06328473606944918,0.06312804746901907,0.06255121460432723,0.0630734207290515,0.062481048307568364,0.06246553898321098,0.06702832109211342,0.06239730531457984,0.06226899469750026
2023-07-14,0.06355285310046097,0.060574561837125,0.06086294668676426,0.05826761157601063,0.06380227867019397,0.06202365952335655,0.05984106578097961,0.06334514625444072,0.06347714563202078,0.06238116271680697,0.06316913497991809,0.06219067512456271,0.062341716903124435,0.06978845732818562,0.062255522935158764,0.062126060950890835
2023-07-17,0.0625,0.0625,0.0625,0.0625,0.0625,0.0625,0.0625,0.0625,0.0625,0.0625,0.0625,0.0625,0.0625,0.0625,0.0625,0.0625
2023-07-18,0.06241768347870707,0.06252721766919134,0.062407200205841624,0.06195479350818373,0.062463921455851744,0.0625060734608775,0.062218236164937366,0.06274435222959562,0.06271701734245169,0.062409089508803244,0.062340756696227656,0.0624347709339042,0.062194381565123164,0.06379244271381561,0.062449875191619424,0.06242218787486893
2023-07-19,0.06276716306145284,0.062488422416165465,0.06183752864620591,0.06131153963700641,0.0625593473491971,0.06223738283885286,0.062237382838852856,0.06305443229547661,0.06293117459144955,0.0624383387544895,0.06277068395176677,0.06232740398509743,0.0623753355408011,0.06389038388536075,0.06246445398512336,0.062309026222701354
2023-07-20,0.0627900627430176,0.06234249916540394,0.06106191842573825,0.06109847092420786,0.0628997660668095,0.061982098082762505,0.061789131356511255,0.0627924642740011,0.06286667230228284,0.06265355749814601,0.06328460736636743,0.06233993802605041,0.06262506858149264,0.0648221484836808,0.06240756123483117,0.06224403546869662
2023-07-21,0.06264061266344355,0.06271091917781715,0.061178980182258466,0.06288322554489242,0.06278312977506909,0.06200227148084082,0.062349287384956674,0.062376772558952395,0.06254934356159163,0.06317975431763738,0.0633278141460873,0.06269383445200519,0.06326614197165398,0.06126072049329852,0.06240301108510517,0.06239418120439021
2023-07-24,0.0625,0.0625,0.0625,0.0625,0.0625,0.0625,0.0625,0.0625,0.0625,0.0625,0.0625,0.0625,0.0625,0.0625,0.0625,0.0625
2023-07-25,0.06256707083619362,0.06241814042275956,0.06160805886652619,0.06250881869733545,0.06252102854341834,0.06244087881418564,0.06336023121916982,0.0623936262979089,0.0627170489840196,0.06253147609906909,0.06272635271477683,0.06248557585803294,0.0628312588913827,0.061763450228703984,0.06252347163542411,0.0626035118910931
2023-07-26,0.06277674165618947,0.06221447095425861,0.0615394172904854,0.06223762164092069,0.06261356424360061,0.06239336405402159,0.0635349721710055,0.06278959981995104,0.06303815180186072,0.06257905405272438,0.06260667635546811,0.062317565816509254,0.06272941018323343,0.06151447578079836,0.06251774823585321,0.06259716594311943
2023-07-27,0.06278590719361722,0.062226899373217716,0.06215304619211885,0.062125441189397376,0.06243883168814636,0.06243475614632912,0.0628402715660418,0.06234633548845922,0.0629362776179827,0.062319554141150486,0.06273505690320472,0.06232835865566654,0.0624642163737438,0.06274979910495712,0.06252150932976246,0.06259373903620438
2023-07-28,0.0625989001850248,0.062480055492848664,0.06212103871913928,0.06282057938940147,0.06166512663131428,0.0626486372317756,0.06421597024625349,0.062445071051632384,0.06291115252901153,0.06209456491944731,0.0628083126820541,0.06234685196681804,0.06249303254795235,0.06116504640508414,0.06252765912122758,0.06265800088101493
2023-07-31,0.0625,0.0625,0.0625,0.0625,0.0625,0.0625,0.0625,0.0625,0.0625,0.0625,0.0625,0.0625,0.0625,0.0625,0.0625,0.0625
2023-08-01,0.06278718414536498,0.062273765650778745,0.0627344837603821,0.061592793843144165,0.06261255537686695,0.062147528311706605,0.06226554449550833,0.06250184594418409,0.062404704223781596,0.06233722694026856,0.06256693493381804,0.06245392935012477,0.06265895636851533,0.06366136289980504,0.06251019836414293,0.06249098539160767
2023-08-02,0.06248031391382427,0.06284786346740098,0.06347323587530831,0.06201139023533613,0.06191647297271443,0.061930743439607076,0.06243317914381201,0.06265426924386708,0.06254833993443255,0.062339763228610845,0.06254982045357278,0.06257516745786533,0.06256455402264109,0.06254311549618977,0.06255106777446887,0.06258070334034836
2023-08-03,0.06235313307379162,0.06334000131713963,0.0634929399489119,0.06467079852825515,0.06163000037726312,0.06257444505497059,0.06265434185694002,0.06207701576933912,0.06203393179280453,0.06263819313039144,0.06234800027503921,0.06281549414753795,0.06261966232267455,0.059493282428575205,0.06262375854174554,0.06263500143462027
2023-08-04,0.06253197196791045,0.06356043394178004,0.06402410617584958,0.06475566563155541,0.06092798777194762,0.06264950827820624,0.06340426265179153,0.06207432512289607,0.061931361978633984,0.062418904520016354,0.06214172818123366,0.06275077902196277,0.06272018426788178,0.05886993490988843,0.06270068339461925,0.06253816218382671
2023-08-07,0.0625,0.0625,0.0625,0.0625,0.0625,0.0625,0.0625,0.0625,0.0625,0.0625,0.0625,0.0625,0.0625,0.0625,0.0625,0.0625
2023-08-08,0.062315334043912284,0.06250616099412713,0.06206847784463567,0.06245764108828645,0.062111054647877986,0.06236964959006448,0.062408401524873945,0.06302674740018464,0.06288578596526358,0.06274245998266689,0.06276189181810737,0.062742780319176,0.0627386935703187,0.06187482765611965,0.0623547133867881,0.06263538016759705
2023-08-09,0.06225073945416474,0.0626302814620786,0.061603103713589076,0.06301742764277685,0.06228054447932833,0.062693477420043,0.06260527621848362,0.06302657091183438,0.06276005939508623,0.06270768748455789,0.0626846676980386,0.06266391099440613,0.06257119506861956,0.06166813442056147,0.062231014501534426,0.06260590913489703
2023-08-10,0.06216335324570026,0.06277299171588199,0.0617047321009641,0.06402404972524013,0.06254418185105812,0.06295929703868793,0.06325813563762472,0.06262539979420245,0.06253291657780485,0.06296579645744664,0.06247807744542533,0.06272738512964181,0.06278812382223076,0.05960061917880884,0.062374673393736785,0.06248026688554521
2023-08-11,0.06219948157255503,0.06306201680581394,0.06235637316229105,0.06395265514791042,0.06197719106237677,0.0629812647340394,0.06312534721287547,0.06272187951400947,0.06252144140538053,0.06299424074674667,0.062258714635960326,0.06288003452072878,0.0627638601530369,0.05923219403761003,0.062394808355040986,0.06257849693362416
2023-08-14,0.0625,0.0625,0.0625,0.0625,0.0625,0.0625,0.0625,0.0625,0.0625,0.0625,0.0625,0.0625,0.0625,0.0625,0.0625,0.0625
2023-08-15,0.062402314673896835,0.06216637583801348,0.0624299885011597,0.06190276276075496,0.062121906038062454,0.06225063562252716,0.06282159649300932,0.06314787272607418,0.06306315617676908,0.062456119462207915,0.06250101293125927,0.06254701192509811,0.06238967416023673,0.06263777405464759,0.0624104433638336,0.06275135527244959
2023-08-16,0.06230780857712996,0.062457948015489095,0.06318336587468189,0.06266208462025571,0.06181876029575531,0.06260753074162265,0.06336427254526827,0.06311939233240577,0.06284250171880369,0.06225980584536067,0.06189098485460911,0.06228674353289302,0.06215976697123871,0.06187631545278742,0.06272735331322811,0.062435365308470575
2023-08-17,0.062367369682398775,0.06280925485548212,0.06354647839721346,0.06335278290369256,0.061670507424055936,0.06283667037936404,0.06344555317763811,0.06282540479847978,0.06279357489596671,0.062402841380352056,0.061534838541412465,0.0622624760107382,0.062244859044301326,0.060830211878023385,0.06278471287283172,0.06229246375804932
2023-08-18,0.06254002617330548,0.06306066272655082,0.06412812129705364,0.06423222342875531,0.061815464856983214,0.06298741045857846,0.06362645351275474,0.062250340311292784,0.06263115361176853,0.062239730074924594,0.06135576850775491,0.062158204078967313,0.062198903497417926,0.059592763816077414,0.06312028997018793,0.062062483677626915
2023-08-21,0.0625,0.0625,0.0625,0.0625,0.0625,0.0625,0.0625,0.0625,0.0625,0.0625,0.0625,0.0625,0.0625,0.0625,0.0625,0.0625
2023-08-22,0.06250242396603195,0.06265602769096719,0.06275724436037805,0.06204255051798799,0.06205865384861133,0.06239713309960535,0.06222653993444945,0.06297815699713964,0.06289853390758247,0.062306421341809554,0.062439046315494726,0.062412277172710806,0.06207175663702218,0.06340880550692438,0.06231880849540029,0.06252562020788462
2023-08-23,0.0625157907856256,0.06255432332613009,0.06265495779840431,0.06247098847362422,0.062203911639452054,0.06263314550182651,0.06235122691220974,0.06278805676053886,0.06269883820131056,0.062248692521962384,0.06218004597131579,0.06237507203661797,0.06200916615474672,0.06334822969531828,0.06237507203661797,0.06259248218429887
2023-08-24,0.06286089692107429,0.061681046378952345,0.061674180594220376,0.0616624924832889,0.06323018457952279,0.06242959163448452,0.0603892144967284,0.06337227968658295,0.06315892831934757,0.062457913540063935,0.0624136704515749,0.06263998841272242,0.062207061580719675,0.06460504932981147,0.06256690085165764,0.06265060073924773
2023-08-25,0.06297093176206076,0.062226173904852716,0.06212449047348858,0.06252170267441592,0.06313546714888109,0.06266553537607045,0.061389196890860157,0.06274896135333094,0.06272045034013972,0.0624167921096197,0.0621472593937699,0.06256291048378794,0.062166272273332754,0.06272535710013893,0.06266947716112412,0.06280902155412624
2023-08-28,0.0625,0.0625,0.0625,0.0625,0.0625,0.0625,0.0625,0.0625,0.0625,0.0625,0.0625,0.0625,0.0625,0.0625,0.0625,0.0625
2023-08-29,0.06258225266301765,0.06221341092980537,0.062283255311361974,0.06204723002992689,0.06253972089727897,0.06271699678839252,0.06194016073167021,0.06283836854183796,0.06271550568748854,0.062546163375164,0.06284273840961394,0.0625981377873661,0.06270461412654654,0.062470366738785615,0.062468899787029346,0.06249217819471444
2023-08-30,0.06273662138207024,0.0614072190435832,0.061711837402064915,0.06043337515111174,0.0628364053507656,0.06227983393216922,0.06122965114139459,0.0633933896066518,0.0631760415636895,0.06256196492272185,0.06313536670550217,0.06259579293587555,0.06258147923094133,0.06536136019023321,0.06236473401447294,0.06219492742675217
2023-08-31,0.0628664369607053,0.061673097970527044,0.06152855544782318,0.06007156405577843,0.06275644656130225,0.062018814115986795,0.0607045338189548,0.06354507939314272,0.06331568070077455,0.0625988507407208,0.06314223819720491,0.06271834485962455,0.06270906355726903,0.06576548087531277,0.06238031760574611,0.06220549513912671
2023-09-01,0.06283800204406703,0.061551008364944905,0.061377799209357466,0.05976804016118303,0.06297154494450433,0.06155761775567312,0.061015941760282216,0.0636775174060942,0.06347855530359318,0.06238811508489241,0.06333796658761125,0.06270821316119685,0.06254324009824355,0.0661320799851276,0.06228009813963994,0.06237425999358885
2023-09-05,0.0625,0.0625,0.0625,0.0625,0.0625,0.0625,0.0625,0.0625,0.0625,0.0625,0.0625,0.0625,0.0625,0.0625,0.0625,0.0625
2023-09-06,0.0621247682435646,0.06317543836892853,0.06364414053938854,0.06248829297951906,0.0620169508346937,0.062074229107607716,0.06348944126837044,0.062273860571992856,0.062234394029106216,0.0621462813500116,0.06192408544203084,0.062249228049704085,0.062171616881839364,0.06314797551478407,0.06221682031478707,0.06262247650367136
2023-09-07,0.06193110439342416,0.06327573881812212,0.06369684543103217,0.06252047545792477,0.061998431005487284,0.062125985516329356,0.06383974926228725,0.06213159065637338,0.06185399426745129,0.06196963987053156,0.06179805259712457,0.06228128740581642,0.06194300107897292,0.06341019759570996,0.0625793110479796,0.06264459559543321
2023-09-08,0.06188857607784877,0.0629307641492483,0.06380217931069494,0.06313906890995144,0.062031038249757975,0.06213000886325162,0.06331370204305414,0.06202751612447985,0.06169898557401527,0.06227000040878404,0.06164366269912668,0.06245537038154686,0.062147801739016816,0.06326518165954935,0.06251842755657108,0.0627377162531029
2023-09-11,0.0625,0.0625,0.0625,0.0625,0.0625,0.0625,0.0625,0.0625,0.0625,0.0625,0.0625,0.0625,0.0625,0.0625,0.0625,0.0625
2023-09-12,0.06228645311085948,0.062452056486275796,0.06244819335694852,0.06210993223335788,0.06224009930571691,0.0625515555861571,0.06268130033593955,0.06263240076720858,0.0624822552353982,0.06250712604726404,0.06231357469107404,0.06252210449190344,0.062395992933756785,0.06358543567778313,0.06245902772620217,0.06233249201415444
2023-09-13,0.062374589016871325,0.0626838891898101,0.0625626741240749,0.06251335304150653,0.062450553206179364,0.06272667670637823,0.06302124810159761,0.062122762496327276,0.06217235674508309,0.06232424246757291,0.06247538332721391,0.06234928329443798,0.06255899510965186,0.06282032586917975,0.0624317004480615,0.06241196685605368
2023-09-14,0.06228041738878147,0.06270049658408094,0.062471296146756505,0.06289247031753845,0.062466247921515526,0.06259155754775189,0.0628650061747676,0.06224842926517512,0.0623643022878719,0.06254104306441048,0.0623925674521426,0.06254557702595785,0.0625724356692547,0.06207511537917808,0.06247370534035305,0.06251933243446381
2023-09-15,0.06220835393260536,0.06271062791045584,0.06227633435736379,0.06276308731668859,0.06224624483114425,0.0623411713860586,0.06359699335655884,0.062367928254411446,0.06237877135960697,0.06261755283976034,0.06266551374872512,0.06250566214397023,0.06286197435436416,0.061945250432025915,0.06237274284202912,0.062141790934231306
2023-09-18,0.0625,0.0625,0.0625,0.0625,0.0625,0.0625,0.0625,0.0625,0.0625,0.0625,0.0625,0.0625,0.0625,0.0625,0.0625,0.0625
2023-09-19,0.06259770961529355,0.062483593718401016,0.0627940668732716,0.06313379321555622,0.06268701738578931,0.062483593718401016,0.06250680987981137,0.06261377687666671,0.06265808788290762,0.06256707760425337,0.06239061900988254,0.06258548882939857,0.06253589905253874,0.06095995317040486,0.06246299631065639,0.06253951685676706
2023-09-20,0.062435611165202916,0.06267224843267172,0.06291988029830671,0.06370882572003692,0.06230415389926699,0.06269222098745175,0.0634247841084954,0.06252571450428075,0.0625700738444598,0.06261555283596987,0.062307650690371016,0.06245100147368681,0.062229530436776745,0.06022482200485418,0.06243246144548199,0.062485468152686456
2023-09-21,0.06266089820969038,0.06264533529502943,0.06271179355953638,0.06457162666583252,0.062371525292399796,0.06289131329434205,0.06371312760563565,0.062128174670601395,0.062204837935798965,0.06288776545976435,0.06211195520758348,0.062473188198975925,0.06230922369699344,0.0593912397409186,0.0625257654080818,0.06240222975881581
2023-09-22,0.0631271036693333,0.06351312643991387,0.06368850703820848,0.06587382607522173,0.06153292817928061,0.06329894665149567,0.06453906548940652,0.06147596004750237,0.06147901961217746,0.06257900176955025,0.0617548788880622,0.062056526229229636,0.06233196995703572,0.05801377222319998,0.06261614101007326,0.0621192267203089
2023-09-25,0.0625,0.0625,0.0625,0.0625,0.0625,0.0625,0.0625,0.0625,0.0625,0.0625,0.0625,0.0625,0.0625,0.0625,0.0625,0.0625
2023-09-26,0.062431923517736576,0.06283715906246011,0.0626433630787558,0.06260610453024357,0.06155508991470071,0.06247836435477439,0.06248751236126777,0.0626280849599246,0.06262625248748811,0.062494928795649725,0.06264398511713176,0.06256895021575402,0.06243681976261506,0.06238696760167408,0.06248133014002339,0.06269316409980023
2023-09-27,0.06242142086699467,0.06352054314411071,0.06308692672969257,0.06324177201321739,0.0614555571963754,0.06269481691419822,0.06292575191345075,0.062357167660906786,0.062209963731809946,0.06215749714130274,0.06219647555736735,0.06218427230573244,0.062369850344755465,0.06220270749373054,0.06264608287151605,0.062329194114838865
2023-09-28,0.06225293393230641,0.06399380991024725,0.0634936006134992,0.0625044491451769,0.06109814233840873,0.06271537800074348,0.06358289965955075,0.06239991116116769,0.06227915227762809,0.061875126768334406,0.062284046106748196,0.06199033585147814,0.0622217257420506,0.06252876546675082,0.06252574342156186,0.062253979604347406
2023-09-29,0.062281856846010404,0.06369368213647586,0.0631839707764615,0.062275883569450095,0.061398298093566075,0.06252560159810674,0.06302950111934326,0.0626763854284384,0.06249639569993503,0.061742176102036084,0.0624413865290014,0.06202917077677355,0.06236872234902168,0.06300879667599556,0.06248405468202523,0.06236411761735915
2023-10-02,0.0625,0.0625,0.0625,0.0625,0.0625,0.0625,0.0625,0.0625,0.0625,0.0625,0.0625,0.0625,0.0625,0.0625,0.0625,0.0625
2023-10-03,0.06210774543282859,0.06288298357841167,0.0631162365088089,0.06273103345636244,0.0617350817578689,0.06251259572694849,0.06277657565917837,0.06275797330486076,0.06288334898922103,0.06232371800111877,0.062157099101323145,0.06245154444479148,0.06244203251391771,0.06173480505692388,0.06262658413818013,0.06276064232925578
2023-10-04,0.06214362248898406,0.06363934599152665,0.06366026922099062,0.0642813619565218,0.06108880384404098,0.06297699015121057,0.06322855403081563,0.062165196393585115,0.062494920362489964,0.06233439963777728,0.061870240418301074,0.06219094315789656,0.062427898751757784,0.06043124613870916,0.06269536545289822,0.06237084200249452
2023-10-05,0.06200824920488353,0.06276476138407777,0.06264668263318751,0.06385467909292972,0.06147077075046017,0.06289249894248268,0.06261132244667185,0.06262704705430736,0.06293903915678795,0.06268256349243562,0.06182648013483996,0.06266879490902753,0.062311091953734625,0.06127913871108981,0.06267202997742033,0.06274485015566353
2023-10-06,0.062116824076653615,0.06283551968110553,0.061734496834285495,0.06463018747011366,0.06138770058637884,0.0628890667513048,0.06205885824669761,0.06266357605021068,0.06310458685880185,0.06269647814956696,0.061905081354545324,0.0625078354750392,0.06231903605341161,0.061428249534183146,0.06287139205902424,0.06285111081867735
2023-10-09,0.0625,0.0625,0.0625,0.0625,0.0625,0.0625,0.0625,0.0625,0.0625,0.0625,0.0625,0.0625,0.0625,0.0625,0.0625,0.0625
2023-10-10,0.06283263097655145,0.06166629168807134,0.06211034126103421,0.06240176925316855,0.06331222198083217,0.062346421512020495,0.06176309132368221,0.06261493207187169,0.06272787365044426,0.06275559876161782,0.06274843800094085,0.06257602641242263,0.06275331614776404,0.06248536579236599,0.06224723316867159,0.06265844799854076
2023-10-11,0.06282123121224457,0.06149923983995771,0.061622036031543884,0.06165349129187997,0.06345502805846985,0.06236742928472295,0.061498447053066806,0.06274653535879138,0.06271707703041166,0.06275581805264138,0.06290717988184931,0.06267034959783857,0.06274809719177049,0.06354148442315313,0.06228195764195144,0.06271459804970693
2023-10-12,0.06304380840312676,0.06101023813334586,0.06097736064875328,0.06174623797089926,0.06422892249716478,0.062305719198303036,0.061288497630884196,0.06289601354593781,0.06310073421080957,0.06280517699091201,0.06307349320227965,0.06280695006829946,0.06259607354509884,0.06302057298777547,0.06217896482499292,0.06292123614141715
2023-10-13,0.06304758096625643,0.06174232323164002,0.06231317234541265,0.062339005056209346,0.06322483890323147,0.06251284222829842,0.06193893930840747,0.06276449821528801,0.06319956905903608,0.06264603507674422,0.06261201854779777,0.06275532990993465,0.06263094294458828,0.0610571329763819,0.06234012591037931,0.06287564532039404
2023-10-16,0.0625,0.0625,0.0625,0.0625,0.0625,0.0625,0.0625,0.0625,0.0625,0.0625,0.0625,0.0625,0.0625,0.0625,0.0625,0.0625
2023-10-17,0.062353019128067275,0.0625329841602951,0.06252725177810559,0.06173450768961013,0.0618493284399379,0.06233491314001085,0.0620172544217677,0.06283079876318236,0.06278533361098018,0.0626691367546906,0.06281998909697699,0.06264466223343722,0.0625441752554572,0.06334825317606217,0.06226420722989247,0.06274418512152627
2023-10-18,0.062291302386594985,0.06311042253101255,0.06302454095241508,0.06135385521744433,0.0614047819823438,0.06227117692539617,0.06236242745314273,0.06256219955262983,0.06248175498707792,0.062458493278593194,0.0628385779200629,0.0625931286956219,0.06237795036447951,0.06420915530539967,0.06210460298218929,0.06255562946559606
2023-10-19,0.06266719984902605,0.06332415846117896,0.06402997787910335,0.0626910958495977,0.06127661546897521,0.06234663498842416,0.06292400027000594,0.062257710444455217,0.06216858872915638,0.06248027225378525,0.06249068429609998,0.06247954617563064,0.0626188863434836,0.06182458704730354,0.06219914786834479,0.062220894075429106
2023-10-20,0.06289591786183077,0.06384340338124557,0.06470953362708082,0.06325499007592404,0.06104851456389417,0.06242509928224767,0.06324389402076715,0.062160068238714714,0.06185184378499698,0.062127372947906566,0.062234145914785974,0.06233973552497087,0.06272133800742315,0.06077758056202116,0.06239003275079516,0.06197652945539512
2023-10-23,0.0625,0.0625,0.0625,0.0625,0.0625,0.0625,0.0625,0.0625,0.0625,0.0625,0.0625,0.0625,0.0625,0.0625,0.0625,0.0625
2023-10-24,0.06245187093470902,0.06225353040106631,0.06184916761164568,0.06249717878050199,0.06270872204985058,0.06264877322643585,0.062463074359338226,0.0628994526584988,0.06267532398947631,0.06235894488563877,0.062060478177916434,0.062494460579077114,0.06241831474272193,0.06284796192653827,0.06260318962542194,0.06276955605116273
2023-10-25,0.06219803573459924,0.06170849134394769,0.061331871136037955,0.06186584085054758,0.06304085118453244,0.06259554026783723,0.0619929139487388,0.06318096327292162,0.06279915219327754,0.06249866431799722,0.062277677413730526,0.06259001546349655,0.06228661388034826,0.06435050441691681,0.0625658404955229,0.0627170240795475
2023-10-26,0.06228235726853411,0.06265819646059179,0.06259205016575037,0.06350091644320008,0.06248520100105495,0.06272496497223227,0.0626162078801102,0.06259045806065854,0.06217224258837793,0.06272746617095887,0.061975175439527616,0.062351910861349905,0.0626723216505516,0.06133437253310061,0.06266048307303049,0.06265567543097054
2023-10-27,0.06255075744179175,0.06263066517883902,0.06213259664283393,0.06410618252017214,0.06331923028744277,0.06325328649109452,0.06253198017376561,0.06195294335134057,0.061523876330563956,0.06287724698947654,0.06215005379906489,0.06224575538048652,0.06247476524662824,0.0609072474467868,0.06275007997361157,0.06259333274610103
2023-10-30,0.0625,0.0625,0.0625,0.0625,0.0625,0.0625,0.0625,0.0625,0.0625,0.0625,0.0625,0.0625,0.0625,0.0625,0.0625,0.0625
2023-10-31,0.062467272805112044,0.062010459551441896,0.06201111646325059,0.06218379668678676,0.06222055623234234,0.06218379668678676,0.06188046368227424,0.06285902181810706,0.06296316931709801,0.0627830596315464,0.06261787899494477,0.0629201900511281,0.06297699280614055,0.06253027978693604,0.06260538127812892,0.06278656420797546
2023-11-01,0.06212962991124287,0.0621185015866317,0.06180968368804595,0.061983113134478504,0.06177783613448519,0.062042613382854925,0.061389899649991315,0.0628620241744877,0.06298177496560252,0.06296868701659038,0.06300502582027474,0.06325875492660447,0.06286119098942843,0.0637039742931393,0.06226018167699819,0.06284710864914372
2023-11-02,0.061912256993172377,0.06114249628814285,0.06113707932881979,0.06217783967926162,0.062394512469301236,0.061593187653842,0.06157007718626496,0.06349494682786497,0.06329151551771946,0.0630247750723618,0.06321989552742566,0.06348512551065005,0.06272602416879997,0.06377875771147193,0.062115161087187676,0.0629363489777135
2023-11-03,0.061817435777622075,0.059934962950277636,0.059889135483031965,0.06035567926384827,0.06293359187386652,0.060788495503971245,0.06084661235203988,0.06388040342049771,0.06379219200990979,0.06310594822110278,0.0636429280918718,0.06345304896584732,0.06281406803607224,0.0683052302283269,0.06181602719975816,0.06262424062195554
2023-11-06,0.0625,0.0625,0.0625,0.0625,0.0625,0.0625,0.0625,0.0625,0.0625,0.0625,0.0625,0.0625,0.0625,0.0625,0.0625,0.0625
2023-11-07,0.062216034227640625,0.0627951535746728,0.06330413711598391,0.0630842721183782,0.06209212088804281,0.06180777330868297,0.06276404489324845,0.06280774978018898,0.06269927173277565,0.0625834428688969,0.06215376646312755,0.06263333277653457,0.06258911815950974,0.061446569509938764,0.062460987980532345,0.06256222460184571
2023-11-08,0.06173052488750885,0.06258566155647961,0.0627721821373599,0.06275252011551052,0.06231333848664807,0.06171831500824339,0.06287464035064794,0.06286848537262957,0.06294641691874833,0.06251071662804004,0.06202113475202744,0.06245140486675489,0.06223681444576545,0.06317722676385591,0.062472147263842544,0.06256847044593758
2023-11-09,0.06162979876184317,0.06254169864608244,0.062360995480449426,0.06284324925468114,0.06278987773390034,0.06168849786341355,0.06303620532348404,0.0632247824279639,0.06323201873330489,0.06266893455519165,0.061536283489749814,0.06258839350167467,0.062219333732464376,0.06238704793772611,0.06256247103303868,0.06269041152503183
2023-11-10,0.061787774488874604,0.06332517100317109,0.06344564511856828,0.06352721643651281,0.06192265209182243,0.06182506306330337,0.06389819576359725,0.06305929626455203,0.06302421442892359,0.06237472220168526,0.06110767674282374,0.0624363269799885,0.062201692452784264,0.0606462382849526,0.06255309755888905,0.06286501711955111
2023-11-13,0.0625,0.0625,0.0625,0.0625,0.0625,0.0625,0.0625,0.0625,0.0625,0.0625,0.0625,0.0625,0.0625,0.0625,0.0625,0.0625
2023-11-14,0.06259176613415919,0.06255550701768767,0.06266685717030344,0.06251878740944146,0.06238187198119676,0.062347712480611286,0.06229225384445455,0.06267607667889222,0.06238475319147522,0.06250595964022938,0.062247004524204966,0.06248905004635675,0.06245322008395524,0.06277216225899424,0.06259291494366455,0.06252410259437313
2023-11-15,0.06329257736919314,0.060814450376588475,0.06052971212281737,0.06096761767074066,0.06353204918458466,0.06252260097021305,0.059347308897802584,0.06339074781667346,0.06317829331399816,0.06290448467165026,0.06359863234165722,0.06264337969898796,0.06271571091395475,0.06565556004891275,0.06267718064318908,0.062229693959036485
2023-11-16,0.06317972941520407,0.06113105540578143,0.060914741568465464,0.060113476159079714,0.06302926870855213,0.06237335190910037,0.0597572586122547,0.06288919032924443,0.06296895891257517,0.06270397245058258,0.06392050701331561,0.06248232113684443,0.06263711768730484,0.06715386443790589,0.0626512985837744,0.06209388767001481
2023-11-17,0.06332487220389119,0.06075477855950656,0.06035920575877181,0.06061891255566503,0.06349969434295012,0.06218767148722751,0.060252235048452625,0.06330019825420088,0.06309024171535343,0.06286069913572594,0.06363981483238741,0.06262693834254139,0.06249068030419155,0.06606950885440675,0.06266317554216096,0.06226137306256686
2023-11-20,0.0625,0.0625,0.0625,0.0625,0.0625,0.0625,0.0625,0.0625,0.0625,0.0625,0.0625,0.0625,0.0625,0.0625,0.0625,0.0625
2023-11-21,0.062371125353250956,0.06202975877468982,0.06255776198890724,0.06171465756707255,0.06271943640855557,0.062153524609239286,0.06228119445344256,0.06286008926381118,0.06274070914992272,0.062449994831613696,0.0625209260726349,0.062222055994642284,0.06251680122224176,0.0639139676841081,0.06247942678944641,0.062468569836421045
2023-11-22,0.06253560213169147,0.06212881960320115,0.06273624667042449,0.062462961326720974,0.0626576687914408,0.062230065381876615,0.0623817700850864,0.0627297834322725,0.0627021572919302,0.06271861471075628,0.06212278623179549,0.0624938445367795,0.062487400029674886,0.06255255300259141,0.06253584895667173,0.06252387781708617
2023-11-24,0.06224585130312489,0.062472474262413036,0.06259879783920475,0.06216392578247034,0.06261858725869594,0.06209351678299394,0.06246673073432991,0.06265129697948571,0.06270646969804952,0.06297298319417781,0.06224023101194328,0.06248837362880947,0.062433941539465986,0.06301497771053122,0.06237896356088061,0.062452878713423754
2023-11-27,0.0625,0.0625,0.0625,0.0625,0.0625,0.0625,0.0625,0.0625,0.0625,0.0625,0.0625,0.0625,0.0625,0.0625,0.0625,0.0625
2023-11-28,0.06258536965752942,0.06213993083106551,0.06238612210140014,0.062425207389735296,0.06300083943525195,0.06242760725259945,0.0624295679416367,0.06237011019251994,0.062361735891203834,0.0623749267631919,0.062340826628029665,0.06241058457874438,0.06230083524642116,0.06334223940082409,0.06252733156592642,0.06257676512392019
2023-11-29,0.06294873716199864,0.061814765832016554,0.06203149429550813,0.06166537647033378,0.06328308417762743,0.06248548382897594,0.0612365041727763,0.06219694625012243,0.062355203231627784,0.06234680976122443,0.062291731384528364,0.06243695413525921,0.06244845593451296,0.06512376037409569,0.06268837806226421,0.06264631492712823
2023-11-30,0.06318880555399257,0.06154824963611559,0.06166584881172623,0.061255901980205786,0.06382406834724691,0.0625171910596337,0.06050546867749976,0.062194660642704264,0.06237581270870297,0.06233249146453381,0.06285829545154126,0.06243142970350921,0.06239375742548368,0.06545685613964208,0.06278140584678854,0.06266975655067376
2023-12-01,0.06313389850433523,0.061831213862144366,0.061523015488076566,0.06152200332611539,0.06324078327795965,0.062473475122111766,0.06075974424082059,0.06203765027411521,0.06248927613373743,0.06285464577526906,0.06319456617834715,0.06255641243211543,0.06266206852673181,0.06424739892160856,0.06282070640328515,0.0626531415332267
2023-12-04,0.0625,0.0625,0.0625,0.0625,0.0625,0.0625,0.0625,0.0625,0.0625,0.0625,0.0625,0.0625,0.0625,0.0625,0.0625,0.0625
2023-12-05,0.061777945047937786,0.06307646659214676,0.06305353781372691,0.06222759895080444,0.06193688027268218,0.06235042057986251,0.06310217890880243,0.061916422082845625,0.06229345790014317,0.06257856262127966,0.06248024308331243,0.06267999291933728,0.06261113024687417,0.06294726051057241,0.06236679270504975,0.06260110976462248
2023-12-06,0.06153223348244725,0.06272629018482778,0.062350521960821394,0.0628690871167412,0.0625045785319291,0.06241103178846109,0.06314217598863747,0.06206810632515912,0.06242348353786436,0.06252799905772392,0.0623858605172426,0.06257733822132737,0.06250830133422085,0.06255259667530567,0.06263004896012411,0.06279034631716678
2023-12-07,0.0614835904026305,0.06284551698108008,0.06212655624380729,0.06294176908996153,0.06295094939956047,0.06252343995376926,0.0637080889068485,0.061551114728627,0.06231408799119381,0.06253490109504274,0.06232661739876086,0.06270726520265192,0.06226262060322921,0.06233943163913671,0.06255939218902312,0.06282465817467706
2023-12-08,0.061559309815365795,0.06218507427886486,0.06145683951211338,0.06239235047875489,0.06284992582446969,0.06264417699390067,0.06367966296961072,0.062340284575706825,0.06268717120631623,0.06248350081865627,0.06279056279800355,0.06266414425188507,0.06212742068087999,0.06256328299580578,0.06274466260375271,0.0628316301959137
2023-12-11,0.0625,0.0625,0.0625,0.0625,0.0625,0.0625,0.0625,0.0625,0.0625,0.0625,0.0625,0.0625,0.0625,0.0625,0.0625,0.0625
2023-12-12,0.06219622186460015,0.06258484783930496,0.06298243798851286,0.0624455420098396,0.06198102589068097,0.06240418338700525,0.06228451713497945,0.06294123123046189,0.06282208300106948,0.06291931792246158,0.06295633641677212,0.0626395107252689,0.06267214778223355,0.0614613160181607,0.06236558945869396,0.06234369132995457
2023-12-13,0.062092844662712074,0.062122266441723716,0.06227392882107732,0.06284343226289792,0.06186546199556691,0.06236745286440848,0.0630436657634415,0.06338454814765396,0.06319353873504238,0.06307006591389543,0.06262618147195746,0.06281988904700998,0.06266080962681551,0.06115710917325181,0.06222907929378583,0.06224972577875972
2023-12-14,0.062484695808042945,0.06142576995958073,0.06110917291361528,0.06053155140580879,0.0631146517123689,0.06258197875049029,0.06075369506409863,0.0635254755303293,0.06365432529991653,0.06360675362312058,0.06333338807406039,0.0629096274744008,0.06322144609035722,0.06315420448690742,0.06259294611384007,0.0620003176930622
2023-12-15,0.06358785709186594,0.060721881595894735,0.06060501292228556,0.05757107761337637,0.06453380124380763,0.06320829098438331,0.05975242219265396,0.0630565673861338,0.06352311430178144,0.06288081313417448,0.06470789528665619,0.06260687666515435,0.06337906630498563,0.06539264771163658,0.06254682784452997,0.06192584772068014
2023-12-18,0.0625,0.0625,0.0625,0.0625,0.0625,0.0625,0.0625,0.0625,0.0625,0.0625,0.0625,0.0625,0.0625,0.0625,0.0625,0.0625
2023-12-19,0.06245581980510835,0.06226137882764591,0.06256848322605539,0.06293018008312233,0.0622108812455923,0.06224904805238134,0.062381771151303986,0.06299771855749345,0.06274256242942391,0.0626786071548287,0.062202571409345424,0.062285498577632374,0.06275689961057662,0.06225937805457489,0.06254917354729564,0.06247002826761951
2023-12-20,0.06256070079264046,0.06196301701177029,0.062462970227349084,0.06156244450004871,0.06217087468708584,0.062303631766817635,0.06220494463619771,0.06306103254672087,0.06272587894104119,0.062498460662698964,0.06252253918699677,0.06209964827740231,0.0626966678727768,0.06452099847378978,0.062349389592002605,0.06229680082466107
2023-12-21,0.06267091329023762,0.06242998502642445,0.06307005791348849,0.06279020500067842,0.06257990579871588,0.06256715506698093,0.06242421285718315,0.06255671311087109,0.062446124818300926,0.06217883329072563,0.06197047017718277,0.062286049334148046,0.06254737853186716,0.06242499776610546,0.06258770727904923,0.06246929073804081
2023-12-22,0.06272854382906838,0.06195651086162184,0.06232352893166292,0.061580995647776283,0.06249588092864931,0.06235491069870481,0.06233490281161651,0.06307377535399851,0.06268653654853537,0.062331201849748934,0.06238707216066099,0.062236848194351366,0.06273680539850615,0.06369809382973182,0.06265817499161508,0.06241621796375169
2023-12-26,0.0625,0.0625,0.0625,0.0625,0.0625,0.0625,0.0625,0.0625,0.0625,0.0625,0.0625,0.0625,0.0625,0.0625,0.0625,0.0625
2023-12-27,0.06252746204814008,0.06219116391676678,0.06224326314893161,0.06202870921064934,0.06253067401191925,0.06244591335939143,0.06242717482670897,0.06265495053041,0.06258860158880836,0.06246118536470262,0.06292875228760662,0.06244392109674096,0.062478970250891074,0.06322509917281954,0.06234817097332187,0.06247598821219148
2023-12-28,0.06267683324662485,0.062073754883857656,0.06235862911475836,0.061867354473031815,0.06317972100657145,0.062318966093091885,0.06205026003126265,0.06264321858012523,0.06254066917163219,0.06240735951569924,0.06280462491748506,0.06237922093590433,0.06235714962636131,0.06360782752722932,0.062341398827637194,0.0623930120487274
2023-12-29,0.06254134487081629,0.06206000719736769,0.062114435781262356,0.061703248055264434,0.06294535286909216,0.06249284315567157,0.06202956034872663,0.06266637705841692,0.06258129860884683,0.06257054504105007,0.06290090660538887,0.06252665236909968,0.062484307260100444,0.06352690350954457,0.0623938703549652,0.06246234691438624
2024-01-02,0.0625,0.0625,0.0625,0.0625,0.0625,0.0625,0.0625,0.0625,0.0625,0.0625,0.0625,0.0625,0.0625,0.0625,0.0625,0.0625
2024-01-03,0.062413431489483556,0.06276709450743229,0.06227358586467267,0.06380345804521603,0.06229388855469512,0.06268104690104115,0.06344381107090526,0.061475719367617615,0.06216586019887921,0.06286199247525312,0.06270789625150626,0.06278069462321384,0.06279256245702336,0.060385190965781856,0.06257962774769962,0.06257413947957909
2024-01-04,0.062113647991480905,0.06286215550385392,0.06273128592706828,0.0663853938371105,0.062434965428649646,0.06284214162464033,0.06339488180348943,0.061187347310901814,0.06200343507682923,0.06295883396032138,0.06232152337350487,0.06266777651129722,0.06272456576933187,0.05824082253257422,0.06252800562608063,0.06260321772286576
2024-01-05,0.06205478843670432,0.06337783259271557,0.06260587991471536,0.06600620340636466,0.06190330740915537,0.0628695331246321,0.0639821209454094,0.06105768990914701,0.061812478453816856,0.06286537557833584,0.06201919846788954,0.06267222902180757,0.06287235944375973,0.05873454694994863,0.06261793906178517,0.06254851728381293
2024-01-08,0.0625,0.0625,0.0625,0.0625,0.0625,0.0625,0.0625,0.0625,0.0625,0.0625,0.0625,0.0625,0.0625,0.0625,0.0625,0.0625
2024-01-09,0.062245749116787936,0.06242105142834332,0.062209995558988464,0.06116162344467069,0.06246818425302209,0.06227414742853091,0.062270784743260074,0.06350458160775319,0.0629545350998535,0.0625154318557734,0.06266811545205232,0.06245661181536632,0.06236090534955388,0.06378810990622398,0.062244362206170134,0.0624558107336497
2024-01-10,0.062215338563329524,0.06265987651081732,0.06198668936916221,0.06185182011632301,0.06220304971864511,0.06232175677016259,0.062177061766239355,0.06389016815992209,0.06307540187360758,0.06256254423915136,0.06234565848676882,0.0625779827674138,0.062305512363174866,0.06296627535775096,0.06222380424119697,0.06263705969633429
2024-01-11,0.06206669111041022,0.06306095764075278,0.06209465725170559,0.06178475215428594,0.06183111532313579,0.06218776399434194,0.0622711023959616,0.06433409813740067,0.06327695302053864,0.06254777429861108,0.06203610334365921,0.06247178412280645,0.0623704863144325,0.06260075084448363,0.062505969021047,0.06255904102642676
2024-01-12,0.06212761287796081,0.06268147766015295,0.06219838510139802,0.06224697214540855,0.06227640194892921,0.062334967762756606,0.06176086893421194,0.0648570726602145,0.06358137479577823,0.06263193937463858,0.06186685710263364,0.06263102021357993,0.0625863858994679,0.06126126981667772,0.062218248837654054,0.06273914486853716
2024-01-16,0.0625,0.0625,0.0625,0.0625,0.0625,0.0625,0.0625,0.0625,0.0625,0.0625,0.0625,0.0625,0.0625,0.0625,0.0625,0.0625
2024-01-17,0.062051948668097816,0.06301377682747401,0.06219612097591977,0.06356861898224037,0.06159915868490752,0.0625104003421784,0.0634548224634991,0.06278671000507595,0.06235954043326432,0.06244691016876987,0.06229624391599078,0.06247113601938081,0.06233910358064575,0.06181013755339253,0.06242099958702215,0.06267437179214083
2024-01-18,0.061725841844293576,0.06330362132216893,0.06199388668827143,0.06419289555098454,0.06129819761057097,0.06259879529298877,0.06477311491976662,0.06259740339250969,0.06227756677110451,0.06247943548606242,0.06192761449311892,0.06240070222597419,0.062352542163795086,0.06086304580635584,0.062400564901860085,0.06281477153017438
2024-01-19,0.06184601725508251,0.06330843674469334,0.061643979236311895,0.06375210246378145,0.061209761032556396,0.06246866707559796,0.0643598518586735,0.06332464849511965,0.06282163825486309,0.06269960590380526,0.06195795405547434,0.06260548839608189,0.0623994948932979,0.0604311285787791,0.06235232784063475,0.062818897915247
2024-01-22,0.0625,0.0625,0.0625,0.0625,0.0625,0.0625,0.0625,0.0625,0.0625,0.0625,0.0625,0.0625,0.0625,0.0625,0.0625,0.0625
2024-01-23,0.062318090171842574,0.06259149732346703,0.0625510712328113,0.06187519035791705,0.06249009550195918,0.062255542142406764,0.06209788163319779,0.06252182799374084,0.0625742616521324,0.062465104986712254,0.0625928065140177,0.06257998981763128,0.06245687728577744,0.06376983382050166,0.06239680180877165,0.062463127757113004
2024-01-24,0.0623753513895761,0.06258702935719944,0.06198056764638889,0.06200788680282621,0.06231693305276756,0.06229092702678633,0.06175905327229877,0.06257039711851556,0.062429226746590294,0.0627277044153218,0.06282600025100546,0.06278914336349493,0.0626050158373812,0.06383264314642692,0.06235066653225483,0.0625514540411656
2024-01-25,0.06264311849774082,0.06251836858024117,0.061338181227097825,0.062494677194249205,0.06225796991836045,0.06239487884760737,0.06164389684855046,0.06333387494772359,0.06268530911090694,0.06259703957695213,0.06277678112353738,0.06269751934757274,0.06271564182722505,0.062494677194249205,0.06270355632135131,0.0627045094366342
2024-01-26,0.062610159884563,0.062384998847416995,0.061596124795055475,0.06200581112315144,0.06255017403336396,0.06247334834700186,0.06133726584454981,0.06357874583611314,0.0626860049561555,0.06273805609314521,0.06343928068629928,0.0627860417636791,0.06295810476098153,0.061694760024549246,0.06256405835996062,0.06259706464401361
2024-01-29,0.0625,0.0625,0.0625,0.0625,0.0625,0.0625,0.0625,0.0625,0.0625,0.0625,0.0625,0.0625,0.0625,0.0625,0.0625,0.0625
2024-01-30,0.06252413620682981,0.062190240231760535,0.0629270861339942,0.06109042145099947,0.0627241367298837,0.06210024167805747,0.06208118646845048,0.0628298870482886,0.06268645168246849,0.062298676399755844,0.06233642972876351,0.062353239272243434,0.0623196571165217,0.06508265457681675,0.062223231049682956,0.06223232422548315
2024-01-31,0.06257978551483857,0.06223243282752037,0.06233519190843991,0.06200149847865264,0.06284380019023317,0.06205959012172339,0.062371932763043036,0.06271133309546295,0.06270540379469505,0.06252728611981301,0.06268922772682449,0.06250538285877437,0.06265733428640947,0.06341083429927034,0.06209753827623378,0.06227142773806551
2024-02-01,0.06275183004884753,0.06222646817526173,0.06271365891675684,0.06346844079019734,0.06344929794049939,0.06220461242030912,0.062029630800455045,0.062041950306710586,0.06225216700308092,0.06240022038511921,0.06249159849296486,0.06262611374311974,0.06256822342039481,0.06190845328920394,0.062354160974792905,0.0625131732922861
2024-02-02,0.06261699825442806,0.06232553521395599,0.06268204784902724,0.06341905214919304,0.06402776894436135,0.06152096030574161,0.06110518710979799,0.06260923573687796,0.0625048862888774,0.06261977888337789,0.06254153578130511,0.06279696936724406,0.06273392358925226,0.062263780807148686,0.06199117159722984,0.06224116812218152
2024-02-05,0.0625,0.0625,0.0625,0.0625,0.0625,0.0625,0.0625,0.0625,0.0625,0.0625,0.0625,0.0625,0.0625,0.0625,0.0625,0.0625
2024-02-06,0.062337006830293466,0.062472665600643566,0.06288479490591567,0.06319652541286788,0.061983870331144844,0.06267275024454531,0.06327269109450517,0.06290971051382041,0.06271704415414352,0.06237876511054152,0.06220541555352213,0.06246327768796081,0.062335380781074146,0.06079007432365338,0.06258625209473534,0.06279377536063278
2024-02-07,0.0625676633072215,0.06231085769576781,0.06256766330722148,0.062465760679854446,0.06226733817572629,0.062446678916664944,0.06303342920576359,0.06244823035251491,0.06264065689544165,0.06231848735252083,0.06230056972529138,0.062389510509343216,0.06230076383357024,0.06262130162318548,0.06267198284938288,0.06264910557052931
2024-02-08,0.06250463088028893,0.06212488796671589,0.06274673955199521,0.06213117011977845,0.0619685189622638,0.062354303779983695,0.06251467030771604,0.06322114057233957,0.06313814619809954,0.06235748957418458,0.06217950470074954,0.062289849375248285,0.0623840800685866,0.06301553396178014,0.06262520501532652,0.06244412896494319
2024-02-09,0.06241832626135114,0.06217450476514331,0.06293064305070946,0.061375267193443286,0.06148836318710697,0.06285233967196875,0.06271678302644862,0.06330884047195345,0.06310191821730021,0.062081699932301615,0.062021733705731864,0.06208495455282067,0.062184451402669746,0.0645222785259779,0.06246217245806051,0.062275723577012526
2024-02-12,0.0625,0.0625,0.0625,0.0625,0.0625,0.0625,0.0625,0.0625,0.0625,0.0625,0.0625,0.0625,0.0625,0.0625,0.0625,0.0625
2024-02-13,0.0624830363718473,0.062281908680178,0.06254751183045573,0.06140202823770825,0.06259997100504935,0.06247769428649652,0.06280508927916854,0.062030804218350534,0.06239397497745371,0.06235133835300714,0.06308442990803219,0.06239792901963287,0.0624980134467955,0.0638197827446461,0.06239792901963287,0.0624285586215454
2024-02-14,0.06211226117446879,0.062404199018814895,0.06320555648902415,0.06373687283054626,0.0619896532357644,0.06269098037881694,0.06420514756936888,0.061758540875673215,0.062086116200840834,0.06235539321920443,0.06236706090783903,0.0625471046037662,0.06233404386313543,0.060703827420137,0.0626012728157078,0.06290196939689184
2024-02-15,0.06200233982600209,0.062312020533673476,0.06278085857367895,0.061947086031393074,0.06205751557210837,0.06244804507006289,0.06390478632834651,0.06255053106545608,0.06227365380333864,0.06222608386221844,0.06249615967261539,0.06245031864844343,0.06221116202007279,0.06357368193377066,0.062283443943753215,0.062482313115066024
2024-02-16,0.062247928336036616,0.06239199029790404,0.06285931060843761,0.06102086125088872,0.06205110449521038,0.06221404115657738,0.06363471817499308,0.0623549385827072,0.06231968501324453,0.06234670686208026,0.06285358363032187,0.06233602135671955,0.062247624006715956,0.06468254697727906,0.06225871717913542,0.06218022207174836
2024-02-20,0.0625,0.0625,0.0625,0.0625,0.0625,0.0625,0.0625,0.0625,0.0625,0.0625,0.0625,0.0625,0.0625,0.0625,0.0625,0.0625
2024-02-21,0.06265534648452219,0.06240879451044464,0.062173956094545874,0.06357092716299596,0.06263774347510728,0.06255522605300158,0.062031443118341106,0.062084931686079654,0.06240672253098953,0.06284416723979012,0.0627640083251352,0.0629089530337927,0.0627078939124055,0.060826610820747314,0.06266790226831619,0.06275537328378522
2024-02-22,0.06269190747401321,0.0627708771300324,0.061909593548376815,0.06420930452042665,0.0625819550766817,0.0626874054682127,0.06229171615918586,0.06153676710789923,0.0625189483142601,0.0630517077494551,0.06290614249925194,0.0631895336423556,0.06297135185989253,0.059114053801028535,0.06274227687635839,0.06282645877256922
2024-02-23,0.0624556037315613,0.06271060118435594,0.061615673368756146,0.06360239438465076,0.06219212554203852,0.06206728972895199,0.06222572554320796,0.06328163553884256,0.06345469296544166,0.06303005140183632,0.06255648537583607,0.06281223425481285,0.06293868225415565,0.059938466840839165,0.06243109334812998,0.06268724453658316
2024-02-26,0.0625,0.0625,0.0625,0.0625,0.0625,0.0625,0.0625,0.0625,0.0625,0.0625,0.0625,0.0625,0.0625,0.0625,0.0625,0.0625
2024-02-27,0.062273723494449526,0.062396859427101055,0.06248522906072092,0.062106639868885004,0.062208358574283855,0.06248262042363416,0.062393474785265406,0.06260917582628323,0.06238427621382452,0.06215262269332651,0.06221093347202298,0.06248662367645807,0.06232791592233625,0.0645968093820482,0.06244272000783202,0.06244201717152819
2024-02-28,0.06236183732161377,0.06253425037761563,0.062204057735456945,0.06089679419756415,0.061939130146664134,0.06241375440023938,0.06249687532697211,0.0625782830440655,0.062311636763726835,0.062106993736762414,0.062373897961193484,0.06239582050274463,0.062065108757951265,0.06640675001358783,0.062476618886139444,0.06243819082770228
2024-02-29,0.0622902234110645,0.06247011121999759,0.061873283299620115,0.06150608153555598,0.06217929934563328,0.06254692011934286,0.06220092364630328,0.06251999731692194,0.06224843894872342,0.06222575075852859,0.06231295373586953,0.06252401163013911,0.0621380100785979,0.06599456326453011,0.06246773029993757,0.06250170138923397
2024-03-01,0.06250817647008972,0.06259005767348401,0.06195486695667426,0.06087326240153255,0.06241570236126443,0.06237516888474117,0.06189770908441831,0.06305952729560055,0.062323227010350146,0.06201068151217139,0.06259545618165241,0.06241404507804093,0.06207267327109595,0.06597121097393369,0.06250016869531638,0.062438066149633834
2024-03-04,0.0625,0.0625,0.0625,0.0625,0.0625,0.0625,0.0625,0.0625,0.0625,0.0625,0.0625,0.0625,0.0625,0.0625,0.0625,0.0625
2024-03-05,0.06271892677367868,0.06258083324308944,0.06225397882347235,0.0628269719680886,0.06237881186866034,0.06254430829547616,0.06244493849040831,0.06286352013223435,0.06239878022391685,0.06252129407964069,0.06274547546621714,0.06252186161662113,0.062395464716469916,0.0618832526304481,0.06244493849040831,0.06247664318116954
2024-03-06,0.06294369600372625,0.06237901098820708,0.06232100661032236,0.06375511721662062,0.06311123168274434,0.062991809346685,0.06223006174874486,0.06208434759862596,0.06208466119778015,0.06248934690921047,0.06278166464048575,0.06275661501995668,0.06251325189953306,0.06006064787033357,0.06277077407103265,0.06272675719599106
2024-03-07,0.06312431640845065,0.062370041661754805,0.061892663782891405,0.06331692074497006,0.06329347340428748,0.06263117315766596,0.06192172589115104,0.062434142129266464,0.06227803427531713,0.06266625913501833,0.06308139062982646,0.06273868258864625,0.06232021775561183,0.06076575441230068,0.06261296604738818,0.06255223797545306
2024-03-08,0.06334381682673239,0.062285528244261076,0.06158594270311793,0.06243608282347371,0.06326850929949948,0.06244128599293456,0.062062321644128726,0.06317110626103278,0.06271538947669744,0.0626055010998243,0.0632098657793185,0.06261359488768489,0.062213609056313644,0.06117936456364994,0.06250750785011798,0.062360573491212566
2024-03-11,0.0625,0.0625,0.0625,0.0625,0.0625,0.0625,0.0625,0.0625,0.0625,0.0625,0.0625,0.0625,0.0625,0.0625,0.0625,0.0625
2024-03-12,0.062469891947168114,0.062183540750240886,0.0625677709290405,0.06307205864774224,0.06248162354766415,0.0625607661110454,0.06278290525905604,0.0616571148703177,0.06230764243727576,0.06270225193885377,0.0627729729778728,0.062470687775372444,0.06263002162116063,0.062358508926671545,0.06246124524719733,0.06252099701332067
2024-03-13,0.06225249322111888,0.06214942546841847,0.06256261543336139,0.0630365315385651,0.06206207243988997,0.06228021152200172,0.06294784478945743,0.06271014543539559,0.06297253689231375,0.06271823218266508,0.06267317661384646,0.06244790767433757,0.06286498396289017,0.061627582983945994,0.06234229153397795,0.06235194830781456
2024-03-14,0.06255906501720875,0.06279946966764924,0.06284362978797037,0.0629097659560107,0.06200212379802311,0.06164356481809592,0.06401423123998949,0.06223941193942489,0.06275365681300712,0.06250891875678699,0.06249394349900027,0.06240934982884597,0.06278774439641424,0.06163828638167734,0.062156149273746825,0.06224068882614893
2024-03-15,0.062379500496448526,0.06317646325226736,0.06340003419704494,0.06392377603581864,0.06166117981649461,0.06178934650475921,0.06452181359199748,0.062054606701598514,0.06280189330824167,0.06243688617951769,0.06194255723563589,0.0625133225744109,0.0629855293137789,0.05979656347166188,0.06222191179178089,0.062394615528543
2024-03-18,0.0625,0.0625,0.0625,0.0625,0.0625,0.0625,0.0625,0.0625,0.0625,0.0625,0.0625,0.0625,0.0625,0.0625,0.0625,0.0625
2024-03-19,0.06244465544615943,0.06272099901874942,0.06276213480140796,0.062071240321235004,0.06230973657474185,0.06226017219235985,0.06248488214297612,0.06279030628869392,0.06269081228872833,0.062483621776707805,0.06254241223387125,0.06252550387618637,0.06245373450242321,0.06250605913416019,0.0624006270506226,0.06255310235097673
2024-03-20,0.062389802155823286,0.06310014134204554,0.06275333730076578,0.062326971609865826,0.06233548150954988,0.06220674565559147,0.06145264514442134,0.06294581013661563,0.0629433065417823,0.06274894273548938,0.06269714449156517,0.06268522814974517,0.06265005966591007,0.06203472219083561,0.06212486603283749,0.06260479533715597
2024-03-21,0.06245318789560257,0.06323325353222808,0.062211634101037964,0.06063116938909404,0.062454618768349617,0.06189640198673435,0.06093415365014982,0.06334768727138519,0.06322265278958779,0.06258170818044095,0.06312888451475537,0.06251557981415316,0.06278756924518694,0.0638680291169661,0.06226050025857295,0.06247296948575506
2024-03-22,0.06260693018928434,0.06347388682192986,0.06190988453419982,0.059768593898152214,0.06245660591175686,0.06170303190635413,0.06051377375824034,0.06386775179689075,0.06342078004646988,0.062566564243703,0.06344405598487417,0.06245568657686113,0.06300690994552105,0.06413549211739156,0.062266578394413456,0.0624034738739575
2024-03-25,0.0625,0.0625,0.0625,0.0625,0.0625,0.0625,0.0625,0.0625,0.0625,0.0625,0.0625,0.0625,0.0625,0.0625,0.0625,0.0625
2024-03-26,0.06256826012058525,0.06248344396317331,0.06268788322868578,0.06231421257354708,0.06214583465812023,0.06259707982937784,0.06309963452425965,0.062344792109026485,0.062174880682865134,0.06222134394361463,0.06234112867322412,0.06233070476746397,0.062191784952021746,0.06347874134359653,0.06258014928131495,0.062440125349123285
2024-03-27,0.0623876314457911,0.06240828625604814,0.06250158738005501,0.06253820428793475,0.062264328380898314,0.06282318865643757,0.06308547251401016,0.062218651202541365,0.06202135628620055,0.06229958440263527,0.06240353795880834,0.06246016172932064,0.0622208139661182,0.0632879803614557,0.06256471835412654,0.06251449681761839
2024-03-28,0.062468819673314704,0.06218473034970469,0.062565375356421,0.06222604826150915,0.06261907942373338,0.06250961014612268,0.06274541207932176,0.0619047895271531,0.062032986396435175,0.06271063819907041,0.06317634883075776,0.06252722459534339,0.06262018221192155,0.06307277908998739,0.06229291823343341,0.06234305762577059
2024-04-01,0.0625,0.0625,0.0625,0.0625,0.0625,0.0625,0.0625,0.0625,0.0625,0.0625,0.0625,0.0625,0.0625,0.0625,0.0625,0.0625
2024-04-02,0.0625695603241322,0.06312093119370035,0.06311626747464245,0.06314794460832689,0.061895502929061576,0.0624493739615741,0.06346586332189302,0.06255578693830648,0.062306568209699834,0.06226477120134516,0.06224098782547464,0.062222881386759646,0.062247975763152164,0.06144093608089909,0.06242838873839858,0.06252626004263373
2024-04-03,0.06299725757487812,0.06311267825405173,0.06368319388457759,0.06388028601224825,0.062069213757439984,0.06265748503184652,0.06375275096237965,0.062352633792509764,0.062125087783436304,0.0621497127478571,0.06181743812726569,0.06229943314641592,0.06211676776247723,0.05981784581591101,0.06251464749777963,0.06265356784892535
2024-04-04,0.06348409856505957,0.06306703281856613,0.06355119545730063,0.06358143789373903,0.06210489794521649,0.06272794325600878,0.06366254886483637,0.06279575805408338,0.0620562377943493,0.061919460519052845,0.06170107315972128,0.06214597257722528,0.062141598635097196,0.059908234413375235,0.06254780723183184,0.06260470281453638
2024-04-05,0.06375631517137842,0.062740055849121,0.06399570281597268,0.06424988815604334,0.0626397187155628,0.0626453522836611,0.06383408981994967,0.062006445011278916,0.06158768334983355,0.061789066513601824,0.061460426568277535,0.06212169532266553,0.06215040001651466,0.05948935603472182,0.06282171923553567,0.06271208513588122
2024-04-08,0.0625,0.0625,0.0625,0.0625,0.0625,0.0625,0.0625,0.0625,0.0625,0.0625,0.0625,0.0625,0.0625,0.0625,0.0625,0.0625
2024-04-09,0.06245624735120031,0.06276732275254789,0.0624430068313406,0.06141236431968453,0.06251071659974883,0.06244242710022085,0.06288446565472491,0.062259387544826336,0.06238404300536909,0.062384532472264,0.06236946582929572,0.06256463300282232,0.06235766535432216,0.06372070417012964,0.06250353722310871,0.06253948078839419
2024-04-10,0.06266525940386877,0.06238462779132668,0.06257061302069208,0.060689487332510075,0.06300103834236691,0.06264588817330136,0.062260301428565104,0.06185057366117834,0.06237546124460239,0.062383428467104866,0.06260624802295314,0.06255925950636197,0.06237379923033479,0.0643927842110976,0.06266965088914239,0.06257157927459356
2024-04-11,0.06251462170960158,0.06376085498070411,0.06327407517053944,0.061682148601097435,0.06215766676147099,0.0625335980202828,0.06444688742200254,0.06178951264297216,0.061954458965798355,0.06196275295269181,0.061525397352422746,0.06216594420039093,0.06210658772665486,0.06308521632987618,0.06245139992021058,0.06258887724328352
2024-04-12,0.06262812417753014,0.0639083228869333,0.06336442557596764,0.060945345979803056,0.061890941970869896,0.06237794654212177,0.06473861691506592,0.0622449645576767,0.06226974742141695,0.061600665844008834,0.06130545756802754,0.06207389288102512,0.0618726987398,0.06378724532192656,0.06243899356024238,0.06255261005758433
2024-04-15,0.0625,0.0625,0.0625,0.0625,0.0625,0.0625,0.0625,0.0625,0.0625,0.0625,0.0625,0.0625,0.0625,0.0625,0.0625,0.0625
2024-04-16,0.06250090969121443,0.06353196878291462,0.06367347996368422,0.06403600382911706,0.06222689726176836,0.06251562572111333,0.06363683492206346,0.06167448901904378,0.061963232896997816,0.0623646299321927,0.06242046622243076,0.06216955938568712,0.06252351953803174,0.05986567230488563,0.06257498148532484,0.06232172904353014
2024-04-17,0.06257107919996154,0.06347610758573125,0.063646011526626,0.06457555995724659,0.0618099376931931,0.06273048519598484,0.06396805708590504,0.06207362403412174,0.06211415972395314,0.062410433899907004,0.062083906331763965,0.062273115760622166,0.06251687779555432,0.05896844270117168,0.06240119754047318,0.062381003967784475
2024-04-18,0.06258279376793202,0.06277232502052905,0.06346345443426278,0.06525836126605214,0.062323314444693266,0.06280989468042411,0.06404625288466732,0.061489977206461655,0.0619373724015687,0.06267221558128146,0.06209181197989117,0.06239959543062902,0.06289574520134855,0.05836112462806484,0.06255991321420248,0.062335847857991455
2024-04-19,0.06255800053145535,0.06295147884373077,0.06371266358768564,0.06563234362617144,0.062187042662641356,0.06297759549541951,0.0642704934315863,0.06107723893347868,0.06176769068709473,0.06269869072389674,0.062074386490525824,0.06224010473206236,0.06290932110840217,0.05817824629647831,0.06260612287580132,0.06215857997356954
2024-04-22,0.0625,0.0625,0.0625,0.0625,0.0625,0.0625,0.0625,0.0625,0.0625,0.0625,0.0625,0.0625,0.0625,0.0625,0.0625,0.0625
2024-04-23,0.06186111275717758,0.06222841380118666,0.061807601699917274,0.06190416685233318,0.06227556198711502,0.06259526146195055,0.06249861559203428,0.06291313098781771,0.06282428806822662,0.06257859661329306,0.06275374635185185,0.06282028522205355,0.06253855099987786,0.06318217170913032,0.0624971953885945,0.06272130050743994
2024-04-24,0.061746351190457655,0.06237290541906605,0.06110892222064427,0.061016679629605525,0.06204254760526918,0.06204990115520448,0.06208626792945202,0.06390881453274402,0.06319598375992004,0.06246505372448721,0.06290403632917788,0.0629661342026806,0.06243931718648177,0.06470769045154055,0.062295896123466164,0.06269349853980255
2024-04-25,0.0616431899354355,0.06242505791068301,0.06137750250100927,0.06089759159143686,0.06187275739030187,0.06187883672641978,0.0618907815799345,0.0636261625907786,0.06316181531860052,0.06261342034687273,0.0631097585454316,0.06304307325131235,0.06257975910593709,0.06476211916622095,0.06238721245468324,0.06273096158494212
2024-04-26,0.061705151745625006,0.062497550440547146,0.06177884350068031,0.0612696064141463,0.06176054429974652,0.06190958603193059,0.0629458502630332,0.06338552183350928,0.06302115495161399,0.06256473544066146,0.06278186721975076,0.06274820910161764,0.06227161584097172,0.06438717520098776,0.0622752992350548,0.06269728848012349
2024-04-29,0.0625,0.0625,0.0625,0.0625,0.0625,0.0625,0.0625,0.0625,0.0625,0.0625,0.0625,0.0625,0.0625,0.0625,0.0625,0.0625
2024-04-30,0.06267916332970083,0.0615384024060541,0.06178415007774233,0.06247253506604403,0.06283289448292931,0.06246645859598652,0.062022449975653204,0.06242685816582938,0.062374617081841305,0.06267589783749652,0.06279691404490827,0.06258340744441702,0.06255367685760024,0.06390703716702173,0.062365321038306054,0.06252021642846914
2024-05-01,0.0620983954154775,0.06235300950494143,0.06299701665263083,0.06380858427119764,0.06245871267194639,0.06283471999622141,0.06232197792265763,0.06203613849725736,0.062109316577247484,0.06256305025303498,0.06218480780112501,0.06254492907646328,0.062274557142916485,0.06206518565991954,0.06260810329512717,0.06274149526183583
2024-05-02,0.06218390999235813,0.06192342500952,0.06276847422823666,0.0641355422937546,0.06274903853300233,0.06301147638178906,0.062203362399919505,0.061551463096935155,0.06195844423304718,0.06263299149188703,0.06185173775581025,0.06258330143220954,0.062197348944264944,0.0627350501569199,0.0626405332174095,0.06287390083293623
2024-05-03,0.062328762178826956,0.060606798153857694,0.061173584316030885,0.06318496368508762,0.06305084064592519,0.06310555333209081,0.06214100484278554,0.06211772262931597,0.062318253311252236,0.06275784296039821,0.062132814574174966,0.06268864387239818,0.062387464225441065,0.06421261606317495,0.06277823061734679,0.06301490459189295
2024-05-06,0.0625,0.0625,0.0625,0.0625,0.0625,0.0625,0.0625,0.0625,0.0625,0.0625,0.0625,0.0625,0.0625,0.0625,0.0625,0.0625
2024-05-07,0.06274980615553473,0.06250954404174161,0.061872417262873416,0.06152824234863406,0.06250069631126387,0.06234368974669904,0.06207802730920264,0.06338615794644009,0.06296271767676971,0.062498969260494114,0.06263198119349968,0.062467203269222615,0.062384629524976594,0.06353091782362685,0.06232589933350967,0.0622291007955114
2024-05-08,0.06257031690432825,0.06285376673465756,0.061747878658467266,0.062136792807502124,0.06259860069021284,0.06232365807076484,0.06178429443903497,0.06332786357384715,0.063145356083281,0.06287704755988911,0.06254451781923744,0.06275731584155526,0.0626417790938841,0.06221297719724987,0.062245230919215605,0.0622326036068728
2024-05-09,0.06239596777795209,0.06310723741324192,0.06243497242686165,0.06282756767620179,0.06243109530822155,0.06224004315067251,0.06168943521476292,0.06341380593057906,0.06314166937821246,0.06288867387961947,0.06265717278487312,0.06287550572540837,0.06270331612642978,0.060679720317380434,0.0622618070718064,0.062252009817776635
2024-05-10,0.06290772329049445,0.06329093856366179,0.06195480254036273,0.06229519306779994,0.06275334911647208,0.06204504376737371,0.061487189162906394,0.0634068591882982,0.06321085036829917,0.06311882170277239,0.06294871372667159,0.06303741880318948,0.0631365430463485,0.0601800081449496,0.06208626769681024,0.062140277813589925
2024-05-13,0.0625,0.0625,0.0625,0.0625,0.0625,0.0625,0.0625,0.0625,0.0625,0.0625,0.0625,0.0625,0.0625,0.0625,0.0625,0.0625
2024-05-14,0.062109252966738714,0.0626543278220617,0.062338265058377314,0.06187707039631983,0.06237186231656731,0.06254180138508282,0.06303791692397888,0.06208345393727783,0.0623628736006782,0.06240116832601643,0.06256435086034907,0.062357445769479006,0.062288722631450924,0.06421853700577462,0.062360701777063036,0.06243224922278429
2024-05-15,0.06227097475440335,0.06234258205454049,0.062007343555404666,0.06106125607579269,0.06266920726570827,0.0625379524625803,0.06280441361181427,0.06232166633679749,0.06247419521735866,0.06229743304820255,0.06265934318177002,0.062237386320695386,0.06225339792758884,0.06542756113966722,0.06235847132815771,0.062276815719518076
2024-05-16,0.0625501190083289,0.06148751939035191,0.061115618418811676,0.06035483472893584,0.06308256838741406,0.06252664923311806,0.061835367544175734,0.06347833696719492,0.06319147843056404,0.06242644625899801,0.06301022317283116,0.06211098333333852,0.06245850425257781,0.06606177997618361,0.06230982240670578,0.06199974849047009
2024-05-17,0.06243000640123189,0.06174570052044058,0.061226316772046735,0.06112747540816303,0.06306851802634407,0.06231896912452652,0.06228802240349712,0.06303064448097798,0.0630407049131988,0.0627651529641888,0.06282646181430954,0.06222402633551745,0.06251840539667336,0.06498807887533416,0.062300845455533736,0.06210067110801637
2024-05-20,0.0625,0.0625,0.0625,0.0625,0.0625,0.0625,0.0625,0.0625,0.0625,0.0625,0.0625,0.0625,0.0625,0.0625,0.0625,0.0625
2024-05-21,0.0627030035272909,0.06281443182736599,0.06207698242510878,0.06211663584545974,0.06232264388902689,0.06263596402389139,0.06315351290548572,0.06294818344920063,0.06262642616732192,0.06231875468837526,0.06225427105268433,0.06233916341748274,0.06208149904489882,0.06262126402878511,0.06249581372749165,0.062491449980130225
2024-05-22,0.06254555191036816,0.06269695117654069,0.0621066111116867,0.06288842092161942,0.06247493166525796,0.06254420004840851,0.06298314737266088,0.0629900974969369,0.06269155026747583,0.062290140147358355,0.0622687521795482,0.06223892120479456,0.062201268723155075,0.062080442774925054,0.06240366791831271,0.06259534508095109
2024-05-23,0.062096701987157686,0.06258756569610509,0.061759869426798605,0.06309587218148988,0.062408555247442335,0.06266998716837936,0.06301133190035936,0.06308091178325455,0.06270539523402636,0.06245836800827951,0.0623484985898553,0.06248786596940711,0.06213533849178567,0.06199585173288149,0.06242769298440734,0.06273019359837044
2024-05-24,0.0619557023495782,0.06282626557388538,0.06220595945751818,0.06405572637808406,0.06198834106308133,0.06309818434164488,0.06290423309269455,0.06345096933682252,0.06294104256029877,0.06212514991125014,0.06187927186131061,0.06250109448868643,0.06195805748948757,0.060465971412947184,0.06273256770988422,0.06291146297282604
2024-05-28,0.0625,0.0625,0.0625,0.0625,0.0625,0.0625,0.0625,0.0625,0.0625,0.0625,0.0625,0.0625,0.0625,0.0625,0.0625,0.0625
2024-05-29,0.06305464232675634,0.06317788460180568,0.06293151502288143,0.062177935537543784,0.062144378616506485,0.06236393852275633,0.0633872043293311,0.06277290750826475,0.06265788297998062,0.06190922193826691,0.06203259214182183,0.062141606428992,0.06214865357392563,0.06201105477181424,0.06252420985053304,0.0625643718488198
2024-05-30,0.0630130010108922,0.06327378572102411,0.06426886641147471,0.06252519649511248,0.061739308065047176,0.06256614305190242,0.0634879007847952,0.06259944782514079,0.062440351361390374,0.061660351580156106,0.06163371647755467,0.062081242433445226,0.06183000316826042,0.061513936339252354,0.06274661450590555,0.06262013476864614
2024-05-31,0.06316878686251563,0.06296365862711688,0.0638896073721871,0.06304094944585874,0.06224755914267096,0.0630230477100808,0.06295385578128633,0.06165117963011294,0.06225073287398893,0.06191893818451562,0.062370361782472086,0.062223661869990114,0.062152684219973185,0.06068741748780551,0.06290174177520669,0.06255581723421834
2024-06-03,0.0625,0.0625,0.0625,0.0625,0.0625,0.0625,0.0625,0.0625,0.0625,0.0625,0.0625,0.0625,0.0625,0.0625,0.0625,0.0625
2024-06-04,0.06267623335126218,0.062016422783271165,0.061719627226271924,0.06239165683889004,0.06303631997364251,0.0627871257779348,0.06249482391709597,0.06247919892346305,0.0626431733514427,0.062420236112017295,0.06218976403721353,0.062287286139894774,0.06224506196464903,0.06336793933729216,0.06260676931929086,0.062638360946368
2024-06-05,0.062408090425749844,0.061113597472364466,0.06123854843240281,0.06296044043391691,0.06328788271086043,0.06276042491988079,0.06171255955373891,0.06242460568077817,0.06290820837804767,0.06283644574404057,0.06207379947480129,0.06254469817109769,0.06256983024422089,0.06385222431146266,0.06251769124795675,0.06279095279868017
2024-06-06,0.06260489276490701,0.061421580171748265,0.06068338852812247,0.062164033697849404,0.06335467168971096,0.06256546885504136,0.06113858567280067,0.06346805401467949,0.06332603825483027,0.0626117941813305,0.06209828051218339,0.062380936350352786,0.0623743156422027,0.06482172431489452,0.06226530250435355,0.06272093284499262
2024-06-07,0.0629146190964256,0.06152225909467725,0.06053233867992143,0.06176156341224206,0.06340734002849699,0.06261800625123487,0.06072741328980499,0.06312640333838049,0.06325188970639625,0.06260961501262856,0.06188983656560278,0.062399992101041794,0.06245667103015551,0.0656676793857835,0.06239947597952003,0.06271489702768782
2024-06-10,0.0625,0.0625,0.0625,0.0625,0.0625,0.0625,0.0625,0.0625,0.0625,0.0625,0.0625,0.0625,0.0625,0.0625,0.0625,0.0625
2024-06-11,0.06288488101023942,0.06277251663903002,0.06267897521985136,0.06225669197172905,0.062260143810130085,0.06216472869975197,0.06252496481254151,0.06291478577212566,0.06247611098553231,0.06236675655816917,0.06248966439333933,0.0623455726238528,0.062256826821378126,0.06272169627866317,0.06256702489065796,0.06231865951300802
2024-06-12,0.06299235273299375,0.06272204438766958,0.06245032106508274,0.06214819994485967,0.06251092852503302,0.06212245906478877,0.06222612347175881,0.06287131653475282,0.06288193371567463,0.06243251949730098,0.06229848415845726,0.062319853687379856,0.06235810097450603,0.06285430387056178,0.06232172389921604,0.06248933446996418
2024-06-13,0.06337155596095129,0.062376331406517674,0.062013011846038406,0.061370142567966544,0.0627915625489172,0.06220774561519376,0.061583830982198856,0.06344332571154547,0.06316923344565742,0.06223052380304472,0.062243187706044194,0.062086676085497956,0.0620944348826742,0.0640256925818823,0.06250992404265591,0.06248282081321392
2024-06-14,0.06313148350441122,0.06208193516272798,0.06177159828030406,0.06146373628790299,0.06329733635013465,0.06225553690454861,0.06115438849267648,0.06415033099577867,0.0634696603218655,0.06235063148253005,0.0621340192657985,0.06210372118016622,0.06231910450885468,0.06316077555284974,0.06251700765000538,0.06263873405944502
2024-06-17,0.0625,0.0625,0.0625,0.0625,0.0625,0.0625,0.0625,0.0625,0.0625,0.0625,0.0625,0.0625,0.0625,0.0625,0.0625,0.0625
2024-06-18,0.06220615666912492,0.06280972049719279,0.06261027137208855,0.06250791816073624,0.06203232479721702,0.06227710271445969,0.06251412589192487,0.06306728444058876,0.06271163548493398,0.06270518481340329,0.06260290005477406,0.062350024095941876,0.06244410113279758,0.062585920570039,0.06231779219592369,0.062257537108853615
2024-06-20,0.06246050210090467,0.06273308392060876,0.06227213919080995,0.06246391670321054,0.06238003801203678,0.06208142281419162,0.06232956993031142,0.06345635654518834,0.06288930713941764,0.06274865075507448,0.06278946674210001,0.06232923421561743,0.06267544698139815,0.061872136990467466,0.06232214730181845,0.06219658065684429
2024-06-21,0.06259395524720046,0.06338274489624282,0.06283885844149087,0.06300985391808775,0.0622023659170837,0.06195202383248239,0.06224661992137603,0.0627857780423318,0.06247920076635482,0.06296207970455138,0.06282335493567398,0.06237586452839764,0.06288403117520017,0.061304976689406515,0.062071912704724716,0.062086379279395004
2024-06-24,0.0625,0.0625,0.0625,0.0625,0.0625,0.0625,0.0625,0.0625,0.0625,0.0625,0.0625,0.0625,0.0625,0.0625,0.0625,0.0625
2024-06-25,0.0625692874030467,0.06268653564761402,0.06191704448920024,0.06246813543025426,0.06272506033743276,0.06249651690860723,0.06292897500415179,0.06170160046706228,0.062211438180385895,0.06280751475771855,0.06281184653390477,0.06271172363714042,0.06285396655680672,0.06232114589672,0.06237592352765401,0.062413285222300455
2024-06-26,0.06248707223683353,0.06254700188351774,0.06237785364582974,0.06256957290843886,0.06281160560547239,0.06206228313398616,0.06300614647529978,0.06227663545038787,0.06250086252455384,0.06250958753212679,0.062442788685047254,0.06249785284613839,0.0625391408989833,0.062457206073861606,0.06236208944638346,0.06255230065313941
2024-06-27,0.062300337233026096,0.0628916384555142,0.06269286347439959,0.06236979200033475,0.06222185918431489,0.062333061128690685,0.063609673093994,0.06208814294768795,0.06235697340920689,0.06224023991117944,0.062148626423383944,0.06245520804723785,0.06243318077131791,0.06280789823407323,0.06243318077131791,0.06261732491432079
2024-06-28,0.062318938226023655,0.06288132445318892,0.0625552627535856,0.06197229507703308,0.0624161704082543,0.06283204699498285,0.06329152859491582,0.06223724989791369,0.06223975635956865,0.06229281573271698,0.062037695150344754,0.06239609056521874,0.06218465237790273,0.06334524923051157,0.0623923992253867,0.06260652495245211
2024-07-01,0.0625,0.0625,0.0625,0.0625,0.0625,0.0625,0.0625,0.0625,0.0625,0.0625,0.0625,0.0625,0.0625,0.0625,0.0625,0.0625
2024-07-02,0.06233039372356649,0.06341385103887975,0.06273910549842043,0.06277836532714494,0.06174031995931274,0.062357244488992,0.06258217809359434,0.06250240230280832,0.062276146711567115,0.06224811400137193,0.06220374429379701,0.06213100091104406,0.062267761186903116,0.06310659747494939,0.0627787961122864,0.06254397887536199
2024-07-03,0.06227268156900729,0.063069438606882,0.06247516453752336,0.06245204317735459,0.062040052391504126,0.06232075209577615,0.06260857925866062,0.06274729331560547,0.06251687242712507,0.06230613279237419,0.06223757047878428,0.06209591613023721,0.06239035572775079,0.06349412689204544,0.06240210026209037,0.06257092033727907
2024-07-05,0.06276985498887121,0.06291387498409384,0.06227932247479513,0.06192946178283037,0.06255563833942858,0.06226452529097186,0.06204156597346592,0.0631008795304566,0.06261490498543903,0.062021145314032355,0.0619556679335729,0.06185631432828547,0.06229626297391788,0.06443275687095477,0.06248787209743038,0.06247995213145365
2024-07-08,0.0625,0.0625,0.0625,0.0625,0.0625,0.0625,0.0625,0.0625,0.0625,0.0625,0.0625,0.0625,0.0625,0.0625,0.0625,0.0625
2024-07-09,0.062226041305863095,0.0621901655181112,0.06275283824514195,0.062401852861649905,0.06240179551360336,0.062439308600623585,0.06252187584564452,0.06279103422694235,0.062433460951094144,0.06254293409217786,0.06305093597901565,0.062343174889828684,0.06251443804684297,0.062416734760472395,0.06241827240219665,0.06255513676079173
2024-07-10,0.06223450662216979,0.06244389024892992,0.06276061000607204,0.0624206550217564,0.06209885650507006,0.062465296900023025,0.06248497145958748,0.06291603183636107,0.06244172848075399,0.06240326745964917,0.06322565069741519,0.062207907829449835,0.06234030912827112,0.06262095408630594,0.0623648883959241,0.06257047532226087
2024-07-11,0.062371273777804506,0.06251412013015205,0.06288339746283517,0.062123027705001437,0.06217103249305684,0.06244157975031439,0.062233894784162615,0.06312646808877677,0.06263530111452571,0.06259363289330154,0.06356466330709273,0.062032640363895365,0.0625870184988787,0.06218703747625225,0.06222688219230978,0.06230802996164019
2024-07-12,0.06286117173116548,0.061774833654952475,0.06279365930517702,0.06105674722005094,0.06291698050222251,0.06281744927168853,0.06165002931722021,0.06235443657072837,0.06217802681652055,0.06297398911205304,0.0640811880432086,0.06259471881968753,0.06288446308973869,0.06198193788425905,0.06264665997400308,0.06243370868732394
2024-07-15,0.0625,0.0625,0.0625,0.0625,0.0625,0.0625,0.0625,0.0625,0.0625,0.0625,0.0625,0.0625,0.0625,0.0625,0.0625,0.0625
2024-07-16,0.06240710088431816,0.06233034297483619,0.0627808973897601,0.06232192126703465,0.061940777507417076,0.06232804969028567,0.06305527968917107,0.06259830895344255,0.06252477564515603,0.062376221121402224,0.06248140529057963,0.06223422246401895,0.06258904088425905,0.06350038353189305,0.06220978059870307,0.06232149210772263
2024-07-17,0.06237736731657132,0.06226571673129487,0.06234323315439818,0.0613635414745237,0.06220043701897327,0.06204885853843758,0.06216385932964353,0.06249086208213143,0.06247922214341575,0.06254793722387685,0.063215749172699,0.06219165690497733,0.06301527334283782,0.06530504405746747,0.06209057893893948,0.0619006625698125
2024-07-18,0.062150749375481984,0.0614905755655655,0.06260053441632993,0.06315958193557923,0.06233014559177126,0.06234782515958361,0.06241123115057038,0.06045359979803102,0.06177987964113991,0.06299236893419179,0.06347036458522776,0.06263102443926766,0.06359095273193614,0.06435134579922935,0.06201415345646738,0.06222566741962718
2024-07-19,0.06228526185211612,0.061846429852477604,0.06281553262655012,0.06381325731124357,0.062108965540771256,0.06270576086256743,0.0630738115093973,0.06030178224271883,0.06168343598782516,0.0629642010265703,0.06344374302740959,0.06265470044805561,0.06334561077656015,0.062196189216069786,0.062212011879451155,0.06254930584021615
2024-07-22,0.0625,0.0625,0.0625,0.0625,0.0625,0.0625,0.0625,0.0625,0.0625,0.0625,0.0625,0.0625,0.0625,0.0625,0.0625,0.0625
2024-07-23,0.06240791549934829,0.06261237424495031,0.06185793529583925,0.06142174767203714,0.062223563131934556,0.06250858664338911,0.06159288112761551,0.06329110394714979,0.06309775629481465,0.0625391435551912,0.06250545875663693,0.06272722889259838,0.06234956386620574,0.06363082131119596,0.06261472888074086,0.06261919088035237
2024-07-24,0.0625901206358806,0.062279935992988616,0.06204934499292379,0.06145094857490961,0.06219066081428351,0.06256540459373013,0.06161726300901894,0.06358818938080883,0.06307360369204884,0.06242642678842444,0.06205789779086337,0.06260231679907563,0.0620557396713261,0.06396163791517848,0.06268842137491251,0.06280208797362667
2024-07-25,0.06278450907631163,0.06223389063786587,0.06272464021234256,0.06362633951521872,0.062128184166054895,0.06330888680214221,0.062282001806611,0.061997811707538396,0.06231624493312437,0.06291992950972221,0.062463358194476966,0.0626922075462181,0.06228116870477686,0.06056963202475835,0.06296830184415492,0.06270289331868303
2024-07-26,0.06248105389573973,0.061965536955030744,0.06275602993165068,0.06328804144619532,0.062472049412214396,0.06356492542039884,0.062108922744190755,0.06143772441178365,0.06196135999476832,0.06314025245456853,0.062455372901748095,0.06278637141803446,0.06258783823989136,0.06133361442267424,0.06306498426281844,0.06259592208829257
2024-07-29,0.0625,0.0625,0.0625,0.0625,0.0625,0.0625,0.0625,0.0625,0.0625,0.0625,0.0625,0.0625,0.0625,0.0625,0.0625,0.0625
2024-07-30,0.062358355114447844,0.06231897734472022,0.06249107398514579,0.06264100295890142,0.06259622557093776,0.06245376125743018,0.06267906757530337,0.06227946327983423,0.06250472598859949,0.06259172099967102,0.062372178361151095,0.06257795526454354,0.062433283032110556,0.06271693421777395,0.062392123267279,0.06259315178215051
2024-07-31,0.06261503206246308,0.0621527129450938,0.06245657962832731,0.0633785072831859,0.06281462230927223,0.06260403067696345,0.06305785301178655,0.06156223755531609,0.062341573214147475,0.06288668053318024,0.06256315005870422,0.06269194691853033,0.062458528509141895,0.061482683201674944,0.062463842485639944,0.0624700196065725
2024-08-01,0.06303307939923479,0.061839707817924576,0.062245710743512185,0.062149453643031864,0.0633602297762022,0.06238127953128153,0.06127201291049838,0.06319880309166824,0.06313514399268247,0.06272130917310144,0.062460502859545526,0.06281397694367559,0.06229016064580595,0.061905793135368536,0.062484655033911714,0.06270818130255508
2024-08-02,0.06313345998856594,0.06125032854859941,0.06288612824720813,0.06439856061083342,0.06360572240683397,0.06272190937850806,0.06201401449766215,0.06199946294168506,0.06296585041334703,0.06329652747095779,0.061872928528423604,0.06314207110346881,0.062173568868762866,0.05925613231111784,0.06253950216687401,0.06274383251715196
2024-08-05,0.0625,0.0625,0.0625,0.0625,0.0625,0.0625,0.0625,0.0625,0.0625,0.0625,0.0625,0.0625,0.0625,0.0625,0.0625,0.0625
2024-08-06,0.06268544388589349,0.0620217321908044,0.06279248934209936,0.06395136944637048,0.06324129996185936,0.06335044801764965,0.06421482881972268,0.06215234108213131,0.061696771896989314,0.06212913333154816,0.061866165978275066,0.061980980929493196,0.06207695278460124,0.061049859601560306,0.06292901022743959,0.06186117250356238
2024-08-07,0.06266820082862824,0.06182401014992847,0.06215038536602795,0.06370495102308135,0.06226577213428353,0.06325906104485086,0.06426093131226605,0.0628248021885713,0.0620000050932492,0.06216978369653613,0.061873794734354,0.06222782339652316,0.06220548287046924,0.061632036959495484,0.06285229165902337,0.06208066754271169
2024-08-08,0.06256999147310047,0.06225290633450292,0.062117301426393455,0.06481688649747677,0.062180370852673195,0.06347335011108743,0.06425511920956994,0.062258118071322484,0.061756665853612745,0.06242393921726543,0.061662344701477786,0.06222666199158248,0.06219694483342762,0.06077443753408456,0.06310338800132351,0.06193157389109919
2024-08-09,0.0627229910265437,0.06214781730453141,0.061282631118297,0.06304631151610363,0.06171543001737477,0.06275204406209413,0.06328697923291553,0.06373969362054806,0.0624530167414133,0.06234879712890807,0.06212834892665624,0.06239113668792528,0.062203606873455164,0.06267902456314828,0.06267944624113747,0.06242272493894795
2024-08-12,0.0625,0.0625,0.0625,0.0625,0.0625,0.0625,0.0625,0.0625,0.0625,0.0625,0.0625,0.0625,0.0625,0.0625,0.0625,0.0625
2024-08-13,0.06283893975474081,0.06285309484631847,0.06266102818459446,0.062327984188849245,0.0628075880890831,0.06266480566749183,0.06238976299570997,0.06268592151246512,0.0626139072204365,0.06242348464499195,0.062084355271767755,0.062454478413850954,0.06242924096112607,0.061695715204661467,0.062489669405165524,0.06258002363874676
2024-08-14,0.06250784623984976,0.06254487557218155,0.06253053085233175,0.06097960074047063,0.06260152630215615,0.06204461563288278,0.062481411004699706,0.06342250767377297,0.06293692816391315,0.062338216012102717,0.062362348639505426,0.062371321235768745,0.062197867012753975,0.06359774206753482,0.06213054286664432,0.06295211998343146
2024-08-15,0.06229663685156599,0.06249819753744075,0.06241725877254657,0.0615195488960524,0.06252532791875862,0.06218322971727402,0.06222326183028525,0.06383479778329476,0.06299872916411885,0.06264533275476311,0.062319476848911946,0.06253169342588616,0.06236164663707021,0.06249033469758264,0.06205919598179764,0.06309533118265107
2024-08-16,0.062242894553365825,0.06255530399285464,0.061952058600678095,0.05962933449992604,0.0620262711917877,0.06168818087431103,0.0616565083773698,0.06467841059603117,0.06351468909513432,0.062488323694979586,0.06274923399268881,0.06248124541202719,0.062417766043648806,0.06486612509323458,0.0617476442518935,0.06330600973006892
2024-08-19,0.0625,0.0625,0.0625,0.0625,0.0625,0.0625,0.0625,0.0625,0.0625,0.0625,0.0625,0.0625,0.0625,0.0625,0.0625,0.0625
2024-08-20,0.06259342166651229,0.062387267273701245,0.06233567190673749,0.06169391134972493,0.06256284136021004,0.06226390261832543,0.06192960766052203,0.0628831525929931,0.06264328957218183,0.06257923002192177,0.06279521396656446,0.062414138129256315,0.06248585146323998,0.0635979227837846,0.062386204300021224,0.06244837333430332
2024-08-21,0.06252561091266713,0.062114231170113936,0.06271385050009345,0.06181530466110845,0.0628393650388732,0.06234322129211232,0.0621771691658245,0.06282893932218588,0.06268957832275834,0.06268874965923203,0.06250403070933683,0.062496089679537965,0.0626719904265661,0.06288289945033698,0.06226746817599395,0.06244150151325896
2024-08-22,0.062434292116056604,0.06177838110606552,0.06267255569986577,0.06201679868227356,0.06281236994795328,0.06218381150811609,0.061745155413767364,0.06283918343886802,0.06284584557826933,0.06270111348850678,0.06262612057534886,0.062374760503417725,0.06247165429759975,0.06409124358508778,0.06219294210831279,0.0622137719504908
2024-08-23,0.06236046759024332,0.062174376313112865,0.06296419878773404,0.06216198536187696,0.06247355326865176,0.06232384809176375,0.06213060636393469,0.06264355149955793,0.06269217908992913,0.06288116546494689,0.0626675030399494,0.0625666646063573,0.06264732474068568,0.0625115951662197,0.06242490608980508,0.062376074525231445
2024-08-26,0.0625,0.0625,0.0625,0.0625,0.0625,0.0625,0.0625,0.0625,0.0625,0.0625,0.0625,0.0625,0.0625,0.0625,0.0625,0.0625
2024-08-27,0.06259768562541919,0.06263308921483998,0.06218591547053582,0.06288281573514169,0.06252866875894399,0.06256586753321478,0.06256586753321478,0.06199671788031813,0.062474163767168425,0.0626143872465969,0.06248975888608252,0.0627596621800655,0.0627683370189278,0.06187579995235845,0.06246677569473243,0.06259448750243965
2024-08-28,0.06262961912064714,0.06249874671300708,0.06197494613565791,0.06326327527917194,0.06252878397616597,0.062642752656734,0.062303881955694015,0.062202356714096886,0.06270002769556386,0.06273929745363126,0.0623669287072901,0.06282438099422329,0.0626905781186458,0.06145646024921547,0.0625263436573808,0.06265162057287446
2024-08-29,0.06248656085583455,0.06266259321670292,0.06218087506714401,0.06421482535712068,0.06242610606286385,0.06290650284118204,0.062489623188808574,0.061810596040120146,0.06240581319909012,0.06284984527932345,0.06239432213728744,0.06295767666540683,0.06287747217594872,0.060079008289673184,0.06255373055970169,0.06270444906379176
2024-08-30,0.06255900598503596,0.06277745484385244,0.06167156032748058,0.06377632458673135,0.062302040507017514,0.06295357751318754,0.06245046228290035,0.061607460800075405,0.06232608817201591,0.06297075612133757,0.06254795814322135,0.06313972959374474,0.06302654564037376,0.06055109716125338,0.0626453885253037,0.06269454979646852
2024-09-03,0.0625,0.0625,0.0625,0.0625,0.0625,0.0625,0.0625,0.0625,0.0625,0.0625,0.0625,0.0625,0.0625,0.0625,0.0625,0.0625
2024-09-04,0.062116170515816485,0.06261062424891256,0.06338507216358846,0.06421645690468136,0.06277605149507379,0.06294464501422631,0.06373805723253535,0.06120393522739416,0.061701710253465186,0.06270807089752038,0.06200953194638774,0.06269329651381661,0.06235958819028909,0.06047142948293682,0.06246195098554631,0.06260340892780943
2024-09-05,0.06213157512639637,0.06245887389487455,0.0638875494772056,0.06426160472492148,0.06307479242872868,0.06298544035173259,0.06355145753602197,0.06110755273636283,0.061603503346653384,0.06273256113651388,0.06177104398670115,0.06278427829834374,0.06242058107314066,0.060300377349203634,0.06240521242746047,0.06252359610573907
2024-09-06,0.062215703626540095,0.06254616819337148,0.06418938946792004,0.06453203799420001,0.06319274218529736,0.06310180191857813,0.06366847945375448,0.06076592982378169,0.06126481787996665,0.062296725712575045,0.06128280569765437,0.06252362434444976,0.06206672871940355,0.061346682329348805,0.06248488300760126,0.0625214796455573
2024-09-09,0.0625,0.0625,0.0625,0.0625,0.0625,0.0625,0.0625,0.0625,0.0625,0.0625,0.0625,0.0625,0.0625,0.0625,0.0625,0.0625
2024-09-10,0.06239142922527967,0.062251245702108764,0.06196084049210534,0.06258080167707555,0.06235286967497314,0.062095387677562314,0.061911063729461445,0.06303784787909744,0.06267171745746257,0.06253680254789108,0.0625975361564518,0.0625957724750711,0.06267208836064457,0.06354648054895906,0.06224066914878818,0.06255744724706801
2024-09-11,0.06230527428965311,0.06230348071496299,0.06262063747629854,0.06219898070648616,0.06237055144720444,0.06192402650967176,0.06197487271334219,0.06299015367501523,0.0626545090372504,0.06250955524664205,0.062144535168226586,0.06253046975037742,0.062405272249710764,0.06433714025551698,0.06214838238494577,0.06258215837469572
2024-09-12,0.06236667027940824,0.06214257112237864,0.06216396991138258,0.06089993459562637,0.06231600302208749,0.06184820553460669,0.06193523436783378,0.06376282510118571,0.06307489019897784,0.06221887642363438,0.0620419981614764,0.06246232884652827,0.062442062230903074,0.06549373055517606,0.0621388227437287,0.06269187690506581
2024-09-13,0.06270203747484569,0.06205812789190119,0.06159397057162104,0.06045708680199346,0.06230370034848335,0.061571728677837785,0.06127672814482495,0.06435738132910501,0.0632877279417747,0.06234248970042877,0.062181051411971736,0.06238095730463367,0.062356110449571955,0.06634696509952237,0.06207621309773532,0.06270772375374899
2024-09-16,0.0625,0.0625,0.0625,0.0625,0.0625,0.0625,0.0625,0.0625,0.0625,0.0625,0.0625,0.0625,0.0625,0.0625,0.0625,0.0625
2024-09-17,0.0625508922641597,0.06253046108567412,0.06270490570339321,0.06214545701777281,0.062892204564551,0.06242486063565685,0.0618558719285252,0.06250112728059316,0.062449910110437566,0.06265760084157504,0.06304540854276833,0.06256313680382883,0.0626223933619521,0.06223470197734321,0.062428669827549875,0.06239239805421894
2024-09-18,0.06264005303958489,0.062497581420619945,0.06228329363767304,0.06160750386284262,0.06283901153672047,0.06263624249708184,0.06164876897384155,0.06254162214392638,0.062521341274445,0.062374246759679994,0.06323033335039782,0.06259934449914674,0.06267029593589139,0.06281755025450275,0.06260589338982941,0.06248691742381613
2024-09-19,0.06282228457908925,0.06238869577212174,0.06192077088676186,0.061539584524042984,0.0625498548927943,0.06276133301032084,0.061613839097389746,0.06252635078815152,0.06243067041728672,0.06224733905071739,0.0633318506256203,0.06261123284478914,0.0626208566918405,0.06316443121591195,0.06274841276918224,0.0627224928339795
2024-09-20,0.06305297579649798,0.06258346286613632,0.06140344291011001,0.05989105062713164,0.06266394679448364,0.06233171186854335,0.06102657572956293,0.06330516972273743,0.06292085494050638,0.06212067174933567,0.06366438684539573,0.06256301721967972,0.06292874852705078,0.06441649440340791,0.06277131650220547,0.06235617349721498
2024-09-23,0.0625,0.0625,0.0625,0.0625,0.0625,0.0625,0.0625,0.0625,0.0625,0.0625,0.0625,0.0625,0.0625,0.0625,0.0625,0.0625
2024-09-24,0.06256979955911914,0.06231107237650053,0.06216240625770877,0.06253406467508844,0.06261681877778456,0.062292128795781054,0.06280465209590998,0.0626603829507557,0.06253110384589883,0.06256362095109923,0.06258131647823113,0.0624901500477894,0.0625701557211472,0.0623642122947007,0.062487257177895286,0.062460857994589995
2024-09-25,0.0628973489855988,0.06250573247825265,0.0620269970899841,0.06237652982550804,0.06292568611660102,0.0622296610990727,0.06263443397761813,0.06259504129095421,0.062394487306292344,0.06227663878647807,0.06256131057479557,0.06225919550841662,0.06256452971663187,0.06288298427661412,0.06246652465230599,0.062402898314875804
2024-09-26,0.06288758343129117,0.06259304459871809,0.06162754084589435,0.0629021526726285,0.06260383279977601,0.0623096293012053,0.06320008634471545,0.06289161394340781,0.06247606659097432,0.06219634300998989,0.062295819526644515,0.06230751123758913,0.06235906219769005,0.06227541828691186,0.06252439366139818,0.06254990155116538
2024-09-27,0.06267951056471896,0.06256852829543999,0.06216823066113951,0.06214709028782458,0.06281994225888227,0.06213336490156178,0.0635177881550143,0.06268843217365756,0.062449478484637645,0.06207294000087993,0.06263366327209513,0.062198504551598706,0.06247529295349748,0.06250954687292538,0.0626048108596275,0.06233287570649921
2024-09-30,0.0625,0.0625,0.0625,0.0625,0.0625,0.0625,0.0625,0.0625,0.0625,0.0625,0.0625,0.0625,0.0625,0.0625,0.0625,0.0625
2024-10-01,0.06239445244959036,0.06243946710223374,0.06212443643234477,0.06268817669607958,0.062452509261104294,0.062433318894377414,0.062214791361734315,0.06278215685897956,0.06274171500079395,0.06269304183385115,0.06250532747199711,0.06263349660593376,0.0626347226901485,0.062071177728221516,0.062508773890449,0.06268243572216099
2024-10-02,0.06277669162675746,0.062651274594538,0.062119643729515624,0.06398790781537458,0.06296205855297722,0.06257836375403257,0.06187964666398913,0.06257731389952763,0.062480619194478844,0.06272858837843066,0.062265580175054853,0.0627705155810325,0.0627039945493397,0.06044827265924139,0.06249774633778138,0.06257178248792843
2024-10-03,0.06283746212820522,0.0627477920611087,0.06142448985868384,0.0636654821204917,0.06278532944027385,0.06274136506174027,0.06262889658639474,0.06279021471715306,0.06261556121050907,0.06264131677193635,0.06224340663463091,0.06288532519779656,0.06262702372058378,0.060070998070211476,0.06264465974255498,0.06265067667772545
2024-10-04,0.06339611807901598,0.06230247923166445,0.06044706785761161,0.06423853279451996,0.06248684104236387,0.0626829122197693,0.06282768632465163,0.06290689394485163,0.06283429372135631,0.06267405181347425,0.062321495853289846,0.06283463676751425,0.06276683263681314,0.05967679581438327,0.06275436680779176,0.06284899509092873
2024-10-07,0.0625,0.0625,0.0625,0.0625,0.0625,0.0625,0.0625,0.0625,0.0625,0.0625,0.0625,0.0625,0.0625,0.0625,0.0625,0.0625
2024-10-08,0.0628475568862212,0.06243360982994663,0.062278271880554674,0.0621184490898646,0.06264365736205968,0.06266081248499529,0.0624527730764942,0.06245840367159602,0.0623404849322959,0.062225519681824305,0.06273570247723172,0.06257945860090897,0.06260317188604866,0.06204424956461401,0.06286994235709469,0.06270793621824947
2024-10-09,0.06233659049583192,0.06223908907912105,0.06273592399396745,0.061978929118274434,0.062160186349162025,0.06262161359131231,0.06196938755965879,0.06290526981877446,0.06279544182635663,0.06255686460826218,0.06265519118692314,0.06256622899321444,0.06229347413875293,0.06285721814702308,0.06252080148858027,0.0628077896047849
2024-10-10,0.0622124935160452,0.062013327441787565,0.062194925484082446,0.062131245209340734,0.06178133673287215,0.0623944644118173,0.06191167270185755,0.06318019719048196,0.06297574997417585,0.06287201434194921,0.06306564177951464,0.06258234239062598,0.06284278782181353,0.0626426454403026,0.0624693871138888,0.06272976844944454
2024-10-11,0.0625518220181803,0.061926847272994585,0.062064777149872,0.06187899747077493,0.061844048819292605,0.06250785731404257,0.06288974958378046,0.06298389338877039,0.06296970093840447,0.06277470229716857,0.06275250659459296,0.06260291038808344,0.06270950156348354,0.062091864776816184,0.06258339245221099,0.06286742797153207
2024-10-14,0.0625,0.0625,0.0625,0.0625,0.0625,0.0625,0.0625,0.0625,0.0625,0.0625,0.0625,0.0625,0.0625,0.0625,0.0625,0.0625
2024-10-15,0.06216845658359563,0.06224133681137412,0.06262122271731743,0.0625059704398058,0.062187937861506705,0.06219989012937038,0.06238285380406705,0.0626988827258186,0.06282237461010654,0.06263130022707397,0.06266499680805168,0.062480390847986435,0.06260803583630967,0.06319263994069405,0.062296040664011364,0.06229766999291069
2024-10-16,0.06212100952678159,0.06224564399180252,0.06350252610664348,0.06269181367621358,0.062279979767912205,0.062460711767873746,0.06247431104893373,0.062244287831625514,0.06223526009989866,0.06255978664711197,0.0623131580708557,0.06251923452270865,0.06237376273092891,0.06327348834375199,0.06221010727331362,0.06249491859364431
2024-10-17,0.06218950415899111,0.06221440903189313,0.0634427057491651,0.06200997640679788,0.062308150939067095,0.062244994931155304,0.0622864751767267,0.06255613519240026,0.06233386563861756,0.06263560022249387,0.0627224518937142,0.06249351045995529,0.06248351793784585,0.06356899426684084,0.062227264726056115,0.062282443268279794
2024-10-18,0.06234647273272903,0.06201036281773298,0.06324200960945849,0.06255483945697823,0.0621430594736373,0.06231137481997956,0.06239977770980449,0.06262284689032778,0.06229743252203168,0.06280385902310123,0.06265374938636228,0.06263342618673487,0.06259508353813412,0.06276943935739389,0.06225499508435499,0.06236127139123915
2024-10-21,0.0625,0.0625,0.0625,0.0625,0.0625,0.0625,0.0625,0.0625,0.0625,0.0625,0.0625,0.0625,0.0625,0.0625,0.0625,0.0625
2024-10-22,0.06285603820279978,0.06230588444993441,0.06197111426904532,0.06341786237941921,0.06193680095276434,0.06267204819721545,0.06264167552225135,0.06261958156784461,0.0626506655662149,0.0625215477507171,0.062080305754565926,0.06254347200879938,0.06237006823511174,0.061955637124550066,0.06264979520007755,0.06280750281868888
2024-10-23,0.06318303539683494,0.06237692700305545,0.06173451791132634,0.06361015844178003,0.06224834906870966,0.06284283109967778,0.06226691938185286,0.06251853569384835,0.06254154850336734,0.062371856704204594,0.06200353126568134,0.06258510855508746,0.062418838126190986,0.06174770412198317,0.06264659808436181,0.06290354064203786
2024-10-24,0.06294816461951987,0.062101953566037746,0.061785463511712956,0.06461719083810745,0.06206252138798922,0.06310710967005223,0.062255845198366196,0.06269379654012071,0.06233163516084168,0.06256199434305937,0.0623268205860335,0.06283181226576481,0.06246644903471706,0.060234311317620096,0.06275184379644264,0.06292308816361443
2024-10-25,0.06301981847852028,0.06229101911183672,0.06163577131432934,0.06392779482664065,0.06233949642037552,0.0630670375943754,0.061768712754144174,0.06246986441697466,0.06224703607853092,0.06229776133593759,0.062156137792951226,0.0626442468693714,0.06210951737734458,0.062327134048109425,0.06271199730930958,0.06298665427124854
2024-10-28,0.0625,0.0625,0.0625,0.0625,0.0625,0.0625,0.0625,0.0625,0.0625,0.0625,0.0625,0.0625,0.0625,0.0625,0.0625,0.0625
2024-10-29,0.06228362471911233,0.06244219486558276,0.06326122404969967,0.061235059146391234,0.062244929826881935,0.06230845687180991,0.06372292865964327,0.06244941886643042,0.06232776934510386,0.062316118195520444,0.06271253611761972,0.062350087712946776,0.06242654552629808,0.06316627429486033,0.06238836615523311,0.062364465646866235
2024-10-30,0.06244707618466598,0.06259830075289194,0.06294448738269436,0.061808315726195565,0.062124158348137164,0.06231972049077137,0.06423783163584225,0.062359203736226616,0.062460225367470916,0.06222792519435863,0.062267180229852725,0.06219741778293411,0.06212606451673352,0.0631522781950823,0.062322826766380325,0.062406987689762196
2024-10-31,0.06268481979576657,0.06227800713530148,0.06285974021608619,0.06191274952171284,0.0624778900450424,0.0625329556072372,0.06421386071671678,0.062129943046098896,0.062275273554643004,0.06207726599759018,0.06219165433391135,0.06223962385498034,0.06220774151780099,0.06305596060602053,0.062401647590952875,0.062460866460138285
2024-11-01,0.0625811639746448,0.06228796545602619,0.06351060973370487,0.06335069214647118,0.06271330890240061,0.0630315952841092,0.06381832809157417,0.06191694235204436,0.061766229988265114,0.06223707648289864,0.062442407531637635,0.062361800466529935,0.06244748225938261,0.060585576076951315,0.0626605070981282,0.062288314155231006
2024-11-04,0.0625,0.0625,0.0625,0.0625,0.0625,0.0625,0.0625,0.0625,0.0625,0.0625,0.0625,0.0625,0.0625,0.0625,0.0625,0.0625
2024-11-05,0.06282565322214195,0.06236058692556301,0.06212655533413876,0.062181073770300514,0.06303338250199224,0.0626117339851407,0.062127629818530754,0.06247475033007735,0.06252197632347566,0.06257180095920248,0.06248244059916364,0.06254984544306046,0.06236032604544202,0.06264635425871742,0.06257308735154071,0.06255280313151233
2024-11-06,0.06295365444307059,0.06204344336804742,0.061759222927589,0.06111589520001576,0.06293847574878407,0.06224078471228591,0.061766586518338995,0.06302529371130691,0.06265046580011044,0.0626139805165885,0.06275130149623773,0.06252487111457865,0.06258118721989032,0.06415292522598168,0.06228376381148252,0.06259814818569148
2024-11-07,0.06228674243740167,0.06145385327955711,0.0606861568217228,0.059868572088044074,0.061150917976870785,0.061481461537244146,0.06054337462518966,0.06365598743244986,0.06308420989344765,0.06298432025245163,0.0638285874886343,0.06246887299984752,0.06335765491710692,0.06852291675094856,0.06190847361019989,0.0627178978888835
2024-11-08,0.062489187679807406,0.06175465230834481,0.06053221626570461,0.059835517479510394,0.06178634128873001,0.061138253306760114,0.06037360484462374,0.0636578074647452,0.06338180304135249,0.06281190137374773,0.06356408267639244,0.06226026043026289,0.06309162241383351,0.06892196755525061,0.061828995478763006,0.06257178639217115
2024-11-11,0.0625,0.0625,0.0625,0.0625,0.0625,0.0625,0.0625,0.0625,0.0625,0.0625,0.0625,0.0625,0.0625,0.0625,0.0625,0.0625
2024-11-12,0.06186387275593843,0.0621141477991587,0.062219521771400506,0.06190909177808945,0.061889362768978634,0.06235422411233052,0.0620847833873345,0.062227324838350945,0.06223981849894759,0.06221059317499665,0.06276168844731898,0.062349130747322436,0.06238634254060459,0.06665239984015486,0.06239352741467227,0.06234417012440095
2024-11-13,0.061780485451896294,0.062176589507204075,0.06246303562603274,0.062905866482339,0.061052207318126085,0.06258518574117052,0.06311454016343068,0.062063482614934426,0.062333381913828215,0.062231411931389924,0.06229115876018719,0.06238948957216387,0.06218392726652453,0.0656166602242788,0.06229746476271203,0.06251511266378167
2024-11-14,0.061682822257576216,0.0623303254818539,0.06268361486255163,0.06277819195726728,0.06070779470088919,0.06256414986285232,0.06336581067460531,0.06203595554314587,0.06231174249763357,0.06236227038308821,0.06257766970644175,0.06257280479383502,0.06235945111137055,0.06463191085790446,0.062370430570889,0.06266505473809576
2024-11-15,0.0617277132371945,0.06225329306681836,0.06375975474625524,0.06289559820434222,0.061080412175631475,0.06273457232462594,0.06433029681225687,0.061637441857640425,0.062193254209636874,0.061929605018605144,0.06245672717898236,0.06256868865798336,0.062395991679566304,0.06257470331150967,0.06253902234358882,0.06292292517536247
2024-11-18,0.0625,0.0625,0.0625,0.0625,0.0625,0.0625,0.0625,0.0625,0.0625,0.0625,0.0625,0.0625,0.0625,0.0625,0.0625,0.0625
2024-11-19,0.06277415710774013,0.06232559311672884,0.06146737808664793,0.06179127415497574,0.06277564930522592,0.062264340061321255,0.062163716398907214,0.062601421706922,0.06244819734587537,0.0625348623142627,0.06267863235166078,0.06247064561079874,0.06254296731622024,0.06422539182151131,0.062457458729965054,0.06247831457123669
2024-11-20,0.06301193612342909,0.06219047387786148,0.06135687906296272,0.06132937386694636,0.06283101181857909,0.06205722274727029,0.06255983742184308,0.06296035357682914,0.062481407106525284,0.062340572379508116,0.06222409322477536,0.06233737324656781,0.06246054866403091,0.065052211839374,0.06238384677894287,0.06242285826455424
2024-11-21,0.06307600973920327,0.06232943860911003,0.061112627298430935,0.06150306012874714,0.06269605642062402,0.06207606860529066,0.06327426883789738,0.06302920136569169,0.06253586101449866,0.06263450815490909,0.06228863347103924,0.06229600308051824,0.062345646563286915,0.06418939497738803,0.06232699475043035,0.06228622698293413
2024-11-22,0.06326174891915233,0.062230758721928736,0.06040053302798857,0.06086682716874775,0.06260892913018008,0.06202601550227881,0.06372243177413796,0.06341960615728472,0.06268544918938346,0.06304540259212658,0.06287072137469439,0.06248538206123865,0.06259340300535712,0.06333267881689414,0.06227919919972365,0.06217091335888292
2024-11-25,0.0625,0.0625,0.0625,0.0625,0.0625,0.0625,0.0625,0.0625,0.0625,0.0625,0.0625,0.0625,0.0625,0.0625,0.0625,0.0625
2024-11-26,0.06166823188219745,0.06219816517767912,0.06206935703565294,0.06125733837980544,0.06312921365892157,0.06260660285163434,0.061692919357719964,0.06234245429665943,0.06281512995417969,0.0627540320952559,0.06315751038633753,0.06282634657160947,0.06297471039257435,0.06338464561561463,0.06251168067221728,0.06261166167194086
2024-11-27,0.061434448412349386,0.06230512026230493,0.0622169673387037,0.06175038122809665,0.06270922753785313,0.06233575847133552,0.06237379214280898,0.0627656017518793,0.06298814457595665,0.06311459266618404,0.06258693495416985,0.0629129258114873,0.06313947338043786,0.06236269744010046,0.06239296374298552,0.06261097028334664
2024-11-29,0.061641896553740694,0.06188121764507582,0.06209244057596944,0.06214199809216046,0.06294537948341326,0.06241477345910385,0.06202727729135819,0.06243736523034087,0.06285042775631393,0.06299242455805358,0.062327832482666046,0.06288793859247574,0.06301683231399183,0.06338124266303746,0.06239622375756736,0.0625647295447313
2024-12-02,0.0625,0.0625,0.0625,0.0625,0.0625,0.0625,0.0625,0.0625,0.0625,0.0625,0.0625,0.0625,0.0625,0.0625,0.0625,0.0625
2024-12-03,0.062101642621694854,0.06279470525249548,0.06297382654740849,0.06174601271808373,0.06250099663792903,0.0625228189303867,0.06195695940827105,0.062042159316011834,0.0627747779291436,0.06228390320779616,0.06232351972930116,0.06240938786079412,0.06223530964991232,0.06414910841764333,0.06258021786448176,0.0626046539086464
2024-12-04,0.0626082626898467,0.06281534220513818,0.06329101050732547,0.06191114049376584,0.06253587888226923,0.06264639717087596,0.061347087733180684,0.06224682079714614,0.06285492711590991,0.0621248825070827,0.06202354620794244,0.06225806388790121,0.0622721382689663,0.06369888841529811,0.06266584071322746,0.06269977240412371
2024-12-05,0.06201367944984832,0.06285521802705209,0.06332510678983055,0.06151512506143287,0.06263990382423977,0.062423129080238934,0.061139414469139106,0.06248253279471021,0.06296787761441552,0.062125148520777544,0.06155923051637938,0.06217554786089571,0.062092350625730056,0.06551149207610978,0.06259529459009262,0.06257894869910763
2024-12-06,0.06186775369027154,0.06258617602729362,0.06298430815190696,0.061955667328394505,0.06270259077054001,0.06270055365610647,0.061392989480539104,0.0626064080207341,0.06284626115232636,0.062136057023104777,0.06141169030622182,0.0621325294916027,0.062060240741990985,0.06517684382912779,0.0627012952467539,0.06273863508308547
2024-12-09,0.0625,0.0625,0.0625,0.0625,0.0625,0.0625,0.0625,0.0625,0.0625,0.0625,0.0625,0.0625,0.0625,0.0625,0.0625,0.0625
2024-12-10,0.06284859423498942,0.06277069737828582,0.062388938968077894,0.06264598800709772,0.06272570791801374,0.06286242177796347,0.06341749314953966,0.06143251387609801,0.06244825046627969,0.062197625550862196,0.062384750026770255,0.06249638223931414,0.06273290415904566,0.06116159739488159,0.06272856843056113,0.06275756642221952
2024-12-11,0.06272225646976799,0.06280026069395973,0.06264360863228642,0.06357030925590099,0.0625742025091433,0.06286149253419576,0.06425681405577725,0.06092597477222967,0.06238184913222348,0.06206421915220929,0.061872715132359,0.0625401012180977,0.0628232271190598,0.06051604528441558,0.06261202267895206,0.0628349013594219
2024-12-12,0.06272971891703663,0.06306362805913937,0.06261877428708404,0.06268573658569561,0.06232625919137105,0.06287247282908345,0.06426629648114669,0.06150878130952367,0.0626052797450144,0.061827767468602156,0.0615753215291991,0.062416047443219866,0.06240804860709563,0.061632766999959204,0.06268130556839671,0.06278179497843236
2024-12-13,0.062406499047029364,0.0630219120087641,0.06288536891151923,0.06339522472066793,0.06178414263702914,0.06304873642180911,0.06478329099645237,0.06128608259984263,0.062372161045215535,0.0618826757560362,0.0616922343788052,0.0625325408800814,0.06225289124581849,0.06097119356151901,0.06266425947115718,0.06302078631825304
2024-12-16,0.0625,0.0625,0.0625,0.0625,0.0625,0.0625,0.0625,0.0625,0.0625,0.0625,0.0625,0.0625,0.0625,0.0625,0.0625,0.0625
2024-12-17,0.06245240543205971,0.06245988232145064,0.06266091081324199,0.06161553257137829,0.06228039524120321,0.06250190575201627,0.06272592663121422,0.06299608045321717,0.06246590999172022,0.06223066240042205,0.06207882416213762,0.06227263748012514,0.062124134307720714,0.06412315435837414,0.06250209983290798,0.06250953825081054
2024-12-18,0.062231121722899005,0.06255667810206604,0.06309428895365103,0.062456479655616716,0.06220270622456492,0.06259474205822278,0.06310969522253661,0.06231116669567645,0.06231047199615887,0.06202852729990475,0.061755113824951434,0.06221985515550075,0.061898190465029486,0.06423967781845069,0.06240283875696854,0.06258844604780187
2024-12-19,0.06210682956061102,0.06297107100284043,0.06489990423605023,0.0645163692686351,0.061931282699514936,0.06339737621304121,0.06508278448257118,0.06109366208545812,0.06163032446047877,0.061659342649532885,0.06099389784305248,0.06174740409057895,0.061419976166104714,0.06066318960701609,0.06282957389341084,0.06305701174110297
2024-12-20,0.06176728461668177,0.06293503922601386,0.0653519529436261,0.06539537471373895,0.06155950944624186,0.06348761621818783,0.06429223384674615,0.061170251966693436,0.06168282586874773,0.06181268933819404,0.06072680996627781,0.061744481861672085,0.06154492979043558,0.0603817714828623,0.06268341594907806,0.06346381276480244
2024-12-23,0.0625,0.0625,0.0625,0.0625,0.0625,0.0625,0.0625,0.0625,0.0625,0.0625,0.0625,0.0625,0.0625,0.0625,0.0625,0.0625
2024-12-24,0.06250103705310317,0.06256026114780788,0.06290656035896067,0.062103164103705796,0.06223257570389579,0.06249255728066793,0.062058452005754494,0.06264231921065647,0.06287059483498847,0.06237671200591434,0.0626517177543514,0.06260133586035352,0.06267387176356873,0.062229568637480005,0.06247531453162008,0.0626239577471713
2024-12-26,0.06241299005118686,0.06242528417128284,0.06242861932808541,0.061414621091360706,0.06219678015358611,0.06225914254150553,0.06158453881451844,0.06307688286620754,0.0629695875289755,0.06246962328055235,0.06276108271006872,0.06269350158583255,0.06279549112349148,0.06366181014747921,0.062322265352802206,0.06252777925306453
2024-12-27,0.06252725964212939,0.06223412622954912,0.06246500831660135,0.061287992667666394,0.06223292302340528,0.06232396337875911,0.06142233100983122,0.06313595079820111,0.06297777052004792,0.06246775603823694,0.06292510982950096,0.06270641509985632,0.06284199046881185,0.0636316520240607,0.062292741803819274,0.06252700914952304
2024-12-30,0.0625,0.0625,0.0625,0.0625,0.0625,0.0625,0.0625,0.0625,0.0625,0.0625,0.0625,0.0625,0.0625,0.0625,0.0625,0.0625
2024-12-31,0.0626191777765657,0.0627283486215437,0.06201355530290169,0.06310860361707014,0.06293137303260705,0.06280701942948914,0.06358529262271999,0.062185437295654726,0.06224508345160895,0.06225467450122738,0.0621947283480363,0.06238312552607985,0.062328039679641366,0.06115902294308576,0.06275928323733743,0.06269723461443086
2025-01-02,0.06262567017761131,0.06312815468480443,0.06225033216115677,0.06297626219977247,0.06288518204497055,0.06280678317258931,0.06389856927748477,0.06193260015346811,0.06210824009372665,0.06234136892643734,0.062421375813021276,0.06238278467130997,0.062411869133240115,0.060303619135608076,0.06285716843154227,0.06267001992325666
2025-01-03,0.06296645477354486,0.06346785205177737,0.0625541553397383,0.06262050434312033,0.06298604888905697,0.06291768611801676,0.06398501777879999,0.06213356827420709,0.061828588479745754,0.062133786183649974,0.062216265096931914,0.06222295241450134,0.06229526639569128,0.06031818525158839,0.06287955143563508,0.06247411717399468
2025-01-06,0.0625,0.0625,0.0625,0.0625,0.0625,0.0625,0.0625,0.0625,0.0625,0.0625,0.0625,0.0625,0.0625,0.0625,0.0625,0.0625
2025-01-07,0.062655900443245,0.06231900017552702,0.061873734186129924,0.061097482286683685,0.06249923105076681,0.06232547648344671,0.06262221912255937,0.06272209992408401,0.06277680064738625,0.06218877803557859,0.06286734684919247,0.0624571602904483,0.06239419712027918,0.06392297774469428,0.06257217994855828,0.06270541569142009
2025-01-08,0.06266032237977873,0.06274989283376112,0.06242094341883807,0.06225918996061711,0.06237089682879997,0.06273591113794251,0.06281868219346182,0.062051689269603146,0.06254266313157131,0.06231578819423386,0.06292108109597265,0.06242727329472402,0.06255751979509674,0.06180830264898142,0.06267456297153645,0.06268528084508108
2025-01-10,0.06258856793418965,0.06299672509027557,0.06281602182669481,0.06219502115502067,0.06237202827255715,0.06284754887357204,0.06237087031541368,0.062201175935070664,0.0625317057619498,0.06256970847987084,0.0626105948192078,0.06254277389038743,0.06264000553973308,0.061728993533868105,0.062362927906416475,0.06262533066577215
2025-01-13,0.0625,0.0625,0.0625,0.0625,0.0625,0.0625,0.0625,0.0625,0.0625,0.0625,0.0625,0.0625,0.0625,0.0625,0.0625,0.0625
2025-01-14,0.062191016588190505,0.06260320935510165,0.06195595968147683,0.06255273526287132,0.06245052932422385,0.06241668097374208,0.06318726867904932,0.062398577556138445,0.06252286776812321,0.0627654882381307,0.06286836923598707,0.0626464083289934,0.06291389267935497,0.06158040340455774,0.062396804636971843,0.06254978828708702
2025-01-15,0.06225588476092621,0.06199431600704872,0.06172751224189441,0.06250052508089549,0.06243196222643785,0.06237166824945354,0.0631758129877511,0.0629261286767251,0.06239928764832404,0.06297892166729878,0.06336458072084827,0.06277722470065096,0.06301022161302053,0.06114780592452596,0.06241587221794622,0.06252227527625276
2025-01-16,0.062492642591239135,0.061511162973880755,0.06020096421197699,0.06083333479285318,0.06291368705676459,0.0619457507012884,0.06326629569633917,0.06355615322429427,0.06282713922909837,0.06279805911172459,0.06368776453057838,0.06275892988936115,0.06334029390921614,0.06303099147265585,0.062154721822572215,0.06268210878615672
2025-01-17,0.06270469179851985,0.06136153086341443,0.06003545285742914,0.06048486845273736,0.06303194874320846,0.06180910033490349,0.06285721190108162,0.06389613211647474,0.06275187791697046,0.06308856253641684,0.06385097250327734,0.06294691570226875,0.06338016220450743,0.06302357688550295,0.06211261738184989,0.06266437780143708
2025-01-21,0.0625,0.0625,0.0625,0.0625,0.0625,0.0625,0.0625,0.0625,0.0625,0.0625,0.0625,0.0625,0.0625,0.0625,0.0625,0.0625
2025-01-22,0.06255698031568536,0.06153493598973763,0.06129446747895829,0.06170078506586425,0.06273508997426458,0.06227935303517771,0.06216466084986501,0.06316484286210138,0.06268538801747689,0.06277462827382262,0.06288927296194932,0.06266471498497166,0.06254563184069196,0.06415802982450636,0.06234279095824715,0.0625084275666799
2025-01-23,0.06253670868137566,0.061565808187415416,0.061342226906095386,0.0613150477695221,0.062470346160221984,0.0621324360866022,0.06261764502782904,0.06339908743296475,0.06311770269535731,0.06262253177631945,0.06259733613685071,0.062469357077884556,0.06246525897392916,0.06462811545414679,0.06219386252370547,0.06252652910978002
2025-01-24,0.06234107695055722,0.061515608239080026,0.06119732953258903,0.06096569356863436,0.062271362647918556,0.06193677908916151,0.06242337741905372,0.06369287427377292,0.06320485756252757,0.06262011925916594,0.06278759319660543,0.06253954909819867,0.06280096706903504,0.06505915275677503,0.0622323776210146,0.06241128171591035
2025-01-27,0.0625,0.0625,0.0625,0.0625,0.0625,0.0625,0.0625,0.0625,0.0625,0.0625,0.0625,0.0625,0.0625,0.0625,0.0625,0.0625
2025-01-28,0.0616955882294432,0.06229153969973508,0.0625824034968379,0.06578844665172194,0.06291631692291332,0.0627194994118947,0.06165534609605828,0.060163019893073925,0.06219144436616227,0.06338159070552632,0.06259523637225195,0.062921143584672,0.06321087332541456,0.06107931253511355,0.06244458149057746,0.06236365721860358
2025-01-29,0.061974158046508944,0.06263928274201588,0.06279803452992702,0.06490464068039054,0.06274654974184972,0.06233560300356533,0.061748288139974905,0.06072874220511156,0.06248289763313894,0.0630975268108079,0.06188247472715823,0.06248841485725019,0.0630020466949072,0.06221371501269908,0.06243911089478094,0.06251851427991376
2025-01-30,0.0619209752924198,0.0626089762290207,0.0627467940060378,0.06460539433947016,0.06269494764394491,0.062446029754457774,0.062329094846080825,0.06075943169727733,0.06230951415644515,0.06303216317276598,0.06195584180371105,0.06246315136426273,0.0629449578037951,0.06216042778183663,0.06257388023096391,0.062448419877510236
2025-01-31,0.062284020642868684,0.06245566565563843,0.062155031718041265,0.06340039965515748,0.06280280824853338,0.06199819434253981,0.06162347292947688,0.06144214170483659,0.06257118796718575,0.06331436279762627,0.06227465991249521,0.06234557813901228,0.06308357734350423,0.06349363208521772,0.062450504126113034,0.06230476273175315
2025-02-03,0.0625,0.0625,0.0625,0.0625,0.0625,0.0625,0.0625,0.0625,0.0625,0.0625,0.0625,0.0625,0.0625,0.0625,0.0625,0.0625
2025-02-04,0.06257979808439541,0.06260745428023204,0.06267126104118809,0.06376470646776053,0.06255467091764129,0.0622648901877173,0.06303756637054533,0.06247229080641625,0.062182690748348986,0.06277484535907632,0.062114474987517,0.06239988620674495,0.06245984225720366,0.06140600644858526,0.06241109930574402,0.062298516530883495
2025-02-05,0.06332133342318919,0.06213526912254486,0.06139350709756647,0.06315909646885133,0.06291813748535877,0.06244923821924054,0.06291209523576222,0.06265254880123933,0.062286426011756255,0.0625642594418554,0.062113126355633146,0.06227450243274215,0.06256538697235546,0.06254775382370557,0.0623195363117648,0.062387782796434435
2025-02-06,0.06342138873005372,0.061678319863460396,0.060810801271722524,0.0626902876855706,0.0632043013046284,0.062099090952841385,0.06313761246203634,0.06333054021065163,0.06226326935970493,0.06278852005569444,0.062327583537648265,0.06231922202923328,0.06254915892479214,0.06293335697296179,0.062200523371923076,0.06224602326707711
2025-02-07,0.06350671870882633,0.06185514130311916,0.06071192918982268,0.06205545536291335,0.06328933920424956,0.06216404815364626,0.06328792171733456,0.06406461015158114,0.06242831592059514,0.06287974630565356,0.0620953475901236,0.06250895004773359,0.06247169093359137,0.06194155860024378,0.062303660848719605,0.062435565961846365
2025-02-10,0.0625,0.0625,0.0625,0.0625,0.0625,0.0625,0.0625,0.0625,0.0625,0.0625,0.0625,0.0625,0.0625,0.0625,0.0625,0.0625
2025-02-11,0.06290582344305999,0.06283461287107751,0.06261660771900383,0.06104570674307783,0.062481592936281666,0.06240072132101378,0.06299882846838194,0.06288200643562568,0.06272620365931365,0.06253196172757194,0.06252611330615582,0.06258778532370914,0.06229946753924016,0.06223033535672035,0.06242574655086514,0.06250648659890158
2025-02-12,0.0627870661534958,0.0629057565815908,0.06280278026822038,0.06228315754726225,0.0624358930888815,0.06235456357816746,0.062274288315764884,0.06261925953645306,0.06283163559023745,0.06266671977908565,0.0628468451340182,0.06275179144592245,0.06255296061544477,0.0609171395899987,0.06237563459927143,0.0625945081761853
2025-02-13,0.06263762495286292,0.06299517879762048,0.06323632728749465,0.06178985641066463,0.06172423170514792,0.062396640116971026,0.06305900062425453,0.06243762711651566,0.06258593504023541,0.06235997060727954,0.06283500562501064,0.06253072839186655,0.0624131746375264,0.06218657927073559,0.06228541394317275,0.06252670547264134
2025-02-14,0.06270473599115589,0.06243555654482921,0.062058491611768636,0.06091736091080261,0.062248235859326616,0.06202763624896742,0.0629417766503642,0.06267945336851816,0.06287570442485085,0.06255201703954995,0.06330062892371081,0.06241361465436679,0.06242464244329372,0.06388996352364625,0.062207307148263224,0.06232287465658572
2025-02-18,0.0625,0.0625,0.0625,0.0625,0.0625,0.0625,0.0625,0.0625,0.0625,0.0625,0.0625,0.0625,0.0625,0.0625,0.0625,0.0625
2025-02-19,0.06267477537216412,0.06315297211512189,0.06300010667237158,0.06207203133005522,0.062039914284540455,0.06239720198075061,0.06331177893796174,0.06253298708105798,0.06236940266452986,0.06235200133756386,0.06302234216100167,0.062400677259038306,0.062240773054267125,0.06171019374283815,0.06244364445654055,0.062279197550196855
2025-02-20,0.06219661215724653,0.0627735486796185,0.06364473339563118,0.062173569236286017,0.06205944912434677,0.062398519357972526,0.06385073708487726,0.06238371782703627,0.06250801584106495,0.06267357451093938,0.06299862985490243,0.062705832686904,0.0623291774979549,0.060924171517804666,0.062158084817052935,0.06222162641036158
2025-02-21,0.06254051199128094,0.06264948936101589,0.06299418012518812,0.06379882825652647,0.06247779360870727,0.06285050951433829,0.06321485306630338,0.061511280554265954,0.06256511324624894,0.06288968523899122,0.06312914111993788,0.0629354818354161,0.062175196254296176,0.059537422033286276,0.062269330927013734,0.06246118286718326
2025-02-24,0.0625,0.0625,0.0625,0.0625,0.0625,0.0625,0.0625,0.0625,0.0625,0.0625,0.0625,0.0625,0.0625,0.0625,0.0625,0.0625
2025-02-25,0.06217461696862642,0.06249667523943217,0.06302199979102927,0.06362796497034352,0.0627116784023497,0.06246734392498581,0.062068790451824694,0.06197238598602449,0.062416968006528274,0.06292535981402118,0.06249807275665419,0.06258408174966486,0.06258580863262103,0.06145090606938442,0.06253731368321756,0.062460033553292355
2025-02-26,0.06206072790210881,0.062082488879824455,0.06266169420961942,0.06542157379683072,0.06325847576700361,0.06275488605884759,0.06166541930211105,0.06197071387491046,0.06258302874600052,0.06353690619355921,0.06260035103074625,0.06296495966269566,0.06287818297798527,0.05846329978545614,0.06261155855842405,0.06248573325387668
2025-02-27,0.062467239175402686,0.06214857081008569,0.06268092379276582,0.06424611647840359,0.06350676815091214,0.06283477813623531,0.06143254282240039,0.06239884020594313,0.06252562929539965,0.06310696472057564,0.06255271146671532,0.06284817303791893,0.06296611602092304,0.05898354633251472,0.06275266345770573,0.06254841609609806
2025-02-28,0.06230079542121676,0.06246280451533396,0.0638682085136404,0.06570263842022096,0.06318495863161862,0.06316926057379955,0.061474373564799796,0.061710718261255106,0.062013427825456664,0.06345182978853343,0.0623522104362,0.06281092902060725,0.06307887352026206,0.05738463644902404,0.0628651139362398,0.0621692211217914
2025-03-03,0.0625,0.0625,0.0625,0.0625,0.0625,0.0625,0.0625,0.0625,0.0625,0.0625,0.0625,0.0625,0.0625,0.0625,0.0625,0.0625
2025-03-04,0.06264074518116232,0.06253662124411723,0.06308967238172902,0.06404692194488622,0.06285462778957884,0.06311866567142187,0.06321339088395289,0.061774607976561945,0.062094096566200734,0.06285060454687291,0.062055683202634666,0.0625327708018545,0.062409704822163105,0.060065409131403895,0.06261317870780349,0.06210329914765635
2025-03-05,0.0629364008443032,0.062402345500635975,0.06377485477271651,0.06525409842767955,0.06285846805757174,0.06360890050870377,0.06401329509163083,0.06084747439700006,0.06180537670355834,0.06247806327121886,0.06104714239217015,0.06211661698232349,0.061752267689411916,0.0604977395688855,0.06282929768184137,0.061777658110348715
2025-03-06,0.06294688772952686,0.06188483235785156,0.06377227841356078,0.06401634799065334,0.06257008860705997,0.06324902792811156,0.06414795812652535,0.06118517203228628,0.06201932943532349,0.06227221348596058,0.06116070903429434,0.062237918523465594,0.06206221430850222,0.061795179319361786,0.0627184355032945,0.06196140720422186
2025-03-07,0.0630615993043382,0.062273193268689804,0.0637402197595539,0.06575835647546609,0.06289881233076053,0.06393483226747128,0.0645055969309076,0.05949261007128966,0.06170288953477985,0.06257451213886656,0.06143142082696117,0.06226122429056403,0.0620895612752833,0.05957696002856997,0.06307526258993758,0.0616229489065606
2025-03-10,0.0625,0.0625,0.0625,0.0625,0.0625,0.0625,0.0625,0.0625,0.0625,0.0625,0.0625,0.0625,0.0625,0.0625,0.0625,0.0625
2025-03-11,0.06269906973660247,0.06229672113219827,0.06342848384106942,0.06474011811663258,0.0634493212629857,0.06310591392117755,0.0638476100096156,0.060940776392219266,0.06207968896402887,0.0630446447739151,0.06254062179863798,0.06261436345660301,0.06261854856697781,0.05794126533374715,0.06279279360525611,0.0618600590883331
2025-03-12,0.06308760695334184,0.06252645864732147,0.06387440632835929,0.06453732013914065,0.06338235336743517,0.06357036744038579,0.06439394014839656,0.061396016577131285,0.06156567660386509,0.062419111733763265,0.06170024461638128,0.06216941822743559,0.062115520367808645,0.0585794562400059,0.0630699259098767,0.0616121766993515
2025-03-13,0.06347241950576668,0.06297250353307074,0.0634192640478157,0.06289684143598051,0.0631436844691949,0.06390000413795377,0.0637628940587567,0.06228240968302305,0.06161552782645509,0.061856357361590425,0.06147392449621488,0.06202320368055521,0.06195765974405005,0.06022745724001802,0.06317007221654393,0.061825776563010415
2025-03-14,0.06350786645757361,0.06337182484549675,0.06402800340097073,0.0643097873280137,0.06366400158525712,0.06400917479611389,0.06493105213133975,0.06164358770805379,0.060888701156912674,0.062069355074407,0.06174970606854298,0.061794713126124355,0.06163181154001448,0.05768013568521287,0.06337776741145122,0.06134251168451517
2025-03-17,0.0625,0.0625,0.0625,0.0625,0.0625,0.0625,0.0625,0.0625,0.0625,0.0625,0.0625,0.0625,0.0625,0.0625,0.0625,0.0625
2025-03-18,0.06233290672633842,0.062301994853771386,0.061830116902225785,0.06202646635221203,0.06213614275863436,0.0625497050419475,0.0623119596038458,0.06278531454717053,0.06268001544398882,0.06290719534007153,0.06299313388323254,0.06260193253593453,0.062489215369926306,0.06305383731090672,0.06245232875751802,0.06254773457227579
2025-03-19,0.062651946099198,0.06275344833094142,0.06210733682536313,0.0629834660707883,0.06246231567453399,0.06270188966179797,0.06314581231084127,0.06199225255302992,0.062323443797883314,0.06285944861799073,0.06316333137226364,0.0624886330152461,0.06264539565285818,0.0611315528379816,0.06243464941066272,0.06215507776861978
2025-03-20,0.06251149318566473,0.06232244984239296,0.061973612280613696,0.0614541428680409,0.06244990568264232,0.062265033406007544,0.0634073661387978,0.06271571263133868,0.06245743360638349,0.06268678766404148,0.06306078459699598,0.062350207526733564,0.06262158479008999,0.06296495712787739,0.062395282431095496,0.06236324622128409
2025-03-21,0.06259341358711581,0.06226235000284701,0.062016032111949504,0.061625072346422664,0.06249813538399965,0.0623213589022371,0.0634567550311183,0.06273827102306095,0.06233310852437978,0.0625821215476064,0.06286346230442723,0.06233074918713224,0.06270238771862591,0.06303938894165707,0.06230913802005118,0.06232825536736926
2025-03-24,0.0625,0.0625,0.0625,0.0625,0.0625,0.0625,0.0625,0.0625,0.0625,0.0625,0.0625,0.0625,0.0625,0.0625,0.0625,0.0625
2025-03-25,0.06255773999443882,0.06209129095521008,0.06199551908647007,0.06031694963280883,0.061860631276259785,0.06210899828020415,0.06124479703549678,0.06375396265090784,0.0630915895435412,0.06243424463653612,0.06291692640987409,0.06275663862427147,0.06288696749190524,0.06524555212589118,0.062253341113530876,0.06248485114265356
2025-03-26,0.06267801098212779,0.06211352067366618,0.06205639693974378,0.060305761985287136,0.06202814367752127,0.06205198487346611,0.061567366544207774,0.06385533446046092,0.06311271227628294,0.06223135463794669,0.0627886830085071,0.0625288526103734,0.06287178239795049,0.06511849583977573,0.06219758728701928,0.062494011805663476
2025-03-27,0.06269446903616721,0.06244704476869668,0.06233330222931476,0.06228241369763764,0.06195086286748938,0.062342509142100745,0.06162089970428617,0.06294463007181968,0.06288984327584649,0.06273634098063217,0.06290902955219455,0.06268737098366246,0.06304692645486128,0.06244476863496293,0.062094018226951445,0.0625755703733765
2025-03-28,0.06274713259774885,0.06270410326601238,0.062427357703712036,0.06318365409975742,0.0619744855069323,0.06264188804292069,0.061682346338467336,0.06234083670040706,0.06284724718408455,0.06302139998732678,0.06256395625659776,0.0626080397268973,0.06297196642671014,0.06144226214074251,0.062254381674683786,0.06258894234699926
2025-03-31,0.0625,0.0625,0.0625,0.0625,0.0625,0.0625,0.0625,0.0625,0.0625,0.0625,0.0625,0.0625,0.0625,0.0625,0.0625,0.0625
2025-04-01,0.06253076904211716,0.062142188600850835,0.061951046906812246,0.06291822172785815,0.06279918682463057,0.06229623343088632,0.06267435443566664,0.06270840445987132,0.06278466535056583,0.06293257587322876,0.06279722127149903,0.06282013609222588,0.06296303114932932,0.06088129763513796,0.06223489012486083,0.06256577707445926
2025-04-02,0.062568500413903,0.062175639338685286,0.06161250050564293,0.06258654869598376,0.06289995552051782,0.06229731416370407,0.0629436583507653,0.06305500995680502,0.06284111394609525,0.06279509406057202,0.06263634749668877,0.06277179388155353,0.06279536944527969,0.06107482879568141,0.062343867736557965,0.0626024576915642
2025-04-03,0.0627110154903257,0.061776443599944185,0.061431888108380274,0.06106557212148583,0.06266943323312946,0.06217742045334306,0.06298682475322794,0.06361408621571388,0.06296536651186112,0.06269196878000348,0.06282271744176882,0.06279512538998912,0.06291863575196464,0.06256959342237058,0.06223403566403571,0.06256987306245629
2025-04-04,0.062397107627135746,0.06265213927217829,0.062206779737030676,0.06600107830423921,0.06364809248213467,0.06357164800887892,0.0634791412032135,0.06162400394255108,0.0616078094929658,0.06343806866954566,0.06110984223506193,0.062277481486007966,0.06245654962724204,0.0588127051009327,0.06268944887138592,0.06202810393949595
2025-04-07,0.0625,0.0625,0.0625,0.0625,0.0625,0.0625,0.0625,0.0625,0.0625,0.0625,0.0625,0.0625,0.0625,0.0625,0.0625,0.0625
2025-04-08,0.06291871733338864,0.06283323395286944,0.0627732316890475,0.0613379914513553,0.06124386566795336,0.06247794499292796,0.06134576286004119,0.06349937495869364,0.06259624194146485,0.062245882687566645,0.06272420540376146,0.06273125526927721,0.06240957591415918,0.06347109490731004,0.06256352078588225,0.06282810018430132
2025-04-09,0.06313437133244051,0.06332643111160927,0.06317955151409872,0.06272407931991873,0.06065840925380676,0.06342681582862501,0.06186167060346603,0.06344574854074649,0.06230312456407554,0.062260611019144214,0.06199973318781871,0.06233902290980136,0.06268135239137769,0.06139092175439066,0.06279835913504575,0.062469797533634484
2025-04-10,0.0627221396676206,0.06147396440066054,0.06078698125941534,0.05686577549271292,0.05972661893575664,0.061368448498370975,0.05837648850841338,0.06671536412010337,0.06444710405780449,0.062339653401202656,0.06361210579171613,0.06358050099485935,0.06347891132876543,0.06815345399372284,0.06165919911206287,0.06469329043681249
2025-04-11,0.06348229739208879,0.062252158418522704,0.06082419743051064,0.0601314471992429,0.05924872870041264,0.06256653765227914,0.05914810589683905,0.06571831969988928,0.0636678592525052,0.06260687913319955,0.06247778180395346,0.06316328826477005,0.06354822442749893,0.06540802805313248,0.061869582595176505,0.06388656407997872
2025-04-14,0.0625,0.0625,0.0625,0.0625,0.0625,0.0625,0.0625,0.0625,0.0625,0.0625,0.0625,0.0625,0.0625,0.0625,0.0625,0.0625
2025-04-15,0.062299058790652825,0.06181851125673666,0.06209116504012143,0.06215041644723464,0.06275582807554525,0.061929795875939796,0.06274618572772628,0.06264221652709076,0.06262299991924708,0.06287092548271148,0.06286084417507884,0.06288484207015106,0.06262723969710218,0.06259178968710079,0.062356776372415025,0.062751404855146
2025-04-16,0.06243767736526679,0.06210613004297602,0.06187058252364679,0.06175553710727104,0.06281603259214298,0.061669021125068973,0.0630298386799408,0.06298061299612506,0.062457364796719,0.06268159445494642,0.06278781691806208,0.0626908949208256,0.06253851695352029,0.06297420945446222,0.06255119715006517,0.0626529729189609
2025-04-17,0.06328312298933667,0.06284438985729125,0.06207505361956689,0.06292301244966175,0.06346995050147525,0.06221492339427829,0.06405178319842636,0.06216031727546695,0.06166008921615255,0.06249016039861567,0.06238462770289402,0.06216546155745975,0.06214943347592458,0.06148966200947197,0.06290346773715594,0.06173454461682223
2025-04-21,0.0625,0.0625,0.0625,0.0625,0.0625,0.0625,0.0625,0.0625,0.0625,0.0625,0.0625,0.0625,0.0625,0.0625,0.0625,0.0625
2025-04-22,0.0630839679357852,0.06308347903739615,0.0631818576568233,0.06401267997362424,0.06257154536178144,0.06304211630566685,0.06315620371954335,0.06138529675686316,0.061737541790577104,0.06184355470277606,0.062032959081502435,0.0619006340714349,0.06166172701243728,0.06218223545491889,0.06278366281854371,0.06234053832032593
2025-04-23,0.06275348868571674,0.06262469902734528,0.06225311037895467,0.06282095098018943,0.06242798656675919,0.06241569858504958,0.06236392844854787,0.06238694883100174,0.06238423233521551,0.06224619317499368,0.06249290464827016,0.06233417370952607,0.06199791108293472,0.06363283360263945,0.062476456016389036,0.062388483926466794
2025-04-24,0.062278843506833194,0.06220370353898857,0.06195528307782209,0.0612245066552871,0.06241011800895641,0.06163860531766035,0.061467295150036266,0.06348628047944724,0.06276712126298416,0.062134969551774125,0.06306277496738369,0.06242627797277855,0.062225318523121555,0.06579105753028303,0.062392679046205435,0.06253516541043823
2025-04-25,0.06246748559372657,0.06177681732700539,0.06100864900674849,0.059199977302551006,0.06276059828284565,0.061164541773572216,0.06168178835609991,0.06426015725629011,0.06333543656941032,0.06188123684947221,0.06340759349973507,0.062497492591533046,0.06212131480128781,0.06790423964417364,0.06218858743153674,0.0623440837140118
2025-04-28,0.0625,0.0625,0.0625,0.0625,0.0625,0.0625,0.0625,0.0625,0.0625,0.0625,0.0625,0.0625,0.0625,0.0625,0.0625,0.0625
2025-04-29,0.06276152546175769,0.06202823932188535,0.06296874694700558,0.06216004366924081,0.06273376715782662,0.06241894223780812,0.062236560691874325,0.06263916888429973,0.06240247415602293,0.06258015200039162,0.06269064175802477,0.06247144868204521,0.062425330394443014,0.0626401157047085,0.062406761408051625,0.062436081524614113
2025-04-30,0.06252554992094926,0.06164314029340279,0.06301354039858237,0.062286413147968664,0.062774247949536,0.062185384137327514,0.06195576432135341,0.06288854936859685,0.0625610914768666,0.06284980402668548,0.06266385334488742,0.06247042566575873,0.06274151743928212,0.06277707686225742,0.062330857365469124,0.062332784281076345
2025-05-01,0.0622672216814395,0.061668770636380064,0.06275252433303122,0.06281472415378807,0.06257942164930379,0.062168619100179144,0.061605702443933284,0.06298594874346403,0.06274014413170682,0.06331630536685795,0.06276914051307618,0.0628219843435939,0.06290008308971783,0.06193770493828989,0.062292199652387845,0.062379505222850594
2025-05-02,0.062134447096289354,0.06143613762775944,0.06265243054320101,0.06200667334043874,0.062317642923689624,0.062317642923689624,0.06104046031928874,0.06374306453111372,0.0629418257997803,0.0630725189619063,0.06302357045141405,0.06300675227143022,0.06311895171007205,0.062036603132597554,0.06251769907738636,0.06263357928994301
2025-05-05,0.0625,0.0625,0.0625,0.0625,0.0625,0.0625,0.0625,0.0625,0.0625,0.0625,0.0625,0.0625,0.0625,0.0625,0.0625,0.0625
2025-05-06,0.06277389646360672,0.06273155615636004,0.06270019403211156,0.06274031894409625,0.06261080966894923,0.06265402437428721,0.06271920627530367,0.06248337496205777,0.06237102208184323,0.062527784124447,0.06234205469016211,0.06252549369897634,0.062504495837628,0.0611226780359901,0.06256182729625911,0.06263126335792162
2025-05-07,0.06306892204359636,0.06350374716150027,0.06282178352837979,0.06349759217382,0.0630334336099596,0.06292042211336514,0.0636903446727985,0.06203367648333771,0.061884168783346925,0.06237885318141696,0.06212076903699148,0.06239890976654231,0.06237811029404772,0.05893363880454828,0.06260345211889591,0.06273217622745296
2025-05-08,0.06292768048970145,0.0631368472126311,0.06265741363470337,0.0634188138318523,0.06272422855869604,0.06272529469505708,0.06334154775880917,0.06236025701062998,0.062086938857063505,0.06255590529341376,0.062245195795359774,0.0625851227962533,0.06233103868520855,0.05977807110968901,0.06248313532976949,0.06264250894116209
2025-05-09,0.06259307004894331,0.0628173579113366,0.062208187369414844,0.062531702837069,0.06227477312528251,0.062684908328234,0.06294873464095087,0.06283212956816646,0.06217466712533032,0.062179013359135615,0.06279731463174575,0.06247958594982155,0.06248377849172379,0.0619508141305031,0.06244852280902342,0.06259543967331872
2025-05-12,0.0625,0.0625,0.0625,0.0625,0.0625,0.0625,0.0625,0.0625,0.0625,0.0625,0.0625,0.0625,0.0625,0.0625,0.0625,0.0625
2025-05-13,0.06213580015115825,0.06167530315180228,0.06142820978581342,0.059875625689916445,0.06183361370610185,0.06179747952453486,0.0619042403726802,0.06371758846384136,0.06395958951877154,0.06247148039996148,0.06375789180529454,0.06258414023234554,0.06295781777887388,0.06577250092825213,0.06209215346637424,0.06203656502427792
2025-05-14,0.06243590026240578,0.061395349252610476,0.06105397229952825,0.05855030546014307,0.0619659243664197,0.06145040655171408,0.06197489690005397,0.06457603760029088,0.06373057230847304,0.061683426338884975,0.063564825510194,0.06208440076852915,0.062454858434482174,0.06894045972740383,0.062427035838563474,0.0617116283803032
2025-05-15,0.06235204853680151,0.06138340339194378,0.06123562548238884,0.05857586520200379,0.061797522283234346,0.061467256677859204,0.06162228856452294,0.06503647318843592,0.06392098068484253,0.06138690501700079,0.06318816305708914,0.061867513710043585,0.062494568654431475,0.06929963674356261,0.0624905827759028,0.061881166029936784
2025-05-16,0.06234047004771591,0.06137448691033257,0.060960654294026174,0.05949690931094005,0.06206202750821502,0.061232459083505206,0.060858089287925056,0.06489401173349683,0.06409423779069706,0.06220397828327938,0.06376652346867255,0.061912073514502265,0.06273936999519496,0.06801976135013672,0.0624098283009852,0.06163511912037515
2025-05-19,0.0625,0.0625,0.0625,0.0625,0.0625,0.0625,0.0625,0.0625,0.0625,0.0625,0.0625,0.0625,0.0625,0.0625,0.0625,0.0625
2025-05-20,0.06261479156660228,0.06250051047106497,0.06278631703546843,0.06272187061771863,0.062454925457482185,0.06240815129632885,0.06287999954234517,0.06256960155514839,0.06261086737915729,0.06270518164929113,0.062380586076416854,0.06248165949515836,0.06260671470086185,0.061388766500792766,0.06242616968338365,0.06246388697277919
2025-05-21,0.0627114221052218,0.06262674296735156,0.06312479276499194,0.06305276140661896,0.06224954579541165,0.06278891803709644,0.06261000821396566,0.06233645661489258,0.06236575390538812,0.06260785026166285,0.06226890874858346,0.062495059713579194,0.06251875095609281,0.06145520281840855,0.06236994553829028,0.062417880152444184
2025-05-22,0.06290519680630892,0.06305863687659617,0.06399875316890163,0.06439113614779156,0.06196743896280252,0.06335158138346338,0.0631624795896858,0.0616950744802143,0.061872767342164264,0.06228409040784672,0.061468812027152764,0.0625756237401555,0.06232698499200976,0.06003340070240694,0.06254038114585347,0.062367642226646355
2025-05-23,0.06269484735780166,0.062989867404531,0.06410429974104447,0.06418336462399207,0.06192923247900227,0.0633535516354876,0.0632417328612943,0.06178561550111173,0.061822485820163864,0.06204470916595693,0.0612246522925708,0.062418657218843994,0.062321859972296126,0.06084236519675435,0.06257649892434113,0.0624662598048078
2025-05-27,0.0625,0.0625,0.0625,0.0625,0.0625,0.0625,0.0625,0.0625,0.0625,0.0625,0.0625,0.0625,0.0625,0.0625,0.0625,0.0625
2025-05-28,0.06201934070729183,0.061829286569817,0.06158092080480075,0.06110346399166604,0.06259724611807699,0.0620361412330512,0.06152665383327336,0.06333276902153359,0.06327263618884323,0.06262453016379307,0.063030077358573,0.06261482306143479,0.06294279948967513,0.06419005818465333,0.06241058160950045,0.06288867166401632
2025-05-29,0.06210670891298558,0.061996003307487606,0.061821485927258196,0.061655011150446484,0.06237271201010275,0.06219509467025146,0.06176774359609838,0.06347737331118286,0.06311806064216259,0.0624213673758417,0.06278921558859843,0.06269258555106888,0.06293791684014845,0.06327698000679416,0.06236444038237741,0.06300730072719521
2025-05-30,0.06224519294325604,0.062045091308176425,0.061842655824361235,0.06115597240594224,0.06276423187703496,0.062234853932667866,0.06158286021318029,0.06348215667052909,0.06324676905550312,0.06258729458854452,0.0628157221807148,0.0627549229673019,0.06294158403068638,0.06282732953753899,0.06237374993654854,0.06309961252801381
2025-06-02,0.0625,0.0625,0.0625,0.0625,0.0625,0.0625,0.0625,0.0625,0.0625,0.0625,0.0625,0.0625,0.0625,0.0625,0.0625,0.0625
2025-06-03,0.06293968120772964,0.06264128441538164,0.06288279705189184,0.061494543073261854,0.062258146287147105,0.062431495172950595,0.06236278889308323,0.06279804058163448,0.06254875045712502,0.06237746306951429,0.062311658461735156,0.06236059517093106,0.06270945343976854,0.06311047141132264,0.062270910896805406,0.06250192040971762
2025-06-04,0.06290626543561378,0.062360612130347104,0.06242185431168509,0.06080713363903515,0.06201047084272567,0.06225248386501461,0.062438579428018524,0.06290443485721633,0.06283050222355767,0.06227643988782227,0.06295943211223463,0.06237603845328409,0.06269176555201339,0.06389478230044203,0.0622806030190643,0.06258860194192553
2025-06-05,0.06297506547886483,0.06262790014930351,0.06227504068813665,0.06040065688579078,0.06288121904665701,0.06227089128188097,0.06243147051918599,0.06269550925349682,0.06301226386262847,0.06195795603093505,0.06276091761925301,0.06234551346465778,0.06253303843463949,0.0638846831921773,0.06238390287746271,0.06256397121492968
2025-06-06,0.06283275925086065,0.06263450902660299,0.0626865699526383,0.060881692689008865,0.06297983815508759,0.0623823140910145,0.0632038872577834,0.06220470823085632,0.06297784633004642,0.06197341419377089,0.06283302200848634,0.062486144156081606,0.06255703176470186,0.062228608536138645,0.06255250599331912,0.06258514836360257
2025-06-09,0.0625,0.0625,0.0625,0.0625,0.0625,0.0625,0.0625,0.0625,0.0625,0.0625,0.0625,0.0625,0.0625,0.0625,0.0625,0.0625
2025-06-10,0.06267337224173845,0.062436730045309904,0.0623649681600166,0.062143204542093086,0.06258756708066067,0.06246577632299654,0.0629485690509691,0.06206614374015842,0.06218374154917571,0.061999326053368296,0.06270906145374562,0.06240094930986354,0.0623221827827971,0.06371892027415091,0.06248992230057558,0.06248956509238044
2025-06-11,0.06257956807036184,0.06230297223514399,0.06197186695351164,0.06201910780904568,0.06279483037216295,0.062360895667176036,0.06272201121823438,0.061884644724003984,0.06251258714441886,0.06192840122866232,0.06333045148135001,0.06243153897978826,0.062298601141738026,0.06409704594340847,0.06233142326593979,0.062434053765053794
2025-06-12,0.06266205805063968,0.06267063592225158,0.06157124333897777,0.061414420566650654,0.0629526833254298,0.06248458940049848,0.06278762305680671,0.06215353134356277,0.062311162867560915,0.06180096214040977,0.06298736616028963,0.06241916887444575,0.0623720471411497,0.06469656959066472,0.06231073155787392,0.062405206662788204
2025-06-13,0.06284283993777172,0.0628639521333993,0.06175244487412362,0.06216100827417756,0.063286876432489,0.062430444309752545,0.06261709693052905,0.062007423162351326,0.062399621048551686,0.06216731830972157,0.06297464123396855,0.06258218121628636,0.062395991861958974,0.06303207623293983,0.06214692804020221,0.062339156001776794
2025-06-16,0.0625,0.0625,0.0625,0.0625,0.0625,0.0625,0.0625,0.0625,0.0625,0.0625,0.0625,0.0625,0.0625,0.0625,0.0625,0.0625
2025-06-17,0.06219042805138322,0.062036018669485334,0.06201435956598176,0.060860355399749766,0.06205550110379827,0.062305616117085565,0.06300499096463608,0.0627037894025623,0.06274681409660703,0.06221143857489995,0.06294519216153546,0.062425361159477895,0.06263216086295734,0.06492087056043365,0.06249284353035453,0.062454259779051856
2025-06-18,0.06242860364315767,0.062423509754973544,0.06149003944497203,0.06149157565360986,0.06273579515740375,0.0625565925423393,0.06240892870030876,0.06256739702062367,0.062485016727771014,0.06213299251716672,0.06267954050448626,0.06233119802169401,0.06274755021588735,0.0642500175881427,0.06259918546450638,0.06267205704295702
2025-06-20,0.06235851595735016,0.06239031571908013,0.0608822994846342,0.06052969372490094,0.0626297803279222,0.06243406107292467,0.06215202429298885,0.06261842702895154,0.062026757029301036,0.06187072048202517,0.06285308202271095,0.0621530958446799,0.06263868109379715,0.06708953610599268,0.06258547042905896,0.06278753938368153
2025-06-23,0.0625,0.0625,0.0625,0.0625,0.0625,0.0625,0.0625,0.0625,0.0625,0.0625,0.0625,0.0625,0.0625,0.0625,0.0625,0.0625
2025-06-24,0.06230032411459077,0.062058103754603106,0.06323303526077778,0.06210650159874692,0.062257126572182284,0.06210650159874692,0.06149980932977636,0.0631663251397363,0.06279956205886295,0.06269508956467712,0.06261618642906308,0.06252983665521672,0.06270613047053594,0.06313350551264933,0.06233998487155431,0.06245197706828015
2025-06-25,0.062044117540052825,0.06201974884735443,0.06331444105071928,0.060803916922499805,0.0622573846604053,0.06199286759440419,0.06021754042157347,0.06362095175389032,0.06324911984062903,0.06276067251863887,0.06319900086907292,0.06276083878127856,0.06276176649913005,0.06419801784240248,0.06231613828038316,0.06248347657756544
2025-06-26,0.06223120034619377,0.062218219135154317,0.06373667304349905,0.06074796638098097,0.062470783927382104,0.06221402985064779,0.06025014283440909,0.06332000853265901,0.06331754094826705,0.06237231477799835,0.06298454803022267,0.06267924185859401,0.06273414011644397,0.06362112424341615,0.062408749904497414,0.06269331606963437
2025-06-27,0.06239066667989352,0.06218606140672528,0.0638701131349995,0.0596708488536645,0.06262346285829498,0.06201096858902014,0.06025435947056616,0.06348621087567391,0.06331808612811694,0.06226211499833474,0.06320371961812693,0.06237650991332237,0.06287798585857506,0.06466176775037571,0.062333704024918626,0.06247341983939166
2025-06-30,0.0625,0.0625,0.0625,0.0625,0.0625,0.0625,0.0625,0.0625,0.0625,0.0625,0.0625,0.0625,0.0625,0.0625,0.0625,0.0625
2025-07-01,0.06249254004521746,0.062261144018841835,0.06262546581399371,0.06250639128584592,0.06268818357012196,0.06231222731073772,0.062188557425879275,0.06287137277832358,0.06260979443457426,0.06276356896983637,0.06252545533385152,0.062397098284813865,0.06265978732311375,0.06258926099096647,0.062246334698253546,0.06226281771562869
2025-07-02,0.06251647674207476,0.062241664285142315,0.06264262955326846,0.06328491217109088,0.06283960586847152,0.06210315533670227,0.06216726444604191,0.061885602803371464,0.06275025901814386,0.06296234382162069,0.06337866363394383,0.06269349171006737,0.06284159155083903,0.061320286585607106,0.062159284522915685,0.06221276795069877
2025-07-03,0.06271996424373345,0.062283979326701794,0.06289400703222676,0.06181848712741236,0.06293111745043178,0.062047343841054724,0.06266684010586915,0.06178325710284857,0.06279679739449909,0.06224112585955331,0.06341498749723412,0.06259909362707843,0.06281659641688253,0.06265138662611236,0.062205703678802314,0.06212931266955918
2025-07-07,0.0625,0.0625,0.0625,0.0625,0.0625,0.0625,0.0625,0.0625,0.0625,0.0625,0.0625,0.0625,0.0625,0.0625,0.0625,0.0625
2025-07-08,0.06255260029031326,0.06254143573342286,0.0626885550685636,0.06295179160532045,0.06196372074751717,0.062345534766043195,0.06308368978965645,0.06252652785983524,0.06227154019415567,0.06252297745772005,0.061988558934875815,0.06246084452825999,0.06259033521283222,0.06216258238982714,0.06258162251101027,0.06276768291064662
2025-07-09,0.06252636127398391,0.0625179920238633,0.06349656040029943,0.06216144464951071,0.06185171004883674,0.06238010279013767,0.06384404647042799,0.061894241498666104,0.06227091388802644,0.062257939957878,0.062382500253746226,0.062498885213495184,0.06213939972086137,0.062496421830506604,0.06254810104792166,0.06273337893183863
2025-07-10,0.0625262799349556,0.062465446068954045,0.06322514803220358,0.06141599709503416,0.061897829469703666,0.06243663398210925,0.06375887194757023,0.06210333720407362,0.06247957419436843,0.06220432354488625,0.06228463732554893,0.06236902580803702,0.06203930208047098,0.06361485520197992,0.06258592745625277,0.0625928106538515
2025-07-11,0.06260788679370684,0.06229497212451772,0.06326914800496838,0.06070018431789197,0.062151614124210434,0.06238074972291609,0.06336108204366135,0.06195715922477976,0.062402590468544586,0.061945434656900264,0.06254004840062247,0.06241608372182788,0.06228547644627807,0.06458471237460855,0.06256986414267794,0.06253299343188772
2025-07-14,0.0625,0.0625,0.0625,0.0625,0.0625,0.0625,0.0625,0.0625,0.0625,0.0625,0.0625,0.0625,0.0625,0.0625,0.0625,0.0625
2025-07-15,0.06247675309623498,0.062343390746917485,0.06191811648087449,0.062111565394843915,0.06230814485812433,0.06265319851477504,0.06165653298234017,0.06322271162877381,0.062453974363457995,0.06277703044355759,0.0623861329260425,0.06251740960340345,0.06257179239175506,0.06361508779310457,0.06251730742216964,0.06247085135362492
2025-07-16,0.062357615131096056,0.06237576093842794,0.06250800964317185,0.06285138852566209,0.06216546715232712,0.06272343153495721,0.062223667807547116,0.06300150308735863,0.06231810784168845,0.06236239483123641,0.061874384735914514,0.062409633849625196,0.06234516848964061,0.06300161686436444,0.0627026013756277,0.06277924819135464
2025-07-17,0.06228405521934216,0.06240534670840338,0.061875093337765655,0.06224644109302424,0.062256604430132485,0.06253794496686665,0.06205409018875229,0.06300774989061404,0.062339272403206865,0.06254287650354538,0.061562842965414755,0.062392325795147335,0.06228323435146855,0.06506167744422704,0.06259868769722737,0.06255175700486176
2025-07-18,0.062301081488694336,0.062249612015374545,0.06209151930100557,0.06092370025812685,0.06225214726430897,0.06236417530855231,0.06207811962228178,0.06314343847758958,0.06255670578354824,0.0625414274364752,0.06175593742582023,0.06263206909382156,0.06237561797921798,0.06575313680304212,0.06257687969076274,0.062404432051377946
2025-07-21,0.0625,0.0625,0.0625,0.0625,0.0625,0.0625,0.0625,0.0625,0.0625,0.0625,0.0625,0.0625,0.0625,0.0625,0.0625,0.0625
2025-07-22,0.06258213213725983,0.06261535445156657,0.062700220607024,0.06229861679901935,0.0629092054719374,0.06251480295860194,0.06311595240801789,0.062498637009038946,0.06250559280284623,0.062386832099813105,0.06240624490782486,0.06224203483984577,0.0625635587754195,0.061714564703404556,0.06246918856052791,0.06247706146785221
2025-07-23,0.06253998334987278,0.06257306595045128,0.06260603421509148,0.06323101094583448,0.06319894828086087,0.062257599043532744,0.06299473123773194,0.061794320440921646,0.06245745260788504,0.06275579937145183,0.06267273582391997,0.06238359179921291,0.06269754683751698,0.061193784618587675,0.06232080554001353,0.06232258993711491
2025-07-24,0.06229994232990022,0.06244095024160885,0.06318699985731097,0.06168989054045247,0.06278857736823723,0.06194768734525425,0.06349838890330328,0.06224666963452757,0.06265946597331991,0.0625920097852916,0.06329242177719267,0.062195156705286476,0.06295801567155299,0.06168131291738441,0.06223584495771038,0.06228666599166673
2025-07-25,0.06242013442756837,0.06249532727744902,0.06294563316422237,0.062420904824168205,0.06290159170885785,0.06222665215724638,0.06336257590541261,0.06222354687966836,0.06280113273350842,0.06278725900269358,0.06294118543784726,0.06230387753508176,0.06278481277064436,0.06062234216540193,0.06225752191666545,0.06250550209356401
2025-07-28,0.0625,0.0625,0.0625,0.0625,0.0625,0.0625,0.0625,0.0625,0.0625,0.0625,0.0625,0.0625,0.0625,0.0625,0.0625,0.0625
2025-07-29,0.06251299086958877,0.062410514854008635,0.06216664932971081,0.06218377219362507,0.06228884292316082,0.062340288735979604,0.06321210530372509,0.06253353262943305,0.06263950632120449,0.06212444878033472,0.06240533373833191,0.06251238290707352,0.06256044933699291,0.06271720674476206,0.06265721921320284,0.06273475611886571
2025-07-30,0.06260594671847164,0.06242770045031182,0.06202322297462859,0.06232499232172598,0.06292371669908786,0.06293706331279537,0.06343493526139286,0.06258624904172617,0.062453547355642874,0.06242938347216502,0.062302671830161784,0.06256712314406496,0.06248108846940537,0.061067283911539275,0.06268466941739445,0.06275040561948594
2025-07-31,0.06240773265461915,0.06226286328470277,0.0612218399176726,0.06261081132389669,0.062476510086340524,0.06299165974271581,0.06292436657648086,0.06300732179618022,0.0624490025362329,0.062383460286808225,0.062277888824358606,0.06246416708521642,0.06260072370688434,0.06205650604036553,0.06285673226675782,0.06300841387076753
2025-08-01,0.06260212563964439,0.062490303651168144,0.0611659854973715,0.06300334578972192,0.06268112717167446,0.06314612102036447,0.061896660457097845,0.06327112693451777,0.062333347323637246,0.06217017133020263,0.061815360444666984,0.0623439135898127,0.06279031647763231,0.062068160580870176,0.0630000747510014,0.06322185934061604
2025-08-04,0.0625,0.0625,0.0625,0.0625,0.0625,0.0625,0.0625,0.0625,0.0625,0.0625,0.0625,0.0625,0.0625,0.0625,0.0625,0.0625
2025-08-05,0.0625633822741296,0.062462905205169034,0.0623233064399058,0.06060145714995066,0.06246583161416907,0.0621923215007935,0.06185939015866472,0.06292402937523732,0.0630605973365168,0.06269125399340872,0.06263328523929611,0.06269091695162951,0.0627456116281528,0.06411685578062468,0.0620759109831421,0.06259294436920948
2025-08-06,0.06290052389923992,0.06252058383903468,0.062440953194901845,0.060902171462090635,0.06268173478784785,0.0622389897816248,0.06276001130329757,0.06269214006215709,0.06260890648102353,0.062235793888505815,0.06291038665742194,0.06240490154547927,0.06263767428424641,0.06336360262844819,0.06211932897217722,0.06258229721250318
2025-08-07,0.06270983523207839,0.06232286700160828,0.06213508404198877,0.06085864393429807,0.0622523896345476,0.06196957827754137,0.06300111827108865,0.06317924281931345,0.06284980867574162,0.062307795255928,0.06266023385290452,0.062234801607934334,0.06262901793423985,0.06441834787037648,0.06192644340480918,0.0625447921856014
2025-08-08,0.06264457825307598,0.06248898794351507,0.06234247967901281,0.06145605426836375,0.062238291900595245,0.061904182420071764,0.06369037973674407,0.06302793260508747,0.06231827396553452,0.061879507757763054,0.06264737277161808,0.06203424883026057,0.06241121727238294,0.06447890051293151,0.061978020059021144,0.06245957202402189
2025-08-11,0.0625,0.0625,0.0625,0.0625,0.0625,0.0625,0.0625,0.0625,0.0625,0.0625,0.0625,0.0625,0.0625,0.0625,0.0625,0.0625
2025-08-12,0.062104278927998656,0.06248214640412773,0.062057440836118465,0.06311859119706503,0.06241536544076818,0.06253743035578234,0.06241581380376882,0.06256521559258131,0.06243709675857823,0.0624202752035758,0.06250036960545892,0.06253271527431158,0.062322216309901916,0.06294830467741817,0.06257418338373134,0.06256855622881352
2025-08-13,0.062108772651891596,0.06261808206930357,0.06251372216790829,0.06067555785945181,0.06211479312311282,0.06250503833690353,0.06276116249316496,0.06276448058312638,0.06273681786945393,0.06220069083386668,0.06333260449793766,0.06251809901552209,0.06236655760106991,0.0638882200686291,0.06256917771649995,0.06232622311215772
2025-08-14,0.06209116259276693,0.06270311994291487,0.06183988796796705,0.060803670494619495,0.0623261097392842,0.06241062030703089,0.062347911243180544,0.062108548299451165,0.06297510826604383,0.06244439784906377,0.06373841659038894,0.0626424408795397,0.06241840746334774,0.06456778702940273,0.06248823790645501,0.062094173428543044
2025-08-15,0.061961366114284,0.06258093333007511,0.06241980401629501,0.06141723490292699,0.0619676661466993,0.06236514898709321,0.06202777951917109,0.06212656260531261,0.0630401305507909,0.062324824067434545,0.06393768349912528,0.06267063581390554,0.06254154073680057,0.0639514907828641,0.06246864422942411,0.06219855469779752
2025-08-18,0.0625,0.0625,0.0625,0.0625,0.0625,0.0625,0.0625,0.0625,0.0625,0.0625,0.0625,0.0625,0.0625,0.0625,0.0625,0.0625
2025-08-19,0.062377822839006745,0.06257362771346338,0.06264113605199628,0.06150276224047909,0.06241184283573746,0.06298572350518877,0.06309625293769015,0.062472108367709875,0.06247388816584421,0.062443813079003894,0.06262679993286095,0.06253231168573238,0.06217393665920982,0.06255834099664803,0.06259129068753723,0.0625383423018918
2025-08-20,0.0621143888741449,0.06234357395769437,0.06291343386419726,0.0635236182025919,0.06252577267417635,0.06267285274809195,0.06304436455223109,0.06188214271115643,0.062398711265377056,0.06297317069609741,0.06307736459126234,0.06284998540385006,0.062454831052690014,0.060163217786925835,0.06256597965523684,0.062496591964276225
2025-08-21,0.06213148326274682,0.062206692026307464,0.06266085988670553,0.06417046939354176,0.06249221867210558,0.062572899185128,0.06343798753520097,0.06200959567117247,0.062201188679187426,0.06322890078808471,0.06256837840781279,0.06297242816231452,0.06256363370197726,0.05989799486036246,0.06253928112426664,0.062345988643085756
2025-08-22,0.06214982194648999,0.06229757567220721,0.0628228120333597,0.06426422210772108,0.062396332102482716,0.06257645560038416,0.06392127282974669,0.06176010503907577,0.06209568134575976,0.06315390081695987,0.06251524123640832,0.06282145530191788,0.06261160184401755,0.05976598958099742,0.06257348941481433,0.06227404312765769
2025-08-25,0.0625,0.0625,0.0625,0.0625,0.0625,0.0625,0.0625,0.0625,0.0625,0.0625,0.0625,0.0625,0.0625,0.0625,0.0625,0.0625
2025-08-26,0.06258205367000977,0.06243860217048997,0.06258621126555657,0.06261255761434038,0.06256586677667357,0.06256815566046256,0.06301859778199453,0.06251523552489689,0.06240835092425633,0.06215573607874409,0.062468973479053426,0.062365526469312246,0.062468027649411374,0.06202136510109116,0.06255593592776562,0.06266880390594147
2025-08-27,0.06273472778364057,0.06229440824463161,0.062490375929875705,0.061782409316386844,0.0624779703125106,0.0627063292106229,0.06258499518649742,0.06304193794451944,0.0625510974362322,0.06207709537091348,0.06250676591540145,0.062347869249908615,0.06271099269661932,0.06244896275297896,0.062521279154874,0.06272278349438676
2025-08-28,0.06276575636154433,0.0622208640167201,0.06253383218236501,0.061884606501002054,0.06250519917693613,0.06277917038573627,0.06258018620982105,0.06288895095233056,0.06259714688397186,0.06228590561678264,0.06279770324953557,0.06234186561610963,0.06276130966979804,0.061785620663916026,0.06254706093579622,0.06272482157763441
2025-08-29,0.06304136497318488,0.06242397573191025,0.06207879147989363,0.06054795866855396,0.06283164317139359,0.06278437105292925,0.0624328038519531,0.06327475963993927,0.06269722689818465,0.06225380521858188,0.06293210554952776,0.062395072973980684,0.06268429359797548,0.06222337077714134,0.06255367475979398,0.06284478165505625
2025-09-02,0.0625,0.0625,0.0625,0.0625,0.0625,0.0625,0.0625,0.0625,0.0625,0.0625,0.0625,0.0625,0.0625,0.0625,0.0625,0.0625
2025-09-03,0.06271265003928995,0.06270326938490196,0.06302587964728193,0.06276378278267554,0.0622455688161154,0.06253458124794992,0.06338600507479679,0.062216427591806095,0.06209109581498186,0.062375352108140374,0.06221584573882063,0.062389214106281496,0.062405554805244484,0.062075753421831366,0.06251565376190693,0.062343365657975325
2025-09-04,0.06280801262054311,0.06292384295057919,0.06302883136936803,0.06247611636877395,0.06267106228221277,0.062095220744021074,0.06285027939417806,0.062242424065250934,0.06242166293989409,0.06238166541405453,0.06201285909884111,0.062291915475871824,0.06241398921745272,0.06237253416672735,0.06247645732369023,0.062533126568541
2025-09-05,0.06278339487563726,0.06316810857039913,0.06261759001944214,0.06146041761923985,0.0628594481477346,0.06195674930147887,0.0622184556418529,0.06268456195753087,0.06283045467723551,0.06234181225169272,0.06253647060628928,0.06235074438023299,0.06266089786023643,0.06242482586932081,0.062469333687624654,0.06263673453405201
2025-09-08,0.0625,0.0625,0.0625,0.0625,0.0625,0.0625,0.0625,0.0625,0.0625,0.0625,0.0625,0.0625,0.0625,0.0625,0.0625,0.0625
2025-09-09,0.06264302098861461,0.06281984327711837,0.06241609734521803,0.06272600533793825,0.06270521500416161,0.06224771945539411,0.06218631616782619,0.06285601917864862,0.062461425357033425,0.062353115970802404,0.062051753514333854,0.06233300313028268,0.062357346975180535,0.06292828881131066,0.06250687636416023,0.0624079531219765
2025-09-10,0.06251167932239717,0.06286474420029363,0.062343933616662614,0.0625839847638266,0.06245134240432594,0.06215221562527733,0.061978680896937303,0.06332968181970755,0.06253106666263376,0.06243999894352383,0.062098525050037365,0.06224145586638464,0.06224573382796221,0.0632823738332016,0.06249985527950507,0.06244472788732349
2025-09-11,0.06280399378215955,0.0631210142723602,0.062177992458561336,0.061489559196026174,0.0626889252065897,0.06208486798665472,0.062292522959606154,0.06478921704345517,0.06233944707131659,0.06205883701156247,0.06220884507909256,0.06235585430866136,0.06213855047900078,0.06238119876638617,0.06261864345021159,0.06245053092835567
2025-09-12,0.06250451296631174,0.06315722202838563,0.061717438753545455,0.06110665413759034,0.06277437979346477,0.06178068337200289,0.06161742983072639,0.06424158421442118,0.06256549682168044,0.06240289604864577,0.06274226121064348,0.06230953282316236,0.06226658668304291,0.06420038574984731,0.06246931183401508,0.06214362373251448
2025-09-15,0.0625,0.0625,0.0625,0.0625,0.0625,0.0625,0.0625,0.0625,0.0625,0.0625,0.0625,0.0625,0.0625,0.0625,0.0625,0.0625
2025-09-16,0.06258717274867377,0.06283537279067317,0.06239577422747923,0.06166293455742539,0.06255737232127347,0.06244894812045625,0.06303077145604664,0.06259681785442243,0.06253218547130551,0.06213439501552397,0.06236226371529425,0.06223876922449791,0.06252592674176632,0.06323864635298482,0.06247527564804869,0.06237737375412815
2025-09-17,0.06266027634461147,0.06269716734657671,0.06248663862515361,0.06128966405713403,0.06266810286103289,0.062479019158020746,0.06296270084019082,0.06242258479080059,0.06245047025257201,0.06185428953197616,0.06236045585502147,0.062161653592240525,0.06247496403224404,0.06425472036913824,0.062415617554924904,0.06236167478836186
2025-09-18,0.0623658530049914,0.06259695640486626,0.06245815626897273,0.06171121801022664,0.06251240791722867,0.062331344559640955,0.06243260772026112,0.062345945115111004,0.06260643652865908,0.06215226400212194,0.06255874026749586,0.06231823763260033,0.06285193119343677,0.0639613863045123,0.06240794574803958,0.06238856932183542
2025-09-19,0.06216738259860532,0.06254729875874913,0.062293798608282894,0.06019810499993648,0.06180695216770611,0.06277828419893872,0.06251602439421858,0.06249573225007422,0.06261047270296,0.062006002920233325,0.06360220295654255,0.06209622755582221,0.062673787494635,0.0656892144461505,0.06234148307586197,0.062177030871282964
2025-09-22,0.0625,0.0625,0.0625,0.0625,0.0625,0.0625,0.0625,0.0625,0.0625,0.0625,0.0625,0.0625,0.0625,0.0625,0.0625,0.0625
2025-09-23,0.06269129381715362,0.06263199402833844,0.06284090780448957,0.06173751004139342,0.06240309583509634,0.06260637263740333,0.06314612311697497,0.06259310588432555,0.0627256982756117,0.06244583725166853,0.062359089750463045,0.06233548458948962,0.06236531675529292,0.06218111591448962,0.06243496515882604,0.06250208913898324
2025-09-24,0.06297847990922867,0.06271076025659077,0.06292004248695868,0.06198795165320914,0.06262666984957307,0.06287821922096781,0.0629756251535793,0.06238431559118268,0.06244095888175884,0.06258862726190613,0.06258177932227066,0.062367233172321186,0.06241725668486423,0.0613757871556471,0.062370625814425505,0.06239566758551621
2025-09-25,0.06257824061521768,0.06266935772504371,0.06220846828538643,0.06324254883628544,0.06248404423634214,0.06289395178880267,0.06336500039230464,0.06203586432336386,0.06227421877232871,0.0626524014494564,0.06269817945625708,0.06246144372129838,0.062397307642611824,0.06133707637678981,0.06229102112088733,0.06241087525762394
2025-09-26,0.0627225991356991,0.06286930771944667,0.062267572657738725,0.06338701069078394,0.06273025265127861,0.06278446422509389,0.06372690218877142,0.06187598801109644,0.06220318643805847,0.06250808883939345,0.06279403134296796,0.062430247476365816,0.06254881850165868,0.06020564741779637,0.06241958091716841,0.06252630178668214
2025-09-29,0.0625,0.0625,0.0625,0.0625,0.0625,0.0625,0.0625,0.0625,0.0625,0.0625,0.0625,0.0625,0.0625,0.0625,0.0625,0.0625
2025-09-30,0.06249086303979217,0.06253906601081825,0.06219228858181786,0.062127013779047356,0.06274642424125997,0.062145610038463195,0.06190871805644694,0.06252428841251229,0.06253036653449533,0.06240318696211765,0.062394543508845705,0.06230647723539509,0.06233643282702362,0.06458560308172491,0.06235882670353601,0.062410290986703656
2025-10-01,0.0625316520284259,0.06245115312879663,0.06199060614472441,0.06256098802385184,0.06267855839487908,0.06221537688334784,0.061687617814519216,0.06256542327469271,0.06274161938936694,0.0625230212632298,0.06233809737373699,0.06230330162452144,0.06229223121859477,0.06452116583184878,0.06225830298589454,0.06234088461956917
2025-10-02,0.06272719359755496,0.06264394523984783,0.06170205371228281,0.061504034887292065,0.06276743468806312,0.06212779778757151,0.06127759238210265,0.062395502306738716,0.06313771082438974,0.06237558339271777,0.06317927501133778,0.06238945497658799,0.06214483402603387,0.06494749873500234,0.06227817015481592,0.06240191827766089
2025-10-03,0.06255660722719865,0.06267605221397528,0.061252983738862204,0.06140664491146194,0.06282679120986943,0.062138275414865995,0.06053698537960595,0.062314587986563474,0.06324550462927495,0.0622247386337289,0.06318425312400923,0.06233046806506309,0.06200234884911386,0.06660305389242209,0.062330201741824215,0.062370502982160785
2025-10-06,0.0625,0.0625,0.0625,0.0625,0.0625,0.0625,0.0625,0.0625,0.0625,0.0625,0.0625,0.0625,0.0625,0.0625,0.0625,0.0625
2025-10-07,0.06254338157225721,0.06343946212260525,0.06254634841956613,0.06186252968703008,0.062179241902190194,0.062237635016500946,0.06296025848061823,0.06220566059150562,0.06232801389962396,0.0621745673654082,0.062122667435876834,0.06215488515625337,0.0619693810347044,0.06452401199682563,0.06240485305717457,0.06234710226185935
2025-10-08,0.06263747260512675,0.06370520517347986,0.0626745231192777,0.062188491802582645,0.06263026149802615,0.06210518169279337,0.06338136227793158,0.06240424528027047,0.06213840161182977,0.062406824429059864,0.06176062882263896,0.062172926190837315,0.062082403569988065,0.0629055330206754,0.06238482348424587,0.06242171542123616
2025-10-09,0.06277362381341217,0.06418846051019439,0.062376049686743124,0.06107661645817364,0.0625721993417944,0.06176917086247053,0.06374897463669997,0.062430344474133204,0.06209729667625694,0.062210367786093644,0.061794154544909385,0.061897329103204904,0.06165257849746113,0.0649845542128532,0.062193390546969825,0.06223488884862959
2025-10-10,0.06250898974711662,0.06371157907768675,0.06270732739051699,0.061531519042061944,0.06251696162873736,0.061872125133139916,0.06383650883359204,0.06272132044817207,0.062065802374022865,0.062110973381812117,0.06152018641786672,0.06198191795265072,0.06146429119957114,0.06464326540331486,0.06232466699447964,0.06248256497525833
2025-10-13,0.0625,0.0625,0.0625,0.0625,0.0625,0.0625,0.0625,0.0625,0.0625,0.0625,0.0625,0.0625,0.0625,0.0625,0.0625,0.0625
2025-10-14,0.06294942432896415,0.06369430780354668,0.06228500802696337,0.0601889167750623,0.06239704667601597,0.06205120832711973,0.0630780069059155,0.06307640023847198,0.06250126501182457,0.06208627871438217,0.0628164630833343,0.06250319788077999,0.06242054200303201,0.06278953453695299,0.06250776275893254,0.06265463692870168
2025-10-15,0.06300974694086561,0.06370886950381567,0.06209579647831327,0.060232902531440854,0.06254652238730041,0.06187294197160819,0.06319920949917218,0.0628473874501118,0.06247481763881967,0.06228803799872581,0.06322134231928929,0.06279249615827867,0.06261506662938299,0.062063979908433285,0.06246983578816838,0.06256104679627386
2025-10-16,0.06314924530138058,0.06391269924108961,0.061966010615455265,0.059285141077011744,0.06255032918962514,0.06165268903433435,0.06314861096717156,0.06280602660212825,0.06247172551223343,0.061771375667198966,0.06365618037978135,0.0625579698696399,0.06253345710371233,0.06358029288536562,0.06245064132020295,0.06250760523366884
2025-10-17,0.06373317045722068,0.0645177841878307,0.062304682727436285,0.05969913839067672,0.06313227403867161,0.06173789240471918,0.06386692134653933,0.06251156304514088,0.062203834784822463,0.06135588427512287,0.06332074360289475,0.062352488116534724,0.06218658190693746,0.06190404029196355,0.06254940558317773,0.06262359484031091
2025-10-20,0.0625,0.0625,0.0625,0.0625,0.0625,0.0625,0.0625,0.0625,0.0625,0.0625,0.0625,0.0625,0.0625,0.0625,0.0625,0.0625
2025-10-21,0.0626915313162902,0.06299664137126801,0.06172649644687265,0.06158567134229627,0.06263709451266658,0.06187388276540097,0.06252965849828014,0.062290975154707336,0.0626314331615744,0.06231182087648397,0.06261718673278267,0.06228075146549963,0.0626006756585155,0.06465089268469285,0.06223678437628245,0.06233850363638627
2025-10-22,0.06175225410388776,0.0626153245623389,0.06156959461014415,0.06139582125797792,0.06241756429551472,0.06215281247342271,0.062109212641110995,0.06234212355818752,0.06301060223068963,0.06259553690418294,0.06342174557795728,0.0628742523763941,0.06292498789652064,0.06388969222042783,0.062337023087722654,0.06259145220352018
2025-10-23,0.06184216906632436,0.06272501076375736,0.06171364101905395,0.06283761636955439,0.06274959183567608,0.06235024496936772,0.061780375324531386,0.06197305268556999,0.0628859875996746,0.06284893906655892,0.06320123617956244,0.06290956762359923,0.06314257302603823,0.06179302465835237,0.062474388253217425,0.06277258155916153
2025-10-24,0.06219932385667593,0.06265291969252026,0.06155463076770468,0.06114156409436644,0.06263142086872026,0.062299701763349806,0.06107600376895762,0.06233913371904342,0.06314663370135207,0.06254477079258819,0.06346770167894031,0.06295710786440585,0.06317220411201536,0.06352055810248447,0.06248434773311083,0.06281197748376455
2025-10-27,0.0625,0.0625,0.0625,0.0625,0.0625,0.0625,0.0625,0.0625,0.0625,0.0625,0.0625,0.0625,0.0625,0.0625,0.0625,0.0625
2025-10-28,0.062144553555955974,0.06254916947432486,0.06255798542684822,0.061441726240415016,0.06249060875662864,0.06230900864945868,0.061398666946633706,0.06298691613179552,0.06313125403960142,0.06267983540091641,0.06290053725586903,0.06254792633011164,0.06274064171103207,0.06303852383618229,0.06250612233555794,0.06257652390866861
2025-10-29,0.062225471045868126,0.06250916541417122,0.062460218852668684,0.061554874410286085,0.06273427561776847,0.062431092451578615,0.06134805071780527,0.0631528915006735,0.06327436855078365,0.06237434041991144,0.06301559388618484,0.06230267125026778,0.06281570719707781,0.06251804718810651,0.06253464537098208,0.06274858612586594
2025-10-30,0.062465786550535085,0.06247963641464077,0.06246444812748111,0.060783080034868486,0.06256783103001265,0.06258652923967939,0.062061276648172924,0.0633626677149961,0.06320916651598009,0.06177444875816533,0.06297095997438244,0.06213232888064231,0.06282702140043007,0.0626735888256389,0.06270688822116043,0.06293434166321399
2025-10-31,0.06263564406354521,0.06281743925683614,0.0625721653365839,0.06167566385479244,0.062491955680592175,0.06277068574048376,0.06260662603765281,0.06253794923939052,0.06296521978091968,0.062176216816042476,0.06289023517618592,0.06241325072869949,0.06304686265271188,0.06044160202198451,0.06283093220905767,0.06312755140452155
2025-11-03,0.0625,0.0625,0.0625,0.0625,0.0625,0.0625,0.0625,0.0625,0.0625,0.0625,0.0625,0.0625,0.0625,0.0625,0.0625,0.0625
2025-11-04,0.06265974842408004,0.06276170472814631,0.0620414379992796,0.062394876143003646,0.06231976609440702,0.06266879442213204,0.06276633835588356,0.06247877806697942,0.06256192742729884,0.062362175932021424,0.06272815669713785,0.06249170916480378,0.06223287161030107,0.06209504650573992,0.06268829344307976,0.0627483749857057
2025-11-05,0.06240256700789968,0.06235881537740858,0.062206915141196785,0.06520154306084211,0.06245429276649014,0.06314559081057171,0.06249029384232021,0.061849325392562216,0.062520609335977,0.06284895437594516,0.062057381977512205,0.06293200972148176,0.06257301823897604,0.0592070299438939,0.06272004082681344,0.06303161218010905
2025-11-06,0.06236494799351877,0.06248398211730294,0.06198362246325834,0.06391242264422783,0.06217369124782837,0.06290052952152435,0.06290606276341229,0.061876217234902345,0.06255941099853882,0.06272774276931013,0.06277205389834463,0.06281177647933285,0.0627009754593479,0.06006318828494687,0.06282724717651968,0.06293612894768393
2025-11-07,0.06269611673972297,0.06259952984658655,0.06276167327815686,0.06490855137644062,0.06278107569807778,0.06307417312157265,0.06245535954629043,0.061454282735715904,0.0622919933058933,0.0626982193669478,0.06278342662955741,0.06295074252010689,0.06301505009275626,0.05753756763471002,0.06285749396879253,0.06313474413867207
2025-11-10,0.0625,0.0625,0.0625,0.0625,0.0625,0.0625,0.0625,0.0625,0.0625,0.0625,0.0625,0.0625,0.0625,0.0625,0.0625,0.0625
2025-11-11,0.06285780774389628,0.06267899762131561,0.06218925013843361,0.060465906734498476,0.06248148680298935,0.06207848387551744,0.06364949004178343,0.06308323701331399,0.06284055382132545,0.06224108270400296,0.06254057499177905,0.0622709152157938,0.06237505098089789,0.06357854043986703,0.06239771819897026,0.062270903675615406
2025-11-12,0.06276981160197427,0.062911215904955,0.06239533342336634,0.061365954820080684,0.06258768891231054,0.06195157495839468,0.06282024168881323,0.06270743640844569,0.06287224720067466,0.06268408837404785,0.06237789208326401,0.06253598791111684,0.06279139917690811,0.06280842587388812,0.06225375498921129,0.06216694667254865
2025-11-13,0.06309340786396618,0.06339417477931034,0.062122883851401044,0.06115909618695191,0.06278664491243212,0.06181395345038521,0.06261892423424638,0.06257578097563864,0.06294167901884667,0.06276981778181305,0.06286003541563197,0.06263522506551258,0.06284195561354491,0.062193942100108035,0.06209419273674942,0.062098286013461484
2025-11-14,0.06311507427083245,0.06325677816085531,0.06247253979382645,0.06369513412216199,0.06275044700870334,0.06220925161676217,0.06320658560483879,0.06166189637828417,0.06280929718392593,0.06301137859727224,0.062481315402625234,0.06271369146446067,0.06266389066771215,0.059439472953985044,0.062076620852540794,0.06243662592121318
2025-11-17,0.0625,0.0625,0.0625,0.0625,0.0625,0.0625,0.0625,0.0625,0.0625,0.0625,0.0625,0.0625,0.0625,0.0625,0.0625,0.0625
2025-11-18,0.062333986924175154,0.0626921234069047,0.06270666986563186,0.06375945554044156,0.06244404272939953,0.06286004266386523,0.06317037252468725,0.06213290094931595,0.062159004145822164,0.06249800853381547,0.06173813269211659,0.06243726785147808,0.06214178533296739,0.061656843161906554,0.06256264953755547,0.06270671413991703
2025-11-19,0.062349945301267175,0.06278326698400884,0.06305526851856762,0.06377505265748108,0.06243221314235184,0.06306651585575801,0.06332995911179318,0.061929422780579786,0.061888438230017835,0.06259963891652824,0.06168843115697143,0.062461226330760664,0.06196873312197377,0.06136444423069065,0.06262276223812509,0.06268468142312475
2025-11-20,0.06246688707066782,0.06326125801401544,0.06276503541090708,0.0630206973115243,0.06246468058983253,0.06313223734232651,0.06310773050314666,0.06226190714758896,0.062208255739222534,0.062378654785895646,0.06169079165769114,0.0625947026088048,0.061928143588212144,0.060987311949601615,0.0627419569618349,0.0629897493187278
2025-11-21,0.06250893869265056,0.06380324312397152,0.06323752336090528,0.06501883220546101,0.0626694732446579,0.06343677129458385,0.06274011800710928,0.061499494374063504,0.061937467110365504,0.06251979488440045,0.06066469862176886,0.06258217000712266,0.06222519569879958,0.059306105023277135,0.06274562833414592,0.06310454601671692
2025-11-24,0.0625,0.0625,0.0625,0.0625,0.0625,0.0625,0.0625,0.0625,0.0625,0.0625,0.0625,0.0625,0.0625,0.0625,0.0625,0.0625
2025-11-25,0.06251711347050991,0.06261160617464812,0.062112180344132246,0.06029468000277034,0.06262533942317518,0.06210983256801602,0.06199404184479654,0.06327718450843038,0.06265981443753257,0.062050175906572774,0.06288017276653947,0.06238421682557561,0.062403204233545916,0.06502268846595705,0.06248364948836487,0.06257409953943296
2025-11-26,0.06246289390973714,0.06237127334529925,0.06205054380539845,0.05944654623648486,0.06257953318694537,0.061755378398461826,0.06199704634259644,0.06337660946008149,0.06301008580458367,0.06235324833911125,0.06339242538348556,0.0626479585182003,0.06277596642620288,0.06504464697033308,0.06233382889899021,0.06240201497408808
2025-11-28,0.06258183298437453,0.062399561063279006,0.06202611866664557,0.058130229440594684,0.06260916313588252,0.061476000650009084,0.06218583452003735,0.06395062425921745,0.06312183792174753,0.06220690919266108,0.06365368806160025,0.06257930947654237,0.0628650761335796,0.06569374734439441,0.06231286647904842,0.06220720067038612
2025-12-01,0.0625,0.0625,0.0625,0.0625,0.0625,0.0625,0.0625,0.0625,0.0625,0.0625,0.0625,0.0625,0.0625,0.0625,0.0625,0.0625
2025-12-02,0.06293229001028189,0.062343596470481745,0.06265365974459765,0.06286548346749997,0.06245801713831422,0.06276027354592664,0.06261227904548142,0.06221233424688241,0.06273535936495311,0.06235769814020212,0.06266324782168192,0.06250602792961761,0.06220417698764068,0.06116918722173476,0.06266107144056261,0.06286529742414118
2025-12-03,0.06275271597950884,0.06243859658576774,0.06243348515143585,0.06274388247687038,0.06240529529782611,0.06269851392564553,0.06251019999426509,0.06242479301131103,0.06289702076452686,0.062101111239521896,0.06295517836836337,0.0623725181210185,0.062111842776956194,0.06163563331665028,0.06267471913449711,0.0628444938558351
2025-12-04,0.06290005744089056,0.0622481691128904,0.0624925304475941,0.06141607152091854,0.0626379486857374,0.062498733705640894,0.06184104424985142,0.0624385951499459,0.06287949225944475,0.06206551590665365,0.06334658990955666,0.06248693404366824,0.06212611335893885,0.06339105588953187,0.06256956034086625,0.06266158797787039
2025-12-05,0.06284962534017005,0.06194776190493834,0.06223078632985735,0.06110230141004212,0.0625749141588655,0.06238355007977552,0.061664414986385585,0.06282523016584261,0.0628666905766848,0.061950624160436715,0.06297430520894733,0.06240233514867387,0.06225530414929307,0.06481731794250448,0.06252506080010971,0.06262977763747271
2025-12-08,0.0625,0.0625,0.0625,0.0625,0.0625,0.0625,0.0625,0.0625,0.0625,0.0625,0.0625,0.0625,0.0625,0.0625,0.0625,0.0625
2025-12-09,0.0624967782991707,0.06258099484987617,0.06297914120712267,0.062108521857879,0.062336500639353004,0.06241504508755011,0.06269523559972252,0.06277083346848372,0.062245331031996504,0.06216778895219202,0.06261540733745959,0.062341142181494995,0.06233555457519805,0.06266288976944356,0.06260619179050572,0.06264264335255168
2025-12-10,0.06262503717431207,0.06290118856677365,0.0631170073934114,0.06175736003024222,0.06241394907364502,0.06253901434858057,0.06271496167386585,0.06274967297448461,0.062151032001325365,0.061965242088626665,0.06265715924175896,0.062127193786992066,0.06199618039772419,0.06304755319031316,0.06262930787294876,0.06260814018499544
2025-12-11,0.06269947262767184,0.06287410710420405,0.06294408791572068,0.06064023871181341,0.06263070174995865,0.06248304826504702,0.06228583089699226,0.06308074189097798,0.06217823064889197,0.061834897994180585,0.06367229521486002,0.062287543603000206,0.06214485843998109,0.06326011843551062,0.06260341555012884,0.06238041095106086
2025-12-12,0.06303274342508808,0.06283527082008966,0.06327239889894797,0.06024435716081834,0.06251626227511771,0.06247597054358306,0.06259073634910911,0.06288071383163839,0.062466148605380495,0.06212363568487587,0.06357791295366272,0.06246683111307676,0.06265083665510102,0.062191374660492495,0.06249899644695609,0.06217581057606241
2025-12-15,0.0625,0.0625,0.0625,0.0625,0.0625,0.0625,0.0625,0.0625,0.0625,0.0625,0.0625,0.0625,0.0625,0.0625,0.0625,0.0625
2025-12-16,0.06255426806990547,0.06242567553009725,0.06261646267719413,0.06285474750710081,0.062418948036108736,0.06252938951649002,0.06283901732009407,0.062231321734566074,0.06256837958957574,0.06260446261493503,0.06259882322700935,0.06255529255083561,0.06266215369150431,0.061594403891231254,0.06240147409652792,0.06254517994682424
2025-12-17,0.06253637465976229,0.06231477509081561,0.06273515821904123,0.06276727691214579,0.06237440351912239,0.06273507955664924,0.0632272266820328,0.06232494955984262,0.062372359492514004,0.06223726587879807,0.0622236313234302,0.062367965333074114,0.06229492100788765,0.06240100260258793,0.0624481254291897,0.0626394847331064
2025-12-18,0.0630302359898196,0.06263219281700784,0.06295878786016657,0.06459124624887545,0.06254445739290192,0.06294120668850264,0.06346428365978343,0.061041100247824304,0.06198226993837367,0.06247105579950947,0.06189357754049585,0.062250998554170496,0.06226285748259189,0.06068302835801573,0.06243242866019699,0.0628202727617642
2025-12-19,0.062868431727681,0.06249891376697696,0.0631562322687482,0.06333556832266635,0.0626684621524158,0.06266821056937567,0.06366253571340633,0.061880702399877766,0.062208403525396624,0.062305073597714054,0.06217805324605997,0.06221691130659875,0.062030832138269154,0.06124067654024725,0.06245310308070241,0.06262788964386379
2025-12-22,0.0625,0.0625,0.0625,0.0625,0.0625,0.0625,0.0625,0.0625,0.0625,0.0625,0.0625,0.0625,0.0625,0.0625,0.0625,0.0625
2025-12-23,0.06275200119457486,0.06241975981608577,0.06272448188445799,0.06175977052160459,0.06239437131023879,0.062082537968498185,0.062529220011892,0.06271595613377809,0.06250841924226394,0.06258932511727416,0.06264157089504033,0.062424053773505093,0.0626774456208184,0.06310785404240467,0.06225936847166148,0.06241386399590159
2025-12-24,0.06310781259695396,0.06249577519551922,0.06258860996475439,0.061879560458568024,0.06260305451534814,0.062014309755776445,0.06275304591388148,0.06289448895295617,0.06254774995360238,0.0625511694563427,0.06244460195941483,0.062437616691928,0.062639645057106,0.06229775717883993,0.06228128641467995,0.062463515934328404
2025-12-26,0.06303685078703877,0.06230450623948291,0.06234512937668163,0.06179557070652242,0.06286984044069156,0.061973733076196705,0.06239593045651305,0.06304971132927893,0.06267870426660584,0.06263409744793835,0.06273911541501916,0.06247160459935731,0.062770051255097,0.06227849245496046,0.06224503157666428,0.06241163057195161
2025-12-29,0.0625,0.0625,0.0625,0.0625,0.0625,0.0625,0.0625,0.0625,0.0625,0.0625,0.0625,0.0625,0.0625,0.0625,0.0625,0.0625
2025-12-30,0.061719040813799655,0.062069109418282156,0.06244770267541064,0.06333230717100441,0.06270125314010644,0.06284600553234339,0.061542139638498285,0.06243176574402693,0.06264545661423895,0.06278463061938107,0.06275653489680795,0.06276775188419727,0.06251136686447241,0.06195203239200783,0.06268241518998618,0.06281048740543639
2025-12-31,0.062250450829163716,0.06212864582834806,0.06290563839056074,0.06389996766892157,0.06252559681726932,0.06272137240951713,0.061426599416771185,0.06225708162973885,0.06251818822138319,0.06270308687433536,0.06267700933159882,0.06276545311244681,0.06236023398768,0.061366597328951014,0.06268758314727664,0.06280649500603762
2026-01-02,0.06179492790324867,0.06227901570217273,0.06318896894633487,0.06441630184412517,0.06230374384883276,0.06287674763689655,0.0620924912569206,0.06197169017780169,0.06238332305513817,0.06250959848184712,0.062441546842355464,0.0627535929552426,0.06222792030011963,0.06093788493669926,0.06283095636544327,0.0629912897468215
2026-01-05,0.0625,0.0625,0.0625,0.0625,0.0625,0.0625,0.0625,0.0625,0.0625,0.0625,0.0625,0.0625,0.0625,0.0625,0.0625,0.0625
2026-01-06,0.06291257657588134,0.062441367585976425,0.06250143120298764,0.061317304379561746,0.06251772397097102,0.062065397064181266,0.06280052693561666,0.0625651230652919,0.06259819863817757,0.06221063231499819,0.06248604331310857,0.06214119891662126,0.06261681308883234,0.06437711853218253,0.06229128414132121,0.062157260274290256
2026-01-07,0.06314577051604593,0.06230956809723485,0.06250125404355332,0.05996224994623606,0.06253249242302107,0.06150226893198316,0.06290042579413906,0.06298709965678197,0.06282600856918592,0.06226690718456823,0.06332503908225003,0.062352057336198745,0.06257102560318677,0.06447006219065834,0.06240537039264867,0.061942400232307834
2026-01-08,0.06292522704344651,0.062355105381292686,0.06195892072839813,0.06054775385692494,0.06273522734229363,0.062131656554159385,0.06273454939696452,0.0628758178988871,0.06281120544994304,0.06230956742355629,0.0630171300112961,0.062434530074426564,0.06237475069567461,0.06419802000790378,0.06238128358246056,0.062209254552372084
2026-01-09,0.06282009595499467,0.062157379990096,0.062132407616112446,0.06156338877829075,0.0624838130595036,0.0620613874376941,0.06273731179965407,0.062018540530104624,0.0628718321028861,0.06244642308964454,0.0631903350275781,0.06264882610055002,0.06275749829356969,0.06364144639980594,0.06233009327897921,0.062139220540536125
2026-01-12,0.0625,0.0625,0.0625,0.0625,0.0625,0.0625,0.0625,0.0625,0.0625,0.0625,0.0625,0.0625,0.0625,0.0625,0.0625,0.0625
2026-01-13,0.06293853239107436,0.06294138920684786,0.06256247670550277,0.06244697323252015,0.06241819073685698,0.06212583970579456,0.06246814101134149,0.0626520261189132,0.06222654988883349,0.062322342026357835,0.06194502380991628,0.062231171379931775,0.062259835029172116,0.06392023773851525,0.062323507470350294,0.06221776354807161
2026-01-14,0.06314981529424023,0.062903347553639,0.06261147646666093,0.062002022933250585,0.06258030211718742,0.062122499742891225,0.06251706688753336,0.06269141132762818,0.06206184178869749,0.06198979786878425,0.06198059580473932,0.062226501843364854,0.06206232611998628,0.06448956410978161,0.06233586551156778,0.06227556463004752
2026-01-15,0.06347889278655008,0.06293403968593883,0.06280210930884134,0.06271296147833963,0.06278934052676023,0.062179764580352945,0.06317805256877695,0.06173733470367722,0.06159764196842119,0.06203495474202197,0.06180494493610753,0.06213737518314691,0.06201423355973717,0.06429011971560425,0.06220506830339777,0.062103165952326136
2026-01-16,0.06358640946544578,0.06289160464584444,0.06265633467001276,0.06237595411638761,0.06293480761250642,0.062280087970943886,0.06248633700607106,0.062160261328325285,0.061930573519367364,0.06206771877107373,0.06222333784358942,0.062299011226073404,0.06210709036635436,0.06337568656927166,0.06243454483089409,0.06219024005783883
2026-01-20,0.0625,0.0625,0.0625,0.0625,0.0625,0.0625,0.0625,0.0625,0.0625,0.0625,0.0625,0.0625,0.0625,0.0625,0.0625,0.0625
2026-01-21,0.06350878691055824,0.06303115003129464,0.06294539978801968,0.06410704510993485,0.06239099845028375,0.06279917770292051,0.06335533934007641,0.06157243847298151,0.06175170408975723,0.062381780235544276,0.0622030298588335,0.06207054904490977,0.06220341229522696,0.06103422885132737,0.062481558282246295,0.06216340153608504
2026-01-22,0.0634780664607656,0.06351620736158169,0.06202213564632654,0.0627433580238581,0.06282667989509846,0.06266267751878173,0.06265308087931332,0.06175122536409803,0.06205999343945077,0.06241880897774994,0.06337537809381918,0.06223644566261555,0.0622112119913837,0.0614086236234612,0.062380731940926464,0.06225537512076976
2026-01-23,0.06362840984735524,0.0638470245070694,0.06206411353806682,0.062338459215592626,0.0627356662475849,0.062227369378891034,0.06276723831702702,0.06160257420502767,0.061950394479900396,0.06236894853490708,0.06338002762654787,0.06208380495480385,0.06196728821080543,0.06257684147647466,0.06228506961044494,0.062176769849501067
2026-01-26,0.0625,0.0625,0.0625,0.0625,0.0625,0.0625,0.0625,0.0625,0.0625,0.0625,0.0625,0.0625,0.0625,0.0625,0.0625,0.0625
2026-01-27,0.0632883590340259,0.06212236766810038,0.06234419110880936,0.06269232458696461,0.06279412518532196,0.062422401573347865,0.06295596640160663,0.06260531288616303,0.0625720742238494,0.06266947913865156,0.06212083790615792,0.06249483247986111,0.06257923914835961,0.061647916780671136,0.06224958471031084,0.06244098716779867
2026-01-28,0.06296411509029534,0.06316001328296614,0.0627184753361175,0.061463450339484665,0.06292241816563561,0.062426326426530725,0.0626535406129514,0.06323096379343052,0.06252882372584012,0.06237606564000184,0.06253529841160219,0.062304939741701745,0.06257476077677226,0.06136617974685869,0.062388510232844,0.06238611867696714
2026-01-29,0.06371886533934217,0.06340235383504103,0.06277557780993599,0.061288913188335396,0.06305986336249468,0.062094377361846816,0.0636431822906587,0.06301990342379696,0.062390965836433374,0.06208801687641806,0.0631472774885034,0.06194774817368548,0.06232877366956958,0.060555226574591274,0.06233735242152572,0.06220160234782136
2026-01-30,0.06398895765625064,0.06360438560589195,0.06246677435789469,0.06137179887482234,0.06312196609078553,0.06231939811606867,0.06385634393369338,0.06321879375109575,0.062484428546406054,0.06172535165384618,0.06331417879526852,0.062035857344788295,0.06259813501207448,0.05951027951224109,0.06226942667504593,0.062113924073826494
2026-02-02,0.0625,0.0625,0.0625,0.0625,0.0625,0.0625,0.0625,0.0625,0.0625,0.0625,0.0625,0.0625,0.0625,0.0625,0.0625,0.0625
2026-02-03,0.06194714146689039,0.06214399708884411,0.06350624229212536,0.06183005994318798,0.062039424833399755,0.0622452676066049,0.06146618651134039,0.06300285407308542,0.06280436808418668,0.06265672418734833,0.06343926981989755,0.0626191978411084,0.06309826997260853,0.06197546727343244,0.06258250542470642,0.06264302358123335
2026-02-04,0.0630563139904497,0.06310541585600657,0.06393333654670233,0.06188121629102899,0.06273548346097967,0.0621280946470548,0.06223132183996258,0.0623675120169657,0.0619085128305329,0.0621592568138451,0.06324187239340727,0.06227835831162864,0.06320005958878228,0.06104271751302201,0.0625216980934709,0.062208829806160604
2026-02-05,0.06314916539356115,0.06348895391139887,0.06402826917712247,0.06327508565177171,0.06277988418026326,0.06225089821035784,0.06308633620614512,0.060283700583554,0.062194009690666845,0.06253281601980598,0.06326807347745976,0.06283120721331904,0.06372765843101837,0.05837091500601489,0.06251362740382517,0.06221939944371557
2026-02-06,0.06280083804721914,0.06310388623826199,0.06366547388255994,0.06445748357712701,0.06318055664043866,0.06266370643676465,0.06321721048109659,0.0601831883673424,0.062091257992173035,0.06304243219051905,0.06349801519297507,0.0631082879885138,0.06402277204622861,0.05588683369707912,0.06276952714729146,0.06230853007440953
2026-02-09,0.0625,0.0625,0.0625,0.0625,0.0625,0.0625,0.0625,0.0625,0.0625,0.0625,0.0625,0.0625,0.0625,0.0625,0.0625,0.0625
2026-02-10,0.06318661273076294,0.0630758591662676,0.06274428657159932,0.0608945213239759,0.06270214357075253,0.06231701383957162,0.06287391152748203,0.06309393875759532,0.06224726590856489,0.062044174152727616,0.061903294232850674,0.062075735481577486,0.06219421676264048,0.06391950473239431,0.06238017196096628,0.062347349280270956
2026-02-11,0.06306967720896602,0.06289396995786864,0.06265163592603006,0.06157906782053484,0.06283007009352455,0.06249539013871817,0.06302964985472365,0.06253704356134496,0.062145995876769666,0.062087383834032,0.06171424144846203,0.0622572467919279,0.062112523048474866,0.06378512683589144,0.062476092538933534,0.06233488506379768
2026-02-12,0.06344334859167694,0.06305553695436712,0.06249372913725049,0.0612953728363111,0.06333056428926864,0.06222516302599603,0.06342487122736501,0.06249457358427902,0.06213372514374939,0.06208798675555877,0.0625049568872233,0.06225604675126451,0.061929839923790184,0.06249361685893679,0.06251953096525313,0.062311137067709535
2026-02-13,0.06277588129625003,0.06277588129625006,0.06233735331036279,0.0629094458086591,0.06389416495044208,0.06284522934342972,0.06357360548605011,0.06196112323471253,0.06188190933499944,0.062226767578221674,0.06194509037596443,0.06266968110735614,0.06201633633138263,0.061028386019867986,0.0627940652794215,0.06236507924662976
2026-02-17,0.0625,0.0625,0.0625,0.0625,0.0625,0.0625,0.0625,0.0625,0.0625,0.0625,0.0625,0.0625,0.0625,0.0625,0.0625,0.0625
2026-02-18,0.06186512177551306,0.06217184628740594,0.06258384632407162,0.06222825662532968,0.06231350408674169,0.0626527349079922,0.0631699658035786,0.0626261534256368,0.06273584604741471,0.062356119121094004,0.06229067116845573,0.06246777243554243,0.06262414490365661,0.06262839270566516,0.06252961642657454,0.06275600795532726
2026-02-19,0.062202337863304286,0.06252699748148573,0.06253061169612927,0.06142831192667918,0.06222471782564815,0.062384376192403265,0.06375348151122431,0.0626760344085931,0.06271531907883808,0.06207561833732144,0.06248265480175458,0.06220002000751381,0.06253939503635328,0.06318807977892435,0.06241254136752535,0.06265950268630187
2026-02-20,0.06239863958935435,0.06262870124963058,0.06250954913831887,0.061319330082606927,0.062278934420472165,0.0621410078153508,0.06418476904964665,0.062607960564013,0.06255246955357824,0.06206764030813857,0.06208429572458764,0.062105698885822784,0.06229152956249667,0.06391888541725209,0.06237356719979532,0.06253702143893548
2026-02-23,0.0625,0.0625,0.0625,0.0625,0.0625,0.0625,0.0625,0.0625,0.0625,0.0625,0.0625,0.0625,0.0625,0.0625,0.0625,0.0625
2026-02-24,0.0632855181856716,0.0627582754771564,0.06305793884874904,0.06356964372629355,0.062358371122104565,0.06267845784381557,0.0632413753745207,0.06155901794691488,0.062144381056200036,0.06254420392487095,0.06190064202056923,0.06243991963421414,0.061995780512029086,0.06148997138299155,0.06249257603292699,0.0624839269109717
2026-02-25,0.06314939815919608,0.06278607717296122,0.06294897888181264,0.06241326875707106,0.06217141691898962,0.062195460329792875,0.06296507764304848,0.061855875767221964,0.06237508834417792,0.0626334800363796,0.06198273615011019,0.062461500512820047,0.06203729470395918,0.0630106227923552,0.06250352862348861,0.06251019520661535
2026-02-26,0.06322211977814923,0.06294546785700234,0.06270898541886187,0.06120842679928583,0.062178549059005384,0.06200344666582279,0.06282761253790142,0.062632923061614,0.06256484578932968,0.06238440802371606,0.06206645885867007,0.062262975580847896,0.06192368377687021,0.06402686616613204,0.062492018499812896,0.06255121212697834
2026-02-27,0.06290388612673298,0.06268883310799318,0.06286966136794318,0.061922664475906206,0.06213381247734176,0.06206193782269154,0.06285744861721754,0.06217385240489417,0.06227168428983393,0.06254113278515426,0.061616960703311505,0.062251487558264984,0.06214298555877917,0.06485927469910463,0.06236095213240658,0.062343425872424384
2026-03-02,0.0625,0.0625,0.0625,0.0625,0.0625,0.0625,0.0625,0.0625,0.0625,0.0625,0.0625,0.0625,0.0625,0.0625,0.0625,0.0625
2026-03-03,0.06254233348869133,0.062117258766622156,0.0629132551726466,0.06220836812157603,0.0621212134832847,0.06249180519506844,0.06259854405856119,0.06265735461427926,0.062355662786748915,0.06239155980745727,0.06226744100641362,0.06231822212160457,0.06263547711164402,0.0635970938741976,0.06229557832722362,0.062488832063980676
2026-03-04,0.062204152816621755,0.06094433668240186,0.0631740587218787,0.06401961806336987,0.06180865413143761,0.06309899868238773,0.06216813690725777,0.06176800164819664,0.062462317048263126,0.06286783794356635,0.06170793947787467,0.06251311651701624,0.06318800494898363,0.06269194111153185,0.06244025339788958,0.06294263190132265
2026-03-05,0.06199214575169085,0.06104083965385674,0.06345154558054703,0.06293408567089553,0.06135975796712095,0.062928728304462,0.06254826918210994,0.06219761045738288,0.06232080389348058,0.06246707901959999,0.062119049888779844,0.062282466380042555,0.06283660135453664,0.064494473324697,0.06223433413504484,0.06279220943575266
2026-03-06,0.06200764428206966,0.0607604350365426,0.06372485116435364,0.06379456247218752,0.06112969893146101,0.0630541734536323,0.062876487697078,0.06172911926992904,0.06222972322414655,0.06256467601519898,0.06188627994610421,0.06224572013463227,0.06246488847993013,0.06414726306563498,0.062341555392723215,0.06304292143437593
2026-03-09,0.0625,0.0625,0.0625,0.0625,0.0625,0.0625,0.0625,0.0625,0.0625,0.0625,0.0625,0.0625,0.0625,0.0625,0.0625,0.0625
2026-03-10,0.06227055089325389,0.06230777631203814,0.062028261107119856,0.06132951377946633,0.06271580353511588,0.062479106569267535,0.061877996382966725,0.06367000543593036,0.06282838287613296,0.06218023608933638,0.06252220451161455,0.062497120271823345,0.06229513702997737,0.06381004968154101,0.06244086153971172,0.06274699398470385
2026-03-11,0.06270056734018263,0.06250787248196991,0.06260523462659388,0.06072052330850729,0.06245653215164068,0.0622309099526969,0.06269804022394403,0.06401873049201008,0.06277310838637211,0.0617950659393321,0.06276500023601479,0.06237254393254208,0.06227893737775033,0.06268676642319253,0.06262895379577905,0.06276121333147153
2026-03-12,0.06247034303464009,0.06250991163751107,0.06314211875809117,0.06028550596325034,0.06232068171112311,0.06229627453071152,0.06245117251668279,0.06423539843626251,0.06261792636206187,0.06155455987162488,0.06312866301349553,0.06220849352269104,0.06221210438519047,0.06292499604297742,0.06274850595280372,0.06289334426088238
2026-03-13,0.06247693395903034,0.06298382367968575,0.06410300097914526,0.06215116003993267,0.06219440585515577,0.06260927895460405,0.06336146111149929,0.06342972902739948,0.06202904099745362,0.0617217534079032,0.062465862917196927,0.06181658881571221,0.06215689634896006,0.0612737330715042,0.06270869583483892,0.06251763499997821
2026-03-16,0.0625,0.0625,0.0625,0.0625,0.0625,0.0625,0.0625,0.0625,0.0625,0.0625,0.0625,0.0625,0.0625,0.0625,0.0625,0.0625
2026-03-17,0.06222345222673998,0.06250929893322724,0.06229630840360374,0.06140747662327482,0.06262837248179079,0.06228836976794375,0.06104077383264742,0.06303796022719389,0.0627679144077582,0.06255762053315667,0.06282945410251656,0.06272940686478629,0.06254256644037848,0.06377813310967284,0.06253086626691422,0.0628320257783952
2026-03-18,0.06200016199401921,0.06267335866883413,0.06262272508079618,0.06051490625564514,0.06261836104048636,0.06218971896504451,0.062252657188021664,0.06311975210680887,0.06252790858970671,0.062113916343802776,0.06311037951973056,0.06250714257494736,0.062325319426670266,0.06432016834476241,0.06240790078773577,0.06269562311298821
2026-03-19,0.06189943008726709,0.06279586099826207,0.06314014155781673,0.060667505198059975,0.06255699713088196,0.06247278206197645,0.06329076212778738,0.06326554458729754,0.06228029657480153,0.061704500762526836,0.06310369771835544,0.06213987429014908,0.06203380585642058,0.06352200332407185,0.06267317950885877,0.06245361821546682
2026-03-20,0.06125148884101551,0.06195356515397434,0.06272390846817959,0.060807467382521664,0.06254238492659939,0.06290121872284564,0.06258703633082792,0.06375357398288754,0.06264503686943179,0.06188500092426394,0.06337845353482532,0.06236291750758391,0.062091231253985815,0.06354722939337049,0.06296122178975024,0.06260826491793701
2026-03-23,0.0625,0.0625,0.0625,0.0625,0.0625,0.0625,0.0625,0.0625,0.0625,0.0625,0.0625,0.0625,0.0625,0.0625,0.0625,0.0625
2026-03-24,0.06237307913936297,0.061940674410161,0.061100572595885944,0.06120504062608575,0.06297360895764215,0.06298790105006466,0.05937886869375566,0.06326182049677806,0.06315646929926941,0.06276308049616157,0.06279132543575101,0.0630315357558918,0.06314801082433133,0.06408507853402759,0.06287332190694027,0.06292961177789091
2026-03-25,0.06246833003841602,0.06233097166947282,0.06151221265722123,0.0608170323032131,0.06277059208796708,0.06307811526782982,0.060172577074794,0.06358173331595694,0.06300031359315754,0.06251367698514393,0.0633318122333703,0.06306481940062016,0.06323191006223272,0.062405103489309374,0.06281790878989094,0.0629028910314041
2026-03-26,0.06282028284645384,0.06249215221537439,0.06119209084504983,0.06030247817744735,0.06342759766758466,0.06280109031849124,0.059576131397990575,0.06374281579519792,0.06300702294973817,0.06247205216351773,0.06335391161772154,0.06299387748445828,0.06315411253652248,0.062958738631719,0.06283521438885739,0.06287043096387575
2026-03-27,0.06223305956643155,0.06294502317344393,0.06232288440526458,0.06221788756655884,0.0631860000825964,0.0631182872816007,0.061106694812875686,0.061978413909246424,0.062269807685243365,0.06274435530907842,0.06275178773890097,0.06295164572657444,0.0633073026065052,0.06124022899126541,0.06278392946379376,0.06284269168062044
2026-03-30,0.0625,0.0625,0.0625,0.0625,0.0625,0.0625,0.0625,0.0625,0.0625,0.0625,0.0625,0.0625,0.0625,0.0625,0.0625,0.0625
2026-03-31,0.062312305334163536,0.06271226264660054,0.06297438481046977,0.0637960081464712,0.06296057463406725,0.06248948029626801,0.06354437653648004,0.06118376163343041,0.062236437080090724,0.06289776286859992,0.06135479738596877,0.06261928477547349,0.062462754390557394,0.06143322023187679,0.06248821165951946,0.06253437756996275
2026-04-01,0.06262039530666744,0.06169392648061576,0.06189947732544878,0.061175898350160456,0.06302409722426053,0.061869426025768136,0.06181868752166172,0.06271960444728646,0.06309772841171228,0.06270954286275285,0.0620988992828902,0.06286748219256841,0.06276018656215698,0.0644359973788586,0.06236350818208092,0.06284514244511061
2026-04-02,0.06275676904493764,0.061691689084403374,0.06131427588983459,0.06039618056127884,0.06326396656087241,0.06133664719941087,0.06016255811010003,0.0639620406541258,0.06328529185078166,0.06253549142420083,0.06309344398662055,0.06290874540503633,0.06274498575567447,0.06507633567158715,0.06247452341266148,0.06299705538847414
2026-04-06,0.0625,0.0625,0.0625,0.0625,0.0625,0.0625,0.0625,0.0625,0.0625,0.0625,0.0625,0.0625,0.0625,0.0625,0.0625,0.0625
2026-04-07,0.062334283164578244,0.06255369841467819,0.06261622376610176,0.06228654985405621,0.06238151746597935,0.06225228515095983,0.06273231668038491,0.06275271659810483,0.06256708661568423,0.06232658101410367,0.06272832941012958,0.06256239593895543,0.06253569931572876,0.06250459411671003,0.06235908316205851,0.06250663933178639
2026-04-08,0.062474129861588686,0.06259355444459862,0.0627647086172921,0.062079135953265245,0.06240263331535535,0.062398175840430906,0.06236699468994131,0.0632165506812323,0.062420951449569606,0.062246546592383434,0.06281467964159095,0.06242402687070804,0.06226359317039023,0.06252859512284788,0.06251007017801065,0.06249565357079459
2026-04-09,0.06264690335530299,0.06162259139303328,0.060839818423895006,0.05998446365623703,0.06288712179542787,0.062194487951603615,0.058666788075051844,0.06535939846984358,0.063762346862882,0.06239183030513768,0.06462827695727195,0.06315977590945877,0.06294700494306346,0.06351286108437015,0.06278887144388984,0.06260745937353093
2026-04-10,0.06236173229029555,0.06174315560093665,0.06125754362793947,0.05979045702685105,0.0627119187843414,0.06180773827832389,0.05921015900610775,0.06598914561665202,0.0640940388308573,0.062155856517446595,0.06506456304476062,0.06330327792551227,0.06299254688761008,0.062149378178386734,0.06272466713453388,0.06264382124944462
2026-04-13,0.0625,0.0625,0.0625,0.0625,0.0625,0.0625,0.0625,0.0625,0.0625,0.0625,0.0625,0.0625,0.0625,0.0625,0.0625,0.0625
2026-04-14,0.06226344570044432,0.0622688965311959,0.062683730698454,0.06143606239184389,0.06218023498379106,0.062078128621678844,0.06319009075855998,0.06265856939553699,0.06259753321214333,0.06255227185387613,0.06258218672822899,0.06238892623665846,0.06226191026242953,0.064434656274596,0.06232840094152808,0.06209495540903445
2026-04-15,0.06259846185788559,0.06177143197423661,0.062008501837741786,0.059828971755573425,0.062376178292884235,0.0619349938079055,0.062086441153457544,0.06344975613722646,0.0630105338984311,0.062445914276932746,0.063003074785621,0.06215497185180089,0.06225358896320689,0.0667763438311051,0.06239969972770515,0.06190113584828596
2026-04-16,0.06260400376516417,0.06154934980247433,0.06208662239129345,0.059599692177305395,0.062261189664945475,0.061742809980436804,0.06183947275614383,0.06322559484643173,0.0632071875171282,0.062483247689543164,0.06263652531103342,0.06176678234254072,0.06197626968043399,0.06897471829600761,0.062275230621824273,0.061771303157293386
2026-04-17,0.06249130969552481,0.06170192696638616,0.062372597231958156,0.059572268729694317,0.061708666486256177,0.06174012302216109,0.06234020370566395,0.06324278762199649,0.06301518712925787,0.06260716182466515,0.0631934250499801,0.06157283401174638,0.06192473500294977,0.06866659578124405,0.062242305573122075,0.06160787216739347
2026-04-20,0.0625,0.0625,0.0625,0.0625,0.0625,0.0625,0.0625,0.0625,0.0625,0.0625,0.0625,0.0625,0.0625,0.0625,0.0625,0.0625
2026-04-21,0.062362109380605574,0.06285583192869787,0.06293185957579929,0.06189318327233641,0.062439151898224896,0.0624905682671952,0.0635832077433854,0.062234401122279244,0.06233956993962999,0.06236016253532902,0.06239573982272297,0.06240673292188438,0.06241217126024373,0.06251007572472686,0.062386329044709955,0.062398905562229184
2026-04-22,0.0618286805678813,0.06332138796609817,0.06414077562840864,0.06237084632351276,0.06205313666079751,0.06251827225260231,0.06512726965817621,0.0619155128704504,0.06212831336853019,0.062061899067248176,0.0625737444062431,0.06225580661499636,0.06196152977590733,0.06110880289222006,0.06234041374714987,0.06229360819977763
2026-04-23,0.062007282711483896,0.06319834466177618,0.06397060257074057,0.06134323665428311,0.062202723927787654,0.06213005769683561,0.06522474988468101,0.06263113879753755,0.06235918180607312,0.061778353191193576,0.06263428121044756,0.061755826471720475,0.06170535081202456,0.06233895770831436,0.062336628104295404,0.06238328379080534
2026-04-24,0.06146339069333689,0.06335649120164974,0.0647084826855145,0.061920544658016434,0.06192684655957837,0.06209445709053753,0.06657669389981177,0.06263925583967364,0.06200663673791464,0.061955518778667895,0.0629824581624318,0.06210116930630928,0.06160332777237975,0.06016960411593566,0.06217624853025868,0.06231887396798336
2026-04-27,0.0625,0.0625,0.0625,0.0625,0.0625,0.0625,0.0625,0.0625,0.0625,0.0625,0.0625,0.0625,0.0625,0.0625,0.0625,0.0625
2026-04-28,0.0622368399774287,0.06260174725416306,0.06313332835788288,0.06242735951217391,0.06218890739154243,0.06261702945953762,0.0637031486757275,0.062343544968676196,0.062313697091457544,0.06203871035089656,0.062837967729339,0.06208304139221162,0.062171128919504964,0.06241762727412085,0.06237685559910109,0.06250906604623602
2026-04-29,0.061718176440106055,0.06281665845963126,0.06370589740341781,0.06390272666547903,0.061896873071313925,0.0625759921418331,0.06499882026955696,0.06134561460202048,0.061939053211667226,0.06218830568671348,0.06230270114536575,0.062180458978708116,0.062304941086873816,0.06153095270222876,0.062141494549011383,0.06245133358607277
2026-04-30,0.06121715882040093,0.06340574970064188,0.06448915987572018,0.06402526738543976,0.0612725359144795,0.06219709159659617,0.06718137231813327,0.06145695091699921,0.06167134828838629,0.06203074131695986,0.06317386250602917,0.06194600432960282,0.06193131597585741,0.059749513718419134,0.062022966863936144,0.06222896047239819
2026-05-01,0.06140818154561187,0.061964724516499085,0.06353532542536584,0.06241435358014736,0.06155268099489944,0.06196542633298351,0.06648768991955889,0.06254166859927318,0.06181860327752251,0.062231574598488125,0.0636697463219048,0.062154749645360975,0.06256154008839135,0.061329619815093175,0.06212444199002992,0.062239673348869845
2026-05-04,0.0625,0.0625,0.0625,0.0625,0.0625,0.0625,0.0625,0.0625,0.0625,0.0625,0.0625,0.0625,0.0625,0.0625,0.0625,0.0625
2026-05-05,0.06201653517569592,0.06283465555707249,0.0627636718493872,0.06243623734120782,0.06217922092542403,0.062366380889195494,0.0635983758081693,0.062311362949306434,0.062166981770588395,0.062341362612951264,0.06235677727148834,0.062321749618140534,0.06184308666477005,0.06355090793549165,0.062451685430082206,0.06246100820102891
2026-05-06,0.06183586721430277,0.06273323309005205,0.06268704296376146,0.06144911742453339,0.06237858481674204,0.06247608078484962,0.06267414211536675,0.06361812108595619,0.06240692916162845,0.06222562214471171,0.06437767691132233,0.061953787279738236,0.06200428076651914,0.06202928000482659,0.0626888424468644,0.06246139178882501
2026-05-07,0.06240085543817811,0.06198857920897725,0.06153691984753416,0.05944047205970242,0.06299523591790486,0.06251050349025378,0.0598236721236962,0.06522314514533516,0.06301548343687421,0.06176372676490453,0.06549331193251863,0.0617795372637809,0.06227402550748376,0.06430072506171551,0.06302239556984462,0.06243141123129613
2026-05-08,0.06251139087306662,0.0623880368878824,0.06202834024450503,0.0614406929810376,0.06256634143667711,0.06224428927673675,0.060012097648751477,0.06427607030275766,0.0630394101440418,0.06214943527837333,0.06475500025552394,0.06175466668200829,0.0621149102616675,0.06316584974758867,0.06290636370380484,0.06264710427557722
2026-05-11,0.0625,0.0625,0.0625,0.0625,0.0625,0.0625,0.0625,0.0625,0.0625,0.0625,0.0625,0.0625,0.0625,0.0625,0.0625,0.0625
2026-05-12,0.06258485318453592,0.06285744008932055,0.06293466961845694,0.061412676069998964,0.062167170862712166,0.06213760488905419,0.06332240391234914,0.06319020189175979,0.062230120611815105,0.06223503892450432,0.06307429041990678,0.06206649990420017,0.06227099951166473,0.06290400661214172,0.06239529296548629,0.062216730532093166
2026-05-13,0.06243148714993686,0.06280473297446688,0.06424472792609882,0.06213659846698219,0.06186715472705338,0.062375060253423154,0.06470539728611674,0.06243307626416113,0.0621247860939235,0.062440575183214574,0.062014088404025315,0.06226984517971306,0.062465362306935966,0.06142193049184215,0.062084999820957595,0.062180177471148554
2026-05-14,0.06254866762741206,0.06304708762042249,0.06366747369614549,0.06212420729448196,0.06189823003562741,0.062022540704474764,0.06413918114508572,0.06291759926834846,0.062335492243636596,0.06236107868669251,0.06260840235378591,0.06214260169605958,0.06227189099509169,0.06133508329772471,0.062348022411096306,0.062232440923914174
2026-05-15,0.06238565016194995,0.06319586095262102,0.06304067521655704,0.06192830589802456,0.06186789042179859,0.061930093139689724,0.06406378279508033,0.06320438161541893,0.06265561578008354,0.06284254625403017,0.06261708735151435,0.06211654349969281,0.06243911442916583,0.061204424421072864,0.06235819185105508,0.062149836212245006
2026-05-18,0.0625,0.0625,0.0625,0.0625,0.0625,0.0625,0.0625,0.0625,0.0625,0.0625,0.0625,0.0625,0.0625,0.0625,0.0625,0.0625
2026-05-19,0.06242471668844219,0.06252932594584865,0.0625158661432775,0.06395826163907076,0.06242203439703525,0.06245544100613348,0.06258381654748071,0.06154360010440005,0.0625088475515487,0.06322573741637219,0.06177632597071723,0.06263738942872353,0.062699481158709,0.06204480330780209,0.06223068528113192,0.06244366741330677
2026-05-20,0.062156870567953784,0.06264467145384535,0.06267398824880087,0.06482568620510674,0.061714997843883894,0.06280871333121656,0.06308890975290102,0.06127513070126529,0.062200491501889214,0.06318362443290221,0.06194695183518137,0.06267701149948737,0.0626436313156669,0.061580638706296195,0.06222126519339219,0.06235741741021103
2026-05-21,0.062410129752294825,0.06202925821972062,0.061392086992348605,0.06329183153033596,0.06232367291037153,0.06261149826735304,0.06098503388281322,0.06254409120749553,0.06279519434729706,0.06305756154212817,0.06327642862207593,0.0625916189580666,0.06279005364126888,0.06304999051333311,0.06237250618641926,0.06247904342667775
2026-05-22,0.0624518811738097,0.06198480543932746,0.06086848401134699,0.06258179738651505,0.06233136348164875,0.06258376873777328,0.060125150395243646,0.06303541375639563,0.06290098525803664,0.06310436188216384,0.06400291140730541,0.06243543401894627,0.06295077635545976,0.06365280405770606,0.062431711729690746,0.06255835090863078
2026-05-26,0.0625,0.0625,0.0625,0.0625,0.0625,0.0625,0.0625,0.0625,0.0625,0.0625,0.0625,0.0625,0.0625,0.0625,0.0625,0.0625
2026-05-27,0.062439766577368744,0.062490223571848746,0.0616364528174975,0.06049059849282217,0.06287996727019635,0.06238110794271749,0.060881254612864075,0.06447524454062355,0.06273978196850385,0.06207892501711684,0.06473212785617696,0.06220812035559864,0.062194842874034255,0.06300698289255349,0.06281301941391199,0.06255158379616531
2026-05-28,0.062360118126590126,0.062309547430218694,0.06115524347901251,0.060319677414935644,0.06304923259174648,0.06253880648005161,0.05977108586069893,0.06447238436200542,0.06272089988250273,0.06192864747914575,0.0652314833676566,0.06241484174988004,0.062334995321561816,0.06373768548704667,0.06290267477159062,0.06275267619535632
2026-05-29,0.06264215627747208,0.06217329431075049,0.06083464188261597,0.05921081591781728,0.06298796560195853,0.06254664505618937,0.05937890008755546,0.06453998244313126,0.06270916338763428,0.06191990923593917,0.0651389544412256,0.062129726991975935,0.06226585897089941,0.06603104073907762,0.06279066127913199,0.06270028337662557
2026-06-01,0.0625,0.0625,0.0625,0.0625,0.0625,0.0625,0.0625,0.0625,0.0625,0.0625,0.0625,0.0625,0.0625,0.0625,0.0625,0.0625
2026-06-02,0.0621672854027672,0.06282718820837854,0.06286139771602206,0.06278381007019439,0.06238068059175238,0.062176236203808403,0.06375360584097572,0.06246563989125017,0.06238354434650953,0.06247042172707673,0.06330053700986236,0.061874679098091974,0.06200259415491795,0.06172081263707746,0.06251842484646501,0.062313142254850115
2026-06-03,0.062157959103533986,0.06289378365787456,0.06301697881215612,0.06169661894555102,0.06272279351439562,0.06215842064242907,0.06392125309003323,0.06408157182594167,0.06215635876850562,0.06228487302034654,0.06382108664018413,0.061714782219879666,0.062126514544141205,0.06052763350157163,0.06253312593520895,0.06218624577824703
2026-06-04,0.061962950854274154,0.0630224781561521,0.06323579923026106,0.062233874089689965,0.06253271173639266,0.062145746316923704,0.06437614881542675,0.06487547114253706,0.06222043585513468,0.06196118560841317,0.0636645537346237,0.061910762335400805,0.06189764172714029,0.05930435785560552,0.062419124593010224,0.06223675794901416
2026-06-05,0.062109596657635026,0.06276105008888712,0.06264126048072059,0.06196403156557959,0.06261342974959004,0.06224796554113667,0.06347118467539531,0.06416006813341732,0.06271030242729042,0.062217993097109674,0.062844730853339,0.062245290855076865,0.06254243921283519,0.060752927590340226,0.0623842999853133,0.062333429086333554
2026-06-08,0.0625,0.0625,0.0625,0.0625,0.0625,0.0625,0.0625,0.0625,0.0625,0.0625,0.0625,0.0625,0.0625,0.0625,0.0625,0.0625
2026-06-09,0.062359130636883565,0.06271408141197657,0.06255082405109078,0.060882467885367886,0.06195657395387395,0.062236201072076794,0.06260918050317452,0.06403735970590041,0.06248909237694422,0.062020433011521686,0.06347205449474763,0.06209672559337695,0.06209811917401274,0.0634497475450135,0.06254770030689642,0.06248030827714238
2026-06-10,0.0620218918986354,0.06269753628256143,0.06236507738379692,0.06094003363914719,0.06219875404927301,0.06247023217382146,0.062109001676099077,0.06350461942368853,0.06274024903115637,0.062413917975323474,0.0633935374485192,0.06276806214658079,0.06233106534622904,0.062880689785874,0.0626444541931574,0.0625208775461367
2026-06-11,0.06161148045811321,0.06314422691627242,0.06316728917810917,0.06285720845332723,0.061925061095412993,0.06273652865300577,0.06307365580840103,0.06253930455770357,0.06261832963378801,0.06258117452294204,0.06242816280588747,0.06259681443604656,0.06218851156409465,0.06160833742870873,0.06269962744743313,0.062224287040753924
2026-06-12,0.06147871665041696,0.06248601784615304,0.06205987803274546,0.059876280636456114,0.06243375713704532,0.06225502346954548,0.06137910665714094,0.06487352485540905,0.06313043779867047,0.06232339958322363,0.06416140979167068,0.06263770832518079,0.06236399135660832,0.06313496859124877,0.0629310066536702,0.06247477261481468
2026-06-15,0.0625,0.0625,0.0625,0.0625,0.0625,0.0625,0.0625,0.0625,0.0625,0.0625,0.0625,0.0625,0.0625,0.0625,0.0625,0.0625
2026-06-16,0.06258647515924311,0.06215034519663313,0.06178685221190755,0.060302046323869776,0.06256138751712895,0.062046604307830364,0.061173251500720796,0.06386496849119307,0.0627962040554989,0.06241180411748783,0.06349087487204728,0.062394855014217224,0.062123132749457514,0.0652930045242943,0.06259255903264307,0.06242563492582714
2026-06-17,0.06281846184815458,0.06198600003974822,0.06156064135412428,0.061176293698546616,0.06274068816505304,0.06233628939089026,0.06042763649350924,0.06275699546854911,0.06272653527078348,0.06247472792326746,0.0626787558644081,0.06293811113780245,0.06277359296973695,0.06519840600985977,0.06264496068076415,0.06276190368480226
2026-06-18,0.06274507688047481,0.062399689174994916,0.06194643264183231,0.06161340211109442,0.06269108245767178,0.06244689964101716,0.060329859204800516,0.06352302285856075,0.062104242393272335,0.06197795119646958,0.06230741729532272,0.0626489196960806,0.062380676432482456,0.06505888945115018,0.06286008000149423,0.06296635856328119
2026-06-22,0.0625,0.0625,0.0625,0.0625,0.0625,0.0625,0.0625,0.0625,0.0625,0.0625,0.0625,0.0625,0.0625,0.0625,0.0625,0.0625
2026-06-23,0.0621729174003819,0.06255233257291032,0.06283080695876471,0.0622435194565874,0.06202011966182132,0.06259185284167,0.06194326207958658,0.06370795828813137,0.06245415614266086,0.062498034009054904,0.06379956845626954,0.06243810819072833,0.0626349498424665,0.06110039887318351,0.06255655772374075,0.062455457502041935
2026-06-24,0.06222491619183872,0.0623665094783668,0.06294450602277894,0.06480721055133191,0.06205569002834612,0.06327149585524962,0.06189779278584839,0.06144819840252642,0.062239048015017846,0.0632880573071002,0.0621939163657797,0.06277695880537724,0.06321807252128342,0.06031944881424372,0.06241076227554506,0.06253741657936579
2026-06-25,0.06174646575015937,0.06229272997904562,0.06231974140737458,0.06494925494390806,0.06223589701824179,0.06339689078566044,0.0609719780301391,0.061385283545967076,0.06248366800174748,0.06369129250233901,0.06223688270372505,0.06322989341418363,0.0631922431637333,0.06053695623452818,0.06260315323312585,0.06272766928612136
2026-06-26,0.061540354076802264,0.06210819063485439,0.06240198714979238,0.06389817447778841,0.06212861092379892,0.0631992286014453,0.06107373190200599,0.06306717293630049,0.06215275047911066,0.06335618437265637,0.06439201168021133,0.06288854084782278,0.06273014366545547,0.060058167124278354,0.06257956968668214,0.06242518144099468
2026-06-29,0.0625,0.0625,0.0625,0.0625,0.0625,0.0625,0.0625,0.0625,0.0625,0.0625,0.0625,0.0625,0.0625,0.0625,0.0625,0.0625
2026-06-30,0.062077175938715014,0.06262768955777483,0.06226747647364618,0.06121166990884829,0.06255168609165965,0.06215345637117267,0.06222905767432866,0.06404087722622986,0.06314014411881179,0.06219529943378188,0.06232736498183071,0.06239488141651568,0.06221225499184425,0.06407194528846177,0.06242750498841307,0.06207151553796572
2026-07-01,0.06205214056762689,0.06294814009321546,0.06248134123603346,0.06071576121193614,0.0619889317722471,0.06194770518741486,0.06196151179083922,0.06516205539418199,0.06358575160653357,0.06221689358545458,0.06182710197763465,0.06226652710651578,0.062189993960656,0.06404542139368184,0.062442623316109835,0.062168099799918726
2026-07-02,0.062335148399290025,0.06295844731816558,0.06272140321013772,0.061942618569796146,0.06177965270996719,0.06219165588932683,0.061747073505564916,0.06255645361599334,0.06362092182678913,0.06268879643835343,0.060672473428711314,0.06249043206555336,0.06250645627386357,0.06506356075168117,0.062311851911227324,0.062413054085579095
2026-07-06,0.0625,0.0625,0.0625,0.0625,0.0625,0.0625,0.0625,0.0625,0.0625,0.0625,0.0625,0.0625,0.0625,0.0625,0.0625,0.0625
2026-07-07,0.062486680068604035,0.06282591455511256,0.06244196101772485,0.06168679670157651,0.06242247977945937,0.0617262746633364,0.06308958932776258,0.0631873916381585,0.06218706489635662,0.062169983927546295,0.06250182311057578,0.062213836134565645,0.062169983927546295,0.06397578331234084,0.062392388007935715,0.06252204893139793
2026-07-08,0.06257010319020068,0.0631025718134246,0.06313319411947514,0.06324462783235799,0.06181966879710431,0.06236556398447375,0.06320830864486748,0.061576622755379666,0.06218563418003416,0.06267583680669069,0.06202708536551391,0.06254769898481552,0.062422996295543196,0.062336626287372285,0.06215952662004756,0.06262393432269897
2026-07-09,0.06216450677669891,0.06338446830826662,0.06408974039138562,0.06381866374949176,0.06170744333484475,0.06243436977074143,0.06355916904617327,0.062085957763380724,0.06198575223842562,0.06226421022202119,0.06192882290414664,0.06220812228019938,0.062121480490227865,0.06157989071761582,0.06209089933750213,0.06257650266887817
2026-07-10,0.06233738008296591,0.06308931046012768,0.0637268378264225,0.06220737214578032,0.0617189213543106,0.0624976587027689,0.06283695472646741,0.06312516592313228,0.06222730975424358,0.06202308166680077,0.062894017767272,0.06211961919885008,0.06199300094668719,0.062421747385953685,0.06213889796229289,0.06264272409592407
2026-07-13,0.0625,0.0625,0.0625,0.0625,0.0625,0.0625,0.0625,0.0625,0.0625,0.0625,0.0625,0.0625,0.0625,0.0625,0.0625,0.0625
2026-07-14,0.061992929437768934,0.0629243082094286,0.0638516041926211,0.06377530434064256,0.061979401628315646,0.062367649892707246,0.06423005451581154,0.06115080572088826,0.06224246133477163,0.06257689888367901,0.06202955499381957,0.06253851755911242,0.06270005003751909,0.060975927631040976,0.06224595641452041,0.062418575207353034
2026-07-15,0.06230773286016632,0.06279367436735031,0.0639236738216461,0.0625627661326559,0.06219270259568346,0.06243350720650991,0.06478154956988014,0.061958859537648306,0.06222061693797228,0.061787086609395414,0.062325990162508366,0.06215061055040459,0.06214703415316369,0.06178501538732707,0.06224538268774386,0.06238379741994421
2026-07-16,0.06244810188942204,0.06295629754373858,0.06419580178361525,0.062247503812840305,0.0624482105819745,0.06255321792136309,0.06484296321593154,0.06080076009367372,0.0626016402406447,0.06150144027187707,0.061250817592580636,0.06241598214839992,0.0625972473919848,0.062067374553194006,0.062380911416870015,0.06269172954188976
2026-07-17,0.06229019696376532,0.06292722264361959,0.06468509316933913,0.06411338631117808,0.06218597893727399,0.06262701279197275,0.06429207735430953,0.05918291471811514,0.06304132279854079,0.062359721089711904,0.061010132267961016,0.06300747467645716,0.06308842452158235,0.05996798367710716,0.062332414376221945,0.0628886437028441
2026-07-20,0.0625,0.0625,0.0625,0.0625,0.0625,0.0625,0.0625,0.0625,0.0625,0.0625,0.0625,0.0625,0.0625,0.0625,0.0625,0.0625
2026-07-21,0.062419136472667974,0.06265110570794548,0.06308086225801335,0.06250936174529982,0.062223629707594326,0.06235556590567052,0.06303949488274649,0.06262317317221665,0.06224253634531934,0.06244465324745768,0.06238391225008449,0.06233250062427575,0.062334072096994916,0.06230155135872387,0.06250936174529982,0.06254908247968949
2026-07-22,0.06233116860883409,0.06278665630998614,0.06285600102811895,0.060504799302641,0.06200052582767866,0.06186763025936171,0.0632308586173811,0.06442270402978416,0.06195840554298227,0.06185252305519593,0.06375726445134312,0.06196115557601472,0.062004686156804475,0.06393777130678072,0.06231466370638098,0.06221318622071204
2026-07-23,0.06263775317577892,0.06294947130542511,0.06292117674215023,0.06073090248766157,0.062082107280817464,0.0618051226215637,0.06370999150207628,0.06439653942896703,0.061756070271031735,0.0616823682239416,0.06391409683771666,0.06201614392233571,0.06229391828028143,0.06258994667189048,0.06228529633711255,0.06222909491124962
2026-07-24,0.062170443903136335,0.0632199966475043,0.06384618481072879,0.06125879949175047,0.061643823035422846,0.06197527353921261,0.06549451680347712,0.0644145695078151,0.061443334945087455,0.06166090757523298,0.06402093209286651,0.061832801404205315,0.062135691364007754,0.06084620670968177,0.06213034120354159,0.061906176966329135
2026-07-27,0.0625,0.0625,0.0625,0.0625,0.0625,0.0625,0.0625,0.0625,0.0625,0.0625,0.0625,0.0625,0.0625,0.0625,0.0625,0.0625
2026-07-28,0.06263169470656661,0.06240149461097532,0.06208834502161427,0.06268087328161163,0.06273834571430975,0.0625095698747081,0.059716239587654214,0.061850277984130016,0.06281096968863852,0.06306879393892463,0.0629127388047262,0.06300090332529391,0.06280174560666302,0.06323888859644607,0.06280281997579872,0.06274629928193903
2026-07-29,0.062400011220447395,0.06202178251832247,0.06193472231190892,0.06379164510633241,0.06287042157178696,0.06274393675867453,0.05903010740047023,0.05987897894883082,0.06323872289819814,0.06380332869990697,0.062428966374179024,0.0635124524817919,0.06342003124585582,0.0632499729730989,0.06274364600563975,0.06293127348455577
2026-07-30,0.06261278888387209,0.062336189105833884,0.06295044506708607,0.06579347313155598,0.0626483001711984,0.06270293474396244,0.06133276474743424,0.05830515810547549,0.06285800904940284,0.06401075581715472,0.06100208563089502,0.06323287753945306,0.0629508477029492,0.061949753525120076,0.06267867578491446,0.06263494099369207
2026-07-31,0.06259644346811796,0.061500710477316395,0.061833808139330426,0.06320308513628972,0.06271492956572271,0.06241485095989327,0.06050301004637164,0.06107958243983642,0.0632469849363842,0.06321240642056367,0.062215823826663075,0.06312261852192887,0.06320128307902212,0.0635174059452927,0.06265480881377541,0.06298224822349148
2026-08-03,0.0625,0.0625,0.0625,0.0625,0.0625,0.0625,0.0625,0.0625,0.0625,0.0625,0.0625,0.0625,0.0625,0.0625,0.0625,0.0625
2026-08-04,0.06263286121135722,0.061866920808974185,0.06117421015839774,0.06148401740366363,0.06262807588858983,0.06255527695089329,0.06035863960102987,0.06290919782420935,0.06314177769236841,0.06266949396991747,0.06303099626218213,0.06276677503144426,0.06271904940338584,0.0644689706083273,0.0627815469733818,0.06281219021187762
2026-08-05,0.06307842910170004,0.061464567771796805,0.05989694620521175,0.05985260284294403,0.0628974585068708,0.062162590825207066,0.058069136871947494,0.0647693922707361,0.06348095251013401,0.06304444290716547,0.06414769154817668,0.062236653844626684,0.0630609590155782,0.06672345135667102,0.06268038360116526,0.06243434082006846
2026-08-06,0.06352362342905911,0.061483161651064926,0.05995892805662417,0.060053406602531376,0.06319821407723822,0.06211027458221812,0.05822749941684022,0.06407132035594659,0.06347947181065765,0.06303665259555946,0.06393237345954061,0.06240883116793894,0.06329719967488893,0.06621774155751624,0.06254161521053374,0.06245968635184164
2026-08-07,0.0630613235224649,0.061829044529992085,0.06031339304463702,0.06138555643903839,0.06281609716046442,0.062059784185495175,0.05933026184146181,0.06355866612417163,0.06338085064562989,0.06309514588134958,0.0634248020826184,0.06235972425757079,0.06310682185930591,0.06568342385153073,0.06225146132137249,0.06234364325289673
2026-08-10,0.0625,0.0625,0.0625,0.0625,0.0625,0.0625,0.0625,0.0625,0.0625,0.0625,0.0625,0.0625,0.0625,0.0625,0.0625,0.0625
2026-08-11,0.06233835788393052,0.06286898578881882,0.06338464081545432,0.06291950579898223,0.06203032661102749,0.06211998928006859,0.06477405335790189,0.061684699376465264,0.06209989122795974,0.06221571258663807,0.06204215436813967,0.06215082853791607,0.062293089238884485,0.06287559969955406,0.0620861356507485,0.0621160297775103
2026-08-12,0.06239570491404776,0.0628991916931837,0.06346089081221536,0.06204404335319711,0.061928689850244606,0.062045353224766016,0.06524055251073488,0.06189940094950705,0.061947561169415306,0.06216402386235556,0.06214012698985376,0.06232260843444452,0.062238443061827194,0.06301081025922617,0.06213016468144015,0.06213243423354093
2026-08-13,0.06214897691154562,0.06286633189201232,0.06337944400164403,0.06191813355989536,0.06200525428888719,0.06178190008297936,0.06492725993388987,0.06294827090162647,0.0618004407726045,0.06195845495242463,0.06268952491268165,0.06214558365086241,0.06214978630453237,0.06337725520605723,0.0619679314135913,0.061935451214765735
2026-08-14,0.06204249339685223,0.06251526685334355,0.06302802065698641,0.061167104048272566,0.06179231629662025,0.06185463910109969,0.06429029575380153,0.0630760606612299,0.06214440360102776,0.06219699432826752,0.06337684707846004,0.0621013626312835,0.06230274034974986,0.06419292234340343,0.06209201785569711,0.06182651504390472
