Date,Factor_1,Factor_2,Factor_3,Factor_4,Factor_5,Factor_6,Factor_7,Factor_8
2022-03-23,-3.9886267049434188,2.6502297921624063,-1.3541267902493552,1.7973210068803753,0.5538460157038875,0.6338932197762162,0.539604134069105,-1.1699395181169405
2022-03-24,2.9006597789987247,-0.3261099579779241,0.3806332343129217,0.03552772642629162,-1.023025476758564,-1.0381136264077588,0.41085626628141525,1.2939318625313316
2022-03-25,1.6170046332391201,-3.8247886789405054,0.2974264789874495,-0.6030573961619166,-0.8448580387790054,2.534127557696431,0.9999350409147214,-0.09944245987208478
2022-03-28,0.4957802728774622,1.0087457783063039,3.5280857423519603,-1.6420898752109687,0.8427045582516342,-1.2006642433620303,0.7763746960076309,1.1838312556247446
2022-03-29,3.5888680061421208,4.09392873277459,0.36620022552096776,-2.0604432043747387,0.7256093312220427,0.011331952932813107,-0.92927261974523,1.770357597452454
2022-03-30,-2.1691405943242565,1.6475412849141884,-1.8699006794928366,-0.2655458829009723,0.2564268973319356,0.1219347027227561,0.055934622176941604,-0.8833080761292468
2022-03-31,-3.4196103223172325,-1.4450105165288123,0.5620223351583454,0.3608500547456389,-0.41771907377954764,-0.678000560247521,-0.06087620652630368,0.6134482200638078
2022-04-01,2.0749796746243927,-0.5254488977170062,1.160346203390929,-0.9523642891581979,0.4021087322681494,2.123201209917343,1.0103587530582812,0.32056045277107736
2022-04-04,1.9564271732660976,0.9833085327492643,-0.3256295876051989,1.713148579975218,0.9404459972718492,-1.6846015889625683,-0.39174853947960897,0.48694150292832683
2022-04-05,-1.879006421193221,-6.542509823133301,0.2303982968551685,0.20194237380956598,-1.7124835109277974,1.6220899400439892,-0.27055299141449446,-0.6328070884617625
2022-04-06,-2.1095529040710272,-1.692934209448981,0.10488668566323363,-0.3310678637010625,-1.8083724701863675,1.2706771338516984,-1.7417020185994518,0.4435295406918637
2022-04-07,0.19520042727511766,-0.8322404131133424,-0.5518303092802633,0.8819403847212965,-0.5211479122422153,-1.265530212829393,-0.5944934223868915,-0.20223916357362806
2022-04-08,0.108602594878618,-1.8478314815867936,-1.050308893365105,0.25082175013092745,-0.8587447844461351,1.584197667378874,0.40632786933657467,-0.7890083120200052
2022-04-11,-2.5007615670209455,-2.9385266166665684,-0.8347170293459026,0.4354962846751454,-1.390327872753692,-0.0138346416643422,-1.2262226545299761,-0.0075679245240415655
2022-04-12,-0.7554562191990585,1.8339601849761786,-1.0173374788202876,2.0000329022305143,0.9815068682009713,-1.0635751752640576,-2.7500219408064788,1.1461231644227179
2022-04-13,2.7485843265523267,2.5203646320516544,-0.7941659971940876,-0.18268136230544751,0.5241133196090518,-0.48201063170073605,-0.25614433928123137,0.1810740709155971
2022-04-14,-0.9398078636218469,-4.354449163472573,-0.3271108870408778,0.5484832627769852,-0.1633428299939988,1.5172836044359372,-0.10623850117849913,-0.36274341371890034
2022-04-18,-0.18594549104174002,-1.2855330736830326,-0.2145375664394256,1.3653624306822594,-0.3774163945109454,0.009389095471141593,-0.3763946736277098,-0.3300243296816324
2022-04-19,3.343844507321131,-2.096422060189859,2.9621798547749223,-1.1747787702431314,-0.9930589772623403,0.9334537054928866,0.6542101989405796,0.19872602223647848
2022-04-20,-0.8083785478947008,4.488463337559395,-0.28132010556763176,-1.7838738598952302,0.7900370733977959,0.8289852807313808,0.1162294131968324,0.7216492803416785
2022-04-21,-2.7048691959806286,-3.2454022862097434,-0.14130158308204357,0.17208402624903624,0.025864147903292018,1.2920108200550382,0.508340471699987,-0.5724849296626883
2022-04-22,-4.7324975944157925,-2.579676264739567,0.7927940798238623,-0.14529775681385645,0.28859538453255107,-0.5856019911352552,-0.46911477365012466,-0.08911364755944338
2022-04-25,-0.1766569352865687,2.63082412504015,2.4584306495075277,0.2981520900902226,2.3045338070364165,-2.556731200241109,-1.1474859234442891,0.7649471614179886
2022-04-26,-6.459162809678663,-0.10080545401060084,-0.4600799666324929,1.7695838973482318,0.6927010041020338,0.09040607421987654,-1.5578729036306134,-0.1606324839183089
2022-04-27,0.9540154701231579,-2.26627669892582,0.5912848606789752,1.0336481793829766,-0.6386149889744192,0.04180543434148144,-0.34980673986373023,-1.925539253399229
2022-04-28,4.216153785767573,2.222962671361024,1.4375299395000785,1.619750891906392,-0.07975424147650767,0.16918321816467055,1.1761269192804367,0.12853085653526342
2022-04-29,-4.414455415279996,-5.241653781428614,-2.7582072930096,-1.6589662730568302,-0.5066512580578897,-0.3879233935210515,1.1058812019641917,-1.5591631732865194
2022-05-02,1.863685938974151,-3.6249078508670536,0.42914285542649017,0.921449618980787,1.0107482239395682,-2.151241606391318,-1.1708057374386232,-0.6967084426186914
2022-05-03,0.8896167286600797,2.317303241176782,0.5845684415340191,-1.2117122172730561,0.2489720601538716,-0.04396904629591971,0.697958660986288,0.9913483837136889
2022-05-04,3.9989216287601996,6.009658855708577,-1.4261140281229179,0.2744743376037967,0.6321983290972399,-1.5159717448217573,-1.170364367474931,-0.31108272425456435
2022-05-05,-5.5603959403432475,-7.733436675403713,-0.5907275518503179,0.8669897471285979,-0.771523077354382,1.0082884543875568,-0.41556589219034407,0.41692351906716474
2022-05-06,-1.2322962746267836,-2.5917931141146475,-0.7474713241034371,0.45083541891495393,-0.5719823123322955,-0.29329612067530414,-0.4782486468003051,0.024675642745746962
2022-05-09,-7.488432382843522,-0.7278712844610941,0.817925234041024,-1.2864261475000325,0.09733768963650928,-3.368581253549456,-1.086199365154751,-0.5560257376588859
2022-05-10,0.4137442001607679,0.7755284531788356,0.7725851357732377,-0.4302674771570921,1.5491735089403103,-1.9858814836096017,1.1429240786742723,0.08831877133012038
2022-05-11,-3.507775821382745,2.3654126983047683,-0.9183877858811625,0.8742384202892813,0.7767031357260495,1.8221837367512042,0.809224459202294,-1.0625996422828476
2022-05-12,-0.25492311223202113,0.3014630892283312,2.2642834449470377,1.0970598404826422,0.36438352674569924,-0.15829265373077986,-2.2681499307308672,-0.2725681010302952
2022-05-13,5.450301968501123,0.9556133768871167,0.5671289763221642,-0.48993625560469956,-1.1022199251863765,1.1007860491773667,-0.7993072348120411,-2.466236399482013
2022-05-16,-0.7181402210901241,1.269393823352296,-1.7322160001554998,-0.13523831575512593,0.05739908030195333,-0.10767927347094873,-0.15905514974007587,0.06797208786014197
2022-05-17,4.778839086990979,-0.8795294450608361,0.15778647439675922,-2.4754220765884223,-1.425138281670691,0.6001562116730726,0.9524753689626345,-1.2044257095456814
2022-05-18,-7.516541398989264,0.26450493960687826,0.3103516259321831,0.267140022118727,0.5637354001676338,-0.3950048540549236,0.6705116067399398,-0.11094483551206753
2022-05-19,0.3524578218679171,2.292908207146006,-2.8923445793907057,-1.493237081594489,-0.09447948448393731,-0.9600228065703498,-0.8778670488039441,0.7631481162264686
2022-05-20,-0.3011132776751823,2.0339801884130244,0.6899259628131262,0.07240253824482987,-0.03453309123768779,0.07062581514139883,-0.005320986440706056,-0.17681385025540342
2022-05-23,4.023167070926987,-0.02734765772816722,-1.4466390570739214,-1.5656804688137653,-0.5237689521205839,-0.16578636132272506,-0.18516264073491545,0.4979905508424347
2022-05-24,-2.3600921604673006,4.222057229680399,-0.3361539684440094,-0.6349937326300881,1.2498733373203519,-0.6674103850943635,-0.8101773362442383,2.0475844687122353
2022-05-25,1.7297900153369545,2.4862194321121116,1.1535569499488743,0.4845129723116184,2.25182842150016,-1.2847946868557576,-0.8748074819796878,1.8181765399804652
2022-05-26,3.7260124725591983,1.7285730239063324,-0.3938552037269618,-0.08895371808605307,1.1074449696096558,-1.4480195341928868,-0.42665485661953767,0.08746975673453643
2022-05-27,3.7718794440123937,2.9910516774242235,0.6823295099742946,-0.06159711789370404,0.24043901678381635,0.311800018805562,-0.27703014965656764,0.34664938829319003
2022-05-31,0.21697136986943621,-3.9858425422573154,0.22428243634533546,-0.47445344931620037,-0.8304910302495312,0.10521819317421632,0.29421483568398754,-1.3697768245265451
2022-06-01,-0.7280774168324167,-2.502466838505162,0.08302879150947744,1.4503429296466277,-0.16482037937535143,0.7331663686560823,1.3966834174581386,0.799467762747674
2022-06-02,3.5006825526295082,2.9741868968356813,-1.6596545427712917,-0.3795989098220511,-0.6769720322525785,0.4275058924270316,0.23252330242117789,-0.8134261269597101
2022-06-03,-2.832786940853292,-1.5161999291343449,0.34447051968330666,0.840994557241289,0.8452571442071233,0.7604436085951696,-0.41738386408962486,-1.284398121795704
2022-06-06,1.36274510479411,-2.9114003670081026,0.0849814383752621,0.09291505760011963,-0.9594371204274939,0.5413582620563067,0.17410585531651607,-0.9838394024200476
2022-06-07,0.9418742619666505,2.721934764242539,0.2906631188690147,0.13495849174570074,-0.0927667587505798,0.4928854651318884,0.44717658320514747,0.419947449668976
2022-06-08,-1.4654745215722156,-2.5044873122934743,-0.6685070246239629,0.9183050953398689,-0.36627752219809756,-0.09396912238019045,0.46042306217340345,-1.4478334651365699
2022-06-09,-4.14482869943261,-2.453779374515198,0.19093842484357018,1.2115956150580591,0.4923726996790833,0.21554737795591733,0.37260401948817967,-0.22070536358205595
2022-06-10,-3.7438750117523005,-5.331440421656477,-0.6489241461438993,0.965191856902808,-1.2944458848891813,2.027074265543952,3.298503206412828,0.5644737217333786
2022-06-13,-4.733894610010407,-11.283449268097309,0.645163163758839,-0.12212040903610585,-0.3909597160324897,1.2783708620156906,1.4636838418142526,-1.994367273008832
2022-06-14,1.2239930255170037,-3.0108408649212937,0.43503618619241186,-0.9552731587781967,0.4331346720871482,-0.816828679511736,0.1898851790430657,1.3383107462181185
2022-06-15,1.459799186096012,7.7423855857636035,-0.4389994551152031,-0.6734406198381612,0.3790168496394299,-1.5584054613858755,-1.2454895655657854,0.9342206075985334
2022-06-16,-5.936443522562723,-0.13003348607095888,-2.8053238181181097,-1.232083106036703,-0.41027618129886734,-0.04657007397067367,-0.0550861878858954,0.04320629262734197
2022-06-17,0.11872757552991994,0.2879403410345558,3.1797366194810257,0.315873788125712,-0.5011798391948585,-0.9455354599847288,0.2318300389398409,0.6917336558770407
2022-06-21,4.192653671414474,-0.48160404208951624,0.3249446510659788,-0.7682863647786536,-1.6085308560652751,-0.05569788042692995,-0.5240165866111987,-1.1633767760642426
2022-06-22,-2.454838293331694,4.234768695433414,1.1766125695168212,-0.35064993035560627,-0.6445684189329888,-0.5273068478492379,-0.7243746663347611,0.5433648972849885
2022-06-23,0.7179672937007449,2.6972963464792694,2.1503398991284355,-0.6758965232708577,0.020505653522190043,-0.686277696939628,-0.3682805079298157,0.7538344496041652
2022-06-24,5.539772489238865,1.5777047128851793,0.31184248755491545,-0.27862165194675287,-0.3724949505941126,-0.14640795321701597,-0.15381558567993603,-0.6029325284470648
2022-06-27,0.306947636515163,-2.1219081925253205,-0.3434803089879329,-0.6793694805624099,-1.0111409964088676,0.6168724399144148,-0.10507097645323057,-0.2805071148988023
2022-06-28,-2.8390927195562723,-0.981753912547532,-0.049825547090706836,0.7342916247671673,0.2658320699236181,0.8898454354147723,0.09624035803785302,-0.661830864565446
2022-06-29,-1.5235403414536903,1.816400498257356,1.5664953501973484,0.4213021156656103,-0.11762845520852783,-1.366598029147585,0.41289034420756393,0.30228860261249174
2022-06-30,-2.1273928645772586,1.5942167280967294,0.9479095610576718,-1.695037666531744,-0.5475625358556911,-1.3450452579113252,-1.0166992281022182,0.12817222072107753
2022-07-01,0.01617967569473442,5.049219594790199,1.2688939130058445,1.1454530134490457,1.0945110512790595,-0.6002281304407275,-1.4510374061297888,0.2519302434073564
2022-07-05,-1.3617876324738316,-0.6685144351734806,5.157979812716002,0.260148684975111,-0.7118231853903125,-2.0337478168031895,0.23776086341035652,0.3438327713737077
2022-07-06,1.208287487308091,-3.478161334248591,1.4322512144994322,-0.7753797611941096,0.3089705571520323,0.003365383564055939,0.8134019987036629,0.17101000410288186
2022-07-07,4.262215811444263,0.4646253115054664,-1.219084737566626,0.8537936732098279,1.7816282292012677,-0.1538127328042653,-0.3511948021086918,0.3797597106753974
2022-07-08,0.8601381796282156,-1.1667812673696676,-1.0664156423232807,0.13310042065377123,0.6642083384826349,0.2913792500473733,0.25095204509141544,0.09268791889046762
2022-07-11,-3.4818403099004813,0.5827766868673956,1.8429350535362183,1.4332195472585147,0.874308604233451,0.40203240531252826,0.18614065289060663,0.4948483967164313
2022-07-12,-1.2449229969306634,0.5392190491147721,1.0669414350020934,-1.6173321084204086,-0.3470048035359632,-1.5312766981037091,-0.023987394664612846,1.0318518935998562
2022-07-13,-1.004482321892573,1.7205119893983523,-0.5266838136090382,-0.20294702803003012,0.7531890561934809,0.41164966786310103,1.58097460600967,-0.029409264712633956
2022-07-14,-0.5857286448821221,-2.320317190796755,1.31179633503334,0.5614140535787657,0.3379170625578778,-0.6182371477677003,-0.5806806365505656,-0.3244355671072355
2022-07-15,2.9856152830561307,3.5270953730160084,-0.07668364225781461,-0.7652473043448895,1.1888431851786214,-0.3255036121049635,-0.36544496927336545,0.33617348343330883
2022-07-18,-0.0270387676931995,-1.2089496603815513,-1.7390218046082113,-0.5453458490321077,-0.7710614932861419,1.033846245121758,-0.17463477639716954,-1.797472856723047
2022-07-19,5.453614428055907,1.7485820013918043,-0.09724825465220417,-1.2711087448706275,0.035378229718764934,0.14654736891954687,0.40912405469500207,0.9265250032403902
2022-07-20,0.7777330203518129,-0.04714747958073731,1.0349476532386452,0.3942398573781476,0.6193659515836462,-0.6346178845688404,-0.30074935992417984,-0.07870124459592981
2022-07-21,0.3440011076802769,5.2664733361260625,-0.051450928138854296,-0.24550926080504035,-0.35488359285498444,-1.8662139978106997,-0.016601450364671925,1.1843060231664413
2022-07-22,-2.8961569814455177,3.389235878427984,0.306410685603457,-0.43302433125850043,-0.07532076787574479,-0.2781962795090759,-0.7297051113742422,0.010429028157864978
2022-07-25,1.3151601635751822,-1.227365196629347,-0.8229728332614638,-0.20060092550323144,0.023990970569626482,0.8659110393204351,-0.49137601308063733,-0.6954304940030356
2022-07-26,-1.9632421608126256,-0.8164562324925707,0.7889510473599928,1.0628472083152685,-0.040977353301634906,1.086226819104781,-0.02047396811143144,0.13752067799529963
2022-07-27,3.9717319982207044,3.6582491560070274,-1.6869142573815537,0.09288340526116075,0.017887605247567263,-1.2458665018045425,-0.24891250459884712,-0.546731569187081
2022-07-28,0.9817260709580036,4.74169620919115,0.3965873740537936,0.42537916714481894,-0.4695512870451927,0.41877692320846577,-0.9372285615910593,1.2069883013458687
2022-07-29,1.7942810166249479,1.3073511152487898,-0.45834831978284873,-0.31518175300878826,0.1275012544183134,-0.3160726654526095,0.5088421245014891,-0.057011534008231154
2022-08-01,-1.3392950188675556,1.5709639591924045,-0.05098252657392323,-1.0203044152909126,-0.3063799006537027,-0.7679388183671472,1.4271073320544565,0.43117698007461036
2022-08-02,0.25071399754994067,-5.522253614242279,0.20887888293807283,0.3419705251000121,-0.17369158261904158,0.467950861019244,0.7555896616625534,0.6365419850836481
2022-08-03,1.5221722191656675,3.0425275694194114,1.1581328338581254,0.5731031153741043,0.5331217922602416,-1.250595238317689,1.161920699656438,0.4460422396524645
2022-08-04,-0.1047360924990938,1.7097796919451929,-1.5484939540047233,-0.6810717049963727,-1.3235103961995895,-1.0122017054342733,0.017989091691691512,0.7210695267407564
2022-08-05,1.5282558814714726,-5.329409420477158,1.1716499718723314,0.22093743125905738,-0.2462252978306693,1.5515346310339286,0.49602460544130006,0.21722369932549182
2022-08-08,-0.42779825939336164,2.7566872605702937,-0.4249673007540397,0.4396232473912396,-0.11886909611480063,0.802213422795381,-0.028217689545146817,-0.20791392801477787
2022-08-09,-0.6207331600065402,-1.1973634079622975,-0.631717469525183,-0.22798870925977632,-0.5911195932900034,1.399884283236904,0.22038495192863414,-0.11513825010330028
2022-08-10,4.143762793774925,2.7245898722744464,-0.8269948603486932,-1.6273886321221394,0.9859923047223772,-0.9329434458329604,-0.9538958696731012,0.5437923417189224
2022-08-11,0.9527798282072921,-2.365049390029578,-0.8760177168393601,0.5306936388542636,-0.5286601594154208,0.7097145484631451,-1.134024087857759,-1.0731661103389634
2022-08-12,1.9563139186912455,3.1996971846381004,1.054898464411407,0.762825910090012,-0.03704516806608478,-0.29394804851838696,0.8528886682416343,1.2707216611494014
2022-08-15,-0.2986173673843253,-0.09904340754350283,2.3795824858803067,0.7964653974190278,-0.1031246628612878,-0.5378976524539176,-0.904865280394933,-0.49405941082044474
2022-08-16,-0.05574329416305711,-0.4968511337113279,0.38231609227377183,-0.4603527651039246,-0.6004702409899231,0.10700129161014346,0.7906274230435822,-0.6278009274972787
2022-08-17,-0.9750655395592382,-2.881972546745926,-0.22266091986333486,-0.045989220042230036,-0.5038139857092728,0.7987545720756348,-0.2842106067310335,-1.1316291604305704
2022-08-18,-0.43333999784758054,0.8953800513323826,0.4801992021575963,1.9740766355453698,0.8386631034697681,-0.6291504360673403,-0.8521432910040023,-0.4514428660784829
2022-08-19,-1.9124067315363384,-3.8662861920015805,0.07229802329905873,0.6299155898517385,-0.28640013428552863,0.5290278946135455,-0.6713010356476756,-0.5868306417651529
2022-08-22,-3.1274548250850964,-3.230896310273689,-0.05928153804236796,1.0941236784190085,0.519926286916351,0.6898307704356398,0.2792304972696148,-0.9648797841509182
2022-08-23,0.11877874522244004,0.31435095517391465,-1.9695719083157581,0.17693806676133084,0.35623018662327016,-0.61319118202763,-0.1864062280153145,-0.15873704772156666
2022-08-24,1.0969703054239368,-0.5500712363678186,-0.41200668971080195,0.2845462208715047,0.003478601530698365,0.7419492439496245,0.18844184068099037,0.34949730905283904
2022-08-25,1.879961961370846,3.725654034343797,0.9883482572919529,-0.753722464139968,-0.23549077919387457,-0.636827322867638,0.5889196066609431,0.2834837468361897
2022-08-26,-5.587970756934031,-2.843113636857219,-0.12348853956747992,0.08489975716093419,0.5211053454318877,0.8879089920821479,-0.4226451267995746,-1.6652626147563694
2022-08-29,-0.37467705103792154,-2.1555843233787195,-1.1763377688799332,0.19694845281348086,0.0953467832632265,0.4208784798420435,-0.15718801432284749,-0.10663088615577605
2022-08-30,-2.357618321780624,-0.9204274290468384,0.8063761313928653,-1.27722819330639,-0.07244711637618678,-0.8482501672673588,0.6416355372295991,-0.18171662326822458
2022-08-31,-0.4809633983266443,-2.5825054963827894,0.3826199673954691,-1.1864523360867991,-1.3417061164648307,-0.3390464486757009,-0.8642241507592798,-0.454685954993783
2022-09-01,0.4173720959129548,-2.8892742020200712,1.6587088759055189,0.2845291621768046,-0.01825948740741902,-0.8226572369033264,-0.5983632097764255,1.6038272767848578
2022-09-02,-2.4106244852236127,1.457601355592514,-1.2660319887456117,0.9478132455868741,-0.010042575561677805,-0.8293313267698307,-0.8181004267984799,-0.05643326038822715
2022-09-06,0.6850662234279103,-4.3878181218792225,0.5052133736186198,-0.23188997937736772,-0.4768757641783035,1.0713294539730038,-0.4661537818469465,1.2138513476227188
2022-09-07,1.9960929574827075,4.844560001710801,0.38058839153292245,-1.369348798265205,-0.38524507028319943,-1.272126383834305,0.3474024581146424,1.8372532639602783
2022-09-08,1.5760140034203265,-1.2453528664411215,0.3599526623517806,-0.11039322885523004,0.7252015066118803,-0.045092698576457986,-0.06729723091592486,0.8223842766177194
2022-09-09,3.5762783065089225,1.9452503734085145,-1.3525742324937002,-0.5193927008521663,0.16776056189968383,0.8335659681962941,0.8234188026647652,-0.8605039320348767
2022-09-12,2.6556578796960926,0.5814782879180328,-1.1165308306472224,-0.5288978511511496,-0.6205160027524779,0.37914857178648365,-0.24986807098673217,-0.27685467479457077
2022-09-13,-6.896126938509436,-5.594433616188169,0.7283584483896554,1.0276549842615035,1.1999950738145022,1.3444388915991343,1.5995735792806407,-0.7135573331288434
2022-09-14,0.466310393796603,0.8226511782747753,-0.20072430622455828,-0.298069302406386,0.9522236712481627,-0.6005902496180751,1.026247178218665,-0.7536539013997717
2022-09-15,-1.7095042000195522,-2.4922276155964784,1.2943715364625934,-1.5593247683441953,0.32230140740017904,-0.9015601173440851,0.14970118508663868,-0.614244421304261
2022-09-16,-0.884330014485481,-0.478407904069164,-0.733441424054426,-0.15954354793791628,-0.12259705383950578,-0.4711538086322218,-0.6691356185256995,1.6035571652214202
2022-09-19,1.5249274492011842,-0.0020537571324301673,-0.16759098743845674,-0.25436177955056494,0.39637496657000537,-0.23229712994710267,0.8612945963983885,0.5891179125083599
2022-09-20,-1.7956159908070994,-2.962229794322039,-0.1613599545554089,0.9057924127680027,-0.3515361333721899,-0.4231054532031658,-0.13046389905843164,-1.2774496410237148
2022-09-21,-3.482762231249277,0.16562887557516848,0.5568581353804547,1.3029689319495594,0.8329878217256452,-0.08267040582995619,1.522107696351655,1.0077088998725738
2022-09-22,0.3282179610648674,-4.9885834188942795,-1.3368253459325161,-0.329808540473175,-0.501088061095292,0.15984930876971581,-0.06092008411890198,0.49927552121377167
2022-09-23,-4.118638067620254,-2.937725085758068,3.2426987129464675,0.794549885712832,0.10021350624766093,-0.18921972513318586,0.5180446057969001,0.13574858225401804
2022-09-26,-0.6827963241551345,-6.639615602204145,0.955083220088488,0.4499433271480034,-0.90144126847604,-0.9661213220520913,0.3796699150050352,0.007113344201695542
2022-09-27,0.6428952944104782,-2.495986808039173,-1.428435170478521,0.6984821398959723,-0.7999183823260907,-0.42730989018501503,-1.305858961983244,-0.33035142114138316
2022-09-28,1.841016575102815,9.600292839176939,-1.7124436082576502,0.11783164607593223,0.5986439303226461,-0.6020060696479768,-0.6289131265815915,0.16324115532428335
2022-09-29,-2.7243923815836113,-3.500106598586748,-1.62542370909691,-1.2702955849868502,0.13771489661118744,-0.5003715030582974,0.5466119835264687,0.8590576654597288
2022-09-30,-1.0671463879419565,-1.3559716615671928,0.045005155148231564,-1.1115364267012369,-0.80028476051058,1.1171427655008597,-0.55681452105593,0.9973750739547049
2022-10-03,3.1577940891835468,6.7020245477954665,-1.2329608197986566,1.1652340876122327,0.012876609136119687,-0.4340831267101633,0.6004361011200869,0.6616249160629978
2022-10-04,6.322928454327633,4.298042093158961,-2.1051313488413075,-0.9337361489893227,0.14801918753125093,-0.27332113747839354,0.013450252274413491,0.1140836728139127
2022-10-05,0.13412780399510502,-2.8796880445592032,-0.04537710008117785,1.6095424344139944,0.5727353633640276,-0.22879373708284886,0.0350285951963507,-0.5249950722616282
2022-10-06,-1.413259009240748,-2.3081178169587995,-0.09026982227186951,1.6492207767853855,0.8293275556187181,-0.6366943362891596,0.667623316059558,0.16339970078735744
2022-10-07,-3.6574790796559484,-3.4304466817046366,-0.6407705169802399,0.13639807486677746,1.0183116522041997,0.864603951317094,-0.39871479978346863,-0.9523812736860348
2022-10-10,-0.9062703312239259,-2.809095705390724,1.020543419221792,-0.28846347282659307,-0.45796564325635836,-0.07829113775282785,-0.8573006618783393,-0.9678982058606784
2022-10-11,-1.2389524949105444,0.8156416214861978,0.7753533740391776,-0.37159869969882225,0.04335042199546868,0.3016662355644971,-0.7849017942894232,0.9464703517143521
2022-10-12,-0.5592356249675557,1.0078109092716936,-0.5673035616958412,0.4029188084475901,-0.2133029451658672,-0.8165036380506229,-0.12987755739544993,-0.14520296679479036
2022-10-13,4.597296653318211,0.3988831860540125,0.2412281680723513,-1.1854448983858026,0.6301584251158228,1.1375693710050891,1.3628437372702478,-0.3651404490889391
2022-10-14,-2.9398926456676024,-3.0387593079993587,0.5450583273653771,-0.15427722494178334,0.6710361035872087,-0.8675127967582493,-0.5073903581551938,-0.05117562254830497
2022-10-17,4.665828434199733,3.6586983918452862,0.14897622731259336,-1.484327945834764,-1.1205795406296595,0.19864111882304336,-1.0051904457675103,-0.126264856811903
2022-10-18,1.4337462439451507,1.715495054144255,0.5819587329225688,-0.5147002527197125,-0.10112638313846331,-0.6974221737329839,-0.035491177238367345,1.2261424344744996
2022-10-19,-0.8272378178524197,-4.438040613499435,0.35138666241909255,0.6439067593120349,0.3866727774453105,-0.33389793953283653,0.19299580884754045,-0.7750965660490287
2022-10-20,0.08524639541843027,-2.0447736205263496,-0.5489678551303505,-0.13754301640336308,-0.5972336567277632,0.5449516314943882,-0.07185988030537106,-0.7366381876683318
2022-10-21,3.598831669456777,2.9693161361323472,-1.6675263322057094,0.024683103501237976,-1.4600166189115718,-1.754045945461042,-1.0914932578507541,0.5686164332246386
2022-10-24,0.4898916067252134,-0.17372919307860468,0.28266078462404165,0.4406476523595997,0.8793629665088213,-0.5470862716856412,0.016687620892768755,1.1021551267876792
2022-10-25,2.027162912335211,5.853809993127417,0.5635009825548288,-1.675325334425707,0.11788993818719609,1.103556847031785,0.1130536416440994,0.11741630030263613
2022-10-26,-0.19355064192326166,2.3979845088739986,-1.8531495998575531,-1.1948416734126712,0.3188800319912848,0.6100762558272285,-0.31755208235204824,-0.4674159948352248
2022-10-27,-1.493130269557409,2.2194977283457202,0.8978864036582604,1.2178058924370638,1.020933843064322,-0.4868052143980803,-1.2567430323766289,0.6290719692851029
2022-10-28,3.5286043580692366,0.20441990531051607,1.9666627658207425,-0.5330753575488918,0.3907158773260431,-0.15719633431281557,0.4755854159722433,0.9139787223730705
2022-10-31,-0.9958502316683003,-2.0255460043679627,1.3854234733074926,0.569728985404133,-0.8372887871593049,1.215319692966647,0.3413950996718247,-1.1961250414548092
2022-11-01,0.42951837096664963,1.450838745231538,-1.1342108546773124,0.06521978070126819,0.7100961355416656,0.6221479262155001,1.1265936992627366,0.5519845876642634
2022-11-02,-3.3839632214447084,-2.2831606867490066,-0.7035566745157634,0.26870611029357794,0.9393003584154747,0.12791361954829394,-0.14352021383770544,-0.8067459258175033
2022-11-03,-0.5915001762198434,-2.372251569569271,0.7068401753634086,0.19712308909442777,-0.2511678753177361,1.0519822763512505,0.4374084418136242,0.29206139582334734
2022-11-04,4.421254196883688,3.1740731938052757,-4.37202579119891,-0.6772141669528271,-1.589539422402007,0.41698023819102337,-0.15766384987749668,-0.651399933702784
2022-11-07,1.4530556286734457,-0.36161657914264167,0.0029825186873960823,-0.9291628730404348,-0.3337480736525187,-0.3683761486390195,0.3357517244163249,-0.4359242219005555
2022-11-08,0.23437031314516832,2.8584196429070827,-0.8536711770713442,-0.0983362235257707,-1.7625800235689675,-0.6558036100423731,1.1739663894202983,0.6244294895937819
2022-11-09,-4.091832377277472,-0.8193504089372046,1.0982534079423418,0.09281893739165269,-0.8873725077266834,-0.5119152974024798,-0.9189063850734306,-0.20802731528797042
2022-11-10,6.297332483842492,12.990750600655325,-0.40341769500457747,-1.1576498254279461,-0.9384472084179842,-0.731255528880617,-0.452934642373218,0.9970807053044978
2022-11-11,2.401192426473947,1.2851035817650793,-2.027847135646184,-1.0824840744247959,-0.15608435479559932,0.0705286237254155,0.39407344049255383,-1.2021036072083713
2022-11-14,-1.4828662360912193,-2.067827486450886,0.039071063517848836,0.18374296875903381,-0.5911956460135871,-0.8881024583164252,0.8755160632346114,0.25325652123284925
2022-11-15,0.8727057361012269,3.903941806210183,0.05491755378390397,0.10541082593356912,0.6461243391582124,0.059333886628583854,0.16749854320571345,-0.523847949624956
2022-11-16,-2.408094326810131,1.5789504180041574,0.45421153234870143,-0.839049591924627,0.8734052877509407,-0.4621700253972058,1.0542757533633007,0.27684512476592454
2022-11-17,0.06353863219334965,-2.289330931167618,0.7838262686789896,-0.546650620267494,-0.42714371524830214,-0.376948786855468,0.3262504797168476,-0.006607567807745022
2022-11-18,0.9015544915502969,-0.8166252899681756,1.0596935142615174,-0.49641006963061834,0.2562202820871575,0.34661956742340927,-0.08485562763141903,0.9328492854329677
2022-11-21,-1.112687680206222,-0.18432989079311354,1.2199239185414803,0.7478859905559901,0.4922355192917347,0.5404886688012798,-0.17309256350848878,0.1735283538819716
2022-11-22,1.253734156720961,2.984926217661636,-0.23624494167603963,-0.3326524266346148,0.8214563024908519,-0.39429340369276833,0.3121388750804282,-0.2061201014857366
2022-11-23,0.15369602173550287,3.167798777031335,-0.32743945860200363,-1.331181416674831,-0.1326433320993692,-0.9800858268124936,0.8235284924304189,-0.005714282112782501
2022-11-25,-0.011049920843829601,0.10131692730824834,0.3083418655733153,-0.3971518663980197,-0.4390654699594691,0.05891173204347311,-0.17091809058821072,0.4122624571245781
2022-11-28,-2.796404312336891,-1.8663673853937774,0.4331472074312243,0.6161550028546309,-0.19813201432278696,-0.5156747019569251,-0.14566265263091022,-1.3818352240525278
2022-11-29,1.3919671131909426,-0.6441204796822221,-0.5743721827306775,0.22043657124316643,-0.46881681179957474,1.2348658435694564,-0.8878007579459535,0.31651927639367056
2022-11-30,3.6483548529601975,5.933362061108357,-0.6976942135591473,1.0284375131260306,-0.15307404318578519,-0.6324983932830083,-0.6924887043774347,-1.0033665758635684
2022-12-01,-1.5752550642392218,4.561636087978299,-1.3570847381915483,-0.7244766593474126,-0.25858006927844696,-0.737335708471046,0.8468461631029622,0.237315548517254
2022-12-02,-0.7323163147869866,1.3994091795930754,0.74329752685244,-0.3931433753750237,0.2916072329414918,-0.07428136672282339,0.7235659820119419,-0.6584770478913754
2022-12-05,-1.9684795982884602,-4.881358918495335,1.3417546620359477,-0.9049931716761264,0.19149721636570133,-0.13752166744836472,0.7657120281178984,0.20992881071425495
2022-12-06,-2.6082212609078277,0.6996205667961884,0.13711801013766847,-0.44171896683159023,-0.40789776385859594,-0.5000881620394491,-0.022105884757562994,0.08538131381697789
2022-12-07,-1.4153844856820008,3.292404501041334,-0.15242780216840074,-0.13106164585422764,0.29159838095536517,-0.7408966650763487,-0.012181019262516368,0.9258851100450208
2022-12-08,1.6894311760836445,-0.34169441827848973,-0.05415534955662593,-0.4054812027032496,-0.5618846307515144,0.3980547833996922,0.42973247155564864,-0.39144485218241126
2022-12-09,0.10835404795629548,-2.820698684764935,-0.8970503767881619,-0.01402025418118928,-0.34407068501966614,-0.06985147497387605,-0.8072142540087429,1.2688980396967529
2022-12-12,1.7295983743401118,0.2580284305984931,0.7112901491669363,0.2378516576225103,0.8153466877317908,0.3213470185074727,-0.0011301647701533381,-0.30736992648494904
2022-12-13,0.9565036970652757,3.98979774965339,-1.5085734671381321,0.023811264085083852,-0.26132527442027265,-0.15834643229812093,-1.1313066636780482,0.7888417263881636
2022-12-14,-1.0132462913593772,0.10621551197356194,-0.5416419957986189,-0.5007355349965192,0.12470507223508526,0.3130045950947886,-0.02279493147999012,-0.8911068895700072
2022-12-15,-4.380884589923226,-1.609618824040903,1.4042592276615875,0.06343710696625085,1.3793927943998643,-0.0621886538288778,-0.8275009030287155,0.4183763728828008
2022-12-16,-1.4175025911621277,-1.6284696576381437,-0.9180513855407086,0.4511077318728736,-1.2111430281670612,-1.4656228993583484,-0.3131230314114314,0.12104388669367425
2022-12-19,-0.3380043953045311,-2.8827186604476798,-0.6443904888485268,-0.31004885022340906,-0.27578377582761165,0.1707300194946423,-0.038666851112670556,-0.4240933557754263
2022-12-20,1.092037186046518,-1.3588262014221713,-2.1050547491126808,0.1339983412580062,-1.5910999117083295,0.20393485917835655,-0.32091292924741793,0.1866701175099984
2022-12-21,2.112893068112681,2.122696538923837,0.4898895260672046,0.8929587953174325,0.8211338860841084,-0.32610258425262934,-0.45628727943370384,-0.2718252364660722
2022-12-22,-2.071351731849347,-1.4992614625621716,0.8801418566203592,-1.0782331404071004,0.3247281564455601,0.3403810131262543,-0.24283617185386178,0.06150954474578053
2022-12-23,1.526273405596584,-0.7738787008552593,-0.7710284777024633,0.46172954099611546,0.24352782060373093,0.7585640559993672,-0.5351173304858371,0.4702430130988822
2022-12-27,0.711401328385028,-2.563753537200385,-1.2645987919390145,0.2244759883159974,-1.5998878578279336,1.4259305664112727,0.11023343182464944,-0.895637733193107
2022-12-28,-2.5072830266437816,-1.842110663192004,0.34504846751499973,0.16955539907083958,-0.5186082776035041,-0.25501640642031836,0.034278814762894974,-0.6677248799846811
2022-12-29,2.725060357002006,3.447877104740366,0.2948467319115611,-0.5302644132071176,-0.16710055038584462,-0.17448477312275032,0.016786037271472674,0.31084997699113115
2022-12-30,-0.1022128649229078,-1.7730752903468183,-1.2144877412832642,0.13582593714398844,0.34308486981485975,0.2218984840196962,0.20704721172249094,0.9065645789455181
2023-01-03,-1.1448816239404365,2.212686309022442,1.529516844551444,0.6311579220951196,-0.648060926621558,-0.796055173689289,0.9259745584085028,0.5646725218204575
2023-01-04,1.499320607345409,3.399899023483766,0.6082770261998416,-1.0763176418614488,-0.9949711661576486,-0.21076307845166078,0.014642914182909646,0.6786708456339666
2023-01-05,-1.897331397161918,-1.6841051595546586,0.9408984602447943,0.5221137370986503,1.4021801827221891,-0.571491117371652,0.7945505357766149,-0.6402586448143104
2023-01-06,2.7321350691226565,6.755720761851674,-0.848751981804208,-0.4122320548542608,-0.6754013868487984,-0.9127680616395409,-0.6788124599622709,0.20873502581072495
2023-01-09,0.17331644329936133,1.4893387745134774,-0.8486283247324911,-0.1890381788681776,0.3663868250734146,-0.05161424624448971,-0.40769824761573864,-0.5374969822956411
2023-01-10,1.776976084397846,-1.265499179811219,-0.1449790100638572,0.2956964894410275,-0.7587938163897542,0.10241458407708265,0.06304656732113871,0.15379260640823586
2023-01-11,1.4017765721736204,3.285741321622577,0.950930786752796,0.3929732886003652,0.5496547931741708,1.4861430819561183,-0.5249429711603665,0.007851611050776515
2023-01-12,0.4088635914876134,4.246581632508142,-0.8765864267923235,-0.35152122561020416,-0.04644953758555405,0.0003902246987527394,-0.2933604953878032,-0.08458837589846574
2023-01-13,1.5237398995342315,-1.4533619176911694,-1.2028213685846363,0.42655128976327217,-0.38070432980817526,0.16654673542894732,1.1318665437855893,0.6890160629095241
2023-01-17,-0.25186665238906214,-1.0570029134744192,0.28337349231648645,0.28864722463896797,-0.06623425114817699,0.3281229707886312,-1.1194908818715146,-0.5687732398071096
2023-01-18,-3.735181649382474,2.7254392943105166,0.47266616641248665,-0.3300827208034437,0.9469814595557063,-1.1922800377642087,-0.1735467485461264,-0.3485045801981692
2023-01-19,-0.8067904071017911,-0.17755070533085243,-1.7602214669791936,0.6603192371042228,-0.8135712662862732,0.8389583332019652,0.5153464510474473,-0.5681802987688116
2023-01-20,3.439549400967358,-0.9802468328909205,0.2849839037992212,-0.03556573337592324,-0.6595830431984752,0.1976902231919338,-0.19578335467905958,-0.5819173095852115
2023-01-23,1.9140769806323572,-0.3980501035925253,0.3546439231796238,0.5524652609889461,-0.5348823574909161,0.15706759813161428,0.6521473493652253,-0.39167087889877805
2023-01-24,-0.906419220057101,1.789780323103346,0.3472985467781183,-0.08857652931466678,0.0675695505862369,0.017236722558171817,0.5658804349350666,-0.05368495200045181
2023-01-25,-0.037248518388662874,0.709444757544961,-0.36521963056804707,-0.3146622301488212,-0.39983050946370857,-0.16258629661263016,-0.09225087593116513,-0.12326292929278684
2023-01-26,1.7619688103148519,-0.2919428693786854,1.0877719395040883,0.23918437463610373,0.2837364664448104,0.3542940216092821,-0.1386688284315162,-0.6534455013623494
2023-01-27,0.19462233692951636,-0.5565435471630821,0.9790819434432123,-0.10705873700619503,-0.9520342140358969,0.2350739312285049,-0.2422347371833361,0.18630702115343256
2023-01-30,-2.1181622987585973,-2.427492288187862,0.25538161140896437,-0.352283936968273,0.18468422558925388,-0.19303383798134363,0.3885368309442431,0.9352643347181557
2023-01-31,1.7386267198199161,2.680302722446359,0.07848745957890778,0.61501498201825,0.37692513799519045,0.2233639558092824,-1.1916223740401162,0.6223130778105245
2023-02-01,0.8295722425978823,3.829624870604744,-0.2588325279032068,-0.9185801504209815,-0.7483173825714224,-1.581466871760943,0.287300565788351,0.6079005482289854
2023-02-02,1.5455799006563447,0.20961387554994382,3.020662973714528,0.1891961903667904,0.5301183152657766,-0.030062730975102456,-0.9948779972151963,-0.14491851662692967
2023-02-03,-1.23164572935914,-5.7592335309397935,2.410023082469277,-0.39098481922869677,0.47521375642003655,0.04994830732754815,0.9452924476360072,-0.12220988073520385
2023-02-06,-0.8308566096377902,-3.209423264829482,-0.1907096552235255,0.6174585183388872,0.23140659416987702,0.9786355920914136,1.3658243941919883,0.7285668352795603
2023-02-07,2.01161784887234,0.2247963079895899,-0.8272577683499732,0.8418302048297106,0.29190937803934897,-0.352556173820486,-0.4216819120595312,-0.8970387491210603
2023-02-08,-2.159021058901024,0.3543412202938561,-0.31729990365325056,0.26903878602282266,0.11940009461981543,0.49118635480134115,-0.00166482302469598,-0.504709116095422
2023-02-09,-0.6872327016908764,-2.353519008213832,-0.13093414926930647,-0.9878429314588594,-0.4812113568821109,-0.05476516154297396,-0.11043530370329661,-1.050614015713013
2023-02-10,0.21733196703967134,-1.828329889105923,-0.34707100877076685,0.9645664308427274,-0.4495272123654724,1.1360876276439014,-0.42462352905313255,-0.11183921347352327
2023-02-13,1.5222312305769672,1.6844390603130464,0.8026540064233572,-0.5091204214701498,0.050700777510358445,-0.17754707153432922,0.20164942758347065,-0.753284835915402
2023-02-14,0.44770660982434246,-1.4562387502003706,-0.478995929513448,-0.160913893138285,0.4421015397094191,0.1476293633267463,1.24572831535049,0.22748919424180136
2023-02-15,0.19833884455147835,-1.1081310664412336,1.6114105544076358,0.5365403843259376,-0.2630902900826212,-0.27217515466269615,-0.809570614501642,-0.10474490357476686
2023-02-16,-1.6373503261790026,-2.2083093395773634,-0.560435686762316,-0.011656736425957546,-0.8075054200941412,0.2790478363244953,-0.8646304735478034,-0.648689157011764
2023-02-17,-0.7588461761012975,1.044180198661161,-0.019461958102301665,-0.1906721443219222,0.45252861937176464,-0.8474163901388106,-0.055429410803682785,0.9732601871874343
2023-02-21,-2.6563798311931017,-4.954584518313897,-0.9501779468973169,0.04955728337899653,-0.4216852732966766,0.9799520690002748,0.20273775724135998,-0.7672035350573218
2023-02-22,-0.7791192860633191,0.4514315766140158,0.9633401016878473,-0.05807258947105747,0.7953044661001764,-1.3482789543294296,-0.07783614983496666,0.7156551469298692
2023-02-23,0.7739234869308694,2.1787616148524376,0.255242121392007,0.23000487685344115,1.1344138740516254,-0.21548563106173763,-0.15011020972874203,0.40661146647883073
2023-02-24,-1.8910184508972325,-3.9092768846205335,0.31471834156692885,0.48072215737011165,0.690362871622906,0.1364569045765532,0.342588017368908,0.8470657125120614
2023-02-27,0.8637598106795499,1.530958872345299,-0.6886181103068297,-0.5433715382009364,0.03380277606520356,-0.6203647202048614,-0.2752013303941003,-0.02087637062957293
2023-02-28,-1.1645234113377656,0.22052072845847945,-0.05306855228615575,0.8386425164988852,0.040365085954614216,0.4848770261514216,0.33954871538257303,0.10870076386341301
2023-03-01,1.3124798463056047,-1.7703243223442886,-2.0752339406023377,-0.24056331425454294,-0.16098301474963267,0.7817321339021093,0.7510284664951272,-1.0742485981045993
2023-03-02,1.2903359288041594,-0.05943519978844258,0.9034606293038876,0.6263328154424505,-0.38972678995886734,-0.05375739784845778,-0.4581219311223569,0.3130865942288654
2023-03-03,1.7559456279548458,4.81886807689418,-0.3103611476308939,0.5358849660821472,0.7939737844902879,0.3021608536159069,1.0150233544292517,-0.10376012641646842
2023-03-06,-0.08253412353347629,-1.359495530854674,0.021389649891672705,-0.7431768404606378,0.19440989003232026,-0.47513389283367435,-0.002533250776068357,0.3051659858149689
2023-03-07,-3.1952689346710264,-2.9788280818027593,2.231134625341711,0.12602295720010415,0.8848715076335659,-0.5026972390546371,1.0894726762977762,0.020727913482068636
2023-03-08,0.4239715736187304,-0.23610597976503522,0.5365873340801043,-0.5860887785500688,-0.9910853045993846,0.7471819465357376,0.197510902371181,-0.24158507297611004
2023-03-09,-4.325834171602095,0.47403658664313986,-1.3875632139751561,-0.0025050345997781414,-0.6998835978217153,-1.779483134841418,-1.0985212841946783,0.37479165479676807
2023-03-10,-4.96187818534022,5.183526012100566,-2.5602017975451847,1.2628971295732054,0.5280579086931548,-2.1274078036946173,-0.2605847257776062,-0.6875935299010646
2023-03-13,-2.245273178647073,4.286487442705931,-1.498039871707056,0.6078430581512942,-3.455697555540384,-1.3678109110656163,-3.7289105278054566,-0.7022500179191957
2023-03-14,3.747939323787756,-1.7830084362686778,0.9729026927709651,-0.9880490217946026,0.19443032464753446,-0.25462188310684036,1.1726253673264946,1.1645933377223963
2023-03-15,-4.501122054643985,3.2518609649501427,1.913210860337994,2.19163807665034,-0.9691316479861279,-1.5313264504117765,-1.0554246398784877,0.5488925943361525
2023-03-16,4.116740275827302,-1.4149840664821445,-0.2345349892461273,-0.46738257713973563,0.2762769158174402,-0.3882481431714322,1.9429873020665465,0.6352053955105397
2023-03-17,-3.731800356326408,2.306477724695459,-2.3984089154070896,0.7672625739970798,-1.496529957911172,-1.6125368734530183,0.07655516313539126,0.381890387302107
2023-03-20,2.2888390889186403,-0.2555794435522386,-0.3640272890765745,-0.7741208667697982,-0.5574387920790476,0.9747377848052364,0.1605292266723153,-0.7028324231634924
2023-03-21,3.437010131947785,-0.9468746268901309,0.8169237698739895,-0.9504549559385905,2.3507502301319216,-0.5493835847048502,0.9493894862840929,-0.04509209246974148
2023-03-22,-3.9097197066418206,3.0533190567337423,-2.623733038786803,0.3183134279235429,0.34960546892945976,-2.06161751983121,-0.07294162194590675,-1.1188750450174836
2023-03-23,-0.14420668463394046,1.4178914954046014,-0.3131281194662675,1.0245203754208994,-1.439394512939363,-0.8934505955428322,-0.10414058229418173,-0.8408575352001931
2023-03-24,0.6078645313838661,0.39484620137159876,1.9772217012795485,0.4077981276421568,0.15194332497396737,1.4530089435280829,-0.9514640741106718,-0.059885700057542984
2023-03-27,2.3295770016260944,-3.8511679402221906,-0.9959799899188361,-0.63285614992588,0.6899266677170609,1.5037378100569578,-0.06807928991959933,-0.3489877080285205
2023-03-28,0.18653700737128273,0.1751669856356466,-0.9852420357721818,-0.15112545492921506,-0.33432096265342703,0.7256498111521927,0.667719549837638,-0.6172652070469606
2023-03-29,2.6261831043627235,1.1970493425708333,1.4256305236864006,-0.3276743259331676,0.7505196741882565,-0.24284428881911152,-0.13949291751596574,1.2320138046359652
2023-03-30,1.4641353573594151,1.457487790915566,-0.7539142133772758,-0.4088679074879572,-0.08100402019155667,0.4595140432035178,0.2658801660226764,0.28392590358490205
2023-03-31,1.7016777437276103,2.8356946607598235,1.4648698230368196,0.7231531510188086,1.3434970886098911,0.23736987091577538,-0.41450242465202486,0.539525036010947
2023-04-03,0.3094999150895268,1.644936996084686,-1.2904838388911575,0.22638459480403986,0.5472099597370591,-0.19961354440763898,0.2803247514483871,-0.5350187834277021
2023-04-04,-1.6407278373906762,1.435252219573679,-1.3383625890802249,0.08553866479314749,-1.1265633720524248,-0.1457079489718011,0.057027069371367305,0.22271998947926294
2023-04-05,-1.7497926991967936,0.5857840577111143,0.35665437823605806,0.6488723046134823,0.2898972466444638,0.16138175641596594,-0.024709657921499782,-0.4580348667303471
2023-04-06,0.7461798755160673,0.17307562484390515,0.805606434477513,-0.3685193894120424,0.37364148731886904,0.12454910136608749,-0.12416603681702197,-0.3107159605180752
2023-04-10,1.5032896375609759,-2.9981249113775705,0.8299160064148082,0.11362437620829825,0.18691614128176787,0.902574714647359,0.2858961237811827,0.5190872531335289
2023-04-11,0.520948804639835,0.5795013205423338,-0.7216463025955916,-0.23934105813983736,-0.07229303978121644,0.6035600430943695,-0.03617693352260084,0.060162070936070046
2023-04-12,-0.6411403381373689,0.219562496213584,-1.3322399816716033,-0.4540921489174709,0.17429552176265156,-0.011925186993467032,-0.46870801288534936,-0.023203029425519422
2023-04-13,2.84709892008226,0.7328182656230924,-1.111378617298418,-0.034806887079159785,-0.639603826134892,-1.3265702199701295,0.38973567075736476,0.549263851274524
2023-04-14,-0.3562905211497245,-2.864714586378021,0.8621689733438228,0.07709956987670205,1.2861507554107305,-0.23935075718161714,0.2329503750785165,-0.5656757058382452
2023-04-17,1.3472410370792332,-1.7726047713648216,1.305754830698293,0.13844013898227614,-1.041765281872649,1.4728545884815352,-0.6454168741716486,0.17617864769114236
2023-04-18,-0.12162818233180948,0.6418713953272632,-0.5725853993231868,-0.46695018237402475,0.3326253278624756,-0.049256931560116,0.5741919491460857,0.11713132606543944
2023-04-19,-0.5476880314153798,-1.1544662583355267,1.1772399804213505,-0.3796940410590875,-0.6982750890894048,0.3889973142398435,0.012978101329373838,0.1597878194237825
2023-04-20,-1.7376836432213933,1.3399494686127853,0.0023150572131297818,0.0011848034337231849,-0.212577588610275,-0.9909757531893687,-0.24875806438148385,-0.13742436055259066
2023-04-21,0.35498281004799076,-0.6735594130150546,0.3905699374211096,-0.6986717694339694,0.9983242984179639,-0.24488266340845075,-0.28833902177514026,0.28892157517023587
2023-04-24,-0.4460084234864058,1.6337204758356494,-0.6121172900087156,0.019386742583335538,0.7872041428116993,-0.17955222566101892,0.04613733665952475,-0.09656764985928812
2023-04-25,-4.591784539740899,1.3547417140827098,0.44786424389817453,0.5765718225143058,0.08326713053785295,-1.0421248432308505,-0.7396603597404064,0.9146785024284018
2023-04-26,-0.23256771019293207,-1.9113381062905581,0.08102861439741364,-1.2025619545469244,-0.7690258606859763,-0.5681365815059127,0.35855896366248635,-0.707800762081397
2023-04-27,4.168368149331389,-0.3552059708079069,0.7831422878694768,-0.06556275582951607,-0.8281419611613815,0.7108093509936376,0.46844068631804203,-0.0653503130656873
2023-04-28,0.6454151803961622,2.4964508434962753,0.7489765873160856,0.5804223505664787,0.6548909996634356,0.4362568851083059,-0.005622233869216771,0.05943516793895331
2023-05-01,0.8785687843230106,-4.682276114892675,0.18426112385503443,0.17754837954649175,-1.1449744659529242,-0.025908840078752673,-0.49790529418879625,0.027750297473695968
2023-05-02,-4.2729876826766935,3.1708783882938847,-0.49906370945072676,-0.10544289022803399,-0.4950210267075513,-1.8175298226215382,1.0856354023344537,1.1700702710585291
2023-05-03,-1.5226706187792893,1.6108840787865044,-0.5642293430186202,-0.7079159607122479,-0.9012691061797177,-0.6400706352302259,-0.49202085585514055,-0.03942571126796822
2023-05-04,-0.6580847010977887,-0.3361428819430923,-0.5685118732099298,0.42204182198087536,-1.0477260173768612,0.7814939751104815,-1.1122935932186888,-0.26716060852840234
2023-05-05,4.475732456975695,-0.2596472357763142,0.6602726579254162,-0.12382303230820599,1.0924427642489272,1.3591744472236154,-0.12296614620992447,-1.492493483807652
2023-05-08,0.6286839415554557,-2.2757938888140536,-0.5302012266522126,0.37185252284835313,-0.3318010535635453,0.31106775719663,0.1617007411097676,-0.23521770184880111
2023-05-09,-0.7833118375825894,-0.792167040810978,-0.36959474864602015,0.7770447448333172,-0.08450310895194182,0.2383252127828948,0.18436767297955398,0.646123096617378
2023-05-10,-0.16123651888037474,2.5803799752886896,0.7140396678291773,-0.16064080981926807,0.44874873729737685,-0.55475086250079,-0.7185289577036628,0.3916394634965422
2023-05-11,-1.618534208975702,0.28235152074087067,1.758399319416018,0.2042205157190513,0.2702780375265448,-1.152766540423882,0.5199337293706151,-0.44903798335620854
2023-05-12,-0.17605905243177128,-2.511616996881893,0.7712060034857494,0.4016857865506871,-0.3619706921280615,0.3574506056441953,0.2635138762589949,0.7055720754269511
2023-05-15,1.856564827455151,-0.3753420658863592,-0.9694731965406055,0.14438887246700088,-0.6562588827176721,0.34600150610912467,-0.569690277850194,-1.445564567839102
2023-05-16,-1.9178514777583062,-2.553813729620425,0.6162257166306129,-0.18150285239874878,0.2084692190450981,-0.9139039956781275,0.5780822462719452,-1.130755611870794
2023-05-17,2.693178452556677,0.16654160915691107,0.6097517564649686,0.6237388745519196,0.3486291413427051,0.9245017277836391,-0.08794237478661439,-0.1862917876774526
2023-05-18,1.3541041969276286,-2.0862078673868165,1.798504138980587,0.5553892419247913,0.2899311868488402,-0.7516982687556216,0.45653918923894704,-0.08704127260017176
2023-05-19,0.270266523973348,-0.6862767391455771,-1.1891091198652264,-0.5060083652889692,-0.32767617435987906,-0.012537394018176076,0.418375951148165,0.8738094843634471
2023-05-22,0.8831915573973806,-0.14862922211106783,0.2707244656804584,-0.09475185803671493,0.1509479786709303,0.31390336321031237,-0.5382450200611959,0.22841474629169656
2023-05-23,-2.761683700287047,-0.4702039259632524,-0.14218985871791473,0.8620608977212472,0.6208092788793185,0.5359925996434461,0.09860067739835542,0.2474382395117043
2023-05-24,-1.9277352452146796,-2.466591117570787,0.1309955732089675,0.512151160077524,0.41813964199451553,-0.20021993286299972,0.29897218453975366,-0.759660324772157
2023-05-25,0.9545712526528344,-1.80364766537395,1.7223926824034466,-0.22943071502982829,-0.26616800374983857,-0.6134204756168505,1.1248177404606994,0.042094451652912306
2023-05-26,2.8729787822430004,2.0610759728275014,-0.0720720453741136,0.678323991088632,0.3339232175946728,0.4377136118265907,0.6119695744549918,-0.6070566496672933
2023-05-30,-1.7572502810946034,2.2563973750865705,0.8635831302639088,-0.4341006286884298,-0.2120259206977582,-1.2794362011402982,0.09303017057317768,1.7792847309375148
2023-05-31,-2.1615479881902497,0.6911301107120555,0.8011609478588873,-0.06841381440857332,-0.32119149194033836,0.22124496972054,-0.03936924109299372,0.6476876270393016
2023-06-01,2.2289285678567263,2.5146911674087162,-2.0717565926295274,-0.8280511874594819,0.11861683807911758,-0.29218232430486035,-0.26895890253336796,-0.9851734626170877
2023-06-02,4.847651461304097,-1.2013066681452347,2.1813230324453388,0.9282343740199759,0.6422326475376524,1.7086021036759884,-0.49583771070302707,-0.31191110090897556
2023-06-05,-1.0253025383827152,-0.2899832638494354,-0.7727815695813929,-0.0026283015271769627,-0.3481082505914863,-0.29274337273269285,0.19872412049180446,0.025183672681124564
2023-06-06,1.1380968071612994,0.9491296226519085,0.7046719629190143,0.32092094022939527,-0.1956068611972299,0.8432565034393782,0.01805376729656016,-0.15190161541430844
2023-06-07,0.32373285255195716,-2.5101439424129044,0.7177841796069478,-0.414168100195762,-0.5923493674287313,2.248134272637956,-2.0571165595043595,-0.26821622052103905
2023-06-08,0.532957174280306,3.110515124100203,-1.4848022601734983,-0.48669829733120845,0.23536599923281196,-1.2987784613480615,0.8816678484122908,0.06836834168244589
2023-06-09,0.28461318634976773,-1.3474670789558407,0.4767982600246555,-0.05912000724471002,0.10077579343991938,-0.23198316057059828,0.9444658983016638,0.030229532408103915
2023-06-12,0.6907121065809344,0.9876203354934858,0.9958523666949067,-0.1443544508506543,-0.73315410293697,-1.053394490164605,0.45526492088696685,-0.39382050403119556
2023-06-13,2.595011394884187,-1.404508365163558,-0.4189377490300505,-0.6032589700277639,0.3116024864915777,0.9655599134403889,-0.2694210166621937,-0.7869737547818701
2023-06-14,-0.18228105158937466,1.0055232639512508,-0.4270266102025544,-0.8462264779276573,0.2097753980674831,0.5148001399004978,0.7532508609041972,-0.6586531852174815
2023-06-15,1.5598656677509903,3.8421893996672796,-1.0645382804046963,0.47428100341864254,0.8020826044264018,-0.07552058297371152,-0.034633401379908856,-0.7955487984092139
2023-06-16,-0.4255258831998524,-1.5620248058467927,-0.48778372461400943,0.31722185670115116,0.6087557690125269,1.0592198695943895,0.07518399946821015,0.023737747235186336
2023-06-20,-2.688405035541433,-0.31406187615719616,1.1238992157791092,0.16429836088659422,0.9678691035360585,-0.7128494707182429,0.002431525096689405,0.12376604780505321
2023-06-21,-1.022497074126559,-0.0917646415979003,-1.2225216711731715,-0.40917802672956266,0.7467992669797535,0.7813743055800813,-0.34891506552603313,-0.646679030289982
2023-06-22,-0.0016873561862534839,-2.691960959069856,1.1007328079933858,-0.1343711521291308,-0.4540274107146049,-1.4308256003831155,0.39337672853321276,-0.3330358955145457
2023-06-23,-3.302899195227491,0.08320671396278523,0.4887472803616421,0.7848570225219865,0.37912301041114327,-0.82616196339291,0.3946622164384014,0.8998029056158747
2023-06-26,-0.30614443594073093,0.9225305031631545,0.20287030174010012,-0.6223870599199172,-0.39317683723577534,1.6858409233224851,-1.1212090532889298,0.5533184397549218
2023-06-27,2.582123440564893,-0.08754401034542147,1.128908742981579,-1.2984561584662337,-0.7709940546911278,-0.1814268557346179,0.5086964844063403,0.10761911099056112
2023-06-28,-0.4151058197308253,1.0991376474186292,0.8312409659282884,0.5225185346959483,0.8938878632586346,-0.6779679674699558,-0.49657517855908956,0.9079062847752097
2023-06-29,1.6971252564589805,-3.137222398248949,0.4162948419109097,0.31938624853513997,-0.671541562308104,1.26715311432721,-0.2150217300681078,0.9400597521725774
2023-06-30,1.7619238453996933,2.6583080545129563,-0.595852312628401,-0.05470072776488132,0.4723224001159594,-0.16270205304926244,0.9481695015280769,-0.20523571363534981
2023-07-03,0.7878983566925627,-0.6663048440827697,0.21409157842831428,0.004493813713201498,-0.7455008066135691,1.0500478068171375,0.07803961179241281,-0.3127745800736216
2023-07-05,-0.6160364401555932,-2.415477106246262,0.1515984835061743,0.8080879953255868,-0.23422197253812402,0.7151150212887607,-0.8933602966748779,0.12272175558846583
2023-07-06,-2.193175368689709,-3.759261034103888,-0.8380841600671228,-0.39043435824450834,-0.5214582201360969,0.42974365583544943,-0.824977155887516,0.41063939421751355
2023-07-07,0.5860218173406758,0.5731612467579258,-1.9964166627976085,-0.7368976196445206,-0.5425773356655593,0.09980848212821354,-0.8664643500396495,-0.5270980310160194
2023-07-10,0.5771264291179541,1.9063090825371891,-0.06121727747841023,-0.08322550293386359,0.5002266453344176,-0.3858309843094606,-0.7968137832791279,0.4030042099112132
2023-07-11,1.9101872804789715,1.780175247677352,-0.30791773331348915,-0.20742664194534974,0.4989748591804547,0.7349192289125694,0.0935943025505902,0.40848474319164185
2023-07-12,1.4745835196476431,5.309685246597998,-1.7344678871810735,-0.6867628978880933,-0.19327314309809093,-0.6907552331174378,-0.060017712097259306,-1.141752547424544
2023-07-13,1.361586291098029,3.806260095799599,-0.6771867953130117,-0.28450662481741545,0.5354757143629594,-0.44816997301980777,-0.7094397866087684,-1.3366024763879998
2023-07-14,-0.34768043182733327,-2.8361777908465697,0.5060762175820726,-0.2548532825106869,-0.757642215885448,0.7022755118236307,0.9703498799419845,-0.19225883420247442
2023-07-17,0.22617414838117295,0.5922135281571334,0.24493957167731373,0.043805638259003146,-0.14050298995169225,-1.0578742017780385,0.250665773055809,-0.05584094769697205
2023-07-18,1.1865278585168155,0.8439246186834526,-0.9681270033632434,1.250356490884861,0.5113801403658652,-0.4464420329148856,0.839630159105792,0.8861774323065186
2023-07-19,-0.3266114784154277,1.5708617138756757,0.9003105236527315,0.7404549036783146,0.5404125076048104,0.8825097367415742,0.09389538218978628,0.2119975053681905
2023-07-20,-0.9655191215420736,-2.968117553026424,0.10758123218023964,0.4721311416652993,0.3537156405384307,0.977840668582173,-0.5225936900378435,0.08365896635108272
2023-07-21,-0.13505027240233963,0.13954196546853545,0.32156206740391835,0.20672817583705003,0.808827372835436,0.3120708445228033,-0.3869050986631301,0.3463871195693617
2023-07-24,1.1573724788091209,-0.46602358271218935,0.28092789294701526,0.9519575360396556,0.3235075160741362,1.6308261149714345,-0.0689054097518106,-1.259188928151637
2023-07-25,0.5360591667827208,-0.34085667689879007,-0.7914442959465668,0.3047643584978382,-0.4837532270578907,-0.3709059105606167,0.4459975190462427,-0.43112320589950937
2023-07-26,0.11887538706184823,1.4864279893058274,-0.2002449589779941,-0.5871999380071997,-0.09587869125998207,-0.3695670741052106,-0.3362439356581394,0.7858460405265292
2023-07-27,-1.0237755478399104,-5.386571674689879,0.6997721429020387,0.6717076696957764,0.1222227561954861,-0.6194141439506136,-0.4411656821765123,-1.0076161215332764
2023-07-28,1.947795402153556,2.8159935707988586,-0.43808550532976664,0.7016173610007399,-0.1688171273179575,-0.9003055349404016,0.3496607229684268,-0.7979972916554686
2023-07-31,0.384014045768088,0.7887831933889395,0.22567492718135157,0.47504957915048746,0.201218999199958,0.35614486808270873,-0.21127517214046007,0.5880056420333574
2023-08-01,-0.7079659342096172,-3.7149127182168113,0.9117822704645461,0.21710409232439523,-0.41988818867466676,0.24506237292075175,-0.985571921503424,0.15363719706302856
2023-08-02,-3.7336408787682895,-2.746520283476234,0.47402606512708184,-0.2267352699808596,-0.18744290972734579,-0.07603985378362527,-1.3428263340134154,1.318529244009252
2023-08-03,0.3768203683544669,-3.0143508238434515,-1.4298754859866085,0.3562429949893914,-0.6043534692219305,-0.2276120022025835,-1.323441894881583,-0.6154127079000171
2023-08-04,-1.8807799289171394,3.7093836065180126,-0.7421168714093687,-0.40979481406520823,1.4530963697075236,-0.9524576815621437,0.20947489460621338,-0.017498853102976792
2023-08-07,1.7530317610650148,0.12231521087849179,0.5203097749597803,-0.059946285984078994,-0.18839491891758364,0.08305897107586908,-0.5711640706799372,0.1396098070854649
2023-08-08,-2.110500207158935,0.3115131118155211,0.8501272927017489,0.24515776984817753,1.419427696899121,-0.4300947054774075,-0.07529208390579831,0.6855344956826335
2023-08-09,-1.1169963249241368,-0.19548704354167817,-0.06947062346043427,-0.3553010932155039,0.9447268081866856,0.8785766102167919,-0.01459391656267363,-0.2692634834253022
2023-08-10,0.9534828575987414,-2.554896969178573,-0.20591321529379217,-0.2124565605441435,-0.6497624584086719,-0.5413242283129702,-0.3508720959186008,0.26937689729729125
2023-08-11,-0.5062075891176867,-1.559666912512268,0.21634202564960145,0.21080041003927052,0.08924260975733744,0.5479046218040291,0.09292415584414795,1.0515506499136942
2023-08-14,0.1405651974886912,-0.8577152048247316,0.7470358154254919,0.4413075078031909,0.17339411685520414,-0.7855146990223238,0.7503891796454637,0.19981434864746772
2023-08-15,-2.7881806053798255,-2.2060539575158375,-0.12946472369083228,-0.5038692415031787,-0.36797640565556283,-0.5497192248170383,-0.6551790477687008,0.50158911805644
2023-08-16,-1.79872693049401,-2.3668713477642345,0.04108691892877586,-0.06345731900864907,0.32159795862406326,-0.31805040341331603,-0.2549848082383487,0.09540758209144659
2023-08-17,-1.8618094476686275,-0.8928950947608438,-0.6537166049430004,0.020099077479795564,-0.2857734454702052,0.1356351337653952,-0.9055967139595643,-0.8838129432542392
2023-08-18,-0.2912560380829005,1.0516251664720127,0.05189618961421454,0.3961863154946371,0.6677435618712336,0.39697810988712445,-0.13717086737056514,0.27598869176847923
2023-08-21,1.4707720171753444,-1.756176639356482,-0.6941296420721441,0.03876354194665277,-0.703788502173336,-0.883946634242538,0.6923025847625002,-0.25886735322933235
2023-08-22,-0.9012922432143929,0.5223776468575819,0.425168742583489,0.3955229189820776,0.4050766896430331,0.5629050091584379,0.5772134768704795,0.4582561678894211
2023-08-23,1.3462668324381821,5.954760233468766,0.2416096623783384,-0.00449322350478932,0.2008129692253854,-0.1385791294629862,0.8324847234610607,0.016669558802935722
2023-08-24,-2.7682772387830252,-2.5756126157334718,0.19478177652537432,0.81931749525797,-0.12403219813054298,1.0991213654893395,-0.47977802150360144,0.57053146078622
2023-08-25,1.5960789141237095,0.4238086164209326,-0.011734854656091163,0.4107195405571153,0.953750853682629,-0.0030853027125007483,0.4471914130783854,0.03223554851359886
2023-08-28,1.6839993430329967,1.7882918576170583,0.16869780116339134,-0.44575312836879205,-0.3530209511598713,-0.15917005269964615,-0.0432942720691065,0.0789275553606548
2023-08-29,2.3569229928591957,4.4346480033531686,-0.3698237146672702,-0.030931514018599063,-0.503347237906653,-0.646288622228665,0.08522692403613427,-0.20838768313649347
2023-08-30,0.4576889726092953,0.0020548734600959184,-0.18718453501558951,-0.07934648200389341,-0.41785634998158555,0.19337716155534218,0.00467154200406287,0.2120273920247637
2023-08-31,-1.4196368255916039,0.18316822364271895,0.36572346868232614,1.1982183457189572,0.681068069888492,-0.4818487729601158,-0.21283781075296165,-0.03136604381862701
2023-09-01,1.8834268277483337,-2.04585380744495,-0.17730049892716143,1.3333629810598808,-0.2508225850826637,0.6208900019614367,-0.9947265546143733,-0.0052687640205616336
2023-09-05,-1.3586591691493062,-3.393358013482858,0.09943246940843851,0.7357985373285484,0.2770020943080953,0.2197970021518875,0.0756043829634202,-1.0129782352300618
2023-09-06,-1.2520039017820468,-1.0958553114512521,0.010276019417726337,-0.4743963208406237,0.5742940199252372,0.8543930985567062,0.2079537225716603,-0.06648584670028986
2023-09-07,-1.475018770316229,1.3071816505246012,0.36054901463903466,0.20504329822701656,0.690775913335198,-0.2672954626417526,-0.8949135878471866,1.331691211662493
2023-09-08,-0.1607187983995978,0.2901841517540049,0.035026539623565715,0.29469790518984074,0.2696177062716535,0.04791406167770522,0.718124359040763,-0.4408392833020558
2023-09-11,2.035159568036352,0.3198945381378579,-1.0143582013474508,-0.5344564723538884,-0.43136516593931973,-0.3097222288208711,-0.11183823629601718,-0.9154672300410248
2023-09-12,-1.2410295233075952,-0.251964363743114,0.4005557733296086,-0.0691455092439029,0.6520706540869698,0.877141465717462,-0.057718048237488204,-0.3395758265206456
2023-09-13,-0.5634992770669477,0.3356638681093346,-0.26458439116983495,0.3572637182311126,0.9251108407675876,-1.1712535265860136,-0.15359931377121241,-0.1580464643336411
2023-09-14,2.869859490846302,0.1737045984507528,0.911900021531611,0.9577755666970859,-0.5128843960814142,1.1294069903023132,-0.4537568199557031,0.008864442245147278
2023-09-15,-1.9532821182103954,-1.5171866102111857,-1.139810186320187,-0.5374015699860276,-0.521125820498665,0.6279835730253696,0.0823337531885511,0.8076502861861125
2023-09-18,-0.7981119549545569,0.6215244558809498,-0.7381879982395121,0.055928330294821076,0.21520907134091596,-0.5830445166534809,1.0141019191816076,0.23697387628455496
2023-09-19,-0.36822492487937475,-1.7086766878197044,-0.3106024694381881,-0.13910791841379594,-0.15843727957751721,0.1741818248526925,0.10114841559693763,-0.014482666375238868
2023-09-20,-1.6591125872917827,-0.738639337320645,0.27781952874824184,-0.7445483876855248,0.03199975454645113,0.39253428895883374,0.33637843182129473,1.0619098105057956
2023-09-21,-3.3980049532424,-5.095291519632627,-1.3439372977243773,0.05750954225872533,0.11481164924987051,-1.5183750617607077,-1.520282650619247,-0.36474622377833527
2023-09-22,-0.7557488393480616,1.8932923730820244,-0.011261302892151851,0.5849027080801983,0.3268953279291788,-0.6777301897064106,0.39518954436939585,-0.5265232667743237
2023-09-25,1.3065740097827236,-3.4980778234839534,0.5148922194618297,0.2582273991742109,-0.9600262156197361,-0.41860383879537344,-1.2230384023084813,0.4012841790368977
2023-09-26,-3.5044265456798236,-2.2565501018431737,0.010937013988077294,0.07082860814775638,0.8046584600232755,-0.32874342449344873,-0.6411014631998083,-0.15992634770123598
2023-09-27,0.5896791144914545,-1.7495033155093402,0.9181966936898782,0.6050177602811042,0.5826827602989012,0.21637183863976597,-0.525057530501515,-1.3655768139056286
2023-09-28,1.19262609885477,2.4302546535035616,0.2759050720118851,-1.0539670556668066,0.1756112191376791,-0.35325177792327905,-1.1208917053913954,-0.6518385105557748
2023-09-29,-0.7710777988792294,-0.6480487466205178,1.3358421638943634,-1.0251697644524593,-0.357771172739491,0.0047170154465587385,-0.5310392008269437,-0.5564596050362856
2023-10-02,-0.7546262380797314,-4.3428004962017726,1.0868064065641676,0.9329422261978857,-0.479094651651886,-1.0908611706191071,0.12798645144712018,-0.7892865150867897
2023-10-03,-2.7927101086673987,-4.9682669256378,-1.0260466913822384,-0.26830406143531627,-0.9502224547532621,0.07771282378520401,-0.6505193329198797,-0.22434211660030762
2023-10-04,-0.19281530591410964,3.709199785781645,1.8620673412524171,-1.5482331114421721,-0.7421426357897736,-1.7396899459435315,0.07597486887771893,1.1668678111330657
2023-10-05,0.4889680229575788,0.6175740065246142,-0.06827024114009862,-1.3060550890208058,-0.5717351996057185,-0.16751543569062077,-0.8807884682278302,-0.12325817578975148
2023-10-06,3.6781661789294775,-0.3750010033628596,-0.7238811273571262,-0.021280818354408187,-0.9668818272149984,-0.18248655193289223,0.6448574258704612,-0.33534550235760835
2023-10-09,-0.35437907357141607,5.940305936278175,-1.167054090513856,2.0639191774321413,1.0424746302316583,0.31351326858687256,-0.034468089751914406,1.2880647937656333
2023-10-10,2.1231925433046457,0.6567540020262466,0.20189181367360703,-0.8990768773847987,-0.6220558804452857,0.3142500491413658,0.4888945821581945,-1.1344539844989165
2023-10-11,0.03528954904478709,3.052269251805029,0.9028499029500245,-0.2725654978067792,-0.7578068126984614,1.1347083730930876,1.5357794585277675,0.12184177096548937
2023-10-12,-1.1676103856890283,-4.9818055944677875,-0.1522860152129565,1.133834878462943,-0.17546516616268854,-0.3291116745591874,-0.1668674861501021,0.40974819159474823
2023-10-13,-2.074809704201171,2.7738812141050335,-3.028168232544034,2.604582769982662,0.1580646214758676,1.572093039552507,1.4109073180116707,1.3180525921335497
2023-10-16,3.311411761009457,-1.0076502455321177,0.28651487345422944,-1.0956470339133764,-1.247882299714648,0.44306792332632494,-0.6425112906222631,-0.7198349213200621
2023-10-17,1.0514655825083263,-2.8260594928066807,-0.505216669232589,-0.005795921626562069,-0.7887988243188754,1.179097558068962,0.5458399364599918,-0.025283533052483105
2023-10-18,-3.3219540013879825,-2.8796155591382337,-2.2237978568436843,1.7830974485831317,-0.24884757771401378,-0.018485522895143474,0.10968603558568885,1.0348317011910637
2023-10-19,-1.9127159706738455,-2.130005270292978,-3.135371828198445,0.8022472210875153,-0.5290761489991594,-0.8560043853416668,-0.9645094090592207,-0.09101659092811927
2023-10-20,-3.4319464650267855,0.9949167190962955,-0.20576174524471197,-0.31025216949189754,0.7323003486463123,-0.7278069713061687,-0.6531878295721258,1.3450690197921766
2023-10-23,-1.0592418395342935,1.690846430828691,-0.17818497626487012,-1.4991138478506534,1.170131658695981,-1.4283155556640865,0.5508313887270271,0.2658558478971839
2023-10-24,1.6774958965166842,2.130617019657164,2.1499550381475254,0.14873001207061648,-0.12155698423864522,-0.16405238209354625,0.9080000405541103,0.5647238843285957
2023-10-25,-2.0873348149175515,-4.28665943570239,-1.9400995218748924,0.5716778811599172,0.3281844914155636,0.24153460017315131,-0.19487297600535144,0.6600225184673955
2023-10-26,-2.7898297322883097,2.827727975578384,1.2199260120623208,-0.36084703505959476,0.24550437032024677,1.0932222310827393,-1.4659895582444662,1.52473162699415
2023-10-27,-1.2200298778578924,-0.004667209170597153,-2.204119691476351,1.0688785517823154,-0.03735533692493993,-0.368547173453702,0.2616007615137536,-0.4906203517090288
2023-10-30,3.0676896386450965,0.15279536557112805,1.0407060787853546,-1.8103889664999382,-1.174496667022795,-0.7643541660631819,0.5008185846681247,-0.8434141387253311
2023-10-31,1.5199437552091983,-0.2732397996983511,1.8448409737516978,0.2530464918717056,0.06051027901892743,0.553585375345634,-0.5513540643624288,1.0407977122102623
2023-11-01,1.1743066268767188,5.509881778007341,1.2513113510790217,0.19955188556272638,1.5879594034556324,-1.3874906381819712,0.14367440529052874,-0.4438554990912035
2023-11-02,4.733866123886796,5.425454895220547,0.6338361401903656,-0.7960131925064424,0.8147462972421387,1.071828361698364,0.6451620018085122,0.25964726545961764
2023-11-03,2.710107402332263,4.668472798305024,0.046938172483558395,-1.555599249508143,-0.9151530626780336,-0.29339883418871965,-1.6359487400633546,-0.2323037440825308
2023-11-06,0.3859389927801824,-2.5026444896851663,-0.06422395422472382,0.03778646270603756,0.25988698547457884,0.0198239019260476,0.9515442807814594,-1.6410003376101694
2023-11-07,-1.3373132589802874,1.6387148894472505,2.0607166737918234,-0.10569364349978375,-0.02060542845012626,-1.8263944651549966,1.1084525385347672,0.03461726028009994
2023-11-08,-1.2623246231283347,1.1005323184899392,1.5649339983765287,-1.2421071092188076,0.8516206940563361,-0.10815032836281552,0.7389442836921059,-0.08688292176656975
2023-11-09,-0.835040936166022,-4.585306823726082,-0.9665986336555172,0.33700411175952666,-0.8081175219998463,-0.13538363689691146,0.4043961006510099,0.6739062138388507
2023-11-10,2.8613079390661995,1.7514913464853894,1.353514415227339,-0.11770720980855717,0.935386694381788,-0.4052572856019652,-0.023230399832977894,-0.8395326703556257
2023-11-13,0.08181079762433124,0.036451194771206535,-1.5372920964423922,0.583272876607873,0.3625051579000789,0.1671704945473525,-0.037889687092630873,-0.30988046111379575
2023-11-14,4.748556763074147,8.851127492785832,0.41070863013025494,-2.2553272783999243,-1.6926023823906713,0.9257642711014761,-1.6945148669675705,-0.46148517474133227
2023-11-15,1.2404687874748428,-2.4792194311575235,0.7952294061896062,-0.032372229482856424,-0.9111889351816673,0.5762928779281444,0.5554599604391215,-0.18656743634382442
2023-11-16,-2.0526614128433684,2.248714661500504,0.5347731471361785,-0.38245774931415416,-0.7796921076712471,-1.8025807406484469,0.9899250945175995,1.7521230138640398
2023-11-17,1.16744088349127,1.042544126872599,-1.1782399754450152,-0.6738816829816618,1.1403747551629089,0.661417624098252,0.40910730918461724,-0.544616782694809
2023-11-20,1.6037166571954335,1.6902665422843066,-0.15634032499524275,0.10035030003742561,0.3721745965614538,0.6576877531412749,0.2434465412341452,-1.4019015774560193
2023-11-21,-1.1564351707691591,-0.14047561646388274,-1.2844146990619627,0.6902827521007693,0.20129661319096287,-0.332225003912133,0.1128876229572367,1.3395819972985308
2023-11-22,0.4681888886093698,0.4959994679705445,1.4356892373057624,-0.011499135764205522,0.2379235016197691,-0.4113561874995428,0.1720674834341203,0.40547296728682003
2023-11-24,1.2185588764184994,-1.4158393091401849,-0.8215333675214523,-1.1740633710644888,-1.1853042269216636,0.1586211058160452,0.12531312327945457,0.5461742170880108
2023-11-27,-1.666984228640784,2.4844722123038476,0.08103714023665307,-0.30915577804872246,-0.003569414954650741,-0.26539204363567576,0.39765858024309625,0.8438939410024854
2023-11-28,0.16835943245843848,2.4538834926992457,-1.6233349275027538,0.5925238890892054,-0.02960813685016715,0.13561654410979096,-0.555483524322487,0.3843763693287759
2023-11-29,-0.5079985452509153,2.4664928698136146,0.12417394657382205,0.5277296556618177,1.207775832520672,-0.12928345765246196,-0.8511729685227624,0.8098671337686051
2023-11-30,1.1416965110093178,-1.749422685106997,2.0385942502696808,0.2400843765926311,-1.1080469101021853,-0.09985772860198387,0.011934091603318717,0.3104215840474081
2023-12-01,1.291866123173917,5.284020275769525,-0.014204293771858023,-0.018381184471258593,-0.732645973586375,-0.16885977147762865,-0.5983132800850115,1.8942670075838852
2023-12-04,-0.7660284110762029,-2.77920603964282,2.321726407826035,-0.7226993444826897,0.7512309282994193,1.215020068250104,-0.9535444308977082,-0.13799695276691037
2023-12-05,-2.213969735478576,1.989088640241801,1.3318739379086932,0.3158979373083525,0.8679167621010915,-1.0657607559175533,0.7105628600999887,-0.19817616108678582
2023-12-06,-1.458084119511089,0.6738234952324349,1.1260607615442344,-0.8223791975673655,-0.6378929488475338,-0.7762600893540457,1.297177028455227,0.8530264742910564
2023-12-07,1.6642628800352572,0.5131988839897639,-0.6776674519537382,-0.5402012956074357,-0.48756182293429906,-0.49442738783438867,-0.3455183420372044,-0.4362250832205931
2023-12-08,1.3249840956134253,-2.430541883651319,1.0122178200311418,0.20234754155687526,0.7615761174106429,0.7260419047907564,0.44312880014777045,-1.0376682225764955
2023-12-11,0.8794722372226851,-0.2920803868328251,1.2382493799893204,-0.3378183624928982,-0.057863007536545275,-0.25086990730829567,-0.36877126834945023,-1.1270201092886165
2023-12-12,0.3076994872561046,0.9239738919671399,0.5885697422414954,-1.126325331399445,-0.07738054652518515,-1.2663457397971183,0.7868154896403623,0.6316703114438506
2023-12-13,2.828916748515843,8.592903820302997,-1.0703269877666484,0.3607644855835314,-0.007319516859517654,0.02177600290121868,-1.613092447474605,1.4879654517517578
2023-12-14,1.0826630056543776,5.300310485385978,-0.6979478599008473,-0.5920484078698856,0.2905106151578935,2.250335710293521,-0.6968098978912983,-1.1465516257155997
2023-12-15,-1.0927092938821203,-1.9925876447455062,0.9598333383045603,1.0759192006269225,0.9270832376386794,-0.2973422557882702,0.7220509061349234,-0.5363120532359075
2023-12-18,1.032648307754126,-0.9817509528245772,-0.8498103257766443,0.47902090719276863,-0.2505499972282224,-0.10230943663135654,0.011081047082548071,0.08132722003787704
2023-12-19,1.923120759833913,1.4955692745032392,-0.8107318155328157,-0.15090276493487764,-0.3300052639740586,0.4085411802382943,0.05162266557777681,-0.2715035420655393
2023-12-20,-4.600705157789501,-0.3716428306785846,0.6621724538723593,0.011563024277850274,1.0815882957906386,-0.7908310893743022,-0.6825018496975102,0.830428406796271
2023-12-21,3.455440029649672,1.2048982176656962,-1.0607384637123476,-0.8562708156411564,-1.0766109626851323,-0.4694021748795103,-0.3971589589126243,-0.4428361909968514
2023-12-22,0.22153870034394132,-0.5550555125043724,-0.19415118940173348,0.10181348586896276,-0.8065449649102275,0.16539904910648748,-0.3158227797784137,0.42544057354419146
2023-12-26,1.4395122285332267,1.0213193191193097,-0.7341818142683673,0.28103283673943374,-0.05644010066045172,0.7974667323252794,0.5723449849651856,-0.04330339507249784
2023-12-27,-0.20929990623331052,3.14725958836342,-0.13675070180194931,-0.9296468039132232,0.2828093017580267,-0.4490263971116106,0.45993734492168054,0.11323293986471418
2023-12-28,0.06244344201984349,-1.562031450382382,1.194939341084019,-0.21739801444293178,-0.9671947143636865,0.45167901723095716,-0.38205320674169624,-0.5527288709399535
2023-12-29,-1.0726699867690044,-1.755873534098717,-0.1910728985155822,-0.023830247426612404,-0.48164237947723143,-0.6797972659763969,-0.10286619533248,-0.6904206601096969
2024-01-02,-1.7707955990673827,-2.841432228493808,1.3298841893735573,0.6142550741762592,-0.36538989152041496,1.4874755029818911,-0.26586081259032385,1.1705176153446533
2024-01-03,-3.0554329544737078,-1.404496498273763,-0.6399111854033878,0.7974631626475457,1.699700902443292,-0.13658298556378637,-0.09991399793797519,-1.4814964545553386
2024-01-04,0.015101697215383835,-2.497453810373625,-0.36526740715405087,-0.5011589598986176,-0.920665805972089,0.20707372894500148,-0.11982651166512111,0.22920639363741604
2024-01-05,0.5493552635970634,-1.3365440210392432,-0.6254349160770962,0.11979479206679886,0.1163106049034711,0.0215126208384706,-0.24379746390391976,0.00038923751772115193
2024-01-08,2.3179882526659195,2.5459817890552943,1.9932439715719832,-1.042946479701644,0.03817321264078305,-1.1722461193523508,0.16300152241412239,-0.07815347795739643
2024-01-09,-1.2773408815438283,-1.143467524850944,-0.38460785873550696,1.036297923388116,1.1524532641069387,-0.4006949227425954,-0.3191700347408937,1.2405346170067668
2024-01-10,1.1234072623516131,-0.4524219767560585,0.17563880265047035,-0.7483488831460913,-0.13812464571397703,-0.706202822377482,0.11418420936725153,0.16083283464958
2024-01-11,-0.96429107343241,2.034617380405575,-0.5795563991448203,0.9132595824410318,0.9173340635464161,-1.1105400591312657,-0.5670879333620994,-0.5952298734000093
2024-01-12,-0.3062103770232374,1.4180471206970853,-0.7049321914871367,0.8519439317068905,-0.697671904933427,0.0354459790616062,-0.8434063639541768,-0.013078026591371536
2024-01-16,-2.006964634348068,-5.060058878696631,1.3804235539512846,0.9518883381947516,-0.21041025255176432,0.23552016100954218,-0.11108159783732732,0.6983075314404963
2024-01-17,-1.8940999270306995,-2.8781228787211424,0.23752286778032436,-0.3958680195132019,1.1887707205331857,0.019484896931496725,0.9021305670784645,-0.25584032171378146
2024-01-18,2.3044466183858594,0.13175585067962756,-0.8990837962333554,1.1082688656362607,-0.5423524609193358,-0.9127434075993544,0.3180881939536898,-0.4344775437195328
2024-01-19,2.6465032822521777,1.0835918219045984,0.6123728013773053,0.04076278778174467,-0.7660939685667075,0.1832791985216278,1.15322117419347,-0.39683773211014267
2024-01-22,0.3753730795156363,0.8463262990084043,0.5895157263673589,0.17981810273046533,0.5241923166666059,0.40519672197645723,-0.5059709501321593,0.07264475665540876
2024-01-23,0.40316702124569725,-1.3337338432002759,-0.5990421032583761,0.9133674243622859,-0.5871521630992539,-0.045212959813429154,0.08289723667890418,-0.5260320894036101
2024-01-24,0.7688834121387718,-1.2202917826420918,-0.8743806618249532,-0.670250867039491,0.7007343384012283,-0.42186859453025655,0.20836522130181231,-1.9593685852458524
2024-01-25,0.8373271355612367,2.5432350085329247,0.24608940123275444,0.9507144738093578,0.9581395175752755,-0.0997283335586471,-0.952496063479171,1.1775432011962303
2024-01-26,0.10046187790719623,-0.9064097967980762,-0.47231308238421676,-0.20600149016193392,0.2099771518114872,0.5453961093712504,0.16957202277662767,-0.3737188609730527
2024-01-29,0.8732349887180971,2.590760923281362,0.7025397495387906,0.2764928217286901,-0.8227334727053762,-0.5893310103043984,0.604790850732913,0.17751916551679464
2024-01-30,-1.1609338466598198,-0.06818423792646278,-0.6680530528012436,-0.016364932573248652,1.078012385899929,0.19870998533697337,1.0865667018839256,0.21120462634490875
2024-01-31,-4.858967764247132,0.7918943005862709,0.24518056513005984,-0.2399067919985135,0.15133650947966695,-0.22860243334518854,-0.5247830324798394,-0.41994587467862676
2024-02-01,2.0953385442559203,3.9957027630050357,0.45349157477502405,-1.0849764677790625,-1.1177957715796245,-0.6879683487566121,0.6857808286925606,0.8986291495977793
2024-02-02,1.6912542345305623,-5.409939810991918,1.771653393556431,0.8776858312886405,-0.696809542326083,-0.8124998555897635,1.5501401519563884,-0.053824234536956735
2024-02-05,-0.5410826073269042,-4.742829952665585,-0.4775507607066586,0.7927269934931191,0.03413337535426814,0.029566576008531506,0.3603571887045453,-0.9701744815435123
2024-02-06,1.0172089933647235,3.112832600942518,-0.2831677551356209,-0.37623374380837904,-0.43515312542844126,0.6025298127908013,-0.5907256544655151,-0.7379349741370227
2024-02-07,1.319717169728513,-0.6928123241137675,-0.36176043335864133,0.13529966116657124,0.10657434992740908,-0.26391532040059434,0.24008591227697187,-0.14657809131127267
2024-02-08,0.6163660614677855,-1.1219171617051606,0.07339360352818984,0.49505392697377026,-0.28978978881247075,1.086543121586461,-0.7786099569006526,0.06771992217761427
2024-02-09,1.482958503375444,-0.17910072461938323,0.20684705166490006,-0.10981708380951881,0.09662641482788174,0.026999592372271505,-0.15913736559826247,-0.5223694462441588
2024-02-12,0.3148812871717651,0.1336601153706296,0.45977294539021546,0.138135926485273,-0.43699706745325745,0.570755977471832,-0.2760883584253155,-1.1192725791838412
2024-02-13,-3.9804521614506836,-6.744423227609627,0.5194683145766334,-0.08846198134402194,0.8423815186776609,0.7146939464544718,0.6622370206364049,0.145514893506469
2024-02-14,1.998040481113595,2.8096436086316583,0.9030852367951733,-0.5673338006820194,-0.7332423259103878,-0.9082187100293403,-0.306832413285046,-0.8426429241152927
2024-02-15,2.309448002539746,2.515234414354884,-0.11729573650495394,-0.5473590611061999,-0.6587388428143868,0.8902133007460272,-0.5622021861767483,0.6268657715339714
2024-02-16,-0.8703829613819052,-1.8496341288746727,-1.150540801951371,-0.14038874757667943,-0.15824808561791587,0.5422754605751854,0.791396815385831,-0.43697150586551475
2024-02-20,-1.1607334533644909,0.4643427320228043,-0.797045249747142,-0.7793206970931599,0.08997782619915376,-0.4246624722713607,0.13595095272093224,0.968211993416171
2024-02-21,0.24272743854600792,-1.1518178079448553,-0.46827880919337633,-0.36241702151655814,-0.17083468461954543,1.1431250549566452,0.024181425798108874,-0.18631895132941662
2024-02-22,3.936165988999627,1.4022397785584386,0.501346346117096,0.4245035839659336,0.016748941966980967,-1.3339005630189824,1.2677031563020547,-0.5906603988239315
2024-02-23,-1.027023538190562,1.4816858166900035,0.6415142536289568,-0.34696610748962503,-0.6505914799546552,-0.5943550179175142,0.8442429028065783,0.5943731387390687
2024-02-26,-0.5709210407026007,-1.3281265730734968,-0.9213691757990865,0.19058691808620365,0.38739753751988326,0.5406557973458636,0.13252561114978323,-1.0431593112440265
2024-02-27,0.8335311059664033,-0.5738334355861212,-0.3448381787309887,0.41464314244317774,0.22604742567362385,0.39741353828673726,-0.7247645610809956,-0.18478274671937153
2024-02-28,-1.8953536989181683,0.6775768664642091,0.4410208185751204,0.02354152323060168,-0.1074616233142637,0.5974752514392883,-0.5765036973497878,0.898099104822375
2024-02-29,0.38489251084354215,1.3374540339916794,0.43842775230763675,0.6893443397995717,-0.479301267292765,0.1415539003624299,0.16046544670596669,0.20674405907542429
2024-03-01,1.7958020518075346,3.6131283985930938,-1.0897101935593396,0.926808557768765,-1.2055378933842,-0.2890082792477511,0.22848662199751543,0.3772354678439914
2024-03-04,-0.26912648956787766,-0.6708780835180159,-1.28131759272566,0.45907972091828464,-0.8918079531677776,1.4038577346957521,0.6439773778804146,1.6261234402713431
2024-03-05,-3.8968299718318686,1.2487967021518047,-0.6440596548526627,-0.5811857443370748,0.5061576571444688,-0.33960883033581063,0.5121934120590332,0.598628825378565
2024-03-06,1.756348634912684,1.7709116186233418,-1.1342252822026713,-0.2641523933100034,-0.2524453477247542,0.33270155052520145,0.49768306259031947,-0.5651868216005408
2024-03-07,1.958877100251952,1.5438620234598373,-0.9310790035974618,-0.39664749582851716,-0.650834790118772,-0.9785289909610271,0.07059230334749286,-0.6602124415589323
2024-03-08,-1.3715428257827542,0.19893187249056019,-0.3339511669990546,-0.18151524401511585,-0.5307705543232816,1.085230519437798,-0.6369127008266452,1.4019124661774702
2024-03-11,-0.4770783398917638,-1.0157627603992245,-0.6360338067387422,0.4881226667638829,0.72023239079431,0.569295277948707,0.5150276263759451,0.13152155534659968
2024-03-12,2.5442193008601364,-1.237265988916788,0.9746845019997179,-0.5532578612509951,0.11908705575545223,-0.7123536258956478,0.4725494989432147,-1.5035577132152171
2024-03-13,-0.01793837926719484,-0.9291014163067012,-1.7398613678142079,0.5404896756878462,0.6500501445126251,0.7118489571866968,-0.005234516102049126,0.5471685261432159
2024-03-14,-1.0124301949721313,-4.2088578453718215,-0.13576509706976947,0.9287129744684276,-0.059706260479518394,-0.12911262257870712,-0.057328543014158705,-0.35351945347410596
2024-03-15,-1.3910175883910358,-1.0415038000299166,-0.15853504327585072,-0.26890239659905674,0.8936306374995517,0.8377490077088566,-0.25847745094630104,0.27217395061312866
2024-03-18,0.9284958161340808,-0.33533396250664943,-0.28995272522882487,0.9593962197778101,0.41249376253595643,-0.09542150429373686,-0.07384364572280659,0.016057731290194825
2024-03-19,0.4828141032082506,1.0212774588899693,0.6518846495112333,0.4931044118629103,0.87173527350614,-0.9652046142867041,-0.22524390518798207,0.703887228602035
2024-03-20,2.5062481613230743,2.654261187968456,-0.7678290053013715,-0.1202693372959563,-1.351928568685577,-0.8544180098478877,-0.1182009715908927,-0.20957206334974096
2024-03-21,0.5388220996038134,0.29665875816568554,1.6308151346053683,1.310878150578673,-0.19732789917588314,0.4044777656027167,0.1540522836060578,-0.11508295299998172
2024-03-22,-2.6329681455710485,0.341918883497795,1.3909202842773543,0.44470991258729686,0.8632910818511186,-1.1097057296662187,0.3025284580234936,-0.8060529641037979
2024-03-25,-0.3877110042297036,-1.447003528995476,-1.4150033109183604,-0.0973982549254068,-0.07091040173349587,0.651471008795185,-0.14178077865692043,-0.23718945536235306
2024-03-26,-1.0119775343305424,-0.02700631331479258,0.1459935344300723,-0.25202798106442503,-0.5837856534538319,-0.35738595194384326,0.3580935026859759,0.09443174940574922
2024-03-27,1.9217204565146557,3.17315400415541,0.9212508630780211,0.19908130833329485,-0.18460306168929203,0.6639043257569246,-0.37216227786078676,1.5373667000549118
2024-03-28,0.020165039518180074,-0.22870675277265817,-0.9191192267167695,1.5096000378522227,-0.6757277833757593,1.7862310678957312,0.5260753077686493,0.22343739653610187
2024-04-01,-0.06491142303821604,-4.407790563424941,-1.5539650284277722,1.2612232741444165,-1.027695186185131,0.18016055650743584,1.167087353611079,0.1960451023459795
2024-04-02,-2.172768723367547,-0.8836364457542343,-2.5862281895193906,0.7223848464063263,-0.3487595885536042,0.23232651413529468,0.00030554440127293674,0.21696400542740227
2024-04-03,0.4808609005614538,0.8868803500468895,-1.8028934143689208,-0.044986478664446945,-0.05226864822270268,0.4047954344689264,-0.36755408214961455,-0.10001958873246487
2024-04-04,-3.8004705753567833,0.08890427930403666,-0.1491620677055571,-0.2896532682408351,1.0312804993272777,0.6049271629771747,-1.1868460534873122,-0.6862624988156593
2024-04-05,2.7220618179378056,-1.6399331889656077,-1.146727866612002,1.0137890746881928,-1.4479871456884301,0.5089292425550345,1.4418105178339253,1.1377708660953199
2024-04-08,1.0169113587618759,0.0968105735810022,-0.3094169385068309,-0.6816893741347523,-0.27965087498419233,0.9268230669644494,0.5128294464358503,0.7233375980347398
2024-04-09,-0.2495089305879257,2.2545049187827173,0.644318618168458,-0.26956837146007023,-0.5840622766673821,0.2667828624748074,-0.10922667653048426,0.3953188819490303
2024-04-10,-2.61616608926708,-8.46978604107206,-0.2844597549566806,1.605359552598533,0.8838306040078807,-0.0035725194000857463,1.5482845966331906,-0.6643079212757127
2024-04-11,1.266321345067686,0.713621393508712,-0.8013511760581794,1.2281157747839355,-2.3906877262494333,-0.5962142956867957,0.22936817852940242,0.3157399823437732
2024-04-12,-5.162799031705522,-1.1231381289543774,1.315824810298405,1.0034378512411692,2.453367170790118,0.06203065060717974,-1.1332750260450435,0.565120607129392
2024-04-15,-2.291046473506605,-3.5940558748950733,-2.477355456552052,0.7928021635430271,-1.649290388039648,0.40517533677950024,0.07195179242823727,0.6924867073641887
2024-04-16,-1.137703701533889,-2.4367526301282805,-0.20843432907637663,0.42374459380938123,-0.04634344848803449,-0.5439506510869979,0.40179537877090327,0.6458766481429158
2024-04-17,-2.376317915723368,1.5409894832246964,0.7951807476609858,-2.116105784510298,0.7750842139871508,-1.0635460921964854,0.10451147496079004,-0.20027698587867768
2024-04-18,0.05093542268468737,-1.1305497531634012,-0.14134087841593576,0.14084232937687585,-0.1095755355484772,0.3552819110525036,-0.06266055304015833,0.5528934280480423
2024-04-19,-1.1291987212082304,0.41392429697252825,-0.5321798131141737,-0.3399255016221454,0.9469404131596834,1.0558434508975187,-0.6903675478490374,1.0377656099986732
2024-04-22,2.891755034719568,0.8644972229310032,2.104000269157913,-1.2778535048539037,1.552987479558017,-0.6617693091409718,-1.312028561758861,-1.5726657781648004
2024-04-23,2.995326105606011,2.0068423309906933,0.06266784969058993,-0.6491118504560361,0.07884487744702962,-0.43412866944333034,-0.5330271721036115,-0.827866446380089
2024-04-24,0.03252108023197163,-1.4385579480132469,0.26970283979418525,-0.10368441836754122,-0.7092885674394678,0.43617584968760503,-0.16076898516878765,-0.5711356183538144
2024-04-25,-0.9341747400351105,-1.5559312824825366,-1.475777509541287,-0.13923665872591207,-0.29627161944488256,0.809080249770601,0.11144298736404652,-0.17343795726380554
2024-04-26,1.9319942743394836,1.890382422083942,0.9086667523719771,1.13859219422285,0.018651876742113296,-0.8006343932984348,0.8504446979882434,-0.6250680770430135
2024-04-29,0.8798127557877928,2.2758711296881065,0.4912883808758871,-0.9563280310469086,0.19474628908752467,0.22990790847576328,-0.12022025256186483,-0.5179988988503068
2024-04-30,-4.452442233797578,-4.809919849898385,1.6513286639530795,-0.730030433904444,0.42311894271518924,0.19706707344030344,-0.4563077855868873,-0.4270335919925048
2024-05-01,-1.1544567466893838,1.9784697905983184,0.0844348718469181,-0.70387162276514,-0.3689390718195874,-1.5118907026463178,-0.6581056336579865,1.8504853843142242
2024-05-02,3.3454235025758283,3.940873007002888,-0.08793140851015062,-1.4984429050225234,0.08861593880966898,-0.293078522706091,-0.7980787170711259,-1.6344901212639844
2024-05-03,2.304013556239655,3.7679261508181927,0.6080946764943683,-0.10054021153304524,0.29553991464934737,-1.104555519323599,0.18271873916581807,-1.0611287932414073
2024-05-06,1.8827953629104195,1.230115921264236,-0.6609771768313736,1.2752594408297298,0.1010349812981731,0.13651176411576135,0.9418841982916325,0.059307339989698935
2024-05-07,-0.3317266346808308,0.4475862582344827,1.2286344744828241,-0.05548707685737839,0.2556340441077373,0.620718569844913,-0.22185920110113858,0.15460775714243766
2024-05-08,-0.21501780044297042,-1.530928632651348,0.30637387498957774,-0.1201833768775364,-0.32482638272700115,-0.5536163509726569,0.2722465614269489,-0.4836352201046106
2024-05-09,1.3441688756348174,2.535860195677726,-0.7394353608015128,-0.020887995665476344,-1.2860428391926728,1.2781117545502523,0.01862021544216103,0.3372329250527589
2024-05-10,0.3568673108278263,-1.2785518692426645,-0.44920164663688406,0.23103956751515597,-0.7696677253140088,0.04722782201835698,1.0139590742497255,0.2560237524768171
2024-05-13,0.025614634066289832,0.20897764830229204,0.5617313683090097,-0.2952649889664017,0.6157373355215566,0.7208904145521605,-0.7585070479321363,-1.6325977799320486
2024-05-14,0.8847123116354113,2.115566805065924,-0.018370791867495427,-0.3672835300617251,-0.9055876333814029,-0.29626417027006985,0.12282360721128362,0.10936440652792298
2024-05-15,2.247637447382745,5.050306574523041,-0.6442415707778419,-0.3918251766321701,-0.16812331142740508,-0.5834276339982709,0.2904402446011618,0.10186320146257319
2024-05-16,-0.7366293093813759,-1.374458093196798,0.4134781647953711,0.2451005449250042,0.1676656950519618,0.7959184858742969,0.23120557087703414,-0.5164441116135888
2024-05-17,1.0438580776227142,-0.7588976869497059,-1.834534592532157,0.8934618498095958,-0.47438011003174785,0.7374274039705322,0.6122923300990594,0.589760160490632
2024-05-20,0.04013415111330896,-0.6600198494657843,-0.7463476535263113,0.9440944043096439,0.5143058605407582,-0.010778861621329275,0.20415379445466966,0.062369042255387766
2024-05-21,-0.8626829585797758,0.6216691716509978,0.6497269251347908,-0.15643016451585787,0.037892808100111926,-0.3257796863967416,0.1403012779980098,-0.09290405333468092
2024-05-22,-2.012440971797242,-1.968085764412891,2.161132624001036,-0.7701690336902959,0.3834450103379749,-0.6032110384734408,0.20114374899761447,-0.8564635215849046
2024-05-23,-2.6790902635203215,-3.560676867250192,0.6167619016758827,-0.8027097507895595,0.8766990096268593,-0.841566265618443,-0.48193145262070686,-1.2219221594442828
2024-05-24,1.516734220191912,1.4125148883956995,-0.625885142744934,-0.26180170528122254,0.6659663430138518,-0.3211880904166512,-0.033704640344415684,-0.3082403132070898
2024-05-28,0.4637978454214132,-2.4232382555641694,-2.3672326161610453,1.0573946655688993,-0.5167547699065018,1.1685503164576434,0.11061360745018078,-0.5928660693533547
2024-05-29,-3.063737865519911,-3.801594564656281,1.0873381465297631,0.3008602225216497,0.028163027832069344,-0.3509525616449085,-0.7675758266356087,0.8082334882620843
2024-05-30,-1.4501011783162763,2.618868897337507,0.5360068496993294,-2.006160940363351,0.06913431437484442,0.23952862457769164,-0.8415309862643227,1.381653280248056
2024-05-31,1.233226254411635,2.5755141480163215,1.4799684240598114,-0.8474918135142255,0.6319936652917731,-0.10346729218072441,-0.8378257960398737,0.7651411489471135
2024-06-03,-0.9771093717333619,3.345938229282421,-0.15558264747993977,-1.4583220269395447,-0.5641738093992182,-1.3899739959684363,1.042568999355297,0.010454717305390878
2024-06-04,-1.7385516139227186,1.3911201595408356,1.756593757749534,-0.7935018213192159,0.4573361214183784,-0.3233911013041394,-0.041295924271910305,0.18321579840497002
2024-06-05,2.373414388881252,2.6836353412292833,-0.09543612667301173,1.4342426783916544,-0.747907058735379,-1.057145497717681,0.7526551174772788,-0.8494042594569419
2024-06-06,0.24395124331726667,-0.010285953898046984,-1.387052883641854,0.35373718729312903,-0.1116867143842816,1.0218179606721454,0.061013540837224926,-0.5887124428709692
2024-06-07,-0.5541521670299931,-6.585218311316014,3.0924324060244084,-0.6426209955752902,0.9964243394223324,-0.385655407899434,-0.24045859554262067,-0.05076098123560544
2024-06-10,1.1846984650459067,-0.3860768962363741,-0.9483567454754251,1.5160270996330096,-0.10106161769458195,0.755123972415144,-0.39933102190341113,0.090360021139241
2024-06-11,-1.6620066626178858,1.5258349590039364,0.45322795852066877,0.9000222718168623,0.3118595452743845,-0.7050792955461891,0.08014031263846434,0.26021591186350407
2024-06-12,1.8847241657111444,3.3194139010827453,-0.2178246438429058,-0.7007331187649253,-0.010546978735077874,-0.421225682187126,-0.36441880979739566,-0.5690528953583749
2024-06-13,-2.2175302004297888,1.8570783862918856,1.6940833446171373,1.0931129692950303,0.6123779991304337,0.0631823495410029,-0.6261596710260504,-0.6801575966949501
2024-06-14,-1.7936975902710492,0.21952141640042688,0.42759138508429084,1.4216043366457303,-1.3012824007495818,0.3266902946824294,1.334747775777891,0.029400739614638273
2024-06-17,2.54203315621794,-1.4491025165790283,-0.35959103470879633,-0.33996768528168997,-0.07227693741932947,-0.26362789525116326,0.30404744138038076,-1.0865538190954058
2024-06-18,0.26210943068824,2.526228059096423,-0.410745801749928,0.3961973609806273,0.5857441480055376,0.13579773933200653,-0.4506415648812933,-0.531874621058932
2024-06-20,-0.15479209390058524,-1.2721754616149243,-0.6970502532476188,1.0967581317022057,-0.3556873216374927,0.3180944679713586,0.4269229012625256,0.9366729876010914
2024-06-21,-0.9104372253759414,-0.8449314944748747,1.7311421504665383,-0.5788133062038413,0.5766749391840076,-0.2590976716470237,-1.079348646466984,0.32345542583927017
2024-06-24,0.14692858350293472,0.7156432610359298,-1.0011718887634422,-0.8217369643542497,0.1799809917271205,1.4845391209221457,-0.22478925436580696,-0.13994579256504713
2024-06-25,-0.358210622712554,-0.2991100297106095,0.5810822696591722,-0.22160520685015953,0.11651411677091063,-1.7524943488617792,0.6002559825728955,-0.4873987889811994
2024-06-26,0.21229651620516343,-3.2669120040682755,0.709846454865937,0.7834759265600812,0.030367119108332237,0.3775174154226891,-0.3269880597571729,-0.3093097541384471
2024-06-27,0.30130608856501223,1.566175335404034,-0.6328075795998737,0.38634656024001157,-0.4572098626246434,0.772689696746937,-0.3179746199363317,0.5083053782270821
2024-06-28,0.3005018448663873,-2.478590921711695,-0.18599715442990186,-0.6028639684955034,-1.5447157934286302,0.8550569645921684,-1.4818828139663995,0.0999526742626522
2024-07-01,1.3733379797863652,-2.9440666667471778,-1.697565281062709,0.6521109832896413,0.3046109204091204,-0.03858494871543219,0.08902649275744103,-0.25783908063378164
2024-07-02,0.8706161182384544,2.317362658540081,0.37725361659243695,-0.12385382280685664,0.5173490398842129,-0.5812932974319719,0.19248829277973367,-0.02314081973579912
2024-07-03,0.7267641672369864,3.8539157308179846,-1.2291074457163538,-0.30008531411822587,0.1387964655664555,-0.7671127361790745,0.5331056713060417,-0.8559335644967074
2024-07-05,0.4012807750408202,3.3333172102719804,-1.0758958094658087,0.1266596447012427,-0.1497550145591407,-0.8457803285675268,0.13779030333420683,-0.03381857261366133
2024-07-08,-0.4388187766457169,-0.5014399796475586,2.0558514956537812,-0.7497215317928558,-0.3089579212898092,-0.2170722648319317,-0.21639539554656015,-0.21470540439845062
2024-07-09,-0.3642320959439219,-1.071543874740562,0.37648094323013664,-0.1277167314757086,-0.8539099069173353,-0.03463784725574812,0.22875900076927194,0.08470568729910681
2024-07-10,2.7405412486752923,1.7796024292912453,0.22662847698757302,-0.23537519300522788,-0.2413164315804473,-0.39477780322487693,0.5415866709312183,-0.26810168052151934
2024-07-11,-0.5529471194461912,3.861511353201575,-0.9975196993793354,-0.8699767195093755,-0.9156280268630707,2.404682671416174,-2.667630056087608,1.761876883304584
2024-07-12,1.5742305992548056,2.1438371462366828,0.26635874508718915,-1.0122603746209273,-0.2364737483964508,-0.7442601284468485,-0.601491127511042,-0.2166621367498768
2024-07-15,0.4821929831705117,-1.7432154557115613,0.6732728588511278,0.6058341577458581,-1.0892169282176576,0.1124649810270127,-0.8757180072616167,1.4025440133006812
2024-07-16,2.0524832665370023,3.37525457812456,0.22255143285953477,0.6380082280274271,-0.6341845334697185,0.23509599693178065,0.9692784525603437,1.5696520995774244
2024-07-17,-3.2273685794379547,-0.9103335247547135,-0.7195747005378219,-1.973378675931223,1.2106314076633886,1.6383331116670712,-1.1801973535412627,1.4759044399041517
2024-07-18,-2.9580776195013767,-3.264127908566201,0.5574254281763826,0.12186614633441946,0.12443764751342472,-0.19264490142400556,-0.19063876176111752,0.4897853360205172
2024-07-19,-2.1178207493016794,-2.8717921336097123,1.6139309860227786,-1.1677516841474327,0.38265592561657674,-0.08039949721599741,-0.8585333939881702,0.45249927322776057
2024-07-22,3.1866491816194067,0.6947867828131935,0.20927417548685334,-0.14457756825049375,-0.2769768797586638,-0.11824144050825112,-0.22986220300445495,-0.16074477929940043
2024-07-23,-1.162677557822518,-0.5954422484166526,0.5047486777499554,0.17778943154038993,-0.5536714215744535,-0.4529926402871749,-0.4475360479751975,1.2139177592556123
2024-07-24,-5.282828962673543,-3.8862856264805403,-1.6081785857884636,-0.8305669831128457,0.6319708716382595,0.5921822554727731,-1.9337308841465695,0.8853263719101989
2024-07-25,-1.4876470464795521,0.466966319290679,0.9093448271336264,-0.3404884201574606,1.7131594631078433,0.46207489438323196,-0.5495268821490282,-0.6912587408118888
2024-07-26,2.7567507961738222,3.661967248583787,1.0492897685329663,-0.35366865678466397,-1.3286359380729793,-0.650241276975879,0.36565297897930005,0.41025456365972257
2024-07-29,-1.2016220431071631,0.23128406886451897,1.0502899132467627,0.20459413516165917,-0.015622358809413386,0.2684453428189199,0.45155441999750345,0.18275418048103376
2024-07-30,-0.8874561436863205,0.5289782555348794,-0.20649719029393707,-0.18091500371753005,-0.3062043439066503,0.7416803611593318,-0.11486777566734306,1.3713131848270972
2024-07-31,3.1126010798675647,4.938042170702534,-2.51115239099116,1.394187877924335,-0.0127923185127203,-0.9870667954301637,0.5862625785397,-2.5884870421351835
2024-08-01,-6.394803201889487,-0.15690874249755288,1.3891676091440244,-0.24845412747286785,0.1379237112703813,0.9752507893253903,-1.6574027989291324,1.884684071400811
2024-08-02,-8.102505926729107,4.365941139068624,-0.22763915751259967,-2.8912540276224896,-0.5413542007164627,-0.980860249774841,-2.398169377078735,-0.2859885442912252
2024-08-05,-7.7759070302198445,-3.074463117753327,-1.668053897521018,-1.5791825190314446,1.6873753203830477,0.402843854059798,-0.2803008363016974,-0.8180315272048386
2024-08-06,3.7392612578552344,-2.9746496688769715,1.525327421434263,-0.5313643073077892,-0.7172993055554057,0.36584914005961783,-0.9099682937429088,1.4581059590718757
2024-08-07,0.0504537624291364,-2.2090158580891632,-1.1776577890965885,0.10848728510590072,0.9079719155363964,0.3685453906365663,-0.28572226434302833,0.0008692070826753233
2024-08-08,6.180554038612918,1.2742773768090607,-0.3876845232720462,1.4726908040410533,-0.9935375080175859,-0.36481844044122536,1.3261719868507456,-0.266123531785807
2024-08-09,0.23965200690800992,1.9507001093558776,-0.04574364050230424,0.08881648402908292,0.3478013423001329,0.5333215141458528,0.7938964427640003,-0.837519136707181
2024-08-12,-0.5449218113562438,1.0556114254166244,-1.9426754710841305,1.4846814936877661,0.31280106503949556,0.04386320407773053,0.6754960390140102,-0.163338507037604
2024-08-13,3.2348429998330137,3.515302635993573,0.7673282554664372,-1.4253603671672672,-0.36303128153797193,-1.8330068349457993,0.17857171158372614,-0.521255428655546
2024-08-14,0.07607319127910435,0.3132144316811546,1.1909677889401453,-0.795936522160124,1.0324718402154511,-0.535223381563336,0.592216744668689,0.6690803597739822
2024-08-15,4.996403659008664,-1.41481947150795,0.2639595244316026,1.3998461283422292,-0.2185649205930352,0.09952679467494187,2.0581423206843095,-0.7622146594964982
2024-08-16,0.6612393726056321,1.7626008268750315,-1.6473408246064283,-0.729062646463811,-1.160137136263389,-1.074558160198391,0.5394632943091324,1.1832878471664903
2024-08-19,2.2578771044828323,1.425597304316838,0.28785906013315105,-1.6041003848259174,-0.43690840865066327,-0.10801329728236936,0.7335807700831419,-0.7150252995933649
2024-08-20,-1.993927607587942,1.3452003607134342,-0.4113864115883561,-0.5252230238835442,-0.12418654280433906,-0.37058147075755443,-0.11719893280495806,-0.2012569325244975
2024-08-21,0.928121159496385,1.4110430025798544,0.14930257735730307,-0.9418199742807536,-0.20594069708581852,-0.5177106923612563,-0.6477184022589519,-0.3112125245765347
2024-08-22,-1.372411955882579,-3.6126330154131296,0.8643634874852134,-0.1398483715715805,0.8324808239693516,1.2457853454108085,-0.5616426286626262,0.8851022825256905
2024-08-23,3.5948343221283303,4.867835366443928,-1.624422445393164,-0.3162410856047316,-0.016652281326780583,0.997196120264898,-1.436235208755228,-0.8163205462643944
2024-08-26,-0.7977681269437084,-1.2831240738945227,-0.5374892378865007,1.0316241192884177,0.478136025744792,1.2326359283210722,0.05677691901032482,0.16698000881558506
2024-08-27,0.10601568339849282,-0.047662885622441545,-0.4531398119985538,-0.9376021727184862,-0.5099654403443794,-0.4747451798732599,-0.0850980506602885,0.004761030331106731
2024-08-28,-1.8144279576954963,-1.7798203911056347,1.4212526348634607,0.07949886773014217,0.07600657999526483,-0.34197012064558024,-0.13844242079189056,0.4355878278586697
2024-08-29,0.9189893721610856,-0.9674963427492194,-0.6339119526250964,1.3764659628022244,0.5128536881903778,0.25431258201675877,-0.0010061594442822772,0.2320374158063457
2024-08-30,1.9010892328687317,-1.515605981613036,1.7278099338958028,-0.2309258234945124,-1.108113646612619,-0.42296912618825244,-0.4546161277711483,0.18757149424257433
2024-09-03,-6.717125614201494,-0.031508232925694504,1.3004730851101232,-1.2254464511933616,0.06020023011786235,0.43243660436327763,-0.29260880915805715,1.0707327875680401
2024-09-04,-1.4071320814419035,2.599525477782439,-0.048444090562292555,-1.1665186076473069,0.471658431441276,-0.9934178937904659,-0.8488085941597664,0.6563868428123242
2024-09-05,-0.6495956140415797,1.0431198394954657,-0.9636450578566497,-0.05133999938695049,0.8804122610183591,-0.539774586848056,0.5189233772475407,0.9929583110312027
2024-09-06,-4.883010543106009,-1.341406893548814,0.7248479996707997,-0.6505562402860294,0.19052864811853853,-0.10523015750248971,-2.0570263557603585,1.231177409596539
2024-09-09,2.3467900903417416,1.486839928597755,0.9394775560912498,1.0690078624175827,-0.019442149564336528,0.1977743229128685,0.7625222418412675,-0.13409157585049147
2024-09-10,-0.9591242892747884,1.6199374590145124,1.4910825261278287,-0.12129179950100472,-1.7722852138397573,0.13811970471921886,-0.1591275604874927,0.14620878271378995
2024-09-11,2.208896236741174,-0.049949644165017515,-0.03887164496808207,0.8141496463293083,0.6324433410238044,-0.16973241786686136,1.1523938328845105,-1.0981521723232328
2024-09-12,2.7181099454860207,0.6304260141811775,-2.4504054303171414,0.7997280677420192,-0.371123929418683,0.7857381585062794,0.22993547383979135,-0.21915410911613722
2024-09-13,1.3859760763463362,2.186736377052801,-0.20148473304626918,0.5450429953018419,-0.507392955700926,0.11305629559329271,-0.7484034922818249,0.383289367086981
2024-09-16,0.47225018070986313,1.8700301440549174,-0.5782643968862867,-0.5352056533264269,1.1577185416953677,0.3075284177518804,0.046986452266953006,-0.4139374346201994
2024-09-17,0.16098497420100952,-1.5045039105971252,0.19062269191219594,1.0109661044568794,0.9685585514965142,0.09357630902825181,0.1635773187122529,-0.43934368584776895
2024-09-18,-0.01869612390616651,-2.901059444047892,0.34130352316613777,-0.6254483293682256,0.04505894512919677,-0.2900106347316005,-0.8469949461091006,0.6771861254473176
2024-09-19,4.717454132626535,2.1831954070036677,-2.0947382414231774,1.0199873697328241,-0.5389621638734445,-0.5758634181300694,0.5092577840051801,-1.6762249131876894
2024-09-20,-0.9140653793325217,-0.8828969909104598,-0.8227967130669757,0.9030657603368333,-0.0892127243620641,-0.5397678069629919,0.25006060820415765,1.573052672317318
2024-09-23,0.5717175973423245,-0.3188000189353488,0.4292163342379255,0.12575094018996855,-1.0496646655800648,1.1018081722642934,0.06698186647676109,-0.8358526235246496
2024-09-24,1.635775466192587,1.9206944981867642,-2.3281861378577084,0.1955215825416913,-0.898851577926677,0.7914992999758362,-0.01695279416146489,-2.351878019738161
2024-09-25,-1.0919369985240261,-3.7021181681329782,0.8014554734714151,0.7775770177978871,-0.391862718189295,-0.4761401821305828,0.37286752700185893,0.8834377676052378
2024-09-26,2.794944361805184,0.4874873655936167,-0.7620143188948949,-1.802012861355346,-0.9334133376463102,-1.1763148341409044,2.0590073965402103,-1.7606709371463123
2024-09-27,-0.8891016331480823,1.325481688390602,0.41395726610247624,0.14820050645721225,1.358793183065494,-0.1944818113050517,-1.4194290359184571,-0.14816043864342007
2024-09-30,0.12459191993168127,-2.1323567369374583,1.4484301673497164,0.25869605752598746,0.38788279781267737,1.037740991191546,0.37153959717742235,0.6807970101893315
2024-10-01,-2.4205690994727127,0.9168469269740623,-1.1514371295079369,2.008928101559423,1.1158469179450847,0.9069577992982922,0.30382589681187055,-0.3995668052743067
2024-10-02,0.9430863374956622,-1.5027638291766414,-0.16970102017728328,1.2393975846629972,-0.09808528077602752,0.2821003921649895,-0.13254822637455918,-1.1000495717622127
2024-10-03,-0.6410450687387078,-3.9230359753917514,-0.8964098202890309,1.3020345603376722,0.5170190229822504,0.8305232161955335,0.22007160705011694,-0.005871143052669134
2024-10-04,3.5184564097575177,-4.178277617762317,0.600172212217986,0.7839635901226342,-0.29569604160588053,0.37067306043104625,2.089102400011782,-0.13281686265481116
2024-10-07,-1.3441122287262168,-2.950982007356176,-1.1319796893260596,0.41788978035762747,0.07509105904466157,1.6891418399165612,0.10829865613033898,-1.9954066161934931
2024-10-08,-0.2822797730527089,0.39503121702195143,1.9789376027800498,-0.9133067540923748,0.11536645733822042,-2.181300283206094,0.033385173733125675,1.552466626065052
2024-10-09,1.2513949614988988,-1.8790475580312676,1.5477752791554462,0.31772157825057395,-0.25278495100043263,-0.4161366584942751,0.7618922676172931,0.3420135753756664
2024-10-10,-0.49542205803715583,-0.23090955560477844,-1.9813970490505013,1.3814638456145185,0.5043959111248,0.1602701166118479,-0.44850142315398706,-1.0168503559727804
2024-10-11,2.0589842495032715,0.993457757147761,-0.08622762260548304,0.5027815608833578,-0.8944905788333807,0.20516694215795683,-0.7448250403143973,0.9595019153050156
2024-10-14,1.0424464192455305,-0.5157680783175114,1.764552669694214,-0.24970608220124713,-0.6829017347088737,-0.48841651565448424,0.751208551890885,0.8108764981278022
2024-10-15,-3.8000974891982264,1.0825053237886393,1.5287805778097405,-0.8030669643795524,-0.29131518351487334,0.7777646885043155,-0.14416813837500636,2.46509224375033
2024-10-16,1.1174670647643667,1.333138070286385,0.9309919859965372,0.4543077113223715,-0.4420199034671107,0.3387798765591535,-0.20266443173235488,0.6741512683448725
2024-10-17,0.6963639450570515,-3.3826657702252962,-0.7875772052331215,0.8957606695648757,-0.8301028650471697,-0.23814345823398544,0.27431398894269743,0.09536802054170643
2024-10-18,0.9016746291455443,1.2544031942565215,-0.6103998421234007,-0.6284070974569347,-1.0854451412643646,-0.26118051003075005,-0.08344693985273603,0.1802241940293308
2024-10-21,-0.9089032103122769,-5.779173443124344,-0.8364812659932276,1.1867408433820699,-0.6215675919309096,-0.46165623670624134,0.47304284361182347,-0.3368245414246808
2024-10-22,-0.5726840454263119,-0.06230306515831244,-1.2080676796793346,1.4850668822322455,0.15791140414896573,1.3450504762902868,0.3826548508754521,-0.152925855849366
2024-10-23,-2.3924103224308757,-2.634448128814865,1.3693410971357667,-0.6440651998230952,-0.16671189253812743,1.751954967658237,-0.9345721280506143,-0.11594046859288347
2024-10-24,0.17332814409419534,1.6109873071271872,-0.7988904883268081,-0.7243377546130558,0.26856478212302665,-0.5040021909672824,0.40105522722778575,0.7200376859626796
2024-10-25,-0.3674317739317601,-1.9478684083963707,-0.47650498218348886,1.1680611954680113,0.10188962466120552,-0.2750633994470154,0.2956601017400346,-0.30047446033224623
2024-10-28,1.6016428940159784,-0.5696187084716753,1.2970123734139758,-1.6374798550064613,-1.0028275715256862,-1.243702223317864,0.4856022946952142,1.2667303294314742
2024-10-29,-0.7576250140740104,0.3705763050254026,-0.6677456436612655,0.7772805151981784,-0.28402422438309827,-0.9340863136956123,0.8442948579573522,0.31319497016501857
2024-10-30,-1.1446635391794013,-0.5289232387432783,-1.1352775935895545,0.08893400748110411,0.37975345349398576,2.0634978290389427,0.38112095530359275,-0.00577704841975742
2024-10-31,-4.019338351104291,-2.2872257672415794,-0.7095619447988066,-0.9182995487583058,1.6615333806216852,0.3412987102990213,-1.056356856439342,-1.4919557392907228
2024-11-01,1.6067493225006728,-3.048752880098983,0.6706764474122607,0.3826093980555243,-0.6225135684172862,-1.7987256366247852,0.01313485632469383,0.03391369093385048
2024-11-04,-0.5814258885833196,3.1033131098994784,-0.6778354513540744,-0.5264249347202012,1.4848545858448072,1.4849611096545323,-0.4493177875928851,-0.008947331704572976
2024-11-05,3.208972584840945,2.469262992101677,0.06009340713048239,-0.7685278912724522,0.2162501583526113,0.5774892131549287,0.6222135225414892,-0.27991241829153574
2024-11-06,5.211416554252829,-5.2035039643359635,4.329940367336465,3.7938620712290514,0.7476612686092962,-3.4638744037005207,-0.5478318921456043,-0.8048885042832401
2024-11-07,1.4317494762302332,5.709754097327449,-1.5634473139226994,-0.9678622630224899,0.24527370674941326,-0.21255665934256485,0.5336084150126534,-0.2627471872424077
2024-11-08,-1.2384939242496342,0.5842718793622094,3.1615001405481276,0.45383138859924144,0.8167912904438559,0.6608297934787454,0.6959452088361207,2.1863974889250732
2024-11-11,0.3682911727885768,-2.486531641940454,2.667462721832734,-0.5205777414259546,0.36542445732335177,-0.8497234640254893,-0.176259153711779,-0.4708489846655114
2024-11-12,-2.089795834010087,-5.22663582825155,0.24056444058903098,0.5262322617644754,-0.39597001515298486,-0.313644477820185,-0.16309769545586428,0.08081817143201954
2024-11-13,-0.6776436826370518,-1.2601555662580763,1.257740396664272,0.5524366582814926,-0.16608256772959115,-0.30311471502479276,-2.104994601024539,0.19002367367929832
2024-11-14,-1.7859919938460094,-1.3130167166386344,0.2266298433107566,0.02953315897763868,0.705750710660533,0.47105919386365197,1.692543857333699,-0.41356457260555224
2024-11-15,-2.7045711101780125,-0.459805158111045,-0.5362657318776071,-1.1388334527857733,0.1466151713320538,0.3770608635930666,-1.4733248922875255,0.37827071244125937
2024-11-18,1.186485834266535,2.2356210148509263,-2.5217652709819083,0.5944136831250446,-0.08955937186842382,1.108469816652273,-0.067804855206164,-0.3212629794940946
2024-11-19,0.14693122377284992,1.2973431765496555,-0.2847966294949247,0.38532410497825764,-0.027151980636897586,0.36878291922517836,0.5092175011192801,0.4918506660764186
2024-11-20,0.03802520356764415,-1.0458983433636542,0.22316666572124796,1.0365799614476339,-0.31875554344719526,0.15655833701947075,0.5096826854571587,0.4133037523435789
2024-11-21,1.4756278925189306,-0.026042366738281364,0.11533153457923902,1.154503342673416,-0.372634386111103,0.7603608743324392,0.2093899145559411,0.6982144438364508
2024-11-22,1.058179442925529,0.7363159506734723,0.4700096048676964,1.3828407562093188,-0.8242489391298512,0.6473153340990044,0.6112931873473755,0.6814857829179286
2024-11-25,-0.44339617892940564,5.427427299062688,2.804794304606301,-3.0302152067999706,1.9102826613571458,-0.6438529562464849,-1.0323858293454897,-1.1327407589414238
2024-11-26,0.09589616371047524,-1.21589980886611,0.1778018194461437,0.3235415271994936,-0.8419193531174735,0.36450081566388043,0.0522882446604099,0.03970060233250481
2024-11-27,-0.7013188916697348,2.201673895621849,-0.909138466335996,-2.2960164372725935,0.4739123525038143,0.13630145987285452,-0.33474170773742445,0.4334141367355883
2024-11-29,0.6741328911512467,2.8592010907527765,-0.573757836449562,0.05339122459800945,0.384955164723234,-1.449139199009,0.8101251517140282,-0.23607451822971884
2024-12-02,-0.20639334362619655,-0.7177132558890024,1.178371301822756,0.6809370555366309,0.35764040293218774,-1.7104320242810815,0.953165862241216,-1.1461152592537038
2024-12-03,0.48347483477159947,-1.1330853444892197,-1.3673939890258209,0.3936641020201405,0.18952401453050496,0.025269291426597607,-0.29179098483989113,-0.9064394612812497
2024-12-04,0.35078823469968173,2.368513849740225,0.42703763155980184,0.20409056568137293,0.22934448948733538,-1.5035175328223742,0.5806918878905295,-0.1044480138279212
2024-12-05,-0.5651297469499573,-0.350983985084074,-0.5622689794162895,-1.85853839011903,0.060358134517176,0.1377480954111996,0.03694175438074013,-1.276539367963238
2024-12-06,-0.4536114724327566,0.9563458366667532,0.7562687485823655,0.37273082401324104,-0.0802086630478722,-1.207715282764361,-0.23051793196778048,0.28932793747507823
2024-12-09,0.10205167744269729,-1.504173490744006,-1.2698580722986244,0.49900288581924507,-0.9592501292024378,1.555853762500704,-0.25480726042917645,-0.5741598539496222
2024-12-10,-1.6435733239217687,-1.6543386554248878,-1.4114035672369467,1.257216395983276,0.4426893046470244,-0.9309632648750447,0.5388836931982015,1.5918106625538655
2024-12-11,2.00954736474132,-1.0108215613650027,-0.8975774690004368,1.6149370927091826,-0.4720545848691932,-0.11708699105222804,0.40999831106933354,-0.4005111136738323
2024-12-12,-1.4422531880425309,-3.5991733348359407,0.8050335782597866,-0.3467516443151829,-0.2080772665078358,0.6235374672295654,-0.90788075304874,-0.5772746776083613
2024-12-13,0.09094658060871764,-2.8321550016121657,0.3306149251129968,-0.364903537500689,-0.5839914163698039,0.2747211081765727,-0.30077534377978227,-1.510650134859898
2024-12-16,0.20664079359314605,0.29045752514317413,-0.002419599925232058,-0.2313308864789828,0.08823486277647848,-1.1625694898542112,0.5156347764738145,0.7478008668870038
2024-12-17,-1.8777326105739252,-0.7940826495972269,0.3085747566321721,-0.5214970888874916,-0.23373657605415354,-0.06899694492174956,0.23973290050351195,-0.5526279708973043
2024-12-18,-7.681934106002665,-8.945959947891465,0.15989146343175525,0.7379255444152366,0.2905211915339067,0.11484549095461863,0.3264106832760754,-1.1650833264249076
2024-12-19,0.033270818647160395,-2.4295044185431607,-0.9837528262099143,0.5771985756548067,-0.7373726014369617,-1.4835747440432474,-1.2500651503050844,-0.338295645153106
2024-12-20,2.225618588374252,2.993994603359698,-0.5121880262674412,-0.375375749126203,0.7564029277723474,0.4475060505388013,0.17178786529743562,1.718767870229861
2024-12-23,1.517958710427525,-1.559211985021198,0.6860868084881822,0.3137106135433319,-0.8541264320929487,0.6079649598701039,0.33984855678147047,-1.2652694657761758
2024-12-24,1.9532532797357134,1.7803834340580331,0.5488347135024332,0.9890328651544847,0.5761461268304214,-0.2613330295676503,0.15842667208353728,0.16010283038315395
2024-12-26,0.4319517647805856,0.7046707333392231,-0.5348834648779786,-0.5996591420268083,0.07193673412355801,-0.2759801756141409,-0.12056917484236328,1.1801786419339848
2024-12-27,-2.0116256370063965,-2.4312597485464633,-1.1258064407220947,-0.7434719541973361,0.07985769296321794,0.39803664599532473,-0.9571775338656437,-1.0529251124865062
2024-12-30,-3.3221264783766515,1.5145515987897895,-0.460906081170963,0.3994710852012768,1.7278376719654007,0.12732279647116235,-1.2792544304126057,0.06993116393138372
2024-12-31,-0.2682338711604739,-0.7619521479224975,-0.13994318706043996,0.8474531479576977,-0.48583627486497727,1.0779019996232682,-1.1811198595059176,0.8628623281151931
2025-01-02,-0.6586373442751492,-0.067637657508963,-0.5705873209457004,2.4574243420263815,0.880077313351274,-0.12139546958047671,0.7977581209261949,1.0164364215126802
2025-01-03,3.078857398406858,0.23662552550750982,1.020613083591853,-1.1810724370828665,-0.892922477209817,0.08195921398338125,-0.44019170246296424,-0.591988196276199
2025-01-06,1.4479875040964358,-0.11287969698894207,-1.485685353463788,-1.0652707892498154,0.23942077109287263,-1.5708083318800494,0.220075400588529,-1.1220252202118937
2025-01-07,-1.731687915905265,-3.0531160142055005,-1.1652697866146606,0.6047624497535101,-0.19504531484375245,0.8432294537455127,-0.012510365327061774,0.21191401876827926
2025-01-08,-0.5717522119912473,0.9370230697183023,0.3840211387927629,0.7706027403051279,0.1428195725580758,-0.21062556262692295,0.008678250494655027,0.6975009454458416
2025-01-10,-3.417989229389446,-4.988994863367732,-2.782218689993762,2.236812201549623,1.1775717206847511,1.6801178809242803,1.1565828619104999,0.10214516303868701
2025-01-13,0.4131699063996666,-0.5122141512846277,1.036589989881538,0.30223623038573666,0.4088505951399523,1.371387009419562,-1.1556103296653266,-0.209271435659049
2025-01-14,1.2749285408077544,1.2775336310667629,-0.7453089723144907,-1.3665664464013796,-0.636284549841245,0.5798669174715835,-0.3139083594493694,-0.06665994824952301
2025-01-15,3.165052591223973,7.075026681546317,-0.12827027664060223,1.1437554507633942,1.9631805721497029,-1.6634082332885713,0.08856431527360445,-0.24403300915704673
2025-01-16,-0.319139462575158,1.6655591665982359,0.45847046089438553,-0.7643699462628899,-0.6773392145505267,1.353742729130409,-0.6369605050479337,1.1396332304761103
2025-01-17,1.7890434829348407,0.4724089676767906,1.4216496587752177,0.38342294461980175,-0.09216225862433752,-0.8276486269139469,0.9748459581942874,-0.9010008189563291
2025-01-21,2.863920499222285,3.9272478734240233,-1.1257552552332586,-2.7213036389734597,-1.1025403941710934,0.39978508783655886,0.855119042532549,0.6272600145967838
2025-01-22,0.4481054994224347,-1.5584665334069427,-0.5791532250988444,0.8841120181187347,-0.5591676221474843,-1.459912177207569,1.1959281382068854,-0.7153982575022931
2025-01-23,1.7627695614514474,-0.2185174405338559,0.2904640384916654,-0.5933654854830382,-0.2776176903320027,-0.00015071526320981378,-0.2711961813119112,0.047942940456146194
2025-01-24,-0.5071912116165082,1.5740678285005647,-1.1297892985539784,-1.3370624783337126,-0.12871742319318102,0.3466512350355302,-0.14733658964494598,-0.20309045753029914
2025-01-27,-3.7323138044024313,2.284531078888383,1.7857657767171522,-1.8235703782304569,1.201838218231772,0.498526724763474,-1.2927261417735423,1.4248404431912398
2025-01-28,0.8594522942280193,-0.004222617421198994,-0.13104596675569197,1.6677496770362183,-0.7658805484398076,-1.244508321841267,1.0390451412317052,-0.9104338396748701
2025-01-29,-0.6866652556774195,-1.4640460603936214,-0.20235679134970969,0.11494910785874922,0.6223303614673299,-0.3535278139317977,0.6072230291054038,-0.5629079928265349
2025-01-30,1.7751042697085568,2.287075552197418,-0.3069163739661675,0.12115663667815263,-1.1832753941093688,0.5156245168352411,0.2116963510344633,0.11161132306725807
2025-01-31,-1.9585127251563879,-1.7802457302516421,0.11285944990089486,0.8765463575021141,-0.45696254628150934,0.34158375589575557,-0.3868169775454328,0.2460613380616491
2025-02-03,-2.4348036859207043,-0.18144015444878747,-0.07853974170106433,1.211255820541465,0.8944297264815453,1.3369115383971675,1.1165657475781317,0.3558173268025783
2025-02-04,2.1846252321228863,2.6919989887143476,-1.5642893720110993,-1.1228563451306453,-0.5917013312893558,-0.7946568415706899,-0.03865831706771323,-0.889579024345946
2025-02-05,0.3433600548126085,3.9606925709332255,0.9050848451204774,-0.6945850546829092,0.20075363929690257,0.15102258121616408,0.7872850051304643,0.7152066292343787
2025-02-06,0.5297776786399532,-0.7573104860226243,0.15062290651437282,-0.5984646315690135,-0.5490239547086112,0.5361624763917046,0.3637420018618706,-0.9286883130889774
2025-02-07,-1.9535837624102983,-3.122299519499304,-0.15803699057926285,0.3433766846449371,-0.47804912981397524,1.3640450911566018,0.30685631140471487,0.13262695026031626
2025-02-10,2.0383418684603125,0.9689524758412713,-1.2823847090705314,1.869098638342195,-0.2902052570676048,-0.19158162833511233,0.3176236731370357,-0.05966901806679603
2025-02-11,0.5296695858648078,-1.0735650099541978,-0.7565552085723113,-0.8532467566715841,0.4084902317380134,0.8785999997143351,-0.432669261717851,-0.33962377710269775
2025-02-12,0.34925105559424724,-3.946447010191625,-0.35109775925479897,-1.0921066784848805,-1.226670771335957,-0.4807857726897073,0.9459406242050589,0.15669962980454266
2025-02-13,1.681352770441431,5.4439397459318135,-0.6713079771463284,-0.7857934263872708,0.5097275613835415,-0.4927584707989262,0.4507496672598229,-0.2286693959603241
2025-02-14,-0.7380535267428507,1.6883313260179662,0.6123117817771943,-0.8756304084093273,0.9735098068235102,-0.9273562851434372,-1.0555080483553867,-1.8152788875587715
2025-02-18,2.0047465676242835,-1.8455884509871936,-1.6327383959749824,1.119814120373922,-0.9428188882974998,1.4141712954194767,0.39367264739374136,0.4156086999935482
2025-02-19,-0.7830393326842812,0.6038617530549792,-0.06495476003434282,0.9162822149703639,0.5455634342462321,0.2227733074866969,-0.6623303378936126,-0.15152638098256177
2025-02-20,-0.9472345587125628,1.259375406294792,-1.0347154332408506,-1.974918714784826,0.19160685544376355,0.8316525108414039,-0.03286120330690954,-0.7573136427579846
2025-02-21,-5.637386315455217,0.8118451418238779,0.5937505023301666,-0.5156805941848928,-0.03509564953033404,-0.7362255531240934,-0.5546018179554454,-0.18431474572078077
2025-02-24,-1.8246531290883647,0.7343794769542413,-0.04711894226055774,-0.2088102303031666,0.5978608818941691,0.008510848688089115,-0.387874350823206,1.7192627864409236
2025-02-25,-1.484785218195865,3.6538933082150544,1.6022327196893087,-2.4616226951658517,1.1734983655193143,0.05320375168461739,-0.7720967298114426,-0.21005465291754652
2025-02-26,-0.3141221318013921,0.8930117303408828,0.6567505940440524,-0.06824128991060176,-0.2527868764459021,-0.899700128351418,0.4781531199270404,-0.28083896468394076
2025-02-27,-3.5537987818299763,-3.0041001439843127,1.1193453367612567,0.21675314240403545,1.0009172274874576,1.4774359329143565,-2.2511678920392906,0.7200672884385921
2025-02-28,0.8864914908655799,3.483271221531995,2.5143700885236475,1.0597315032366095,0.4939917410178534,-1.4205112254232033,-0.40682807474515076,-0.037716129415686396
2025-03-03,-3.7044918403608147,1.130751621104986,-2.109604547351206,-2.705153652253809,-0.548052102032328,1.0582408966916643,0.17893282273810263,0.6167024695326783
2025-03-04,-0.9622676435886209,-2.0771152022817585,-2.9665505224761874,-1.434193471021581,-0.581294989897075,-0.3632837356159365,-0.5133751806836636,-0.10984743942420955
2025-03-05,5.214966298589431,-0.551990272482817,-1.0670199009740582,-3.070384306188415,-1.768164648436738,0.518534461915995,0.9086542740211448,-1.2855862339282043
2025-03-06,-4.317308527254614,-2.5927943656650045,-0.9886199271054948,-0.447377453565575,0.1405217530653643,-0.7884031569626553,-0.6859932203381388,-1.0383632307646615
2025-03-07,2.2706776367348347,-0.10688938748364361,-0.6639110530607015,-0.4639219287929524,0.1921546464925385,0.40334505870039594,-0.11292905373818786,-0.2079356387290378
2025-03-10,-7.991668079360251,0.26203963754356774,0.36531832223951954,-0.36538705141969413,1.001849217413819,0.5131226024243349,-1.767150163314352,-0.11113891886689511
2025-03-11,-0.5962226161642541,-2.4415418731412064,-2.3500773758301854,-0.18672110142430087,-1.5705911133028205,0.7323326372031765,0.4608389317215095,-1.1634764672459281
2025-03-12,1.7778326991471332,-1.291462042909648,-0.1609029284411682,0.4377535670279307,-0.3286754868036954,-0.3896000482439283,0.8594136741497435,0.024375276941253243
2025-03-13,-4.418050600722106,0.295860708276327,-0.9538540510254243,1.2248451580447113,-1.0418261571299763,-0.3397792118905876,1.3289256570319525,-0.44703167667479676
2025-03-14,6.094526808976481,0.6776436693517428,0.619430282709669,-0.34255862280878463,-0.22873285216011754,0.4651455169553072,0.2821644537250165,0.24523733180343393
2025-03-17,2.844841539777295,1.933138304837371,-0.13334581357569836,-0.6730492956797114,-0.1190648976143684,1.3253771683241495,0.4941439071816198,-0.1419583138414514
2025-03-18,-2.2542712676600636,-0.04276548373568079,-0.9866093733557387,-0.19652673800469797,-0.17081644172195756,0.3431759740421227,0.6821924806182129,0.6991218756098928
2025-03-19,1.8045974452918547,3.1303457221499897,0.27455253504954935,1.5086211572325334,1.5126128928014306,-1.521540465630441,-0.5680724573076927,0.7506146816220888
2025-03-20,-1.4380120416142899,-0.5557628561272056,0.45261092562274025,0.7191431901613862,0.11753827501931835,0.41525142427706524,-0.23589239398903303,-0.120903735360127
2025-03-21,-0.7387155734611996,-1.614876847425607,0.8178989259960617,0.38657990179813156,-0.11097076980844366,-1.3381472031044384,-0.4594343516790774,-0.5890226360997903
2025-03-24,4.723094536295597,-1.5064958680451588,1.1558123020486282,0.4306504340180373,-0.1790651774654484,0.7421425754753919,0.10516856475894112,0.5398717639906023
2025-03-25,-0.258433791263669,0.3770701976246423,-0.6910793958169983,0.26504210117562976,0.16479168222856852,-1.0393131877106832,0.7251083134202834,-0.5938246520361219
2025-03-26,-2.296754680701467,-2.605432147560716,0.48355812267541415,0.4409311053888987,-0.7948297117061881,1.678673332190366,-0.6884339436376781,0.12284534520055514
2025-03-27,-0.5464142580890736,0.10827866006318321,-1.5620289783793178,0.10609517889024571,-1.0960562170964847,0.40690153721132466,0.09776777083521157,-0.5820148585217189
2025-03-28,-5.888905482695679,2.3712570948038936,-0.5323827271309146,-0.36669801503596966,0.49194125533419436,0.4595433218041751,-0.7563461191441012,0.7221005175770202
2025-03-31,-0.017942827251361867,2.1519860695963455,-0.617415470070829,1.7532956704745621,0.3027574391864979,1.154979449995574,0.19794109889068787,0.49441038098378054
2025-04-01,0.16096670274881364,1.615538855729623,0.7280633180602042,0.024835647022457278,0.8177161473141041,-0.5576697602165288,0.3893013089418771,-0.010474890923099094
2025-04-02,2.118546898612992,0.1494274838706996,-0.4339634511847259,-0.5708368105982459,0.5893981326962767,0.5450911249556382,0.5204593063494166,0.6891932247501396
2025-04-03,-12.261406720848539,-0.07325796969796983,-1.5486390960939,-4.50325265197414,-2.366727440480855,-1.9926577519286688,-2.0143518259451283,-2.8739723345425605
2025-04-04,-13.28093641025751,-6.034706562507185,2.683086437382062,-0.3430319532852707,0.5057698104942492,-0.24711895029543296,0.3511335652728854,0.4855772649955625
2025-04-07,-0.9187285754527243,-9.1374535352744,0.7318654642744551,0.1099068545049749,-2.011823039261749,-1.776209296936673,-2.2846556087406804,-0.5405925804504023
2025-04-08,-2.0042423072771247,-4.58911896115475,-1.587941862182873,-1.544983326989103,-1.6989880001677766,-1.4650741311015294,0.4385954799641884,0.11028010653145225
2025-04-09,16.024242493312098,8.211571237263257,-0.12537498403771227,2.5927281766462484,1.007438405548825,-0.35673547448684667,2.7617856754178223,2.6920965422464382
2025-04-10,-3.8374182613356043,-6.198615171301179,-4.878618829578871,-3.2360736771216514,-4.08819797811496,0.5617783880280645,-0.6443432383542612,0.35739276209099463
2025-04-11,4.0706475412116605,1.0326400459652245,-1.84867897713388,-0.7219698700885271,-0.3130211271408967,1.666978580554588,2.386117993912367,-0.29382017284143097
2025-04-14,0.8550831067079403,4.101693274436034,1.0620579365123233,-0.534570670311676,0.34188387304702983,-0.10220306070868587,-1.7214659876822682,-0.6687767131531028
2025-04-15,-0.06655525490111724,0.9530413405114811,0.6886402734006964,0.4798036971659005,0.5775569049724976,-0.19278563205649862,0.628934041134639,1.0789060762851406
2025-04-16,-2.740455937010395,2.00691889634363,-3.208791347583149,0.11024954635657727,-0.1875556190349913,0.8563905352040874,-0.30046755427180066,1.5640838447200496
2025-04-17,1.4521474203578493,-0.15415302366659844,-0.12364424022263362,0.07209514822215544,0.7768434386379848,0.9052188132101957,-1.6537135197764725,0.03512023622004036
2025-04-21,-1.707727285982859,-3.7501778780659523,-3.5853796968496296,-1.0916887829274813,-2.519665793677603,-0.08569046784764929,0.5985348044144146,0.9079433509931996
2025-04-22,3.5389653963705014,2.1252211301811412,2.37982531172179,0.7133173487144218,0.6115177802367432,0.3150514532930401,-0.22760725722309977,-1.4114959381558474
2025-04-23,1.61589073136264,1.0208544530774977,3.2541680251010674,0.4352571921299041,1.658962244843772,-0.6444164345141377,0.9701391999991056,-0.92768062736108
2025-04-24,2.1299915398183575,4.481203919098189,-0.6219579092571552,0.6000224663516044,1.0013478668332307,-1.1600233967925526,0.5081378094676421,0.40275640477790137
2025-04-25,-0.07734192372729809,1.3704542449897763,1.2108217601422224,0.22607799814087542,0.9309773481902038,-0.6904962037551134,-0.14822717695865445,-0.6786780048167549
2025-04-28,-0.3055629351835936,2.321655231380154,-0.5788643593350123,-0.5245534528369363,-1.0092587026382591,-0.23960951816257625,-0.3083006858569626,0.03196697943979936
2025-04-29,0.19404414185159313,1.2512985101757226,2.00720190882391,-0.25015977526062516,0.16843624559660555,-0.6594903824466241,-0.07448662389494273,-0.17426446682781752
2025-04-30,-0.6238186715762551,-0.6960868082808342,1.6415367760964292,-0.06431231790483592,-1.9299904083594146,-0.510945004373254,-1.2297895782586226,-1.3330259993829787
2025-05-01,1.6445206651594926,-2.586069435233066,1.5862544687829394,0.1397790012516091,1.3491380664132406,0.9170683162287437,0.7180330974579121,-0.21388075249211036
2025-05-02,4.434744957363194,-1.6373142918751156,-0.14194587920706778,-0.7095635701846319,-0.35057319159435596,1.015621763284429,0.947988541297656,0.14725459596520085
2025-05-05,-0.06881777981305422,-0.5274330684845845,-1.6352997141969154,0.1301197192845141,-1.5089485832532512,-0.08555401503793408,0.9452371055810637,1.3572781486331715
2025-05-06,-1.4963483864814224,1.3998653196503197,-2.75764170020181,0.6564742282064359,-0.0348387199773824,0.3372914669323924,0.3272853498363837,0.2795444635005906
2025-05-07,-0.45853828209005437,0.1960072379242086,2.418550990014012,0.32226371491137473,0.5946343259457091,-0.7649378933045241,-0.09631370616898323,0.17971857906740912
2025-05-08,2.1781260811884327,-3.5768664962062977,1.060226362991146,1.197887040012275,1.3202481534088506,0.9083056365206978,0.3465073985384938,-0.5646020539386836
2025-05-09,0.152335283432972,0.7676264836941845,-0.7292237292347737,-0.07581904387078948,-0.1609005093337312,0.7331923728013376,-0.3530786716002445,-0.29382500306035675
2025-05-12,5.735389256954761,-2.0870279857521794,2.897034909127829,1.3279464575190607,1.97128079771316,-0.8369855605281388,0.34594699007254853,0.5563451583971886
2025-05-13,0.7243222039004832,0.14745288593034045,-1.9791937481956507,-0.025106028154311955,0.9695101875508048,-0.30490616935932674,0.44626651091248115,-0.8723579996317268
2025-05-14,0.0523380250239586,-2.3962230128174364,1.0282175441459251,-0.3236564479961599,-0.051371190072133734,-0.16206008466663563,0.15347572293989464,-1.8837805910924474
2025-05-15,-0.2280231297994312,3.7136051296279113,0.4588761004037789,-0.4348080463984972,-0.9655951144041971,-0.2166702518648533,-0.47969867247380693,1.0110753167205997
2025-05-16,0.6490243335040365,0.4747281563073136,1.6383917890121449,-0.18770512053174238,0.45849840249714835,0.6039131289463402,0.0016224127670138179,-0.12219502993589004
2025-05-19,0.36479619017636256,0.3027974832760849,-1.2476251276484482,-0.8063060866122086,-0.6986750579339684,-0.1696143224304455,0.24233936653184837,0.142933378248294
2025-05-20,0.2364229546004253,-0.7758713667480864,-2.0735607539809684,0.5536479831879179,-0.27638787072570814,0.26805677515633763,-0.044181448153388224,0.3560125219060938
2025-05-21,-1.5991702839524047,-4.739192566464897,-2.318653120064652,-0.5792721775636748,-1.1931102634729391,-0.4448954099971822,0.12315070516804794,-0.6267965842828712
2025-05-22,-0.839477311395198,1.2892696421686223,1.1345169811981675,0.15208262052016952,1.0120715289833377,-0.8760321298696173,0.04095425864726841,-0.13919360310963483
2025-05-23,-0.7901382058382631,1.1825690061787755,-1.8649787662692963,-0.3278733769393822,-0.6294887932490631,0.540776679894123,0.021099890971042486,0.29829871848827183
2025-05-27,1.9621172938123375,3.072919757048671,3.120919352867007,-0.06684835538627852,1.227585984179507,-0.5587041396354031,0.37534593613229944,0.40656473318173747
2025-05-28,-0.8042724638927109,-1.9549651548461577,0.39158401256119296,0.0840741030191874,0.13207826452432403,0.37011383857839825,0.24478625750393684,0.7062068521480769
2025-05-29,-0.24978592821505682,2.568483182914589,0.11480317452363122,-0.7994968769161291,-0.33127821397751966,-0.05854581555729849,-0.13642796625997056,-0.017634977894012124
2025-05-30,-1.1346414112815233,1.0664637820649645,0.7105847661194754,-0.3279890638737729,0.43108227492270834,-0.8292745766052961,-0.7085720070996858,0.06485049057106085
2025-06-02,2.046960850734815,-0.8771798161579127,-2.8942957341429913,0.2731860640996864,-0.4763020561024481,1.1271777836647165,0.7708086428845671,0.41433276813585573
2025-06-03,0.8457973400714452,-0.6706651425179494,0.9933554790031597,1.2690321659206605,0.8691914871040606,0.004805495815757166,-0.1896706878308763,-0.08231902079586095
2025-06-04,-1.0489312932348136,3.761916824339013,0.1138568939249926,-0.48579163906328765,-0.1363076138743116,-0.5822611520417773,-0.13574327236463815,-0.6892859665397705
2025-06-05,0.09118593952577608,-1.7488757542784312,-0.10151717327479172,-0.4432377538520933,0.1201008819839368,1.1735896418899543,0.4981788435248959,-0.5275280540489287
2025-06-06,2.7836748027063707,-3.2799693817158797,0.7824334330829976,0.43103433932660906,0.3156467444732728,0.9736841912127131,0.07778066396089912,-0.10884862763533801
2025-06-09,-0.01092254320060195,1.1320002497620414,-0.23354769920918925,-0.02905666045631591,-0.21505509187659605,-0.06287835026767752,-0.29819771382945853,-0.33108430140332523
2025-06-10,0.4962562936636698,1.1014697502550805,0.828493975388178,-0.06647142755749152,0.13969335690684187,0.22033380032841915,0.2919424679570563,0.30215982074315867
2025-06-11,-0.8853474762029614,1.6610174051619002,-1.2831186022546126,0.6101097250732849,0.539220350177721,-0.06067614542791365,-0.9076202016831607,-0.9553233061136568
2025-06-12,-0.3802549754602407,2.7258841730324006,-0.6895620660953822,-0.8025685836236394,-0.06806529763255724,-0.023698677083343837,0.5770271118770666,0.07909660490119129
2025-06-13,-1.5789576039074888,-2.918488116510511,-2.450357462338139,1.958326949323276,0.9057185787131073,1.694108629576177,-0.15794974851506186,0.25839126406325086
2025-06-16,2.069487431977006,-1.0547782576665463,0.9183120569290895,-0.2020990349852914,0.09266994303906995,-0.5530375476240612,-0.5691526237063517,-0.7190988917354383
2025-06-17,-2.627657323373729,1.2220474591655888,0.02931578429581948,2.126709954644889,1.7125802309066098,1.1552796061470187,0.04084891349600715,-0.5547702450774611
2025-06-18,0.005407109629784793,0.3161029419771845,0.5553727062414306,0.17007095716438642,0.43879998266695064,0.12292320884806057,-0.6131234024034374,-0.09929828108607079
2025-06-20,-0.6571838995847531,0.2504591854478833,-0.34279809744696343,0.23627767628402987,0.8723936106613169,-0.24127099552542314,-0.903863465185485,0.5986877302562854
2025-06-23,0.7517692073509162,2.0419636680964564,1.8669649285723418,-1.9084723856521977,-2.221355068056655,-1.3629802877623625,-0.323855004767222,0.6939911547572111
2025-06-24,1.4881230035257007,2.384674997709105,1.8655439413498898,-2.0366499361336086,-0.5392991526432283,-1.6121170451129683,0.11524440061889296,-1.44527630338818
2025-06-25,-0.91998780168775,-0.6585461367521497,-0.9780683676344795,0.11096569261969262,0.3236632093137824,-1.5624438587490268,0.8920085253691542,-0.6955154238456248
2025-06-26,1.039165866907543,2.2572212979528112,-0.10230202321188958,-0.15351036630706816,0.3875656864729268,-0.7854402468231232,-0.4517492818120918,-0.8180408484365794
2025-06-27,1.064768027274835,-1.6035285529527252,1.2026775804454743,-0.6356001894812903,0.35867529096342965,-0.06780063510485781,-0.21106673250060337,-0.42293592324385054
2025-06-30,0.06500696822876381,2.676451557694112,-0.41531679030784246,-0.35576846955946684,0.2731777521966975,-0.18413066403997166,0.41362761968856,0.7633718995077696
2025-07-01,0.48343925937764615,-0.38612446961049857,-0.19442659832281062,0.11543158043182498,-0.06524401832043608,1.567195300770376,1.011209993666024,0.5897541560577845
2025-07-02,1.3930338239081188,-0.4003442791487295,-0.9286201040913316,0.7412923867822035,0.401601348036747,0.6145075385158811,-0.35310951962273024,0.08320851054331811
2025-07-03,1.592323596497732,-1.7150157360495664,0.9819895016447688,0.4868341301879569,0.14011854385956507,0.19727320419060831,0.5416912738993332,-0.004765533711603898
2025-07-07,-1.6235135288610687,-2.9830255400312278,-0.3149015130929305,0.6186192279786296,-0.35385537830486047,0.12001120468507619,-0.23124087289689693,0.23095911255119672
2025-07-08,0.36264391042714794,-0.7971234068312989,0.38525061969668234,-0.14260830945396163,-0.09573247959788402,0.31207319643525205,-0.5337243992527438,-1.3400439846293233
2025-07-09,-0.03403224789390361,2.7248586129060803,0.4863490207076972,0.27102941626543503,0.4840861559301064,-0.6798317303167218,0.39183227328109427,0.11413986361940351
2025-07-10,0.21179031984746613,-0.14212524096538065,0.6131733546499557,0.14172858840653765,-0.5632316777063358,0.5405893968920438,0.10702566792322415,0.1244256089519221
2025-07-11,-0.27062491309468695,-2.6962612243581714,-1.2008160822465974,1.233168097181771,-0.33753848074904325,0.932868654719042,-0.5844082041243779,0.4963674790480853
2025-07-14,0.28360096156643727,-0.15101476517857543,1.1180665550720095,-0.03855032750135416,-0.35433545618089546,0.025098882368740468,-0.2649936086945047,0.19555167069664076
2025-07-15,-0.9116165775955705,-3.0059716717239438,0.16135540267504958,0.6174533133318777,-0.09623732369519186,-0.24500061310810306,0.9211007950474159,-0.6784684542723881
2025-07-16,0.4279845854963286,1.9753768177589581,-0.21964960740888623,-0.17774236968554413,-0.28550148549032117,0.06630609451633693,-1.1344383202366073,-0.08720102649006904
2025-07-17,1.0505946507532047,0.18435674761602672,0.5339268694958518,1.0511219030981964,0.7225189658961236,0.1604948967442592,0.5117004014946699,-0.3544131469339143
2025-07-18,-0.8936762177202158,0.9070986458959751,-0.22001041594424967,-0.07655675851304344,0.24715011614674162,-0.13064533624049365,-0.5417041924083734,0.28959980469198787
2025-07-21,-0.259211946159939,2.366034653569722,-0.8480318290735425,-0.7336727461239195,-0.4766712418743457,-0.05979500159595827,0.7373637127386798,0.17094357093763676
2025-07-22,0.1068347948597591,1.8889184870816234,-0.15438540851077884,-0.9564596836755388,-0.5504386310376308,0.9335556460406145,-0.5189905095343037,0.8646074637283991
2025-07-23,2.894585415961485,-1.3059379953787356,0.563132089702503,-1.3930787976980061,0.04152196035393666,-0.07674789575246016,0.37139817813863296,-0.6661594397450581
2025-07-24,-0.9141074627604279,-1.4069479802877884,0.4324293980622144,0.2573218770579986,0.5798926307676804,0.3953816425079157,0.7544031963243957,-0.2540678047649589
2025-07-25,-0.49212268098166273,0.7948119821769654,1.5316811792459795,-0.18159692660407825,0.25922858910468616,-0.7602352127773443,-0.04757484799968679,-0.04652085060228551
2025-07-28,-0.7437337130240417,-2.3386084336696076,0.546597291774256,2.542775101048898,1.0740134490882942,-0.6367182034672022,-0.16267372881928108,-0.08234214652330275
2025-07-29,-1.5937308880240084,3.398761821592034,0.6695865591525412,0.8618947090970667,0.8584421908662442,1.7318327355776615,-0.06755548328880896,-0.37715812568412616
2025-07-30,-0.5411082161882059,-3.4917961269992333,1.385343910261538,0.8364215242807036,0.7422020460310802,-0.46401329329116825,0.5774172751662964,-0.296947659803012
2025-07-31,-1.6955965256152998,-0.9084605959751513,-0.21825190867638575,0.2023171989116032,0.10835145453974472,-1.203507427465956,0.6520524833536407,1.1082843362693848
2025-08-01,-4.960341254637068,5.282505286721501,-1.4710921041113696,-1.3630291013343103,-1.1704636986827497,-1.9257911312406109,-2.2057244370797333,0.33445755993643533
2025-08-04,2.6621127292937867,1.8985883426583445,0.6663000945497143,0.12984920642334064,-0.5391875460460704,-0.22302718551817421,0.422713618393629,-0.11896901858538302
2025-08-05,-0.4036013443350759,-0.31354689176171424,0.5564303057933466,-0.7098361089502224,-0.42496606353429006,0.5495503937344661,0.36429682192287505,0.4339387443691595
2025-08-06,1.0769645607339415,-0.29607267434930923,-0.6737352314440953,-0.8613164079753732,-0.08905605062343548,-1.2635824164413447,0.012727874551113776,-0.5944875634500685
2025-08-07,0.39752821497557767,-0.19932770924572513,-0.6061539782041834,-0.02755077256020245,-0.5732131128733972,0.8322590956808715,0.7012557676050921,-0.5343330739369246
2025-08-08,1.095020127556307,-1.283612969110053,-0.07264449322853037,0.4313227789573697,-0.09011951844072585,-0.749404871691431,0.4523062414828716,-0.35781526639892675
2025-08-11,-0.8658821336888738,-0.6572488070425204,0.9272981509298511,0.2711765830344369,1.141619979466365,-0.21584407797320496,-0.19703673524006035,-0.48176795131907546
2025-08-12,2.706534952310578,0.7502957919268018,0.1111984397060229,-0.8564756800463723,-0.8040094162277599,-0.6543660277110145,-0.8259418359459294,-0.23403031209462308
2025-08-13,0.6787498298976432,3.048657360567719,0.4436105150326996,-0.19893783157924128,-0.10486003147913701,0.04383222061972876,-0.5795469242842171,-0.3218880236724509
2025-08-14,-0.2859832652356836,-2.952684785391752,0.014182098668537512,0.28405633596559504,0.5175381799710128,0.2645245691026603,0.6359330591857153,0.08233755594392202
2025-08-15,0.4783160630394485,-1.1003156279477462,-0.39748832228043274,-1.187286315403207,-0.18175906754041837,0.4036927754610054,-0.16005077103668366,0.6966502002413646
2025-08-18,0.01648977690842401,-1.1273616083871967,0.004016313209387547,0.51229682853473,-0.1438943649253934,-0.3112767239418319,0.0001905319496026071,-0.6250942412943657
2025-08-19,-1.4826691616691328,0.6805361178883993,1.488781787209057,-0.6806330495045979,-0.013191503962941498,1.2179985545211605,-0.6606787181107016,0.8181963491549645
2025-08-20,-0.4618969865954887,0.5429057994347156,-1.011070831949438,0.48609501960811113,0.1040263810705229,0.9028391269329398,-0.03553821906366441,0.06984616558006972
2025-08-21,-0.3872466457126499,-2.1244566636207107,0.20426687743826982,0.9928837628724089,0.18222671001188168,0.9907177663876062,0.11156647364880354,-0.4371513327166392
2025-08-22,3.1710198378071803,5.818487503639168,-0.3871035194663704,-0.545481947586432,0.007213635144938731,-0.3961399769634039,-1.2276300832591331,-0.04425075256579384
2025-08-25,-1.3801148921545745,-2.317827907362061,0.42352037622301375,1.3990908773958792,0.30130548834867527,0.48237054416419056,0.13371706764152436,0.15325407192951201
2025-08-26,-0.07953045894173102,0.9938194567813505,-0.1928878727728635,-0.08056981306646566,-0.35832638189973093,-1.0982888065228478,-0.17945964516028357,0.5415761865506735
2025-08-27,-0.12748530150370901,0.6835679349384995,0.23213271197970467,0.3997549645220187,0.011178786435563347,0.16380953781038904,-0.7197984668692798,0.39948432941863293
2025-08-28,0.2834298908971992,0.9014137455609004,-0.7811734375884468,-0.1092472540482648,0.25502949480049997,0.23499814082724058,1.2118927033775553,-0.323183129941985
2025-08-29,-0.9987587280989307,-1.1292910299645922,-0.8026037560299524,0.18262103643201624,-1.1337035604912076,0.7537864920540045,-1.2729487739187455,0.619436015259593
2025-09-02,-0.8934147711900601,-2.416357499612376,-2.13755795927226,2.5439582621571213,-0.013471430718483345,0.1989739068588912,0.7255515412403504,0.8977959120690416
2025-09-03,-0.37562978443301276,2.4554307833058644,0.36462177986606675,-0.3967181672469559,0.05570332031538756,-0.9895647598259797,0.8672944268783643,0.5839258285050082
2025-09-04,0.5490042007618045,2.416467525017182,1.5996263059158664,-0.26388287970778596,0.597134565173414,-0.7158049783546492,0.17006090505622157,0.5791538765087103
2025-09-05,-0.9903567380415275,3.7798808465010296,0.09126121830579084,-0.7755987031864247,-1.0951199466462214,0.3480951913396288,0.16033466015329162,-0.29086393677812233
2025-09-08,0.02728699766647839,2.2193138667140677,-0.9151432912984359,0.15963121702545724,0.017907932800908296,-0.21879096262973333,1.1121785272494535,-1.0114595669009339
2025-09-09,0.5484225194999817,-1.9291402966232754,0.31835063987806755,0.5152441117619044,0.02829393823836678,0.35360125746267895,0.614958869306876,-0.2606704961479226
2025-09-10,-0.3687545927663743,1.02274737776427,-0.1837728016208545,0.4538374433795606,0.5201923392789133,0.27489216431057345,0.4942403223886183,-0.4531018952215693
2025-09-11,1.9864803981851078,2.302538841222244,1.2066368277208306,-1.220400950220281,-0.4691130334807619,0.516195927325315,-0.0076827794116129935,-0.0668101764644988
2025-09-12,-0.3435779998428167,-1.6051201723889092,-0.5252005527942896,0.5510281298160138,0.055673978244738916,0.09388629240119231,0.09847778384522626,-0.1124203065958911
2025-09-15,0.9757750980137228,1.383237059637557,-1.1457891608604605,0.18790221480171554,0.4637267224364374,-0.350088192133299,0.41226563542025224,0.09718182484336226
2025-09-16,-0.43767607927874586,0.14601341612406282,-1.343460597272254,-0.26687264516696657,0.04735798575956147,0.3570932991525984,-0.31662490397206516,-1.3109882802543085
2025-09-17,0.03666701646067369,-1.6615857549466733,1.2588925464648444,-0.24372084746578668,-0.3855305347972927,-0.0655497904775816,0.24491996141354347,-0.259694535902773
2025-09-18,1.922551173753749,-1.9200908094103368,0.938423772812546,0.42358861466492015,-0.12089620429141103,-0.46599248856047026,-0.5513435148338104,1.0063349748344061
2025-09-19,-0.23263246816860603,-0.6051978537958198,0.013081798170603037,0.6784316851623331,-0.695972655641465,-1.262810764528282,0.5987130334165497,0.8549940649167422
2025-09-22,1.2256270032591519,-0.7304815609469635,-1.273669058779086,-0.2299631474371991,-1.0284053836834741,0.06169688767500927,0.8108416271598323,0.8725820582982154
2025-09-23,-1.2329251884438899,1.1239355521008005,-0.37087659050994803,0.3496494923841625,0.3988191310416996,1.4142249242163085,-0.12745505387482914,-0.47853367299344146
2025-09-24,-0.8236440243665457,-2.762923011856646,0.4059547293745621,1.1017778081535987,0.7574610917885862,0.15280166096096484,-0.0668639585622001,-0.5499391537492694
2025-09-25,-1.1522085519221663,-2.07070928485732,0.07933653111658491,1.2891101152313236,0.13753053284032163,1.0850667753089882,0.8571523199568901,0.26813535562615853
2025-09-26,1.177573751369195,0.8458374784099749,-0.2799319280015263,-0.5779117171531861,-0.21005758506100977,0.10037966580339161,-0.5276638180641682,0.8271318702011052
2025-09-29,-0.03174808803991405,1.8347349480276827,-0.2860940891405964,-0.31742078840369753,-0.777862808659784,-0.619441740624856,1.1416052497571492,0.6165314139087767
2025-09-30,0.4993220040534674,-0.019454156973752856,-0.20434617421856527,-0.18136183719378188,-1.1311671149195461,-0.050137438799562006,-0.18663677443090673,0.11591491206304018
2025-10-01,0.2509126872210644,1.9008627030812653,0.26050163331558823,-0.1353540151454483,0.05718571952578145,-0.7837931250833625,-0.41514105986396904,-0.3666711568407281
2025-10-02,-0.0639928149209891,0.09364342846128752,0.8212612300956024,-0.12377040766347955,-0.14890876864506572,-0.776794939380366,0.3483208303150454,-0.5325954108247734
2025-10-03,0.8420318770994837,-0.6913908241129424,-0.6786544188272671,-0.32497730518218443,-0.5881643367379653,0.9146627725073196,0.32783687935455114,0.09053669883819422
2025-10-06,1.095906401545578,-1.6553451549877627,-1.4473688261641886,1.9522891072334871,-0.5446088473490901,-0.3430967585386231,0.5841147525672731,0.3891143726777366
2025-10-07,-2.262502999383796,0.3989445737346441,0.300203383443385,1.4578076769675954,0.535878430735862,0.23616660046455998,0.26853965063930907,0.13495618172709586
2025-10-08,0.7733563569773204,0.13244384887415356,-0.4560514177011755,1.2487216435756645,-1.2946330342098973,-0.1430438208769652,1.1815464332277712,-0.6409019626316526
2025-10-09,-1.743126614554945,-2.301789097613304,2.029808387603228,0.12627078892741153,0.21875549178363304,-0.260228663686161,-0.26223100039780906,-0.5926055410456615
2025-10-10,-8.145611420219426,0.7203093624977537,-0.5121381995619473,-1.3868510550788173,-0.5040582576502978,-0.5027483087421171,-0.07449995937295695,1.2134722603457087
2025-10-13,3.720432710166456,3.2048574822306555,-0.7749344981993842,2.4800153630145925,-0.7199672719218585,-0.9560601238165827,-0.9757485607226165,0.15534481634991804
2025-10-14,-0.016642462825988767,0.6406091961447622,0.538004236468817,-1.4662152431893354,-0.09278881370114984,0.639187619183634,0.8770769434318455,2.0385782340280763
2025-10-15,2.0443629337113114,0.5842985201817693,-0.8212878164971545,-0.2942968517114584,-0.7481676511001476,1.2123657352904595,0.32552660912758613,0.968115054513316
2025-10-16,-2.350475588579658,2.074660677992484,-1.4636650518354204,-0.15428682358597692,-1.4857327834188503,-0.07870945184585412,0.6961815668513993,-0.7545077908091917
2025-10-17,1.1404139946969751,-1.2926949653725204,1.2757211516564246,-0.8627479107787116,0.9589131551899316,-0.012778581221218988,-0.7322786366753538,-0.022286618618109356
2025-10-20,2.40053936278057,2.2655533172230937,-0.971370984426987,1.8706309834624857,-1.1256832781158186,0.711074126844504,1.2491404701433984,1.1340305109451343
2025-10-21,-1.535020016970755,-1.012061254969029,3.8894562867473854,-1.1802688346975256,2.0779408845249256,-0.46321013020664675,-1.2102843281041826,-2.5598894484869903
2025-10-22,-1.2202405991983147,-0.2246355641884271,-0.9616406396157703,0.10556708856711323,0.9501724271707658,1.7279550856968815,-0.3592766781601788,-0.4960033257678446
2025-10-23,2.4212049799757427,-1.2648278981897463,-1.0429525453599868,0.7201968718283387,0.735964976093282,0.5154043837646395,0.1189196393814368,0.019788916433823328
2025-10-24,1.5440581391062587,0.8287385124960794,0.5802095835252531,0.0961425651767839,0.24412841966008367,-0.6825404129010991,-0.44086159415386744,0.019631731411116897
2025-10-27,2.013878921931181,0.3477968042747822,1.6423343384177356,-1.121220255147493,1.0386096779254634,-0.5624530105285436,0.22171196290668704,-1.3560559447035372
2025-10-28,-0.6725277879248952,-0.5252024549338763,0.21943229574754497,-0.2450105687006826,0.2025448061542627,-2.072163652310532,1.1149251060425027,-1.1618962520161464
2025-10-29,0.4839407044994109,-5.099718491520221,-0.6501584237305196,1.0953304649678763,0.2156611523667943,-0.6738394687394962,1.81450809104908,-0.8769539739352601
2025-10-30,-1.5948005358142718,-2.2065050867536518,-0.7531318570462118,0.6833794665840032,-1.1933028599031863,1.2026553678812992,-0.7082605348425055,1.6210710994522364
2025-10-31,0.2848292303136836,-0.5682253199490079,0.3505312212315986,0.9699361436103547,-0.034190752370028756,0.5376457614391952,-0.9780100137041112,-0.841467438122175
2025-11-03,0.02201122205489549,-1.0133254039901207,-0.38718862046090924,0.5188377796116753,-0.8021941401149915,0.7476956156684326,-0.044208711185043686,-1.4560381475591608
2025-11-04,-3.286264359014577,-0.9961933899565582,1.1932918601726112,-0.7200461103399419,1.3502484965449106,0.3097271594797406,-1.012414698872896,1.197140033845481
2025-11-05,2.3632921706809698,-2.043301372335488,-0.5202143905636865,-0.1548029061659884,-1.0235003395221114,-0.1480850415624927,0.3047345117169884,0.9477586837120074
2025-11-06,-3.3736366787499192,1.9050783024783795,-0.8537045769903194,-1.2076758928640277,1.3018493257091348,-0.17470981763790105,-0.551613400062373,0.0924009313992899
2025-11-07,0.4850513029076516,0.18122452761083852,-0.018464240596818587,-0.2592024717826007,-0.6367891986056615,1.2541907035914803,-1.155029790762515,0.7187258647697714
2025-11-10,3.3902996743779736,0.9931743423771648,-1.288878492280883,1.3800539958105833,-0.3917592001688866,-0.4680820760692769,1.4365842946414948,0.21555862173041476
2025-11-11,0.2527332842064805,2.5701710180824584,0.057687192983675924,-0.05189910667890634,0.5247478497032866,0.754267847322567,-0.36447389061347246,-0.15371248822435674
2025-11-12,-0.06192186856779443,-0.7827905397683788,-0.19138185504804278,-0.3709033712997092,-1.2519127207831933,-0.7693762785434776,1.6407053472958673,0.4866786261887736
2025-11-13,-3.50693615903523,-4.030905526679612,-1.0029927392874927,-1.4110143659175842,-0.020699340523161112,0.4080146669408571,-0.26005137405054185,-0.09171486556700005
2025-11-14,0.049844769247503244,-1.500041203322177,0.6747442143843818,-0.14685493155127183,0.2585050596838959,0.24829603868177522,-1.5867655177683109,-0.6442702198863838
2025-11-17,-3.1781557593342025,-1.3257950722431722,0.46157035621229897,0.006524126468112736,1.052144649739914,0.06381719951566985,0.12297874461563268,0.03292313176751385
2025-11-18,-1.9576822993615806,0.012710646616233612,-0.5355809478884951,0.7701717947417799,0.27267649560457635,1.1819955467671746,-1.3022315569680576,0.7649743310781985
2025-11-19,-0.06907642529619439,-1.0834347859360576,1.0478461406547646,0.7756867113173374,-0.1206867696531972,-1.391186479813918,0.7371706120763813,0.8524193093782072
2025-11-20,-4.0601216989363165,-0.3830698224433069,0.1650975785049484,-0.6060020813837164,0.38396811875589393,-0.20488203611686515,-0.7758979953377982,1.2812578619064667
2025-11-21,2.103478164672961,2.9356371801649646,1.3570023098840411,-0.5709770512986823,-0.2723654287232355,-0.2972066855150286,-1.0890372020726977,0.4965809425202479
2025-11-24,2.1920467352287734,2.1454837068356207,-0.015289113791962078,1.0370370401902,-0.16764882334169118,-0.5000547424002417,1.1389024079948293,0.24055522905694807
2025-11-25,2.1071782324835464,2.208260158387295,0.6726286156410252,-0.8655336478941574,0.05777746892502494,-0.49893981223830874,-0.29906323892585873,0.35964521454331916
2025-11-26,1.6032235284610272,1.805441511158454,-0.6629352351538784,0.03421291828315277,0.4945942478928078,0.6468724005369944,0.9082458315455579,-0.6106866747587331
2025-11-28,1.7264921428074806,-0.7907194198249905,-1.1888294802406598,0.6912762834331877,-0.23130088440732363,0.5626692800554609,-0.1564560666931694,0.3655290627819592
2025-12-01,-0.30411330140607357,-4.153361018904865,-1.4838261938918123,-0.09445509973758213,-0.38640071875944054,-0.022086464681921266,0.24298853119132713,0.22636858785736635
2025-12-02,0.2230492284160698,0.3638099121054408,0.43405571036238455,-0.405130336617123,0.40889170654586404,-1.2446766829422724,-0.24421227326172054,-0.12468402127261602
2025-12-03,0.7944365280636889,1.7616826631760958,-0.31172944134838376,-0.5043851590723996,0.34759340495360264,0.10615917812239893,-0.4187903800898348,-0.6597726598455821
2025-12-04,0.9308787198123208,-1.8921448991896974,-0.18743486018233563,0.2273726187949952,0.282588932220674,0.24641924858645586,0.26739849890851514,0.4380852759989325
2025-12-05,0.7915527106398699,-1.2186809065137902,-0.49081315058469993,-0.17797301149042746,0.178599823219621,0.314573893408997,0.13058957845960445,-0.4167966265539686
2025-12-08,-0.8584116393332215,-2.1270673286125232,0.5731406214744709,-0.4401716245665649,-0.9577502276783911,-0.5995862059715392,0.3738069311951377,-0.10814846016121514
2025-12-09,-0.34273825722412665,-1.1989413722429894,0.007662186204453361,0.15456988012428782,-0.38778050937474706,0.16263526929032268,0.8134203260142986,0.17503687783289895
2025-12-10,1.407303654848763,3.5144137889930533,-0.6797809569822869,-0.4079287759757635,0.4212615016760065,-0.7532274741835137,-1.1068681534332279,-0.685645361871968
2025-12-11,0.9197871098880837,0.12200736552275761,-0.5768497210663047,-0.5820205615078599,-0.6842978514514548,0.30843926430876006,0.0029481219667489757,0.6470962054659125
2025-12-12,-2.0380859985691324,-3.201143829290883,-0.4866298583355062,-0.4070592484180009,-1.0014150229821148,0.3508711210007494,-1.0066729521482918,1.1460248352231148
2025-12-15,-0.5594021529838318,0.29180832423967595,0.13700168697242074,-0.8663576865054102,-0.044445074855874386,-0.2449628200682371,-0.3886901475556961,0.602261091147856
2025-12-16,-1.873337524192209,0.5756092657628705,0.3627491248527195,-0.5632528429450266,0.21452814893031552,-1.2560901142627487,0.39707141047725786,0.4891471826887606
2025-12-17,-2.1712475636368187,-0.843415707787261,-0.8913753306801069,0.8860866910266179,0.4604247730603614,1.8996444637570566,-0.6982343133785913,0.5448169715729049
2025-12-18,0.8928689368418985,2.0653810212861092,0.8275370869883601,-0.023305774393797468,0.24275319354662692,-1.837659360102936,0.49350542050982243,-0.6971911757391392
2025-12-19,2.1441933278415095,-1.181377062773914,0.0025353238662409704,1.0390013045872957,-0.46076324382345635,-0.16434232095879892,0.33397383720828194,-1.09777843693721
2025-12-22,1.8548861749470793,0.18240700499144322,-1.8572241832036993,0.2356367309433484,-0.40952893916338573,1.1275589639102213,0.70605330213825,0.784850708626226
2025-12-23,0.9139599206758026,0.42248610461492203,-1.4973856076535723,-0.0706270655851723,0.43523405936209103,0.580829471190536,1.2367742348044786,-0.12751150003941333
2025-12-24,0.015169950878792793,1.9528646957799227,0.9882806674379941,-0.13290999551403415,0.6740101053114167,0.033602530471528204,-0.1986630938182074,0.03304975776181057
2025-12-26,-0.09445694701580996,0.18930305781960188,-0.5837565130725062,0.5182322800876175,-0.7993366226188516,0.05330361671496291,-0.4738870375164191,-0.1959931986569117
2025-12-29,-1.594904737547856,-0.21217643711877,2.563819974010616,-1.7344198097358086,1.4458571848468738,-0.17482730830737409,-1.4120021879645595,-1.390819717954979
2025-12-30,0.028127165388478193,-0.657596797156815,-0.19996302685174291,0.49562621217540415,0.33091934244592364,0.4552181749446084,-0.5846615444773071,0.005359082376098548
2025-12-31,-1.1962426654005835,-3.1636376863098263,-0.04615665932611201,-1.1463677925930014,-0.5046034193752131,-0.6021057843414968,-0.22337380993618958,0.2789407728897455
2026-01-02,1.8890306220143425,0.36476963023653375,0.13197842478356162,0.45179500852324467,-0.967761085108572,-0.018877348346211964,-0.3146756851216557,-1.3361630087214271
2026-01-05,2.120175300966391,2.9489878177277977,-1.6541605903153935,1.3669032456085046,0.3709767875246805,0.45210790706417,0.7856980078012982,-0.1562401364932567
2026-01-06,1.6413498066023022,0.12223745803934105,0.6486481026298693,0.9392980605037522,-1.0277275872469647,0.3159531577827556,0.12345961072695251,0.4190355425995795
2026-01-07,-2.0590675482405962,-0.20657595406695906,0.9645929738960958,-0.2570730777230393,0.6187104111609557,-0.8446592150168897,0.7952446157759238,-0.3905558800152765
2026-01-08,1.248028413290224,-1.5642169632640184,-0.38205116137394984,0.7947597215618185,0.12523136084537256,1.7564187554730615,-0.7564269083723385,0.8707569386365355
2026-01-09,1.0388876321907115,1.6196480634330939,0.6439276616045657,0.4388049238405033,0.2860953884059804,0.058091741733760034,1.6869475559600475,-0.05310000395068091
2026-01-12,1.364987951645001,0.0847838734613433,-1.7237452604532781,0.47465860355132,-0.5123394120465328,0.8358665962737735,0.11638900792122221,-0.4029199899642493
2026-01-13,-1.3530189346474841,0.27192196075203195,0.4014203180579423,0.7253042655946125,0.7624419465702297,1.0671701196490166,-0.5402118269180279,0.4067136689707795
2026-01-14,-0.6754984491495766,1.4805154549243205,-0.03901771724069025,-0.4512828617418798,-0.27939045273373353,1.308737845489991,0.00023377157502361718,0.3526965538931452
2026-01-15,1.0830689009113228,-1.2751481421042223,1.6967619176118467,-0.19879217848116226,-0.5580290179302897,0.6145072016375266,0.5421242241898642,0.25622117137853
2026-01-16,0.7024974265513301,-1.8122739256044622,0.41978463344478384,-0.8865670764482262,-0.31973708413659574,1.1221520579619022,-0.9400538597622918,0.9435378060395571
2026-01-20,-3.2957240527836373,-3.973551241065351,-5.242199666610332,0.13122547967565898,-0.9129910507683761,0.4115229009194028,-0.7986404906448465,1.2865967760647232
2026-01-21,2.4006702825137243,3.835348831110159,0.14749769108410593,1.5780659730294522,0.6256509146034814,-0.14654877140901518,0.9135005446783068,-0.6125550757182513
2026-01-22,1.0350016363684182,0.5202751264171681,-1.2813294197616283,-0.42337468999351596,-0.21055034129330696,-1.0333025480044509,1.9331374142445459,0.18127470616240876
2026-01-23,-0.3768421952675376,1.4419572309256785,-2.5766452423214856,-0.752854295699046,0.2339819469537759,1.1626304283426716,0.20314826653408122,-1.3558322636022264
2026-01-26,0.30675635318565503,1.4614997648383683,-1.1364636365007001,-0.33276913450237977,-0.11608160413860638,-0.24359685733578512,0.7224882099638512,-0.2314491090299093
2026-01-27,2.0310591884815095,0.6780821196068577,-3.369775396497188,-1.1630048701102407,-1.2629939269740196,0.44349315369386016,0.060792943480222114,-1.498357098171194
2026-01-28,-0.6845413789473691,-0.7909593595918829,-1.6162219307276253,3.221966673496566,-0.9699061016062854,0.08996242784885816,1.2275889992918236,0.20802703713817897
2026-01-29,-0.0756684688532027,0.568735734272434,-0.4228878808038398,-0.1499835957310308,0.3863261977438048,2.054491384364642,-1.1207448512656,0.11372612759152602
2026-01-30,-2.752607463874158,-2.9924484817788803,5.863679542283341,-1.9678338628616536,2.055265134676114,-2.028436077334914,-3.211544134372471,-0.07006964606220009
2026-02-02,1.2178925563770455,-2.184687997110554,3.306660868124999,-1.4538626721401986,-0.2647661180939522,-2.8432159034044258,0.8741020185343682,-0.1681923555436081
2026-02-03,-1.069235887903503,0.8220995664142429,-3.523207893695185,1.4404803952951386,-0.3008517944073933,1.9600914825263294,0.9083855765384662,0.6881522239657129
2026-02-04,-1.0194644701050295,-0.901677681341017,0.6169700482506079,-0.18184292894010082,-0.24797859779678205,1.6352159404098756,-1.407610457290727,1.2541980977533804
2026-02-05,-5.155953600180666,1.9163600522408304,2.19695769647089,-0.5464829408954773,0.48117900828401505,-0.6166826372661548,-1.2158447250694253,-0.53366668071885
2026-02-06,6.087295634937625,2.9061404122732135,-0.38860454245121523,0.32860089152356897,-1.1733732852107237,0.5331361313144745,0.7039735299022607,-0.3994597017404372
2026-02-09,1.6939372133455535,1.3224879373584617,-1.9560495918766496,-0.836181484494113,-0.4725986179979936,0.3293534839058662,0.19654923601026075,-0.2265671128572953
2026-02-10,-1.4170083711200692,2.301539690085066,1.640859887889976,-0.6813070764474091,-0.2607511942203283,1.3300311152476942,-0.20310297627729826,-0.7374003639543761
2026-02-11,1.2693689045889198,-1.861959393230685,-1.0644111668565046,0.28396328312245755,0.05956289348546971,0.3821030076326511,1.304863703896652,-0.5007358216482498
2026-02-12,-5.488040439985929,1.9128983939423037,2.1109267585025786,-1.9230267973714406,1.163129600707314,-0.4115613264668582,-0.5681218141170824,-0.27501177306602126
2026-02-13,-0.16950887720100083,3.077460801896549,0.19891340142126854,0.6916504026106269,-1.0629711628534246,0.6130872703840337,-1.3083927385529868,0.5628032578080483
2026-02-17,-0.1738757943179839,-0.8596359353006499,2.437855160023147,-0.9293909912670779,0.23408836654413953,0.597617709626681,-0.0034650702756708483,0.2757110371580213
2026-02-18,1.477354428084719,-1.4115937554939546,-1.418955253775276,2.754563042008936,1.0851746683799361,-0.1711940530494485,1.1413793298214754,0.037280817399926926
2026-02-19,-0.8587366291040467,-0.15968402825744593,-0.3117864512091481,0.633712541854078,0.7397006931062682,0.43098321674493295,-0.0226925412141457,0.08850845395018966
2026-02-20,2.1795276797672245,0.6475151138102433,-0.5941237088757737,0.09697238323647267,-1.1026143807862865,0.5115816003388266,0.21203561347035946,-0.6270859898097241
2026-02-23,-3.6060371854529683,0.6569974059873074,-1.1566120015883257,0.4589144072842504,-0.29777524279112627,0.7512669003650522,-0.43253622657782387,0.6682005264447654
2026-02-24,1.6311604392790486,0.17510795024564763,1.1847229173774372,0.05804987574350215,-0.6557263398518733,0.1199433427132775,0.27509657698429807,-1.7718903303406885
2026-02-25,2.1296654266913904,0.15581073690754743,0.016619399697635893,-0.15512218652056337,0.13200451121499437,-0.7367140128476585,0.9340039638834179,-0.9805300303598407
2026-02-26,-1.721198418361549,0.9771090812752349,0.30072933195781854,0.17528930249798622,-0.11142911896077566,1.216307745550861,-0.36877363668046814,0.3428175393754102
2026-02-27,-2.4941680053864395,1.3083225156701748,-0.9161543966064637,0.6725853823440082,-0.3800156620563592,0.7637549900744814,-1.0004086592112928,-1.0557103394127336
2026-03-02,0.46735445619553756,-4.528164125673764,-0.39295289066231265,3.1345720358747657,1.097180635692151,2.362625151653902,0.5366614362954262,2.112743027996532
2026-03-03,-4.625563148709101,-3.5603012162497363,1.3913346919543303,0.6688940219986335,2.442378593058962,0.3887419182952089,-1.1615498823948271,1.4333877061137632
2026-03-04,3.1773593223727783,-0.19115364625310316,-0.7403381555189956,-0.38943003715017654,0.7475082936642987,-0.5442546438740573,0.8288077837279828,0.8170243226955757
2026-03-05,-3.083421671993998,-3.9563070712821506,-0.5967328315383682,1.2175881787812761,0.6438858719440101,1.142234082078333,0.18818138983362553,-0.6770697789687801
2026-03-06,-3.0690625686417308,-1.7385212303466393,-2.9140418760588775,1.8134967477080484,0.2323890237639563,1.7969542286195048,-0.7708373773955022,-2.2054784241641907
2026-03-09,1.7794204558944535,3.4022791724288375,1.3062247994927576,-0.7916186217226623,0.9257807875853494,-2.000602979220184,0.7110237758590293,0.765450370655335
2026-03-10,1.178858412114616,-3.2846347861979037,-1.5714656978478498,0.3880067347707535,-0.8851776548468047,1.0777117638492428,-0.3036565351457138,-0.47290729969628653
2026-03-11,0.6461753001778714,-4.415605016328188,-1.1468401474377037,1.3541251213395527,-0.21864502492709345,0.7671790326622927,-0.06581179650287823,-1.4844753848694274
2026-03-12,-3.8220565834534055,-5.007617266409855,-0.490697011827535,1.027442651199287,1.2834563802930077,3.0818495468341993,0.6945991213148989,-0.795532441247803
2026-03-13,-1.3354695733228619,-2.1030419158472045,1.486495586518166,0.9675525922811511,-0.9014716501648519,0.15059821066351478,-1.581133688073597,-0.006945115538466358
2026-03-16,2.1032289223118408,4.632429567531139,0.8528034586973682,-1.8102151688163555,-0.6222699420870329,-1.2756990145477862,-0.03429056270616335,-1.1762037357462192
2026-03-17,0.8717900884566469,2.4611502507024605,-0.2971552130166506,0.03399825688581949,2.1529541166514026,0.09474545508123518,-0.0025697219017017637,0.39844242295451776
2026-03-18,-3.09559458882687,-5.6729699061981185,-0.08263136976327849,0.9362785510353215,1.470940551920127,1.7062829392813426,0.6723068455814817,-1.1161471088900028
2026-03-19,-0.36596131409084276,0.4282436717532736,0.5569526582583323,-3.5036593639099527,1.8516925775284492,-1.182407965685784,0.002785580356262378,0.34906626593727
2026-03-20,-3.3502540293620098,-10.044442683611262,-0.9720386642343719,0.372879133336313,-0.0753128767121143,0.20697070651821164,0.5707306711123828,-0.5081251911672434
2026-03-23,3.1588879688631812,3.997794785465559,2.4610379671543225,-3.068141670267121,-0.5185321820727059,-3.1522861454215425,-0.5925113132037513,0.3304022506169538
2026-03-24,-0.31357538975437743,-3.144607266546118,-0.5526362705456592,0.9047004621762278,0.535975379445793,1.3151375604074482,0.9919089990555564,0.3093803036835843
2026-03-25,1.0251810432619133,3.8644794424715636,0.05771875710192749,0.8259243254303654,-0.46726970435768106,-1.3030970610975723,0.6688924727914535,-0.03595197763251696
2026-03-26,-3.1052930170046977,-6.653543568264691,0.33806582005399255,-0.34932888231451115,0.8884837855851642,3.029464295261756,-0.16242500157456105,0.30388394655557477
2026-03-27,-3.397302057778303,-0.8187528977956654,-2.78623269697675,1.54634506813635,-0.7213732074647624,0.2460967513088724,-2.396850779108534,0.12523850955513907
2026-03-30,-2.361426119269337,3.900412951187012,1.0917720762650494,0.9540605084053642,1.3844915273039817,0.046902605568033856,0.004305427237301054,-0.18002084083276376
2026-03-31,7.182642786206315,4.858038748004603,-0.16230582988628753,-1.199214247515577,-1.0973997104532396,-2.2990829437020315,0.5975141537204903,1.5724188483677233
2026-04-01,2.0603417962405843,0.9441318846399656,-0.048175326357877406,-0.6757150451188375,-0.6581256002768688,-0.8988923112984178,0.8347592640054436,0.7494330177457705
2026-04-02,-0.45367749558112375,2.029433993718144,1.2810476112953089,1.324226829058223,1.9657142786824735,1.609824516541161,-1.074948165698068,0.10657106345871711
2026-04-06,1.8210478304531905,-0.8637478357456103,-0.12609343581291535,-0.4533753289170209,0.34767696330528125,0.3261641048775428,0.766602948712464,-0.08866911309361149
2026-04-07,-0.4371171786894292,1.1582313068961607,-0.2694201111360742,-0.42284439844291255,-0.6312273490341166,-0.32627964308492013,-0.4121246087010384,-0.061385816639301226
2026-04-08,6.559926483665214,4.621688535525574,1.3940447260050643,-2.5962285672519574,-2.165870638712561,-1.895289707091571,0.39117891666062954,-0.7406826745784214
2026-04-09,0.8973410407779023,0.45875197374050314,-0.15041376299663436,0.0816546062340797,-0.1987749022915632,0.2661905847586377,-0.3613105663015346,0.5383734414703265
2026-04-10,-0.32696924269868555,-1.1535117723893624,0.20870540430218465,-0.6431574100380346,-1.4478612621398548,0.806350124457057,0.39508012564689665,-1.287223969593022
2026-04-13,1.6713424101849392,2.464365701845157,-0.1144170979837747,0.30589711668377334,1.1175589599326212,-0.32150428023950445,-0.5064382759716621,-0.4347665069328603
2026-04-14,1.918288586964547,3.274126714311252,0.33981165259739,0.05431868260704351,-0.9527658755589961,-0.493905744501366,0.44820988193859573,0.043721279036224296
2026-04-15,0.973833320246117,-1.087387715146114,0.27408255003369036,-0.11299711136487607,-0.14324529404661676,-0.1781936950679509,0.09120345488152093,-0.36484570007023104
2026-04-16,0.911775644862473,-1.716886241330361,0.44925257683071457,0.5717166624696122,-0.9357849668551114,1.3153369752249207,-0.5378508001545717,-0.12034010923628627
2026-04-17,1.8581425271194052,4.732740278091807,2.102339988872743,-0.5996027530944342,-1.6764737050194196,-1.4396776482027716,-0.4912462413015299,0.5571966543730887
2026-04-20,-0.2427818676545721,-0.7526394715716467,-0.19017877444563877,-0.19660467482840766,0.6749149569481382,1.2642024456794534,-0.10282737886871571,-0.019562597569101902
2026-04-21,-1.674203620032066,-4.527177018562266,-0.1271180044889611,1.4104900697752143,1.802659199172456,0.3150464606573416,0.6009049136537343,-0.7318007574323703
2026-04-22,1.4898324948341488,1.4784948156289102,-0.5156531333464647,1.2059147026201096,0.09233439250160458,-1.3607283708394302,0.7807204791054676,-1.0015604435799617
2026-04-23,-0.9784002464861304,-1.3331565718197047,0.29507650372225513,0.37218044610625645,0.3544393016112482,2.1797047233375904,-0.5940849998989137,-0.0019033911213557587
2026-04-24,0.9734093006824481,1.8665928332394257,-0.046770657476899805,0.21809945046365936,-0.8025267884510245,-1.2702465573354684,-0.17484677214028177,-1.4974339635150882
2026-04-27,0.2703067380754839,-1.5867590554426003,-0.5900007168672895,0.003980597702449838,0.41590445326169434,-0.17458147380086492,-0.2920480368845259,-0.3193650109375105
2026-04-28,-1.2021763887965415,-1.085000160389021,0.8809608080791835,-0.24063964890454467,0.9265631953575357,1.8319914037580056,-0.07554310433931063,0.3202661347765631
2026-04-29,0.12863699497037326,-4.118459661464808,-0.7462148860308478,1.2117810978348722,0.3328228041021756,1.0788587554977158,0.46973736615155837,-0.9994186777328793
2026-04-30,3.40474394559681,3.1080455282094075,-0.750556810227313,-1.630550415444661,-1.1590155160306723,-0.08450090082879962,-0.9110507098497096,-0.30332869430730036
2026-05-01,-0.43957315460843854,1.0008086747662974,0.8656524452055063,0.37446713431203127,0.08663712020566135,-0.8777062154882669,0.6312775079035586,-0.2460959053394998
2026-05-04,-0.8382323365731595,-3.513341755552374,-0.21026462952470104,0.6266386231475592,0.5642132249960821,1.223890318004058,0.08587828551426237,-1.0727924766536667
2026-05-05,1.8868340201480844,2.051418511878239,0.7294819737334245,0.010249173892079355,-0.6322106844377302,-0.8292753195555543,0.6210535429653993,-0.1664489732219514
2026-05-06,2.7805068684324765,4.816433539800312,0.8822069999232929,-1.8164315108415054,-2.554539615788506,-1.6987482084647982,0.8133217607088437,0.33026471087918263
2026-05-07,-1.8780377252568674,-3.183565816050401,-0.3035859245160833,0.6355413041592066,-0.37916367271118095,0.454784536966772,0.7017695291174929,0.01601536644209256
2026-05-08,1.3895507343701787,3.1039758653579845,0.09953849945933393,0.004345337699363844,0.15954209733796187,-1.1213031685266277,0.3094421244451624,-0.8428612534396154
2026-05-11,0.9250443126038319,-1.9992923504723805,-0.9345699134537089,0.8554511258191381,0.26879871433020874,1.5088709579175792,0.3084240205532531,-0.5332547981845109
2026-05-12,-0.7083292987697732,-3.082486905398314,-0.5453115754566112,0.9040284505555023,1.0847817214750337,1.1366775562506715,-0.272855652398746,1.14845150023382
2026-05-13,0.7387503397940147,0.055447063543901484,0.5921420788898111,0.09290172019649957,-0.45890160062964996,-1.7585854638884066,0.3427256765969402,-1.065217890844215
2026-05-14,0.5781706543370665,-0.7802560169691679,1.1942601882238493,0.6014012082645847,-0.1953826054858657,-0.8561576490085735,0.9432609239622991,-0.32381524258056715
2026-05-15,-2.7255063392191308,-6.763730075087141,-0.30876933714582083,0.3383595503329225,0.6411119460399225,0.1816739251470319,-0.2637144737256341,0.5792673682498951
2026-05-18,0.41120199367094523,0.09791683702371395,-0.448741601998698,-0.9928989140963291,-0.2521863203089045,0.8730148920171213,-1.078335722684865,0.6520997696601682
2026-05-19,-0.9039707859531366,-3.6160607122824544,0.2426016953324692,-0.03346220010811984,0.009464619064845142,1.3725454022786592,-0.6635970757196145,0.20988788726772103
2026-05-20,1.9579295778003962,5.578928695288811,1.5590481887093528,-0.9775535084233022,-0.4195446818817504,-1.7494780008784903,0.24361975483325612,1.2815868128890093
2026-05-21,0.5204610446812734,0.8584069716852935,0.6396773351815377,-0.46850279322999233,-0.07320572254751151,-0.14895160412537717,0.6268705197683594,0.0007765556730062264
2026-05-22,0.07989572538108995,0.5519981921525313,1.148655685603268,-0.031907248831020474,0.2535598150031613,-0.1299080333355746,0.7361381895487809,0.11367891427040032
2026-05-26,1.3972985409203607,3.6644177922455974,1.2278047576109736,-0.3382052830711602,-0.9533260011296477,-1.2838086732752232,-0.14782324725284732,-1.3854212256549947
2026-05-27,-0.9144065034808674,0.02805616713958768,1.0826832797253905,-0.8210583024170667,-0.08730881875281997,-0.8316498767795467,0.3360715520926848,-0.17340607139880082
2026-05-28,-0.09398161361515855,1.972255528587849,-0.5597323205087765,0.5280358736632114,0.4381012790452332,-0.6014541897650968,0.5256521087875342,-0.39824072564440544
2026-05-29,-0.22415870352568124,0.3724553731729927,-0.5372278328374929,-0.1910870398825572,-0.06422761322672628,-1.7449285476571472,0.5706892858586874,0.3939769898961445
2026-06-01,0.26635668781378696,-1.0945297150674762,-0.2175616227391998,1.2941445524597377,1.1639071963320862,-0.6380093131206022,1.131411479696199,-2.146633405514904
2026-06-02,0.9428979583150325,0.5955664236604601,0.17923246067253365,-0.049820002491818095,-0.20080067722808692,0.41346373309307405,0.071013001102605,-0.24053569893504867
2026-06-03,-1.8181821818503987,-2.787469980374815,0.1415705855894575,0.3701630396754736,0.08294004990319413,0.9448881637526811,-0.2149606344654168,0.04639388640488325
2026-06-04,0.859766914123591,1.7209860519724347,1.0522850581823917,-0.9102344416952891,-0.632939384863322,0.3698972610211289,-0.8121188996909275,2.103515227484119
2026-06-05,-5.766701825763948,-6.905357881641254,1.769404420300544,-1.8604917077833985,0.8797386461259183,2.924034616992371,-0.48139232399562165,3.1414772018441606
2026-06-08,1.1824994236940987,-0.4587952607670464,-0.9568276886037754,0.7959724648965455,0.026750654418547782,-1.8376806006664792,-0.20395529498581208,-0.9205077596139155
2026-06-09,-0.8939214375851828,2.018055228498933,1.9019510754909577,-1.6374142181895674,-0.09474253490660565,1.6674993193088732,-1.1310363337090532,0.6524123495621855
2026-06-10,-3.2952366416048227,-2.43292948923059,0.6720734029607685,-0.8696596006875859,1.160947145618024,1.2469652847335402,-1.8998388062239038,-0.4773526601775884
2026-06-11,3.634280673072556,6.7345283489097305,0.08180395013478471,0.0402858941894437,-0.7827686728248868,-3.146286966272981,1.266489218012927,-0.648989033102724
2026-06-12,1.256346392396533,-0.2709865739251071,0.7519799657874939,-0.4462966736901629,-0.9406765575456458,0.36500140687842697,0.12933874986385305,0.32228711053776515
2026-06-15,2.5880059856135995,1.5580407633256432,0.009432542030544552,1.0811366891083645,-1.7680069606252378,-2.3204679058298567,1.429698219751241,-0.970835392584952
2026-06-16,-1.7916647906841987,0.5241014707962434,0.09756064245560875,-1.2725398008259752,0.1786356445378091,0.135886903489047,0.1644282028591271,1.136524102992174
2026-06-17,-1.5904046228970374,-5.600986595650985,0.8867462900491708,0.2717463253183153,1.0109679919465944,-0.13932900671519216,3.064571139743874,-0.12488204212810797
2026-06-18,1.594108939661745,3.062874403633708,1.3869779967503009,1.4201329497405821,-0.2083724200770997,-1.6111295041066664,-0.3987229661159373,-1.4184986407806683
2026-06-22,1.0821735107421178,-2.5103168020859226,0.7836643370467501,-0.711048313183694,-0.9148584821952208,1.1770375238927482,-0.30426922170191517,0.955756198563677
2026-06-23,-4.157869513049334,-0.897231983029942,1.4567710123158348,-0.6235832575730441,0.9207398391478023,1.342799115483614,-2.060958372166116,2.7064553887537124
2026-06-24,-2.108035234557276,3.0275320828355334,2.8334743431959533,-0.544579738766135,0.2853652566806728,-0.9791985566130054,-0.12315207551652185,-1.250704300475556
2026-06-25,0.8745149500082734,1.0453136715819755,-1.1193872866637258,0.47553851071335873,0.14990724738258968,0.5213886183847337,-0.05388959454093431,-0.7923657381078328
2026-06-26,-1.7003092679374148,1.0870848924154954,0.3643349719773068,-0.5536061376765481,-1.373614431091738,0.9798005799099456,-1.6057324876798453,0.9800944763298215
2026-06-29,1.8662809470275294,0.8782703278352171,0.04742816025149424,-0.5483213536524512,0.9612853060459794,-1.536221634652395,1.198831800714339,-0.8208940900692031
2026-06-30,2.2598496422031547,-3.5712595815623263,-1.0306406708982099,0.6860809883495265,-0.6152283953878509,-1.6279791782945383,0.5246798540198483,-0.8015614149583429
2026-07-01,-0.9528729445940475,-2.187713071327587,0.08340467640946288,0.00032631797160677123,-0.12057061562340837,0.4149194259419585,-0.40445791313495905,2.289059028109303
2026-07-02,-0.09363799066031905,1.7301079187993502,-1.5057674381479176,-1.1955871353794358,-0.044842928717099086,0.5901041950469434,-1.1507417334305645,1.425531011325789
2026-07-06,1.8781897773732816,1.173933693116631,-1.2571298423080592,0.9081198663274813,0.23747655789445918,-1.0080301347285765,0.295601892568013,-1.3624668373773652
2026-07-07,-0.6085660654876994,-4.407161993958002,-0.12142484721370109,0.01116945873019269,0.3194925092664482,2.7815761519094218,-1.0023320830767553,1.3185956792979843
2026-07-08,-0.9449680439306711,-1.855521335154444,-1.4796482105975013,0.32012421350998155,0.6808846501888459,-0.3421979726759635,0.15800074647300366,-1.4713172008661304
2026-07-09,1.0452274296110726,1.6032764943660731,0.4194911501331894,0.2861634843448384,-1.0668319212225856,-0.9382017473237245,-0.12854610567448002,-0.10826625880963098
2026-07-10,0.47327269262761085,-0.6405129870582148,0.3242600740604499,-0.12205022433467383,-0.3569149743600053,0.29320440139207793,0.45410992164049874,-0.37580583911104537
2026-07-13,-1.321722342153176,-3.7799109304640917,-0.139790326451054,0.6969498304242413,1.6212682442588957,2.751555200235849,-1.081228532134484,0.2184018428509812
2026-07-14,0.5408426977198524,2.5453619455603613,-1.3534177262096758,0.0994766923062358,-0.13502010356896318,-1.2278107610816849,-0.8694270326388028,-0.6315649566918007
2026-07-15,0.195739501416577,1.8076748410437042,-0.7650169336823824,-1.0049126943321396,0.5701832665704791,-0.28238106396285334,-0.6020950920067139,0.24377978032149822
2026-07-16,-1.3484182503665625,-0.7920765548868007,2.0334198707570357,-0.8811220080615472,-0.12206146800267619,2.0045819997840932,-1.518240968003736,1.601145724969584
2026-07-17,-2.4148020249247457,0.32427450610911845,-1.165209395473321,0.5487421933433015,0.6613087624478051,1.6473539339018821,0.209713001831995,-0.3591641428923601
2026-07-20,-0.04713355209898753,-2.547347291738089,-0.5779188994489423,0.5112698769219423,0.02739316946972774,-0.165923161838051,-0.36646793523767585,0.18330314328594435
2026-07-21,3.1718121441152802,-0.6987776983462348,-0.5485206009283411,1.4221977777832024,-1.0582891972928385,0.44766461521408246,1.2841792243814487,-0.8315488222775278
2026-07-22,-0.2830640439151778,-1.5029354483894477,-1.3776479399220085,-0.04163864711783445,0.013653989569569218,0.4776832308519659,0.9427492795575088,0.06495178395105099
2026-07-23,-2.1348699439485936,-3.3149639492525598,0.02498164181166482,0.4957813750091429,0.40549548738052155,1.8238599323796878,-0.6928252335089832,-0.8345210526237047
2026-07-24,-0.5312600984563065,1.0921748308282453,0.9931908513909893,-0.7191870395249184,-0.7566740537799169,1.1709403286222217,-1.4433078125282,1.325545072662409
2026-07-27,-0.5738690629249216,1.260044469420285,1.3177862963281433,-1.1869710423440478,-1.0366203094529634,-1.7144043499365267,1.1634561110410853,1.0656624758545323
2026-07-28,-0.8793951679248714,1.9074190744324646,1.1802253744751627,-0.9072285070879712,0.9052489616636503,-0.773087570628749,-0.4544799038298892,0.792074838063504
2026-07-29,-2.3999717098831748,-3.0506504755487174,-3.540678625154748,-0.33068710765859044,0.10139712048587649,1.498886947725145,-2.6883857357480614,-0.5380561900037749
2026-07-30,4.2489177098620905,2.197321465610826,-1.8660771038604982,-1.5131713275941712,-0.6757320710619301,-2.8334535457057575,1.6236107397400723,-1.3575119577826689
2026-07-31,1.0281769935824063,-1.707301305129635,0.08373490383410775,0.3222068468884649,0.34246105659303216,-0.7050271583727076,-0.1970912382527658,-0.6088432613854574
2026-08-03,1.816507147721192,1.9483449961238677,1.36688653086232,-0.25880550942529307,-0.19561190589328006,-1.801257021472682,0.8305370235099302,0.8108416223071665
2026-08-04,2.5391439974896617,4.233509586427447,1.4172297538863516,0.17625474084910422,-0.6175167213208501,-2.8791152345569064,1.1126647211750504,-0.44237142941801744
2026-08-05,-0.6990333285051146,0.6220101393975119,-1.9858556131397058,0.20454980859698668,-0.8717816358472398,0.2671746358323269,0.6483154704677172,1.2780796802486074
2026-08-06,-0.31265555207840506,-3.006390117825015,-0.7937449506717869,0.8973914052204799,0.7036993778152366,0.46090417770700165,0.7301306210720829,0.11771322255514442
2026-08-07,0.9974109178204821,2.822667591546983,-0.9940878441127228,-0.10652548695449418,-0.8362602517958645,-0.770745035031737,-0.5444266614149792,-0.06815944925401035
2026-08-10,0.188428798481474,-3.4160654487163735,-2.165468937745888,1.9259825257674341,0.5744684177290826,0.5743257719223747,0.14075249305253537,-0.4888181806566795
2026-08-11,-0.7582532322992604,0.14727711644155328,-0.1903897940669655,-0.06479356287806809,0.46862094721028535,-0.48783225146405185,0.09299184502389526,-0.46973577835418984
2026-08-12,0.7749126156281352,1.2366404481975324,0.30207661874503383,0.6282992662820331,-0.5096929755947608,0.37323508054737686,-0.584964057894258,0.23477552565160156
2026-08-13,0.05150898121971482,2.930816962215259,1.6825448464873416,-0.6907835965583741,0.12059213636918525,-0.41233119044313626,-0.9889782714856334,-0.0612833201276844
2026-08-14,0.4103362693789798,-1.7965204662767134,-1.0709503413929937,-0.3438918475514148,-0.7483640514794543,0.9317205614616889,-0.47026927652514783,0.03525903063436335
