Date,PRPFX,DBMF,KMLM,BTAL,RPAR,MNA,CTA,MTUM,QUAL,USMV,VLUE,JEPI,DIVO,ARKK,QAI,^PUT
2022-03-23,0.0013070468430579725,0.005329884469268729,0.009263612842584052,0.0042366522385804874,0.007807853152066509,-0.0014136740390732784,-0.0003460519443428782,-0.011061648445364988,-0.011531365401743992,-0.007566664339819691,-0.011890046242596125,-0.007473092517743507,-0.00910178254130216,-0.010688283653768421,-0.0009620320377009807,-0.0061893859656870906
2022-03-24,0.0030696698940905816,0.0009427855408363221,-0.00491978962384034,-0.002163297236255059,0.0007758966137490808,0.001666229551988756,0.016067574093994744,0.013400749681864818,0.011181751706140669,0.007084407654911867,0.009935021669983899,0.006821065224602838,0.007837722347642491,0.016665126224258232,0.0016574211822815228,0.006224089643229955
2022-03-25,0.00033355148424615583,0.0013324711754989413,0.006169400421299986,-0.001858762964435021,-0.005143804486342146,0.0006510441885167967,0.005342042959933279,-0.0005913682252282305,0.00033096665679075116,0.0015945490002716646,0.0021817906582385434,0.0015064709615403996,0.001165442053832868,-0.00510570698533579,-0.0009648383900232121,0.0004409753420051717
2022-03-28,-0.0048877289033735696,-0.005974030997007564,-0.020481297965743026,0.0018124055560764974,-0.0020479767679065478,0.00030726552931704867,0.0029864149373072498,0.0072842180390527535,0.006507822746179776,0.00583163059925795,0.0033987677313119047,0.006092061877092699,0.0036998565711135996,0.006537887161551645,0.0014062134655061283,0.0059374288601215
2022-03-29,0.007362656057431536,0.0007768225984513709,-0.01049386917817525,-0.0025803839087771936,0.009548664827190903,0.0029914732740708065,0.007976419165918862,0.015063146874876742,0.016554491561853426,0.01391191748617498,0.01645685356741758,0.013241928736221162,0.014903481911948912,0.015579436639351695,0.004222831575797016,0.010429267275015029
2022-03-30,0.0008546573644363822,0.0012509772021333258,0.0029738902124157394,0.0021463652616133698,0.005092921611160139,-0.0011605501520189111,-0.013224809022487152,-0.008633198740712264,-0.008238946567166864,-0.006435122654598608,-0.007839780044197883,-0.005670287667057364,-0.006435161111533461,-0.00881200844293452,-0.000595092050625412,-0.007454814502194223
2022-03-31,-0.005923841379615072,-0.005000907048544746,-0.005228366536876753,0.0055365959911661804,-0.007715672698329765,-0.002390404374023611,0.0016487004078651847,-0.010967811375999045,-0.01104070359169408,-0.007649813559916767,-0.012031611649652054,-0.007372323074266913,-0.009732545280326329,-0.015729490881516588,-0.003407937252572854,-0.0067170011974053
2022-04-01,0.002340955463430474,0.0022947298985632933,0.000734998233452475,-0.0017977796910062594,0.001778041428556773,0.0016636913439803634,0.007437149202469815,0.00527507656229438,0.006337310571897553,0.006991804590008404,0.007139494209925888,0.00663144231572637,0.006251782711219007,0.0025276801948358575,0.0014288430865412216,0.005905059425333393
2022-04-04,0.0030318617796031627,0.0026302909561329735,0.006486761886767316,-0.0034140515382684498,0.00277110229894684,0.0013204550512447898,0.006362076399951777,0.009943960979072514,0.008935037219682652,0.004698370364527314,0.009164420357679396,0.0039185207715275675,0.007101212918789709,0.015963456392553615,0.0020303663045723123,0.007458076296818106
2022-04-05,-0.0073992305420798495,-0.004807391725816613,0.005746989056859828,0.00157465201742898,-0.01713170106145418,-0.0023611092805413663,-0.003450903946616145,-0.014965316882471685,-0.013598045643381301,-0.009585424214920679,-0.011719336070864535,-0.00941855503636949,-0.010706825153056904,-0.0225656662797432,-0.005307436757172514,-0.009052850291936915
2022-04-06,-0.002401486474209957,-0.0037657149317384428,-0.003486133613875534,0.003404199741410842,-0.008246646270735762,-0.001388574965650158,0.006948931225622313,-0.01034392662883082,-0.008392922269236594,-0.0038673387895562213,-0.007837717107174274,-0.0043533607556163435,-0.00564464690769685,-0.017751506732802562,-0.0034922613199575517,-0.005802819652845959
2022-04-07,-0.0008406223720552335,-0.0006903949174082099,0.002176712757908414,-0.0011776690497818907,-0.002814800436150864,-0.0003438742561829622,-0.0013206964445996428,0.0010300330968698334,1.9977643124778057e-05,-0.0019988880865503943,-8.056006403563392e-05,-0.0020240063626448517,-0.0007433212807296184,0.004080121404859586,-0.0004672953026584706,-0.0009004103608106567
2022-04-08,0.0013819984487371817,0.0029064262259540998,0.008812291041270525,-0.0009450602205494966,-0.0008422993143655418,-5.566364985326079e-05,-7.71713213633049e-06,-0.0037752840033160873,-0.0035540616065396382,-0.0024530706883957747,-0.0021372604520201993,-0.00236206300477262,-0.0023171051519943497,-0.0050831830008669495,-0.0009920109713183864,-0.0031947012465399884
2022-04-11,-0.004308099119691395,-0.004266606346631478,0.0018539083004687497,0.002857277962283435,-0.010299199207980442,-0.002247684367434537,-0.002554959656016458,-0.012588183367942617,-0.011654667424311076,-0.008810381770613092,-0.010742768736300076,-0.008739609295763711,-0.00924989178086598,-0.017325320942374097,-0.004126607694009299,-0.00883539532765832
2022-04-12,0.0026527029800974015,7.226043223609348e-05,0.007897073683439143,9.241465907603905e-05,-0.00037954996525069954,5.497984643103331e-05,0.008128571946790815,-0.0013843835637445466,0.0008993952109266953,0.0011898666019052404,0.0026306445564487193,-0.0004522053534816238,0.002925405103975747,-0.0017335862747850706,-0.0004392875582794065,0.003551923115225236
2022-04-13,0.0060415435074705785,0.0037372424013892847,0.0015043552114613467,-0.003824926988712954,0.00850945246129162,0.0020693604288755728,0.001230046208102601,0.011255256101415988,0.01093027954562971,0.007206136151664299,0.011181842523857425,0.006913769373022872,0.009262434353148238,0.01626423692883775,0.003301127275873603,0.006358548903988393
2022-04-14,-0.003482112398751714,-0.0015770348561480502,0.01088594732935011,0.00010925154993297973,-0.010209872898664723,-0.0012295444927133631,-0.0036270740362682632,-0.010559668218014125,-0.008576409942550819,-0.005727916362161443,-0.005892468274766147,-0.00591627060378983,-0.005696904174405725,-0.01616666983315414,-0.00321962918604706,-0.004373074365141575
2022-04-18,-0.0004303467964489674,0.0011354344609485756,0.006875085363935328,-0.0008102589910071814,-0.0030933077055291663,-0.00022798349154999517,0.004221992597197563,-0.0012496995290013913,-0.0015336294356895703,-0.0016329236143006395,-0.0009795462916576546,-0.0020883490018659373,-0.0011690836594141908,-0.0003568360964353159,-0.0009061234590737185,-1.3985570312801863e-05
2022-04-19,-0.001495057858410314,-0.0014074851964486533,-0.009409248557427417,-0.0033782604021490373,-0.004663600968275564,0.0017694988371411554,0.01078308877423829,0.011902548446467626,0.011016011422183489,0.00905494218715338,0.009755575801892296,0.008763820577110818,0.008115663663675625,0.012133945750248664,0.0014632153147384707,0.008085025174309103
2022-04-20,0.004234374569513246,0.0012662940220728883,-0.008578968378088348,0.0030624166754042565,0.01088257160944574,0.0005966022032099784,0.00011990628550830832,-0.00026389768458200537,0.001072156716051881,0.00345554800225754,0.00038804600648891267,0.003668344301492045,0.0019637593448975877,-0.0030984833255307018,0.0017364804144619013,0.00011768906747598078
2022-04-21,-0.005163485034314986,-0.002380594977478526,0.006050524216607232,0.0029901873079229853,-0.00814626257669091,-0.0021333380696310945,-0.007691770089702684,-0.01472244240450661,-0.013293253378474318,-0.008923387522424572,-0.01183760391650072,-0.008521988286431269,-0.01024445871888486,-0.020937822322394044,-0.003584080184583398,-0.007894918281408134
2022-04-22,-0.010434654010802482,-0.008738584486546545,-0.004954989249353761,0.006131051614329892,-0.012780042734801404,-0.0036960866122843724,-0.013872854996618493,-0.019026752829953468,-0.01750837201072932,-0.012472692082611354,-0.0175921416915465,-0.011824349878413623,-0.01454999390754434,-0.026114942991672944,-0.004826078626984312,-0.010672390347063352
2022-04-25,-0.004152572074959978,-0.005193921014403878,-0.01026473637952836,0.00013334312748967232,-0.0011126893614499347,5.1224227916045625e-05,-0.0037592371091423014,0.0054180874421733,0.0059335197391386365,0.004203279151280513,0.004300335508750517,0.00359481099385844,0.004444876627676687,0.00822562268735447,0.0016569755730500887,0.0076804150753901155
2022-04-26,-0.00617826557834597,-0.0037875142468316468,0.0055214941269780445,0.007533286950408088,-0.0070255921351828916,-0.003679071417760873,-0.004420981447193594,-0.023292454834247377,-0.020731453921649833,-0.01330183114685131,-0.019866386235409983,-0.013716246733470048,-0.01544226056764078,-0.030589478880275245,-0.005031411751425928,-0.010423626699950988
2022-04-27,-0.0029156450056639564,0.0005985089476889972,0.0062326904772407685,-0.004142182181783858,-0.005079216903436516,-4.464680868459752e-05,-0.007030133902901055,0.0012919979222372326,0.0003381674298338969,-0.0015651472773085112,0.0005631140662877782,-0.0016561663234806894,-0.00045509653883303385,0.005906823796302485,-0.00016068760340241269,0.0005318037974711485
2022-04-28,0.007393654990599967,0.009049712206569485,0.0032160525276052365,-0.005266522967286144,0.01033860426045651,0.0036723725249647597,0.026457643988325043,0.022122557916977367,0.01890645102025407,0.013988127435467438,0.01710517539281297,0.012814260321163024,0.0144924303025131,0.03083604842922843,0.004846602840019004,0.015174694111109594
2022-04-29,-0.009797327747273253,-0.00792174071558423,0.0028153855937468435,0.004585574160483257,-0.011998950893601852,-0.004779248409442023,-0.040882460959787606,-0.02610116788737131,-0.025346639140655942,-0.021902519089782455,-0.02349817253969461,-0.019112915756231655,-0.021788827649249828,-0.032151052628518285,-0.005868428134832943,-0.022802918143865793
2022-05-02,-0.005806058460038257,-0.0051509278587451145,0.006359051255046379,-0.005535721537839317,-0.011792339360934384,-0.0004023755651551113,-0.01768232816775235,0.002326286153038433,0.0027935573445152257,-0.001766845698769905,0.004504172349287457,-0.001913887281513375,0.0018414168592297193,0.00671179040649953,-0.0004539343314877365,0.002633180162500793
2022-05-03,0.0027530059910029613,0.0005926267454848656,-0.009125590367502753,0.0009509473898063172,0.006292648940547611,0.0010890501835431675,0.0065011377963041395,0.006576873708664476,0.006099009688743714,0.0055708783781805,0.0047331925479154316,0.005721342363908207,0.004678766620854252,0.006429355225854177,0.0019510918815812644,0.003554674586982016
2022-05-04,0.010499576119322378,0.007103038637584512,0.0010972582566379711,-0.006442316269931975,0.01712529754920554,0.0033511147924333313,0.00117508846054914,0.019646566804219043,0.0183321628593256,0.011541587158255309,0.017729600146807464,0.01093580054179419,0.015089858390928718,0.03136792567509017,0.006070892988887442,0.010428073581257169
2022-05-05,-0.011460255890597036,-0.008876071120700307,0.008875098730954356,0.007118170586916284,-0.023245347807052237,-0.0048344255820910965,-0.00689239562219658,-0.02939355106904431,-0.026427992971183267,-0.01855046362717749,-0.023470382834260662,-0.018242045192965243,-0.020492440818853257,-0.043377530641044715,-0.008849539011000726,-0.01623064714918499
2022-05-06,-0.0030694824563134906,-0.0027938050546534136,0.0036915065970257043,0.0011187562730333865,-0.007550837713548965,-0.0014436653786568184,-0.003939963762416967,-0.007601578681569242,-0.007131435862779631,-0.006129504004880532,-0.0061190977445485005,-0.005976105809928143,-0.005784923774325589,-0.010072691370173935,-0.0026405681364153073,-0.005432772485652458
2022-05-09,-0.016312034158819648,-0.015588055106567755,-0.020890824496131024,0.009866128003729572,-0.01376149376855665,-0.005978766820158071,-0.033410587634713586,-0.024944754011371435,-0.02475944051171037,-0.02006466989612167,-0.027616040832495057,-0.01802859205565455,-0.022716895008602182,-0.02976588069409556,-0.0057182888546393265,-0.01894153297076016
2022-05-10,-0.002740724241127239,-0.0023705324193159637,-0.00576005917847124,-0.0003397129632195749,0.0013795594183544006,-0.00011000002506912827,-0.01105523556858416,0.004319330787586931,0.002987004704153492,0.0002000511400345609,0.0016720179116407922,0.000985692742403762,0.000808841648796708,0.008063151416604231,0.001506842452224491,0.0019216807560003917
2022-05-11,0.0016554636860578974,0.005190577862760946,0.008285534803857228,0.004080444053085312,0.007855181226544007,-0.0010130214767426478,-0.0009049682433167937,-0.011451625181741634,-0.010746091546222596,-0.005581920384727688,-0.010473861198769675,-0.005497898293532495,-0.007661999313733647,-0.013888523041611053,-0.0007626655270170495,-0.005264643252102493
2022-05-12,-0.0034205540642894845,-0.0027540851791346167,-0.0018128348485304943,-0.0012021181988487724,-0.005951604313755569,5.700400930010684e-05,0.00474140999323127,0.000776981747451944,0.0023089367779018017,0.0031065290928203645,0.0021211966645765653,0.001681612577980299,0.002821926437372318,0.0009755879833788037,-0.00022693713520804823,0.00577419399183103
2022-05-13,0.005287743717776782,0.005898652699358145,0.002738422252667277,-0.010279423289432517,0.006492142456341551,0.0033540143216513243,-0.004428418117857643,0.01788194589959044,0.016795010503994907,0.011003690389327313,0.016839074164314276,0.010565971648153543,0.013619634330275207,0.027996800201604173,0.004706935441428249,0.009466120392901166
2022-05-16,0.002651292436284671,0.001405327383256387,0.002677273021395145,0.0010101283576756264,0.0042893274524209435,-0.00027238150031806484,-0.0040379557686516165,-0.0030941244327092254,-0.0027613802914357474,-0.0023688731422016034,-0.002152105317566787,-0.0020792901890748644,-0.0017922105089383676,-0.0032557149672910045,-6.684341623113446e-05,-0.003527052168594154
2022-05-17,0.0027115282827047133,0.001410881953188743,-0.006475463682363387,-0.006606540220777201,0.0033297959819582595,0.002217384511503187,-0.009667475271368218,0.013854378629322026,0.012149739135433437,0.00697872771107589,0.011619507640372624,0.007985900470801145,0.008561512238460106,0.019293389553803414,0.003214489336110354,0.0031027684549180838
2022-05-18,-0.008989220929060434,-0.005625126505064841,-0.006372901311500765,0.010926414002551975,-0.004727725646630331,-0.004468359984429682,-0.009311711821940316,-0.024118381395489656,-0.023721249003838554,-0.015877271521361223,-0.025408551595418754,-0.014821784451802753,-0.020115188641637635,-0.03175364235949581,-0.004904447626151097,-0.01449846953238749
2022-05-19,0.004885767302543562,-0.0004644774362911174,-0.0024817764471313833,0.0003140690503902231,0.006385198918105577,0.00011044773061367479,-0.010321030203681567,-0.00030411125194446836,0.0005781801599040754,-0.0008367290844453509,0.0015300237856780317,-0.00018080275454637965,0.0011173618942702213,-0.0001887023421049705,0.0007232510124092516,-0.00436170596423601
2022-05-20,0.0009855108176653215,0.0014502949269593027,-0.004059695585395893,0.0006798543093193127,0.004333852255642748,0.00039359040948275026,0.004789385806258002,0.00252824095545917,0.0018980637349311138,0.002244175063585925,0.0005390059552459098,0.002072145688930995,0.0012670767748700616,0.003989633044951245,0.0010505807853699817,0.0019360959980814982
2022-05-23,0.005587078203058992,0.0011974592694835346,-0.000517565641737431,-0.0049185684460732945,0.003669337226943208,0.002025873716619377,-0.0034450405149960128,0.010985920424557316,0.01105186930750001,0.0065217422989596995,0.012270164265615778,0.006778084253247498,0.009299417079199193,0.013648139190034731,0.0023980794721956255,0.0034333811185255953
2022-05-24,0.0021828070977730637,-0.00190101751959674,-0.008603097257763403,0.005694339729486857,0.006046169320470229,-0.00044272633232277553,0.006092198410049673,-0.0038850905412615463,-0.002078309678623455,0.0009467149306688603,-0.0026878874914352266,0.0006267582452610989,-0.00045325931523576644,-0.008628639180337742,5.5555959513204126e-05,-0.0003382815920636678
2022-05-25,0.0023427789585617315,-0.0006545269768526226,-0.0017840044535103378,-0.001461279771752696,0.0027632386763914263,0.0016468452222582577,0.008925546696773949,0.00994857051058493,0.011318427852338478,0.00918414190125573,0.011601141309181575,0.007940730763011411,0.010381149441853556,0.011011909343476893,0.0025104916408839393,0.011407985619405293
2022-05-26,0.004229295157529721,0.0018824077571667963,0.001664887754197778,-0.005865024776938636,0.005638544122411779,0.002185478317582633,-0.0048781446962950555,0.014148610708011286,0.013741115349396035,0.007893748585505808,0.01421451282729231,0.007628207595659979,0.011174752570136602,0.02128234303527954,0.0037480701446726008,0.008501913166034077
2022-05-27,0.0070759139561365585,0.00517419196944554,-0.0011706930872211843,-0.00469564764571176,0.009413624046100895,0.0031748217557345374,0.013137565104196395,0.01693333788986222,0.0164141675424406,0.012794741142236653,0.015900934406811736,0.011835032896232072,0.013890764238337357,0.022084917934268457,0.00434003576317406,0.011845841806223145
2022-05-31,-0.005520623081103767,-0.0033791696749974746,0.0013946189550657693,-0.0018932964939066751,-0.009225380197000296,-0.0011170278365618348,-0.01496442297546156,-0.00451472268869996,-0.0048568871354335574,-0.005490276517987757,-0.004266657725840849,-0.004677967209071388,-0.004926109182759026,-0.004375443727470578,-0.0017690145882431636,-0.0050241897960863
2022-06-01,-0.00031995163474512903,0.0020608065886441283,0.007876359876559016,0.0019591502881712362,-0.00363110333433706,-0.00035188192638670076,0.015402716268378507,-0.002775095934075592,-0.0034945925090602435,-0.0018488921000903167,-0.0030212014740015553,-0.002177552912266424,-0.0029362630644816055,-0.00589055585263494,-0.0017392781955015517,-0.00011495528104402076
2022-06-02,0.009280846541361853,0.00783078173538226,0.003620250308506198,-0.005246971053799618,0.013504051227434038,0.0027091585892182494,0.002025562850782717,0.013582162608596283,0.01201127457061328,0.007645700948925596,0.011935039607750237,0.007691268569702067,0.009738157778147526,0.021117121358096028,0.004150025146388529,0.004827086795951023
2022-06-03,-0.005494610489360325,-0.0019452231083006454,0.0070915109831982785,0.0016568028584580405,-0.006144746940474473,-0.0019385839477355318,-0.012112843585690643,-0.013293237064783515,-0.011520154453049514,-0.007779284252033801,-0.010278967535976753,-0.007813614236333716,-0.008517675933847255,-0.01636267624259587,-0.0025330019636487385,-0.00511235758428306
2022-06-06,-0.0014734918601173072,0.00012494328430226334,0.004315147253418545,-0.003106793045459684,-0.005133365812755372,0.00013369565515621303,-0.0036007651735089187,0.001102149747380898,0.0005560642074459539,-0.0008085127300250735,0.001251464874968798,-0.0006514035067655673,1.4630535849746804e-05,0.002465546677394792,-0.0005129197352052334,-0.0005916616027508525
2022-06-07,0.00497026638447471,0.004511103863852856,-0.0020615038546111593,-0.00012235936673662235,0.0085501363211302,0.0015431905983140952,0.013826888682927358,0.007711974159857129,0.006760414012406309,0.006274192146928388,0.005589588612016113,0.005833098568167251,0.00554181947206126,0.009626254000778578,0.0022306524051305815,0.005152026861568747
2022-06-08,-0.0038993620433457844,-0.00030253814228530136,0.007487427092499618,3.300159103391425e-05,-0.0050271873853010626,-0.0015822868849552027,-0.01099324036624681,-0.007999809191237266,-0.008780730603887482,-0.008258770517434748,-0.008268832015091862,-0.007650528510137406,-0.007961319841018685,-0.006992090778674149,-0.0020396948488491237,-0.006490292432860031
2022-06-09,-0.006695338398849617,-0.0031070056632102007,0.005285715278785611,0.005025816121887728,-0.0085314191568293,-0.0028201752888313697,-0.0040441448310363426,-0.01636424023991043,-0.015534209504772911,-0.01076337181818349,-0.01497849775753952,-0.010571362529829851,-0.012564717711003218,-0.02188269949352519,-0.004079411377299185,-0.007890676924824116
2022-06-10,-0.003777703921070316,0.001185649239239344,0.008632389660674755,0.007180388075719466,-0.007782393029202255,-0.0025583993761299963,0.01337957741300149,-0.016410321301847657,-0.017787809849191746,-0.01178591889647268,-0.0174369638752615,-0.010905318613234877,-0.015389174175494187,-0.025651076000385218,-0.005269327289688269,-0.011414824055481622
2022-06-13,-0.01847798629455658,-0.011170212299823512,0.0095502719123127,0.0038045850058068286,-0.02915997754927253,-0.005580484483214811,-0.032112062817852366,-0.03117936750590059,-0.029349336987232126,-0.023072764170580906,-0.026468999357248564,-0.021300454614838253,-0.02467081874917753,-0.04226651778654707,-0.008908601153573361,-0.01926914154595464
2022-06-14,-0.0031986975504787137,-0.005529703487884063,-0.003230298396197345,-0.000530988275557034,-0.00859928051877754,-0.00023207491322912836,-0.003740581512932964,0.0008383830516870353,0.0017281287814718915,0.0003958727996139543,0.002752377044245951,0.0006366696404921475,0.0013170550150381308,-0.0023745003633867134,-0.0009791659769715245,0.0007548007747720081
2022-06-15,0.008675753905134661,0.0036887830527548215,-0.012085702837471594,-0.00048561862375393376,0.017424762969027684,0.0023243203487403213,0.008784625093911338,0.014543039647239995,0.013585410405489004,0.0104460597186535,0.01108193681320551,0.009965870929876946,0.01104779942459587,0.021031705414346222,0.0048923952875985855,0.0076037511677378225
2022-06-16,-0.00394002342475154,-0.0049456437193419215,-0.0026297746092741403,0.008793775800272125,-0.0022939291703689265,-0.004022890861301628,-0.019366576322080303,-0.024652053325627567,-0.02306884806085467,-0.016754077089236877,-0.022444105647605267,-0.015115783710386996,-0.018522865111393175,-0.033064523493026014,-0.004855815509237346,-0.019320963605843924
2022-06-17,-0.0036604495402101636,-0.0026303005696292374,-0.01333568351155155,0.0013333066685070885,-0.003237309753421977,0.00029205557898035215,0.015779850582411,0.007298805064780346,0.005277319131858214,0.00469738914114343,0.001975474025178062,0.004248744324995991,0.0024950876961173088,0.008587881590573207,0.0005176867142263073,0.005878410010380366
2022-06-21,0.002580074399827619,0.0017237058030588409,-0.002900779732288509,-0.006846849175376066,0.0012225202382565312,0.00207788826897031,-0.0018029449520419716,0.013904000855118916,0.01227105029517209,0.007033803635984176,0.011713011526523529,0.007061173918319752,0.00902054553069467,0.020892085576176552,0.002680680644390696,0.005150491004125606
2022-06-22,4.0552191519506784e-05,-0.0010092398331607577,-0.015346394028478764,0.005096986591858624,0.0056402878415063055,-0.0004648178033709555,0.010657594895218626,-0.0006396544245931295,-0.0014775189780565742,0.0010475416197972536,-0.004830113140354984,0.0008897875278671449,-0.0018986636223684925,-0.0012243826547841063,0.0003126076516035865,-0.0007144893571954865
2022-06-23,0.00012600918420850037,-0.0014329010143747363,-0.014122204910285582,0.0005786879094809904,0.0031890263554008457,0.0010230982133738076,0.009851943711124585,0.008733723513475199,0.007984196235605623,0.007153342202527288,0.0053973725820860635,0.006752226234332055,0.005796426679283118,0.010233848236501619,0.002009999035754072,0.006406043059939911
2022-06-24,0.006723553083794776,0.005296330041540358,0.0004596546678557463,-0.008314351703373963,0.00791361436137278,0.0035584077523610714,0.004719148154988935,0.021101422542665976,0.01948200996405007,0.012766758429258212,0.01913725313225507,0.012262833660078748,0.015477693833846989,0.030313131956853562,0.004997454426782437,0.01169681957386851
2022-06-27,-0.0011768565934977405,-0.0015017719453837282,6.986369542358545e-05,-0.0005561270255098332,-0.004462343078588971,-0.0003703126211952386,-0.0037532865549288396,-0.0026941208459553066,-0.0023634791034041957,-0.0020293653517223465,-0.0016675190460113717,-0.0017045429687852862,-0.0019036041846164958,-0.004583666534060582,-0.001203344636703832,-0.003342191437367667
2022-06-28,-0.0032727421123852833,-0.00046741465850043103,0.005283814156778147,0.0029704300145176887,-0.0033830484355208967,-0.0016667289584506278,-0.0037643874421731584,-0.011729243146045835,-0.010760387406567396,-0.00684285835426821,-0.010123966898500748,-0.006798700987747323,-0.008199321122949185,-0.015378335152829156,-0.002400534164283351,-0.005467865595172133
2022-06-29,-0.0025739493619530178,-0.001395643894021572,-0.010641666081602028,0.003160978441046588,0.0014183335190856127,-0.0005579535351074021,0.007338224267564647,0.0018444530935106582,-0.000299908683956904,-0.00012818777873764,-0.003474685725359213,-4.709396784252791e-06,-0.002081722220642814,0.003819267005114066,0.00024843439544254743,0.0007278003818856751
2022-06-30,-0.0048427238529281744,-0.006928205755854298,-0.018155139035438576,0.003821244836994357,-0.0022438342835334707,-0.0015545934168828817,-0.009852725259443142,-0.004716025755578214,-0.004694005914477021,-0.003341555434443315,-0.007054000132022397,-0.0025917380126283867,-0.004934470198839651,-0.006233283452413268,-0.000931619761781453,-0.00526208038610458
2022-07-01,0.0033808398401491083,0.002816977513249368,-0.0033360533586307365,-0.0002758361948368422,0.00849611292306882,0.001373048490567358,0.011806437250067567,0.007673955318251087,0.0078874582261291,0.007536111047468014,0.006382674347702434,0.006179496241416315,0.00717373886957334,0.011558576872729515,0.0027781477939159403,0.00891733188130625
2022-07-05,-0.0105774041440733,-0.007724213806970107,-0.022890305472427274,0.0032659102499716995,-0.009898832600588794,-0.0010742234936830849,0.011811655834276949,0.0045339512257537695,0.0014935639404654827,0.001460987121532367,-0.003856871079521668,0.0013696184247835577,-0.0022237936526352258,0.005959108949721778,-0.0007210390354385163,0.004094876321826548
2022-07-06,-0.0047798965216520085,-0.004162821421841574,-0.002266184701314794,-0.0014231939701881881,-0.008681636356903031,-0.00017517296643154202,-0.005437624404219653,0.0008581583290084979,0.0011118298243013639,0.00025449484447155466,0.0015735221582589716,0.0005957701156147408,0.00036085530848151706,-0.0010522118222865498,-0.0007069640228156019,0.0012786957800961576
2022-07-07,0.006816797321571204,0.004939534733995462,0.014575130060925517,-0.007103368146326367,0.005036763194207462,0.0027093814052916204,0.00032004751338232055,0.012394053960631422,0.01358459460831188,0.008708021956020709,0.016576724927705518,0.0077372195057191645,0.01282766087653814,0.017091308140711036,0.0033244591291079306,0.010478485912457189
2022-07-08,0.0013892845773381304,0.0010543239397282356,0.008237825859836869,-0.0016882151656580494,-0.0005184556456128656,0.00026300613484298306,-0.004505078431169275,-0.0006217051917233129,0.000300433293512401,-0.00039326684067636286,0.002248639766713711,-0.0003902066037092598,0.0010844068113847864,-0.0011820215456734128,-2.4808958260810163e-05,0.0001562199400713494
2022-07-11,-0.003963642105270609,-0.0009587157709658696,-0.0009402026010680849,0.005341954477521602,-0.0026117520835230246,-0.00135395081555667,0.011798704112525135,-0.008138120149943416,-0.007621574310527674,-0.0028135179123093407,-0.008724830698333116,-0.003513535464496661,-0.005905019289213379,-0.012530576400865178,-0.0018783908875202615,8.78167010312991e-06
2022-07-12,-0.004255427572967798,-0.006629454397712455,-0.01741012969033812,0.0038005800178906504,-0.0030701641707240237,-0.0011283916176188702,-0.0032920714221389884,-0.001411003662454485,-0.002002930734969972,-0.001597059658517923,-0.004286561455728513,-0.0008175582037564952,-0.003103206142675756,-0.0035615415088763804,-0.0007715942886249687,-0.003152140132344701
2022-07-13,0.0019014362717947259,0.0030116679244132833,0.0007803654288240861,0.0022122144953371503,0.007224993487480052,-5.602203649284553e-05,-0.000653897835299574,-0.0016697693260740573,-0.0023347974294513057,-0.0011529468913089812,-0.0028874949474441878,-0.0005827976081873671,-0.002160020952525855,-0.001863743362453939,0.0007352765785919558,-0.0016267614308319385
2022-07-14,-0.005902853101915935,-0.004325998178539171,2.8394584023740067e-05,-0.00037060715633356503,-0.009283137301838598,-0.0010161986585754095,-0.005439795306787565,-0.00345231063424554,-0.002936025390086402,-0.0027361849503452877,-0.0027257845751897307,-0.0029283330230660985,-0.0026578820702615365,-0.004122302841850164,-0.0015405604504861578,-8.35737407466023e-05
2022-07-15,0.005935289988110961,0.0029743670296662975,-0.0019517149471984141,-0.0038622625177363304,0.009880897966325205,0.0024298316158268283,-0.00034271511458908686,0.01267162781871958,0.013102492020967766,0.009678107145369123,0.013205168591166194,0.009279559937657281,0.011429542361487062,0.017063680698507715,0.00411800178294107,0.008668342486744344
2022-07-18,0.000349694085301326,0.0013676293373560632,0.007024622694252216,-0.0020375210319183686,3.749947411326891e-05,-0.0005307508271868494,-0.01659397818252472,-0.0058461638630901164,-0.005330176555602869,-0.00511533174624022,-0.0037700506804204783,-0.004394601900851005,-0.003962392416092215,-0.005074018040197473,-0.0006994559694621197,-0.006573695966376388
2022-07-19,0.00829481668144554,0.004266378903315873,-0.0025187592952464195,-0.00601152309435455,0.00893813872158834,0.0036564054755639946,0.009119515049119897,0.02011256391377562,0.019464943363187482,0.013949550668609388,0.019628646724416138,0.013591871253241725,0.016111346024886626,0.024777332786852988,0.0047382268331987365,0.01132463006519713
2022-07-20,-0.0014616998946558333,-0.0009948847443064744,-0.0006600702193441204,-0.001659838350415725,-0.0017384060447189179,0.00037462640090933316,-0.0005916317255892653,0.003835395552442074,0.0037768168865344137,0.002362203941299952,0.0035387816814850767,0.0020183015687714684,0.002885596183231228,0.0058699779976030195,0.0007514658055830222,0.004079081770330653
2022-07-21,0.005166522844864409,0.0021685954785722484,-0.01312937270203943,0.0018564653214945648,0.01200095120814359,0.0011898913323831629,0.013194420099632306,0.010983931081261056,0.00842073169509026,0.005998855998899954,0.005028678883157675,0.00601213098874003,0.005394407484144152,0.015962200594571405,0.0029596673519580964,0.003926701455764207
2022-07-22,-0.0007979963449180555,-0.001379339452510204,-0.009717103274561495,0.004641390806804233,0.004341370684058014,-0.001054352715027641,-0.0003335387516806667,-0.0057145462270255,-0.005511035015053502,-0.0024594319980532006,-0.007415399647534956,-0.0023199679262806625,-0.0045791374561377635,-0.007181426912444312,-0.00038122023027976036,-0.0037379777088945927
2022-07-25,0.0012440443222413572,0.0009999096238290108,0.007344120049828181,-0.0032009342948526006,-0.0012140772506823464,0.0004770884692107282,-0.007505263430719946,-0.0002736267547423076,0.0010260093280686669,0.00035352406386477276,0.0030542317520471734,0.00024486106868609997,0.0019336605480566778,-0.0001659769578462051,0.0001347653704410495,8.747603030862464e-05
2022-07-26,-0.0018438927356756649,0.00032704489340406456,0.0034152729998600945,0.002759947341348368,-0.0034010556343598347,-0.00079493936539901,0.00984430709937547,-0.006610256169510143,-0.005893760434127427,-0.0022558055079671003,-0.005743440814802822,-0.0028691798955106035,-0.004110069789139604,-0.01063318061474142,-0.0018665708341235323,-0.0008938099416712633
2022-07-27,0.008768659227455752,0.006523981810909001,0.0027999888445537076,-0.00631186729492461,0.013426996877001583,0.002792383617007043,-0.001299846868282906,0.017128661340037692,0.01511334655498746,0.008364658524846826,0.014747546287072245,0.008321792869975133,0.01177504962851941,0.027864266890681402,0.004907599469240027,0.007058633159619352
2022-07-28,0.0077478236805965765,0.0050776550271071875,-0.005133911931241091,0.00045998330953401687,0.01098135732361049,0.0021839570484834775,0.02523782374981328,0.01059897680176162,0.010237148736231622,0.010155006733495701,0.008675782177748129,0.008847592803064337,0.009181165241508266,0.012150636841553432,0.0027504723629955966,0.00821115621143381
2022-07-29,0.003486784875674279,0.002672898055415095,-0.00015927637897028362,-0.002254214484633312,0.005895527222609098,0.0012486234990378576,-3.857863123879544e-05,0.007604852580230412,0.00660035299520458,0.003945042768330473,0.006273656311598771,0.004124753067127018,0.0049653821543447175,0.011346521672214357,0.0021771658343746007,0.003124197545362103
2022-08-01,-0.0004372861528166094,-0.0007479524504622605,-0.010370104028114528,0.003831993612359904,0.004574219085710902,-0.0006602957001175882,-0.0004198959095673147,-0.0007286943045771541,-0.002650591636629063,-0.0022045986872752097,-0.005003431328397821,-0.0011150435130072428,-0.003885571970802978,-0.0007418600432468085,0.0001791471420231054,-0.004033720682739539
2022-08-02,-0.004334401407058344,-0.003253731569881753,0.006797155992016726,-0.0001521857501492604,-0.012582678524946624,-0.0009035981972827464,0.0010392289378598433,-0.005103760249469128,-0.004392941317480967,-0.003728092733931526,-0.0024343677197111117,-0.003684159931945409,-0.003444807845440674,-0.010035813399883865,-0.002898788237633666,-0.0020266333881854494
2022-08-03,0.0030711188177450143,0.0036106967347470575,-0.005668451336022571,-0.0009112573426084779,0.008803716977877529,0.0016674743421932268,0.012214678461886987,0.013458462207439119,0.010578630922831173,0.007262615267234448,0.007871516818432758,0.0071023963255047624,0.006972330841164946,0.019837161513433912,0.0033819746206304453,0.008064900886681757
2022-08-04,0.0034273992073491537,0.0005786872891516909,-0.0067199426748364875,0.0017657434793381952,0.005210205310171882,1.9884007496025733e-05,0.003902708077958189,0.0023702597551413314,0.0007210442326654582,-0.000516678917182818,-0.0006343807834703498,8.373725769232797e-05,-0.000456165226596418,0.0037864818504281528,0.0003521632153403735,-0.00358473733706534
2022-08-05,-0.003234135300418886,-0.001696901609849724,0.00724979592597499,-0.002316194837317546,-0.01173931239008443,0.00016568153259063461,0.004929501889695647,-0.0009877489509365505,0.00024282243181477953,0.0008517848580078257,0.002367797454158283,0.0003710395952757665,0.0009606046493442451,-0.005483127727060218,-0.0018076653999724807,0.002349841892741308
2022-08-08,0.004309869599660325,0.004631326111847755,0.0016304395483733548,0.0007434649123562195,0.008131217185940962,0.0007079594438286624,0.008112990313162604,0.001420295349211864,0.0011613984028734203,0.0022302743534382023,0.0006223605312247723,0.0018577168242752788,0.001478244809866145,0.002489698883695125,0.0011862444934528744,0.0012911055762949094
2022-08-09,0.0005429400058417292,0.0008920083089451643,0.0037742211270637913,0.001002018082503702,-0.0012518439722763264,-0.00036643724775570636,0.0013090654951368203,-0.005319397825258127,-0.004507919926874399,-0.002278222811018599,-0.003489001206781882,-0.002204573406986771,-0.002918278593735439,-0.008890019382519362,-0.0013060163824190375,-0.0034387929372863392
2022-08-10,0.006014272566515031,0.0006712918411491214,-0.0033424907960704743,-0.005549044031416881,0.007684035597184351,0.002526457949305894,-0.008250822443725046,0.014004944787316651,0.014978021973958837,0.009763718769946469,0.015911962633944038,0.009658498905425238,0.013046703211817584,0.018657223247294567,0.004156723352865392,0.007712560130317276
2022-08-11,-0.00020914670949070756,0.00038870098205168375,0.010067028414651777,-0.0036351645755735703,-0.005083387417385056,-4.687731939300603e-06,-0.007186132918524761,-0.002351356797787008,-0.0011387915137283393,-0.0017675464161344646,0.0011300986762037822,-0.0021046622761114707,9.970176750269722e-05,-0.001817729210205062,-0.0009071325821040383,-0.0011670410549519802
2022-08-12,0.006126659780035074,0.005450004537973725,-0.0043479884144132334,-0.00048242189247632507,0.009761577771652374,0.0023941168715926643,0.025882768199080794,0.015104634622526807,0.012789268409536664,0.01050932689948592,0.010507259456611313,0.009676865852464491,0.009707765360680643,0.019085607647460145,0.0033134490863221617,0.010244361763871853
2022-08-15,-0.004296315574865454,-0.002407978573074213,-0.0052316820772825515,-0.00048817130840437335,-0.00485676170659567,-0.00016531379992017388,0.004012850221309616,0.00213173628902227,0.0016900289201568141,0.0016443820129994524,0.0001533127432843334,0.0009906365042796769,0.0007343831880019052,0.0039288760227034125,-6.554742718841796e-05,0.003851381172791675
2022-08-16,-0.0014152311436945275,-0.00010041961964157831,-0.0033799401185147953,0.00013263020585238089,-4.6721023809981766e-05,-0.0002317160837611731,-0.0029197361749866237,0.00016675292585651954,-0.0010671061252711586,-0.0012822321600609544,-0.002094812947418656,-0.0006882215831712004,-0.001969143183378157,0.0012127629004749394,6.211639514030326e-06,-0.001931178866066623
2022-08-17,-0.003992167816181246,-0.002132684660200443,0.0047138950815984,-0.0002746756484352782,-0.007322649149592836,-0.0013063698316258562,-0.011119800975138611,-0.00870498036706548,-0.007748547617118057,-0.006084225886816641,-0.006452971326486802,-0.00575681363566726,-0.006024205120100039,-0.010996700642647426,-0.0022782610855868086,-0.005632002885928768
2022-08-18,-0.0003475086577465747,0.00164380781880261,0.0064730627242720815,-0.0011062852523891372,0.00012912011555958744,8.83426353153518e-05,0.0034722392282163575,0.001017940305740091,0.0009963445513662835,0.0005226488009037558,0.0010544816219250751,-0.00038316477420271904,0.0011359141994840784,0.004215766288850222,0.0003804721287887266,0.003862993172760406
2022-08-19,-0.0060017966102753955,-0.003961284536984992,0.006156842455400872,0.0010885117643867832,-0.011850286055140524,-0.0019820924834299024,-0.007561057591839393,-0.012170083208617451,-0.010620270337214553,-0.007849777713827083,-0.008956210058767946,-0.007889764254090543,-0.008062376648810946,-0.016656230833147396,-0.003654413263262007,-0.005998094337262404
2022-08-22,-0.006362761139392385,-0.0022651690967392724,0.009430180850863688,0.0025148259818868245,-0.00901645641009786,-0.0024430013725358786,-0.010119727565483934,-0.015457084299378771,-0.01424079348210104,-0.010347632615389167,-0.012741444621802352,-0.010118658644175983,-0.011174519343506377,-0.019782157740663543,-0.0036743652993300163,-0.0074063736178800995
2022-08-23,0.002143710864826346,0.001164852160331581,0.0062591569840107115,-0.0009454611245266276,0.0024774883071595546,-0.000152041172129789,-0.00861249766272245,-0.0014993787396364194,-0.0012810530744506868,-0.002568144140083709,-2.6956274294150928e-05,-0.002248658336477007,-0.0007279189261298285,0.00014071256669183493,0.00012115698140095752,-0.002642486473465744
2022-08-24,0.0026805364305074785,0.0023361123027321597,0.005437595882030917,-0.0012958598126325436,0.000851259726419106,0.0008200261958703612,0.006342581309083439,0.002421967401020192,0.0028183340700437295,0.002528189778787292,0.003881378603219217,0.0021374630395556067,0.0030465972579167672,0.001774801732577316,0.0003587865494858933,0.0024052949935140944
2022-08-25,0.004112898222920446,0.002805950074366133,-0.011149232747841544,-0.0010431883850631392,0.010160431578940077,0.0019037740511616656,0.009093488037160237,0.013523004806543263,0.011280512186043277,0.00843943802793512,0.008462039858853165,0.00849434348231683,0.007885489041963938,0.018776871338813988,0.0036564571700819486,0.006568683173862064
2022-08-26,-0.010121637186633625,-0.006054379958261889,0.004353077084335912,0.005317700309311833,-0.011210633557277147,-0.004133160833329486,-0.024343765043911503,-0.025829535972896955,-0.023249620995677185,-0.01635796474616731,-0.021835984883021697,-0.015537771331393526,-0.01823213509707423,-0.03327326309307514,-0.005327904371020702,-0.014384290451112232
2022-08-29,-0.0007753399543675027,-0.0006960898012862591,0.00792255870838528,-0.0002750199149017942,-0.004325361988735257,-0.0007258011208983446,-0.006388200833212159,-0.006198785820554355,-0.004961368047656227,-0.004152421130375283,-0.002914161728719506,-0.004048286347890138,-0.003200667847671756,-0.008684299013330685,-0.0016529943887430851,-0.0037010879175730293
2022-08-30,-0.00674932405160081,-0.006104225698162299,-0.01101195042271534,0.003888326903482991,-0.005133010351035302,-0.002086445248445934,-0.0130885526643925,-0.008161768705058269,-0.008604870436499937,-0.006842102410190931,-0.010135136586885227,-0.005617550701871937,-0.008515780483068095,-0.01075834559639157,-0.001901344875093957,-0.007232742586929299
2022-08-31,-0.005343458126205451,-0.006107748937727217,-0.007345035414020281,0.0002732141315040041,-0.00933939933958269,-0.001346888834065102,-0.01086850874760618,-0.005169240903041931,-0.004841636872333326,-0.004498771856316187,-0.005017523108731543,-0.0038834367942130552,-0.004643250615106295,-0.007203011095219834,-0.0021326916350140985,-0.005742891822351947
2022-09-01,-0.004347141457200219,-0.005630474165407916,-0.004227361841207731,0.0005747910349548419,-0.011297325736396833,-0.0003406028897320605,0.009535789981333859,0.0010547021209297445,0.0017182334544267907,0.0015631444334446697,0.001855072786792802,0.0009028083671151572,0.0013453593528656288,-0.002563269310748061,-0.001666414547010408,0.00331198182578711
2022-09-02,9.354195337138048e-05,0.00011511690398180582,0.002192566765674137,0.0027539033575915937,0.001628363882916312,-0.0012385879474499147,-0.001685580108449505,-0.00673310884974793,-0.0067208101956784195,-0.005325440765241453,-0.0068751282441954446,-0.005337654556586781,-0.005371054995305116,-0.006576264517040063,-0.0012036794746814535,-0.004793295414532522
2022-09-06,-0.0024559700449143487,-0.003811542098917755,0.003028317171579138,-0.00014975068368676555,-0.011836328938964092,-0.00026246304701679155,0.006869396927472248,-0.0035438422736114735,-0.0014033082306985569,0.00015775193787409547,0.0007991684437587081,-0.00042417777660704644,0.0001611348972205,-0.010584220464522627,-0.0025416144234589174,0.00030602234736471553
2022-09-07,0.006488504668439414,0.0017345510439972947,-0.016484411531486127,0.0007783316988762817,0.012127393620894341,0.002152346224656793,0.016007405497826175,0.015487679657454114,0.013428782313543351,0.01039369556975516,0.010341295181901166,0.010411607761861084,0.009804757796676366,0.01886309036171375,0.0038062499704474267,0.0068320137271023
2022-09-08,0.00015605747478966925,-0.0011507610471480916,0.002128052347440006,-0.0018183778137401386,-0.00308452586145692,0.000710272336137823,0.001821013862494812,0.003561660638633434,0.0045905120588234285,0.003423169672973526,0.005816427725187373,0.0030227283397294205,0.0044375188153331375,0.0023746580647854756,0.0003533084155170707,0.004246311419129842
2022-09-09,0.00790116605242305,0.007285988807035516,0.006472915816784049,-0.005534305694692223,0.011686148078150405,0.002590506274303208,-0.0023557109279800786,0.011812227326037091,0.01098247147595238,0.007115749370429017,0.011745153887679305,0.007265505867659745,0.009262571718562271,0.017852793486870043,0.0039446314084363885,0.005248874636271239
2022-09-12,0.005094418839304694,0.003262913372148646,0.002719743824237509,-0.003941154698772107,0.004810477726307529,0.0016285531508262107,-0.0001314640565088258,0.007773167593266052,0.0075342406856812325,0.004703770015790592,0.008287638346567148,0.0046600012417757925,0.006488862924149569,0.010984223268499961,0.0019714866022475398,0.0027063619738560514
2022-09-13,-0.01322738152827085,-0.006322892925562181,0.008800379778554543,0.008466382778007183,-0.016409166611689025,-0.0049985547572083825,-0.014418063753061665,-0.030529371451691642,-0.028432375973604398,-0.019309241730316142,-0.026867703857351627,-0.01844778865217962,-0.02286573966324913,-0.0424112672013256,-0.007263717174166778,-0.014904446002218694
2022-09-14,-0.0001143589309360179,0.0010372869273184387,0.0005980400706416947,-0.0012842469796325313,0.004071599502404865,0.00016315395035356519,-0.011364056627569931,0.002197254006672347,0.0012944213522179905,-0.0004988743162248112,0.0009424540460019164,0.00020571589799210578,0.00024158177839634265,0.005798653910993195,0.00146046717604735,0.00012619542834149948
2022-09-15,-0.009480120710130954,-0.008696958960964526,-0.009883909339265643,0.0019106904514233033,-0.010260196210878843,-0.0022572526675463255,-0.022187417474170648,-0.008991145608297342,-0.008410644010177597,-0.007254901653015074,-0.008979490698407235,-0.006041947652580317,-0.008040568242067298,-0.011807568165758788,-0.0022387547681161756,-0.006698767338537216
2022-09-16,0.00012079970179814726,-0.0028138684283959626,-0.0017378673109957911,0.002691715358600152,-0.003293278552271255,-0.0006490263714573087,0.005426825781133155,-0.003856146623740618,-0.0027174378494601048,-0.0014596143924496888,-0.002019046278505853,-0.0016646732696728268,-0.0015227423241098246,-0.008327556865583816,-0.0016184660555837852,-0.002146154181870544
2022-09-19,0.0020856707084474942,0.0012611161913394044,0.0005058259189695129,-0.001239790195055474,0.0023887512235978557,0.0009176106818822202,0.002675935424789722,0.005676004929300347,0.005103208811603599,0.003229958092205343,0.005216156091379193,0.0033485933246131827,0.00390718351931387,0.0067887011389559685,0.0012486511351289158,0.0030449883584472764
2022-09-20,-0.005893160522337522,-0.002668552087966936,0.005222297420667744,0.000388143397053637,-0.00848858347886092,-0.001969703545736503,-0.011854967436025871,-0.009320628150580938,-0.009611490067881145,-0.008771901987745346,-0.009136654993031342,-0.008322789635578353,-0.008569588776950467,-0.009249606007062428,-0.0026724516331560026,-0.006525056831356379
2022-09-21,-0.002451283921188087,0.00023977600025400757,0.0008302997951306927,0.006374544603873999,-0.0003002779323414504,-0.0015383803620098253,0.011554931843708687,-0.008210540717012719,-0.008906414505153963,-0.004986397917980992,-0.010009465831357145,-0.004977958563432102,-0.007735889303408769,-0.012369436606380284,-0.001986356620260858,-0.002783107118403543
2022-09-22,-0.0027537931123678048,-0.0038578654727677176,0.007076341501832288,-0.0006551397261325211,-0.01119756820317064,-0.0011029272850356952,-0.007691519436050596,-0.006992198021951008,-0.005605863248031593,-0.00551740381075388,-0.0028299886317810783,-0.005138141623746855,-0.004006260439793067,-0.01167196686119806,-0.002992117954762478,-0.005476161359988669
2022-09-23,-0.01152109266287873,-0.007109926713092905,-0.00783460156767965,0.006124797469765192,-0.01364062055124687,-0.002856986936594022,0.0038434701608358554,-0.012373405116779165,-0.012531784461274193,-0.007549381525002527,-0.014471395995754725,-0.007533262153496189,-0.011452368512010312,-0.018404900018018356,-0.004070763874712639,-0.004085643895527832
2022-09-26,-0.009570412275947493,-0.007348003839338304,0.0005572253840810584,0.00039619981824583786,-0.01841854758288727,-0.002170397355476244,-0.005981896405092134,-0.00715009943602715,-0.007796315531854627,-0.007989584230824747,-0.007341924017599221,-0.007457233837094104,-0.00791345436880685,-0.010004953842171585,-0.00406570376798764,-0.005381372535514249
2022-09-27,-0.00038560860406759023,-0.0011052711226158904,0.008007118745294441,-0.0025242723916448478,-0.006333444939633556,-0.00042082057495485404,-0.0051906197532151175,-0.0023255135013551553,-0.0017196768809047396,-0.0031680935501220255,0.00019305642919283125,-0.0033735228227782274,-0.000932105640972086,-0.0016300919377361446,-0.001474718785960362,-0.0026028970250944502
2022-09-28,0.01401893887378551,0.0104740953646357,-0.0029270548563501498,-0.0017753856359924891,0.026471352062309737,0.0032891488118017807,0.011639703684836172,0.01660382125917092,0.015106043510179582,0.011756616595939991,0.013106012224268526,0.011137401902567559,0.012825308365677409,0.025996489519046855,0.006455598975366138,0.008693674448557911
2022-09-29,-0.005510410081024218,-0.006997775576639297,-0.0006221553427810142,0.004707067351008778,-0.009530612521316057,-0.0028764230355083223,-0.016666567415056992,-0.015999989779076306,-0.014455636822628086,-0.011605276171747008,-0.01278941655556152,-0.0102603515792423,-0.011765700953289611,-0.02384885369521749,-0.004211947185976321,-0.012354349285983446
2022-09-30,-0.0012130101522980436,-0.0033990124081895614,-0.0044422411408031924,0.002969896332755685,-0.005207749324487071,-0.000762417915279695,0.0040645515862383005,-0.0068082492421356194,-0.0049268681085430956,-0.0015550694054804986,-0.004189636834633351,-0.0016232992608197845,-0.002952939128743346,-0.014182441496273207,-0.002218580655718342,-0.0037506102569235256
2022-10-03,0.01389888105981112,0.012099867476657608,0.002177075227224376,-0.0029764962752168098,0.022283614480241114,0.0038046988851076526,0.024746216973168086,0.021012027871073577,0.017943321883197586,0.01323194133926563,0.01600911757114488,0.012368047995083013,0.014328954983972787,0.03077913578701255,0.006009706217466047,0.011569802093267278
2022-10-04,0.013609241216515647,0.008869184118159255,0.0033376746576240773,-0.00847467811241773,0.017958838927593302,0.004507076085033377,0.003073138675736633,0.023817848367679945,0.022606504610005084,0.014746881183963998,0.023216900484288663,0.014509918645547801,0.018885973587152226,0.03386747635743763,0.006728035218352816,0.01134030205616724
2022-10-05,-0.0026663049018401295,-1.8588444673825748e-05,0.011423337347405162,-0.0020405031344582878,-0.006643469623140771,-0.0004883499916336935,-0.003053493411291021,-0.002438896631851283,-0.002263583356822669,-0.00301202035148068,-0.0007003864094952672,-0.003348948732111502,-0.0016964955490353013,-0.00151547624921462,-0.0012040279734282788,0.0005096123904212164
2022-10-06,-0.0034359199129317146,-0.0007694908938897147,0.008504008345283413,0.0012790858082509166,-0.005799507940995447,-0.0012382326060314175,7.5603622780636565e-06,-0.005761643256600051,-0.005999699281221423,-0.005344139633795664,-0.005217770870076137,-0.005409513368329962,-0.00516952188523823,-0.00670981460358153,-0.001933694383557092,-0.0017666298673453297
2022-10-07,-0.007464286722692832,-0.004990522443228998,0.009015151724694814,0.0029295642399255173,-0.010918657145131969,-0.0030595828861306614,-0.021536219465126002,-0.02079260870866992,-0.017630816715342012,-0.012611688167055195,-0.014850031652328257,-0.012137034941767398,-0.012944684340625746,-0.0279570460439084,-0.004424609774083334,-0.01042612308330962
2022-10-10,-0.006788945825601235,-0.005409833936820754,-0.002269998661578756,-0.0002781080840755935,-0.010464533171201587,-0.0014715549289241823,-0.012139909131338278,-0.006761839567043063,-0.005936979941959613,-0.004941196932621638,-0.005650072417084755,-0.0047070489282231166,-0.005117049276805658,-0.008410119676395227,-0.002194090400318794,-0.003921501962305124
2022-10-11,-0.0008661572471275743,-0.0024211529977682072,-0.005912120691549789,0.002882455929154211,-0.001544255132035475,-0.0003822341263269288,0.006564248661636706,-0.0031752193353071926,-0.0018238623242713794,0.0007738302075916764,-0.002142127824822558,0.00032078187475660126,-0.0006837170002390724,-0.0074955141835460985,-0.0008624477965471025,0.00013080934197218078
2022-10-12,0.0005461232186543406,0.0006007747352484672,-0.0006089476503402143,0.0005810916787681963,0.0022441180114299943,-0.0002746416373581598,-0.0005978184865527091,9.085609377855637e-05,-0.0008652834232175592,-0.0015414659328943986,-0.0015861045854485595,-0.0013743158921899706,-0.0013252810894065054,0.002317115384154518,0.00013893436993304284,-0.0014760379842093524
2022-10-13,0.005420179415369509,0.004797377865979161,0.0027370080637127833,-0.006172221127160797,0.00725538870082248,0.002943432547093597,-0.0010069110694178897,0.014386412237550363,0.014045100881715957,0.010061761595710915,0.014827177236506587,0.010141142124449224,0.011713598871416467,0.018370315013315687,0.004050553956311717,0.008714379433670866
2022-10-14,-0.009106143339756722,-0.00813707603618814,-0.0018349948841675063,0.003242406723669965,-0.012645501551764412,-0.002844093846849331,-0.016177069359055184,-0.014074438905661192,-0.012451475933514703,-0.009727357900741423,-0.01170693986083721,-0.009195354984738098,-0.010250101972900452,-0.019156699467099164,-0.003758463115155975,-0.00750164757312435
2022-10-17,0.008204717912481176,0.0041203894025764074,-0.008424621145651581,-0.005871619953390474,0.010974835565728836,0.0034492850628685743,0.007064150949548405,0.01936016620480255,0.018463027416560997,0.013568203594193652,0.017302278766477098,0.013116570532002438,0.015091764464959509,0.026048610209668813,0.004943180578612494,0.009486968625888527
2022-10-18,0.002675591427285936,5.83162013557759e-05,-0.00781949280181331,-0.00015241823003123872,0.0036231786843003546,0.0012308925562025416,0.010520418318791734,0.008854085855408622,0.008132725547479472,0.006342780953862931,0.00688090755561893,0.006069556842172749,0.0062447678378586445,0.010009029246388915,0.001749018634294441,0.005149075479938641
2022-10-19,-0.0070295792113360175,-0.004189219000887868,0.006606271006021315,-0.0006829710542421315,-0.01195784342951144,-0.0016945352205016617,-0.013111379017030652,-0.008049514564274248,-0.007510363794680605,-0.00717123717085163,-0.006082715687526686,-0.006823234301635877,-0.006467247533119878,-0.009554040279166317,-0.002684074314055248,-0.004059534703315406
2022-10-20,-0.0013245758245105828,-0.0005372995849446179,0.004036904712010548,-0.0011122594753304354,-0.0038960655988923,-0.00048642985867536814,-0.006800858327959137,-0.0036530704460220388,-0.0033300913787661455,-0.003141299595591576,-0.002305668578452994,-0.0028558233911346533,-0.002607606580931587,-0.004323493189176078,-0.0011195947097064206,-0.003382860484884759
2022-10-21,0.00842684403562687,0.004006606291354126,-0.0033680995506035647,-0.004391522407188729,0.009325235634690301,0.002413757237508721,0.009704177133413512,0.016972000349190684,0.014592497923455433,0.008233632839432257,0.013476307167392981,0.007943249775239565,0.01100354999984587,0.025503924167093125,0.003507258048102198,0.0055658758380201885
2022-10-24,0.00030796868086981614,-0.000676236002759721,0.0013016654651057083,3.645801741058801e-05,-0.0012333059721044274,0.0003507346637277086,0.0056668018823448525,0.0024249628402170714,0.0029047606852607814,0.0023109726624163957,0.003384485272194724,0.0018560354991085854,0.00276018938544666,0.0015381913567594837,0.00019644379384434836,0.003652022830978022
2022-10-25,0.00799186221939772,0.005301592248401793,-0.010180655291959157,-0.001146394439339657,0.016304753321122068,0.0027288405576657484,0.008460124161311955,0.012551466683133079,0.012323803914703002,0.011529690189511069,0.0105052194151861,0.011286055808469577,0.010585878811818359,0.015427542198601181,0.00470483453644984,0.007505857288005095
2022-10-26,0.003919652770842623,0.001915698728221312,0.0011157595305642336,-2.2739276635595643e-05,0.0076994898953011235,0.00019679057747299124,-0.01151335270964808,-0.0026468128755833065,-0.0013966924639201004,-0.0007908729683661711,-0.00042552312933066177,-0.0002947826910469648,-5.927761302291189e-05,-0.0028263163133996645,0.0009725072312710926,-0.003412945708765626
2022-10-27,-0.0003031528862630004,-0.0004232266360910909,-0.0005253308145926959,0.00194295368378161,0.0007942239834786364,-0.00016301793641376456,0.008254670207827726,-0.0012645766867991645,-0.000183735650244246,0.0015009554280177645,-0.0005760438845727972,0.00043134225687951465,0.0007888457559824776,-0.002027731700299822,-1.5672348112115192e-05,0.0035808486622718166
2022-10-28,0.0017581024939401385,0.0003910860175033037,-0.00581207387323313,-0.003531570693015738,0.0010843570546532218,0.00229550823540834,0.011083344298148202,0.014804119831372184,0.014156791291210242,0.010801331307126455,0.013347266389883459,0.010232829760404601,0.01118639040286894,0.017147797450972516,0.002852567882184969,0.010894179608160703
2022-10-31,-0.003891457380140231,-1.0660546894292883e-05,0.0013200312195927413,0.00036906311491979545,-0.005199108872198282,-0.0007133874101303701,0.002072262489925477,-0.004351271534137299,-0.004820938247924899,-0.0027031253574399407,-0.005355739484982587,-0.0027778119005957315,-0.004373430308291032,-0.0053919281959715565,-0.0014673648509850956,-0.001697767252166796
2022-11-01,0.004923331564200747,0.00447579693618259,0.005196483490875559,0.0003757160005472956,0.0076260193230116395,0.0008745378180635311,0.005162522459611565,0.0020863623909806017,0.0020245365539528584,0.0020959161218252484,0.0026390026166302977,0.002130905357401275,0.0022489684253453727,0.0018845415476760083,0.0012499166420233182,0.0014121854859814626
2022-11-02,-0.006301049171826678,-0.004067253806971568,0.006486102809946071,0.0029584382262206324,-0.007739048285462399,-0.002737590362139222,-0.018959683196497865,-0.017040010792287265,-0.015080925692622402,-0.01138402912453716,-0.013324752859794587,-0.010791932771779675,-0.011629547552720082,-0.02171166427361897,-0.0035035540336104103,-0.009328540788120917
2022-11-03,-0.0022808366988579147,-0.0010226390280630546,0.002173971836478359,0.0012450042086788282,-0.0057760324274338986,-0.0005083333364611977,0.005680881289030158,-0.004275439073499794,-0.003645397991437374,-0.0014529506254609486,-0.0030381562758064785,-0.0016542388196881248,-0.00259612013411852,-0.00852769183997281,-0.0017348961898666518,-0.0008913045387355769
2022-11-04,0.014380678717395377,0.010310462016439606,0.008918028519865544,-0.006494834065514004,0.017301603584825215,0.0031106126135991047,-3.099975063932791e-05,0.014100257035677055,0.01253170266461551,0.006702668487305433,0.013816212048576488,0.007034751154645224,0.0106531549064204,0.022539138944154324,0.004291827709035885,0.0014385482356939752
2022-11-07,-0.00012007540534211044,-0.0006591878569647389,-0.0034750822140881855,-0.002114576466307695,0.0004113037791372174,0.00044736588940585964,-0.007169695810721914,0.004282433581728488,0.0034870971463756084,0.0012262203937849086,0.0031132377946685007,0.0017950292223902061,0.002012864090036758,0.006749286014028877,0.0009976387086966074,0.00019212147120031766
2022-11-08,0.0055724514617961,0.004573864196950602,-0.00790828294029949,0.0020780264048895275,0.010418076975226533,0.0008547166707262642,0.01646945510591529,0.00789572826329276,0.0041845116674973275,0.0025768987686855135,0.0011221704309987526,0.0030734975461400413,0.0013981563570623758,0.011763190742590583,0.0016319505267683783,-0.0005572396021455502
2022-11-09,-0.007550824646726164,-0.006193377322557119,-0.009017687236656068,0.005612865921095093,-0.008417738626960934,-0.002774342134957452,-0.002841983388930671,-0.013008388645632817,-0.012819306508383792,-0.008598941313869186,-0.014431366396297357,-0.008330987281373938,-0.011215502823632865,-0.017299977875630784,-0.003610119568703329,-0.00812858794179944
2022-11-10,0.021433665252650363,0.014446855406988235,-0.017251638892672422,-0.005405331960603741,0.03697400889923442,0.006808700717075983,0.032485297543369596,0.0391847232203016,0.03502582981018672,0.026914740831560615,0.030028389840572708,0.025876292439978146,0.027827652309772796,0.05460426211317709,0.011297637022692706,0.01992224618086421
2022-11-11,0.0050751450332196385,0.00391493273146043,0.0036806136674471584,-0.004386289381518761,0.008446955713511997,0.001277700242965701,-0.014311656685584845,0.005995612233044723,0.005313854822676802,0.0017294512211393567,0.0060891577689135366,0.00255744286524498,0.0041673972237249845,0.011451987586226347,0.0025817309866992544,-0.0006462309350377723
2022-11-14,-0.004080796971240682,-0.002868235854422207,-0.002702639784583273,0.002694381806850452,-0.005487499687934461,-0.001508607709981827,-0.0008806911387379385,-0.004898592427021531,-0.006316257452677957,-0.005839200933634891,-0.007226791614560255,-0.005138209187214293,-0.006674542640303589,-0.0061278581877965855,-0.002063994597896082,-0.005221183972027127
2022-11-15,0.004623143891563311,0.004793677146020324,-0.0008024738254695232,-0.0014305326745835615,0.01112299044422103,0.0014743994953090652,0.0022660737837236593,0.00745844837523113,0.006676009497921251,0.0053440170129386315,0.0055977951581574386,0.005132369982491716,0.0054643605475039984,0.012238125169217372,0.0031317369396258424,0.004898397674212753
2022-11-16,-0.0026542101733138036,-0.0022139401670101845,-0.008014791376402975,0.004560382479485082,0.0025184853747870543,-0.001235005750307719,-0.006035920172190677,-0.005739494424727039,-0.005982372299653001,-0.0037065543972668786,-0.007473865480023244,-0.0028714964607647353,-0.005626365897909008,-0.007962323212649003,-0.00043097726900527105,-0.0039915167970886924
2022-11-17,-0.004098279256184597,-0.003715171831581465,-0.004244524275511232,0.00011999136607013513,-0.006591865507223917,-0.0006848274116440849,-0.004258346834571685,-0.0012888081641811884,-0.0016830166021405799,-0.0020076722862203407,-0.002040097243706243,-0.001556201632314107,-0.0022832189661538193,-0.0023632595314222477,-0.0011171994743318105,-0.0018174449352600793
2022-11-18,-0.0005883917319589381,-0.0018859644469881882,-0.003075815307630602,-0.000189029672620211,-0.0031648665214302992,0.000519521750158155,0.0058365675013753015,0.0025026715009941816,0.0034575078710734636,0.0037027666536003177,0.0037715382156635847,0.0032975033823030436,0.0033583894760327313,-0.00025512813495871074,3.758815355524845e-05,0.003634907681175343
2022-11-21,-0.0019571274925144137,-0.0004683028697366918,0.000931837581606003,0.0014868453206271105,-0.00259192270892457,-0.0003340841629427628,0.006512454847917959,-0.002911190777892526,-0.0021440433561441758,8.640058053598814e-05,-0.002203413068825756,-0.0005363768739462334,-0.0011800234141040658,-0.00529792521866498,-0.0007900825288394802,0.0017441583411286553
2022-11-22,0.0037771017686072266,0.0030265271250668694,-0.0013638129993426328,-0.0017163936205306465,0.008972304254113774,0.001284242061796925,-0.0023259894315361485,0.007245341112528335,0.006647572511589689,0.004533564997506888,0.006023115887127679,0.004623543289393255,0.005296447734753097,0.0114748832983615,0.002851927726205604,0.004007189314153868
2022-11-23,0.002169536417586212,0.0007275389307268415,-0.010624519730953604,0.0010760252480677306,0.008918790592265292,0.0003928565467553587,-0.004323183085451775,0.004937723052831159,0.0030883737250573676,0.0014680259370555082,0.000819211479600502,0.0024300694414560076,0.0010380899596341706,0.008369746209422765,0.0020939206683915834,-0.000997821730870536
2022-11-25,-2.1142465349010663e-05,-0.0009580867127154151,-0.004126346335052393,0.0007867772277602422,-0.0005934205239504561,4.114747764906543e-05,0.003826236043544041,0.0005749016215791769,0.000585518098402587,0.0009722812698198448,0.00012491459011945661,0.000927031942838307,0.00041067108392477,-0.0006079559382415065,-0.00016498442758201338,5.644242690141679e-05
2022-11-28,-0.007133069739232757,-0.003626877688710401,0.0004132510053199496,0.002014002105666701,-0.007390028493350292,-0.0023596511771562623,-0.013104582377750203,-0.010988639795569187,-0.011318493640218155,-0.009388892846528767,-0.01179766737510388,-0.008807455257703364,-0.010206537776170825,-0.01135665463669535,-0.002667793072319771,-0.007322234975151041
2022-11-29,0.0035092732401398657,0.002098872485357066,0.006281130398902682,-0.002094858088784669,-0.00046356656997351034,0.0010293149703525602,0.007811214738041642,0.0019573308428223095,0.0033877451447203305,0.0035519302403753915,0.005155748127883997,0.0027240965127562048,0.004381301605989043,0.0003098140739113027,7.809621793542626e-05,0.0027359662349427097
2022-11-30,0.010625637763243231,0.009894270841830014,0.0023972893822936043,-0.006230108758980435,0.018122794108159705,0.0035173991452267647,0.009781594973915063,0.020233014915607337,0.017742645236921366,0.01189075059857158,0.016166104376311878,0.01105780546190342,0.014134397248735187,0.032918829913290384,0.006038229782088863,0.011047667814081863
2022-12-01,0.004239525676796423,0.002931869367648375,-0.008025991377271006,0.003859498602478649,0.012791019407479547,-0.00011253953000336605,0.0009493467730857588,0.0004337351242010932,-0.001459424512427303,-0.0011008560647719995,-0.0038261026514519233,-0.00021321158722390702,-0.0022987031691895205,0.0025954524640781134,0.0014370476090833381,-0.00399063398629753
2022-12-02,-0.0012175596612598845,0.00028171340786868973,-0.004919042769340866,0.0010124735259343027,0.0034212115758377503,-0.00020380241717267558,-0.004329418595317015,-2.2996185796495466e-05,-0.0009271809857723911,-0.0005235574224608794,-0.002415112244199512,-4.031438563262496e-05,-0.0016211423698103797,0.0015017932297061,0.0007711313210489502,-0.0006091686639550285
2022-12-05,-0.009981224099730096,-0.008496279854802394,-0.004508725941002443,0.0030642196437911107,-0.014956219611706626,-0.0025052437421609155,-0.012260291780939455,-0.011820319242199112,-0.010850729846613168,-0.008204507073997806,-0.010415823900662096,-0.007328337972738441,-0.009556340787909056,-0.01856820526207579,-0.0038502813625969517,-0.0068124391032397865
2022-12-06,-0.0030255999388476163,-0.002936454705509938,-0.0077167659214163525,0.004313391792563689,-0.0009735230421222638,-0.00157898942078837,-0.002900718202475778,-0.007192824951013112,-0.007532432406778391,-0.005156332493633202,-0.00897081163536725,-0.004591782270155406,-0.006893920369046848,-0.009422212352142311,-0.0015560985159738853,-0.0059286149794947
2022-12-07,0.00199354445818465,0.00043186313196229677,-0.0069702005179160375,0.0035382725545589407,0.006478197610071051,-0.00010939254472892409,0.006472618391029133,0.0002578926579232545,-0.00022412851399277638,0.0007649267626710555,-0.001821546959242077,0.0007812215465489783,-0.00042054720469377816,9.22958972411259e-06,0.000654416853659827,-0.00020459729714621545
2022-12-08,0.0017780434211471493,0.0017989005880165827,0.00023300786030441625,-0.0023773896692962917,0.001744675364045105,0.0009318199407532358,0.0005185308366103683,0.0052409745129435165,0.004463127586746839,0.002752454139927211,0.004386427265264009,0.0029093637071015755,0.0032739023264874933,0.0073371822302689925,0.001123614433492874,0.0017239425839756183
2022-12-09,-0.0007899867008425794,-0.0032656416047750925,0.0035937518447389898,0.0004375654986481306,-0.008051462523313648,-0.0005784315133150774,0.0023167992948247597,-0.004182255972317085,-0.002532191945807834,-0.0019853347260826264,-0.0004862663097267516,-0.002279903668718482,-0.001035207593600217,-0.00898036522354172,-0.0022479361062220215,-0.0020948959677083295
2022-12-12,0.0011597225867076484,0.001695377488204459,0.0033169559742858875,-0.0031327862029216116,0.0014444510307741003,0.0012090965933667795,0.00018518122457608036,0.005864442378815036,0.0062496550498309066,0.004738742448301326,0.006797378012506061,0.004264163356275344,0.005597158667718265,0.008036417780898699,0.0016800548631201897,0.005885112919428759
2022-12-13,0.007846413235552421,0.0041759664212353146,-0.00040079722058553404,-0.0005084009768245128,0.01042048058326853,0.0015283702603270132,0.009907947716317748,0.006582901680969871,0.006767670060152719,0.005628102016559699,0.0066982916940566805,0.005001433551943278,0.006527230763207499,0.008758964617821462,0.0021885459637562346,0.003285639206198527
2022-12-14,-0.0012625883012580812,-0.0005696752395687171,0.0007389127807824669,0.0004903255151984345,0.0003961371910424469,-0.0007784581932646031,-0.011819178060217234,-0.0055410181894813984,-0.004994642704368886,-0.0038925329813906374,-0.004627226520647357,-0.0033582478792034583,-0.003933989127390429,-0.005994736208591806,-0.0005338889845135219,-0.004366899758110563
2022-12-15,-0.009175696147629676,-0.008019616856109465,-0.0030259365186482232,0.005785562037995308,-0.011369044420968814,-0.0029920368980027325,-0.009414484488082787,-0.017463351106755898,-0.014474844088302479,-0.008673172413560063,-0.01382842274496466,-0.0087488826238201,-0.010797134935464078,-0.02598368816887313,-0.004051711235036458,-0.006024298946033567
2022-12-16,-0.0029009972996237618,-0.003004927163135384,-0.0017477726229637603,0.001919001284585481,-0.005475231638332263,-0.0015913411528717114,-0.002392506854118977,-0.004932168408093128,-0.006264393944170235,-0.006674127244524036,-0.006890052174231356,-0.00613567783813863,-0.006455879478001354,-0.0046400310077650605,-0.0022439601613733684,-0.00656743518450795
2022-12-19,-0.003044654949631544,-0.0026491573224016822,0.0037504245567837984,-0.0003818596434505793,-0.006778581776352927,-0.0010612401966816653,-0.010675631793953647,-0.006324550342442191,-0.005557209675604458,-0.005111849784743976,-0.004135292518131805,-0.004635730104469255,-0.004415751869905292,-0.008466034136680034,-0.0019157170788739323,-0.004932019637689841
2022-12-20,0.0037615614917811766,0.00209118918827891,0.0056757202681205505,-0.0014346075359943915,-0.0001657534038892101,0.0003235254616089126,0.0039749629284675115,0.0009105230601020771,0.0004102152698901681,-0.00095814506564953,0.001563171308623319,-0.0008835141274622177,0.00047609651221068236,0.0013256379745473438,-0.0006270050378267345,-0.0029165229226328503
2022-12-21,0.003618871470988426,0.0037549955006559,0.0034336098614256277,-0.0038445997797904065,0.005749461199155277,0.001841178306445841,0.004978647326666207,0.010354037211079857,0.009989300142360569,0.007124143355985583,0.009874221098862499,0.006292819641932379,0.008479863527398577,0.015792674453024794,0.0029153629223079417,0.008531983861070418
2022-12-22,-0.0058544583427205645,-0.0058428899158700295,-0.005616915191408551,0.0030652423676835604,-0.0073150263824011295,-0.0017221344207396195,-0.010062921340578644,-0.010133899974671502,-0.008337493974866569,-0.005016847037946034,-0.008052444875726487,-0.004594571626487738,-0.006439176237068457,-0.015946860432562576,-0.0023533010985487984,-0.005077784099506288
2022-12-23,0.0033200416430645544,0.002092737172179904,0.008603834386481738,-0.0023977517859202204,-0.00031054951319681114,0.0010043980629610707,0.005143083014048746,0.0023422706249670404,0.003733629742138155,0.003168810012092695,0.0058449511138314505,0.0024300296154655295,0.004590826618004214,0.001356308407963227,0.0002973840760032219,0.00337752339848144
2022-12-27,0.0015211252931180569,0.002640312160006524,0.008498336884029019,-0.001937336344613685,-0.0024005787700880966,5.0823675576503185e-05,0.0006199854933151951,-0.0023019769134559253,-0.0025086012843855967,-0.002360960745097613,-0.0011119999014305491,-0.0022481245958685236,-0.0017629355823133876,-0.0027208315220733294,-0.0011488276432104,-0.0036121018719789824
2022-12-28,-0.00583639591655548,-0.0036439024493665774,-0.001914840187140258,0.0027951193948967004,-0.0068337460465785265,-0.002073525681896872,-0.007485543797501928,-0.009854688445137885,-0.010106227855771055,-0.007864867652291363,-0.010650072256312792,-0.007306714497161407,-0.009077761394419362,-0.011954210545270787,-0.0026808042042223055,-0.006996549655482206
2022-12-29,0.006220219400612489,0.004101906459684507,-0.005605896709771871,-0.002754492182670015,0.010308227163394941,0.002435639134679806,0.00961898674763227,0.01427346897837435,0.013005767032699239,0.009800001362705426,0.01157899917262051,0.00945308767467593,0.010315308049885542,0.01932606820780676,0.0038397167200557958,0.007860321920392634
2022-12-30,0.0006694731102722077,-0.00047199371593579023,0.006599369692944034,0.000646342930582871,-0.0030246870859144174,-0.0003619533362459396,0.00048794842640934467,-0.003996623089781035,-0.002833654713465532,-0.0021627196564432145,-0.000899676939209712,-0.002185654750161422,-0.00139278457237884,-0.007587469001164458,-0.0013569794111796525,-0.0019639105662098205
2023-01-03,-0.00012626907010161958,0.0012516455005455675,-0.01016939426804829,0.0034359183507354954,0.004298094208813908,6.11534780823058e-05,0.01722876521320317,0.004599895067389212,0.001695738044491214,0.002009398664926875,-0.0019275637633063966,0.001961630569669532,-0.000558314448151394,0.00665140654371855,0.0007114701542406417,0.0020902310094235155
2023-01-04,0.004632275813667008,0.001990540695993937,-0.012531803949802137,2.1359149350324734e-05,0.0086490594316818,0.001670394513364877,0.012548433559257105,0.011081996623477834,0.00947179401129424,0.00782154981650276,0.006956959667328568,0.007756901071348615,0.006897430963303412,0.01378857142533423,0.002712707636024396,0.004576365986544538
2023-01-05,-0.00654329363931714,-0.003221089993797309,0.002172259694637514,0.0014840373642585215,-0.005847326466905184,-0.0016598756408774183,-0.01242450684803416,-0.007643281151083222,-0.007436270468235832,-0.006146362391554607,-0.007345015585590969,-0.005676354041349209,-0.00664803566922374,-0.00859318008223902,-0.0015241227191031394,-0.0028046872836646037
2023-01-06,0.010576422005905825,0.00687326446879036,-0.008084888888588708,-0.002712909866009205,0.018575248470831196,0.00299961621109519,0.011962546691804262,0.01808912341286621,0.015820452502017482,0.011339032295662133,0.013320285968720327,0.010972847444967527,0.01234308848416487,0.02702218838104748,0.005373873722974267,0.00782526273227841
2023-01-09,0.0019306870322183547,0.0013751974646506536,0.0019429637290151024,-0.0010613509509035622,0.004221493396147906,0.0002573491987573247,-0.00715642731527927,0.00021664137056514807,0.0006367434496965257,6.618969862207905e-05,0.0010783277746070328,0.00017356550826683735,0.0009602303197051506,0.0020630220774205607,0.000938251966658008,-0.0004242795715025438
2023-01-10,0.0017100095312768556,0.0014075331462751984,0.002652485035411652,-0.0023793952230132228,-0.001216343211763472,0.0008763892575064711,0.006595007613407754,0.0054378617234461255,0.004710509766346334,0.0027763922547885313,0.005029108323243045,0.0025247188975338003,0.003632982098039967,0.006946134529586439,0.00042298781732619814,0.002559461734184011
2023-01-11,0.005590495364231123,0.005390408256776785,0.0015630485802724903,-0.0018572603996987451,0.008649003082544904,0.0021844622483443094,0.014003421515133327,0.00809567260964027,0.008932814688364816,0.009342789244793308,0.008813820879662225,0.008093256861021195,0.008820925395564078,0.009403898642925458,0.002822884050487406,0.008989786160480365
2023-01-12,0.005883580015557559,0.004191159391986177,-0.002908938570138339,-0.00012557932419116253,0.011671847906834815,0.0011785438618836905,0.0031836242530908164,0.005367734502180855,0.004828062320456996,0.004066258918504802,0.003839215477151221,0.004003082120312902,0.00415206651109603,0.00863378071167834,0.0024993098770629595,0.0018845463302933267
2023-01-13,0.0034780519986694703,0.0031359094674649245,0.006808195913845536,-0.0012377915382226917,0.0011357766378411022,0.0007912339324037818,0.008132932068791197,0.004058928485735546,0.0030383962862997483,0.0013038182618483115,0.0039091180316272464,0.0013704235003176538,0.002286004418931547,0.004537952896779692,0.00024132252180301825,0.0009869864102015386
2023-01-17,-0.0020702502515799665,-0.0016048896518880713,0.0027107310729565853,-0.001034722484766556,-0.0047252411641878125,-0.0004103706077145605,-0.004429509710956947,-0.0033634858739640333,-0.0021012437618459835,-0.0013532781086661972,-0.0011607878706226767,-0.001736612396313347,-0.0009623175035981371,-0.004229413012952204,-0.0009460740779274059,-0.0005001486260074057
2023-01-18,-0.004365333620944781,-0.00356147039062747,-0.009112581394963619,0.005111568584863832,0.002002346727348407,-0.0020051560385173288,-0.011682573181556742,-0.00907972901287018,-0.009041558111457676,-0.006301756891357629,-0.010953194989336371,-0.005622377330698135,-0.00810511900362291,-0.009832845375993993,-0.0008550730158217652,-0.005718559250466998
2023-01-19,0.0028340102190795424,0.00412273970421112,0.00805089633871278,0.0006848290545446557,0.0032911066192566904,-0.00029885036436237515,0.00200145694878847,-0.004088904997830181,-0.004738328728523151,-0.0037329835963934256,-0.004120067808558858,-0.003498804528346332,-0.0037329830346490315,-0.0039756478844526775,-0.0007460499370630331,-0.0045721957326604
2023-01-20,0.0023270150457403885,0.0021121132184526775,0.0025095069809505394,-0.0056127738068112686,3.393669513164404e-05,0.0017959601263254517,0.0017754278953009623,0.010711032994626045,0.009943734452768518,0.006095334181637606,0.010333347717991524,0.005778577956306801,0.007884188811038705,0.015236658895087782,0.001953262829360389,0.0058222255962760445
2023-01-23,0.0020027524734298158,0.0032877044799912106,0.0025161363779815553,-0.0028625892522414704,0.0019179158591307055,0.0012252955377724177,0.007081560977437533,0.007945643803336223,0.006281977048976921,0.0038824649061363777,0.005762964452305407,0.003703335378558837,0.0043727810841867575,0.011822925525360885,0.0014347823450098687,0.00419310805236835
2023-01-24,0.000544156743192015,0.001226584092313572,-0.004034096775719334,0.0019042630942254514,0.004502060581768195,-5.107998859144555e-05,0.0029330160452010765,0.00013472808254211884,-0.0007010710806247935,0.00016849576619498436,-0.0020901248943920718,0.00036323604564390306,-0.0011006586255646754,0.0006678242211306786,0.0005821858617516254,-0.00029878902900821265
2023-01-25,0.0008294345023173053,0.0002642589300651851,-0.002253888961022839,0.00018754685623862392,0.0019551184998060256,1.583520468564168e-05,-0.0011491745833051667,0.0005158904243256205,0.00010384710640245829,-0.00019937515749762414,-0.0003495058301151619,2.0243385082790148e-05,-0.00020047012479273296,0.0013598041910705709,0.0002703702937425777,-0.0012094142018605311
2023-01-26,2.1655747863352987e-05,0.0011267539849637985,0.0018475415740544974,-0.003457893545741656,-0.0003573790688903329,0.001076547172574941,0.00016799042301847162,0.0059619531484837104,0.00595405718982895,0.004339662813451191,0.0060978420207677105,0.0038988507128461373,0.004971735104714272,0.008631085748427532,0.0014053987266835887,0.005414932309158438
2023-01-27,-0.0009386305424011345,-0.0009728272865494605,-0.004815026379638293,0.0003207370562639271,-0.002580504978179102,0.0001253486685008194,0.007753982781777266,0.0017702106468877469,0.0013040524796357192,0.0016247816375995323,0.00039459630054475915,0.001386797673024745,0.0006737041483396552,0.0010551696749611466,-0.0003461617473128911,0.001025474225573067
2023-01-30,-0.005018791419576474,-0.005128288358198044,-0.0025621585800002294,0.004016515606387989,-0.00822661296210156,-0.0018416381370271388,-0.002337423106625381,-0.009630278708797638,-0.008713234589502948,-0.005946634835531133,-0.008325159758744278,-0.005541115019102624,-0.007164046745141168,-0.015817271978004973,-0.0029820891570848445,-0.005391984996492449
2023-01-31,0.005607874215456509,0.003564058415202371,0.0020100144416466213,-0.002286858507526347,0.006107302633591527,0.0019366125942221,0.012623840097955806,0.008759461665737486,0.009509334031102618,0.008246567633461198,0.009833485433117933,0.007000172730507485,0.009103474268258157,0.010830234242520241,0.0023317922246759736,0.008128039358088944
2023-02-01,0.003922631639050713,0.0012380607316238895,-0.01298351406404369,0.0007508487258072027,0.00973821687433814,0.0009786216813986602,0.005392305276484276,0.00984027145362193,0.007230891380922302,0.004356414233671942,0.0042476000088009875,0.004886011049083635,0.004126355601948484,0.01476700288725041,0.002608491081883075,0.0015915295827486097
2023-02-02,-0.002665807169619799,-0.0020610485855088005,-0.00578641711735685,-0.0027228010640266004,-0.0036848500732470273,0.0010985666419174105,0.005390969490927193,0.007746724361851132,0.008288944058851605,0.007277489267982252,0.007395084761915353,0.006243532874283351,0.006913410326018395,0.009367151752941522,0.0014359977769223672,0.009193703883367177
2023-02-03,-0.01129405142191623,-0.008206801067455402,-0.00260175690997258,0.0014389510024749653,-0.017160809995357094,-0.0021135535831768104,-0.010264966364047593,-0.009159709434451479,-0.008373125727594601,-0.006335447486080818,-0.007949186373432596,-0.005790661655841361,-0.007653941455315979,-0.014797976113034,-0.003487530235403027,-0.003385212199645777
2023-02-06,-0.001540622514027553,0.0001250325868665989,0.007793965818157507,0.0019514070344014555,-0.005509381624837154,-0.0007469403459973929,0.006235874303804064,-0.006155231480190636,-0.005707558892128077,-0.0034849574896580983,-0.0043009763817752344,-0.003466884697900835,-0.004253176974881167,-0.011303168418600792,-0.002229860241845087,-0.002229449003370264
2023-02-07,0.002775381266505587,0.00327649446560782,0.008504957325530077,-0.004686623470671834,0.0027340561540984696,0.0011152305960834845,-0.00442894810601156,0.006091748784660878,0.005709561716508389,0.0024064264560649017,0.006716258655548403,0.002113388228576058,0.004846023787977348,0.011621622048341905,0.0017083472130628725,0.0035590021017172582
2023-02-08,-0.0013437060500892666,9.815294906489948e-05,0.001858750956468019,0.002476491712424014,0.00021728675527640117,-0.0011155018950466866,-0.003625649853402829,-0.007884367007873346,-0.007379026685490513,-0.004684265414022034,-0.007307242221852015,-0.004516177186728027,-0.005703794967757284,-0.00983276344748496,-0.0012725612334832477,-0.004443500802205039
2023-02-09,-0.004884658148252481,-0.004173289555673751,-0.0018807473913836316,-0.00018642017817436715,-0.006610069948043639,-0.001401314369043561,-0.01755874921648914,-0.006875820196231012,-0.006468906073372798,-0.0060409542897971995,-0.0060134764469837254,-0.005135935379908426,-0.005803432436361923,-0.008016371192850102,-0.0017094535919919382,-0.0064701824176587415
2023-02-10,0.0008199048462905567,0.0017360677767220684,0.008995792618338452,-0.0010533219089284708,-0.0034729523219519014,0.0001248615792817278,0.006562446147325659,-0.0022156562506140073,-0.0013446531015929846,-0.0003207046669919597,0.00023993723006384774,-0.0009925423508474513,-1.3286416635241547e-05,-0.004033664023768757,-0.0011180317217865323,0.0003961136763698494
2023-02-13,0.0011971073888592445,0.0015215398457702491,-0.0045566485817688,-0.00246377748346526,0.004886761155834577,0.001133971501978357,-0.0025506102504820917,0.007760003112318655,0.006689189715303251,0.004488709185371012,0.005430819058407345,0.0046210826627793656,0.0047210845977251024,0.012280641006568845,0.0024079050714017093,0.003964385210879328
2023-02-14,-3.197973767710832e-05,0.0004764484094559907,0.003854583648911237,-0.00021002531244146817,-0.0006850979479648225,-3.2155154803341633e-05,-0.0025488567105298844,-0.0004889284499374199,-0.000709120084883346,-0.0011576723009975327,5.6786216131628675e-05,-0.000712607300573918,-0.0007706906059100954,-0.0013345362580236336,-0.00019457407684909727,-0.0008367461264552447
2023-02-15,-0.0032546260704302676,-0.00241255332691229,-0.0025618807737278074,-0.00083543114789135,-0.005983720689065003,-8.41358948263172e-05,0.003916539430649799,0.0014602806996537494,0.0015056835600957528,0.0013268361771714384,0.0009883426611322407,0.0007500249599061092,0.0010059435893974814,0.0017392896877804053,-0.0004978639941589942,0.0028625642578918218
2023-02-16,-0.003706021224574782,-0.0031153544000680333,0.002076480883755326,0.00110782518882969,-0.007266299253387059,-0.0016368073710126502,-0.008655916965178395,-0.009836785169422544,-0.00884381718809717,-0.006843179275677727,-0.007893379822339293,-0.006595039102041132,-0.006919975217470944,-0.01271886786805326,-0.0027285250149268843,-0.006900204237913092
2023-02-17,-0.00016094832221446667,-0.00169775700296656,-0.00447298947893298,0.002192253538619044,0.0007993964196318665,-0.00032813930072854875,0.0019990238634671354,-0.0005656047065073146,-0.00046930155619842834,-0.0001433540936818617,-0.0010178395310175416,-9.327976003381723e-05,-0.0005007877795077402,-0.0017647489557220427,-0.0001180773704027434,-0.00022238887893937377
2023-02-21,-0.00645119943512161,-0.004075653122613654,0.00828768891452722,0.002334026025155883,-0.012218883510937872,-0.002739240528629453,-0.014395406558995662,-0.01757883545481729,-0.015956947879795597,-0.012146767622746002,-0.013645876697794098,-0.011433585836331873,-0.012512803585142304,-0.02412847857239896,-0.004701604769570054,-0.01124716670885632
2023-02-22,-0.003055253464424002,-0.003610914084315315,-0.006415351674708377,0.0017380426876340781,-0.0022762423476390087,-0.0005945113618355186,-0.0012876538840618794,-0.0001518850314376894,-0.00024685110857975735,-0.00040045953169050275,-0.0012371267562073054,-0.0003391969520428891,-0.0008140572621350159,-0.0004877995870576745,-0.00019271027943854727,0.0008701786298305413
2023-02-23,0.002643162109955378,0.0018263327172598678,0.0005340014289944286,-0.0008965685252497935,0.005141203077289911,0.0010429400035208303,0.003278785068365345,0.005077781319726841,0.005500034492725913,0.004643799261016341,0.005506064121322718,0.004148441297104931,0.005097957211385189,0.006665936078435285,0.0018686769803647528,0.005293629819264985
2023-02-24,-0.005746435664180359,-0.004697101518982015,0.0047067977245062575,0.002864835199073439,-0.011513298193727891,-0.001852254347801152,-0.0017997584386533895,-0.010914460620450822,-0.009290903366205562,-0.006384985129629141,-0.007630194900152078,-0.006389595112028328,-0.006996443239458085,-0.017734104787437522,-0.0035436502352282026,-0.004008863830406979
2023-02-27,0.0022688068563316136,0.0005686867539413049,-0.0023125094586967532,-0.0011574520119783194,0.004239686089943884,0.0005625196560680255,-0.004176428229719415,0.0038446190856042707,0.003552429828984447,0.0017555786688259714,0.003324596043488091,0.0019811754986167884,0.002733314195732028,0.0063674674569132355,0.001355457629705466,0.0006159514117751915
2023-02-28,0.0004764335069379438,0.0018478030512909642,0.0033954223671238994,0.0017852960818779537,0.0010084015431991228,-0.00029939040289622915,0.007045479956941987,-0.002912804450419046,-0.0030568718300744047,-0.0013324237226486355,-0.0031414644912478576,-0.0015896294573699153,-0.002273662677204554,-0.004145617445617142,-0.0006438620880463344,-0.0006456064718983038
2023-03-01,0.002319294600664541,0.003010059474445729,0.011118168728942689,-0.003203980509448642,0.001273225001629768,0.0002503802143021532,-0.012171219602545424,-0.0012354398225034582,-0.0011744458647892399,-0.002666529294478673,0.0009726604889734563,-0.0019995946215011877,-0.0006363100175978975,0.00028131964258771896,0.00012236991998082014,-0.0033974001779868814
2023-03-02,0.0009862572631247864,0.0008676573646878063,-0.0004894752435236588,-0.0016540665219670848,-0.0008367594156543713,0.0009662600440290061,0.010998806288056898,0.00635118221155999,0.005886361092892587,0.004641024270070175,0.005454686332251297,0.0039031314286300614,0.0047610653082289945,0.007888330490344202,0.0007622235761749192,0.005229077941907184
2023-03-03,0.008364784162749,0.008625371359746482,0.002221781671099686,-0.0018823598169653171,0.01635785847014798,0.0024862346064437354,0.011337274344294308,0.012420774073672676,0.010760637125190275,0.008554817323776094,0.009527759712955185,0.008166001838926013,0.008750843716513815,0.01858832917386513,0.004409199463844674,0.007958860464765249
2023-03-06,-0.002623870337617037,-0.00359716386473414,-0.002659071282169317,0.00035831623195220247,-0.004445473826556158,-0.0006434419321152745,-0.007548471459882332,-0.002498136291822202,-0.0019181927441529953,-0.002037270722234349,-0.0014897743751902033,-0.0016210880708993583,-0.0017129416895523102,-0.00430280696451378,-0.0008766562242533565,-0.002121132508006392
2023-03-07,-0.010428907946520604,-0.006852028276756428,-0.005195886903586659,0.004619413604855941,-0.011438477490956086,-0.002614184719641119,-0.0070630226885448726,-0.011398671540341559,-0.011304284078649213,-0.007915462404502116,-0.012271988396644796,-0.007322682441797231,-0.010384384197216096,-0.016313573210021044,-0.003232432060750891,-0.004748777149876642
2023-03-08,0.00022598051155744915,0.0003859140422008973,-0.003973158043351434,-0.00010267958100742647,0.00012413989389831875,0.00031950024969972364,0.003883178092189403,0.0016289484305137348,0.00110918593833538,0.0014657339310171907,0.0003725726787896581,0.0015651856900982936,0.0005597485878734767,0.0012431965220241576,0.0001284799522500393,-8.136348316876974e-05
2023-03-09,-0.004245831062584601,-0.0055061605946430765,-0.006518757688919772,0.006247727596520485,-0.003919324818163724,-0.0030331543595605048,-0.008685471569390528,-0.014004030300466156,-0.014003804859471985,-0.011251613294997352,-0.014948652675957323,-0.010488666232924548,-0.012169121739749869,-0.016959319452330954,-0.0034421627397261158,-0.011826196717771156
2023-03-10,0.0011213816732794177,0.002127707716523601,-4.234293956953622e-05,0.0060518125652147745,0.011008625241493299,-0.0022653478246744204,-0.009845642944569966,-0.01070774722742903,-0.012323294879474905,-0.01052232540082442,-0.014252375994598276,-0.009677828984183668,-0.011083194926429918,-0.006965902999470998,-0.000581499320863578,-0.010103677090122491
2023-03-13,0.002978148234913935,9.80693217186128e-05,-0.01058821225913015,0.002284112041603835,0.004536258126530463,-0.0008040929118471966,0.007627799135860928,-0.0016678554456131236,-0.0031237526690058625,-0.0027743238557392724,-0.005894665101215118,-0.0032317111438405436,-0.0032118176794458477,0.002675737601303063,-0.0007181689482521369,-0.006414288339631135
2023-03-14,0.001196137163024923,-0.0006628069513415507,-0.0033871417727891987,-0.0034793895730327266,-0.0017079999063558029,0.0018209279244647493,0.005916627450182484,0.01232637101874214,0.011607800943304446,0.007801184133576062,0.011721442073427651,0.007842958602490806,0.008855518529770436,0.013217374413723889,0.0018671775148477244,0.007369785828364814
2023-03-15,-0.003319057922084358,-0.0011704294193938655,-0.011421609578935486,0.0071592183742489445,0.0003836640936907593,-0.0016489164877048106,0.022106110767569024,-0.004086336159793965,-0.006340274003000351,-0.0029544304033797333,-0.010736353476948247,-0.0037800697358517953,-0.006747489043282746,-0.00354027412855181,-0.0015992432268369613,-0.0010955721222631295
2023-03-16,0.0036202174276519688,0.002819960174285965,0.0027086282872827274,-0.0045668337608456575,0.00268753532085315,0.0020956379422898547,0.0035353259768755893,0.013690054009275993,0.011864450433646067,0.006705409748531916,0.01221421687115174,0.007079526830785487,0.008661092308369846,0.01764124937358902,0.0026136287926160264,0.006476560497217904
2023-03-17,0.0014373334974155496,0.0009800790705984525,-0.003695300158790474,0.006259308540866501,0.005308086497345558,-0.0019594023528797582,0.004322861628768313,-0.007878621289567778,-0.010382955743689842,-0.008911172763962713,-0.012532091357289957,-0.008088535217872755,-0.010086372420365834,-0.007040348740507435,-0.0018514980550429047,-0.010583631662997224
2023-03-20,0.0029482714705207076,0.0025066082549399385,0.0019935999441914832,-0.0036328371500548196,0.0027158986106418943,0.0013094442971666137,-0.002627758898159842,0.005540078847140195,0.005484064755097696,0.0037309434531116585,0.006142596611030177,0.0038425940905829894,0.004726636213184154,0.007517801250114851,0.0015155178960655365,0.002010642289446642
2023-03-21,-0.0006400172490792656,-0.001151679924793175,0.002463438095994844,-0.0053817794660559705,-0.0003432598348025583,0.0014866597176389565,-0.014774313160506949,0.008997933269060319,0.00985276965781659,0.005719946745610226,0.011330938160557018,0.005970145789628573,0.008224013402021401,0.011841978697914868,0.002707607443354575,0.00759478284425456
2023-03-22,-0.0009412826290283384,-0.00020351216399250261,-0.0002866329744363443,0.004108773019618394,0.0066304883206862114,-0.002415376068488741,-0.02060943035636505,-0.01106523861145258,-0.012348384592175106,-0.011672286073252457,-0.013462553945939267,-0.010283425231656998,-0.011329865133688671,-0.00760039621291342,-0.0009329475146316058,-0.011732342535157297
2023-03-23,0.0015304032656318937,0.002992696618601438,-0.0016735099195395063,-0.00038050713956758674,0.00415876218052982,0.00014178142042290445,0.00602695572379835,0.004248081311766996,0.0013476415010029272,-0.0004852988618874992,-0.0007927144681609457,-0.00039764125445266294,-0.0005888669897783844,0.01019905062656315,0.0007392116193483269,-0.0007182919155287169
2023-03-24,9.830159737429073e-05,0.0007928184969861939,-0.00011718328930952066,-0.001165276880195211,-0.0013363661032596832,0.0010007646132871447,0.011120624317942696,0.002804679584483793,0.004263220805758641,0.005887996947666975,0.004402680700860565,0.004628713063305363,0.004827091629378227,0.0011665279266361971,0.0005723645384010025,0.006643540293504833
2023-03-27,0.0002303319824430238,-0.0003994128735523869,0.012785525058299715,-0.0046491268531676615,-0.0061819761268648715,0.0005409452985508013,-0.0124856435962307,-0.0019016132188065197,0.0008881791196748273,0.0001961630964830419,0.005008177805922624,0.00013820776494937375,0.0027026663067392623,-0.004847953980003142,-0.0005599408922528964,0.0004741796082267277
2023-03-28,0.0022527309235433474,0.0029873985064568756,0.0038783728354254703,-0.0005319737206145764,0.0038124322419935564,0.0002195822598639153,-0.0023411128877717418,-0.0005236887495869458,-0.0009901604772167376,-0.0009794492367223035,-0.0006579788998394339,-0.0005988165795977526,-0.0008200602739252383,0.0003318734157188075,0.00036911103628062204,-0.0020529137977597545
2023-03-29,0.002553249723032753,0.0002967978660807721,-0.0046481391390517665,-0.002292559179533003,0.0022449594860139803,0.001993670133769669,0.01114543383217263,0.011847109895612232,0.012106604414161212,0.009834009769720006,0.011745205289940863,0.009035251673778687,0.010257106407211225,0.012929604738539912,0.0024971987366480793,0.009958043537749366
2023-03-30,0.004861376385126206,0.0033479124462173666,0.0009741830807814408,-0.001348457627837268,0.006404813420734289,0.0013095267413259903,0.004454017509928517,0.005625057611966175,0.005455529827190224,0.004285861731032996,0.005669610793527251,0.004207685617670955,0.0048520096132488675,0.006894529699796548,0.0017323921695271741,0.0026137654496485876
2023-03-31,0.003683423535623476,0.0032991040434264605,0.0004629444970330799,-0.0021464803324904077,0.006099605182367978,0.0020687833279396444,0.012722739760633803,0.010248905994717516,0.010791839259020317,0.009716135246577752,0.010478521008188737,0.008437723043468955,0.00981709144043373,0.012615765904142193,0.002965199174524509,0.011139869727204002
2023-04-03,0.003156076236633681,0.0033035499905890247,0.004914570814873518,-0.0011646131871779803,0.006541700265762549,0.00043441078750554914,-0.005555229898241551,0.001453351311585441,0.001084076288915243,-0.00013139425871361472,0.001462945734753467,0.0001065433593476434,0.0009883041029792794,0.00461949062054166,0.0013330247691612234,-0.000207934490006894
2023-04-04,0.002226652893059625,0.0015869681041072903,-0.0021323611292872018,0.0031723947754633735,0.004226073089127985,-0.0006424176962024239,0.005198191452108463,-0.0034769007513962263,-0.0045557846051456855,-0.0032859280271508268,-0.005556143598362523,-0.0029361164061889686,-0.004206155750101292,-0.0038696897509801634,-0.0007420448629455798,-0.0052415433393079094
2023-04-05,-0.0016461396512463973,0.00024216453227969827,0.0009956094734342017,0.0018511642250242564,0.00014267215449115603,-0.0007793664881482934,-0.00033672101351727227,-0.004790631435089291,-0.00473260215795051,-0.002808794706223138,-0.005173507421297405,-0.0028949464769326815,-0.0038347849966316556,-0.005314966431812725,-0.0007168675005377861,-0.001694217715823244
2023-04-06,-0.0007294108080117931,-0.0005969860860206697,-0.001848376172963564,-0.0014004679348301953,-0.00018980490962413994,0.0004298942581299878,-0.003192184973823779,0.002459885701744983,0.0028047150252061962,0.002252379716390369,0.002729914652877198,0.002170603381266698,0.00237797179633243,0.0032441381626203344,0.000813072736885437,0.002497982718390234
2023-04-10,-0.0010845462073439803,-0.0008183260007315813,0.004582727030983181,-0.0018869828193842243,-0.006496158445245343,0.0005465333177667452,0.005284392195452316,0.0016420859967805953,0.0026608593450053205,0.0025831524527289706,0.00417014696974414,0.002086264801057666,0.0029106827372539245,-0.001164530019078534,-0.0005863176195967414,0.0036285085806428983
2023-04-11,0.002783816175786955,0.0019158013363678645,0.002364116868500894,-0.0005749021795302532,0.003057982595968416,0.0005412804607711919,0.00115260047593677,0.0008614300278679673,0.0013175447136557427,0.00138333114898381,0.0019705271215207836,0.0013071711296820487,0.0017277963683084885,0.00052825807369129,0.0005262443327520223,0.00029055868557208755
2023-04-12,0.0006406178739656152,-0.0007189169869137025,0.002069526285898263,0.0005710743284536241,0.0005378106476839416,-0.0005492320906798522,-0.00839008158227562,-0.004730722277855663,-0.0036225407184677927,-0.0029643584740759684,-0.0025196564762105175,-0.002671843345154146,-0.0022500117507611374,-0.006151753694027976,-0.0006263892306940546,-0.00384375680558852
2023-04-13,0.004869247327333055,0.0026649221229287003,-0.0006252517733573394,-0.0031686219538131894,0.0051274561133193555,0.0015873777280105128,0.0051113312696963965,0.012102135114825645,0.009891388085888837,0.004873748077051929,0.00929895771959492,0.005060910837331928,0.006908725915098382,0.017829648727636434,0.00230641229004972,0.003699307245198161
2023-04-14,-0.006048034559652683,-0.004046447605122844,0.0038314664164509605,-0.0009678796416287809,-0.00853963966696904,-0.0010654556561380093,-0.014559576626935673,-0.005344483728113525,-0.004144481189379854,-0.0038961755110870117,-0.0028419103902963465,-0.0036475501127604037,-0.003278089893430208,-0.006784337696200099,-0.0013315188589057528,-0.000988522969551595
2023-04-17,0.00014879856534602727,0.0002181595004603111,0.0004409241132157949,-0.0016897093989516635,-0.004851322124046274,0.000892286327224663,0.013004360054197306,0.003129981504465162,0.0038669204196670774,0.004590567755321077,0.00432665466388094,0.0036629014258220734,0.003957454480003016,0.0008552266242934569,-0.0003654738211794639,0.004212648532888419
2023-04-18,0.0010169954443854817,0.0005582895261093644,-0.0003946764139764967,0.0006240130482149652,0.0029327885702467864,-1.3287859800602172e-05,-0.003370988457570727,-0.00046160137601605354,-0.0005572820195170374,-0.000583758140474178,-0.0005336503630280691,-0.00017226326390829807,-0.0005368140822016602,-0.0005894055486542141,0.0003783460878907795,-0.0012702456115937432
2023-04-19,-0.002817363655004582,-0.002412265782616076,-0.005511353165460565,0.0014161877586190803,-0.004532093982453191,-0.0004733802831324445,0.004021053508261192,-0.0018349110849745737,-0.0018762751099502624,-0.00045439930696935225,-0.0026419650448871795,-0.0004569818871954141,-0.0018905520275267983,-0.0043635495377555514,-0.0010989331913321086,-0.0008601861923643896
2023-04-20,-0.0017478789310434357,-0.0016291407216917,-0.005832725004185914,0.0025048136786835905,0.0009576227634417495,-0.0009985044111676647,-0.003047125116068447,-0.0031432870492393516,-0.003945321425577245,-0.0033185017735539806,-0.005425564236527957,-0.002942783970778613,-0.004106620614322451,-0.0023265648494009447,-0.0005026933597224698,-0.003450283700537189
2023-04-21,-0.002069976384595224,-0.003187054805132532,-0.0011883699651967577,-0.0006149187338931445,-0.003301704792970031,-0.0001580533543108977,-0.008540734544797191,-0.0010946640889087143,0.00040008165350703136,0.00027276412850455687,0.0013429133202512281,0.00033058694482830366,0.0009103066991160564,-0.0028117647643976546,-9.89832637467971e-05,0.0008471085817965423
2023-04-24,0.0014544335621996672,0.0012289414873751007,0.0015635038750646277,0.00039167341639264176,0.004374008489786148,2.8485571082263763e-05,-0.00419470477623877,-0.0008153613607048241,-0.0004916334488248711,-0.0003639620730290379,-0.0003056438687326916,-0.0002643541808267948,-5.244018161202856e-05,-2.722202064964511e-05,0.0007000166089110502,-0.000258415247230065
2023-04-25,-0.004429413278556324,-0.004413756954575462,-0.007841265783672257,0.007407658928652926,-0.002974818881694676,-0.0024484883717086087,0.004077897682190438,-0.011814526738221596,-0.011470525539553331,-0.007028942958694461,-0.013108136885109613,-0.0070571210994336,-0.009627254442319808,-0.01643410616775848,-0.0028604639449695017,-0.006219069777398294
2023-04-26,-0.004331596027033423,-0.004055140477763327,-0.006004718938315582,4.794678157034554e-05,-0.005032863247917778,-0.0010946401380972847,-0.013900726621385844,-0.003149502394960037,-0.003895589091244658,-0.004557180797130628,-0.004484166184240466,-0.00345101602000617,-0.004549341357352766,-0.0029991936061415977,-0.0010751247583513379,-0.005523764171582612
2023-04-27,0.0045447666456762785,0.004245871744507065,0.0009206564385473195,-0.005442992088405084,0.0030899378956712547,0.002687545229807922,0.01244696206003125,0.015284082676151882,0.013883580923080863,0.009973567302018078,0.013626065967793529,0.009428850239511823,0.010993227863639819,0.019696704956552034,0.002889337251167458,0.009065809003892748
2023-04-28,0.003217731794185058,0.003659007665470441,0.0006388757978709942,-0.0007680468177933971,0.006438845824025943,0.0013029176461128813,0.00947154885097183,0.0059343419486270095,0.005832966533163131,0.005674829066499337,0.005229660568148985,0.004949979548394951,0.005262622633780711,0.007921529372881996,0.0020451731936477063,0.006203581685086241
2023-05-01,-0.003880843739224022,-0.0037367198883513472,0.002973437673030229,-0.0018362696520228302,-0.012170142093686033,-0.0006208616953388894,-0.0010422335872097973,-0.0020205085642356338,-0.001740956827986713,-0.0025319703142675926,-0.00046908757442118426,-0.0026001516136063643,-0.0016166951733464848,-0.0039173585916050125,-0.0023053754088029014,-0.0018161058570468577
2023-05-02,-0.001157388786852889,-0.00156288209021097,-0.013479126303158898,0.008734651235073866,0.005626288513421303,-0.0020317742125246663,0.006466636416211534,-0.006667171481768579,-0.009251693354025387,-0.006703433709177168,-0.012937885571912376,-0.0056607505125721635,-0.009738716696905993,-0.00795288647678186,-0.0013095239724653632,-0.008096918907162411
2023-05-03,-0.00027119679522477814,-0.0015741031371939533,-0.008056766336192997,0.002678850528513882,0.0021618874029656837,-0.0008630383930149864,-0.0030471940169442763,-0.003256439901376815,-0.003869964247683112,-0.0030356142896494193,-0.005283530994647218,-0.002490886879444613,-0.003861516890174192,-0.0033055011577867053,-0.0005241238781926755,-0.005098115385873563
2023-05-04,0.0008380976398263714,0.0006567052104590558,0.0029321003359840236,0.00031673632159028817,-0.00161692841710942,-0.0002870540826360393,0.004096964474758041,-0.0037586534082013263,-0.003032694543732366,-0.001473730848735345,-0.0024087896652947327,-0.0019196932154662406,-0.0016583220353428144,-0.005300757499841434,-0.0011920502093586618,-0.0022571155916500025
2023-05-05,0.0033672226648535967,0.004359308915227745,0.00966799262197693,-0.008614349129918156,0.003142537263039505,0.002726148929493577,-0.007315266814141861,0.01179599387052176,0.012878041227142877,0.009130975290381625,0.014922409658640523,0.008482352738558989,0.011788512682468999,0.01698497289869566,0.0036048537461485716,0.01015692140496414
2023-05-08,-0.00042619905103359786,0.0002818255002814576,0.006299454166262836,-0.0015278700052378262,-0.0038685686559033023,-9.283443964821924e-05,-0.0013941110174839658,-0.00107682493052442,-0.001006214056964467,-0.0015708510502473961,0.000199517409978348,-0.0015538741367266459,-0.0006960097877420396,-0.0013507317189263065,-0.0008374416905689891,-0.0010177677873677625
2023-05-09,0.0003831708664180581,0.0006838305066192802,0.0040725555187314235,0.0016098120313814777,-0.0015918646759170074,-0.0003528968532144779,0.008011390297069558,-0.0028930587558985694,-0.002750433246282712,-0.0014745025703925654,-0.00225286974941112,-0.0017721714920060118,-0.001886622463552856,-0.005191012473683962,-0.0011711061918345785,-0.0008536455138647298
2023-05-10,0.0008405324436782444,-0.00046992513806407097,-0.006278380717080371,0.0006934219634385172,0.00359477174438015,0.0004260612189486698,0.0031296207014972596,0.0031611898103253693,0.0033674366319867547,0.003316425692053243,0.0022785891214791468,0.0029495600216143327,0.0028814035330176177,0.004114558332683305,0.0012078547817166206,0.0031347418901755365
2023-05-11,-0.005435425479502279,-0.003010602603221912,-0.008165783138752342,0.0021637685597059994,-0.002392996769499563,-0.0011086425261095957,-0.0033717208718687212,-0.001580646127938622,-0.003086385258286249,-0.0027257611813166494,-0.005453159024074224,-0.002299967790697773,-0.004274392012054625,-3.5089962972643766e-05,-0.00039560318418254716,-0.000988931501508587
2023-05-12,-0.002312602970548479,-0.001728467709108593,0.0008848106968702673,0.0009549210923541814,-0.006772458157274833,-0.0003810141481720427,0.00840722729593016,-0.0018388028111673868,-0.0016604373461013484,-0.0005852848617616275,-0.0013359351424951985,-0.0008917528607142197,-0.0013345460688512448,-0.00518780188866709,-0.0016253196896705258,0.0002916842573351753
2023-05-15,0.002277418302731027,0.002786067930839472,0.006482061159533604,-0.00462757711770597,0.0016475721357103938,0.0008436243512331678,-0.007569984764360217,0.0037586441651472737,0.003464769093286529,0.0009678603966895827,0.004425484949292159,0.000985410558426675,0.0029597455713675468,0.008287537865205013,0.0011147966246992647,0.0005008464279397495
2023-05-16,-0.008023564935321345,-0.00511952774763292,-0.0021838146966896748,0.0013436741191544933,-0.008189216232595777,-0.002205026986596946,-0.01834129213431427,-0.00879084380805352,-0.009341349897176556,-0.008695842007360781,-0.009822500092550238,-0.007626607389713188,-0.009098584692153496,-0.009019939601136596,-0.00219430443747593,-0.006824668122259564
2023-05-17,0.003636709517369326,0.004070819063688434,0.006288460655986144,-0.004351719470096067,0.0026383121287427824,0.002033767036270211,0.008466416829637245,0.00924548693842585,0.0094910919626007,0.007578000072904549,0.01033907022031982,0.006651185749665204,0.008613459911965587,0.011840864062547397,0.0021590846554996033,0.008380414324502155
2023-05-18,-0.0036867362065107754,-0.0019052808278096133,-0.0009819406451660952,-0.0022748534633060683,-0.0059819127856740335,0.00030319648933459567,0.0016057461203796445,0.0054518427308558985,0.004413515020964779,0.002185091189249503,0.0038191369710362114,0.0020005194955673073,0.0025086824325922684,0.007748394288273529,0.00030221630071118307,0.004730607910120791
2023-05-19,0.0018175815250547217,-6.563651008419211e-05,0.0006948939701203745,0.0008299995320882262,0.0001670135888066886,-2.449049296764303e-05,0.0017959583553195397,-0.0006912041681971567,-0.0006172596959623218,-0.000763107808789896,6.387308731338232e-05,-0.0004478324895763469,-0.0003772221677158591,-0.002723753119478194,-0.0005156752493397183,-0.002202502883365043
2023-05-22,0.000722584535556612,-0.0001811389094907238,0.0007703880242392544,-0.0012958299941603802,-0.0009191366722766034,0.0005715546495291044,0.0019297119426492258,0.002096578999565416,0.0029890283703881667,0.0027231566704978586,0.0036525603965152096,0.002290564255510491,0.003163208254584113,0.0015114823981311671,0.0003644003665210555,0.002718782470736053
2023-05-23,-0.0021266330645513306,-0.0005455255150739983,0.004672015302957355,0.0037720237397760644,-0.0025353035484605743,-0.0014355319668212846,0.001728804147402114,-0.010277905362860749,-0.009133479019638829,-0.005319434938693908,-0.008458608102410455,-0.005510449677009267,-0.0066404496956778865,-0.01479046675744099,-0.002223146637932956,-0.0038280258279613285
2023-05-24,-0.005710498783938585,-0.0029682788641122457,0.004012550946625721,0.0013334847510414953,-0.007260172330927529,-0.0018445432188407638,-0.011395206829656375,-0.00958873599518811,-0.009237814339294728,-0.007628804101431932,-0.008613278870624543,-0.00717074409085776,-0.007870190899172276,-0.011328904812405016,-0.0023789932683326753,-0.005389792544294479
2023-05-25,-0.00359778664462859,-0.002142992220842773,-0.006005197257830121,-0.0006774974961789227,-0.0043800799638748465,8.642621921948548e-05,0.002026460561381323,0.004810290279818618,0.003042392279170192,0.0013580114781419472,0.0015415338839010115,0.0017177735012637498,0.0007358565964584399,0.006244118141707812,0.00019544571444579184,0.002261628476312122
2023-05-26,0.006155715908355902,0.007031740083764794,0.005796042901611759,-0.004572143931273659,0.009579828813601296,0.0024419801150082875,0.007213113422635565,0.012635245061670313,0.0112861094485551,0.007948251740186646,0.011097051000462276,0.007460523077853011,0.009200589740313413,0.01908046825183356,0.003631700569789482,0.00816165969992617
2023-05-30,-0.0006906665287165418,-0.0028901762952805053,-0.01417916078374479,0.005332575347149711,0.001790713367623822,-0.0005705060253387976,0.012288920263218681,0.0003838265094678042,-0.0005926999647945966,0.0007254655302780825,-0.003237415690607511,0.0007927292776053402,-0.0014917640661245887,-0.0018619810944978167,-0.0003061972688816653,-0.00036415871711346155
2023-05-31,-0.001770894375456518,-0.0017080522539781834,-0.006460575792825317,0.004300839295778457,-0.0009822679923737533,-0.000911667434538754,0.00782915445435251,-0.0049827356632216125,-0.004858932454961662,-0.0017429696378967908,-0.006095718020184431,-0.0018386919405748527,-0.004047499060280609,-0.008752210129815776,-0.0013336735052100687,-0.002222255745848559
2023-06-01,0.005936368046178536,0.0039765965560477545,0.0030921473319363737,-0.004236290234671352,0.009988017064207617,0.0014243989693354837,-0.012770551908579546,0.006784851079053847,0.006463398348903997,0.0028167666150578858,0.007152002903007732,0.003313140923637694,0.005461990855158623,0.012792535848200854,0.0029702434617606614,0.000673576560008108
2023-06-02,0.0032313813650755134,0.004283380809092956,0.008985091959428294,-0.008011599646070738,-0.001095255731176956,0.003296485846140108,0.013649796463932426,0.015331277948959143,0.016415791355528918,0.013439049947310565,0.018060153355997297,0.011633740354965175,0.014997177713955362,0.01833277510809386,0.0030529171911657894,0.015617043856983917
2023-06-05,-0.0005268759915562838,-0.0005057713485568509,7.253314256713871e-05,0.0015910936529720306,-0.0004224117775992246,-0.0007901453663323021,-0.0023218962176093146,-0.0038880753459394094,-0.0042732460551395965,-0.00369295038420684,-0.004375061941660741,-0.0032811191425591163,-0.003861933835157596,-0.0045725006447713944,-0.000980037387065147,-0.004107425129296205
2023-06-06,0.002618186960622067,0.0031673488150346677,0.0008172077918145535,-0.0015186660882505238,0.0034378868171420674,0.001254002015343149,0.009580479078918794,0.00568138305573948,0.005397940486039828,0.005080908316181627,0.005032736401408409,0.004487343791027178,0.004718713071786283,0.007080084781935396,0.0014151482706988236,0.004887966511395976
2023-06-07,-0.001690739431923808,-0.0025754890418166945,0.0038476115064832355,-0.0016123054858146362,-0.009064198856898385,-2.4321702383425672e-05,0.00016896711490616348,-0.005748685344911428,-0.0020281207268890685,0.0010386200743972619,0.0005650048808266344,-5.876246225681699e-06,0.0009547897960113056,-0.011973901709341029,-0.0019053894222560799,0.00046291711547334614
2023-06-08,0.004314208770841137,0.0029228484289940135,-0.0031086826425944453,1.3793045745316723e-05,0.010549752679826772,0.0006244680464214599,-0.004019819317114982,0.005642012547065128,0.003679420021885145,0.000953108176381975,0.0023942208541154262,0.0017682130911346526,0.001821701820117914,0.010618021221572328,0.0023133803451652214,-0.0005970609148872651
2023-06-09,-0.0018456368144437153,-0.0007941166047103285,-0.0005495260367276098,-0.00010004473294913469,-0.002313372008142749,-0.00016209173239220686,-0.0009493812354315872,0.0007752346004897665,-3.1424184974900065e-05,-0.0006799451389271842,-0.00034263641663573536,-0.0003292423577237362,-0.0008387876032991753,0.0009644279534004128,-0.000194912610043714,8.095876922962098e-06
2023-06-12,-0.0006775770460006278,3.735923140409515e-05,-0.008385220293783174,-0.0006271490871833423,0.0022191032538614237,0.0004043181476638341,0.0022473361175037454,0.0069611640696068695,0.0044295363533897935,0.0020930283272891023,0.001908664795314014,0.0024558847201017944,0.001634741344574295,0.011700658802145287,0.0013723538810799076,0.0017714040964549459
2023-06-13,0.0015683514620814397,0.001114199133196542,0.00685941016427865,-0.005025588400359936,-0.000858679665409995,0.0011565551013065381,-0.00942136694809139,0.003605276179947995,0.004957110187978153,0.003056367994309466,0.007148677894348109,0.0029623070643463936,0.005133277363078034,0.004718877095437703,0.0011201208966187262,0.002764367420230705
2023-06-14,0.0008925253002320596,0.0013392576261431399,-0.0009450887206852955,0.00019343347968664958,0.00457077720575128,2.2680970071396353e-05,-0.007814274351295065,-0.001115718596937472,-0.0012651982073595583,-0.000888964105819935,-0.0014528569507937892,-0.00023998615943974076,-0.0011769867171963198,-0.0006278765222127021,0.0007409998911366751,-0.0021502933599404084
2023-06-15,0.006571354661216187,0.006481552689611238,0.005278764055948662,-0.0032210983891848726,0.012584497568240972,0.001780045718644219,-0.0013004588188815936,0.0083143856523534,0.0076659723255435444,0.0050655109700504485,0.007633643445976811,0.004824646956167948,0.006637108502653027,0.014856052037140289,0.0035237775536274664,0.004862238095306389
2023-06-16,-0.0002991197573576428,0.0003597907631869437,0.008334925138792366,5.880290326807752e-05,-0.002867265580788651,-0.0003435643800064716,-0.0019648044082726454,-0.005540825072367949,-0.003842643341838341,-0.002032927057026121,-0.0018207657646283006,-0.0022653651899017004,-0.0017947941900932805,-0.009029575174025573,-0.0011986826881494649,-0.001168268295906916
2023-06-20,-0.005946690281973764,-0.004561806971432603,-0.0042159117227946186,0.003673079157732126,-0.005055875326566392,-0.0017987534606295898,-0.00615390155621551,-0.008345698000911787,-0.007721055000856754,-0.005182480420298716,-0.00838374621943649,-0.0049705554583188,-0.0066117985105271825,-0.011245491316389133,-0.001815369445031378,-0.0031475279414998236
2023-06-21,-0.0001429548174564929,-0.00017236357151986033,0.006064220825465453,0.00022150733020259912,0.00023273084908790852,-0.000734290813803406,-0.013682257116722269,-0.008009222229749056,-0.005975629889693091,-0.004126578325672031,-0.004050108494795163,-0.0038528331321199755,-0.003511786826522304,-0.010388156586360301,-0.0008289330083768391,-0.004348269242539371
2023-06-22,-0.006211305291222669,-0.004875077750222469,-0.005532891790937436,-0.00033577184771425096,-0.00843889029403157,-0.0010562164699151155,-0.007507967682466272,-0.00021416296004835543,-0.0017169608515536243,-0.0034445255275615694,-0.0028431975456018506,-0.002780689776388373,-0.003363789651992793,0.0013148437939081532,-0.0011570540704827126,-0.002054949018991325
2023-06-23,-0.0038044462950034413,-0.002704999574760563,-0.0034977074044515504,0.00569594394124385,-0.0030006977198242853,-0.0018393813541708666,0.0053967506704513755,-0.0082938168840764,-0.008640596660381077,-0.005597579159549587,-0.009837370628793512,-0.005501403795249096,-0.00765162031031044,-0.011823270168196641,-0.00225794378320269,-0.004032358767419809
2023-06-26,0.002229246720296597,0.0002473555531351126,-0.0016501086363606872,0.001182232763613292,0.0007480807574120055,0.00042940288289784333,0.00818308960085926,-0.0023187725942286973,-7.87924596973032e-05,0.00294894609535564,0.0007055271839521832,0.0022033146566019122,0.001839847148029809,-0.007231530741130234,-0.000366906657897307,0.0009110930918981103
2023-06-27,0.0006515727681075494,-0.0005860351112971329,-0.009103862907676587,-0.0025133156930283946,0.0008929012795094723,0.0013508039527638683,0.0024626758563450106,0.010302504712557066,0.008935214207302531,0.006048430934185921,0.007553809374953453,0.006338555750993215,0.006117839254333247,0.012856462286675623,0.001913889768080573,0.004241499706059198
2023-06-28,-0.00047702688631959776,-0.001222196240626827,-0.0022307300440117684,0.0011321302361777135,-0.0002681005406075566,8.824876476484333e-05,0.006166456839656211,0.001318609644064296,0.0018684067680817098,0.002190724232758276,0.0015134066169355024,0.001580280917575638,0.0018839337163423589,0.0006325907793036081,0.00023908873858179423,0.0036172011369358303
2023-06-29,0.0008025807738129139,5.7619196796872274e-05,0.005287035701556022,-0.0016912804497699262,-0.006699999126779887,0.000809599960159983,0.013557375800597356,0.002225846240243782,0.0033193967879763674,0.003582598153603973,0.005023987352308213,0.0027182007923897927,0.0038271505173797416,-0.0015815354099325018,-0.000984351564659632,0.0036505957550691495
2023-06-30,0.005359252915074753,0.005167345710358724,0.001192931657850707,-0.002165360724801899,0.010521574277009721,0.001656449568700134,0.0020644618286393395,0.009239053630994198,0.007783670877549792,0.005079253480499571,0.007107308103009842,0.0052321871556449285,0.005910279481378728,0.014350058025667682,0.0031238920630228604,0.004338559338018465
2023-07-03,0.0012139022736365878,0.001795226838572416,0.0017214670930845177,-0.0011659605347391377,-8.583918086510641e-05,0.0005865388919615424,0.005348518738854251,0.0017678256637518922,0.0016660068522198039,0.0018800950214629846,0.001849397539678428,0.0016481420637211343,0.001589474485026746,0.0015434147986450508,0.0001378098859404517,0.0011322117717899084
2023-07-05,-0.0021023240511937455,-0.0015156133580630563,0.006078474232987538,0.00010150306054163442,-0.007640626598455946,-0.000643114198414087,0.0033153879917052964,-0.005575868337499961,-0.004027271734879058,-0.002174111833868485,-0.0024551267548554153,-0.0028411582832029905,-0.002160827849867992,-0.009194842470728876,-0.0021393801543761284,-0.000873449017711073
2023-07-06,-0.004949729156446916,-0.005775366676984202,0.0025710360751535375,0.0028667014940762956,-0.011818561505185985,-0.002266789162179259,-0.008127636496150253,-0.014429576323108208,-0.01210358878745955,-0.008651229409339394,-0.010012669808683271,-0.008386375135298274,-0.008878760794273835,-0.022109935914352192,-0.0042944771849478935,-0.008818709887957394
2023-07-07,0.0029492477261379023,0.0008182518967119064,0.0027077715788798662,-0.0016452110275564766,0.002821654928263189,0.00012951524525083708,-0.010199410704608664,-0.0011759485538743646,-0.000442142116422003,-0.0013665491740098095,0.0007990431478799112,-0.0010139019262672367,0.0003013912356072155,-0.00014958467168571792,0.00026751754680671454,-0.0035547077083977513
2023-07-10,0.00218329372058363,0.00036521250065752386,-0.0015971500983159108,-0.0006779362699087447,0.003367405339988671,0.0007045065543316515,0.0014390250506593613,0.003571660440699749,0.004199342835564506,0.0034361767352976366,0.004227302546470525,0.003021262906052861,0.004034064688320788,0.004620312797420475,0.0012429582061647374,0.0032017334439833154
2023-07-11,0.005388636827777965,0.003892382298988894,0.0025775727511231647,-0.002112393183853823,0.006843599708901296,0.0017938298107743344,0.006530305784462941,0.0072610871822401495,0.007756300806908395,0.0066402770374686315,0.008375129646071329,0.006146445765071687,0.007333876599591888,0.008354297229920597,0.0022859875844331995,0.00566721395326131
2023-07-12,0.007457790306818952,0.005944198571801865,-0.002795929024369894,-0.0026199675011161026,0.016472344336214684,0.0016317423572477265,-0.007149511653159616,0.009497720441224924,0.0076359542397992355,0.004064807248913349,0.006182334006597112,0.004638844855640074,0.005521096514942665,0.018108736107891085,0.00413132767739695,0.0012074933563230362
2023-07-13,0.0041164803519109896,0.003565556657040535,-3.0133181219549245e-05,-0.0035261326535229653,0.010290445093221016,0.0012979623901901763,-0.010414862513549086,0.0069135363597978595,0.006545545860299829,0.003779817164788896,0.006103297545536684,0.0038516203467053416,0.005411301085199326,0.013854917640695638,0.003300750831842569,0.0030115906256739967
2023-07-14,-0.0030732150512164974,-0.0013741373804257296,-0.00010899315085820455,0.000820154264535824,-0.0057049471873718265,-0.0007091628530088884,0.00036459972912795697,-0.00358838781006662,-0.0040866876107733124,-0.0029778921653693456,-0.0041090744079233295,-0.002542346127254415,-0.003980990294950424,-0.006125156361848013,-0.001630421389266494,-0.0030837357042716638
2023-07-17,-0.0005297513885445823,-0.00040562548414386254,-0.004024214849820427,-0.00015393331016129956,0.0011432797667296,3.396219553977275e-05,-0.0006009340521491817,0.003402146707463107,0.0019661602133706022,0.0002952338051892332,0.0006934832038902126,0.0005799063950321831,0.00042180692744976005,0.006334844515701112,0.0006721547128594408,0.0005076244615429634
2023-07-18,0.004937977229694669,0.004745524991745002,0.0073118947632134345,-0.0009149862809642766,0.005549078116348001,0.0011795760060368287,0.012167938954862699,0.006594581978037096,0.005430516526050595,0.0033900356928577057,0.005726620560895001,0.0029798109555723377,0.00441074564391816,0.009179247393691237,0.0014007534826431533,0.004376858284654441
2023-07-19,0.0017938113131092549,0.0028621509224984994,0.0015681110655699328,0.000773820516737822,0.0036646557015672697,0.0006817010215604154,0.0114636547538451,0.0016218052251758288,0.0019565929796593654,0.003531798901316499,0.0016083228409857556,0.0027587274659821295,0.002340465772926338,0.0009570967166179275,0.0007834421019923361,0.004317915214405469
2023-07-20,-0.0032333967988880195,-0.002370274382840763,0.0073331816168869,0.0005215156030469719,-0.008686782046604745,-0.001000000004835964,-0.002191742921727911,-0.008561076998149633,-0.006302927045761073,-0.0036822968339611864,-0.004100338200318354,-0.004108091023714148,-0.0037139383665188933,-0.013817282461725559,-0.0025322027357667616,-0.0021114486016032084
2023-07-21,-9.154481736539511e-05,-0.0003862604782558319,0.0021989472381294273,8.584432608226666e-05,-0.0008553684495285151,0.0001051940561808343,0.00108450795692092,-0.0011396563125375303,0.00020667511647239726,0.001140298669056784,0.0010363125499482644,0.0006670483701828191,0.0011741146901072743,-0.002940692861846745,-7.574895589434609e-05,0.002030827718059975
2023-07-24,0.0017641014001145447,0.004421592331928723,0.010817736552956134,-0.003545839989237938,0.0012978053364566641,0.0010267601192648188,0.0011877102032827524,0.001834100407638162,0.002537627789985155,0.0026228082645570632,0.0039182650094328215,0.001923335376947957,0.003206193523498563,0.0034755861371142355,0.0009029319789063216,0.003985605024614268
2023-07-25,0.0010827605671441753,0.001715854401469598,0.002709886947953267,-0.0011459733694866904,0.0014435822928002707,0.00012392442112436474,-0.001465387841465212,0.0018949355020407488,0.000587895529893444,-0.001045382023032658,0.0004347902030016797,-0.0007078756995748297,-0.00028436074337585197,0.004712181056828007,0.00031446569349038935,-0.001152622497764144
2023-07-26,0.0017964944537628004,-0.0005127021355457323,-0.0052214911327253515,0.0009881891959203641,0.0027447997229743245,0.0003215130725982698,0.0034507345968251978,0.0021216765269179787,0.0022455024119821944,0.0020887016432458165,0.0017348023872644249,0.002055796634333751,0.0019373279114606055,0.0015854046738698413,0.0005756223687130445,0.0006729157215542384
2023-07-27,-0.00937269778003965,-0.006445159882988563,0.005465534578694204,-0.0010097472050187536,-0.01619644752077369,-0.002173156891272189,-0.016442097125067518,-0.009720197557164814,-0.00889381496001004,-0.008566758121849571,-0.0073918539025870245,-0.008266148651057445,-0.007690945850384227,-0.011431257005691742,-0.003465623494782315,-0.004993846382109517
2023-07-28,0.004865775145552238,0.0055110179689290325,0.0009857484451621659,-0.00338335019932185,0.009927588601491044,0.0016677313813911257,0.0030581736386034557,0.011687847160613187,0.009075723413403456,0.004913712335557735,0.00758204817502399,0.0049014414970526485,0.006199623484223756,0.020393058704195166,0.0033346703881842357,0.004898052385760667
2023-07-31,0.002209081923324332,0.0017012036816744828,0.001522837122592336,-2.4996371550989414e-05,0.0018852478483061042,0.0007161326371861352,0.009742716951583706,0.0026982013405629566,0.0030579954634346244,0.003351832027682981,0.0032103767076017316,0.0027051454535357766,0.0031645483853840577,0.0021630258840070124,0.0005580767256174854,0.003569140009137755
2023-08-01,-0.005618446537318047,-0.005217968029230735,0.0009759578117519733,0.0003488040104664835,-0.012714207084147491,-0.0012317961034690448,-0.0015372428082538123,-0.006739016714462659,-0.0051773717855499125,-0.0034813617552118337,-0.003992023392244861,-0.0038435990192241965,-0.0036868182334793415,-0.011264746891885995,-0.0029060397464180316,-0.002092247403896957
2023-08-02,-0.007252774463354799,-0.008593856300888254,-0.004579204368244618,0.006051494490429487,-0.013692580262113842,-0.0028546686513051694,-0.0009169107394748112,-0.01637198736311681,-0.013632934191841518,-0.008292354408944222,-0.012735208005698502,-0.008448205647962035,-0.01011669373008818,-0.02655236444516299,-0.0049835471438250435,-0.007758280021791084
2023-08-03,-0.0016824411513168029,-0.002194811500824962,0.008290062567081934,-0.0025296978354427966,-0.007849662219274656,-0.0007833031559359706,-0.011142099383910078,-0.004941609532919128,-0.003755642191763936,-0.0046773730305134376,-0.0014112020028072523,-0.004681680546569332,-0.002401070286010641,-0.0051833809002793585,-0.0018888485153626684,-0.004101293277644929
2023-08-04,0.0008294431850177095,0.0001914363358710442,-0.003564708125276984,0.0027888048518324945,0.008063504889120754,-0.0006099702270493945,-0.010062047218538463,-0.003312863831735084,-0.00314892516982077,-0.0023334601061301297,-0.003965309813949591,-0.001766057586708212,-0.002623926382485776,-0.002288086292860263,0.000981400044290553,-0.002476751313030548
2023-08-07,0.0015012521426309238,0.0004888126601630523,-0.0007612003435715001,-0.0024819502720669034,7.305826818526781e-05,0.0011187049579009245,0.004503788968604428,0.006324950215821864,0.006472318437482075,0.0048829238674281674,0.006582848306836554,0.0043764457359235,0.005566830524506511,0.007779272402391077,0.0011569724902522592,0.004678121548509626
2023-08-08,-0.003559562084965613,-0.003220912541619298,-0.0018926221415099809,0.0033072870129786905,-0.0028753344930448014,-0.0011472671289520352,-0.001773288115289962,-0.0063736312072650405,-0.005075107757958782,-0.0025811846006922345,-0.00506924742654366,-0.002738692709121839,-0.003662999912593937,-0.009973489559881579,-0.0011960948363008046,-0.0006514019171394317
2023-08-09,-0.001377036448746405,-0.000871727821886167,0.0030010451203368862,0.0010289743435008413,-0.0009597899189754373,-0.000634589581241043,-0.008004170448611066,-0.006756691725241791,-0.004882199748373521,-0.0024700536374087597,-0.0036402217786897263,-0.002399720388414083,-0.0028294662443427423,-0.010117425611843589,-0.0007930671222552342,-0.002110945561652127
2023-08-10,-0.0018316200792399715,-0.002850941690062091,0.00011260130194866132,-0.0014149715185804122,-0.006668337443346478,-0.000247644916377044,-0.0026058786679904787,0.0004193916314008053,0.0004304580742636152,-0.00105488227689383,0.0011350429060027756,-0.0009243676425157053,2.9492632568788923e-05,-1.9122475447966043e-05,-0.001023066655752956,-0.001052306844997344
2023-08-11,-0.0007820703550857496,-0.0012529730305151287,0.0018486251483529094,0.0017077563127347747,-0.004415880792108937,-0.0003296041612276695,0.007896842587113288,-0.003284764285762217,-0.002249589217609457,-0.00041347487368297996,-0.001377832794550476,-0.0007939129008801807,-0.0010803532762517067,-0.007936995683538436,-0.001489523939745354,-1.331917667816377e-05
2023-08-14,-0.001999024597182338,-0.0008110985145336093,-0.0013561703475848833,0.00011138017658281636,-0.0021379712881625973,-0.0001407612998829066,0.002359834534133929,0.0022194045817366444,0.0009559431970338551,-0.00013677270907827934,0.00010531021918776441,1.219069657485295e-06,-0.0003189061156969744,0.0035513173635223425,-2.0187008272667506e-05,0.001295756998247878
2023-08-15,-0.00603395583040749,-0.006769461338043433,-0.004474163612582852,0.004202339413218627,-0.009689552110937097,-0.002453156672124398,-0.007890965134488842,-0.012549037935525064,-0.011319699650952303,-0.008320684662206061,-0.010996628503542341,-0.007830553900656215,-0.00927374062565944,-0.018411473510839053,-0.00365021099034203,-0.008332459325531194
2023-08-16,-0.005283270531061301,-0.004822338344139111,0.0006055428622696246,0.0020711827863426646,-0.00844371707140442,-0.0017977086019660149,-0.009173718292227613,-0.009604122663971695,-0.008393703793519091,-0.0064604272255745976,-0.007496454942163111,-0.006146714031754182,-0.006687252256524653,-0.013595574644181768,-0.0026658028774696964,-0.005224422863061828
2023-08-17,-0.003019241208835088,-0.002298000687232217,0.0021682543460690906,0.0011081750082245455,-0.00416154883823571,-0.0015297218597573657,-0.01150467028674271,-0.009562666326012593,-0.008483841636138995,-0.0065316851134005595,-0.007696116477801958,-0.00626385497038254,-0.006510069305533824,-0.011297435339784119,-0.002017312709697316,-0.006384092218494669
2023-08-18,0.00144833614009246,0.0014342136803458265,0.0025312538118929953,0.000481112328554798,0.0023621003108980475,0.00030169167608490777,0.004023577481958674,-0.0002542023157524702,0.0005170824584976833,0.0014854658248451263,0.0009124624849020964,0.0010334953973771474,0.0012626838123733488,-0.001132389582966082,0.0003671553582192263,0.0020192437336549406
2023-08-21,-3.828712981147095e-05,0.00019698189545434798,0.0016005441597864122,-0.0022702365264317464,-0.001636677635337219,0.00018015039840444988,-0.003414335362746729,0.004121284135206535,0.002320441680642463,-0.0008749667084448839,0.00221703566013511,-0.00029400298419458935,0.0005289465711910025,0.007563442956905067,0.00022244055116954093,-0.0008934378693743933
2023-08-22,0.00041147585352662136,0.001259135771518525,0.0007543439735001832,0.0020356750112477547,0.0015123317954231672,-4.910482293409219e-05,0.00776339935523091,-0.001584862988064028,-0.001464702985005555,0.00036726504131580416,-0.0017160722666975914,0.00011734415701244029,-0.0008916430732249663,-0.003647954696988438,-0.0002176094235903748,0.000842116934635248
2023-08-23,0.007803127440232565,0.0073564584448742205,-0.006052694752732739,-0.0005683917692509838,0.0175082486211877,0.00236166544969854,0.013283013820292946,0.013701365119561285,0.011281145678311249,0.009146772860279978,0.008476220105454997,0.008948533836738538,0.008417030991521565,0.02035153438069792,0.00464780051165093,0.007385259101405008
2023-08-24,-0.0037929977834763864,-0.002638524953602516,0.0049133746971477205,0.003927269483908986,-0.008951611961243526,-0.001772819960161181,0.0056306378168037696,-0.01286662126182877,-0.010869992433716665,-0.005969439574502147,-0.00948193289849594,-0.006475568601975509,-0.007574510801816058,-0.02058871629497714,-0.003790643541984782,-0.004691065955283315
2023-08-25,0.0023171385239578314,0.0025730906069571856,0.005064157074707247,-0.0025321669163615693,0.003115746663379499,0.0011493323044357317,0.0010822728790896843,0.005762773768186163,0.0057234692232977094,0.003859328533094209,0.006373222267949605,0.0035698220409279974,0.004990807825975253,0.008152800195420013,0.0016850753353395771,0.0049786886117502566
2023-08-28,0.0033246063352288108,0.0020168787891238554,-0.004185479106727755,-0.0017809647196046952,0.005421595163010093,0.001365354628960823,0.004702875946396994,0.008441830065654762,0.0075358357990646775,0.00545091794633612,0.006581374327126618,0.005344017912701531,0.005789096649120527,0.011613874590536177,0.002151941479633139,0.004048280720550825
2023-08-29,0.00734999429720436,0.005981969898414398,-0.004433505917100199,-0.0027583858999516314,0.01360812525608553,0.0023372393128212343,0.008824449301146179,0.014754007198042375,0.012309302181151905,0.008358140199021775,0.010222993212942634,0.008208613742927794,0.009111781077546172,0.022731160946723533,0.004213334450440356,0.006407267818203269
2023-08-30,0.0013413031416481128,0.0007684459011470463,-0.00020026120219091513,-0.00023092940100858105,0.0007446485479787491,0.0003480389706106711,0.003980747981826539,0.0016742643439127108,0.0014769266835993153,0.0012229708914129568,0.00145576775308543,0.001144311437370755,0.0012361855921714491,0.0016125219357820187,0.00017323043898730505,0.0004920418167109554
2023-08-31,-0.0018864798622613083,-0.0002891225239732522,0.0029380730140297568,0.0013223507466858147,-0.0015097702592491132,-0.0007047642483998507,0.0014507097707136003,-0.0033523698888361067,-0.0032688859245894727,-0.0022780107778313744,-0.0033881319116382874,-0.0026280928364198213,-0.0026133634765081607,-0.0033103516892708865,-0.0007422739894243921,6.379088362632108e-05
2023-09-01,0.0017424777097237642,0.0019277340255687359,0.010934662676678659,-0.0038951020716881256,-0.004290179321537968,0.0009887663853801298,0.007829089417921426,0.003523322302835296,0.00443030393112085,0.0031380513140181325,0.006465843934086938,0.0020167365958072636,0.00484764066899195,0.004141324002720646,-0.00012674858881166776,0.0047121067885920916
2023-09-05,-0.005610686193149257,-0.002508892347953677,0.00752156841260766,-4.71627007209356e-05,-0.009023550203524371,-0.0016297038242053564,-0.01134144469421396,-0.00934136558701515,-0.008612527133335234,-0.007205093201257695,-0.007248554161238238,-0.0069686828404633,-0.006975513308447949,-0.011102125864054744,-0.002533406537700048,-0.004652462482294862
2023-09-06,-0.00230975408043125,-0.0017995412804533196,0.0018109540072565526,0.0016270810512787367,-0.0031220987664563583,-0.0009148946560440513,-0.006650713737702352,-0.007645380768197751,-0.006037716182384603,-0.00342960708992352,-0.004936060465525818,-0.0032133812958524293,-0.004088783574833765,-0.01198640024425731,-0.0014383384469282517,-0.0032884618272984974
2023-09-07,-0.00022019582913190036,-0.00206975885842672,-0.0031181329616461113,0.0031462440994155746,-0.0006756762970091864,-0.0004286148133412253,0.007243976096004224,-0.0032709379380978687,-0.0017498783633945459,0.0005111035784083041,-0.0017096517308763486,-0.0001296669485803504,-0.00038847462709724976,-0.007156787183411108,-0.0007746212986882771,0.0009096158893607854
2023-09-08,8.038848246503215e-05,0.001615900220827874,0.0017899408659059067,-6.202324805906081e-05,0.002159741623870699,2.1516183913558128e-05,-0.0011334881003237257,0.00032930970689254717,-0.00041656284684854234,-0.0005917104474188065,-0.0007767049523166813,-0.00038623648206268164,-0.0007759250653903217,0.0018085088805179395,0.00043430225426586223,2.0102980709843336e-06
2023-09-11,0.0024985490484346696,0.0017749763019362884,0.0015747509524193714,-0.0038613931581407256,0.003433695899046218,0.0009074413453343028,-0.009028103645550197,0.005677375768085436,0.004910745954631201,0.0016413280536651852,0.0052116131210850295,0.002064508040785007,0.00358329762098429,0.010428330987030672,0.0016759177046425792,0.0004379623801160316
2023-09-12,-0.0019000039098769068,-0.0007807150130377037,0.001944556561168387,0.0012059621444800864,-0.0016205049074578582,-0.0006375184814276414,-0.004351963895323033,-0.006083040848755916,-0.004645745496400601,-0.0021176310455502394,-0.003941422299167473,-0.0021950630145655937,-0.0029184011013550183,-0.009057465009940471,-0.0008846208193240581,-0.001483782883960301
2023-09-13,-0.0016588778939976862,-0.001399960736421416,0.001167705841799388,-6.877185613195572e-06,-0.00047756428635296465,-0.0005821896286299412,-0.008643943345220912,-0.0015612463237584346,-0.0015415787277902413,-0.0023967158685457733,-0.001430427383975023,-0.0021919597279897902,-0.0015323455614410916,0.00010827622346083103,-1.1620519867362917e-05,-0.0007951810786226714
2023-09-14,0.004463023995239683,0.0047532285643067124,0.004919632647584619,-0.004240099578782389,0.0022124769933889233,0.002325440472034107,0.01759519379276907,0.011172053953887727,0.010946128277953701,0.009154383335812517,0.011247396049311806,0.007844331365251984,0.009699364113578824,0.013815795430210095,0.002034057609067526,0.00948635654666199
2023-09-15,-0.0010135801990098822,-0.002219500758071123,0.0005558478678988519,0.003830998493495658,-0.0038720701694509177,-0.0014235009850574304,-0.0001580048704545433,-0.010145084899589743,-0.008927812483530067,-0.005685796961736537,-0.007891043857773953,-0.005317005872618793,-0.0066103009304461615,-0.016605915465767337,-0.0027489477887411165,-0.007150105759136742
2023-09-18,0.0005797214390796493,0.0008994799690100941,-0.00021243377739770387,0.0017991734914021063,0.00314955950600855,-0.00042123286708771576,-0.0008802576373147656,-0.0011911927605007717,-0.002299725525631312,-0.0024126352563385183,-0.00291055484481186,-0.0018404059330981203,-0.0026589239887700586,-0.0005835983767993247,-8.624386161180551e-07,-0.002521555444887978
2023-09-19,-0.0017032910288613942,-0.0015189434493552006,0.0019397536625552795,0.0003564286116435657,-0.0040221497623728975,-0.0006513069975621173,-0.0038291323547778302,-0.003993789664300503,-0.003542122508444064,-0.002908339283945095,-0.002774714831436071,-0.002676597520408886,-0.002787909680741068,-0.005958666706308804,-0.001277368730149026,-0.0028212245082822472
2023-09-20,-0.0021211599712999997,-0.0031089294948180995,-0.004725040351166704,0.003983061095258315,-0.003355131866905163,-0.0010302509419387574,0.0026206335477697677,-0.006588104403982871,-0.005597628155506272,-0.0025875827192349474,-0.005597957893621622,-0.002369061337444961,-0.004244483015069559,-0.012606071766649941,-0.0018263112214392415,-0.0034512840207203623
2023-09-21,-0.010314270904865436,-0.010309641592079295,0.004196169133910929,0.00252831171131963,-0.01808138819931234,-0.003992472616458062,-0.02737682446140027,-0.02040692630237724,-0.018054277333188953,-0.015871623826156693,-0.015551907534221256,-0.015029232445749385,-0.01451872474825364,-0.02591095805865509,-0.005724410350580656,-0.013601619294271306
2023-09-22,0.0004191188153042072,0.0018783291090333704,-0.0006529545896759024,0.0006474746472291273,0.004863687882026001,-9.988822230654412e-05,-0.0009814934955489326,0.0010372096955803929,-0.0003076858240655232,-0.0008069539707917957,-0.0015988043911008315,-0.0006116358048178442,-0.0010928595764383674,0.004459640428479842,0.0009025493492939003,-4.0061563612857104e-05
2023-09-25,-0.002903121038577748,-0.00397663462530691,0.0006277018841514426,-0.0022733232656769694,-0.01096049839972553,-0.00012318732264575538,0.002395057085486958,0.0011806076572794652,0.0017508803471898652,0.00036350760396014535,0.0027509017767904887,-0.00013919339701959807,0.001517271530024641,8.312537867013968e-05,-0.001542547769513357,0.0011368577656111715
2023-09-26,-0.0075503505976157285,-0.006457046350834359,0.0012281550980223197,0.0038343324232497575,-0.010174510877967207,-0.0028500566268550133,-0.015185514670468764,-0.016255625974866014,-0.01410242093010982,-0.010251865603014549,-0.012905860770592515,-0.009875334162441438,-0.010933895740988854,-0.022072413706792623,-0.0038082530466576605,-0.008263192140726095
2023-09-27,-0.003489055655749842,-0.000975462291202726,0.005713708949566536,-0.003292636050605695,-0.00532223918216333,-0.0001188970289941011,-0.010081230159961926,-0.0008321955802222266,-8.177842652292008e-05,-0.0007673531676108852,0.0009243795418754856,-0.0010371968819613067,0.0002226997175338233,0.001017886198348813,-0.00013874559290937737,0.0017751839815359515
2023-09-28,0.001289897845068937,-0.000522411684144547,-0.006150070511961638,-0.002385261213520672,0.004298233592911449,0.0008616682747088877,-0.008846620843614908,0.005110161983068794,0.0056014935321934915,0.003909663873147848,0.005091597755048963,0.003919612526400079,0.004762231029457188,0.008366828541161091,0.0021135238098599616,0.002564532435283949
2023-09-29,-0.004742421536475306,-0.004507030532740879,-0.00850593913033821,0.0007719045414876874,-0.0049868101944073265,-0.0008658514265681024,-0.008287160289266324,-0.003434457351471166,-0.00293910018960478,-0.001792783525312358,-0.0037727015380251074,-0.0014603455708754362,-0.0028203740287763685,-0.004941107692892452,-0.0008760636963953813,-0.002271805555200601
2023-10-02,-0.008072574592196333,-0.004805500659929939,0.0012811648122213067,-0.00047809157081336076,-0.012877200339562508,-0.0017027260531639696,-0.007445517382735975,-0.004692520501155915,-0.005782208955429526,-0.00649242081113187,-0.006019222797028781,-0.00614678103762246,-0.0063112834579865836,-0.003972853634717283,-0.002572054234202777,-0.0033358521251793823
2023-10-03,-0.007351073838730731,-0.006911090607594442,0.003070157532041506,0.0029819510897011172,-0.014738178766656167,-0.0030929442970347625,-0.014296097306661867,-0.017509357962911653,-0.015866556189837004,-0.012576855857272435,-0.013972197637383253,-0.011855150651143238,-0.01271716900187043,-0.024407189731974633,-0.005247900698306071,-0.012339797863442397
2023-10-04,-0.0004520102433813568,-0.003256596415271693,-0.023860783521917485,0.0032667101103587785,0.005101236790280769,0.0003662413044600639,0.008850154827827684,0.008390348577227369,0.006111123242208035,0.005024641972702668,0.0016437599632122425,0.005448277996867048,0.00280119136783012,0.010281479514117224,0.001825100289246635,0.0024112369832188967
2023-10-05,-8.706936881367315e-05,-0.0023316556415625455,-0.0069167276316410165,-0.0005725639721944709,-5.18208285754467e-05,7.434148231233505e-05,-0.006575221129885461,0.0008346642456126147,0.0013708603881435342,0.0008707401713509894,0.001119314796267725,0.0011410463357788613,0.0011550201916898425,0.0007949354368266659,0.00032962218788247586,-0.0012293266736401708
2023-10-06,0.004837015404764872,0.004289886601333726,0.0030497380843547287,-0.005196919183704696,0.004238362041425096,0.0020316395962858298,0.004248564488741829,0.012887171540676149,0.010759362651266167,0.005814009854598545,0.010676394994749908,0.005917453624391875,0.007838839377874881,0.019033902799367602,0.0025108947652018464,0.004657840749828551
2023-10-09,0.01052036144944596,0.009645015742059058,0.007356169947902657,0.0017691076493796623,0.016729250535748495,0.0019219621150490542,0.026148669240027827,0.006839952072842507,0.006451520505636296,0.007135969563658905,0.0059781508876572825,0.005715433920948676,0.006717776950023019,0.009148870002389342,0.0028338279957933667,0.007455591608609773
2023-10-10,0.001863635637148485,0.0022397309033049184,-0.002825162551851722,-0.003462724755933722,0.0044870204528596035,0.0012280408640560037,-0.005074428619372685,0.007616058867899657,0.006296220761483988,0.00368745782391978,0.005485249801560693,0.004146718846216537,0.004279034297734712,0.012209294759469084,0.002222031623188112,0.00207184809711609
2023-10-11,0.004324405752189628,0.0054169849922537676,-0.006871841727496413,0.002009078312707278,0.01056133490402017,0.001258539616782562,0.01758517193676583,0.006488089236606604,0.004297679738700411,0.00528554257092748,0.0015887334605260755,0.0053107638785594696,0.002611852356451449,0.007703294692712798,0.0020694696089323854,0.003041323791548834
2023-10-12,-0.00563961133676463,-0.00425639710567645,0.0077328492277010785,0.0009298235713188732,-0.013778958935152318,-0.00178328543085476,-0.0013637948595381947,-0.009018369702380765,-0.008232335401663574,-0.007064152805943289,-0.006433862787875003,-0.007174241628851314,-0.006601914906088286,-0.013206449496944245,-0.0037860606452864414,-0.004320696254914533
2023-10-13,0.010451569980548204,0.011512816959487058,0.017671266718747587,0.00452424907712442,0.013487932003725736,0.00054422323542974,0.028326041345362183,-0.0036867720927891766,-0.004322626043366481,-0.0008756327414636811,-0.0033060354864068485,-0.0016985508678974883,-0.0019705627137443444,-0.006012465984709597,-0.0002022717430763113,-0.0010000482828874755
2023-10-16,0.0015695477171141017,0.00013906799155381268,-0.0025757758027246244,-0.005221705661404195,-0.0010239003046650676,0.001528987597826886,-0.0029130465588056258,0.008976881893089447,0.008719900561786408,0.005466660632317526,0.008966656377182376,0.005451346847183565,0.006942399209699145,0.012108720491870546,0.001592409140542201,0.003444678211130991
2023-10-17,0.0006690700057678353,0.0011541699074385293,0.0062941624820135504,-0.0014265240043361397,-0.003727470754995563,0.0002528875807393552,0.003260053637535126,-0.0005911498460941906,-0.0004104225540274597,-0.00033520300523253105,0.0009986201137769195,-0.00033153010971374635,3.0147267418165233e-05,-0.0025766419903606322,-0.0009299554300835479,-0.0008869856247067744
2023-10-18,-0.001340786629054952,-0.000552341665321553,0.012436383118685466,0.0048377248913631455,-0.006797596753305802,-0.0023260706613246205,0.005668446221530894,-0.014893719606554607,-0.01412766019360747,-0.0105254859382574,-0.012106609940283383,-0.010595943132903674,-0.010761542212465332,-0.021068032310847102,-0.004497897752724181,-0.008909227678028712
2023-10-19,-0.0007960162063228981,-0.0016477290418853308,0.010392954450222843,0.0012843752109901335,-0.005206722294811115,-0.0020135981250383704,-0.011480155949364105,-0.011892884734593191,-0.011067172202947501,-0.010449838684699944,-0.008761750998643876,-0.010005129979339234,-0.008521212359098876,-0.013601141279675207,-0.003210171028097926,-0.01013460682760557
2023-10-20,-0.0029185624000290823,-0.0048196245657795705,-0.005938848472802797,0.006111974422852829,-0.002506635124948019,-0.0019368962767084591,-0.001431162638568142,-0.0109310112171416,-0.009269110970730639,-0.005421142028163847,-0.009422487136080463,-0.005318440619271182,-0.006934922200652477,-0.017064927565876728,-0.0023529638431059883,-0.005427640995753348
2023-10-23,-0.002190380858537603,-0.003738211056193498,-0.009116998755108114,0.0022573184925047496,0.002610963927744136,-0.0008843376961985316,-0.01577937643898717,-0.0024278022674806402,-0.0024240983369600688,-0.0027176149949238284,-0.0033701195785018614,-0.0016016470385403583,-0.002804168721141614,-0.002424530874922397,0.00047153801212677384,-0.003402414705831652
2023-10-24,0.0021991375293357127,0.0026927582234035855,-0.008468261436216304,-0.0006495573784204437,0.005704491843021303,0.0018239477305825398,0.018102822485797424,0.012991227550350908,0.010783992793328903,0.008975989176119144,0.008051220372530248,0.008491453549730592,0.00758039830009027,0.016515510415456427,0.002793978790944936,0.008937338635792436
2023-10-25,-0.0033447246002570007,-0.003500851594914564,0.01195169016286123,0.0023908058954217487,-0.01066819528697741,-0.0022103908335768577,-0.007946270118034853,-0.01511301461048146,-0.012775654407533957,-0.009936209566752605,-0.009412033933236448,-0.009737256964070655,-0.0090641487706749,-0.02228361521744574,-0.004338036072062953,-0.008538812012269258
2023-10-26,0.00018929996628877619,-0.0021355457040928977,-0.008805846156532111,0.005846011861546256,0.0009673972040741847,-0.0005067600603971432,0.014792946185878729,-0.0065727574107109065,-0.003912556780532244,0.0018706528538607464,-0.004530439558687026,0.0008229378328049575,-0.0012411538976482535,-0.014408934868379193,-0.001179143673600366,0.0005666232513685922
2023-10-27,0.0016684670237091953,0.002747517366488543,0.009571304816725752,0.0006723043045439311,0.0024869346508048285,-0.0008073480016988931,-0.004639150072403907,-0.005273076440868817,-0.005872623810887129,-0.005851489353942342,-0.004996056989275943,-0.005493486446488514,-0.0048474366779676864,-0.0037810716276607294,-0.0008728766242860212,-0.005257487180762943
2023-10-30,-0.00023456391652599206,-0.0011152391165669493,-0.012206474157623742,-0.004011224325569903,0.0017837730781115361,0.0012963405466578416,-0.007089674175392941,0.012116242642623929,0.009754957135747625,0.005140432952188554,0.007626570829993658,0.006012628482880099,0.005797439247373825,0.01809096449738846,0.002598032439470269,0.0027667990990829414
2023-10-31,0.0005844914667415838,-0.0003436556267372842,-0.002561306628946698,-0.0011235040070983492,-0.002578493206414326,0.0012882710531696103,0.016005630867359615,0.006750094447191318,0.007490725832391212,0.007427163413453253,0.007401845703876942,0.006269955406357647,0.006861868281687265,0.00514907700782107,0.0007081893472928022,0.008019502186034932
2023-11-01,0.0031058935795711005,0.0033545208297530984,-0.006789992038220458,-0.0018654267151951916,0.012694326384056657,0.0017431927988576948,4.759727479421855e-05,0.012602774636008115,0.011003293753750917,0.007831048867917724,0.008450568272592036,0.007601234516621236,0.00808368528286321,0.020809527193601775,0.0046238847826598,0.008862320846794716
2023-11-02,0.011127049147539083,0.00890302160133447,-0.002458737504906462,-0.005297524372263662,0.01836917355162912,0.00445232421390382,0.014495207727575066,0.022046581458920446,0.02128385027553384,0.017314115100345254,0.0203325842489598,0.016510381860420132,0.018082474976439052,0.028547691639634373,0.006703394726056154,0.014916452057852254
2023-11-03,0.006207699991222892,0.0019592894298439455,-0.011657008861710094,-0.0034014557759471167,0.010558607215479838,0.0023165459048490214,0.0015713073806016436,0.013424314950912052,0.013058695731282656,0.009835423921092656,0.011460201250229273,0.009552145952228489,0.01073049426505528,0.018941504872237537,0.003987691805463117,0.005844060772123996
2023-11-06,-0.003565415083598021,-0.00036366891714098137,0.005755357207455296,-0.0025447455085887173,-0.003739268938389388,-0.0006090587186944384,-0.016470591919552382,-0.00243031207652748,-0.00308493695369303,-0.004380006960317856,-0.002408745872092588,-0.003576420218531981,-0.0033847179919369794,8.267562225059127e-05,-0.0003785280227690764,-0.0028323695006108834
2023-11-07,-0.004281842167462069,-0.002521270504571683,-0.014690986566151257,0.003064603904869192,0.0013014378516560147,-0.0006996951777982123,0.0021990917140877354,0.0031754181198086896,0.0001450666343877045,-0.0005648266093201757,-0.0038901014497598483,0.00010827752307742658,-0.002712932337790136,0.006436675129234812,0.0006440963705685125,0.00027582650152666727
2023-11-08,-0.003733312828328348,-0.003144241346602009,-0.010275463062294956,0.002549303774729947,0.0005343500632669616,-0.0006640565146283715,-0.007341624783807368,-0.0024518514595498276,-0.0023235565708711,-0.0007014997881741268,-0.003854202338456343,-8.4423799072591e-05,-0.0025387945954826593,-0.004113732115889901,0.00021900350185743262,-0.0008983898715905756
2023-11-09,-0.0034260196994967055,-0.003258674703191542,0.005296404363677293,0.0015137237806336283,-0.0105940785345173,-0.0015476116353625787,-0.0004214344865795319,-0.007932358514142231,-0.007762877729886946,-0.0068693071096144346,-0.006262558384935136,-0.006492043237909685,-0.006554903925886818,-0.012412468644684996,-0.003467646079703244,-0.0062856048570828
2023-11-10,0.0015013689458853597,0.0020080253369913217,-0.0016325109535580687,-0.005053406336164036,0.004850426195435394,0.0019493175044912215,-0.0034991533310836914,0.012389167130772927,0.011720080358214601,0.007895285297557926,0.011017621285483913,0.00758498497243675,0.00919461476045827,0.01893044321482943,0.0036091674033901966,0.008922597677706366
2023-11-13,0.00238404314982629,0.002542783957058883,0.008911346238217484,-0.0010489482390709367,0.0023164025577379946,6.633785564200113e-05,-0.0038471376546599483,-0.0017547304296013236,-0.0013251468664947255,-0.0016861012212386526,0.00012695582887833302,-0.0017031247307292322,-0.00037979886911729775,-0.0008760652825170833,3.7984445433806004e-05,-0.0012935864190626591
2023-11-14,0.013654697234766519,0.008088713756102931,-0.017132986039802567,-0.005275746809886762,0.023348653987145127,0.004813564254732681,0.01460020910618551,0.025178453503691297,0.023898140465324173,0.019648926050785075,0.020715522413473627,0.018890976823029752,0.01982587900317878,0.034283062045803246,0.007673403609294778,0.01240075168672012
2023-11-15,-0.0012916043679445884,-0.00015261831927812497,0.0002759992131641586,-0.0016081974459290684,-0.004593933787544462,0.00034586578404985206,0.0046527227090311565,0.0027794120881542866,0.0019957138830449805,0.001239174736306369,0.0019258004768400133,0.0012380171576281897,0.0010345277344305636,0.0026872950762744986,-0.00037291991848963,0.0012242064339141922
2023-11-16,-0.0006135800042608772,-0.002139289409895765,-0.016179004325263497,0.0063283415631866236,0.0033596904946186536,-0.0008312658298167313,0.013859452022767203,0.0011597288354972465,-0.0015893190878786688,-0.0009736703078206185,-0.00536171409504434,-0.0003632953001174073,-0.0035780378573371644,0.00046249115138405957,-0.0003384922911443556,-0.0025118703411504176
2023-11-17,0.003298001916685068,0.002732978557919731,0.006052570300056277,-0.002369505619945072,0.005902160170260694,0.0008339073458428645,-0.011130026615679528,0.001209511637584539,0.0023055032812657568,0.0014409577089726895,0.003914392944438167,0.0017327393632626637,0.0029086949622065214,0.0023253442018036003,0.0016586367601458601,0.0008142937892835101
2023-11-20,0.0033134430563684764,0.004744296753448771,0.004595207104186759,-0.0037285442423914805,0.007242484554555585,0.0013709941722360023,-0.004798117731803104,0.005956709588800749,0.0054826197335673356,0.003665053220989137,0.005584267439232705,0.003620029972752765,0.004629789819039992,0.01098358459623772,0.0025592107462493238,0.003615875943836097
2023-11-21,0.001645699508348734,0.00036747730942922406,0.00413299759485066,0.00276157058701809,-5.7887649424342926e-05,-0.0005478069749044213,0.007711167465661313,-0.003934324729044221,-0.0035591518974041744,-0.002366085996503003,-0.002767857615892278,-0.002546952303687816,-0.0023561967858585983,-0.006950898104759358,-0.0013091038998827805,-0.0021359761674543403
2023-11-22,-0.0010168466579665036,-0.0009180221032203399,-0.005511007553866282,5.024649579729118e-05,-0.00027207658948788066,0.0004486437138370085,0.005765017178567663,0.0045716211399533255,0.003994048173870951,0.003382847635697546,0.002785521677788074,0.0031426688499617303,0.0027041799001794667,0.005333575027561871,0.0007994529186294505,0.0040125379715858275
2023-11-24,0.0012543164859739968,-0.0011366521427546418,-0.0029531732357111215,-0.0005667406157252996,-0.0017463747270051533,0.00024794637350293293,0.00029256051687360715,0.001617088081801269,0.0014494842884123288,0.000462804228342143,0.0018378642377791723,0.0009093382647273432,0.0009611332610910835,0.00016317144356479507,-0.0003708956413595293,-0.002139145439844016
2023-11-27,0.001121912944800206,0.00022617909152802547,-0.007368243628748702,0.004129005387870728,0.0050682878978790214,-0.00033691653801515,0.007329215585929222,-0.0013527981450139246,-0.0019396422718259755,-0.00014407398354305298,-0.0036127436398918026,2.4334381304687682e-05,-0.0019630620414697614,-0.0029075032408139977,0.00010038201645226581,-0.00139756612513509
2023-11-28,0.005927456572694928,0.00430792186893517,0.004890297208474677,-6.925512815067906e-05,0.007589151243637763,0.0008179200116253248,0.007038294972093165,0.0020972470228453576,0.0022791064478190357,0.0020482289462832254,0.0028135836120334787,0.0015830635371255222,0.002807651018600246,0.003363718004554235,0.0010571357988727274,0.0010459991618627343
2023-11-29,0.002161639214763136,0.0008076963408778911,0.0008088038584824259,0.0010002310359560668,0.003748944485550878,0.0004428021114603033,0.005790549422284515,0.00062017790421951,0.002025133910255276,0.003014092196601522,0.0023530846505277763,0.002188702051132831,0.002968533751870994,-0.0003092890162999743,0.0007891290134559566,0.0038518771956344445
2023-11-30,-0.00243248134308762,-0.0016843223423192674,-0.006012654019826671,-0.0008936937694893019,-0.005809270194616991,0.00047479447505229823,0.012430971491749012,0.005933636986970716,0.004650807292521963,0.003662336999602346,0.0032148942331795775,0.003225304841479131,0.0027234606633889744,0.006422640203386839,-0.00014800713025335492,0.004153803570431058
2023-12-01,0.009070050584240132,0.00487349447146467,-0.008948085134024687,0.0012168592504364808,0.012913905282101987,0.002366972488345777,0.027943453270220485,0.013058203457967463,0.011956946248692117,0.010977421389820687,0.009786580883417445,0.009954142579312954,0.010039440896102519,0.014877763134348809,0.003129956187359891,0.007913100209889863
2023-12-04,-0.007030052470619932,-0.006320852444676275,-0.0024354028163894124,0.0003345806778415483,-0.011817616350306733,-0.0009537609935231801,-0.0070911589676708395,-0.007525525276035779,-0.004304401905110401,-0.0009555669594831788,-0.002975180243049519,-0.0014296570979127734,-0.0020783973231986853,-0.014120836618526398,-0.0020946193052886635,0.0005073330979432309
2023-12-05,-0.003452446421194309,-0.0013133886113539995,-0.0072764514812469405,0.0033615959587287346,0.002259205278666943,-0.0009767972272398688,-0.001781630184042148,-0.0021611743754506893,-0.0034379665081657224,-0.0023297638143663156,-0.00584745746819871,-0.001961776579003086,-0.004150900230414808,-0.0008388090079804651,0.0001657028799087589,-0.0007313236679256623
2023-12-06,-0.0024549333935502985,-0.0024617799920731193,-0.013709247088019044,0.004536165163080089,0.0005324743702963249,-0.0007793490416318227,0.006677254736211464,-0.00014776955610218499,-0.00220403065783619,-0.0012112725246709488,-0.005166941697618608,-0.00045130796360345405,-0.003774735259193718,-0.0015269786112337338,-0.00046496153301406914,-0.0024836849733476515
2023-12-07,0.0020275110340048485,0.0007054555497447186,-0.0011223198744001314,-0.002784251614530443,0.0024972907129797153,0.0007662814714708993,-0.005312212006218838,0.005386613392872187,0.0047577840230355285,0.0020138903885772714,0.004711480063139981,0.0022736105431784724,0.003481387330337,0.009023391903555247,0.0013632828625213408,0.0007697404834351728
2023-12-08,-0.002742514060545799,-0.0001847980158958015,0.00636536415816636,-0.0035161316176771226,-0.004768082679921242,0.0003132721511128111,-0.007991731756340431,0.00086396413294511,0.0014941809997952805,0.0006730917580295879,0.0027597170702754518,0.0005846471526584601,0.0014832672250301446,0.0016634272385587122,0.00019437973737580945,0.0028204539229169322
2023-12-11,-0.0027222149001796744,-0.0015584163546233422,-0.003584930156467726,-0.0025294262514439763,-0.0021081447370315367,0.00019360867939268903,-0.008262000739245545,0.003026955516594193,0.0026791719404700874,0.0012167001882120632,0.0020018665192016107,0.0013271031912824292,0.0015341492085205921,0.006075124119724625,0.0008056912404720493,0.0018224051608824107
2023-12-12,-0.0009676812359135525,-0.002347128808540996,-0.01132866873782623,0.001223649696348565,0.0017139310712643515,2.550518842824891e-05,-0.0012562689753056761,0.004342950261526024,0.002821892225746053,0.0012517643078536192,0.0008496763244635022,0.001984841832278983,0.0007094254788322681,0.005638627117915215,0.0009064367860271387,8.623511980669824e-05
2023-12-13,0.015334751521293034,0.00972445724923219,-0.0032796903959251026,-0.0020247910264123265,0.0223254263610677,0.004052487526378837,0.027715937801075924,0.01951012774069356,0.019168602177830712,0.016415234242631437,0.017867865743342797,0.014721997808654698,0.017261731717753366,0.025487695589033674,0.0059070119019185435,0.012978947954475087
2023-12-14,0.008721201260941936,0.0079319779011893,0.002756203698997788,-0.0022606903647863393,0.015898270378401313,0.002229011520750783,0.001993177767089275,0.005281636916883633,0.0065568103523365355,0.007478747738292932,0.006870950300208436,0.006863383868312942,0.007391864692644593,0.007766705012596366,0.0036485600951972224,0.004547294683357674
2023-12-15,-0.004900845997238185,-0.0013917460190713835,0.00471713066210713,0.0003959067229886863,-0.005628612131590461,-0.0010353368301249616,-0.00454876422782155,-0.004407605464131262,-0.004632648340641191,-0.003981618986154416,-0.004467669939107773,-0.003920131702499786,-0.004290832771787919,-0.004496028267026723,-0.0012297216089529554,-0.0005471542940965565
2023-12-18,0.0016977657643888469,0.0014337028820221205,0.005556828645609023,-0.001749954698956621,-0.0005177477947165769,0.0004081947843222675,0.0016981056230741646,0.002126018041176461,0.001856662018184291,0.00037984170386390315,0.002748157022762898,0.0002624764430326802,0.0016146132653849002,0.0033224129760756277,6.46242973840832e-05,0.0006147032019609055
2023-12-19,0.00518381714725784,0.004256930920744514,0.0024246399354273507,-0.00274973254974299,0.006882713133231053,0.0015399915141475623,0.00304816830644671,0.00725853727780718,0.006685548960864129,0.004628952337551556,0.00683313690939967,0.004501044670731153,0.005670287172926467,0.01062100744434404,0.002141238958586503,0.0031535337925523636
2023-12-20,-0.0073799611872496906,-0.0073138615480168225,-0.005552703128426794,0.006851813494987551,-0.007857935713656176,-0.0029790929093392515,-0.00707138985213887,-0.016008217888440264,-0.013980700422306435,-0.008907446565277812,-0.014111941124933679,-0.008732379394103958,-0.010968311499008104,-0.023275101755361065,-0.003665081616695241,-0.007168135700404355
2023-12-21,0.005357351374920426,0.0028146588301495236,-0.0018533845968754742,-0.00502171942288959,0.006107047592669366,0.0019516411090007451,-0.0019739792103363584,0.012207891053847003,0.01085971527940696,0.006000460300627251,0.01061613714427035,0.0062078985651056184,0.008280119822931059,0.01846553903953088,0.0028848190329048124,0.00336378798373075
2023-12-22,0.0008805931066843618,5.726692314999142e-05,-0.00032344037776717576,0.00021292462022710196,-0.0013860242090970043,0.00012038733560245537,0.006814735431238119,0.000604858847069376,0.0004943013567123329,0.0005998383463758113,0.0005346158943849998,0.00037170593506490393,0.0004880294652896041,-0.00035284363402651633,-0.0005151146142561893,-0.00015144671404401867
2023-12-26,0.005082835464202136,0.005083688736602549,0.005349719435270298,-0.0018084279058407456,0.006470243055003626,0.0013883856789436613,0.00697977300652766,0.005494649531032772,0.00500014279661716,0.003955000669478165,0.005410691570709907,0.0037120821252205312,0.004490247711898631,0.007421173155424331,0.0016605921479513743,0.003182530134980308
2023-12-27,0.0022330669558826032,0.0010434326416699044,-0.007521792076686543,0.001319098257360244,0.008105091892847097,0.00039296634181161245,-0.0018143591153955282,0.003007081715071158,0.0022096044361410356,0.0018325940340308538,0.0006573727433210838,0.0023264256071803984,0.0012212123957203453,0.004775182837002418,0.0017471789219428249,9.187980726690169e-05
2023-12-28,-0.003061180316707699,-0.002046436781420748,-0.0036200196748590974,-0.000498718956990744,-0.005395108844952891,-0.0002860776315007621,0.0005315464505298193,-0.0006785421962263678,-0.0008088769385820311,-0.00028311751188958464,-0.0013447202105710486,-0.0003515451377407664,-0.0010592008668318426,-0.0013366886198035925,-0.0008503464732570289,-0.00042861681131201295
2023-12-29,-0.004161094289750666,-0.003049990052061184,-0.0007424915432290918,0.0005533367614770803,-0.005493145188415536,-0.0013952643623543503,-0.010342556937821308,-0.005513284550969953,-0.005963450818744788,-0.005910213473740669,-0.006097848859944882,-0.005293828638378207,-0.005755249231004728,-0.005335643595653449,-0.0016643867410795095,-0.005356295171576698
2024-01-02,-0.003435438576597157,-0.002686333456239128,0.001341795938714364,0.0035952492683405408,-0.009749797733526687,-0.0009924518324034624,0.015303762972479103,-0.008198341415933747,-0.006382794649173698,-0.0016632681331165697,-0.005534659198999868,-0.002540679305900431,-0.003967945835973768,-0.01676289713798199,-0.0032526628361308884,-0.0006944474298411383
2024-01-03,-0.005918031301556306,-0.0024515541533605173,0.009864464598243203,0.001369965864472324,-0.005130458619807742,-0.002402250599154652,-0.023383632329714313,-0.015068164356807037,-0.013320478842443435,-0.01067967553684217,-0.011511401348677602,-0.010173196988335865,-0.010219281814899586,-0.016677563232531993,-0.0024084888531189516,-0.007274200760209974
2024-01-04,-0.0017953593506271062,-0.0025430207471172682,-0.0003258959726182161,0.0002660791098911079,-0.0061157107861781,-0.0006429488013771326,-0.001728790038208517,-0.00342812833323451,-0.003088258357686466,-0.002684727779635164,-0.0023764774729608884,-0.0024072928170378286,-0.0025743439413170297,-0.006171872863122622,-0.0017185999715838038,-0.0035885735070865904
2024-01-05,-3.884122579714956e-05,-0.000425862978707351,0.004792147373226649,-0.0013327403686070878,-0.0026772703249459185,-4.17065287205817e-05,-0.0036909463453680493,-0.0010017300216479893,-0.00032226884221650044,-0.0009031690215352933,0.0009986847023782377,-0.0009497521172536082,0.00022058179085034476,-0.0014480719286548839,-0.00048150891806437735,-0.00048684281574019493
2024-01-08,0.0004641303334859024,-0.0005545827359675853,-0.013887179606451746,-0.002431239078867515,0.005016301835176384,0.001625941712373544,0.0014220003699103112,0.013893542154564672,0.011997047083785801,0.008264875236378325,0.0091718082211274,0.008381514692194598,0.008155636004788112,0.019742145939241215,0.00346583066830682,0.007462825102205951
2024-01-09,-0.0013060213465787376,-0.0018029726216796638,0.0062804612322047235,0.002050520798070096,-0.004722812063133077,-0.0008442451999159585,0.003503235158322222,-0.005794772666203592,-0.004202358714159849,-0.002604639463742414,-0.002616951591611282,-0.0031461375719493904,-0.002309558895109547,-0.009824144797056004,-0.0017890259374358248,-0.0002872654863115215
2024-01-10,-0.0006765467256964915,-0.0018389135238555832,-0.004401036462669207,-0.0012040321913491712,-0.001154207356891931,0.0002547640085003299,-0.004111998428420812,0.003684737959948308,0.0031900571684147687,0.0012598032257753286,0.0028343159769127733,0.001624169869241062,0.0019125462772884498,0.004964650294502786,0.000565497110551235,0.0006807692968935791
2024-01-11,0.00018708143158043065,0.00092222748280049,0.0028890060197772735,-6.050017012164811e-05,0.0036441236554505064,-0.0003659229789938996,-0.00694461739760893,-0.0011259308813587618,-0.0013101733265579625,-0.0019891572047363902,-0.0015164098125506383,-0.0020401528385572717,-0.0011349155360468397,0.002426260636412221,0.0006324768031517973,-0.0003165824621666209
2024-01-12,0.002989179575781707,0.002608069845450721,0.0022449744916005045,0.00017986752872382528,0.003270856838807382,0.0002956001997791379,0.008162629501090587,0.0008899673503560082,0.0005659237967814749,0.0007147105734272986,0.0003417489822375574,0.0001905489409430332,0.0007939745228456757,0.002259056837699095,0.00017508247233578394,0.00027639421336794415
2024-01-16,-0.007893426784950561,-0.005852648970937134,0.0025390114172173708,0.0028461859797297546,-0.016113185183003267,-0.00204384602687382,0.00470506311483586,-0.01058954639048975,-0.009446544309092579,-0.006190921593329863,-0.00849209484202318,-0.00656172548897418,-0.007544898522251482,-0.017571317349114178,-0.004369131967517613,-0.0033065108604015256
2024-01-17,-0.006491136340929938,-0.004591664652015919,0.0024107935654525863,0.0020832997611592956,-0.007913679254962665,-0.001965063588458992,-0.01599642404003704,-0.011153314432749516,-0.009894080988918084,-0.007656032150373712,-0.008705218288489516,-0.0068637353076716435,-0.008065467457584534,-0.015561635756468052,-0.002467260264122946,-0.0057771195673044454
2024-01-18,0.003759338563216973,0.004330434696842407,0.005882190993346425,-0.003990164081735193,0.003905197368649197,0.001312556185332094,0.004352482273788665,0.00979145117834921,0.007454480780200488,0.002994706126986214,0.007184789711322471,0.0028971680757141098,0.005032378510635807,0.01684045219391248,0.0018787342095355167,0.003650377241889775
2024-01-19,0.003999011520715503,0.004911902191286113,-0.00196717304982664,-0.003134674940884401,0.006803267539035441,0.00200014030120276,0.01020682640805169,0.012956302314879436,0.010289044535412671,0.0069912732579953864,0.008620073680812398,0.006992690517054561,0.007069457542847601,0.018696839177984727,0.0029216686481997735,0.0060527610595965935
2024-01-22,0.00084130520142813,0.0006517512957288639,0.000738555930580678,-0.000739771736348342,0.001070440787782214,0.0005898202117657374,0.00301547421343705,0.001817607188638908,0.0027165318668047264,0.0030646615449779254,0.003011508176304482,0.0024888806965952075,0.003036108290089363,0.001613310392806027,0.0007108776439106986,0.0035582757860946985
2024-01-23,0.00031813494283444596,0.0016944772836240802,0.00624526625764891,-0.0015066192360426581,-0.0015506381258220583,-1.5586909652331985e-05,0.001131799468394068,0.00037582791221115076,-0.0004858375563265242,-0.0015490085385021705,-5.772368105587866e-05,-0.001600448662006448,-0.0007465642080116887,0.0023944058921494286,-0.00041283087723706206,-0.0007416059940611928
2024-01-24,-0.002517111355261951,-0.0010387515830028806,0.004955718913946043,-0.00375563073798789,-0.0011697518201587978,-0.00048201693514139253,-0.02751150873980998,-0.0022244219423206853,-0.0020374208661749493,-0.0043165498369188045,-0.0007957824945148004,-0.003280746403124322,-0.00207678617563476,0.001648890860131853,0.00045676494812848086,-0.0035889126537968982
2024-01-25,0.0044281214972720735,0.0025717070935362013,0.002278699010427155,-0.000577540668028263,0.0048160915275101066,0.001433842430477412,0.014393101742725343,0.0062957282876046974,0.007276819540720028,0.006900348492703139,0.007618747343393024,0.005595822057493882,0.007335164419913401,0.006762170148842705,0.0016723089477653004,0.007802458424534866
2024-01-26,-0.00019258645442966424,0.0001853092122818601,0.004003376983170258,-0.0007111497344746568,-0.0009673334149845175,-0.00015128950386648422,-0.005909774905790983,-0.002557576231789389,-0.0018545482548252272,-0.0014902747945867716,-0.0007770637468388593,-0.0013087238444436566,-0.0010374509301759665,-0.0034845024206357576,-0.0003606525725228909,-0.001507731205183345
2024-01-29,0.003229744083445112,0.00339659194001951,-0.0070968339734855425,1.4117641250821445e-05,0.007468093508324448,0.001224867434143057,0.013982977682609157,0.009983261133317375,0.007193459374087478,0.005242946342677023,0.004415910572454515,0.005151638020124949,0.004326725101185181,0.014733753071654754,0.002238259604067238,0.004269500659141647
2024-01-30,-0.0002590143771796631,0.0005062891935919751,0.003961438833349237,0.0019326376533023949,0.0014869633145151316,-0.0006427132410421987,-0.004779245017458449,-0.0051381912829380726,-0.004677427219593722,-0.0032605937183991618,-0.003960402249611244,-0.0028229348304196944,-0.0035354651518367474,-0.007276419458336708,-0.0005415138285821512,-0.0026360827942199356
2024-01-31,-0.006032575534273141,-0.004733356849893217,-0.006514810465612329,0.006506315989161067,-0.0032459509652226597,-0.0029115315028939667,-0.010302608150941701,-0.016120920675110388,-0.01516065527316892,-0.009968276961692963,-0.016196790897318437,-0.009377471435681295,-0.012490193044101065,-0.020868264026925445,-0.003060216867407179,-0.009773567493417899
2024-02-01,0.006086617094860662,0.0033078213221100707,-0.01410003481665774,-0.00015213819066093258,0.011662646921033535,0.0021189022174584672,0.01566164417312633,0.01517286570985022,0.012274321363933674,0.009221305598484022,0.00896151235298468,0.00938420815627873,0.00839356948476807,0.01990772801900399,0.0036174354407342954,0.005633421894055251
2024-02-02,-0.0058654423608485344,-0.002547703139142357,0.0012612693357274768,-0.0024239924316608224,-0.01190112174939726,-0.00019148551386825792,0.004572991124899463,0.004831162150229962,0.002313374053161893,-0.0006502103601031528,0.0016873469785788331,-0.0004080466223210401,-0.0003983704050193088,0.0067285451499875075,-0.0011493026430276928,0.002333765426421052
2024-02-05,-0.005335879786734549,-0.0023834634787432978,0.01051665645301209,-0.0012900577427618126,-0.010715095398874195,-0.001529828081963708,-0.012705541668114426,-0.008235490509833453,-0.007872809206782624,-0.007753475026362144,-0.005901332765200995,-0.007334458292439968,-0.006612725815378705,-0.009371171819413758,-0.0027196580051723476,-0.0051511168541270025
2024-02-06,0.004693807446689662,0.003924556030550771,-0.0018450049034497552,-0.0018111763950448296,0.008772685749924557,0.0013427068308581912,0.0016686847913636661,0.005766204426359807,0.005493461388937404,0.004671315027518093,0.004811333811316635,0.004445176770549512,0.004832907685741898,0.009245417970874864,0.0023537309854918796,0.0026728109559560646
2024-02-07,0.000888528511749784,0.0008923838395143594,0.003341472936072817,-0.0022532031621008437,1.9850713015318196e-05,0.0005347107114112236,-0.0021132297405572734,0.003547359061333823,0.003146286121667625,0.001159799157692507,0.003677070598883047,0.0012212810752925637,0.002379116038650839,0.005644096408338128,0.0006740420293640246,0.001569178170407973
2024-02-08,0.0010095659648287742,0.0009144729542440385,0.005558943436153532,-0.0013503718740115597,-0.0028330024703063375,0.0004604556989514063,0.006270840289297872,-0.00031298943179049925,0.0009845237298780594,0.001815110132717798,0.0023690539169308952,0.001028348194281381,0.0020911393940719826,-0.0022285113319366716,-0.0005263012445679514,0.0020641919185219243
2024-02-09,0.0005395035503190881,0.0006541677798553066,0.0013600030825205425,-0.002857318384437755,0.0003224665524203029,0.0007457446904747374,-0.0035135848430437873,0.004307125822836081,0.004260133456748025,0.002487314671290842,0.0045714025828519815,0.0024059376276733286,0.003483349205342528,0.006740819424688535,0.0010986166590358265,0.0026987100566836777
2024-02-12,-0.0002470747793824673,0.0012846712943868604,0.000797823294550446,-0.001623154280058796,0.0005648067248863096,0.0002614775644783206,-0.0021265365005939656,0.000975862029959644,0.0007044672663185537,0.000579106567579627,0.00041678904763825064,0.00048168936827035983,0.0004820017246007758,0.0029957730620417677,0.00047373679394193817,0.0005923191208099263
2024-02-13,-0.011939238788572438,-0.00902381836369351,0.005532788409254586,0.004959214633685877,-0.019718439392430218,-0.0038770845569545986,-0.016143786832593064,-0.02308531131925074,-0.020225461814922754,-0.014359150143543362,-0.01765602743324115,-0.013646059787186523,-0.015839766887614033,-0.03454847752480643,-0.006394096107856021,-0.011353263877629154
2024-02-14,0.002077167252532961,0.0015969174538998892,-0.00960464996382373,-0.0030069992410211265,0.006761050614437421,0.0014846601789736307,9.909713830090743e-05,0.012078496969312694,0.009864242603835293,0.006165520579241159,0.0073327538665023985,0.006292063348660313,0.006525389816039293,0.019485996002716756,0.003200352559294247,0.00479959729525967
2024-02-15,0.006871205515398204,0.004021989477741307,-0.002636512405314771,-0.002007625828173236,0.007813005126791586,0.002240374525880829,0.013869671629269439,0.010162647775824358,0.010268505651653737,0.00905969903447378,0.01002286591093773,0.008337837643001906,0.009251914952956693,0.011414253234341452,0.002554144285983008,0.006314332371176244
2024-02-16,-0.0010431791545460862,8.212270629555135e-05,0.005487263586527754,0.0008221044950577039,-0.002073792708030237,-0.0009637721490512537,-0.0076482296598229665,-0.006838433857112027,-0.006677498282997493,-0.005546587115672958,-0.00557923118556582,-0.004883158651117622,-0.005437275614123239,-0.008819978677660824,-0.0015296612352664436,-0.005774658933090187
2024-02-20,2.7700063376903412e-05,-0.0020701961257061745,-0.004108791261537995,0.0030182411508483413,0.0004319502384981612,-0.0007503995039867523,-0.0016076232309444691,-0.00413091258732199,-0.0036696579385078485,-0.0024797438240703558,-0.0036935602390092545,-0.002028247582847766,-0.002927633115389216,-0.007249928679236398,-0.0008843483474728319,-0.003833089530950439
2024-02-21,0.0005867094110386786,0.0005162543388436117,0.004046392023344004,-0.0005645068875221671,-0.0013396461515463906,3.632472315578977e-05,-0.001992947502681774,-0.0027674601028139113,-0.001675400242341663,-0.0006148636921936966,-0.0003428098280902329,-0.0006152069255759493,-0.00048001975078213333,-0.00516763984189541,-0.0005972303059602518,-0.0013762025774213173
2024-02-22,0.0039401866239674845,0.004873738201958688,-0.0007586600519458261,-0.005702752029130446,0.007865213002594813,0.0024613066183920337,0.003848654581641851,0.01866397475652995,0.015031514216554175,0.008278843054319439,0.013194403552299007,0.008432682314725375,0.010131674735106776,0.02926647207643395,0.004354797033922049,0.00894370716568918
2024-02-23,-0.00019987570595424327,-0.00026766580790684016,-0.009974011194617586,0.0033128680755800215,0.0031410594609049365,-0.0002620175289591814,0.008397833434516578,0.0015493415820232422,-0.0003733095785236355,0.00013260708380565935,-0.002928483915240656,0.0005478188587112956,-0.0017971535709625532,0.0017245982315480578,0.00018646808528321464,-0.0010743525803531512
2024-02-26,-0.0012211568875277845,0.0004164952833204241,0.00806901222313124,-0.0008651370073276066,-0.0017547627515969626,-0.0007218551938758959,-0.012199255035999699,-0.006161422468085639,-0.0053433267411303635,-0.004645989925720729,-0.0037808854912354498,-0.004301863699490691,-0.00384264093865432,-0.006523447268292446,-0.0009252929858464974,-0.003845771253938104
2024-02-27,0.0010556766599186568,0.0007987584502552158,0.006065786983956243,-0.0021463447162872605,-0.0012515270790779136,0.0004447392568854352,-0.000865499226830634,0.0005471211895333114,0.0016429564974280485,0.0012159818349695606,0.0030855424692941566,0.0007153140218804783,0.0023638320061342265,0.0006765086794033254,9.862466319614108e-05,0.0018523848030851254
2024-02-28,-0.000530854099559402,-0.0013610602436002369,-0.00336852805228772,0.0037791515691501373,-0.00118874006440422,-0.0006575107908185399,0.008952635841767706,-0.005494599160427187,-0.004272562417814431,-0.0007856187727637563,-0.004478181604759942,-0.0012554240084897753,-0.002601003960805431,-0.010486847072937705,-0.0014075081704007088,-0.0013051454466683021
2024-02-29,0.0025652922536717163,0.0030473792037725893,-0.0008823223547034843,5.712869687009802e-05,0.003978120997776798,0.0008450647224188421,0.013173634812974067,0.005153793841537366,0.0039439100932085035,0.0035721594009779827,0.0027792918836792736,0.0030992746316873413,0.00287902695946298,0.007024929981539903,0.00102584040455464,0.0034563601479953355
2024-03-01,0.008951899199685314,0.007848579819105642,0.0004121675432478692,-0.0014043327761590675,0.012808898392607387,0.002168699914827353,0.020348941743603015,0.012893392977766607,0.010071069973203263,0.0070944592752191366,0.008340616600003205,0.0066049950165920045,0.007488456515609083,0.019248270246321884,0.003052968927699088,0.005201750882319672
2024-03-04,0.004904941163444748,0.0035385288771319664,0.0055219984293526925,0.002634365573061661,0.0016648510089589984,0.0003930880674462507,0.020832287218144698,-0.0016285824219481227,-0.0013640676174312223,0.0009041799379871157,-0.00037892890623040403,0.0004230851922560996,-6.268174733329093e-05,-0.00682773238758462,-0.001186471286082205,-0.0008241548067713226
2024-03-05,-0.002554912807829482,-0.0028180697965886656,-0.005430041075519565,0.006697168633093534,0.0009679012236769609,-0.002164244438605611,-0.005577971554880009,-0.01236210183015491,-0.011831499363771078,-0.0077120296458515515,-0.01257212763824363,-0.006902137269193484,-0.009784513804020714,-0.017390391167716564,-0.002128403572959651,-0.00845128049335449
2024-03-06,0.005377059035134263,0.004938048310439541,0.002771841768758282,-0.0026271391472291153,0.00865073073196365,0.0014249595341019198,-0.00031813642964621423,0.006812820968943369,0.005782760075742717,0.0035211526380954745,0.005742388915144132,0.003735160547159109,0.004594340243285108,0.011046210637511695,0.002360148197266762,0.0018782793665938222
2024-03-07,0.003393744563600544,0.0024071114632854542,-0.0020932820164853787,-0.0031329946678038123,0.006274412642594523,0.0010859673423305486,-0.004607806707323001,0.008623316283167967,0.006680098828381167,0.00264140880021079,0.005743143678523778,0.003131992041503392,0.004264771053199818,0.015188700361209072,0.002327063237839773,0.0011716313585405788
2024-03-08,0.0016360586648036203,-0.0005328398653448009,-0.001252366765552449,0.003647178459893133,-0.0009866837262757072,-0.0003341872499521111,0.012954306044033975,-0.005305353561677507,-0.003644588895870343,-2.6011550246706535e-05,-0.0030300043721318134,-0.0005983797312824487,-0.0015209158557597628,-0.011910928001126544,-0.0016527230302501785,-0.001704052522296411
2024-03-11,0.00019950276155632798,0.0010585929072167862,0.007715214219284046,0.0004193309769060385,-0.000883616836645002,-0.0003018339048587498,-0.0010047108920650234,-0.004082974869689745,-0.0032278550358278975,-0.002096442914523151,-0.0017765968797144338,-0.002152342570525126,-0.0018492702769665886,-0.006205881111063509,-0.0007838587661240073,-0.0010467767007281458
2024-03-12,-0.00244080204548486,-0.0008479562596112749,-0.0015646686577070405,-0.0052127545876644995,-0.0017053290803239651,0.0007476544498249767,-0.014228510610915589,0.007738305547395295,0.006372558169848365,0.0021272380548474695,0.005886759732819924,0.0027091571592450323,0.003750721813524827,0.013919412473456795,0.0018481068989137234,0.00304595384773577
2024-03-13,0.0027553978506916943,0.001969314371811546,0.011504859122427123,-0.00016082566569429907,5.414717669806355e-05,1.1632314639166419e-05,0.000351641812199249,-0.004069831438962555,-0.0024304346303084252,-0.0015354692505163423,0.00017191684173734675,-0.0018248184641776492,-0.00034398249649475986,-0.006915881073644492,-0.0008186442792503656,-0.001152252163832438
2024-03-14,-0.005310928679659028,-0.0031664771355684952,0.007769410004641594,3.32765264563014e-05,-0.01115971862908788,-0.001595082586225192,-0.006525063998629775,-0.008332167209590815,-0.007749196147159473,-0.006892188888363728,-0.006180295045036019,-0.006802657311366773,-0.006335477853496434,-0.010733923524651143,-0.0030048429578386614,-0.004360776913747016
2024-03-15,-0.0020212545194946184,-0.0021897412908912614,0.0035246150971831552,0.0017693430769101163,-0.0038862256473785545,-0.0009439050011603764,-0.00573928135093997,-0.008678061062040042,-0.0062503744939645806,-0.0032495382244116322,-0.004515975820642877,-0.0033351585364135954,-0.0036218273365760823,-0.014085789427197758,-0.0016977370634828329,-0.0027292062718828223
2024-03-18,0.00153731293979138,0.002027708882029068,0.006833936506327357,-0.0019536635918287544,0.0003055413291738383,0.0006105337502547404,0.003172476474811747,0.002938818386289066,0.002929734965982023,0.0016482612408427247,0.00377392174953332,0.0011820159305878793,0.002765225370001159,0.004686326947547466,0.0005370753168840633,0.0030932000479558775
2024-03-19,0.00022925010087223295,-0.00045041852158867607,-0.0015130874902185055,-0.0003194272083473724,0.0008090037699721715,0.0004962158946350804,0.0043935745885899805,0.004488229148571055,0.0043980953564189,0.003156603681636055,0.003976982926970171,0.002705626506407998,0.0035368598481809854,0.005914469680856168,0.0009751164765669601,0.004600292200336141
2024-03-20,0.006117846434239534,0.004408125918893793,-0.004222153044903964,-0.0030661555922441106,0.009257185425553973,0.0018857302996839334,0.0074222765517569875,0.013287915839938026,0.010595098263585612,0.0061862668765884695,0.008816209078297662,0.00624211957683111,0.007356380927669096,0.020741860688411926,0.0030887537912686162,0.003834674900878491
2024-03-21,0.00038023616959699654,0.0026734954077911725,0.0009414288182863243,-0.0008354465449323684,0.0004987592108466683,0.0008864830391454885,0.015251611160530686,0.005627115174538789,0.0045363749577946805,0.0043723117340722095,0.003403500753835955,0.0034985473855475087,0.0033897157799444677,0.00761885280684659,0.0008303805539181134,0.006042094585664812
2024-03-22,-0.006474501371515671,-0.003397502681225068,-0.004889460280274513,0.0027489800098765187,-0.0028959578964276593,-0.0017529907715901605,-0.009808035597615132,-0.00632679989555155,-0.0070184410795030615,-0.005608102341237842,-0.008703057360833067,-0.0051303930169363555,-0.006994022684137179,-0.005521098423809328,-0.0010108301952750289,-0.003044783410882209
2024-03-25,0.00030346832676205143,7.834689611277608e-05,0.0069637918851162,-0.00013807453988642394,-0.002053062151983721,-0.0005783378145272624,-0.006831327909042417,-0.006001402051704,-0.004804444958854184,-0.0038164577113866715,-0.002922413398182725,-0.003605930377833479,-0.0030154204273259064,-0.008313542614017465,-0.0013073366761653122,-0.004230817469726385
2024-03-26,-0.001496583768647977,-0.0012577263112358522,-0.004972425004337876,0.002090301841077543,-0.0006534964558206754,-0.0006977097115428958,0.0007602763859729214,-0.0020710122304501153,-0.002998642480066932,-0.0023541779312536244,-0.004158194640398795,-0.001927099310366977,-0.0033576471678105242,-0.0026117052621291823,-0.0007263111891997853,-0.0029938226025740203
2024-03-27,0.006820406109332027,0.004265101372885303,-0.004254109435267522,-0.0004668203638010318,0.007997846511460946,0.002473666646680516,0.025992807539702116,0.01224241632527151,0.012103233316824075,0.01154046721287504,0.011077756898359275,0.01023168999468273,0.010733001571254893,0.012649461236652854,0.0027055863019909065,0.010082598456749607
2024-03-28,0.005100166878470369,0.006590974986727174,0.011503634197379748,0.0002639699562554308,0.0035929601800622477,0.00079423186731923,0.018777022859622634,-2.5917239838861258e-05,-0.00023576210351560674,0.0014260750471613206,0.0007386596894933461,0.0006208051986912363,0.0008535301404216884,-0.0013962935825624753,-0.0002902080699917258,0.0013624305537732167
2024-04-01,-0.0005203514688028002,0.001324854857436817,0.011910816291053125,-6.632862840531568e-06,-0.006547714829307235,-0.0008159530833929092,0.004839039048132486,-0.0043196992250122265,-0.005488181938598761,-0.005800821856900714,-0.003994685577187601,-0.005508388840205901,-0.005033117423881768,-0.0056899818695536055,-0.0025396529792635117,-0.004750750895588797
2024-04-02,0.001291898394897806,0.0011896160072037564,0.009410862907673895,0.002825314891777201,-0.00043512218444962205,-0.0014310222577473292,-0.0018709079155194153,-0.010649513911556434,-0.010052129205622843,-0.007810363512816669,-0.008402220524316455,-0.007517274608701684,-0.007472449184975369,-0.013823101949720815,-0.0024782183612193464,-0.00815840767041871
2024-04-03,0.004180999893591046,0.0027925810746925865,0.0059557262924102945,-0.0010632609079425346,0.004478957044871668,0.00046821436674663615,-0.0023747150060460204,-0.0002361828026934919,0.00042597055985251804,4.943821057607883e-05,0.0017554841921724748,3.0112965312090244e-05,0.0013049998354422766,0.0002651554066109877,0.0005114613020594816,-0.0012026909255111358
2024-04-04,-0.00506277028656492,-0.004292799311583121,0.0010750193379920137,0.0038299635055803107,-0.004479142694092073,-0.002378121002857614,-0.016636849513007118,-0.016787472518357414,-0.013658311505571518,-0.00849393429480906,-0.01237184196404639,-0.008341545655981665,-0.009572744881666009,-0.02261560038925133,-0.0027880341928506135,-0.007677080174152936
2024-04-05,0.0065068702240095155,0.006141139561401025,0.007718688871155094,-0.0020316963041534346,0.002734912041677802,0.0018100914531500648,0.023523210527473522,0.010126255410719712,0.007762442258071059,0.005013103788580677,0.008050820796868285,0.004649044360620339,0.005769406409350706,0.011816217110788504,0.0008209680477052093,0.004053066458247117
2024-04-08,0.0031771253061371593,0.0016759107805476483,-0.0003366251542656891,-2.4251029893584226e-05,0.002596579117808085,0.000881548992319306,0.007169328488099498,0.0027849861292547156,0.0030827233114678622,0.003321408506395869,0.0034923483233486666,0.003259164039628476,0.003054540604813548,0.0007771368845330326,0.0005735653688585601,0.0014783427370259454
2024-04-09,0.0020763029981803786,0.0013089967859067973,-0.0070775734268746,0.0016010125151521427,0.004740215252748381,0.0005630469141276343,0.010716429679565532,0.0032579555138398915,0.002618155771631634,0.0034147210422571664,0.0009659447428757984,0.0031626768429009605,0.0019306148346893742,0.003298418838324782,0.0009087751436206873,0.0018516908149942613
2024-04-10,-0.011161779863237662,-0.005448743366107114,0.016996378703618177,0.001474034215188126,-0.020029184999143954,-0.0034678624944388093,-0.01675448026828645,-0.018768721623259443,-0.017914202474002175,-0.015433161662581756,-0.014799236839899145,-0.014662387226358212,-0.01496511310043821,-0.024586142893889593,-0.005860853891769734,-0.009844481984107313
2024-04-11,0.005192516751449523,0.005084726624202979,-0.0004478871752030952,-0.0007561375784020316,0.004791779834134436,0.0011355692635552437,0.021556512898284762,0.009577984894043556,0.005958679870333391,0.0031601943017455776,0.003968752773539217,0.002882256007053824,0.003200348029818159,0.014781131248901038,0.0009369557062695509,0.0017033513944912097
2024-04-12,-0.008964650116497799,-0.007131097847293004,0.0029019003289570224,0.006270368830175697,-0.011033503726047477,-0.003144734318083474,-0.00824813842312002,-0.020179240272846757,-0.01610062478592097,-0.009167873160844083,-0.014531491735876187,-0.009778368398532751,-0.011123347345308399,-0.029616078783096796,-0.004284373251570875,-0.004682400454438605
2024-04-15,-0.0005947529093934447,-0.000729712167542093,0.008618601368284132,0.0036900042045548095,-0.0071936820872054745,-0.002004491168748808,0.004668022486579401,-0.012756037765374404,-0.012591841559538505,-0.009817894276659455,-0.010897795911719344,-0.009494724566339784,-0.009997644012046225,-0.018511348330850993,-0.004395894787101097,-0.010610998483834623
2024-04-16,-0.003221208461897749,-0.0027838467538792862,0.0017280510725451795,0.0020213203413913814,-0.0066647807840389825,-0.001254857150152757,0.0002215950875413199,-0.005539347989230685,-0.005596521088725573,-0.00476418661879089,-0.005151353248206987,-0.004531776875624032,-0.004954807748024557,-0.008382609731843611,-0.0022265017513472055,-0.0035794420350218933
2024-04-17,-0.005611236491111877,-0.006595127386039777,-0.015195224792169865,0.003918721202214819,-0.0005127358709467083,-0.0017671676451543575,-0.019861346344082403,-0.007215482834450355,-0.006690679524344636,-0.004920578672409982,-0.008366353434153406,-0.00363701591694225,-0.006395175264765686,-0.009316047676949695,-0.0005741810097650369,-0.00612785578594365
2024-04-18,8.939327692112937e-05,-0.0004076456952764406,0.0022815382839351047,0.00034946436883558454,-0.002667405478576054,-5.558583883513078e-05,0.004312061827505263,-0.0013480436689773676,-0.0007286885757403394,-6.710620079910102e-05,5.5617507463502094e-05,-0.00031008781499547715,-7.29940781795524e-05,-0.0037057076639477474,-0.0008198554382239252,-8.766267014695189e-06
2024-04-19,0.0011359811941582332,-0.0009082005986228015,0.0029905030172756725,0.0022619451074062462,-0.00043890534366064005,-0.0003004123856391344,0.0014939985293675549,-0.0066452933275231284,-0.0036235171843145477,-0.0002947383393627338,-0.001704227173646882,-0.0008088372523142714,-0.0006926366516388674,-0.013009027099529587,-0.001074884489310896,-0.000755079343051651
2024-04-22,-0.0031516072712097104,-0.0034903138909368947,-0.005573240090228825,-0.006564921378234846,-0.0012599063749154336,0.00125631635058933,-0.02221141840980128,0.008671927060181238,0.010062698764510701,0.00632285623612989,0.010232709400508869,0.0062164562488331975,0.008417312796763074,0.014148840553686886,0.0030941992612061996,0.007666056383619978
2024-04-23,0.0034532130733393855,0.002168550262471724,-0.0021759879661740404,-0.0051165778599941095,0.0061805167708172395,0.0018956816627490004,-0.0058471583645078404,0.011548472381959593,0.010939591590724922,0.006781045774451277,0.010568804882205358,0.006733661897909297,0.008688709003323433,0.018055892961611097,0.0033864527238922837,0.005815008611029656
2024-04-24,-0.0017214585285804348,-0.0008577431196278098,0.00018445742523805485,-0.000630353448783002,-0.003614694911609766,-0.0003091802757695626,-0.0020877087004581634,-0.0017084107342592546,-0.0017370103402285122,-0.0014228934891103218,-0.001619471984625349,-0.001334524254711609,-0.0015866868512188115,-0.002119061437299491,-0.0007963730244724937,-0.0016092991280600448
2024-04-25,5.690010772591426e-05,9.483836132660609e-05,0.006281022167671727,0.000954424892228375,-0.002091969090013599,-0.0008696255631327794,-0.005454612889206096,-0.007713481122875331,-0.00671820629262375,-0.004980475190716145,-0.005074330575400454,-0.004636850500251304,-0.004730453925740079,-0.010927120363030816,-0.0017618061843841686,-0.005715874568159807
2024-04-26,0.0027435986727099137,0.004908683341673256,-3.0697465896829465e-06,-0.0030675062813957147,0.006998679465946175,0.0016752976938479314,0.008928366117369597,0.012823568635085752,0.00979942499857283,0.005986724820545044,0.007732051436197743,0.005727720106413106,0.0063962767781957815,0.020973255226819743,0.003106846160597816,0.007369624410655991
2024-04-29,0.001694225758744434,0.001012471575419261,-0.0054005352611722025,-0.0012594256240526865,0.005674257595147155,0.0009108566125737023,-0.0038215847188799628,0.004709751012636872,0.004680631647220811,0.0039124429614125315,0.0038440188335882764,0.004031001849851896,0.003803287326960893,0.0069375416001108536,0.002053172993366375,0.0025260334649834424
2024-04-30,-0.013684307984676928,-0.011303912158975403,-0.004647070976584242,0.0052608138678050115,-0.018864032188078108,-0.004012159031288321,-0.019856180770124722,-0.0218385428489389,-0.019132246603268566,-0.01321327160789339,-0.018300233498354287,-0.012503849006138181,-0.015452058757153823,-0.03155921492789304,-0.005745991089568997,-0.011042508396990253
2024-05-01,0.0001190762318264704,-0.003695845977446019,-0.012913847409188543,0.004124176896148661,0.0008168088796998078,-0.00047974542826994507,0.008118790300718881,0.00048040366108814203,0.00020084599523401527,0.0006685567758954259,-0.001543331382847793,0.0007085807655998742,-0.0003742881999783596,-0.0016672196483429166,-0.0003818083044815867,-0.0010145190362256733
2024-05-02,0.004788285150658757,0.0030221043742720568,-0.005611091120887715,-0.006125877916863436,0.011181118032984664,0.002311262757589811,-0.013627719819730452,0.013319259663641005,0.012728755322359333,0.008041585449573823,0.011861775456014186,0.008307996235716457,0.010128864624090994,0.022033190905381594,0.00480261365819227,0.005641850172665795
2024-05-03,0.003470821119306406,0.003799501460529639,-0.005176041401964299,-0.003939538678145187,0.01059290067550655,0.0018994553434690253,-0.002474154284357221,0.013903296505874636,0.011547403238893632,0.006988317993539857,0.00932810641484253,0.00710025813215669,0.008022442277591456,0.02342318296987832,0.0043255339730297535,0.006795184244059564
2024-05-06,0.0059084681626574344,0.006862575199613476,0.00789259551990212,-0.0025199253692597644,0.007793607277047722,0.0017729095265453833,0.01257841488415435,0.009410498916334794,0.007673593239355814,0.00512023508790382,0.007580310856270875,0.004666567498580037,0.006052706282933935,0.01415348138347147,0.002307500437196789,0.005737609169085805
2024-05-07,-0.0008860200165709217,-0.0005379316235312418,-0.0027330642433551246,0.0007626385664676836,-0.0006530865001363179,0.00015329786692948186,0.004848556373311762,-0.00014703951575599202,0.0005738580349866468,0.002097712768781674,0.00022796347091708161,0.001655384761892444,0.0009536429869747919,-0.0019627311233252143,4.5026331445556235e-05,0.002373075593059727
2024-05-08,-0.003304516441261098,-0.0022297936913333325,-0.001737779492537023,-0.00018448914075965808,-0.004192284992787697,-0.0007274422444151299,-0.006524825406007233,-0.0015999262127229566,-0.0023532086057036685,-0.002987085996521587,-0.0027693211834764714,-0.0024926575850097686,-0.0029198938179945833,-0.0008041796353880385,-0.0007892120052956608,-0.002437112894744547
2024-05-09,0.007772437259057801,0.006326521467431562,2.761222685768942e-05,-0.0005976228865521981,0.009700911961607335,0.0018579369132084296,0.01786204649390339,0.007529070753066845,0.006669057988851331,0.006451833911901787,0.00603568322110472,0.005919706656532473,0.005928991720857065,0.008837745555402668,0.0019411808178366706,0.0033815663633614346
2024-05-10,0.0007969026105744013,0.0013956192705489247,0.0016050632519823403,0.00026662507158238817,-0.0003693947291403088,4.901062753411046e-05,0.006016338715057849,0.0012674424005602977,-0.00015210111400680326,-0.0007884772016343821,-0.00043095545972757964,-0.0004948051600628902,-0.0009475781916149287,0.0014843877912205246,-0.00039539558562746253,-0.0012041151165837517
2024-05-13,-0.0019859741738454547,-0.0004407788138197934,0.0022396785490302914,-0.0023218667457075956,-0.0006331758968018855,-8.371336134478798e-05,-0.014396876413206711,-0.0024932289785480947,-0.001112887977498297,-0.000618790862281719,-0.00035361507713023313,-0.0006487467451162884,-0.0001602696366697447,-0.0013181334892241766,0.0004448367619041243,9.418205171225292e-05
2024-05-14,0.003303390394475,0.0022270752447187334,-0.006238543977819971,-0.00026306705092340695,0.006218290352050418,0.0009721004348991744,0.007369232006468831,0.007029810797596683,0.005369501487908399,0.003847543980534499,0.0036385653908229346,0.0039305764398772135,0.0035041555504173733,0.010140498036455921,0.001704066400037763,0.0018844648358421273
2024-05-15,0.008236197025098384,0.006119062072326508,-0.005136304218070308,-0.0021004533362464477,0.015506114039916146,0.0024035021861961146,0.008077585129163328,0.014398755972521635,0.012281632140581015,0.008654572186870735,0.01033107305608898,0.00862473093360097,0.00933145186031534,0.021517242046392347,0.004457628429215149,0.006181923121238791
2024-05-16,-0.002252251649049591,-0.00036340616071708107,0.0034805908260167663,0.0003274473256221726,-0.0033331152200472957,-0.0005715311680438726,-0.0025624682139642222,-0.004658969597137362,-0.0040362521171876985,-0.0023949019711374565,-0.0034244770420308462,-0.002413527899281643,-0.0029544591673674432,-0.006552682478942466,-0.0010725284342433805,-0.0014533139534540003
2024-05-17,0.00540124193023998,0.005003980734857486,0.010868795790484734,-0.0009580078907151068,0.00303501247845633,0.0008525190563543458,0.011053765001322897,0.0020439745077035594,0.0016765855498851836,0.001028623787656505,0.0031710898096301283,0.0007237206309639164,0.0020305129931064065,0.0018794384287966035,4.810499016597979e-05,0.0005146308180944898
2024-05-20,0.0009577741760342311,0.0017140489561888225,0.0081272909193513,-0.0006199721870293987,-0.0001681909799141412,6.518643988827986e-06,0.0008850533055492608,-0.0009922490054692986,-0.0008103637037876069,-0.0010827079665432404,0.00031488634608456645,-0.0013015053744606464,-0.00022330993381480425,-0.0006931201668134862,-0.0002652938567519051,0.0003458676502234492
2024-05-21,-0.001726761965988084,-0.0011811343311673357,-0.004737982936347684,0.0014370458404242014,0.00011049759937858753,-0.0004460670521479064,-0.0008726336484298599,-0.0010781538859558665,-0.001530620216389845,-0.0009226614400943856,-0.0026242274411080917,-0.0007261923427038365,-0.0018330657236238278,-0.001015344035219797,-0.00010825282266400368,-0.0008160383219829597
2024-05-22,-0.009623670138810986,-0.007175043254257109,-0.009078471577976055,0.002069702820698829,-0.009447782305686759,-0.0020391132196385738,-0.015464547813609269,-0.007825133279711651,-0.007667394846421532,-0.00592266437627449,-0.008893616840102892,-0.005154568455520775,-0.007500868536913874,-0.009813414270810594,-0.0019544532282521915,-0.004283579086398774
2024-05-23,-0.011201928407795665,-0.009306269938336912,-0.001986450606040111,0.0015497991269975099,-0.013695304272277348,-0.003134808433517909,-0.03059051140431806,-0.015467653781286327,-0.013652643671852252,-0.011584587724967933,-0.012650006470198146,-0.010505323026015694,-0.011497535768262072,-0.019014868657477847,-0.0035348112441392727,-0.009323448326131807
2024-05-24,0.0028672506274767043,0.001961975107651662,0.0020339377862219985,-0.0026709074111545563,0.005117266279357391,0.0010162703696206213,-0.0058393495379131695,0.005300279453446033,0.005308336302609121,0.003003480292130293,0.005745772170614131,0.0030719772047773193,0.004539460245856509,0.008715316505433956,0.002007203383178939,0.002783538514338564
2024-05-28,0.003005316095510582,0.004056695298627074,0.016846388999603237,-0.0021056497123230753,-0.0011584823182559808,-1.828208617019419e-05,-0.001187827221848015,-0.004258518118431159,-0.003678485368158104,-0.0036277062756980456,-0.0008250096148366545,-0.003736750478917335,-0.0018751905040796225,-0.004774916929786249,-0.0012380434190686588,-0.003393743642844005
2024-05-29,-0.008769455311081866,-0.008192872360981358,-0.0022866181335490145,0.0044124920888417895,-0.015400603166894984,-0.0027021340776004076,-0.002328436149048029,-0.013864433745136106,-0.012044779468242443,-0.008083494364868509,-0.01136356062470509,-0.008182778791985892,-0.009540764941168362,-0.021668320880848566,-0.00463571034944777,-0.005952405959288215
2024-05-30,0.00014293855205808957,-0.00397793209560584,-0.014468794101734938,0.004424897483846653,0.002206142641707781,-0.00035663123246635904,0.0018029424545732671,-0.0033396105602187154,-0.0014778150339611496,0.0016473394859022412,-0.002398127238577329,0.0017105859040828413,-0.0003315522494863406,-0.009151230152156882,-0.00022606488164636962,-0.0015791206854061555
2024-05-31,0.0015582769013664018,-0.0009575690889368574,-0.008965762464801776,-0.0006916060694083961,0.0034278627572455504,0.0013333603582087925,0.005529176112381438,0.007478526962811094,0.008383208203670169,0.007813848844817152,0.00751387949411509,0.007174495546496722,0.007448982931926627,0.007669040786858273,0.0021371541509063005,0.007011005588447281
2024-06-03,0.0005787560927692126,-0.0005021873378761221,-0.015110193944415365,0.003110127436753519,0.008415022229891104,-0.0003362757165704455,-0.004248049955644901,0.002591781603847379,-5.060159722353164e-05,-0.0009667018651075486,-0.0034288900127982837,0.0003519895700449902,-0.0023314518631625,0.005697718591647241,0.0014128841487676457,-0.0037867804376419734
2024-06-04,-0.0038806971765579863,-0.003727593027869772,-0.011516218861241078,0.003258913914914151,-0.0007354227044980603,-0.0008200832598392094,-0.0019057376711236465,-0.002888038089419199,-0.0026540935012044917,-0.0005451387608768397,-0.004489678625568517,-0.0003459572098439382,-0.002662586655179587,-0.004928086801864289,-0.00026837348557119976,-0.0005841025841639941
2024-06-05,0.005547180460662402,0.007354486097078663,0.001434649072668031,-0.0038177421068807467,0.010621237300582969,0.0020588086541277442,0.01146041724592628,0.015444718448061084,0.011325905623138607,0.006228755814210786,0.008924463374216665,0.006045900310317719,0.0072408146633967056,0.026297540228824842,0.003698033056349261,0.006681636595089264
2024-06-06,0.0031392953516579665,0.003669459505609119,0.008852303254363694,-0.0012132294853120528,0.003112355444097108,0.0003270575222824462,-0.0014158096939324164,-0.0016987767667804824,-0.0012121594069865894,-0.0008516907746152629,0.00020566847030043856,-0.0009163944239536126,-8.852149142877489e-05,-0.0014657428415385655,0.00010648702213700977,-0.0013446100046477266
2024-06-07,-0.013666154046936475,-0.01173702290789245,-0.0037563603978771867,-0.00028047873957822377,-0.022353030302572078,-0.0021302786936324833,-0.01647096620177042,-0.00878995560760234,-0.006519969541807137,-0.00516929457785479,-0.005246836724569797,-0.004983832784154851,-0.005506659592697165,-0.014943253993556128,-0.003652241868918611,-0.001264464292682707
2024-06-10,0.004344243856121673,0.004711367544572832,0.012148073129919461,-0.002408235350615679,0.0015554771243700865,0.0010697468530883097,0.010744449287679907,0.0030053340960918967,0.003347331617479227,0.0026654700367046663,0.004982310698533358,0.0017105205642040956,0.003921302137922922,0.004069440031708992,0.00038430926792579277,0.0036374346958462714
2024-06-11,-0.0007467053652950017,0.0003062246080964555,-0.0021382482206433115,0.0026402409541408036,0.0018848598190651848,-0.0005462775169647015,0.005940830909092964,-0.0014291739690997173,-0.002252352168974779,-0.0012528265924493173,-0.0036192943736065523,-0.0014318638563309335,-0.002371237252700273,-0.000832274089116747,-0.00019556308692502154,-2.2170767606308336e-05
2024-06-12,0.0043476541009284265,0.002826925838305333,-0.004454114262111791,-0.002873142606104393,0.009240463196519104,0.0015963064252586946,-0.002868636765492691,0.009575226701515657,0.00871748714716984,0.00578589962141393,0.007671127687554412,0.005855979305701172,0.006795014722473297,0.015246119607454258,0.003252451306066322,0.004079960472360582
2024-06-13,-0.0028607893886618643,-0.00011284712229030127,-0.002187108705189132,0.002109314984244202,0.00046031956839726745,-0.0006663616098106086,0.0030633802133327726,-0.003550364302491828,-0.0033845747197486986,-0.0008615554769333682,-0.004787477080660767,-0.0014680095574094135,-0.0026903744587027214,-0.003194158777502623,-0.0002206479925146201,0.0013374641962208406
2024-06-14,0.000357031061355382,0.0036302569547521394,-0.0004093753540515229,0.0035751119939563666,0.002272331550548825,-0.00047043282434322726,0.01865955005160866,-0.001030044409328796,-0.003863031263412132,-0.002109253278179433,-0.0061634903103731575,-0.002131230991869037,-0.004657132149646385,-0.0005912007788062674,-0.0008954555737105919,-0.0018168774900611316
2024-06-17,0.00024761103570694197,0.000769715055930832,0.0038664067625010026,-0.005002375143738449,-0.0006474896026650852,0.0008374433020103836,-0.011281485079684232,0.0058749367620096,0.005161253974095614,0.001421088956884826,0.005914944484927906,0.001847443170949179,0.0036188928760655477,0.010490286677122894,0.001354031225293079,0.0016251530396587115
2024-06-18,0.0031884620448224005,0.0032672134547240355,0.0029482049865223957,-0.0012247567781299123,0.006699199194844936,0.0007692342985076423,-0.0008630917326908263,0.0026181133714626307,0.002840799227853407,0.0023733094249665963,0.0029060430012154016,0.0020348903458226346,0.0029371392006968164,0.005463600378604187,0.0016731371549478613,0.002497998148936292
2024-06-20,0.0018493787891835853,0.0020147121524513537,0.006570068689691765,0.0010445642954207553,-0.0013330086692447383,3.9124110603807065e-05,0.013236575244340031,-0.0007894742314894967,-0.00106094920417026,-0.00044249582468380345,-0.00032508113384422245,-0.0008750492656505583,-0.0005383036931438488,-0.0027681695383743117,-0.001064166052083215,0.00013123387965914904
2024-06-21,-0.005400875184300015,-0.006049849440536486,-0.006851860626619365,0.001189635401722398,-0.007669058991742077,-0.0008841631912176992,-0.00496183586806258,-0.004103269406245742,-0.0022819543480743438,-0.0006046203691543169,-0.002286201089424496,-0.0008795255168615104,-0.0013794503795622154,-0.007701670903278734,-0.0012550854683765814,0.0003938923443343792
2024-06-24,0.0030598657703702716,0.0018120392798538197,0.003522834912260446,-0.00024649298224390314,0.0035324760199270553,0.0004021271515741497,-0.0035076639003489007,-0.0027396531173409814,-0.0009277966202609984,0.0006785587347130673,0.0006108775354459747,0.0006530419551175835,0.0008377551576168479,-0.005401707289067057,0.00024576059865462254,-0.0012183409384359592
2024-06-25,-0.004089481544225356,-0.0029927146363778246,-0.006336741109427634,0.00019913084290346886,-0.0019263495046503393,-0.0008257333568686288,-0.010133310101179337,0.0008391235134835716,-0.0010016212037919224,-0.0029821893095443343,-0.0026725608184851165,-0.0021187133258315236,-0.0028511904374373615,0.004300057440410279,8.210535241435845e-05,-0.0019700549369849243
2024-06-26,-0.003634189589121693,-0.0019024939203487717,0.006122855351877264,-0.0015117306366288373,-0.00897302014551473,-0.0004697753339602767,-0.0010111184299273742,-0.0028975864463818375,-0.0020604108842315876,-0.0017233941623975649,-0.0007234525527559678,-0.002139345452940058,-0.0012754900197977541,-0.004464213190080523,-0.0016051708535693532,0.0005127016506800284
2024-06-27,0.004762108655423276,0.0036762144511795574,0.0023079696283168304,0.0002893494592603552,0.005130285611422808,0.0009127106800033394,0.012438898074864013,0.00252563239916171,0.002669036360621308,0.0032852980238084846,0.002812461569619531,0.0026808706553680204,0.0030263742684912033,0.0021163896470599735,0.0006880410472146439,0.002037818128042464
2024-06-28,-0.0012643289024644262,-0.0030584866374601762,-0.0006831750793157938,-0.000617284067890033,-0.007902869586307237,-0.0003815905670537618,0.0006973847591493255,-0.0037191198498501047,-0.0021861335151221748,-0.0010569958569537684,-0.0009309358933389522,-0.001360228560201346,-0.0008716734993374071,-0.007604460632024489,-0.001997025955159487,-0.002753210802722705
2024-07-01,0.0006857057858758208,0.0008715503740027491,0.0133310905572351,-0.0033517006855736846,-0.004048793350836603,4.052122113804493e-05,-0.007841418982745103,-0.001088558486634783,-0.0004550407484488136,-0.0024268478092323094,0.002313871767800033,-0.002362599187743528,0.0002588804221487787,-0.0003961836058536815,-0.0006942247247797,-0.001090340347565141
2024-07-02,0.0020303217375563956,0.0016340597963529465,-0.0034989306242066047,-0.0009718124177105102,0.005951289297369259,0.0009458835701811655,0.0010035545784377693,0.006575918217488162,0.005736654127301902,0.004013066728545801,0.004634260619629216,0.003986641671014346,0.004224388745683434,0.010095696100654878,0.0021625328660010096,0.003933249208290596
2024-07-03,0.004861451074525543,0.004589785867223555,-0.001636349545463453,-0.0013337791896093423,0.01252955482097897,0.0009704657257841166,-0.005878219968199834,0.006501109483895805,0.004585309224844379,0.0019031475072796215,0.0032028373187013796,0.0025312695465456473,0.002777892834168519,0.013278583199145242,0.0030029602219485904,0.00042436048697285455
2024-07-05,0.004773337658732236,0.0037513850242328313,-0.0018956966098791933,-0.00018199225285120928,0.009906337955342834,0.0008330833791524043,0.0026849229817981868,0.0058598752333399945,0.004217566033760758,0.002246299644180261,0.002918830162572294,0.0024329460100576137,0.0027583394684012126,0.010638658572202534,0.0021351908175787607,0.0010011777704706636
2024-07-08,-0.004796731401358456,-0.004230319828698744,-0.010363442564043148,0.000856606722961647,-0.004813350892620047,-0.0005156242437964857,-0.001991262706584081,-0.00021642795580341135,-0.0003909255462501615,0.0002771526746260506,-0.001951984219229321,0.00041566243845580104,-0.0011634164487868098,-0.0010736630667746731,-0.00042818831958909144,0.0003353428875864222
2024-07-09,-0.0016610325309738274,-0.0012848097727681698,-0.003356444881972644,0.0010243187768499264,-0.0029704099400868406,-0.000448548326115335,0.0030699708277795294,-0.0010067388800471012,-0.001764095420394361,-0.0013825616465703383,-0.0025002958522029875,-0.0011783216601213922,-0.002169747552267645,-0.0018693968226662092,-0.0009134398314022536,-0.0018469162201457
2024-07-10,0.004131751809126496,0.003668024477191005,-0.0025976897715325534,-0.003551367293566826,0.007259500879047829,0.001957959592461344,0.004231726007502044,0.012830195887367014,0.010903823567997503,0.007010065847224677,0.009675825486789847,0.007027401327254083,0.007939621478090741,0.01894740533890442,0.0032297178528442076,0.006093234054904237
2024-07-11,0.008348061748447481,0.0023345373716805555,-0.0029264685375528193,0.002829743879795465,0.006836517276818288,0.0012183237675903887,0.020719183610571727,-0.0019302930797226584,0.0019349820362267833,0.006699806456800359,0.0032562071942614495,0.005114228959015571,0.005351362913120435,-0.009697433404120475,4.320241600348231e-05,0.0018529519930108045
2024-07-12,0.0017764213077727422,-0.00026445532950995754,-0.007960578908500784,-0.0020863012366557276,0.004495738096998187,0.00103265409247615,-0.0037656016270444,0.00774550974373589,0.007148505249738624,0.004570290850604904,0.005989581961928033,0.004721381270092029,0.005292027326162621,0.011638827442355924,0.002231427814940941,0.002928997570602972
2024-07-15,-5.5246938302491375e-05,-0.001599124490069034,-0.001303017423485152,0.0005756233824273861,-0.006424159385891938,0.00024478261193636375,0.018026618771027833,0.0019044155359800325,0.0022162862131555492,0.0026751191599802887,0.002359376230229762,0.0017290370610680119,0.0022125987317983308,-0.001229877518654722,-0.0013368666641490829,0.0026831992718654085
2024-07-16,0.008681658192074844,0.007168145913812623,-0.0029964058713946437,1.7080148277087703e-05,0.011891558639674952,0.002638962637866525,0.030778460271908076,0.014979314591812338,0.01260682309251196,0.010765609192953387,0.010602654119564237,0.009935220993607578,0.00985510933950378,0.017957579515454333,0.003201654199751978,0.00908160077221846
2024-07-17,-0.0030056048397794923,-0.0068284892274285995,-0.0016778591328436305,0.005759473502485613,-0.006684337644004036,-0.0020650467012147,-0.010847245053170558,-0.01878140407349901,-0.013080810384179535,-0.005977219389046575,-0.009973408289322493,-0.00593426721607042,-0.007351612358030522,-0.032762500914968434,-0.0037027294939736824,-0.007860622677492095
2024-07-18,-0.007472863498428234,-0.00651539549596526,-0.0009734921946846874,0.004215970167074352,-0.01209692829309415,-0.0025452851571633964,-0.005119068417384614,-0.013500345796698841,-0.012121857472084874,-0.008465691591418037,-0.011476681713641612,-0.00822672830978886,-0.009791869354465018,-0.020252862859775757,-0.004067442990813818,-0.006829485766740218
2024-07-19,-0.00883901559342818,-0.009430905788546561,-0.008000676344533051,0.0031273684969477483,-0.01342120318683212,-0.0021703418054018504,-0.011145020652741049,-0.011392155163518993,-0.008871500690766814,-0.005444479870329613,-0.008336777676170285,-0.0052147762742807795,-0.006785762689571019,-0.01889129981388725,-0.003326060558923431,-0.004720864994589121
2024-07-22,0.0037263486956206375,0.0025956259659678316,4.0560751319377295e-05,-0.004650055994239119,0.0036347259878221484,0.002010549760685799,0.003884655562724467,0.011977924283935699,0.01119902936974514,0.007425170336337515,0.011094506441337002,0.007052137322757746,0.00898758711712953,0.016751744512096912,0.0026599718318340857,0.006811013001485299
2024-07-23,-0.0017468390975594276,-0.002921587038135544,-0.005081084566918181,0.0030084651429834325,-0.004467299300754521,-0.0007241406957252405,0.009852577005487362,-0.002546446835202941,-0.002453924672833306,-0.0009853635869942826,-0.0030991987410805225,-0.0012775356871830158,-0.002137364557123704,-0.005937923929300057,-0.0016205070234789106,-0.0010552315146767942
2024-07-24,-0.00821280414242901,-0.010417607598984172,0.003779110190935235,0.0068796038484531434,-0.016272564233018087,-0.004284460833458442,-0.020087518510753098,-0.028966532051976596,-0.023328711740966297,-0.01558157793486334,-0.019425742826628054,-0.01525019116290484,-0.01623748761368268,-0.04358216033614226,-0.007006974579955199,-0.015400241067274226
2024-07-25,-0.003807399539642822,-0.0027161281488963327,0.0005545995795355656,0.0007080366338265633,-0.002052871668243905,-0.0008629075936458362,-0.014050853859059157,-0.007197973760329107,-0.004770186608896139,-0.002276552246887936,-0.003860456237541386,-0.0023418497623370477,-0.0026872614757215115,-0.00969751779405693,-0.0004678856474412587,-0.0006425267773373701
2024-07-26,0.005866727759328139,0.004317315765706898,-0.011915088512206212,-0.0019449442854512745,0.010605465899983579,0.0025423128300968685,0.018830675818079366,0.018117112054529684,0.014782401323064178,0.01084870642885105,0.011311552689056573,0.010587713205340535,0.010304770099978367,0.025028562555972224,0.004013243054910878,0.008347419832124003
2024-07-29,-0.001680091149688626,-0.0003903861936354558,-0.00344164686640794,0.002355575333613233,-0.0005484175159135704,-0.0004214023134438732,0.006175588776212125,-0.001918498284444352,-0.0022968484499695913,-0.0004877770388438709,-0.003388811507062557,-0.0005672342446173851,-0.0022260644863796642,-0.0035387315652330976,-0.0005412283767512379,-5.7586787720971256e-05
2024-07-30,0.0019987255388993594,0.00015274680486128362,-0.0019073318558805715,0.0031250956316527497,0.0007513422094371517,-2.5587145776516927e-05,0.012717015803186725,-0.002454879123790727,-0.0015479966116520839,0.00098890314574806,-0.001395998756530735,0.000585795175256741,-0.00033905922057918844,-0.007356533928833725,-0.0008779923473844079,-0.00044077657527781837
2024-07-31,0.010079905567638476,0.012172167304728893,0.011087516480253766,-0.007281502956703021,0.02008456662688504,0.0026325808295902947,-0.006940113030355738,0.015820575539952104,0.011918201900115874,0.004815314217313853,0.010930202382534135,0.00514921061966258,0.008340259725801134,0.03217188632471461,0.005737999678606795,0.004705203709837364
2024-08-01,-0.007109286796340971,-0.008365974998583992,-0.009779715035309557,0.010951641921026154,-0.010301711443115102,-0.003386014157952693,0.008917136094964459,-0.022252128027089733,-0.018316134780521777,-0.008234043897943596,-0.018409585308080588,-0.008891889576998992,-0.012940229192620927,-0.03716161645691971,-0.005611369978708065,-0.008343502695948858
2024-08-02,-0.008348249174584533,-0.011440532958686155,-0.025990022774869035,0.012047535179993636,-0.0010799639278717584,-0.004800667216952955,-0.025797239705603776,-0.026080953775836496,-0.023564279135464144,-0.015031657146686988,-0.026300408351034865,-0.013498168166683132,-0.019263476549664014,-0.03475479698886471,-0.004218219488752154,-0.019320126835483755
2024-08-05,-0.012493271657039609,-0.01117936442836907,0.001695595321244598,0.009272046297066863,-0.013145086552148176,-0.005984561015407883,-0.042530355120200446,-0.03760896729632768,-0.032786473406173314,-0.023483754986591044,-0.029933723089861947,-0.021592586787490885,-0.025244322991061528,-0.05109300660678361,-0.007274225666765326,-0.022764734520936327
2024-08-06,0.00030461846130225225,-0.00277913659997091,-0.002741946797255979,-0.004006648740437952,-0.008490338862688032,0.001759244310272208,0.013623462359096289,0.01036020978937833,0.011421797293521174,0.009023205807006808,0.012487985444636411,0.007971285167566964,0.010054072480855238,0.008304005029112176,0.0003933600085626785,0.008623557526955348
2024-08-07,-0.0008414543887678205,-0.001190518598963733,0.009955642221123532,-0.001170697688287392,-0.00468833118969945,-0.0005378922780701975,-0.010371094776707983,-0.005931354797815839,-0.0038000288057080515,-0.003321365976965716,-0.0009255841285698125,-0.003330835158563032,-0.001684788585939721,-0.008697249179606572,-0.0013167998489781783,-0.002193710530663762
2024-08-08,0.010371885713148139,0.010968779188409316,0.007726926841070118,-0.008552967800558772,0.011816801982525889,0.00429481062615061,0.02144279623062281,0.02666241049316985,0.02223610564577284,0.013820755282330534,0.021168221899019866,0.013143735387220447,0.016591244088626157,0.039265143445481925,0.0055561625031616615,0.013769248445139845
2024-08-09,0.002487951154275565,0.0040773931913919955,0.0015938945604534154,-0.0007362191604581303,0.007407888174269378,0.0007135119162172498,-0.0007052462168072402,0.0028624408604074653,0.0020042454136094184,0.001711437689166992,0.0013445872660734597,0.0018729543697417618,0.0014145583667095065,0.005827382060189928,0.0017482788395040824,0.0014845090402322014
2024-08-12,0.004357253755259883,0.005659837177555622,0.011396026459317239,0.00024573421539615946,0.00649107158944159,0.00015122248246448474,0.004097622850214813,-0.0009844499413653243,-0.0018410843991907276,-0.002045482704385385,-0.0011269380672253046,-0.0021115682328481443,-0.0012696503993559222,0.0012341631279303128,0.00032533577290452077,-0.0012185266589030948
2024-08-13,0.002891459388281957,0.0008842680789551821,-0.014078361597983261,-0.004051548734380267,0.009333146778397415,0.0020325301488533414,-0.0047373814489052295,0.017295557686408298,0.014392817634826008,0.008318859890819989,0.011352298811303002,0.008940811658558341,0.009498955042084046,0.026865770533122255,0.004620640614646405,0.006236760648652663
2024-08-14,-0.002155039012977717,-0.00277151231125231,-0.006633759335893769,0.0009646382027808504,-0.0007216829344139562,-8.580675953441037e-06,-0.0023995479383932495,0.001567981538847058,0.001797373515925247,0.0017041187942842717,0.0011276158082079838,0.0019349194269749244,0.0011162631190420773,0.00039980442038352717,0.0005331200114130743,0.002152942840006346
2024-08-15,0.005059882902335565,0.00806513389061373,0.010879340434946812,-0.007668080408602392,0.004823807626657984,0.0029867148755974952,0.011206402842094544,0.018776492120085895,0.015280647790594933,0.008735508618863077,0.015157143543198187,0.008471556086156986,0.010984338694939855,0.028159392061830883,0.003692434155492799,0.010508610886567033
2024-08-16,0.004889578454811979,0.0015624932953742163,-0.006318353714458917,0.0013824760135975967,0.00675316689421072,0.00055813384066736,0.007587059677083376,0.00554249029006103,0.0035270386200611428,0.0014499230993748982,0.002185005197338448,0.0020495839619808927,0.0017253664688279234,0.007281136322837737,0.0009842474896681096,-0.0017600917625557463
2024-08-19,0.002042033526973933,0.0012236098046763423,-0.007724220009725459,-0.0027957693096901104,0.006098282685329643,0.0013221698345896723,-0.006461642156169952,0.009141536221887223,0.007644403783067413,0.004621732840478288,0.0062641371151646265,0.005375989024631965,0.005050854149396028,0.013639018985754547,0.0027508268221714564,0.002191007703807087
2024-08-20,-0.0012500437111419584,-0.0014891196757058297,-0.005085489475293323,0.0029747631514057283,0.0017544848179861748,-0.0011218664156692599,-0.006293554435267676,-0.005748166965842002,-0.005816193650849167,-0.004169724978954082,-0.00670927293918341,-0.0036027554784572313,-0.005117288698614179,-0.006687300029609887,-0.0007332735744321176,-0.005179827419285791
2024-08-21,0.0006016816290871228,-0.0010083795709393444,-0.006332290920313524,-0.0014382828190952696,0.002376711704408476,0.0005076638353588063,-0.0059046816142535215,0.004121503820195776,0.00400340670408942,0.002410526238790493,0.0033033394618027364,0.002610267654098926,0.002965805317186012,0.0065233227361002075,0.0013391053067007168,0.001050076874006428
2024-08-22,-0.005110563128797941,-0.005239158388394406,0.003914263009470832,0.0020314934785870082,-0.01212260685501397,-0.0013113986878133623,-0.0013048470129580388,-0.010988190922547216,-0.007450715134608964,-0.003296183577996471,-0.00491318689144034,-0.0038290014954716267,-0.004085404437500188,-0.020272283059113976,-0.0032986009843108946,-0.0017555911514866678
2024-08-23,0.011281618111319927,0.008284674594139582,0.005331495254124004,-0.006169987454624919,0.015635260634422606,0.0032965979181494875,0.0019763274542625667,0.013466501227666256,0.014147848139032443,0.010788450368795433,0.015131270357571424,0.009950232423475121,0.013356189112730338,0.0201436116655212,0.004860272311087583,0.007930783156020919
2024-08-26,0.0006582702628789642,0.0018987373798673866,0.010669696198763581,0.0006474904643962561,-0.0020020120385556258,-0.0002748869975692698,0.0048145218478745505,-0.005644590145531655,-0.00419090939905768,-0.0018353132551691984,-0.0022764045943747375,-0.0024050106822938494,-0.001940970449403984,-0.009165400740405005,-0.001360640302329053,-0.0005135822827221535
2024-08-27,-0.0004443052895192012,-0.001827266543334163,-0.004756601323221088,0.00020620633979671546,-0.0002885630323189843,-0.00029038539926657915,-0.006034990048032915,-0.00029189675726193614,-0.0005673654395752593,-0.0012450466922520925,-0.0009102346292789005,-0.0006771733841277831,-0.0009920487094749208,-0.0001468247882923904,-0.00011887094530703342,-0.00276191628740412
2024-08-28,-0.005917557660836153,-0.005023248861133757,-0.004883747389664654,0.0029172317292443157,-0.00839055792491211,-0.0014769117307964644,0.00029407918768673165,-0.006353361786582882,-0.005866336250350171,-0.0036433073879224274,-0.006403019109276823,-0.0036518973367922493,-0.005138815739731507,-0.010242834198188468,-0.0022665722639593666,-0.0022276772812054664
2024-08-29,0.002226838779902778,0.002897191383389559,0.011153817056460616,-0.0019597773192309136,-0.00044943535265222164,0.0006388135914819442,0.006116061500043318,0.001812458053559037,0.0021892895157705145,0.0013516290344363136,0.00380951961010486,0.0006657032510329197,0.0026476563996013676,0.0024670230528090835,0.00010602651722420473,0.003219606337939317
2024-08-30,-0.0019509060983426865,-0.0024039013632392546,-0.0070918864594329825,-0.0022654432299735725,-0.005494765502500264,0.0007351441053541172,0.007195958181784922,0.007693142968146395,0.006697747253848696,0.004519500650540967,0.005549814039312421,0.00418445191419154,0.00448652111304444,0.00929039382527595,0.00039257902578884545,0.004439121419802739
2024-09-03,-0.008961520633064973,-0.009013886504622662,-0.01483102029408213,0.011473316884397088,-0.008120110613719055,-0.003946045670435087,-0.002946854271753549,-0.022789065735317183,-0.020511055741003353,-0.011344599302440535,-0.021920822042798875,-0.010739374075278668,-0.016403845701926552,-0.0354675894429107,-0.005180018002562651,-0.012279907006952409
2024-09-04,-0.0006909203528585144,-0.0035533395313765846,-0.010387158073955922,0.002911367626470147,0.002450917533223292,-0.0006630260494770023,-0.006218554489238605,-0.0026646518098873595,-0.0018027498932230222,-0.0007996580962813228,-0.0027523041414984307,-0.0004903575097474379,-0.0013728868828361493,-0.004155895728259305,0.00010376117388213331,-0.0022383148924927125
2024-09-05,0.0016915284957435787,0.00031819243143964596,0.0008920523422979366,0.0019970381118222585,0.003243620425020643,-0.0001851129085745056,0.00047579942468400417,-0.0014356247023763454,-0.0011777783519415575,-0.0008676984597653959,-0.0008477881349484818,-0.0006698514242685532,-0.0007017522294329855,-0.0027800434446876316,6.347345403557196e-05,-0.0009232826616119001
2024-09-06,-0.008222342050954122,-0.010206346604917396,-0.008439071805485355,0.0075096976103277875,-0.012868290363154176,-0.003335355988903432,-0.005407089647020919,-0.019751527610840713,-0.01600505230542976,-0.009170159096215975,-0.015354906448639506,-0.009352036688140764,-0.011573250564520852,-0.03118892176858481,-0.0051414357259151975,-0.008974460556519369
2024-09-09,0.004297472568858702,0.0058002049993425755,0.002287069352696471,-0.0031072057290878765,0.00665188799698122,0.0021542666903540024,0.015428883905578896,0.012865816357305644,0.01084837304354131,0.008100174079183904,0.009653586722744219,0.0074054567087175815,0.008250951355429394,0.018378821904079832,0.002946277480922794,0.008963257569079418
2024-09-10,-0.00023334079510535922,9.020905853108509e-05,-0.012267806347994698,0.002799196255037823,0.0018041232162167161,2.3882950038907664e-05,0.015586452165372893,0.0025780280852356263,0.0007126690975652168,0.0020431472750572343,-0.0024347137248598725,0.0018721691232434696,-0.0006868695141330518,0.00279891451906155,2.1843411148443105e-05,0.0002176526200686243
2024-09-11,0.001985946382905172,0.004535585264328763,0.007655349579865724,-0.004464064589587828,0.004263111249129472,0.0013110167122607106,-0.003045398207222938,0.008245540894311027,0.006572798159981937,0.0029925964432571494,0.006665792853518785,0.0030896206281008916,0.004589340780595934,0.014723698474731543,0.0023506175325266384,0.004752356636627068
2024-09-12,0.008682130309225784,0.007878678668204003,0.013755469752155034,-0.004404352902105446,0.008249482348834524,0.002014915099851788,0.006223146118371737,0.007696987419955455,0.007184882910218315,0.004254934461562069,0.009048119218708389,0.003877543958323068,0.006774970239366796,0.011782067922356487,0.0020821048142421277,0.003206503699303248
2024-09-13,0.005214643298566407,0.0037640463964583658,0.00035403474605599154,-0.0015575590850024203,0.005908265580939574,0.0015575708172299856,0.013276607386192166,0.007974715397602942,0.00752151555333826,0.006156370388916367,0.0070936777509637726,0.005336635560436265,0.006581468908615388,0.010645113972294807,0.0018276718516585188,0.005268959923425078
2024-09-16,0.0023263692444272814,0.0017620184877854236,0.0023256516510289514,-0.0012279744921810099,0.005835173816082623,0.0005966759791125809,-0.008810907864897341,0.0009106557228146627,0.0018992752781676028,0.0015805409880948278,0.002672117708338228,0.0017090868542845516,0.00238661888043995,0.0020223917273924515,0.0015852165232799044,0.0012373942619057332
2024-09-17,-0.0016282290519609658,0.00041785673830777975,0.008534096426159026,-0.0016099298018615528,-0.0032617902737375037,-0.00013370369207551765,-0.0036701180682303424,-0.0014875066964421518,-0.0009159024475580553,-0.001158242989676657,0.00036695052527177703,-0.0014502374144747567,-0.00030315987939302905,-0.0010165432111313398,-0.0003541258839590884,0.0015613539250140653
2024-09-18,-0.004216936937655239,-0.005897282198958673,-0.001612069149961572,9.588636710598582e-05,-0.010216059469088072,-0.0008949257094033684,-0.005975123330550001,-0.004508460277390375,-0.0027128137827052935,-0.002181213443297283,-0.0013449014260803066,-0.0022104356299736338,-0.0016420933003268789,-0.00880753488245413,-0.0020429413393702072,-0.0017808558082791635
2024-09-19,0.009552524135991253,0.010201753326440346,0.011337165827890594,-0.0086419227421349,0.013573422071053217,0.003103769797066113,-0.0007293027882779874,0.018304150978668395,0.015066518671200404,0.007338188441882261,0.015122360443403074,0.007361288269613161,0.011292148429218288,0.03182903155041406,0.005002530072557702,0.006874699021463412
2024-09-20,0.0008260854928959094,-0.00019506194314318308,0.0030007252022455216,0.0027373722336447633,-0.00215586621433348,-0.0005213065234987925,0.011881221033302592,-0.002465566434734977,-0.002627202557444079,-0.0018380843353486044,-0.0022215333764537214,-0.002108390051380653,-0.0020265939002111462,-0.005389237159897524,-0.0015390669494240073,-0.0012323890948715717
2024-09-23,0.0008876121071776837,0.002372894266733486,0.0008626536342108963,-0.0012745886450752984,0.0007264530583650941,0.0005279346023970539,0.0048335494160923215,0.0019042127138951164,0.0012593377360974232,0.0014898348358859924,0.0008522173816627218,0.0013217200455754624,0.0008879808461680455,0.002953244316442138,0.0002942044788697616,0.0007120933752872496
2024-09-24,0.006400704124223781,0.007697592430019984,0.009562755302900516,-0.004774405824236192,0.010792136627460501,0.0012507099936976138,-0.00984016529872541,0.0043770885693740725,0.0030574467691008096,0.0003690275814182938,0.0036111960588897964,0.0007913007771878796,0.002447495691976145,0.011995731035308047,0.0024268799163023567,-0.0014933198679281572
2024-09-25,-0.005151185052168894,-0.004002077077922514,0.00041870382261521366,0.002197591056401044,-0.010942890416547928,-0.0013488031465038251,0.00644224599147524,-0.004995936625353469,-0.005273944440816747,-0.004140582948869943,-0.005183911597842246,-0.004215252285207953,-0.004950798320030983,-0.00878642972020783,-0.002900359660616453,-0.0021686989273253963
2024-09-26,0.0012761313698351534,0.0019809343280383857,-0.006871138058736295,-0.004239017779789931,0.00741636251355043,0.0009391930383577413,-0.018399363022326583,0.010630528125214549,0.006621803574354139,0.0006476305623357064,0.0045103842948878,0.0026582210826506408,0.0021823198678649364,0.020036580437386625,0.003148107115803058,-0.0019497206482940901
2024-09-27,-0.0014795471602911132,-0.0020522538677282174,0.0006876217674824723,5.364283190007033e-05,-0.0007834603829026125,-0.0003486709161101501,-0.0076268902000374665,-0.0035514251832440336,-0.0013211268565041742,-0.00010466167793102794,-0.00046374006689158496,-0.0006416235628314613,0.0002874782423177073,-0.0045437194194591565,1.512875144878313e-06,0.0013380010039742076
2024-09-30,-0.0021414456385490895,-0.0012126147124958445,0.001747573805071733,0.0004763510352977508,-0.005886298341143856,7.20953011235213e-05,0.008669647899891964,-0.0011357585614418055,-4.3096914792551045e-05,0.0017310765139912081,0.0006841088880796084,0.001140863631907013,0.00069458300007542,-0.005457224718864692,-0.0010125140256924546,0.003049280795697959
2024-10-01,0.0017487691991447596,0.004740368153434456,0.014154001996168508,0.0021697281811474127,0.003777284620387811,-0.0007014064323557388,0.00341060487280556,-0.008356118587398209,-0.007551771054357673,-0.004413913668965745,-0.006224904739177702,-0.004923009552594697,-0.004839784962668586,-0.009659082949205778,-0.0009779633336835444,-0.002011158672032995
2024-10-02,-3.27636390246985e-05,0.0023811566973690507,0.009683576523484012,-0.0033225163560118747,-0.0019884337839682154,0.0003294232012040022,-0.0016182638102116122,0.0013854334126308038,0.0010277227662173207,-0.0003615398043738681,0.002007327595747742,-0.0007022727639581857,0.000915769200017967,0.004490645052770657,9.103241512751665e-05,0.0015537420799583547
2024-10-03,-0.001986199286765959,-3.3569193408680134e-05,0.01515051369386027,-0.0003298397326417066,-0.008094829476519728,-0.0009540923893158839,-0.001844801924395855,-0.008399320228814736,-0.006865796636674434,-0.005278104484492874,-0.003897875970863364,-0.005581223505372466,-0.004374327264084925,-0.012249542365510232,-0.00263788696228016,-0.0026921308686641008
2024-10-04,0.0003347954132691944,0.0030081678461685484,0.008802551221542792,-0.004942958494638382,-0.004090079537394604,0.0014592548067351426,0.007522458433885019,0.009962095405689108,0.007835066622453923,0.003893417370915627,0.008513967832115164,0.003920367456965489,0.0052069489362738045,0.013157612084676048,0.0008843775898140958,0.005732119540037833
2024-10-07,-0.0028076926348716475,0.0007921833549102003,0.013787275571801816,-0.0010213040236393249,-0.004936917909894545,-0.001392062171755383,-0.017008992049078762,-0.012371264161919679,-0.010812883367978155,-0.008307926644183086,-0.008207858118473188,-0.007905078911537088,-0.007767512322064069,-0.014474956495523984,-0.0022988139888393206,-0.00719865557754845
2024-10-08,-0.004448063965070342,-0.006619155573961548,-0.017356832191596182,0.0026840123576121703,-0.004167208399632527,-0.0004933715978565133,0.0036570340626604697,0.004042849315139926,0.0029320085334031253,0.001803707136430492,0.00028135615109626904,0.002088044671194211,0.0006296045669714118,0.0035132025104631236,-1.8247113046668126e-05,0.0019248007534340718
2024-10-09,-0.0022630608790317817,-0.0011024017712542187,-0.002629061852071248,-0.0011463316062248641,-0.004531123307042696,0.0004267739907112273,0.007475136439533773,0.005691722030600166,0.004314498748036451,0.002657260639937683,0.0033900524422888767,0.002534583580066263,0.0023540559456189463,0.006801440355100396,0.0001722092250780829,0.00396799883575466
2024-10-10,0.0018214868550939529,0.0033109500153469767,0.014521329938715234,-0.0016543031221113317,0.0014992903789302675,-0.00035193602736938656,-0.00793117264995666,-0.004739412617593476,-0.004086677144087263,-0.004227963010452862,-0.002012656778773827,-0.0043769277330297,-0.0023663049167028873,-0.0027895692785336514,-0.0004587330858942469,-0.002628364615044872
2024-10-11,0.005310740817401886,0.003104608399139119,0.0002843863235907399,-0.0018696221504716241,0.003174777517520189,0.0017820822839907265,0.01849893880560464,0.009454177435606963,0.009052205943304942,0.007358398354599786,0.008930420267342282,0.006364561605869195,0.007889216434312663,0.010884711232612782,0.0014348461272099392,0.006244397544095336
2024-10-14,-0.0011845395376521967,-0.0012532747425723309,-0.009105128305389641,0.0003168989447952749,-0.001819838038483208,0.0006146938087961567,0.012374359989769278,0.007324346025397416,0.005538428244329776,0.0042618999240615,0.0034984023276020534,0.004210089626453603,0.0030634667437446405,0.007968990463669456,0.000600250888707197,0.004051471171690516
2024-10-15,-0.0024457489883523992,-0.004622501608886128,-0.01408954161079839,0.009177076555211149,-0.0029072270912825554,-0.00147308268431507,0.019416248854773527,-0.009582234256802838,-0.008033557053942519,-0.0012287863552971996,-0.00962063584243358,-0.0016271412974269493,-0.005810878815273723,-0.02064069950179378,-0.0027980082695544064,-0.0030382106790450597
2024-10-16,0.003066513099478107,0.0024672693657106738,-0.0025541387593567434,-0.0005103367536876278,0.0031615982331532296,0.0013681517687315836,0.017196186765717523,0.007631447966145199,0.007018446753877227,0.0065191921242226955,0.006036062726542727,0.0056817402161021295,0.005838992995023466,0.00857475028255362,0.0013616115140828449,0.006141601970086777
2024-10-17,-0.0008397242419852752,-4.922613785297435e-05,0.007400883005202104,-0.0013968559143425988,-0.006346851595825577,-0.00031743714777751744,0.0026338424116974257,-0.0006030754995903457,-0.0013589211487829477,-0.002696573739493692,-0.0002768413187111082,-0.0026777620081797357,-0.0015489962810354048,-0.0004476488883389889,-0.0015126459219700669,-0.0016852494263960148
2024-10-18,0.0030712522513522455,0.0012688637379368976,-0.004923021915414632,-0.00038654773827946176,0.004271254550689941,0.0006832226886612127,0.0038827393190742584,0.004907338185767702,0.0037561506152063405,0.002300269339286731,0.0027742995508035022,0.0025326272921526436,0.0024485937669781613,0.006892083444564836,0.0010371301499885147,-0.00010327849646704168
2024-10-21,-0.005701136835082746,-0.003113418462062024,0.010336940310562271,-6.364796686867667e-05,-0.013320030022703435,-0.001962256768667361,-0.006773587005966573,-0.009105409659604878,-0.009465096220367501,-0.009431075434175172,-0.007721009149843821,-0.008980967986166485,-0.008420405451766762,-0.011065365099006918,-0.0037980474464349803,-0.006829220884999732
2024-10-22,0.003638168615236679,0.005435141111318846,0.01316908530530755,0.0002244376657063364,0.0032052856111496886,0.0002395576807055511,0.008633877091366825,-0.0031261505831415453,-0.002721259604925959,-0.0010271385697785144,-0.0012308254824088254,-0.0015908900647110462,-0.0010052579345737546,-0.004134885565160089,-0.0004436041364102826,-0.00016154114774052908
2024-10-23,-0.0062374890736497934,-0.005442701582041064,-0.0019017504299557965,0.0030306658756389187,-0.010896454956435986,-0.0017503347871873297,-0.0037449680235813786,-0.013341841557189437,-0.010270587726545932,-0.004738782308747658,-0.00907962135802726,-0.005012528057773675,-0.006865497987049258,-0.022170710731592005,-0.003482364974932821,-0.004646163216260283
2024-10-24,0.002514919780058103,0.00044772782413170394,-0.0034443374544538157,0.0010126126585823536,0.004950641137351165,0.0003053965254453051,-0.0002945155990044788,0.0020028524663114797,0.0017389215590826522,0.0010925730650196835,0.0013860322638948718,0.0014700642954955097,0.001270088505180928,0.0021337583154130524,0.0009099363271504637,-0.0003785668815872317
2024-10-25,-0.0015148845950967015,0.00039450877380312,0.007848976631271072,-0.000487505501598769,-0.003831125107050245,-0.0006138267777612814,-0.0012740904063382789,-0.002883767256271383,-0.003274644075253543,-0.0035907467026338896,-0.0024505536872697054,-0.0036053796358889853,-0.0028892668896563114,-0.002300645694083693,-0.0011656049480507022,-0.0015422636254022956
2024-10-28,-0.001545823722233347,-0.004364906221517758,-0.015869882767406668,0.0003284566478660689,-0.0027030162559398617,0.00047457035653641975,0.005180353599712945,0.008175949598495841,0.006537661474208784,0.004088281367043337,0.004368214928273728,0.004623533425579319,0.003504101365716872,0.008365099974509783,0.0006592227394838861,0.001994570303044596
2024-10-29,0.0007140712114886941,0.001482317229822553,0.0005393358151042946,0.001679991729672735,0.0022763614935321563,-0.0003829036793188085,0.005088513354788296,0.0003321001065150369,-0.0015918085065821986,-0.002271491305836881,-0.0026478305288788998,-0.001947557290776469,-0.002495484838355165,0.00217208270138166,-0.00019479425104237298,-0.0018348493423570407
2024-10-30,0.0020818035665002197,0.002707998764403998,0.009515737806951877,0.0015426989893154166,0.0013016738810643306,-0.0002994879659790746,0.0009827645260713537,-0.008087410316188792,-0.006104560636261903,-0.002496011599990395,-0.003966262249799745,-0.002659630745904703,-0.003091394418291268,-0.013266575659846654,-0.001232875724054487,-0.003069665580306056
2024-10-31,-0.009068298255688398,-0.0076744855363074,0.004553887997626113,0.0026953628257986974,-0.010205289061582804,-0.0034999561365347473,-0.0368087174200433,-0.022976155058868068,-0.018837190496253885,-0.013960248251712274,-0.01601295657422383,-0.013029056959761065,-0.013774519523581908,-0.029615158843055028,-0.00401301006587784,-0.012303536965698006
2024-11-01,-0.003915464040014121,-0.003600275252765541,-0.0019667832317994587,-0.0026875092452020868,-0.00842309559790077,-0.00016327591370391656,-0.002474545167880537,0.005208330138892166,0.0034722158135098006,-0.0004250044314030113,0.0029497616943148517,-0.00019347162090305116,0.0010441566827395026,0.008694859434290688,-0.00043155729492657763,0.001287207589849871
2024-11-04,0.004092957361300764,0.002888605104231057,0.003852025169655755,0.0006596421146237167,0.008049837967661047,0.0006213598334024484,-0.0032724087342248256,-0.0029865620074852476,-0.000305362569756828,0.002306920955743134,0.0011537543246538217,0.0018969749134530372,0.0021217662360021403,-0.005610047321747812,0.0012172677834919653,0.0013346329842180958
2024-11-05,0.006128832329501677,0.005078149451003318,-0.000932970890217454,-0.004083868350585959,0.010161751374633871,0.002547589509317637,0.0032441377394317973,0.013079576523578159,0.012259638487323527,0.009104272462955233,0.011839911471387033,0.009010063525613643,0.010037608282003242,0.017866981936656708,0.003942809635381349,0.007347430191968098
2024-11-06,-0.007893542317555933,-0.0026766861879406233,0.0065276336177183085,-0.01076805078459468,-0.016366265711841427,0.0017177637761700243,0.007971824390002696,0.021821688074021912,0.01833000676734426,0.008436239571559177,0.017292569523816432,0.006831446848994472,0.01211154638451294,0.03514528441381631,0.0019465393109949437,0.018211793608116738
2024-11-07,0.008755130203927467,0.006500826910506326,-0.0036706677436542665,-0.0012124030800467456,0.01816737090432952,0.0019503925983652384,-0.0007816340930789215,0.009901027371507819,0.008479049474033527,0.005944750198147233,0.007127570510162789,0.006401736268418265,0.0066592709271891815,0.015961181773501823,0.004309190526695568,0.002640848454599884
2024-11-08,-0.001923545728524672,-0.0015706020517180235,-0.008483372847155574,0.0048316258482975485,-0.002284033046612591,0.0002380760628899872,0.026360079395991245,0.0013393774609958896,0.0018347047387256234,0.0055261791721189085,0.00015034123703690228,0.004416076177585618,0.0018618064679828432,-0.004943074139524336,-0.0004660449350408347,0.0069710009681173656
2024-11-11,-0.008026503713725904,-0.006580633749999612,-0.007964625267926698,-0.0012464752787354912,-0.010409754046198393,-0.0006908116296789729,-0.009403975012520717,0.0005656414377666684,0.0005970707751766088,-0.00029209601870388473,-0.0002748911557546236,-0.00011630347866649826,-0.0006245927088749571,0.000739675549898781,-0.0006500143946485373,0.0018640543774344086
2024-11-12,-0.008163145676768228,-0.0064481759189698624,0.0033079629154448694,0.0021964891987784007,-0.015671995575261156,-0.002540979292477169,-0.006929637253132915,-0.01260923904532816,-0.011743689489208673,-0.009517695691298945,-0.010484086505228817,-0.009220727237153602,-0.009837161720576717,-0.017961471350742643,-0.004519410719731359,-0.007275496012522983
2024-11-13,-0.004153203956027566,-0.004705344509960041,-0.0018727221685139305,1.7796982927375821e-06,-0.009193603595572676,-0.0007138563805125062,0.001413328460328169,-0.0033934765007525617,-0.0016510770752529893,-0.0004578501204685332,-0.0011739928959027964,-0.0013805127787273807,-0.0005055423006731547,-0.005732205629699505,-0.0017065601565780788,0.0011268542868573444
2024-11-14,-0.0033778866488601124,-0.00037149992547778204,0.002392252619502917,0.002514338120021484,-0.001610207444629985,-0.0012435693783172156,-0.006176049531108783,-0.007354296430030088,-0.00764449043147016,-0.0054672492211657615,-0.007674889909704021,-0.00473209945774656,-0.0067701283743540975,-0.009698908571681786,-0.0013175138969212614,-0.004281659539894104
2024-11-15,-0.003546319597976747,-0.0057792449529879344,-0.0036087732829993453,0.003794394687855858,-0.005792574547802158,-0.0019468731215511736,-0.011295577430449552,-0.013603951102799503,-0.010477719657055445,-0.006265588916475247,-0.009161452915492654,-0.006076796769414665,-0.007025529886517925,-0.020903379694647152,-0.0028785724894122722,-0.007503916773493748
2024-11-18,0.008704311537012866,0.00783256930090501,0.011767315289294013,-0.002211302365039802,0.01083005844424358,0.0015056434478325365,0.004487281773825757,0.003316352530014806,0.003527716423085124,0.002727416454839173,0.005110922475756031,0.0023691531450748477,0.004284436699954068,0.005809218181465218,0.0018192736162679522,0.0011568099525827308
2024-11-19,0.003385795823479626,0.0032655553787150834,0.0013588478109703653,0.0007100038882335719,0.005010839758950142,0.0006952144352154678,0.010246489172989285,0.002805746880973407,0.002239565196976332,0.0024508574420933466,0.0018795129405156496,0.0021924942045794564,0.001967355391719018,0.0030407904716313054,0.0008115115031586642,0.001969022402046805
2024-11-20,0.0003615914799338139,0.0015757906414394333,0.003638186344482175,0.0003671447232399599,-0.0015025290052527514,0.00013589430175389602,0.01125536703412645,0.0011414858972686368,0.0003180184186027083,0.00041790728167857486,0.0002040389340648291,4.6234351385146815e-05,9.759622714332497e-06,0.0008900290789969735,-0.0005077505163147531,0.0014738858721684567
2024-11-21,0.004262479394941331,0.0044253331261568125,0.005730867246515513,-0.0013684744482746459,0.0022666915036728174,0.0014716807847154727,0.01922671017903163,0.006703480656741974,0.006183862833161795,0.005523190843012767,0.0064697071417961615,0.004559233826310535,0.0055691317416443455,0.0072801039786101075,0.0008854091105954523,0.005900892766943578
2024-11-22,0.004565525413301581,0.005490141121011401,0.002792165791106512,-0.0002750482224700443,0.004353089696803321,0.0014950142209534877,0.02502607115900564,0.008083384579515783,0.006346774356018377,0.00583168728764998,0.0053339481999266245,0.004926902664993863,0.004948442125950301,0.009691975481437869,0.0011280264359702975,0.005961500808054949
2024-11-25,-0.003913705031972871,-0.005573109645232149,-0.02231452036901241,0.00022587266449088312,0.0065447737341833715,0.0001841148025477664,-0.024396415647936546,0.0025428547305433435,0.004155055851164754,0.004578194601687549,0.0015665701536976223,0.005197961144705677,0.0032571444822750172,0.004516882368517369,0.003275139820939653,0.003083923227098967
2024-11-26,-0.00029308679345014393,0.00028100686618266226,0.0007634158861452467,3.913413907882449e-05,-0.0025540220485286624,-3.642704115040037e-05,0.006273810079445725,-1.5304072828545008e-05,-0.00048720627170642766,-0.00021100066828215827,-0.0005980111702252505,-0.0003650764260062681,-0.0006135950626116836,-0.0006647171769826755,-0.0007315341135932856,-0.0003472403339555523
2024-11-27,0.0011519136923921166,-0.0025167122157965247,-0.008260333542813228,0.00210545922890612,0.004427007457513765,-0.0003258370021290237,-0.012500133196740967,-0.0038903145498659685,-0.002135830591514758,-0.0007108173416987971,-0.0018896123513306483,4.127160085016363e-05,-0.0009450630354085883,-0.007142423104439804,0.00036853212417261054,-0.004034693693850136
2024-11-29,0.0028694438936569403,0.0027960660930374205,-0.002991987087220457,-0.0007268976107639851,0.00898712700112487,0.0007164167516713542,-0.002367752390564499,0.0072294548265674045,0.004920125624212359,0.0018294893253794037,0.0032064516057615485,0.0023747770828283095,0.0025469657735216703,0.013513187139197826,0.0025015489829545755,0.0016262917887174151
2024-12-02,-0.004998646565278346,-0.0015025451024008806,-0.002567373079728732,-0.0009673672746220647,-0.002345694294540227,-0.0006935127252472212,-0.009156772814742392,0.0021765559089338546,-0.0003761236182360237,-0.0028708094456485807,-0.0022674774755679925,-0.002194454204341471,-0.002714487055895943,0.007848016840064472,0.0003837905708266808,-7.837924121318132e-05
2024-12-03,0.00042842834921526696,0.0010434811055682843,0.00914009859666755,-0.0025068593903064536,-0.0009725833534900872,-0.00016424177245044186,-0.010897874516547092,-0.002235504318055149,-0.0017273068808292837,-0.0028408837585622284,1.4021051192175194e-05,-0.0026727567576454907,-0.0009410225414321681,-0.0005198380948703916,-0.0002519058155731034,-0.0021256058479270905
2024-12-04,0.0008174180578955849,0.001198987313137284,-0.0059021077263519284,-0.0001330565009475194,0.005863952382576623,0.000487780049425033,0.0010927137207421712,0.006956738062971347,0.004646543341320863,0.002138969745557026,0.00238969205338332,0.0024502649640284905,0.00213439881028698,0.01239415773955281,0.0019936405590614452,0.002528420875512664
2024-12-05,-0.002898326149438276,-0.0031255712612725506,-0.003982768038211627,-0.00022917200984362758,-0.0008429782582162348,-0.0010155958859555134,-0.023817001558364116,-0.00608699841746518,-0.005278732919675208,-0.0048593816255095654,-0.004897719755726174,-0.0036266538779605307,-0.004522600528531713,-0.0065833042950027764,-0.00040841287436802306,-0.006587077037718837
2024-12-06,-0.0013356627950419663,-0.0013488338165648516,-0.005776734263056074,0.0009982690003089792,-7.40811204903791e-05,-0.00019826639881443596,0.003726884412510744,0.0023718454048991013,0.0012511800452743894,0.0004774936340686979,-0.00035163213323881153,0.0004019661401477232,3.0898380028524506e-05,0.004281783788057273,0.0002460462016092222,0.001203123490098473
2024-12-09,0.0022610758708247075,0.003006230188975489,0.009687689629195398,-0.0010304890096495304,-0.000889798057872348,5.5303999633862e-05,0.002621839301045888,-0.0037344787757216838,-0.003042992840676245,-0.0018141723620181494,-0.0013175246160171696,-0.002070564090584863,-0.0014180167488563166,-0.005309079789098574,-0.0010851981968154991,-0.0026029315079241803
2024-12-10,-0.0003839252619785322,-0.0008376265434255411,0.006820234628289617,0.003386498756625484,-0.0037863104886251796,-0.0012253993545289121,0.00685659460427112,-0.00625371871005741,-0.006236101101143523,-0.005227766821120997,-0.005169946159809861,-0.005260035137707117,-0.0049765651935214,-0.009726767537194213,-0.0023664854467195253,-0.003536891044887625
2024-12-11,0.003553524690333382,0.005058085542444364,0.011010831610524132,-0.00380062674011447,0.001686281226559434,0.0011752092585024403,0.007765711972476872,0.007025094113197282,0.005366773322602399,0.0022048442267102635,0.0060194021412673365,0.001793311459294897,0.0040023552148752825,0.011989001270272285,0.001016336196249873,0.0035640586466226054
2024-12-12,-0.006972690231254123,-0.005903111083308635,0.0005406782005442548,0.0007225964790199106,-0.012462501633015231,-0.0017803213040067938,-0.01117189813519507,-0.010827844378682129,-0.008736832988889129,-0.006017132996722292,-0.007369058107517562,-0.0059495934245343786,-0.006472053433494526,-0.015956844076820766,-0.003187275484231416,-0.005009857691030931
2024-12-13,-0.004686340690276156,-0.002806565654308676,0.0015005658150774703,-0.0020897666858668697,-0.007409832688254352,-0.0008875870493796618,-0.014704997158748349,-0.004297250548259044,-0.004038995320280002,-0.004264218829079522,-0.003380697195530173,-0.0037761229928113737,-0.0036990336767447644,-0.0038739787839201408,-0.0013048170552745807,-0.003761789257064038
2024-12-16,-0.00018108066118099154,-0.0012165813701783702,-0.004641484762574833,0.0008321716720156679,0.0005770935705987065,-2.3575135265522975e-05,0.0014558206295179053,0.0028895588376409327,0.0018064938629910503,0.00039869612873880654,0.0008710448679726166,0.0007415577090827317,0.0004897940147340246,0.003852211376123805,0.00035249477579011966,0.00029719949968173056
2024-12-17,-0.004248895140843459,-0.0030276612634883224,-0.004119347962952631,0.002388829450370452,-0.0034758037344186795,-0.0015021576865885673,-0.008866825508839857,-0.007370141668986847,-0.007423128821598516,-0.005562742025996688,-0.008047662556628615,-0.004875356336029611,-0.0067117463782352706,-0.009239484362869973,-0.001608065967497673,-0.0056969406122981524
2024-12-18,-0.01914252186816675,-0.012892951874529119,0.007633197577880083,0.008185607883080669,-0.028010666259802995,-0.00688252817912793,-0.029787842233779234,-0.03798502197021971,-0.03537547887604923,-0.026794112900777878,-0.03298316504744102,-0.025381380293978347,-0.02909388338128697,-0.05086970383956305,-0.010116499039077355,-0.021977650863594163
2024-12-19,-0.0029620317350266276,-0.0035100701573962554,0.003055951806891828,-0.0015966233797880844,-0.007947700602989126,-0.0010567768813024296,-0.009225409244609701,-0.002831235739433686,-0.0029698651267780346,-0.004951045481012911,-0.002098355463876513,-0.004797114029714184,-0.0029323141981768804,-0.0011232319441319247,-0.0017278993010877148,-0.0038696114689320362
2024-12-20,0.008011650507952562,0.004322950484979646,1.6970819262638465e-05,-0.0009145518914637949,0.00976577824819375,0.002368326369612043,0.015385854290685697,0.010367436206949441,0.010981621971696803,0.00972996921538525,0.011406557770901892,0.008980489400440269,0.010268754417030495,0.010252218257343739,0.0029008229970338955,0.008003571087940031
2024-12-23,-0.0006043577537712623,0.001810073900710077,0.0027210081294917992,-0.0033635087346394997,-0.0017102335794562803,0.0006393734462689112,-0.00016092777427490716,0.004261341683366346,0.0030608927742844867,0.0014426224677994118,0.002825489267406245,0.0014384038522923244,0.0017763118316002147,0.0075547025626896925,0.0005805061693197919,0.001845920976700521
2024-12-24,0.00387118294224909,0.004213842182796811,0.0027688985122667825,-0.002768104410796533,0.005796573235982747,0.0018134648982340944,0.010674839382676427,0.010649701810245674,0.009656799182421594,0.007085450845683068,0.009141013705793725,0.006328336124591687,0.007840813693857397,0.015274650924439137,0.0026428535144574408,0.00831178993271667
2024-12-26,0.002187851862305804,-0.0005845285914412219,-0.00289806957820116,0.0008522762758735379,0.001650444874198022,0.00037927752614337623,0.004176726974077094,0.001852544758518831,0.0023157612802657598,0.0020632712673788545,0.002517571128924857,0.002020038703153713,0.0022762408597367893,0.00018222639706283504,0.0002988798718210537,0.0007322042649288264
2024-12-27,-0.004954307982659791,-0.00474002701733069,0.0039187412972040295,0.0008659496316911286,-0.007936337897203067,-0.0021755500637497065,-0.022931591265108995,-0.014456093295243663,-0.0120221792057092,-0.009470106178070049,-0.009840901736119298,-0.00879034140756388,-0.008845934207577049,-0.018640400036088724,-0.0030175172511451402,-0.009528605402099523
2024-12-30,-0.002182792172176248,-0.002335135349228519,0.003570642530557517,0.003615436084024571,-0.0007563747879796492,-0.0016435163839742372,-0.009539114893170062,-0.012857504744555836,-0.009745608095229903,-0.005478050607258082,-0.008318610108892321,-0.005826801529750449,-0.005974274379344092,-0.01751848579862564,-0.0017307028487547856,-0.003905758908533031
2024-12-31,0.0017021652606168554,0.0006793189345699113,0.005137780875333573,0.0006649129381799406,-0.0031996679726427066,0.00018680165331254705,0.014029222213721158,-0.0024019279454940076,-0.0007209360873482986,0.0014379372876598448,0.0006593119245237783,0.00029676141486488375,0.0011311448249534898,-0.006544687730164441,-0.0013353636825888862,0.0014937951731688087
2025-01-02,0.002645279095452009,0.004424029297393945,0.011953986056321579,0.0013066500579661088,0.0017979135467897614,0.0002105629300481479,0.01707397103591398,0.00018891767286476562,-0.00039859497473228387,8.76274192714824e-05,0.0002777570487282531,-0.0007647683913122697,0.00012079046855124345,6.302310840275568e-05,-0.00036125125086882543,0.0031531186185152016
2025-01-03,0.001214912860391116,-5.454166300459951e-05,-0.006902012344199524,-0.004458541401491757,0.0010465139711487111,0.00165833668350044,-0.0012483385961357821,0.010909464097071888,0.010194131805278766,0.00689978371424919,0.009367118509366574,0.006887211209245799,0.007724635639523163,0.014871941678154189,0.002316434454061693,0.0051052682845040605
2025-01-06,-0.00037390572788039604,-0.0012548458771595543,-0.000339725351238402,-0.0034303678249609643,0.0017347704028181073,-7.871166882548282e-05,-0.02379054753516359,0.0026231803902471615,0.0016642745338759377,-0.002572730327562705,0.001958909892960414,-0.0012983834062713759,0.00014849673386321425,0.00823168099912646,0.001272554472412169,-0.0032053189821213447
2025-01-07,-0.0019736359249589355,-0.00116728150979521,0.009195598790261841,0.0020258891522605244,-0.0070126342239726245,-0.0014990669534483063,-0.0014053487287457476,-0.011294706876720574,-0.009835219820396781,-0.006913044311123568,-0.007678630384779653,-0.006905096624803817,-0.007001563686005936,-0.016794628820737886,-0.003239777991322198,-0.006194721770026102
2025-01-08,0.0008704057507921655,0.0009624876269072508,-0.0005206784132075178,0.0015546231400689235,0.0013897540218699705,0.00013028074425798768,0.010799019519813876,0.001124277401416957,0.0007621747914777641,0.0013919316690552787,9.484521970380439e-05,0.0009105569504751437,0.0006340180898613844,0.0007692715759438027,4.888433165453927e-05,0.0021087434425615375
2025-01-10,-0.0019092283625042955,0.00184315873992678,0.02704189282450682,0.0033426126494692852,-0.008245000186848749,-0.00253129938015196,-0.004096922769397757,-0.02119366745264282,-0.018702090682137695,-0.013470644833879473,-0.01390362803052611,-0.013476630567517729,-0.013066010895324422,-0.029648975876146826,-0.00514367595145755,-0.009903926924053882
2025-01-13,-0.0003923189033234166,-9.315478551254403e-05,0.0038916496832412002,-0.0015382331470550723,-0.0032057667714965304,0.0005019472504795337,0.0030626221191807834,-0.0008931086189576621,0.0013780723008827989,0.0030275173172058965,0.0027678755404847563,0.002000182231392746,0.0029205639617388857,-0.0033655339929381965,-0.00017325499649907135,0.003934776949130526
2025-01-14,0.003534397970059235,0.0010885716305750347,-0.003568653429018893,-0.0012613924241731912,0.004669527894076629,0.0009116531652655465,-0.0023589711504282875,0.003425313606931633,0.0037759538028258877,0.0030422616025495733,0.003907654675610801,0.0032823034927147846,0.0034854877776149687,0.003772157070535047,0.001277966713621817,-5.3847168622600354e-05
2025-01-15,0.009368591554653194,0.008676139111110703,0.001505002753106886,-0.004980121057306208,0.019873711124682055,0.003389360574235496,0.006125115673576025,0.020714566332914307,0.01856607992327657,0.012469203951208534,0.01684686133251036,0.011727838999249467,0.01475798820905211,0.03331357354092254,0.006835306421762067,0.013776113349782243
2025-01-16,0.003039452913924653,0.0005482913406416256,-0.006170407395304546,0.002435863037827237,0.0027831762700077237,0.0006395657461343591,0.014933102324035058,0.00033178558567119874,0.0015723366257713693,0.0043575285717136324,0.0012097401168743812,0.003708268762286136,0.0025213822649536267,-0.0043699594051257,3.4007417997270004e-05,0.0016575343730385803
2025-01-17,-0.0005027203340165446,0.001877617535138467,-0.0033250485945381597,-0.003002095904564102,0.0026370679985494934,0.0010600652357418562,0.00126512231191548,0.010337956062433682,0.007569513751963007,0.0040025851450592315,0.0054942403720270195,0.004191063806056504,0.004202965331672777,0.017234612671141264,0.002325643593154172,0.00522303846778123
2025-01-21,0.008682842782342588,0.0039047139686123906,-0.012025750832198277,-0.0011859651128415648,0.014524187322302012,0.0023860241914948764,0.003946374954736379,0.012794184049723371,0.01136611578665003,0.008612813647730071,0.009776014222744071,0.009416717692752954,0.008700463438296023,0.015498937185749457,0.003919775874354464,0.0022382563307946552
2025-01-22,-0.001432209839395274,0.0009250666152850562,0.0028783575820743625,-0.0013613475660500356,-0.0010979539099831262,-0.0004010679495897011,-0.003949656089573066,0.0026723467812066345,-0.00035048369869883367,-0.003567395173941699,-0.001312402802736987,-0.0027983209774881273,-0.0025365692242015573,0.008089200391956089,-1.9926981100668235e-05,-0.0021447703423106658
2025-01-23,0.0009509869910083288,-0.0003054504225841705,-0.0022294008811297177,-0.0023469861671751736,-0.0002046079144558025,0.0008952838939008315,-7.676520781087237e-05,0.005467289990381435,0.0054862078045192515,0.0037163769976216047,0.005577052288760256,0.003628655353003517,0.004467890117571185,0.0067027969966705755,0.0010255656537778335,0.0029002169945181577
2025-01-24,0.0017896267441168672,-2.1784183450026552e-05,-0.0032723217716173307,0.0010159905256505012,0.004533567592307237,-0.00019194597349339647,-0.008742131500563181,-0.002947777380869687,-0.0022461641973241116,-0.0013883318067821702,-0.002084809809552818,-0.0007789446994609996,-0.0014278693485193204,-0.004004868198240877,0.0002900358155759591,-0.00400982009506836
2025-01-27,-0.004681010002346945,-0.007575336533538479,-0.015579098852191735,0.0071858137612789575,-0.002825493747787845,-0.0016851482980700964,-0.0024260362545225535,-0.011870478013654302,-0.00814836605615967,-0.001617711270547273,-0.008770676566570216,-0.001821021574333774,-0.004964693350574763,-0.021977576578728404,-0.0018993960760883043,-0.002911810373189159
2025-01-28,0.0009359469388321919,0.004099219712755801,0.0035545901076407017,-0.00207274436450361,0.003039046378460223,0.00046404826762634047,0.005541229215513938,0.007356080603406818,0.003544001396942714,-8.559390425131761e-05,0.0017452908290253948,0.00012199751306124279,0.0005974398557229872,0.015281410752957091,0.0012027433521063606,0.0016366807853572109
2025-01-29,-0.003091597771538704,-0.0014380525216576953,0.003344885228865383,5.020878050426543e-05,-0.003134289022773563,-0.0009462981257439598,-0.011052953439760345,-0.0045300008575796516,-0.0045418281305828,-0.00452477256819036,-0.003993293269079321,-0.00397324241860338,-0.004110733813623292,-0.004492142015631785,-0.0008905408670835739,-0.0030772112677894194
2025-01-30,0.006421381704375588,0.0055835285642458115,-0.0015056431454877808,-0.0015064963016431297,0.008777529236587157,0.0018731472960320833,0.01533441529740166,0.010071354053274436,0.008332853133412045,0.006608694420538988,0.007082494435365366,0.006242742337068331,0.006456312584741454,0.013716493636444626,0.002359061022412537,0.004385740189090297
2025-01-31,-0.0028470023966700782,-0.0016847653462273792,0.002821874530358724,0.00261319516059369,-0.006336191739606884,-0.0013167773033732342,0.005024649145426281,-0.007992751495026741,-0.007393223713701073,-0.004639902433802701,-0.0069635648891610445,-0.004951105298883133,-0.005680918682140997,-0.011863750871139651,-0.0026457040513693034,-0.003567834236213982
2025-02-03,1.2412158131068626e-05,0.0027350597514113778,0.00824323790731206,0.003823496423297417,0.0009225633823975129,-0.000797804715594606,0.008725222077286808,-0.008342589175214684,-0.007616642288595033,-0.0034062636614902156,-0.006907488379105767,-0.0037285880813817127,-0.005256339867329971,-0.012965596895393311,-0.0015407667884931207,-0.00174790853056879
2025-02-04,0.005088017645853933,0.003046099052454795,-0.0032113788878577396,-0.003474773594985011,0.009868746574894406,0.0013302112064252861,-0.009940278674075506,0.008844150735431894,0.007256544016489638,0.003061172287254235,0.006491748983766558,0.003826816950765479,0.005017503293308373,0.015824826164947285,0.0030542691536113377,0.00020417340619388472
2025-02-05,0.003988372421885628,0.0029039302035536083,-0.009670324720396042,0.0016763996817097905,0.010363378434513335,0.0013302653299791297,0.012008979947707634,0.007712599830198108,0.006564786392862427,0.0066166171219918316,0.0042225843803033805,0.006542317481270412,0.004894960726833923,0.008971780486214009,0.002623411718675105,0.004741823771957138
2025-02-06,-0.0007943012556848188,0.0002085375493625103,-0.0007856910051651771,-0.001318191738177506,-0.000395164550087402,5.139658673015796e-05,-0.006015850244982114,0.00023981409896303712,-0.00020206635844610416,-0.0005820795933621371,-0.00035745345807351205,-0.00013667914615997904,-0.0006234113646897444,0.0012399542205378373,0.00018049141197370633,-0.001412815854259232
2025-02-07,-0.003076201256231341,-0.0014719217657407492,0.005434281651320467,0.0027970435882626503,-0.007586568490053053,-0.0014808886922965392,0.002293856463328559,-0.011093216203782938,-0.009888212781335731,-0.005992718139122431,-0.008546051269659051,-0.005998737566781955,-0.0073178754467237385,-0.017561920074127234,-0.003295540059491193,-0.00558594967936495
2025-02-10,0.006616829166005969,0.007359176481894804,0.011056240254509242,-0.003376118521535173,0.006978753103403015,0.001751122911021441,0.013396921521113608,0.009572880774661303,0.0077117455427399275,0.004419131000069135,0.00800859692063436,0.0037473484876719304,0.006173092300971006,0.015559067783020068,0.002034621158544878,0.005341552139584905
2025-02-11,6.901837560368927e-05,-0.0009579851451456873,0.004288739067100312,-0.0015388920524535537,-0.0019134428239004032,-3.820529691926419e-05,-0.011137518593568669,-0.003587158129534365,-0.0015149515643927132,-0.0009597988029235744,0.0005926792776992201,-0.0008263784151581364,0.00010054729636469704,-0.005940605688422358,-0.00038856648988512847,-0.0016859043339839778
2025-02-12,-0.003918354247325109,-0.004246050885367452,-0.003559282473622866,0.00025608170456990905,-0.008309092366949768,-0.0010611183210154965,-0.007325003521668291,-0.002762067318524272,-0.003784263419274516,-0.0047773605570668185,-0.0037271610952658496,-0.003649712274519832,-0.00456209814139477,-0.004585266951105263,-0.0019816543985292255,-0.005929337455940319
2025-02-13,0.007244853006197531,0.005450646674764564,-0.005213450525143003,-0.0016774798076533018,0.01624774564336679,0.0020397591578724364,0.00019850920821634383,0.011594227775459832,0.010096983878206827,0.007155629822891146,0.008402389006081151,0.007415264072760851,0.007768069201346808,0.018158937210711875,0.004482358553102746,0.004847769013691664
2025-02-14,-0.004160420733459948,-0.003432290789706582,-0.005426131449060938,-0.0013953410530313864,0.00043111988938659236,-0.0007921091207560859,-0.025230624497017608,-0.0028271048103329223,-0.0020912398581566954,-0.002715562735680608,-0.0026473615127781762,-0.00211893656567855,-0.002024602216676153,0.0007193532871515914,0.0008384641299603076,-0.0020313275562773205
2025-02-18,0.0060004795997403645,0.005920583791876254,0.013860568684010383,-0.0026513243988301825,0.001155315650187849,0.0013712867749768878,0.015024445127107697,0.0038815306937138513,0.0037252833438540345,0.002795397029070664,0.0058131308367229675,0.00212294240479009,0.004074695595155896,0.003634880486570013,2.692779744790244e-05,0.002288120843056828
2025-02-19,0.0002736254378484116,0.0009835649074191799,0.004868041469892621,0.00022403729426015504,0.000264909343992355,-0.00014943678926829403,0.0015363125108016785,-0.0025621809337401744,-0.0016561379183748707,-0.0005270488011985549,-0.0010091841577895124,-0.0010986114134711518,-0.0004538438461859617,-0.002912372481567273,-0.0002805247594876359,0.000821395075337879
2025-02-20,0.0002081914455322833,-0.001101077821801923,-0.0035525583237936264,0.001124482040358464,0.003693560172677823,-0.0006222913406491023,-0.01761829624139942,-0.006553297353695069,-0.005067577625044742,-0.003221815112951897,-0.004485487614616151,-0.002265474509996641,-0.0034623846314097376,-0.00883641107905452,-2.7047376774035542e-05,-0.0060898873994943165
2025-02-21,-0.007876183554491979,-0.006859529051060537,-0.011440965718171216,0.00808842318218677,-0.004829712938649319,-0.003506881408553229,-0.010955877951888866,-0.017759197347321065,-0.01709282536429249,-0.011445927254730598,-0.018927229347100213,-0.01062545816510648,-0.014608416004158884,-0.023262212403560575,-0.003648470566559571,-0.011444420284636173
2025-02-24,-0.00014755595945431456,-0.002446043029887641,-0.0033052751907747453,0.004389537185186281,-0.0010955362864873374,-0.000726913905557121,0.0073364819557805855,-0.005616421239281999,-0.003935838653800538,-0.0008657930548256034,-0.0036161148165791187,-0.001211515891175366,-0.002119245584323126,-0.011674783684166357,-0.0014056726196860956,-0.0012298281166408568
2025-02-25,-0.0028139463106554856,-0.0048410690095975,-0.01657248775284164,0.002653541408011395,0.0036769333479927595,-0.0004747363464613012,-0.014776343714034187,-0.003255526237289183,-0.0012633215631438716,0.001253969351012949,-0.0027228511546342777,0.0017280053017148232,-0.0005485370336933823,-0.005780795972856155,0.0010693145495992956,-0.0007455538903050197
2025-02-26,-0.0013429151353381648,-0.0004854588110984053,-0.0062781011645195,0.0006957063301268812,0.0016047253328941072,-0.00018389003235905538,-0.000502589391091322,0.002438338438476155,0.0006933689455761688,-0.0002740673361848894,-0.001225318933994628,0.0001416128795534644,-0.0009212516118032696,0.005219223844158268,0.0005936262578411405,-0.00020303874577022184
2025-02-27,-0.007449815250813998,-0.007734954533697257,0.003524367141801054,0.004145202272702555,-0.0153630117463995,-0.002445469215201203,-0.003741112381719488,-0.019142294260979745,-0.01363046590997555,-0.006404167527827714,-0.010630482929676412,-0.007480485358957619,-0.007912215938594796,-0.0315163587880495,-0.004937661108867512,-0.0042461377285587035
2025-02-28,0.00029359480202925453,0.0013733424962729802,-0.008633366744502326,-0.001202432485163696,0.005193433873370358,0.0013686157924632733,0.012260893212926104,0.012430499726547127,0.01036325090084009,0.007854005834289999,0.007181706615900652,0.00700380674562222,0.007154615446386692,0.019150269006478475,0.0030236903256578573,0.009896026119146554
2025-03-03,-0.00020831684473164537,-0.0035289921547814263,-0.008433664794427361,0.007224971657945303,0.002379627171725569,-0.0022131788240337025,-0.01277382553228414,-0.0165379878865048,-0.014451268333653533,-0.008771722290546988,-0.014032047529031652,-0.007336680713995749,-0.01089501601218393,-0.025718622684122262,-0.0026942923714491874,-0.013962183840905095
2025-03-04,-0.0010369138292320944,-0.0038258299153275336,0.002629642984615709,0.0008801054183072481,-0.004235702065220553,-0.0017262231798628857,-0.021353153652027213,-0.010867251162460373,-0.00940953469848154,-0.00897484394006736,-0.00715137129624201,-0.007739086573693107,-0.007222146589364479,-0.014214740958638129,-0.0024774398269199536,-0.011383935740235626
2025-03-05,0.004684483610827311,0.0020059916215764903,-0.006049455445943177,-0.0071649527372344285,0.005701692527580109,0.0023358897274768013,-0.014580196996540725,0.01400679427936679,0.012269211100717863,0.006286029430518883,0.012168944533132216,0.007697316852896579,0.008696659760337337,0.02007008721191065,0.0035028416125863476,0.0008544175925266021
2025-03-06,-0.008990927979945709,-0.007664460829447697,-5.093348482785936e-05,0.004183535508290503,-0.01065556311220095,-0.00383780280356399,-0.027344671783487484,-0.020569134698035913,-0.01901070295688333,-0.015398646685682055,-0.018032927238734613,-0.014168708930595646,-0.01571137879095369,-0.025212285857532362,-0.004579282352125493,-0.014419674400090744
2025-03-07,0.0030780312264291126,0.0018402654454420164,0.004101816957452027,-0.0036457757611138963,0.002253142899843456,0.0012595774180677562,-0.0036979800419426837,0.00533755924872151,0.005890409670932869,0.0037447579487863082,0.007189224227288281,0.003663294423662726,0.005473638114242156,0.007095614687004849,0.001507534895772366,0.0029956456814217774
2025-03-10,-0.010076205807969432,-0.00912845444970779,-0.0055696344236162544,0.010460360389745,-0.00936097257393188,-0.004800996970923082,-0.016786535033906494,-0.03035919561054029,-0.026055021084875115,-0.015756249356661218,-0.025563235650930258,-0.015476428344318121,-0.01947290861173244,-0.042639521911853745,-0.005993530866617552,-0.014820639797427563
2025-03-11,0.0003153784028173763,0.0013724229579771094,0.00749554251878298,-0.0002379899234313392,-0.0018020817160204995,-0.0010678473400273724,-0.009879542477859493,-0.00749418781234176,-0.00808978001532047,-0.007679099624669298,-0.006845698884214588,-0.006712358859805066,-0.006938375808837379,-0.007877085664030845,-0.0019468389905796224,-0.009444915100147104
2025-03-12,0.0011623661094658864,0.0017991077539869118,0.003201584005920676,-0.0023958143224694257,-0.0001743266678402649,0.0007778257284850327,0.00379302960899002,0.006275501981020658,0.004694418357465977,0.0019193654664437531,0.004638571078588075,0.0020226421265298975,0.0029231107220045295,0.009313680470172392,0.000786180165139312,0.002461954439341055
2025-03-13,-0.0022028300234699203,0.0014454227304938688,0.00024025473921533052,0.0065586654641401525,0.0015291576544379305,-0.002419659922254848,0.003949865776057139,-0.011678253234277593,-0.014193492407675359,-0.010725674363132088,-0.016240353424181408,-0.009861170327389323,-0.01332983039002369,-0.01258721387046348,-0.0027157866809444232,-0.010455668919634726
2025-03-14,0.007480010202910811,0.0055139622970069874,0.0015949389606335449,-0.008026712064869419,0.006560913083616544,0.0039878363548817445,0.012481041416908808,0.022222064892005934,0.021115951300154073,0.0149700506122345,0.021340925027847818,0.01417090696700843,0.017326083645668303,0.028774732329279087,0.00480748385164455,0.013837942141437753
2025-03-17,0.006605454741757037,0.005555871105197931,0.001152806370116748,-0.0034128335495221666,0.009132466817877449,0.002430143549174881,0.007049344752307785,0.010574207569595411,0.010338743703912395,0.008551358930099234,0.01046603492645354,0.008252273024623513,0.009057874490742138,0.013154548672652713,0.0031778039180159062,0.006371153733969667
2025-03-18,-5.7492892787488386e-05,-0.0003293399888621498,-0.0001985760889108412,0.004448194133921809,0.00049093319338853,-0.0012142117656722805,0.002176589501713004,-0.008174581620487864,-0.007959648452824467,-0.00499418052369521,-0.00790750847437396,-0.004539726610976542,-0.006364359732629171,-0.01264584782514865,-0.0018196771649511795,-0.006048934174045122
2025-03-19,0.004360234050049625,0.0033703133748321464,0.003001399300567755,-0.0026910623565204205,0.006938648441126374,0.001830718877151237,0.009803708176928074,0.011962348264801347,0.011368064743909018,0.007788422205054145,0.010975748917843139,0.0067070031734238825,0.009503127291909757,0.01789950474744594,0.0031483173180854407,0.010271385757329532
2025-03-20,-0.0019918377161884052,-0.0004978789171614575,0.0023459650372625023,0.001570059506012964,-0.0029129362489124164,-0.0007497473989043151,0.00250658935457397,-0.005154121033631768,-0.004575617637823546,-0.0024296543763083047,-0.00439663471716487,-0.0027568810772117675,-0.003329993597176349,-0.007243832429139664,-0.0013177188832258126,-0.001191682543420348
2025-03-21,-0.005616130009176051,-0.004224572471499327,-0.002764668634492433,-0.0001493557288901016,-0.007185733062111241,-0.0012095953451945977,-0.008536997902140981,-0.0025692567975331383,-0.0032064831060457048,-0.004047211850701008,-0.003885706565973427,-0.003779781356643353,-0.003784433549261589,-0.0009728437157116264,-0.0012321887779448736,-0.0020963783439815298
2025-03-24,0.0039764792609936,0.003307012273611255,0.004735569925271301,-0.006302823318215212,-0.0007090127082345993,0.0029089711225220643,0.015671968784516325,0.015780022689354266,0.01549158595161745,0.011514546588133005,0.016392191885934458,0.010380030955840556,0.013127569246639242,0.018635695992258373,0.0025376700990234675,0.012105527174644118
2025-03-25,-0.00036312108197734103,0.0007947451060446654,0.0009374527305854254,-0.0002071904837083305,0.002421442361156002,-0.000384737570439585,-0.00739029815038491,0.00034235415386579663,-0.0012304445742406598,-0.0028688869834787223,-0.0019068084192641968,-0.0021892285600797205,-0.002230193791087811,0.003990342857271064,0.000428075478407297,-0.002263799940465514
2025-03-26,-0.0034666777071218143,-0.0022219352978205213,0.0031217884490078633,0.003095211802984873,-0.008758280160545659,-0.0014586756747568272,0.006168497737941382,-0.011630128089199835,-0.009720264326683204,-0.004770221208677445,-0.008590507227132012,-0.0052927558821824665,-0.006653941472092071,-0.019036101016253963,-0.003535764904376919,-0.004519314741506347
2025-03-27,0.002195383694103213,0.0024804022918423815,0.003393385147480564,0.00041863168740101646,0.0027407531617296447,-0.0003095860119736278,-0.0008988393726830301,-0.0028471196182578034,-0.0035761383517196837,-0.003225664770955625,-0.0034401898528946115,-0.0028414851359896912,-0.003095971708309005,-0.0021357275064332916,-0.0005310596060267822,-0.0047846672738789675
2025-03-28,-0.002868020324533791,-0.0035508712979313455,-0.0058226774868051475,0.009308384054314058,0.00046471874345537434,-0.0028579383337665725,-0.002345503638654229,-0.01926714510889653,-0.016918370104703147,-0.009257596014921873,-0.017314611607667955,-0.009042809461781494,-0.012547799677323265,-0.028122706362697637,-0.003384445578643039,-0.010283761414882586
2025-03-31,0.00640424300294469,0.007274029051074228,0.00974301208031441,0.0003818040061165667,0.008002874498464109,0.0012671261861640385,0.01983822193278375,0.0029932664737145486,0.002941021182671742,0.004100037983175132,0.003384523461810788,0.002972944918414038,0.0036678231913674043,0.0033514041716702723,0.0010988470232221328,0.004752674396410814
2025-04-01,6.448232067573654e-05,0.0004911879797622893,-0.0030564614271205402,-6.080482478603352e-05,0.0035211258516236357,0.00040303059557092837,-0.0003498181386113247,0.00363904813842036,0.0030543147553765493,0.002235683269280727,0.0020496196459112814,0.002255385079793222,0.0020231109302364324,0.005829070387554755,0.0014009807293440728,0.002995767347653151
2025-04-02,0.003814602833370374,0.0020471747274213425,0.0028316467017050423,-0.0021112350315867813,0.003313963015275069,0.0014303759377470577,0.0027951974821346878,0.005888783706631059,0.0065202471849744046,0.005099251751600323,0.007670753656640607,0.004944440224944989,0.0061202134978367234,0.0056299978511905775,0.0015645813010332962,0.004253899224508177
2025-04-03,-0.020126516216750955,-0.020221715457672977,-0.03189566009163229,0.015564824257900598,-0.013582203304090743,-0.009449720161620555,-0.06517311680550035,-0.047510894334057835,-0.046063513567776035,-0.03543233651412648,-0.04938274854991543,-0.0311366382611099,-0.04024795863729333,-0.057834498934909585,-0.00937382665208181,-0.040930937905180875
2025-04-04,-0.025464156245743656,-0.01983763509230532,-0.014891745484840723,0.01938276377194352,-0.0293255816680631,-0.009407685548477257,-0.02049893195173817,-0.050025340202044695,-0.046886967176247595,-0.031117950565974765,-0.04823976270767167,-0.029461652872835968,-0.03911206544866663,-0.07163205327052784,-0.01265304891726127,-0.027365126043320434
2025-04-07,-0.014372872108476577,-0.013998843469837978,-0.0014168202259837613,-0.0011759370061732279,-0.0299702704368281,-0.003473080301040155,-0.019081191494125734,-0.01289578963957828,-0.011852428050379825,-0.012384145934094098,-0.01020163445230554,-0.011979896433631796,-0.010786288151271946,-0.01683436648292505,-0.00644785629843726,-0.00983678068545251
2025-04-08,-0.007141775724547684,-0.008334844688786652,-0.0064780636732003,0.003360819224510179,-0.012111020081102052,-0.003102462362006081,-0.0191361673115591,-0.012626538446431884,-0.01341703267473184,-0.013054363420061894,-0.013346944759888412,-0.011105034364061503,-0.012889516294339005,-0.016535043295390957,-0.004360161487920141,-0.014920292270966029
2025-04-09,0.03197868521679083,0.027408804836723116,0.014472052536865686,-0.018745650605048784,0.03874050484252824,0.012714583827637677,0.06745448822668511,0.07182825184430953,0.06512743157339934,0.04645482757955689,0.06377473613382263,0.04334046668347483,0.05276245329276715,0.09638046045086301,0.016631774430030048,0.04587390639496653
2025-04-10,-0.004536630433557879,-0.00939328111503294,-0.004319555351016247,0.006684229475450651,-0.014442107469710688,-0.004563779122790905,-0.023711090803102516,-0.02713725358145744,-0.02555164834849484,-0.02078039575289632,-0.0230823110860692,-0.018200683966961513,-0.020983379968183502,-0.03960306146215897,-0.007969253787736028,-0.02832660495001397
2025-04-11,0.01021118186240858,0.009872579885703291,0.008462222691713862,-0.004713139542166148,0.013665334437621891,0.0030102414340943398,0.0060790937383293315,0.013095640461047471,0.011334496405310248,0.007749671040796149,0.012137609785295458,0.008209651234517824,0.009237967463337316,0.01753831005613243,0.003898876890506767,0.004688564665067278
2025-04-14,0.0021490649116206887,0.0006744832271578347,-0.0074049797659001835,-0.0020266156884937376,0.006672566717916393,0.001270306425947488,-0.0019248713765964553,0.006689931927265837,0.007414275526357936,0.00654969574371809,0.006268608112366644,0.005914009563088768,0.006672519514233862,0.01042355450330712,0.002763764076028799,0.00565906314746303
2025-04-15,0.0011695367315328964,0.0010540835821253832,-0.0015587506307696251,0.00152653525088316,0.002250308566991742,0.0004829288615000564,0.012042386867547075,0.003233141120026777,0.0027783113204339362,0.0030538044709284935,0.002030323769750891,0.002660290725792681,0.0021804524941600742,0.002542664773421731,0.0005956627714335961,0.0037998383596609666
2025-04-16,0.005998802270314055,0.0028396768765224355,0.005797332421711976,0.0056241497192530306,0.006426920326128008,-0.0008386041020697181,0.008601396681335492,-0.010468566462989595,-0.008773620767428861,-0.004530868098356006,-0.007200257066694273,-0.004610458855616192,-0.005192567232527151,-0.016994995233042515,-0.0018298085682307923,-0.0072430099045569935
2025-04-17,0.0018590762955072414,0.0001461116080016902,0.006778312637759494,-0.0032570366306418092,-0.0016348057703334195,0.0009619731564216001,-0.0019423913213134864,0.0010846056313070264,0.004014201456329182,0.004012787749993096,0.006544914746350479,0.0029876478850109113,0.005643841304687672,-0.0003275321151379766,0.0005088971445580232,0.004509599100227511
2025-04-21,1.668602005474749e-05,-0.0026722950725918764,0.0012561326558094277,0.004080502390955966,-0.00587455226072056,-0.0021968758133208985,-0.004219162760372316,-0.012230230159183229,-0.01277493358050946,-0.011293701578500086,-0.011524691348233463,-0.009799676239219166,-0.01108675818420315,-0.018138590986067633,-0.004280835098401837,-0.015345286566919204
2025-04-22,0.002414763742044371,0.004686507679602679,0.0003189896641117144,-0.006659146482204999,0.005957386686311571,0.002797887579673728,0.005189354513435452,0.016499941383925115,0.015359351777155309,0.011422689453514346,0.014156599534234753,0.010425446703344145,0.012262182166136738,0.02499666066837197,0.004462804747930347,0.013234977912021158
2025-04-23,-0.003186377685451475,0.00032716503062424406,-0.00441698689309989,-0.00316743236243269,0.0014430713897868653,0.0012063828808891947,-0.001599777875051266,0.010484111232145025,0.009068240034679112,0.006455820096150904,0.007082048562800691,0.0062010032794199785,0.0060886909218896956,0.016385511384422336,0.0029949494324295473,0.009930135149364016
2025-04-24,0.00736198068703788,0.006129125372889919,0.0006283690701484634,-0.0024081885935291936,0.013885430857990995,0.002256385929279039,0.0077314629942538335,0.013936036950168627,0.012105569864098116,0.008014109068658605,0.010926392710586862,0.007706191601961687,0.009422328072766746,0.02140012834085895,0.00430535010736516,0.008083008261769244
2025-04-25,-0.001970328958673263,-0.0006129645792956664,-0.002873077699588675,-0.0008487097187303812,0.0013367091981654113,9.140541524869851e-05,-0.005576835622778411,0.0023694520037698848,0.0020582183687512306,0.0012391788497515574,0.0010554114554815004,0.0011742418667538702,0.001198478752476502,0.005495172034742385,0.0012026686261806991,0.0029140130517672077
2025-04-28,0.0027136628375894027,0.0012455229983018511,-0.006370258154655857,0.0012133732832120955,0.005706059186404885,0.00022348499309956214,0.0034936460187223227,0.001976869843461266,0.0009688116944260559,0.0008288226437617031,-0.00047842473543169777,0.0010582905710212255,0.00025961791361904903,0.00346727521148117,0.0007559336199765305,-0.001621388142079112
2025-04-29,-0.002338407316131222,-0.0017209725267049016,-0.009435060239023966,-4.5606138191965585e-05,0.00026454782186462406,0.0002928320133811341,0.0015723963121500456,0.004847869271167694,0.00395067657062367,0.0032189258004000545,0.001871057836599236,0.003128304520297033,0.0022139001645274914,0.007081791304687151,0.0011728959624395588,0.003804241223268382
2025-04-30,-0.005006427135846588,-0.0034733096576219876,-0.009869974484620531,-0.00031448924408613763,-0.00593646076306447,-0.000819087015963888,-0.0020392363812999567,-0.0002934218100533898,-0.001697522676702594,-0.0018787130942310914,-0.003976744658998499,-0.0017954446437371317,-0.002961743199010167,0.0022568687610790964,-0.0009226864236722989,-0.0021949347861670416
2025-05-01,-0.002577306008218415,-0.0006111548643319747,0.005858303607190219,-0.003046932332857886,-0.0054298411274612945,0.0006649494997374515,-0.002567261396828742,0.0022369326594322164,0.003455322335772124,0.003046890295253283,0.004976035489360001,0.002656978732889549,0.0035220648273104494,0.0010619731371629116,0.00034310809596898266,0.0056099696200984225
2025-05-02,0.0045940691063841585,0.003495507701777094,0.00452946483248611,-0.0056877928457821645,0.001738326405792426,0.002454030228772556,0.004876215743733499,0.012318552446887352,0.011897066462610895,0.008118904898418615,0.013155581495326078,0.007999784814112097,0.009918325124472492,0.014527711287297268,0.0023567096023817246,0.006788815638121852
2025-05-05,0.0038810954798076582,0.0022473857390384556,0.0002017256602059609,0.0024197412277718404,0.00214992333565835,4.8845781225203774e-05,0.014984440941106215,0.0008689218817884065,-0.000817157491855941,-0.0009317910680404706,-0.0012342948548053597,-0.0006436696818329498,-0.001362772977563615,-0.0006665964535378897,-0.0008461708723399072,-0.0031814470707213775
2025-05-06,0.004885526772574175,0.004334641731331882,0.00875812403377292,0.002331141565940393,0.006746473129749757,-0.0004152168866886339,0.002068213155315984,-0.005658314078040679,-0.005581497529319469,-0.004122714893134103,-0.004508941951501846,-0.003928154433949717,-0.003777504489591615,-0.006666607737674534,-0.0006017033530531873,-0.0051820902225479136
2025-05-07,-0.004320854991284671,-0.0030379735994777676,-0.007345992850650516,0.0008238373690138566,-0.0035852892617270274,-0.00021423934343067154,0.0035658869553258123,0.0021264739543050888,0.0017163655261979518,0.0018607274479050938,4.617069377315096e-05,0.0015118739550015095,0.0006203659465597319,0.002587225039365263,0.0001523885532650954,0.00396799522410747
2025-05-08,-0.0019300683298448154,0.0009175944075755729,0.01369068614754683,-0.004982909351729478,-0.007037787069898991,0.0008398522470191648,-0.0017330586231362162,0.0026891211155267943,0.003947001771874094,0.0026206996435904754,0.006497908943877922,0.0018386950282992941,0.0042666487969559375,0.0030636009764643374,0.00013551710600246536,0.006554129520525151
2025-05-09,0.002485309969212467,0.002055327115833617,0.003056978002895133,-0.0005807760603035342,0.0029976934110497893,0.0003662135177615155,-0.00019805614621989844,-0.000522641292920543,0.00010053526039328502,0.0006000423037124258,0.0007757165007362596,0.0004505484432701929,0.0008734673319028435,-0.0006426615390635107,0.00034926325164507646,-0.0003647515103839343
2025-05-12,4.6699353636966154e-05,0.000990713861544757,0.006216089300287702,-0.008779497033966927,-0.004419023890611152,0.00317140880124576,0.009709216130198076,0.020849527975574055,0.020495511201789048,0.013862083915948148,0.02137633336347707,0.01240133690359358,0.01669855649122161,0.02709371516849538,0.0037050436155157337,0.018957234763165114
2025-05-13,0.002070449312982958,0.0022781807592808854,0.00924311758123935,-0.0025484726358450185,0.003964926267119089,0.00011576815149802152,-0.01610555763614755,-0.0007304829796204895,-0.0005090273882930006,-0.0024755559986916944,0.0011851321693233134,-0.0018568883770710865,-0.0001246241492636206,0.002334744406064941,0.000906934412349677,-0.0020829956304350425
2025-05-14,-0.006132271279156321,-0.003067381593148481,-0.00036703572775516227,-0.002327312780175576,-0.006624774014114244,-0.0009151852541496581,-0.018242597307747823,-0.002876314625396785,-0.0032504825470588087,-0.00409652152485914,-0.003358347353194804,-0.003407338415592724,-0.003709440981228789,-0.0006130806652957978,-0.0006534105693651179,-0.0026342394215562994
2025-05-15,0.003906094108627916,0.001445984968622228,-0.011549335419373266,0.002499675786266479,0.007485767127991179,0.0008588364576799447,0.01643286321224436,0.0058292492726038855,0.004774044791801735,0.005201674160552545,0.0023018316658421248,0.004836529030245449,0.0035155424852036134,0.006321443842883469,0.0014186164665626704,0.0025333245617476107
2025-05-16,-0.0007213642075340785,-3.409048288516216e-05,-0.0029445436914671904,-0.0008584317274087219,0.00010370086335056208,0.0007052321264371992,0.003334771139730355,0.0034174649322676965,0.0038423458514509705,0.004173403892181322,0.003370021517027472,0.003746116153028624,0.003403027114696696,0.0033099209939403134,0.000987008919191841,0.004691942584550126
2025-05-19,0.0020985703602666543,0.00045350688106319344,-0.0018686503265241388,0.0001549404281531162,0.0026576388358270243,6.495735236079834e-05,-0.002697813684956629,0.0005622893837515939,9.700908863776358e-06,-0.0008108628505840595,-4.6415250050700044e-05,-0.00022793162148476291,-0.00035546576458745987,0.0009308160755859734,0.00018677339993140223,-0.0029948664908336026
2025-05-20,0.0034177195255535014,0.0024606625460825765,0.009300355596345754,-0.00043404523903636273,0.000953571136568804,6.444374005626286e-05,0.00195458185311334,-0.001970898723499393,-0.001590207767358499,-0.0018158862017077326,0.00017487971954737423,-0.0018881094672640905,-0.0004997576820550599,-0.002733167720642021,-0.0006594936455359231,-0.002277396794244237
2025-05-21,-0.004913718160540097,-0.00476072191122681,0.004984937194073537,0.0011718134568150453,-0.010551915889417635,-0.0026142569946581784,-0.02010117788772968,-0.013698266536193847,-0.013445104259113778,-0.012772498500724197,-0.011581718416668186,-0.011366188453118584,-0.011586300148081928,-0.016919674849219017,-0.004085853834928453,-0.013484670917934396
2025-05-22,-0.002567010059102922,-0.0016340569942816022,-0.00440157190177454,0.0009362709761984086,0.0005649469222162998,-0.00036467925724824514,-0.0038626295142935004,0.00010000348914356694,-0.000125158134342115,-8.694590162363247e-05,-0.001267817711055165,-4.874843585614451e-05,-0.0006367438043479094,0.0014425404543898606,0.0005299066818449628,0.0015041448786498029
2025-05-23,0.003878472315205668,0.0023418314989162325,0.0018285668365240833,0.001836522670486294,0.005005378211459642,-0.00013686565374136157,0.0019841794633371395,-0.003343891397867833,-0.0031622864278168425,-0.0018998553291414348,-0.0027167507357355337,-0.001639893939598769,-0.002028554360024545,-0.004953880842147445,-0.00035291206521410716,-0.0042867708217658625
2025-05-27,0.0006148775161883485,0.0009182274541171106,-0.010226431489561942,-0.001750511453308183,0.005538394813797268,0.00203826846390917,0.010909768521619897,0.014316185516909578,0.013251184529540171,0.011042766002072987,0.010702013260264532,0.010318065528244831,0.010088050908512086,0.01855972438634087,0.003758909243727317,0.012364437830435128
2025-05-28,-0.0024036026395331802,-0.0022135502854300094,0.0009734592490919897,0.0017867738889445063,-0.005673497841631694,-0.0007203716166763773,0.003271121755136597,-0.004671753706403975,-0.0038254112808100453,-0.0019983001534924485,-0.0031494536313610294,-0.0021098585898068436,-0.0027382289091408005,-0.009014784872900552,-0.0017567563277512033,-0.0013100429008896873
2025-05-29,0.0017736592062605604,0.0006207835525854878,-0.007584357990740942,0.001113830307047407,0.005743227468135222,0.00033467891726152025,0.0010553797338604223,0.0021924267045864807,0.0017054967205117793,0.0019157355402747564,0.000264358125780149,0.0021172851314266183,0.0010711743195605916,0.003168174919107701,0.0011624424767838562,-5.09021127561792e-05
2025-05-30,-0.002687382800006784,-0.0032726952077532356,-0.006537660456086483,0.0015226072912367414,-0.0012166320062280923,-0.0007073567482388352,-0.005160653630736234,-0.0022633142405893165,-0.0018090131736686825,-0.0011577343560787569,-0.0026446181235440062,-0.0010974262333184866,-0.001658081731245026,-0.0026182591836525918,-0.0002527749270205431,-0.0007832872680202649
2025-06-02,0.007638679074823639,0.006211218362265419,0.013809441644661382,-0.00250938497558483,0.005182712622612894,0.001316508472694428,0.005609566004686941,0.002950200643966998,0.003000964974818731,0.001495081644324334,0.0055338451024423045,0.001478714814271339,0.003545705035614589,0.003072524382810717,0.000618995104692559,-0.000245666196885869
2025-06-03,-0.0006218170499288033,0.0009859961293027307,0.005977307916104675,-0.0021529498584020677,-0.0022388967752393365,0.0006088989348846329,0.004673916927951049,0.003301539366221544,0.0036187610381717495,0.0028024177993739574,0.004228301785789976,0.001980741124228666,0.0034041708964650625,0.0047214892870926835,0.0005111817651396559,0.005666088224746469
2025-06-04,0.0011099913945228441,0.0011250371406911256,-0.00836820346894798,0.0014890957370774982,0.008118573161144496,-2.75625442394826e-05,-0.003497979617994159,0.001352765407191002,0.00015522117321302957,0.00020207291603103312,-0.0021142882581401314,0.0006210253471224216,-0.0007636349927074092,0.0047484740037854484,0.0015177279539064959,-0.0011757077925675537
2025-06-05,-0.0010804339191056332,-3.521511649258501e-05,0.004215473577641305,-0.0006436138943231599,-0.002521227482133995,-0.00022784324184777963,-0.0061014903577262325,-0.003820582367459019,-0.002876929299944605,-0.0017387359029971496,-0.0016121217436587411,-0.0014898668128047832,-0.001772050436702885,-0.00612768617102369,-0.0007288739662337669,-0.0018825434293601622
2025-06-06,-0.00026763484406692247,0.0005839597771917455,0.008713961148481893,-0.004794018056913967,-0.0061410486125891275,0.0012094316955763929,0.0024755628373805474,0.005088062482292084,0.006059163277528701,0.004343371883988147,0.00814383591375616,0.0036562041691094093,0.005825165202388688,0.004936481243396147,0.000312039399882307,0.0060637269737378804
2025-06-09,0.0011524776460850009,0.0009846695118711042,-0.0009334035229226161,-0.0002649828959654576,0.002756496093061413,0.0001839455255475955,-0.0007390812133730943,0.0009977399536563209,0.000732426169358604,0.00045347996472125233,0.0003394217021652032,0.0004616460876592213,0.0005318772718171865,0.0025055479971802597,0.0005724515577580415,-0.00011154803853121354
2025-06-10,0.0011865739063182292,0.0011567141166225702,-0.003080037995748774,6.232927644795857e-05,0.002779721297278159,0.0007397034318213103,0.007106905193850136,0.0042113120495434675,0.0038440385959505,0.003756107097206243,0.0030148728698135467,0.0034936952026123555,0.0030469814345455985,0.004659044333947281,0.001089313831457564,0.0035655910527763236
2025-06-11,0.001526241419326352,0.0019425432664117962,0.006399880581473551,-0.0006108411509652446,0.0038601098683719677,-0.0002980579748669837,-0.00902021979191876,-0.003752362096066728,-0.002940567420920765,-0.0026057780143966852,-0.00204051442197209,-0.002704109569393852,-0.0015560453546777176,-0.0017673717319229595,0.00024273443301702676,-0.0020649097379394077
2025-06-12,0.0031045036388683087,0.002064999369610781,-0.004847862813048717,0.0015729081989386093,0.008239784168614091,0.00030529018285304987,-0.00022011590839676807,0.0014059216200164601,0.0006327755525936322,0.0007803136571943376,-0.0005067249724654948,0.0012970906989710586,0.0001371608203788747,0.0024026029162700184,0.0012845952571992354,-0.0013921812062550913
2025-06-13,0.0016467411667781325,0.0030766676326718975,0.02369073404283545,0.000779558037806635,-0.004357427272029092,-0.000977363516109745,0.0014714928915270109,-0.013002563706701728,-0.010087534914281647,-0.006545488310733628,-0.005534594000172928,-0.00727728513052368,-0.005383492232954498,-0.019050459208644066,-0.0030911302923326243,-0.004173821458623883
2025-06-16,-0.0018000988806768964,-0.0016623111092812445,-0.0009023394745515392,-0.004199599998042431,-0.003481002634759831,0.0006824191769265422,-0.007390999239367116,0.005946203208892131,0.00585284859609438,0.002899645283895801,0.006004840590724281,0.002799902983190674,0.004389984555116847,0.009486719319357462,0.0010818973661286774,0.0038657185948795417
2025-06-17,0.00013687431681499253,0.003923067138569176,0.012870232556256304,0.0021137490353172065,0.002652845315970153,-0.000642007954643422,0.003631504892745911,-0.008395855915020135,-0.006921935941491007,-0.0029862802036083828,-0.005765455486416845,-0.0038574026615019953,-0.003977599878420704,-0.010218164662840425,-0.0007710846536871248,0.0004784532682722644
2025-06-18,-0.0006122319031697521,-0.0005659485911342855,0.0003350038525183213,-0.0005281246637691754,-0.0008826092861216277,0.00011951183229759425,-0.0005313797498587461,-2.870220260334385e-05,0.0008262516765419055,0.0011968169295095887,0.0011088460752525253,0.0007931059980292286,0.0012543849118959137,-0.0002644249558923157,0.00015999520184995666,0.001946496109965379
2025-06-20,-0.00026113945192623756,-0.0015973996383572757,0.002432997776159687,0.0007242056704781981,-0.0016697968095150141,-0.00036185381766754287,-0.0018984113482191697,-0.003448103162076243,-0.0016944145668735828,-0.000731148456678299,-0.0005011714638507578,-0.001150618006951102,-0.00019447111907691878,-0.005711386402402452,-0.0006416741721030681,0.0001309828153727001
2025-06-23,-0.000929948690541936,-0.003893516908093357,-0.025085422480801395,0.0016242797313851442,0.0015051037484981047,0.00048651561476322673,0.009218809930509497,0.009658636370145664,0.00691864845228021,0.005051443127760452,0.002446577777107808,0.005564236793595309,0.00307579183845276,0.011980328496252343,0.0013051366061806627,0.001155822750894385
2025-06-24,-0.0028480141926489084,-0.0030392738490823074,-0.01919276646188888,-0.0023539858752308824,0.003902411266041005,0.0005539020674440592,-0.015281842754704823,0.009891842014075173,0.0073595468761479856,0.003441538382329608,0.003678031919760361,0.004586160610756086,0.00325534869957543,0.01744505614665318,0.003005558825653521,0.0016325023986004878
2025-06-25,-0.002740268457436505,-0.0013398359199813616,0.000946453852303842,0.0004494299990200892,-0.0005958024269692955,-0.0012528720128058383,-0.014865423847438488,-0.0033766011131754325,-0.004923311487108529,-0.006505991698753075,-0.0053701036145996205,-0.0053727588488439205,-0.005617593306801208,-0.00032291292520172064,-0.0005385943734778982,-0.005434595026703883
2025-06-26,0.0016318279504364814,0.0013279141598116365,-0.0017519329070051954,-0.0024986795752649934,0.005473222324443984,0.0007796238563444376,-0.007429842092205742,0.005673269815911437,0.005062583482935043,0.0025741613934026565,0.00439962536998178,0.0026735372222311915,0.0037436812077210778,0.01097330257817714,0.0022071839570671358,0.002521951826549971
2025-06-27,-0.0034464487091254974,-0.003179697606559803,-0.002324814036197463,-0.002206581783372264,-0.005365416735120338,5.7929359180573746e-05,-0.008427545322476243,0.001386016595359991,0.0020491489238255046,0.0010770501173832832,0.002399176955271526,0.0011514645914418545,0.0015826755160598192,0.0014825414885334025,9.246178232699993e-05,0.001865920181343865
2025-06-30,0.003791436204097238,0.002181514747774946,-0.003649457537215796,0.0013731689517478168,0.007563019314348185,0.0007109574794483084,0.006286423799887713,0.0036697753416144105,0.003180888909203457,0.0030242075109781445,0.00230917360364413,0.0030582246977639773,0.002577788308228025,0.0042026910535094605,0.0014655171623585205,0.0016333885603373325
2025-07-01,0.0032444257986333196,0.0035554023101164686,0.0047769071464563925,0.0004928898134439011,0.002533071811364711,0.0007900785946442022,0.011777788017007518,0.0008742202306130252,0.0011409299784777966,0.0025271611448873387,0.0018708269125506409,0.002224328905038764,0.001731130693960743,-0.0019186663508354341,0.0001361351959366078,0.0017753684558400769
2025-07-02,0.0034731813442763883,0.0030688591338481975,0.010148675681097478,-0.0026841170051765595,0.001181580209377683,0.0009749355511892127,0.003089240129120437,0.002430654085827471,0.0034038563259527546,0.0025027543558330824,0.005358720102267782,0.0018637583256783568,0.004090502162305965,0.0029334047727677024,0.0005975609354710854,0.0031595417194560382
2025-07-03,-0.0006735944295818989,0.0006082124633130123,0.002942902738702481,-0.0023957969677604763,-0.0030003052031503455,0.0007598102160040488,0.004813874755526958,0.00502395120360318,0.004544184135387534,0.0030630900816286688,0.004785268895673164,0.002735155405934373,0.0034530875750026463,0.006152274095078358,0.0004961204409249812,0.00452832050435397
2025-07-07,-0.003725190187014349,-0.002849159710198932,0.004427556827910113,0.0019358236207089477,-0.008675450312451477,-0.0015632973637245014,-0.0007311879398514466,-0.009048181136153991,-0.008248559495834239,-0.006152145835737342,-0.007117912407027499,-0.00616303004439597,-0.006444149980357316,-0.013206838824114381,-0.003062622706787752,-0.0049728074937792415
2025-07-08,-0.0021309953690108923,-0.0007674177579873085,0.0015168333708334828,-0.002327072572577171,-0.0025075623407713387,-0.0001464525502100916,-0.010520964280999004,-0.0010742686953827821,-0.0006647616366763305,-0.001076791458001936,-0.00025492176313209514,-0.0009825459343634413,-0.0004929871544660535,0.000569894626207761,1.4978950381767605e-05,-0.0005829121999183531
2025-07-09,0.0017454712743873511,0.001996047376413954,-0.004020024232941782,0.0005816405905081188,0.006569738249598463,0.0006057704583573684,0.0047313622090927685,0.00506178369928156,0.0038005960292935136,0.002918708416180976,0.0021301253056098357,0.0028612239626486648,0.002403651529150508,0.008228745576231745,0.0017923905475392438,0.0031768731602765552
2025-07-10,0.00045733938623292484,0.0008715500935944159,-0.0013155906110620384,0.00019271054183402612,-0.00015621810787855338,0.00035335848609251456,0.008282787838173395,0.0017562745482635031,0.0013771921125006947,0.0018615713114898897,0.0008567822398434704,0.001580345142702993,0.0010428285152956898,0.0012473298618383244,2.6348537402198926e-05,0.0015086361477368857
2025-07-11,0.0009007636701608622,0.0009620290155624726,0.012412459429220667,-0.0001370175969004168,-0.005675060904130144,-0.00036298736866654537,0.0069906673779872985,-0.005540204844954885,-0.004047325822014756,-0.002532508077148002,-0.0014745413379206797,-0.0032483145095721392,-0.00175768178648505,-0.009378877073212888,-0.002229485541928511,-0.00155235357719172
2025-07-14,-0.0010659395322857393,-0.0010811819365141944,-0.0042641732908676715,-1.167882911005415e-05,-0.00196126416924983,0.0002270583810548361,0.005615809455396697,0.002341497887133265,0.0021536753459238255,0.002198887164657131,0.0013902071171150716,0.0018955216490178519,0.0015243680726455388,0.002101252008502873,6.497925600698745e-05,0.002247467470465098
2025-07-15,-0.004629965816988815,-0.0015911082456884279,0.004127891960187397,0.0003575784581465314,-0.006617217635430675,-0.0012924170326044306,-0.006423144880444119,-0.005353952927598617,-0.006208399505293174,-0.005973484913821277,-0.006022377013532021,-0.005430708065730287,-0.006079536996102008,-0.005543826995361862,-0.001851645741072605,-0.004013071763444173
2025-07-16,0.002581695920044752,0.0009916369065885095,-0.0020578188872016857,-0.000815755621121955,0.0036846330598758964,0.00065778911258066,0.0017544196807323473,0.00271098729462307,0.0031915613645132337,0.002879789192395526,0.003026591129595231,0.002478264650903885,0.0032057282814717527,0.003980809716075066,0.001027535315560618,0.0017050887157764574
2025-07-17,0.0012150098727333738,0.003162813479933116,0.0059238435034939235,-0.002196498446475381,0.0021352570382503055,0.0009260601379885813,0.004336570553961639,0.00492962742194892,0.004370721789751618,0.003094561195284223,0.004506585001480893,0.0026318232030121415,0.0035872452558029515,0.00783793666381742,0.0013243450872488785,0.005083193726419965
2025-07-18,4.553635390537345e-05,-0.0008600269874287371,-0.0012718932207961865,0.0013964697193541897,0.0005856749887702805,-0.0003657441805562408,-0.0006985868074756393,-0.0027188397644422667,-0.0019555381019723595,-0.0008743387908758592,-0.001861515212954719,-0.0009839098802588932,-0.0011042391914076444,-0.004084067522414912,-0.00035653137672593267,-0.0010830654740956254
2025-07-21,0.003414405736662353,0.0023713174683282767,-0.00489223943826656,0.0016506668513680154,0.007965818638655052,0.00031887550328681385,0.0022187843666988676,0.00196280966029754,0.0007027737646468463,0.0005946122279411495,-0.0006078354072493581,0.0011723614155395648,-9.076956217204984e-05,0.0031180003042664637,0.001115961664427251,-0.0018702839196763656
2025-07-22,0.0036404970107678184,0.0008682385168043537,-0.005328462169921784,0.0014758974338798221,0.004311071205460359,0.0007181544899114031,0.009082572775746579,0.0013451255845594201,0.002270222523937901,0.003815313948258083,0.0020572854947543545,0.0034932087012766178,0.0028251746242613663,-0.0015718310864936357,0.0005444743471368184,0.0009243523532568664
2025-07-23,-0.000732288882708316,-0.0013482980804012308,-0.0028123944227634815,-0.004543612033070882,-0.0014622764634451887,0.0010398401631080555,-0.011507418428803701,0.007217936640564923,0.007008320412588042,0.0036467681089051626,0.007317111873566198,0.004168813394507876,0.005150711997302683,0.010044235988025162,0.0016648235858132852,0.0028965126002924646
2025-07-24,-0.002765670263939299,-0.0007212407389309819,0.003053454498119937,0.0009458333362267242,-0.0031216913233663,-0.0007338055292461838,-0.0033524628885926765,-0.00466239916564642,-0.004370100039580249,-0.002970061039261346,-0.003952803475771136,-0.0027825396970365007,-0.0035735679558564232,-0.006522445997393146,-0.0010390625191416976,-0.0015501811201494796
2025-07-25,-0.0029589010480051067,-0.0024006072987913032,-0.007944858502123023,0.0009015544119930877,-0.0009623207488942748,-0.0002608102529123649,-0.0006223197406774283,0.0014850844096667318,0.0008787438090599185,0.000788259037019749,-0.0007857422505399675,0.000843195767548432,-0.0001701927071360408,0.00249987358182862,0.0003593335204436349,0.0015247949645959108
2025-07-28,-0.0034413431764856697,-0.00014969618037537452,0.011860128664514975,-0.0006923405512677402,-0.007226419728950058,-0.0007158732896387699,0.003403497592291173,-0.0030475770924204715,-0.0028722591468186313,-0.0028804857318209497,-0.0017201595266069574,-0.0037063473128420956,-0.0021127994324813453,-0.0024392724508504895,-0.0014918737584547527,0.0022827621995572724
2025-07-29,0.0030360448934055465,0.0050010388274325576,0.0032999642079099187,0.0020171175557441735,0.008185473567754408,0.0005224957337444996,0.010179612915313302,-0.0021195592909210434,-0.0011207714071701463,0.002577178302128674,-0.0014615579183879985,0.0016983380144737427,0.00056811753780567,-0.003374764362787406,0.0009725787656132673,0.0030331195660790317
2025-07-30,-0.006634199633000933,-0.0035650335701112594,0.0034066309272097082,-0.0002536610240032173,-0.010099311702469785,-0.0011242361130053074,-0.00520793466418705,-0.003922696968153553,-0.0039271216959984225,-0.0037796580613834885,-0.003494855918368499,-0.003728728857314789,-0.003832768757711323,-0.004898842762584756,-0.0017594310790567222,-0.00014633575185097936
2025-07-31,-0.0026690817934959545,-0.0029848046705033375,-0.0030809786191010294,0.003715653573607575,-0.0035065367034547074,-0.0013423961302523137,0.001980136157769267,-0.004603183635621316,-0.0053081715307948885,-0.004527642369120995,-0.005949313769456323,-0.004081453097192391,-0.00524743305088353,-0.006977924181948914,-0.0017582043064280609,-0.0038357396738459945
2025-08-01,-0.0010041421741997637,-0.0051274319676563014,-0.01888602493535158,0.007983031034062789,0.005477468535187664,-0.0025663589610329914,-0.00913179183519256,-0.01171375201992866,-0.01162519790565806,-0.008183518955527493,-0.014497947054937137,-0.007313050252750124,-0.010124870856682887,-0.013462414348738273,-0.001641851373087937,-0.012194489865679259
2025-08-04,0.0043510613044568675,0.004206136210454002,-0.0031983654219185816,-0.003209736161236541,0.007069890931871367,0.002119449681512775,0.010841859429395046,0.013826272891122102,0.011652763814832332,0.008134728004461586,0.010007296111960589,0.007832082107026822,0.008529255721204136,0.019798408014004152,0.0031759737465595407,0.007369872584218983
2025-08-05,-0.0007483466859923452,-0.0011644377079005268,-0.004944121127170559,0.0017457736353269477,-0.0010524230120730668,-0.00018009694072533826,0.0039021733065045467,-0.0013137091977895592,-0.0012140760489232545,0.00022314766586530174,-0.0017418611321775978,0.000372265258133881,-0.0010844492004231626,-0.004155817190479132,-0.0005474793475921461,-0.0009915680857397148
2025-08-06,-0.0009468415736458551,-0.0018848160365225008,-0.0028252202750100137,-0.0021902838290447832,-0.0001709554008429236,-8.894130126742121e-05,-0.014780413398122885,0.0025258267506353318,0.0017114861725340315,-0.001337924906366922,0.0015517775735041776,-0.000487780152184593,0.00033297110605460525,0.006181196117717284,0.0007318336900512128,-0.0019287460428006413
2025-08-07,0.0020093726665206387,0.0029837410000325415,0.0033202894323422117,-0.0006612673939600166,0.002790675659576245,0.0003524137227357299,0.0012049936574414209,0.0005556190735585241,-0.00013356896025544643,-0.00016086074645315455,-1.4807786306511041e-05,8.025485086112537e-05,-0.00024866063168077956,0.0013182975862287409,0.00030510442735723976,-0.0011285329699337533
2025-08-08,-0.0007595320475123179,0.00020868643048349697,0.002533429966591334,-0.002158567724027539,-0.0017515114134058034,0.0001822885695341333,-0.0027760831811568963,0.003503808128304419,0.002266419322695358,-0.00021736735003991827,0.002220129304913889,7.648944838031997e-06,0.0009032237873859053,0.006721894853088133,0.00034956766345843685,0.0008958065959152781
2025-08-11,-0.004061510848073172,-0.0024820316830955875,0.0012309858311275144,4.562252599559901e-05,-0.004017187800376852,-0.0007606977717954143,-0.008788621898073255,-0.004030834665264336,-0.00304118663291432,-0.002197591237243307,-0.0026299436148307124,-0.002251985412876698,-0.0022378748433882346,-0.004679563149367495,-0.0006129107718336916,8.711494559405955e-05
2025-08-12,0.002148547010844713,-0.00014996106572063065,-0.005547736516703927,-0.0039321129629893295,0.0018629287656398879,0.0014046673081539237,-0.0018211973921656048,0.010035867131501286,0.00931361528590772,0.005557661350496311,0.008727659060602123,0.0055414358183478825,0.0070709772212416925,0.014494149732072805,0.002098109703197624,0.0038735548083657753
2025-08-13,0.0029909424803574287,0.0022888217005386973,-0.00458997990055229,-0.0009627353803484382,0.0069004404115856404,0.0011065396962705856,0.003708342851351518,0.006053779013840625,0.005650226990839515,0.004868858161394059,0.004429375242743996,0.00453488267757289,0.004646873124348149,0.00917980119253664,0.0021503729508873014,0.003797014557796829
2025-08-14,-0.0030339258003473407,-0.0017110683983393776,0.005870856851305471,4.26149012406614e-05,-0.00652624135120856,-0.0007637389019656937,-0.004235162666735859,-0.004828281228036002,-0.004127807411862928,-0.0034148772959484326,-0.0027143283885021348,-0.003261013165920182,-0.0031421332858806343,-0.007544893746517595,-0.0016302289796194464,-0.0017599684664604642
2025-08-15,2.5746075250820434e-05,-0.0023281267005543544,-0.0021464969892113295,0.00025157764238649134,-0.0026867380159007626,-5.387421807153851e-05,-0.002631679282263249,-0.0016340145806034573,-0.00035816210953521,0.00014192777821302096,0.0006613494967702681,0.00034547559918882294,0.0003634509939169264,-0.005247570691988886,-0.0006663517244494706,-0.0015309613741772115
2025-08-18,-0.0016891664669900063,-0.00027707445784112616,0.0028256026790003247,-0.001057399374733294,-0.002648851700373216,-0.000350148634670024,-0.003963344163941448,-0.0007679806999351856,-0.0012793985259395395,-0.0020335173230556884,-0.0011653286077096495,-0.0019288982267817378,-0.0015137574729850497,0.0008706075513753477,-0.0004333926987265511,-0.0009100897005506967
2025-08-19,-0.0014712652653689324,-0.002443281330254626,-0.007215346812183903,0.003417800980737891,-0.002073486385477467,-0.00034185196515307373,0.008542133182434148,-0.004464134521684408,-0.00257712933103158,0.0015231765705072458,-0.0029539371839398176,0.0009523014103885142,-0.0009334925541553008,-0.010708188007315907,-0.0010465672248025624,0.0005135617178846647
2025-08-20,0.002908088983276735,0.002962800868449594,0.00656387389193736,0.0005429597188626431,0.003015445398023204,0.00015381136723374296,0.003969113797701791,-0.0025859263743879543,-0.0018402832663611459,-0.000440135497942123,-0.0007897272071967407,-0.000743728137344533,-0.00042804530298823156,-0.004009888327282815,-0.00020458272699940488,-0.0007372824904589217
2025-08-21,-0.001522695801568386,0.0008305224018771877,0.008741899418451342,-0.0005335035113097989,-0.0045265789959205785,-0.00035325922211110905,0.0015320608478642478,-0.004208267718143333,-0.003434474601180773,-0.0020010615108819654,-0.0020902185361737612,-0.0024111743396622587,-0.002073561654059807,-0.0060275225624989714,-0.0013016925520514789,-0.0001628175830456475
2025-08-22,0.009152135999046023,0.005524356164216983,-0.005150439826234515,-0.004232680366350143,0.015202818423427885,0.003066688122688414,0.0064005633979293455,0.01665658917449247,0.0160450327442786,0.011977220940087754,0.014862932994454589,0.011296880087890713,0.013541559725386452,0.024189870643608145,0.005185693009997407,0.009367838452067602
2025-08-25,-0.00290060700595316,-0.0005166169265149993,0.007428332488848479,0.001403234896503363,-0.0065030031707793735,-0.0009496803660973,0.0053608476785456105,-0.0063703066441172474,-0.005729981377630391,-0.0035284781051307325,-0.004765147926027852,-0.004023952329823251,-0.004167553923688645,-0.009514069203645292,-0.002182058503759673,-0.0009218746013079684
2025-08-26,0.0005364103086619456,-0.0008182830090961925,-0.0051155167374034366,0.0008993421129818995,0.0014131498345028354,-3.644884299922643e-05,0.002780135161749993,0.002439026804010953,0.0014617331522496263,0.00037187046368880497,0.00036165341271465854,0.0005113740250121772,0.00041488111151622613,0.0038383609755783202,0.0003009134305755537,-0.00021232893543583132
2025-08-27,0.0009699218103408243,0.0003154051742099279,0.0001882823120484462,0.00032044685351424724,0.0002010143699773437,0.0002599351830809655,0.006613786386196507,0.0005337870441359782,0.0011581843964557264,0.0018204501373910848,0.001263665060172101,0.0012142353594391164,0.0016133039395727724,-0.0002870043470202437,8.87253825713921e-06,0.001994877679199698
2025-08-28,0.0025067617829895375,0.0033026947599911413,0.002623303425035978,-0.0002007161556193745,0.005903031900393218,0.00040994436545685524,-0.001689675306660172,0.0016116766049623656,0.0006369328208054238,8.575609945924638e-06,0.0004660660875688995,0.0004980188863990779,0.00012190368527159091,0.003428070014906654,0.0010845634933008763,-0.0005506922913633391
2025-08-29,0.00048302955913089073,-0.0011296690776344885,0.0020176996067136016,0.0017002524754460226,-0.004382011585407973,-0.0006362799325480917,0.0069705216110419205,-0.006059954570784218,-0.004621755217843066,-0.0022155565019185853,-0.0034845502500632907,-0.0027232086718152887,-0.002564133403457465,-0.010696136855601054,-0.002221208415979221,-0.0034249461758842715
2025-09-02,0.0026387769673821048,0.0041905191495262535,0.018087729184271442,0.0012163762502650757,-0.002155991675127707,-0.0005174731332083322,0.013638975405536687,-0.005019163790192963,-0.0053400842452346,-0.004534713994678566,-0.003194931633024864,-0.005072798070165314,-0.003675661889634257,-0.006916267199109548,-0.0021909629007790814,-0.0021570624282718897
2025-09-03,0.0011127225288044234,0.0005161462339542867,-0.008879963708804246,0.002170652134944634,0.006039608559764283,0.00021716087808958294,0.004888157135987911,0.004246815317264492,0.0024243958789848335,0.0016973000038443837,0.00010246467271523703,0.00212646266363024,0.0006240384861475712,0.006207316792695813,0.0013193539582546819,0.0008022069039998668
2025-09-04,0.00039139026246061957,-0.00023328994222297588,-0.009045031056781736,0.0003875941435699702,0.004047231450888763,0.0008787939549897024,0.006748381398097754,0.007344630972392527,0.006544474721533307,0.005570102095941515,0.004573565789632728,0.005318187706237785,0.004690575681833484,0.009315873880716656,0.0019798198451736323,0.005750262242437143
2025-09-05,0.003038199179637992,0.0025880384183125152,-0.010185438121602344,0.002578737605638632,0.009473957172624354,0.0003203092313320515,0.006371163481738687,0.0019759036793339088,0.0004864638950101395,0.0016517458969330084,-0.002157613241688001,0.001975219458568246,-0.0003962382764937407,0.0034492378760562865,0.0013216714822617479,-0.0014889181074059234
2025-09-08,0.002983801932555873,0.004574002050363065,0.0014814335443868237,-0.0004832894733286351,0.009157233565305541,0.0004134131033619987,-0.0038355982008554186,0.0029078615649006296,0.0008905950055382172,-0.000493126081848158,-0.00024967545896565474,0.00015674647023345561,-0.0003342262057134959,0.007937218820325654,0.001788430356495839,-0.0010667780090350646
2025-09-09,-0.0011520044776863131,0.000572080999146498,0.004782973995997115,-0.0012190043350850707,-0.003202452272610531,5.451510727308215e-05,0.0010355340080017408,0.00030387634420825534,-4.2001146734439655e-06,-0.00038772503264343516,0.0005399104845653121,-0.000438148878603404,-0.00017667868169487778,0.00040967106249841846,-0.0003976782833264498,0.0008703046701356656
2025-09-10,0.001140218902083287,0.00254862489206264,0.0034270638752436503,6.432261697904285e-05,0.003911782237025575,0.00014224122450635346,-0.0005284525881113127,-0.00025263032787382775,-0.0005379837401906187,-0.0002180175514294979,-0.0006098069083859501,-0.00020433739878659445,-0.00037217524883353064,0.0010308447905435813,0.0006372725713041927,0.0003996198675952447
2025-09-11,0.002928034639893651,0.001551173973445895,-0.00931962475998954,-0.0017959648385604812,0.006091163463406912,0.001750733603140916,0.005645337983411984,0.009984893751187085,0.009366577629343866,0.00797938924892158,0.0077964743435591476,0.007842473830204701,0.007363279726888552,0.012309774813999844,0.002733846416864561,0.005629839036017593
2025-09-12,-0.000990281474120211,-0.0001319556578516088,0.005785956022103004,-0.00011883330724309793,-0.0032719645414901475,-0.0005238173478348487,-0.0019765371445431886,-0.003502833542775747,-0.0032175429794007605,-0.0028907828250274237,-0.002201926132873952,-0.002881009687592563,-0.0024097919555726563,-0.004414203635029064,-0.0011311086747055393,-0.0018945875120758007
2025-09-15,0.0038947197247792267,0.003189366109980106,0.003868413149631504,-0.0013215707689105865,0.0061230400031697056,0.0008362915164627056,-0.00024553403925928674,0.004258587425556385,0.0037079020081730945,0.0018625875446404302,0.004028221005865335,0.0019514711100216172,0.0030648711473848815,0.007083563107353478,0.0015519650392231475,0.001625746029111546
2025-09-16,0.0002944352112548451,0.0009059372473790171,0.005078750914990538,-0.0011367025572241894,0.0016787506383972811,-0.0004933342527245002,-0.01480791526127582,-0.004766126403415798,-0.0041360604601666994,-0.003959014359574049,-0.0030528327250847315,-0.0034655568438334374,-0.002946913902516191,-0.003595132501906817,-0.00016999104643556316,-0.0044811768274554764
2025-09-17,-0.003731248772880368,-0.002571748425739609,-0.004028430755272951,-8.702465354132182e-05,-0.005259049170960927,-0.0004067423769940094,-0.0012202898049335175,-0.000206008151539995,-0.0006850198288283194,-0.0006859720690759875,-0.00137778200828864,-0.0005050400128412642,-0.0013631361493258883,-0.0006243356663566037,-0.0006840178309886241,-0.0001697651258866208
2025-09-18,-0.0005783532920903998,-0.001832782312117277,0.00012326862641672334,-0.0022116684444638186,-0.00607464456942984,0.0008063457607544273,0.00932617142065045,0.006198367429965986,0.006421909123742028,0.004487473920864434,0.006935320017722221,0.003730337405807893,0.005385024466190276,0.005986924544897857,2.3559740045318682e-05,0.005657084246417143
2025-09-19,-0.0005163682841724431,-0.0004967808642268499,-0.0029101290640392878,0.0015406453358375153,-0.0014740371567537587,-0.0003030516981598013,0.009688603409834257,0.0024226961245507944,0.00034432931602384944,-0.0008737925540134066,-0.0010372011223525497,-0.0007351442500210569,-0.0012133750034109424,0.003585312013265253,-0.0005458147114747602,-0.0004008431107790704
2025-09-22,0.0037568486329071678,0.0021429993842977044,0.0012034072634711534,-0.00016671691798624466,0.0019942886354564096,0.0006593053836183526,0.008786303761692626,0.0038747404531606624,0.0026992750080891952,0.0013112336142276852,0.0028464637775562343,0.0015643123804227877,0.0017753612905381997,0.0037813268892661583,0.000157545536344838,-0.0006131234895312314
2025-09-23,0.0016225285249425747,0.0027508938888283307,0.005376701957787065,0.0011308458987529329,0.003430113831931754,-0.00010907686770301561,0.0008757556971486018,-0.0050740243177212555,-0.003819768895475247,-0.001005853334887988,-0.0030178789453284846,-0.001329389027460796,-0.0017980493840487276,-0.00712350480262053,-0.00023667343360803773,-0.0010825509067240698
2025-09-24,-0.004343105427540235,-0.0016751317153135068,0.008475309890726247,-0.0005323013346755542,-0.007792037961830517,-0.001022913906568716,-0.005930057320255799,-0.006274633944758154,-0.005293190209653394,-0.004284763400346878,-0.003812559196664073,-0.004516315297573496,-0.003868992746462696,-0.007740683138163001,-0.0018235056789782519,-0.0010895793078012747
2025-09-25,-0.0008644573265344456,0.0017045216678727945,0.008768981868009089,0.0017044275886691058,-0.0035256730989103396,-0.0005599710644023716,0.009444614203480828,-0.0054116403967506095,-0.005160892152433173,-0.0026758738490782414,-0.004212987642920375,-0.00306185221022402,-0.003684083801251054,-0.008920194663320957,-0.0018075413771349784,-0.0008888553661848048
2025-09-26,0.002981764341914086,0.00026332230033722934,-0.0024371810434793734,-0.0006500711691688423,0.0020557212188476457,0.0009162947930050481,0.0054424655325807526,0.004241734386305899,0.0048233135368938316,0.004125172641165234,0.005102071092247096,0.0038098183932311646,0.004561399879634491,0.0035762878758137428,0.000853384533130628,0.002558985223873391
2025-09-29,0.002725900546982229,0.0020711877768912765,-0.006951197812390056,0.0019994498503626977,0.006514186215409683,0.0003931280638201411,0.009206827655736443,0.004792644675930274,0.002360615981030104,0.0014352685626767183,0.0001592100965182178,0.0019467163865414196,0.00040962084308975456,0.006738234368445272,0.0010616901136736834,-0.00041645560290378233
2025-09-30,0.001220599186081687,0.00040620251159549897,-0.0028610079801444856,-0.0001849258918348674,0.00038030702580392164,0.00027680724501844174,0.00515180427535409,0.0025115739523512842,0.0016578817096666878,0.0009730886480282964,0.0010155349487253316,0.0010031137954523747,0.0008704955060229748,0.003264223786486038,6.03717999778075e-05,-0.00042614789235262304
2025-10-01,0.0004885553484315457,0.00011906605667078127,-0.004504834824853643,-0.0006744448346815685,0.0034890455677240367,0.00032692572884878806,-0.0027163057493547753,0.003685961383973528,0.002983846714863379,0.0016335347610460492,0.0018396524103659975,0.0016945200869263875,0.0018699357192344711,0.007050095271351593,0.0013183429789426335,0.0014386618626626676
2025-10-02,-0.00240006340520023,-0.0012378599158695727,-0.005036375053242158,-0.00015804199583335072,-0.0005552423040458475,-0.00025807248711709165,-0.003917754610908943,0.0018115246109611477,0.0004635193998133263,-0.0006262973280035996,-0.0009843012892722864,-0.00021786708461395664,-0.0009532543177460168,0.004416850525911952,0.00037704629852768865,-0.00015406968544105825
2025-10-03,0.0023841318670906426,0.0018440057268530024,0.0028361165089237973,-0.000765301167384466,0.0009809935691644078,0.0005230525404325525,0.0032268640900480873,0.0008891326974856304,0.0010082846422032432,0.0010394284175056327,0.0017545679893271754,0.00107396339838649,0.001226925750402711,-0.0001534293270634505,4.135889930930914e-05,-0.00036821692551253845
2025-10-06,0.0034016193754883247,0.004422201592752986,0.012315561205267627,-0.001742381716064573,-3.241578877671196e-05,0.0005724573088571749,0.01215294602035365,0.0037107355641336198,0.0021185913317379197,-8.936745768682602e-05,0.003050083619212099,-0.0004993504083928305,0.0014236874099651732,0.006354551749963999,-0.00021414000098663027,0.0014320417679083023
2025-10-07,-0.0010541303365018322,0.0013140984824152931,0.004314865564740503,0.0030471726969456907,-2.220660883909593e-05,-0.000846248480107187,0.007612094371781875,-0.005674340221169989,-0.005660770028679034,-0.002956227863404091,-0.005909302036616273,-0.003385986235349195,-0.004355069317035805,-0.007410489341465824,-0.0012021311245116368,-0.0008808594021509294
2025-10-08,0.0029408880160156246,0.005460557617300134,0.0036473156840237477,-0.0011585409075932482,0.0046747340799148645,0.0007114865532818861,0.011014417750469165,0.006199307339652691,0.002857559294224349,0.0007172744007986115,0.0013537843204436935,0.0008503525608907214,0.0006502933920052357,0.011614412609614797,0.0009698070001576335,0.0007775756568140016
2025-10-09,-0.00817460006415782,-0.005630193537174679,-0.004222232084662403,0.001489836729219274,-0.010203863157411917,-0.0016712002947914732,-0.007261200587486777,-0.007002069538893198,-0.006516724601138534,-0.00458741130633019,-0.007093579780559225,-0.004487757311104256,-0.0059051686892546765,-0.009314843416897114,-0.002180314074518425,-0.0022603815513119615
2025-10-10,-0.008067155545708042,-0.00908014283499315,-0.01595725577689486,0.013917837865985244,-0.00545152965481035,-0.00495781680014183,-0.007498227358975226,-0.02708765718864465,-0.02579933152913416,-0.01659347398347892,-0.02767328628786328,-0.015198202815767578,-0.021486198350888216,-0.039340546032462134,-0.006009725242806012,-0.018870760074104126
2025-10-13,0.009915609511920545,0.009141667605492357,0.0080069615728851,-0.005833652698846834,0.010798819451953072,0.0032534705840873163,0.023777539584674077,0.019709982811628845,0.01710395812980552,0.011207052345659396,0.016359707679385445,0.00964571831686475,0.013763788855944713,0.03028598316315573,0.004149858699348605,0.012066499922252671
2025-10-14,0.0017521996576031133,-0.0012600702812636613,-0.009395107829654447,0.003558735896549621,0.001747281978842876,0.00043259086943305816,0.01296828721211268,0.0014029052371746114,0.001892761895393982,0.003773110742794762,0.0012168668557478008,0.0038417433036584707,0.0018405816548878995,-0.004385941361757669,3.4105654509015656e-06,0.001122833443778002
2025-10-15,0.006625401796297501,0.004406948688001004,0.0024394343397788573,-0.001228221180791305,0.005348846153459768,0.001793859483100584,0.01529628695327608,0.006957361023598777,0.006941883171806234,0.006290256632992374,0.007578205980279654,0.005820547122740733,0.006517992701580979,0.006106369237602104,0.001335822567391032,0.0038280462189936464
2025-10-16,0.0016481175110202,0.0026345691494359894,-0.003897361545728893,0.003719945234381938,0.007044102752787186,-0.0010434322251995428,-0.0004948764729083761,-0.004985261257671439,-0.0072258242238689395,-0.0057721982536924395,-0.0092485641123601,-0.004782813388486858,-0.0073022735164202076,-0.003496785826052763,-0.0005310160928813056,-0.008318946320791587
2025-10-17,-0.003335715571086682,-0.004255579127502761,-0.0023284680669442832,-0.002236158042851696,-0.005911088115211507,0.00016394425247934924,-0.009717333116942338,0.0008109662886633163,0.002740468524203845,0.002195134844131763,0.003793863004844468,0.0019993251972158553,0.0029815646077483594,-0.0006080868019326473,0.0001480532650933529,0.003114103483566335
2025-10-20,0.010965377304232596,0.010969008312391343,0.007508078876412968,-0.001360756770692818,0.012422697770526913,0.002843500395954394,0.035023552575373734,0.014699890641501654,0.01170056837473633,0.00933632136690983,0.010721025742768096,0.00830141175419625,0.009291288971086716,0.01912603828271864,0.002830769846349114,0.008352523574869859
2025-10-21,-0.013438656613223769,-0.009717652014093891,-0.009692600657161779,-0.001487525215873529,-0.011134467904595522,-0.0018603070696753404,-0.034867023893342175,-0.007890979113296394,-0.005518152423241925,-0.0040348108263993316,-0.006085407678942766,-0.003613671695130472,-0.004738964772352892,-0.0076105547275688275,-0.0005932921415348291,-0.00028533338758578825
2025-10-22,0.0007269609966364744,0.0013931004608275619,0.010029922653757814,0.0005145835050251151,0.00023858827461324455,-0.00048725139757561914,-0.0070013450874294655,-0.009101593224793692,-0.006317425854469519,-0.0029989881427021883,-0.0037764830577838504,-0.0032574353685506287,-0.0029171945063210932,-0.013339811147359746,-0.001071510420891848,-0.0027053787645041952
2025-10-23,0.0036159137850801295,0.003437720083154566,0.012890494658036454,-0.004328211570064007,0.0006299080539675323,0.0013378980990142292,0.000363278796061433,0.004731368348793712,0.005540770309352214,0.003281470294217539,0.008044165582679725,0.002771232213423112,0.005709212327302976,0.006254226141102721,0.0010562035891858452,0.0044633168096583214
2025-10-24,0.0009059949142175556,0.00020375780332126427,-0.0019151229505828863,-0.0024056996301388086,0.0013098565189545142,0.0009752192604301046,0.0011986932052547071,0.0071447876739103525,0.006750445536321499,0.004362825148702009,0.006318843250316895,0.004033810962008531,0.005275865440438386,0.01044030306711464,0.001610379175454616,0.004870144865417074
2025-10-27,-0.002881060240939407,-0.0019086964754046307,-0.005416560046495244,-0.00423366274194639,0.00028274155126928037,0.000775645653067936,-0.017217193756825754,0.006835258324877944,0.006583109216594137,0.003519985778321509,0.005909392048481071,0.004001962452234699,0.004523952768030208,0.011700583308312782,0.0024296949137449864,0.00437415181768287
2025-10-28,-0.005120343245227252,-0.0028411613294536627,-0.00527416889413845,-8.938880462276222e-06,-0.0014057985021118753,-0.0012641531145233364,-0.01780000809129917,-0.0006465072442378844,-0.003192063924203517,-0.005710063568848885,-0.005052417968428964,-0.004302892467907221,-0.005305184289777443,0.0044800747153884565,5.141365461372124e-05,-0.004387967053859182
2025-10-29,-0.004452928781996417,-0.000504557766103998,0.011900694104687578,-0.0022469935692719643,-0.008423462264516492,-0.0010489658988756274,-0.011075010502211383,-0.003054968813874935,-0.004654707795689091,-0.006925032284924918,-0.0033357698162582213,-0.006067109689319325,-0.005274484207306626,-0.001017692108919081,-0.0016998156206368292,-0.0036535233926767293
2025-10-30,0.0006656569244810591,-0.0008051866316719455,0.004262753566112989,0.0037451770095590364,-0.006451978528980292,-0.0008457321589762402,0.017887748616476084,-0.008137111552950929,-0.006571585542087636,-0.0026199877238609246,-0.0051166885643498285,-0.00340998757885282,-0.003861226499497745,-0.016209340248415204,-0.00337284800631069,-0.003448975548469009
2025-10-31,-0.0004217788427739644,0.001035322701900598,0.0060747817415246355,-0.002178914493736365,-0.0023130210425708455,0.0002068288806465549,0.0002040390511015202,-0.00030326463321851444,0.0004199125139229293,0.0005299740191319798,0.0012610577403017985,-0.00016969144953731983,0.0011035836894366686,0.0008376924937488724,-0.00013727409159961694,0.0020055573635716383
2025-11-03,-0.0002446906924955492,0.0021236912027501084,0.00574533259786426,-0.0017410621801345568,-0.0006728194703003617,-0.00015894904474568662,-0.004084835868316494,-0.0018897031323831448,-0.00240653902096964,-0.002414601803027502,-0.0020492821556943406,-0.0023103098859224456,-0.002120894234632508,8.231268510116392e-05,-0.00037989441632571325,-0.0022527017771497137
2025-11-04,-0.006513785431988173,-0.007769368879005416,-0.005193059974406547,0.005348419776812384,-0.009336677990232073,-0.0021422178038280762,-0.005449260688068695,-0.014132879965673303,-0.010404962893800017,-0.004895610654129602,-0.00933497265465091,-0.005149850423048076,-0.006792923275157193,-0.024049381397666526,-0.0032672334845434254,-0.003863629327425094
2025-11-05,0.002296418125446596,0.0004195328803530585,0.0011190281855697126,-0.002145196185300974,-0.0024734893623775383,0.0009896577463071325,0.008957087029198618,0.006700723539842317,0.005888091989182444,0.003316890795140353,0.0064315229157530926,0.00322810069818118,0.00446084910913909,0.006970720297142472,0.00018019626239395415,0.002254756536284102
2025-11-06,-0.002519212159787243,-0.0039829822160738805,-0.0042369661506938845,0.004748538297736367,0.0012061696992377218,-0.0019546698851036094,-0.017353496765480536,-0.01318900436952346,-0.0107685046205768,-0.0068693269483324545,-0.010239110992892424,-0.006177615363321372,-0.0077502817643643595,-0.01812582725647371,-0.0015023507717221655,-0.00770428092398698
2025-11-07,0.0026575920923397178,0.0004612183922663534,0.00012151418689396512,6.497829083611391e-06,-0.0005073293624042537,0.0006894978824258927,0.010364381337683462,0.0002929139137296695,0.002007022843608146,0.0035979819895017038,0.0029580839942317935,0.0027580783745310513,0.0032554994863608208,-0.0033070356587223903,-0.0002829404614161043,0.0019610950072850458
2025-11-10,0.00811153680530512,0.00852415528237305,0.008778718205304094,-0.004285425946258283,0.009693221579708767,0.0025053626383197193,0.015344971812097633,0.01536713446253057,0.01215568970748755,0.006912720468051474,0.011788338140334685,0.00665842224973392,0.008884495430522825,0.023197109258817333,0.0032678696168582004,0.007077932994061354
2025-11-11,0.003371184453544662,0.0029358341145980854,0.0005621683094060507,-0.0004447501750759876,0.006564777837962075,0.0009467233129309923,0.003025865115901182,0.0024768486641332963,0.003226509649034503,0.0038506137466589913,0.0032475930331056545,0.003386169187236109,0.0036255576308458965,0.0031121958507275387,0.0015980752750013717,0.0032346179627296416
2025-11-12,-0.00027471804772033243,5.837497428406047e-06,-0.006245979371567905,0.0019241805946557762,0.0005821154541934014,-0.0003166569326379805,0.005904179505351456,0.002370782012424157,-0.0005363691395037281,-0.0017025895605683984,-0.002509445096936157,-0.000779832454601027,-0.002656099307687382,0.003412917180963706,-0.0003077142625641209,-0.003086588360277444
2025-11-13,-0.00793513845016968,-0.008265072305756804,-0.00020122894770667325,0.004513232308151351,-0.012719851822609294,-0.003416106245416501,-0.02246174710725121,-0.02089340870799848,-0.01810079611521176,-0.013352320176999182,-0.015985381548293348,-0.01217962355674783,-0.014055065989603502,-0.030271572511570484,-0.0050851917233465885,-0.013942131805524269
2025-11-14,-0.0035920479449591614,-0.0036934012285163662,0.0013345217441979524,-0.001826634299559704,-0.00725752180656271,-0.0004844446061325243,-0.009946778604329524,-0.003782694389421172,-0.0016385134814799213,-0.0010342074754759176,-0.0002546356252502035,-0.001443204613026839,-0.0002647504934654801,-0.005259107551987751,-0.001013212218586147,2.3637511440591366e-05
2025-11-17,-0.006037922644292016,-0.004505554541521692,0.0001023148092551265,0.00413515525559082,-0.00650402731315407,-0.0022237865600783177,-0.009584207147994692,-0.013199250980987804,-0.011559055283626411,-0.007609125510223067,-0.010979408506370922,-0.007278688520429302,-0.00899653891883385,-0.018716099750453862,-0.002809682535126042,-0.005849955368237767
2025-11-18,0.0007303276117819759,-9.897129584928409e-05,0.006127604424521906,0.002733332995043483,-0.002412663441899443,-0.0006896374702119589,0.007621578432398629,-0.008870935349151454,-0.006122362938605921,-0.0019414255096389913,-0.004309571722674252,-0.0029155105041347904,-0.002673776222344957,-0.015052397179870239,-0.0020735258904169005,-0.001580605104970642
2025-11-19,-0.002560169028514836,-0.0017517045955716235,-0.0038862525679530455,0.00115880787225904,-0.003757942872796764,-0.00029015237851437843,0.008980505290830072,0.0032930013234465936,0.0013897750037044846,7.163386932698262e-05,-0.00013709728712582095,7.129274901937537e-05,-0.0004632756623137598,0.004397170848279212,-0.00042880611970647927,0.0018208870611976082
2025-11-20,-0.005201080282952337,-0.006769923752052309,-0.006885411710834971,0.006989910222558224,-0.006838839351846362,-0.0025681807589225977,-0.0027343824111217127,-0.015078660894615856,-0.012773653904986722,-0.007424332539178089,-0.012632942592700569,-0.0072596840472462865,-0.009600982235022102,-0.023959306608620945,-0.0036651256170852956,-0.0076270268862298285
2025-11-21,0.0032247118411484065,0.0006504908203346282,-0.009628693156113512,-0.002067876687458918,0.005035440376887079,0.0019197590771308408,0.01017864959360078,0.011954229994632417,0.011709036506507122,0.009636798179098465,0.010162250129955837,0.008872437307549896,0.009613045778522386,0.01498411667574728,0.0028398865459197853,0.008230195138135743
2025-11-24,0.005826709011105915,0.006474881013439504,0.001658607887035422,-0.0022614489875111207,0.00940815849991452,0.0020597362147365583,0.015745422446769842,0.013520852242146896,0.010623124086894373,0.007043532379110044,0.009054586954778916,0.006714558684497938,0.007519641202304662,0.020056087224760186,0.0031283304595483364,0.00725471198511102
2025-11-25,0.0028126999288528363,0.0005407652152814016,-0.0075311579086893045,-0.0021247217693430532,0.005120140089535092,0.0015906925315751807,0.0030599212605261425,0.010350584946462953,0.009854846701819226,0.0072703124559379126,0.00875936605463645,0.007099019576646372,0.007761860083529453,0.013511006271322294,0.0026734265378763303,0.005898586626735606
2025-11-26,0.004950265649162338,0.005605149464802081,0.0050705278368259315,-0.0025627966869422544,0.009005563205047163,0.0015120902235393476,0.00013408350612628597,0.006426250343650278,0.005718112607580126,0.0040317663669982165,0.0059041076587325846,0.004091021245792532,0.0048231867218195435,0.010218981641442545,0.002566096459753948,0.003498006998762528
2025-11-28,0.004310295028362488,0.0034439155726001328,0.009308946363235688,-0.002565747403390811,0.0011105604064926315,0.001112430684269529,0.007322359191695867,0.003846152885759104,0.0041713804619762825,0.0028104619224781704,0.005867003091676171,0.002250805025443555,0.004353541719756128,0.004399435639688064,0.0004743907198314787,0.002729026203943961
2025-12-01,-0.0025775863424410245,-0.0028602139796041893,0.0071014638624999245,9.130089297939149e-05,-0.008779091154063163,-0.0013050478974855402,-0.008506117480492067,-0.007723597732979976,-0.006935748147418566,-0.006663847965914632,-0.004715289596580145,-0.006109264618822096,-0.005458815177561389,-0.011296207574747726,-0.0027921655249851514,-0.006420361098739458
2025-12-02,-0.002140785430683367,-0.0026800248387582235,-0.004996702247235186,-0.0006006709477054161,-0.0010367564814047988,-0.00022134795950945384,-0.008168331764627697,0.001786414590508108,0.0014343885016586738,-0.00017433030967711196,0.0007453490830741606,0.00015159222706507929,0.00041230687354327285,0.003911044428086118,0.000512705094752431,0.00034564294127317633
2025-12-03,0.002025995960108086,0.0013820389081747762,-0.0002687064211323144,-0.0018725539260801632,0.00479594581332702,0.000691654582304955,-0.006880825718226559,0.002783536714345149,0.0031586760043785713,0.0021626453549382233,0.003289503184406139,0.0022169625867216342,0.002953478455385829,0.005235997070793006,0.0016071897827054109,0.0013825017558245778
2025-12-04,4.3184413778584894e-05,-0.00011163736256320189,0.005218475476519337,-0.001240434430877966,-0.003372390563091518,0.00025020504652357686,0.0015106140880967703,0.0005561306458419267,0.0011269414896063435,0.0005932096823676905,0.0024688325656170755,0.00040343890711961694,0.0013986363268217634,-0.0007751906933166681,-0.0004163290549288269,0.0013797140466770153
2025-12-05,-2.2878712709929912e-05,0.0001889972245343638,0.004528259568139496,-0.0018564237282428944,-0.0014130479940750193,0.00011619469525918743,-0.006622436373669041,-0.0004182233861875209,7.40277542190396e-05,-0.0006349093402314284,0.001260375631751072,-0.0004649471711351816,0.0003848558633444862,-0.00022626129012877388,-2.5489561627544316e-05,-0.00048321781616233415
2025-12-08,-0.00466055392535208,-0.003917272221151857,-0.006024320378818917,0.0015482971573492204,-0.0065190801805096186,-0.0012419167032498334,-0.003522027455703046,-0.003477935253369897,-0.004538641387466812,-0.004299526772479833,-0.005584005782902064,-0.003625254088375972,-0.005138640551754571,-0.004524044431232436,-0.001739137181015544,-0.004484880906245301
2025-12-09,-0.000774326152808924,0.00015507983217934456,0.0006004755635500543,0.0010424521972741921,-0.0016474591127314182,-0.00034449754667404775,0.0035495199708717963,-0.0013561865945899948,-0.002110710489686862,-0.0016571274642204702,-0.002349526971866678,-0.0014190811251532304,-0.002268765926013853,-0.0023883671655149518,-0.0007933527057179402,-0.0016044350469934647
2025-12-10,0.003926510279922703,0.0020386542185364723,-0.0018531389690500126,-0.0030217946570516773,0.00834522202459203,0.0012215872460834376,-0.007820785275366192,0.006953102827852604,0.006963408294705902,0.004203003778084823,0.0066591477121597156,0.004121382562422969,0.005925059742088142,0.01258529724326228,0.0028753540705276663,0.0032128034405378364
2025-12-11,0.0027716942670733503,0.0007826837914826123,-0.0016372882091737942,-0.00016344597038333935,0.0016636633951177821,0.0006350381100644234,0.005664995580074002,0.0028211187685328615,0.0027770144233817194,0.0023256403332273983,0.0029189268628054344,0.0023162615429052815,0.0024638742211724367,0.0019315104812350904,0.00034009248135434414,0.00037912235824948874
2025-12-12,-0.003856274863035699,-0.005782455367229689,-0.0013044633090990548,0.0037564083337768344,-0.011226457939491974,-0.0019126321655745361,0.0014178789729112646,-0.011825021580512306,-0.009828014404086337,-0.006274570475697031,-0.008460216797769836,-0.006307883441560588,-0.007120376842133331,-0.020167324747101537,-0.004144819752040476,-0.007169347907485473
2025-12-15,-0.0010431341491272692,-0.0028637115925805776,-0.006046204990624508,0.0016584785818203145,-0.0013418627869716542,-0.0004292974772182144,-0.0017652799286854031,-0.002045306277678892,-0.001336664900997698,-0.00046907741512250704,-0.001566666189034944,-0.0003032004765109146,-0.0009554673317279487,-0.004478029897893721,-0.0005297146283702811,-0.0015627992298178034
2025-12-16,-0.0034288895725936557,-0.0037949540225290504,-0.00887006628335679,0.0036539971543325207,-0.0011459295229468416,-0.0013222160280357922,-0.004560021187789577,-0.004033746963036386,-0.00471115232303528,-0.0038573203280004333,-0.006263570905817621,-0.0031529274857129497,-0.005011471943899695,-0.005193993127075814,-0.0009053701131889265,-0.003928404821924847
2025-12-17,0.0008570298972037033,0.0010866423219744238,0.010840323864579454,0.0028273038643453832,-0.002620136320738017,-0.0008424397696279382,0.006335222967130867,-0.011531999900916579,-0.00849386284810214,-0.0034543918308061797,-0.005896758352220755,-0.004302921041442795,-0.004279288640037364,-0.018965802669562742,-0.002532294054918139,-0.002870367474025425
2025-12-18,-0.0006237561468579846,0.00024829040088692,-0.007381683257327324,-0.0016059752252012922,0.004740892726317643,0.0005222345782579775,-0.005135816924160656,0.008514981368483457,0.005896124935808392,0.0022278362266886496,0.0033817911264402206,0.0027412793887010094,0.0026782019202580124,0.01588543954384757,0.002411214221990832,0.002939009232461081
2025-12-19,0.0010858657491095245,0.0032914455275398686,0.006878045983622758,-0.004568957598828401,0.00011778046439419145,0.0010209149140586213,0.0006393187967020245,0.007268201973886982,0.005556650658229299,0.002140663749929669,0.0056367865408981305,0.0019932055656717807,0.0037039622378948677,0.013128793395627487,0.0012679142415901994,0.0035348061336557468
2025-12-22,0.007475581823042785,0.005930294901104477,0.008889263706395898,-0.0015110686677141346,0.006237478958981018,0.001582572290344301,0.012174490742655322,0.005043093730796698,0.004934978669952529,0.003993594393559339,0.006421895788364877,0.003684276626117768,0.0050045761372356,0.004817311727048253,0.0010922550550984329,0.0022368158733738364
2025-12-23,0.004184557206962682,0.004359906801583029,0.007214290202289603,-0.0011378098340092163,0.00623015048171264,0.0007486084142998374,-0.0017247107331819765,0.001827977652082758,0.0014559877717209243,0.0005449478697366736,0.002434886932134117,0.0009261421314266375,0.0014425787666811382,0.003021235921110173,0.0011457061453584777,-0.00015416085891862814
2025-12-24,0.0004142225271115563,0.0003370607707811312,-0.0038375885659576595,0.0001514702177800382,0.0032875271373244462,0.0005233152480998599,0.0019344136113216706,0.0027323745977858053,0.003021835794869335,0.003307780198766816,0.002246093363920544,0.0029925762561310507,0.0026932397771922707,0.0034124858862689695,0.001259069920929662,0.0035472859976912255
2025-12-26,0.0014450039163023058,0.0014628177165034607,0.001938030640411188,-0.00019805710228467188,0.0007746289411470967,4.7242591031108324e-05,0.004088087574128716,0.00010185546736188314,-0.0003516249927278129,-0.00047110728146896274,-0.00042599140981344725,-0.0006689116567110032,-0.00029810094970903584,0.001119648904746141,-0.0002237686057952395,-0.0008961926161984422
2025-12-29,-0.009619962460313033,-0.008901238799691163,-0.010932469451182768,0.00025135776374828793,-0.008200575976588714,-0.001618284519371475,-0.027423183641620656,-0.008319567645691863,-0.00548502256637726,-0.0032403523924699517,-0.005643707529088323,-0.002849169656580349,-0.004050086677354083,-0.010797115299023484,-0.0008598387698745098,-0.001987933146519934
2025-12-30,0.0001723389037229775,0.0002220789527843555,0.005499712851006226,-0.0007371130663370107,-0.002041844058074611,1.679919656625754e-05,0.0002893681349650703,-0.001959923180254032,-0.0007286187314926168,-8.632542047869824e-05,0.0005825099049847816,-0.0005667421715594348,0.00044862564496676583,-0.003247442635614644,-0.0005082735513128029,0.0007746172546884632
2025-12-31,-0.006017081735230459,-0.007047142473541668,-0.005213089152240672,0.0019403244136244648,-0.010389220775567792,-0.001891614770980557,-0.012221471924901162,-0.008521672654123909,-0.007710548646929535,-0.006632879997737583,-0.007219154980481029,-0.005810930442495208,-0.006774980850979926,-0.012917450369284137,-0.0028858137428795162,-0.00714104361388875
2026-01-02,0.0018347989163088217,0.0031151813676375518,0.001602533194735556,-0.004110844824766247,0.0026325700020931714,0.0011309704734711356,0.00021637436693594785,0.0076563530290202604,0.006047656105962498,0.0031196713646496413,0.005351510330304403,0.00297999223036592,0.004154707024104071,0.013824731949217323,0.0017261981292004543,0.002980624932845604
2026-01-05,0.009462974856653183,0.009877312848644064,0.011474855843044793,-0.0031767639649073693,0.013599774613625663,0.0023476192183453206,0.011908275576909953,0.010480513885060595,0.009028160191352278,0.006280360364120926,0.009420644807241129,0.005725153783787409,0.0078101186399804,0.016531826899536167,0.0033649700210565073,0.0062290897101551605
2026-01-06,0.003234364090011443,0.0035649522416899113,0.0006576998591260623,-0.0015541458421216964,0.0018292637250776518,0.0014501009324027923,0.019343988884153854,0.008883119778602917,0.007339695653622736,0.0058639112429469155,0.006429682505143053,0.005084491040404741,0.005592925737003779,0.011189032545538484,0.0011225096260793423,0.005794584266575749
2026-01-07,-0.00546781981739202,-0.0034781882046354905,-0.005844182291911348,0.002823249680345963,-0.0026240189069744943,-0.0015468131846153653,-0.009560926223825811,-0.005652968945083329,-0.006329884090336403,-0.005125510172676902,-0.007713190305303023,-0.004344784056644022,-0.006439248469844532,-0.006145461965185842,-0.0010086776616498032,-0.003852451259713097
2026-01-08,0.003437698525954468,0.0023974959107715757,0.011119614278380374,-0.0016989724479488017,-0.0026534322167007848,0.0010555585021151624,0.013089337738716355,0.0003072131426496076,0.0026916875585806153,0.003969741948643748,0.005490801223769005,0.00266460296508829,0.004667066196634694,-0.003877541768903132,-0.0005501932963225851,0.004369764857667349
2026-01-09,0.0028964732927740057,0.0046922510481004825,-0.00046676516415397184,-0.0006047915551449298,0.007525793818686484,0.001274132052647188,0.009604517988295789,0.008316140733344505,0.00605797241431253,0.004506075205503944,0.004433078683909609,0.004567113922374304,0.003833271523833458,0.012184910129067552,0.0023194293703353045,0.0048405605629602885
2026-01-12,0.005232701520662101,0.00511184648105454,0.00953860801889666,-0.0025185110540385885,0.004696237732690349,0.0010237297573838916,0.002848965642558758,0.00279594031813376,0.002580947900724935,0.0013785995105968325,0.0039093626267535765,0.0012191373925577564,0.0027684837587039803,0.004784835119955289,0.0008558141495755989,0.0004205900561119895
2026-01-13,-6.297798451977742e-05,0.0004646176572560781,0.0045341144685745625,0.0018022463421206929,-0.0010727655261135469,-0.0002685674305456758,0.006446247188876842,-0.005256486848613295,-0.00330764907580018,-8.1670772997224e-05,-0.0022666589172253703,-0.0009107738241430421,-0.0010433243069501062,-0.009396903829946375,-0.0009729021772560639,0.0010834014610372625
2026-01-14,0.002571969481799107,0.0018480718002887521,-0.0017954725824339685,0.0019880553076728844,0.004078478104118849,0.0003028068318088643,0.007702343251552382,-0.00163199410439068,-0.0008726337720850823,0.0016367426373884698,-0.0010021570636673063,0.0013949507434779498,0.00018909876520301007,-0.004666389512436766,9.026092175549617e-05,-0.00022294532471972106
2026-01-15,-0.0011981377689503896,-0.0004343250800297538,-0.0041003442271732625,-0.0006274291170323678,-0.0030097232752096885,0.0006489372179792343,0.009650749851794687,0.0045837978102447035,0.003954782125482018,0.003821333464004371,0.003114594252092678,0.003560004693578097,0.0027277328245696453,0.00381840136616428,0.00022243453046337736,0.0037789328444996903
2026-01-16,-0.0004509697033166305,-0.0029299212369842723,-0.0011912509146537508,-0.00016643300509350993,-0.006133350934597554,0.00020418608430878966,0.003990177504133495,-0.001723387742690461,0.0006820812907015593,0.0022556327677603436,0.0022694884607152715,0.0017115266660021509,0.0021260833443470903,-0.007459761063341543,-0.0011639785419418494,0.0010302240727160339
2026-01-20,0.0009003618799355339,-0.0024659605124383267,0.015597780159131366,0.00480946407720138,-0.007976035082065444,-0.0030029771726257305,-0.009006381051191444,-0.02229000271725065,-0.019321069400282206,-0.015176646490983853,-0.014595635217674097,-0.014522068628253339,-0.013589379146273332,-0.032440891604134554,-0.006003494374718803,-0.01708248507488332
2026-01-21,0.007308259925782573,0.009272176035797462,0.005664821103890081,-0.0038416145505438728,0.013935428361601053,0.0026644440023752105,0.013180971148738842,0.015265258567487307,0.012668461322903344,0.008894179110817638,0.0112638457899939,0.008219435676754856,0.009732881987808233,0.02443751189380586,0.00453550800379163,0.010111553521486611
2026-01-22,0.002781769703834662,0.0025768921369985417,-0.0011041800212197844,-0.0002760999434031591,0.006271516449759808,0.0004574403466026736,-0.001686860156236458,0.005583377201739667,0.0028405717265407625,-0.00023032572572138465,0.001765911351085582,0.0008711019762400393,0.00048025895325693054,0.009574202889283283,0.001437604121956314,-0.0014134985252136746
2026-01-23,0.004019257103383608,0.003955200644119554,0.008039848720579421,-0.0008578137706682154,0.007874043704172575,-6.332812480373652e-05,-0.016211827244934165,-0.0054095711074214296,-0.004424622692281761,-0.003657826240141262,-0.0027092361976813746,-0.0029034939805365804,-0.002535614384589221,-0.00476902730642291,0.0005734133195976802,-0.0057950140100507894
2026-01-26,0.0029878623244030925,0.0026422698219958404,6.469918254565772e-05,-0.0001384275226870497,0.00648597586786559,0.0003645600073320693,-0.002682981896415272,0.0022479632425160476,0.001106610031808441,-8.311520836751208e-05,0.0006330855120787338,0.00048451118333801764,0.0003285503264269968,0.004790253124971252,0.001171364165775865,-0.0013988399573767883
2026-01-27,0.006320673961125579,0.004673185239767055,0.006235460192903633,-0.0041401964694660984,0.008217560918044145,0.0008735229176561353,-0.015555475806877116,0.0026102712881017126,0.0018730640853296576,-0.001246150739972305,0.003200415524730067,-0.00018385212338607965,0.0014935488892667654,0.00745910524042947,0.0015890340361049578,-0.00513251409653781
2026-01-28,0.004414605040027275,0.007875906055990029,0.015444317698359543,0.0009158583335226076,0.0032164168217741393,0.0001284511310718424,0.02267040650269326,0.0006809737884140535,-0.002165790593260449,-0.0024285947450314693,-0.002221676179293546,-0.0029958816544457096,-0.0024563511194167107,0.0034151681631772687,-0.0008358957999157562,-0.00033030078286727096
2026-01-29,0.002956423865461579,0.001765194376326477,0.006277071488297291,-0.00027484729849515464,0.0012101161070075818,0.0005410902238971769,0.002974622763788121,-0.003843009379745658,-0.000747501974513158,0.002195002688955026,0.0014919116959147029,0.00131233568277557,0.0021070489107512225,-0.008389089832829329,-0.00024101964939994672,0.0012846027314936045
2026-01-30,-0.020438358090284957,-0.021028914752779668,-0.02420477705391499,0.0022769037955856692,-0.02570677686680404,-0.0033052294835872516,-0.029305697553431563,-0.012128089909167784,-0.00753642363738248,-0.004310979125431863,-0.008408686035438446,-0.004507070501412901,-0.006019874919696851,-0.019388174315431897,-0.0035443544520047817,-2.2509285946666503e-05
2026-02-02,-0.009783122579623776,-0.009070487426854588,-0.020489779368901617,-0.0010312062032886958,-0.009652144662355712,-0.0006714273006084878,-0.011569681473366001,0.007678010569757298,0.004724920080130078,0.0004593238005645862,0.0011151573227000991,0.0016536225360254575,2.0648945017387108e-06,0.011962179137671893,0.0004453416746298819,0.001701256478334883
2026-02-03,0.009034599212087605,0.009062051254568625,0.018067356756695553,0.002243596359951629,0.009073230844144322,0.00036358643128793695,0.015304821746418432,-0.005560198007268995,-0.005113909681320232,-0.002352683805791872,-0.0027442977704870103,-0.0027303902384130706,-0.002259306475751831,-0.008756111766705415,-0.0007668278470289154,-0.0037228421541284844
2026-02-04,-0.000339634399731858,-0.0023392493903091837,-0.00025765234121118315,0.002443544303647674,-0.005694646519601136,-0.0002764340552862285,0.011697435140380118,-0.006217787086907336,-0.0030973469719592743,0.0012024501662705744,-0.0016193424646991973,0.00011947904231848598,-0.00020733231462443822,-0.014512655717339612,-0.0020895276946689212,0.0004129051624646436
2026-02-05,-0.008942235694671282,-0.007507271872601031,-0.015133229842143197,0.006871871843582224,-0.004651123074075234,-0.00292121810715536,-0.010456971977905245,-0.014319838517014433,-0.013117715007896323,-0.007553403054733114,-0.015567279085978086,-0.007260908240619934,-0.011090246504656294,-0.018668168149098396,-0.0025176432296401237,-0.00672607921704561
2026-02-06,0.011935040730131496,0.010953723970762202,0.0032806928880868245,-0.008120287609504971,0.015101299467782861,0.004611911954829581,0.01923431354938339,0.025855238144584614,0.02263217361942769,0.015611245539091604,0.021573028718553187,0.014920672464804547,0.01778244556244246,0.0367662080796634,0.00611605083744608,0.013314676073049902
2026-02-09,0.005754437216806858,0.0036890727929570835,0.0025518504725117984,-0.0022262036431812504,0.007552294593639913,0.0011417623488436635,-0.003673442934193729,0.004496116465889806,0.004172686939824017,0.0021553983254389087,0.0048681303812889536,0.002578631215392776,0.0036672850246813357,0.0069573184336378085,0.0017236350093736595,-0.0006034117507726336
2026-02-10,-0.0008682580184076162,0.00038947088001674095,-0.008172176017629498,0.0021605850642778036,0.003550566156902279,-5.112095284592411e-05,0.002634986582463058,-0.0021100093307492053,-0.0017358536387977806,0.001469054025720368,-0.0034282989624898827,0.0013308388300306987,-0.001205935048711162,-0.00361818255896806,0.0004388890402491394,0.00016683792611784778
2026-02-11,0.0014005209985185059,0.0028614801566989615,0.00899629839590838,-0.0023396897152822955,0.00046763181577717545,0.0003808327250154486,-0.003788345388751164,0.0013808220272490959,0.0005827136610958914,-0.0010848387669927428,0.001772775448204653,-0.0006422598381532601,0.00018157503144519932,0.003062474128915091,0.00025839166101441385,-0.0006417610295449549
2026-02-12,-0.01000907241650761,-0.009585220219789865,-0.01881105296733621,0.008114884411594914,-0.004328407942156772,-0.003302835525142787,-0.019483588279615258,-0.017308589070772963,-0.015221163553156083,-0.008753200421393336,-0.0173480693337105,-0.007795966456146992,-0.012631255097992447,-0.024349664007776193,-0.002619149903819868,-0.009005155942607864
2026-02-13,0.004897876184340034,0.0034822730374198,-0.0029738450505174033,0.0010777676181898468,0.005979742770699304,0.0010600658216875281,0.020232171346277382,0.004248669023770163,0.004134851806194871,0.005298456747254274,0.0029855207581879536,0.004160336022047178,0.004138598500304284,0.00454080153991803,0.0009218960868941851,0.003757818962254493
2026-02-17,-0.004335221110702412,-0.004055560497275203,-0.008764356615037487,0.0010202109002894445,-0.005363275586811995,-0.0001685205976651014,0.001474317936048116,-0.0005155770925088158,0.000426289013382385,0.0021855852258941956,-0.0003382941984462199,0.0020143733681255663,0.0003955454034954435,-0.0040830567640051385,-0.00044227999129122127,0.0023509770395402432
2026-02-18,0.003967655091022136,0.006703013324511098,0.020586535051403593,-0.0033149198345391855,0.0020760279332682,0.0010024337138048892,0.008442500249746007,0.004483492005926326,0.0034510268947325006,0.0007966841431546228,0.005467367301446354,0.00013786192552613612,0.003148114405656544,0.00851117797685814,0.0007391761460154412,0.004705769257925151
2026-02-19,1.8289646996794574e-05,0.0007470636675659921,0.005893188323139912,0.0007869667317760709,-0.00039083953432838344,-0.0003384919935829963,0.00016756254421536072,-0.004119320817428007,-0.0030874254001171026,-0.0015898065851742606,-0.002031525784854667,-0.001881179823632929,-0.0016112370179243575,-0.005962024497072458,-0.0006674299112540555,-0.0004001309432627152
2026-02-20,0.0046812963988861695,0.004733399140454581,0.0024501558213641536,-0.0033046259054150067,0.005454978633429469,0.0015517133857830157,0.005743640042679419,0.008313729842774478,0.006825094530422651,0.0043306252982713185,0.006510250282257723,0.0042438695814124,0.00518132020440003,0.012713996640329812,0.0019017129100459718,0.002808008293861558
2026-02-23,0.00012790227687030213,-0.00014385592422537334,0.001962070141970809,0.00579537100069155,1.0823238792904803e-06,-0.0016756793672650797,0.005686518615801628,-0.012729578829118453,-0.011429584868818492,-0.00636426471328943,-0.010983297893990081,-0.0064919141153242784,-0.008210048317172522,-0.018939319506945784,-0.0027665163434900733,-0.0071400686841429015
2026-02-24,-0.0006136457655837284,0.0020449297453799713,-0.001764012240024664,-0.0038181972944186827,0.0017936992414895226,0.0009066825361969473,-0.0037230960726670767,0.007221336986011913,0.0053458129126680584,0.0028365076975800574,0.003930248888766358,0.002995671667575411,0.003049460321358181,0.013393233936786323,0.0018704507039886207,0.003118996404477197
2026-02-25,0.0008576864848561163,0.0020019394030328197,0.0004463230347180575,-0.0038041204354937923,0.003500746243253098,0.0009836922597767363,-0.007425892222555977,0.008272803981786809,0.006320650584525228,0.0023330007317436527,0.005630096873258149,0.002895132114786423,0.0037616613814339768,0.01465271988722339,0.002238244036494767,0.0026870460346167446
2026-02-26,0.0005882399033859623,0.0007385446827097128,-0.0003984191186305417,0.0030115115827913726,0.001018870662130696,-0.00035682326795026585,0.008524640565986362,-0.0052409130924197505,-0.004074906925118603,-0.00040590446771298977,-0.004083135382526973,-0.0009067620130655788,-0.0022322153415157203,-0.009417078192127084,-0.000956728449288084,-0.0009970073834175456
2026-02-27,0.00020188304336423048,0.0015508735099840762,0.004182038612295121,0.002000875775178949,0.0019956272043512354,-0.0010795818452948775,-0.0034740397847581846,-0.009050265407268745,-0.008216221996715817,-0.0051194580516792446,-0.00791678886226012,-0.00526759280566764,-0.005848226663761295,-0.009982924123906712,-0.0012767466721752482,-0.00533236120545449
2026-03-02,0.0030813647220448307,0.0047191210960851795,0.025593605367737925,-6.453346241100518e-05,-0.007773613690765214,0.0007212179439847215,0.029735100180415266,-0.003492448854777361,-0.0008374940130698804,0.0022415536737159176,0.003686794297591233,0.00010999425829797023,0.0025572313990088755,-0.011654789708402731,-0.0025227609328857224,0.0064868729327134615
2026-03-03,-0.010238571883409594,-0.00959710291584244,0.004280585387134148,0.006205554835339156,-0.01724463674852117,-0.0032906947202803404,-0.006446778016391227,-0.021779504824963374,-0.01654124380034046,-0.009183291436693946,-0.013649425608458698,-0.009936705456846029,-0.010860716217310273,-0.035080141646695165,-0.00554144912489229,-0.0046607837216398286
2026-03-04,0.004044580219146533,0.0019559363424849797,0.003343132136760084,-0.0036534175654216643,0.0033660426309601223,0.0017309842351039334,0.0006302592763514215,0.010162025891812327,0.009761903491835006,0.00573110929304336,0.010755894118968684,0.005797850674956948,0.007963874806477167,0.01285782285429264,0.0022705978665856687,0.005537052472338889
2026-03-05,-0.0055813329394511805,-0.0019176188275329185,0.013590690548131196,0.002472660141829568,-0.010120389409854925,-0.002451949105621476,-0.00911289044929169,-0.017356387579618333,-0.015290599202615711,-0.010788365000224648,-0.012662058943505033,-0.010735237606187024,-0.011272519262433759,-0.023530682148827052,-0.004227337248768016,-0.007828933703650709
2026-03-06,-0.0002911472376099639,0.0036437328931571054,0.023230558515066307,0.0002554256368265599,-0.001970923076198221,-0.0019975141126450328,-0.01589247687618547,-0.018563662434486584,-0.01625509947657109,-0.012159999748165307,-0.012509953805316193,-0.01219016576025173,-0.011081902705360165,-0.02080931028901844,-0.0032030448694271123,-0.010327410642938987
2026-03-09,0.0014831060331532391,-0.0003006559582468867,-0.012872532013359635,-0.0008601830615105657,0.007552443613657949,0.00143924767239781,0.002157745971587177,0.013490611136709484,0.01141668994793423,0.007442278001724501,0.008639938975607166,0.007716558379443965,0.007598999782841018,0.019129400353851134,0.0036214546481682657,0.007252005548885249
2026-03-10,0.001287714297020401,0.001443721747707124,0.011984753402057565,-0.002888346003214315,-0.004825221362198327,7.99309220063357e-05,-0.0023360029992933427,-0.0025809497310933013,-0.0017225058713827316,-0.0021731386108561597,0.0009324563043253955,-0.0022932322324506335,-0.00043722091726219295,-0.0037294896887075982,-0.0013467274833658496,-0.0024388815196910727
2026-03-11,-0.0018982712806825263,0.0012545429648195194,0.017385324275930196,-0.00389667874949838,-0.007854972928577267,-0.000553267799479247,-0.009772737746114346,-0.0051555572254586065,-0.004577091056328919,-0.005295291980650027,-0.0016586742093668962,-0.005357003883476257,-0.003149715078300723,-0.004355260243040171,-0.0018099524539417493,-0.0028462676538741844
2026-03-12,-0.005855344774788816,-0.0009963880889597649,0.019522899054804747,0.003420207225309906,-0.011327500036087283,-0.002675905260070269,-0.00968364802371467,-0.02367503761423913,-0.019672058972788058,-0.01191841813714758,-0.015408194147657279,-0.012031144293004578,-0.013330125978131022,-0.03483519937268748,-0.005208441108536527,-0.008855476224967643
2026-03-13,-0.004890025073024222,-0.003837775751300469,-0.001311628282084309,0.0011086325377484146,-0.010408698134096638,-0.0010709528739853201,0.00697553503307697,-0.005166811809756245,-0.004305211334678054,-0.00211914614177735,-0.004397627722667675,-0.0029815479898797847,-0.003189288736157407,-0.008115128971506527,-0.0025501021837699652,-0.0005196509652582176
2026-03-16,0.0025188904252143327,0.0010908802951281086,-0.016666758824026545,-0.0027976027759195944,0.011392764405343463,0.0016125766108350398,-0.008143219454009573,0.013784513860458087,0.011115288509635935,0.00673226732530592,0.007534815512803025,0.007539902270521004,0.006932924248892622,0.022796091888981792,0.004455495514424355,0.0036977545863640573
2026-03-17,0.003530932943398829,0.0024034002815565758,0.004710823016456599,-0.0013665251099769465,0.006770520498661106,0.0011549985655167553,-0.0027808351550602482,0.0034854637839254058,0.005069932137691453,0.00450393945110394,0.006302549878521788,0.004053729056515674,0.005621850986218956,0.0042157347073532945,0.002205262232349708,0.005472754540237779
2026-03-18,-0.008425797069137715,-0.003399442518954118,0.016694105617850806,0.0017801885135221413,-0.01401343509351223,-0.002840556338000502,-0.017776188650974432,-0.020738736517261196,-0.01763930284585531,-0.012409785984877124,-0.01394094148244554,-0.012154698174496523,-0.012802080117898561,-0.028690285380286056,-0.0048070107656838544,-0.008283771881442532
2026-03-19,-0.005629509809810883,-0.009330835661665923,-0.015057710479691623,0.001300051258443304,-0.0028502862242268346,-0.0011453596464598747,-0.03101875018983579,-0.004711508687633291,-0.002359306589265012,-0.002314105440482197,-0.0021734585589400232,-0.0008195669020797491,-0.001968805483315631,-0.008234525089754098,0.00016095509491313666,-0.003961135293957858
2026-03-20,-0.013288877981995826,-0.00978445080210978,0.013220217178916098,0.0026645493441124464,-0.02583173716833408,-0.00455882120945728,-0.024671454745043415,-0.02559200829299506,-0.02332165755086122,-0.01939662520597446,-0.019344526035692068,-0.018224373891976033,-0.018903008927850563,-0.03554705499823028,-0.007915344392263473,-0.01589136066453339
2026-03-23,-0.0012298256108632332,-0.006033110420363538,-0.03104492437644532,-0.0025200815930697075,0.005092399023851911,0.0016014073834127028,-0.00827410846440901,0.019192145907064216,0.016483146290185005,0.01000988054337491,0.011645580672000836,0.010923140442687636,0.010324855886440866,0.02737481980045109,0.00457876701697567,0.006765595556445126
2026-03-24,-0.00043639345293539663,0.0014426366578121376,0.012661751047856329,0.00027975121415990727,-0.004732247749545039,-0.0003897782853997769,0.0035612937453401265,-0.005786150162408763,-0.004688633270227363,-0.002818117941782573,-0.0023405321517325018,-0.003050608565401505,-0.0027424609423587053,-0.010076707753979813,-0.001824648224955195,-0.001117694607338347
2026-03-25,0.004930097299254947,0.0053066734876181226,-0.0047210387670627955,-0.0006731316982845527,0.011433325758892833,0.0014801657173151845,0.01256859809381542,0.012281234478755149,0.008724797418406998,0.005366583054443984,0.005710632327629058,0.005318589701525155,0.005258734632421093,0.020250939260095017,0.0031965191470783075,0.004987597166391386
2026-03-26,-0.008239670826670277,-0.006491378452094385,0.01160175115470239,0.0036507202019611363,-0.018501087754347414,-0.0027877340701185473,-0.009643282259061447,-0.02369483670852947,-0.018180408492208436,-0.01013247556240316,-0.013482362013380114,-0.010347983174310502,-0.011654538365129245,-0.03917534247552262,-0.006186815131992779,-0.008405292440067835
2026-03-27,0.00028136599626265717,-0.0007398687986584958,0.011857244348792024,0.0031816456428321468,-0.004934906295942195,-0.0021345786246596875,-0.0010314760080781394,-0.016144685958063277,-0.013642026243515102,-0.009674409571538756,-0.011002896043011802,-0.010297606249134918,-0.00899612166442561,-0.02109159938128582,-0.004061782237495493,-0.009359206640606401
2026-03-30,0.0001952756892340063,0.002187050918574308,-0.0018852040793075186,0.0031858118040577633,0.007036686964551973,-0.00020917451221797627,0.0051209919184733565,-0.002143633522583476,-0.0020370658469723926,0.0006222216751077266,-0.0035792130919652066,0.00011391412701727697,-0.0013353108688998572,-0.0016225972449648526,0.0009237251159826223,0.0023045785182182334
2026-03-31,0.012183290729525903,0.0060886193967841715,-0.013713376492703482,-0.00686988764482644,0.016966911078817388,0.004985493586518814,0.020021120601616545,0.03464530428235281,0.03006514910579979,0.01948409223141951,0.026803526823817817,0.019369370953192577,0.022195184863020155,0.04739608650707508,0.007623057754768304,0.015418856566738087
2026-04-01,0.0031091444944968904,0.0012341635535468066,-0.006761209306751978,-0.0011317094810084163,0.0045870089916088125,0.0012792545633836278,0.007132336976813989,0.010480925645018875,0.00832476617500658,0.005002399313803947,0.006784418434424973,0.00535346814544455,0.005389126858752235,0.013877456199501943,0.001999150040831334,0.003246844603958835
2026-04-02,0.0018001701130115275,0.0029285721623262275,0.008106885653770227,-0.000362065826165487,0.002612643960293684,0.0009292904379860707,0.009166360042232747,-0.0008128342078255746,0.002179078011926324,0.005187448265191053,0.0036712961205963264,0.0034735168417136092,0.0045820384200085,-0.003269771127169009,0.0008718953636235881,0.007822044873360568
2026-04-06,0.001255581434633029,0.0011665286017701769,0.002793992225144562,-0.002528083030267263,0.0007867020961169143,0.000877859527432282,-0.0029336831462073907,0.004334457017218057,0.0042661427607109765,0.0025277322572667595,0.005034181518557795,0.0027264952561838933,0.0035049831252654835,0.0053720299087224215,0.0010786367578701976,0.0023746199216690854
2026-04-07,0.0005350115285650567,-0.00042968936205539166,-0.0048571261864195255,0.0008938883729759791,0.0019553751875699544,-0.00017210796063215223,-0.0005653937334254391,-8.213692811228756e-05,-0.000515919911266162,-0.00048024822548620015,-0.0013914916819935223,-0.0002705598217861107,-0.0007967494118155579,0.0005628587556212339,0.00010459691912083501,-0.0018647358852956182
2026-04-08,0.006734296472186318,0.003085451604609364,-0.02377454384878449,-0.0076400249709749155,0.014481973727319646,0.004131246433150324,0.0031213761055711746,0.0318900625339992,0.026561313905220766,0.016505855620701598,0.02144824298231477,0.01730458966399154,0.01794848136366716,0.04678202593978743,0.007523565148694752,0.011200988846108192
2026-04-09,0.0025918983774628427,0.0012837858101787767,0.0007174998222035202,-0.000734593691285023,0.001499442647919786,0.0008055453934808672,0.007424660357925021,0.003481987786861259,0.003769534048282201,0.0033456493547427534,0.004077769907118808,0.0028808981523335614,0.0036337280607480534,0.003298161253329621,0.0005940664801223283,0.002734149144413824
2026-04-10,-0.001867093921966413,-7.409654303371788e-05,-0.002822178804059629,-0.00010848375525308754,-0.0015559738702813348,-0.0005176513414431376,-0.004925147281040204,-0.0025463334021815,-0.0035610339238042266,-0.0029055485439386046,-0.004379447795359176,-0.0022475674787422175,-0.003842433366586318,-0.0021329339414682927,-0.000712095923875844,-0.004447365429690861
2026-04-13,0.003498548706872891,0.0029998254983791563,0.0031725825264107086,-0.003394646800103847,0.006643357590131479,0.0014652338479654874,-0.0029079396857718126,0.007404372935429445,0.007675600140404377,0.00525868790422559,0.008008300760360488,0.004799957960102472,0.006862961233348313,0.012077675101191156,0.002763042354111498,0.006018193752651981
2026-04-14,0.005459973759132851,0.00484458079307026,-0.0066054828155370365,-0.0015544561267539078,0.01026703140872245,0.0019581219883113457,0.013840102493758622,0.01357874287409734,0.010698999167481458,0.007578826501347296,0.008072196960123052,0.007437183954072575,0.007339156808547119,0.019954750706995344,0.0032898602123469707,0.0058251467361364745
2026-04-15,-0.0010220492151334717,-0.0006201981476504311,0.0002949896242236048,-0.0018584884907812062,-0.002198251443473043,0.00020286923159450337,-0.003483368961324506,0.002281108216796929,0.0019248838257519604,0.0005130602669137379,0.0020315922850110612,0.0006407888572479547,0.0011595489681342369,0.0037466061475891575,0.00023493468005673484,0.0008578699445719831
2026-04-16,0.0007436186729303134,0.0013749231920938457,0.004605455429321696,-0.0016532063250989549,-0.003690025131186258,0.0005958694165211419,0.009994074286631436,0.001122431555746026,0.0016665833633321774,0.002294912261781768,0.0025294200721092393,0.001518653273353651,0.002161919905298699,-0.0002831907878924687,-0.000593724976034615,0.0023018710710831203
2026-04-17,0.0035310329879890403,0.0013167263434212956,-0.02102153201919043,-0.00038201683165528825,0.009143162682309091,0.0020587665700722035,0.01989071079953971,0.017974408542996846,0.014416525078029907,0.010935958740790513,0.009376481396083963,0.010584236154486755,0.009441396091359328,0.024999469932663256,0.0037894730201720405,0.008241461113952537
2026-04-20,8.2910405605799e-05,0.00015125765806277085,0.005385981513066996,-2.2393661511895446e-05,-0.0013797887916176279,-7.88567940584011e-05,-0.002952404128847322,-0.004529368137785402,-0.0025016332942503117,-0.0005112399743593143,-0.0007242085823760427,-0.0007492683614900196,-0.0005183977549064276,-0.008158218512004893,-0.0006430776732382726,-0.0003634340798077424
2026-04-21,-0.006571686055882471,-0.0024648823797268444,0.015793245346601297,-7.771264130999054e-05,-0.011099389760245236,-0.0019351312437927374,-0.01482161065604163,-0.012715217404287172,-0.01082709758542621,-0.008827167386224863,-0.0078055547733893536,-0.008747591785352967,-0.007949359666116085,-0.016228306976584412,-0.0030879610810744485,-0.003910837294986888
2026-04-22,0.002670349141593267,0.004683030892473752,0.003995011875469374,-0.003270136394641549,0.006871610949945836,0.0010093624627388787,-0.0007900025385563832,0.009270049718867985,0.006251857848089869,0.0018349943392505486,0.00498288268902018,0.0020598891762485345,0.003409796660466169,0.0183162925388664,0.0025174421377185414,0.003282323213620174
2026-04-23,-0.0004566366262356951,0.0004236823388092197,0.007651874093512416,0.000822239653514414,-0.003926201271485833,-0.0002844545591961726,0.004032316284570394,-0.0076247680888732,-0.004803115244864751,-0.0007347169704259122,-0.002659577645675037,-0.0015601324283357001,-0.0016341751583961938,-0.013738160691290451,-0.0016848246725266341,-0.0001706221307805468
2026-04-24,0.0008408915434698363,0.0019847629627273203,-0.0037538452805941755,-0.002744642738482993,0.005205959549313317,0.0005418428361152884,-0.005950366277901485,0.007233044195969044,0.004564140660721217,0.0009529575099073485,0.0025089372685200536,0.001390869085540722,0.001863358028151207,0.015635289511530124,0.002076891156714823,0.0007065598822079884
2026-04-27,-0.001475039993569591,-0.0014880105440145054,0.004911019170361897,-0.0014644561229014874,-0.003833776482649817,-0.0004129203521646065,-0.009833753757464743,-0.0027734302319924594,-0.0018553643507023473,-0.0024266101415492203,-0.0003697625757784911,-0.0022799359413513973,-0.001091756057340998,-0.003062618204974227,-0.0006946598763707026,-0.0015584735534075803
2026-04-28,-0.0019571601912946116,-0.0013378451823162418,0.003080012998164887,0.0018358279506015354,-0.004000284546990317,-0.00047997746178892614,0.001055757163214328,-0.007619445086879837,-0.0048084656505448685,-0.0006151083880514565,-0.0032083025684441924,-0.0011138904990085166,-0.002012901216506836,-0.014515473655688362,-0.0014835787931698956,-1.0152136460420905e-05
2026-04-29,-0.002083195158637509,0.0011785265001893514,0.016376710864270037,-0.002367798734231279,-0.0071347154546789904,-0.0006170986382439017,-0.006909511601228614,-0.006321694855493077,-0.0053862276179023096,-0.004874792117492729,-0.0025602498855686736,-0.004958328327087519,-0.0035774270026804646,-0.007579364387970031,-0.0018831090069181293,-0.002267426882171695
2026-04-30,0.0068022836147741345,0.0028239995265915726,-0.0073689461900125685,-0.004375927311767395,0.009591916168617546,0.0023661186390625355,-0.0005130825942059516,0.013389258889842975,0.012639328682885404,0.008588613935446646,0.011836632748414214,0.00866620439891694,0.010190444448355325,0.01892757790056309,0.003693586418489479,0.00434632569024836
2026-05-01,-0.001333613722848072,0.00020726900450775175,-0.004480033096061469,0.0007664285979491922,0.0019210483191556037,-0.0001166165005969264,0.0016799671933813978,0.002655620903781259,0.0008723724963577196,5.676765786665557e-05,-0.001027360350945854,0.000287378713016627,-0.0006944842570024877,0.00562979172092372,0.000695919679745749,0.0009714048323871746
2026-05-04,-0.0038484313431857327,-0.0008888137725580592,0.011964064323035217,-0.0009614045944879576,-0.00786032289607655,-0.0011341606035361713,-0.011005271597128321,-0.009643343053918368,-0.007860082199171779,-0.005818148128692263,-0.005324891478043121,-0.0058194848132507426,-0.005327583423462333,-0.012727269788120027,-0.0022739000318938106,-0.003584386430247859
2026-05-05,0.002813827389813101,0.0029240773940089333,-0.006480282365276421,-0.0019607201092620777,0.006663865270439028,0.0015145223970757227,0.008088108550570699,0.012258149298877963,0.009442995642380622,0.005985504700555688,0.007004321970411759,0.0060565048615538256,0.005995565613769086,0.018596041964507443,0.0028027491758787766,0.005245607283310385
2026-05-06,0.005614715313827419,0.002603446610498394,-0.0244235488235196,-0.0007687240143413653,0.013547409573726287,0.0023075085544172593,0.014425567392211156,0.020900926866103536,0.01550357329921638,0.010077415807683426,0.009711957053125074,0.010900452066958426,0.008963896735812611,0.030095029759909568,0.004634270253757727,0.004723563330852392
2026-05-07,-0.0037243911597816155,-0.0015716471571445296,0.0052504939484894885,0.0025258533988564815,-0.007337276989917223,-0.001646021664714712,-0.0001229459328442638,-0.009622102822239662,-0.009532694993714985,-0.0070663118038867346,-0.008743692603547926,-0.006769767889184994,-0.007934475954675975,-0.013726099667378366,-0.003051116846164734,-0.00592024384272422
2026-05-08,0.0027702588569275505,0.0031316399740658873,-0.003931573539288765,-0.0024518782142500476,0.008977572923861678,0.0012126212792974024,-0.0028561788616030728,0.009830025774643059,0.007609214981962707,0.004039284210702352,0.0056877458590049645,0.004323424790784276,0.0048382324226923625,0.017597350787462548,0.0031916419288761546,0.0038186593274781525
2026-05-11,0.0020382167403026367,0.00363016634375092,0.014350261488825514,-0.0025730736035680865,-0.0010888512102914967,0.0005018764490237308,0.0003402457774712207,-0.0016344634616418429,-0.0005731610646503812,-0.0002556935762320835,0.0019607632590443527,-0.000659498167029807,0.0008885640186534532,-0.0025128756255254413,-0.00036203051563146813,0.0007706842031608568
2026-05-12,-0.000930688344012449,-0.0011240998746147419,0.012591392132675575,0.0009541674188354649,-0.00781958571763604,-0.0006264332192813665,0.004146768167054811,-0.008335035870157454,-0.005264901491274245,-0.002371668446063714,-0.0018517646561450386,-0.003183276886458997,-0.0019352971585241525,-0.01562299176304173,-0.0025772013786311753,-0.0002716541200343172
2026-05-13,-0.0025594701731694643,-0.0010415568818310673,-0.00537114587714144,-0.001991475986435126,-0.0001338628738980473,-9.736562848174741e-05,-0.008106365416450623,0.005505646149721051,0.002812284129041189,-0.0007781634265098219,0.0007767248338426997,-9.213757285063667e-05,-6.890040511774945e-05,0.01224856673398308,0.001082018765162218,6.265807941060932e-05
2026-05-14,-0.0022118081785492422,3.576181465299007e-05,-0.002424988487049547,-0.0008523231842479528,-0.0014619104201848252,0.0001272992284791581,0.0031303299847118896,0.00495361734430566,0.0026961813748579803,0.0007204853332295868,0.001072302313982444,0.0009127404933831455,0.000429600656482233,0.008575987562172014,0.0005466687606286358,0.0022929640264618464
2026-05-15,-0.009505557905953184,-0.008443282226561134,0.008840275846098528,0.0029527041843761606,-0.019827867796312508,-0.003220914252836763,-0.013194316758710776,-0.01931553742842399,-0.016187208477516025,-0.012207719448329933,-0.012750890690784666,-0.01195739630257612,-0.012056976947677172,-0.029288543893320928,-0.00595953267503853,-0.009195971905204301
2026-05-18,0.0017568818745374976,-0.0012531321097451534,-0.0013400632701201366,3.106192496342045e-05,-0.0008062936080346283,0.00031884265364782126,0.0007784955359011938,-0.0014573236667618824,0.0006686888180747151,0.0019208294824844172,0.001962378638869928,0.0015826315599600628,0.002102521290151226,-0.005344359518156577,-0.0003414119922813694,-0.00013670216928793376
2026-05-19,-0.0037737232137975895,-0.003506168409375716,0.005582692678852937,0.0007465098834265583,-0.010599865251539792,-0.0010956020426112292,-0.0023066726567393288,-0.00968582978506736,-0.0069436233133455365,-0.0037084261540208524,-0.00452799847458585,-0.004092244197971019,-0.004022374916872473,-0.016718541624182254,-0.0030169327428414,-0.0029441425832078564
2026-05-20,0.004910420549975833,0.001609321872619317,-0.020052635328568262,0.0003025427623570664,0.01241345855133811,0.0022514687754764456,0.016969890086697255,0.0183443523631082,0.015279007763025746,0.011559718791980957,0.010784780765974798,0.0114552577727666,0.010483251751501206,0.02454008833005472,0.004498118328063178,0.008998765438936771
2026-05-21,0.00035445850500478835,0.0004599212622168514,-0.005057116450030659,-3.308363324618183e-05,0.002728141125561065,0.00047555504938104587,0.0017894018474602562,0.004088747335858116,0.003072273876656105,0.0022852353546154777,0.00184581829496892,0.002527639164302963,0.0017245190521772728,0.005562635159596287,0.0011020458449116702,0.0016671344094151318
2026-05-22,-0.0007924794169672479,0.00016239306999263223,-0.004166666877892015,0.0005483344078704295,0.001256869157565421,0.0002740574303719967,0.004147638626768183,0.0030583680736710607,0.0021504140676501275,0.001992758166053829,0.0008802179824996505,0.0020328387115207455,0.0010243416760937838,0.0038504468089320338,0.0007423091168658588,0.0024525234553949417
2026-05-26,0.0013139389878532872,0.002052987029964537,-0.012115577761780662,-0.0024857446859290738,0.008462549647544957,0.001242535128668913,-0.0006828834412488261,0.012353140859323156,0.009046715497887652,0.005202369409110575,0.005296783350796943,0.0055267729166755455,0.00502600215768875,0.02189291388480432,0.0034814519494070365,0.004060471665526854
2026-05-27,-0.004125544133597206,-0.0037318220719004744,-0.009717351186205855,0.0017069126367966557,-0.002223365535109039,-0.0008766742241532975,-0.006456838391976126,-0.0014389026296661711,-0.002256607924688598,-0.002099168244121666,-0.003949269011613092,-0.0014285355602759158,-0.0031747047245090287,-0.0013422478788311485,-0.0003629034315497018,-0.002263900532655116
2026-05-28,0.002132726840528427,0.0030044439968180277,0.001648099748273083,-0.00019863169376521715,0.006445174146061954,0.0003159721650802435,-0.0009912182281605177,0.0026458231528038415,0.0013801454555682226,0.00017744262060836145,0.0006104862810878579,0.00037695516576055535,0.0005231359529911792,0.006502668622376896,0.0013746599476129467,0.000631523095899835
2026-05-29,-0.0007545509900078432,-0.0015138650805576748,-0.0047626937635905165,0.0010253503951970786,0.0009257179217081687,-0.0004922281575646562,-0.003748248013276015,0.0015531081308490275,-0.00014978065467872786,-0.0021106953462707075,-0.0013666494016237188,-0.0013775992317759007,-0.0016790995270425137,0.003952858250514451,0.00015294319969154965,-0.0022061152056712155
2026-06-01,-0.0025317740438530515,0.0024178277255239283,0.010965859245768301,-0.003467824138890704,0.00029536914641993366,-0.000345615163847126,-0.016963039796352032,-0.00024943190499576414,-0.0016931448671169648,-0.004151117642839186,-0.0012672955800948553,-0.0035698799740234662,-0.002485345900245187,0.00627217729245679,0.0007432070645827708,-0.00046529568407673787
2026-06-02,0.0018249055085699916,0.0019275007453381735,0.000172006906459776,-0.0013622148287970315,0.0026411462202078667,0.0008069310745436346,0.0030317075019982405,0.003925745092665221,0.0036048081507742296,0.0029020509559548628,0.003402056875831309,0.0027378474464803708,0.0029812261323950385,0.005401677726816406,0.0010634474124436917,0.002397904467882234
2026-06-03,-0.003960695847499578,-0.0026505655082291702,0.00502887566303353,0.002060253522608303,-0.008357378390470344,-0.0014701938970272822,-0.0018259207572871587,-0.010622538973498859,-0.008854035831806814,-0.005431129546335145,-0.0073177965531328595,-0.0055921839617823245,-0.006241959584650472,-0.016405800433329974,-0.002986938219984344,-0.004233302584676561
2026-06-04,0.0031799068472676863,-0.0010657711661553203,-0.010963984946854194,0.0018045269865115826,0.0016485798756128713,0.0012354593438340055,0.020422371915623558,0.0063161337864862215,0.00709959369256347,0.007982634743247919,0.006140555438537746,0.007116300295669892,0.0065742390515604555,0.0024895962187065244,0.0007513787875965861,0.005408841416660284
2026-06-05,-0.012238846533752464,-0.014343544341910576,-0.004388752418309224,0.01130444028269766,-0.02533866962898854,-0.004280900954554202,0.001924481221020017,-0.03153267857334115,-0.024092610328195582,-0.011184360740541733,-0.0203485124914127,-0.0114931625499345,-0.015949790609322504,-0.05793309879608292,-0.009001475547025958,-0.011196479572887975
2026-06-08,-0.0003516352833152145,0.00034329546657842517,0.004310299283642485,-0.0035003388106828403,-0.00021284014630560126,3.618065145919954e-05,-0.010715398491302527,0.004194360722788583,0.002548219457810945,-0.001745229482262731,0.002553936186774715,-0.0013662423990003405,0.0008179644847410975,0.011058172706389592,0.0008396141108326278,-0.00012160862533689212
2026-06-09,-0.00042229315110786647,-0.0026300893116756804,-0.012116143285522022,0.0027768907997790877,0.0005049816534777277,0.0002516094202927243,0.006718387952342171,-0.002156486281436239,0.00034368739108446214,0.004532533775667922,-0.0003426529132391329,0.003920466036658853,0.0018380032542953647,-0.008401126060077067,4.799656355350271e-07,0.0019873101744934192
2026-06-10,-0.008212580058944463,-0.008160858709910904,0.0012306493193352036,0.0028343267260318708,-0.012738308570445417,-0.0026336244252186678,-0.020451108470559774,-0.019552546741689558,-0.014401961213895514,-0.008328257764028946,-0.011637457350384935,-0.008469155053063683,-0.00918481133073391,-0.029311652947194265,-0.004065992228116763,-0.007149645773900985
2026-06-11,0.007947392047618643,0.007333773898733799,-0.01364278794260302,-0.004145614656785386,0.020548147577239034,0.003066212764812934,0.007724657228833852,0.0267069853739253,0.019940859220298243,0.010846590678763982,0.014357100630497756,0.011541399744504058,0.012104411412937603,0.044143667674733274,0.0070969197522992074,0.009091908940493644
2026-06-12,0.0009870129937097512,0.00030604718937889944,-0.0047181392659378305,-0.0007612075607053025,-0.00014161331451260635,0.0008296347276314836,0.008775400111165715,0.00541887419346003,0.004687678105398893,0.003946046834900158,0.00386454091984181,0.003789924475636626,0.0034068361048104766,0.005582862703751087,0.0006083021599913341,0.002631676196434451
2026-06-15,0.0032342634725050726,0.005325202919326716,-0.004777211026286834,-0.0036427033377530406,0.00820490010343399,0.0015434785077329386,0.008830352179601677,0.01754488250716983,0.011148510237030073,0.004010290682642831,0.007155968168804644,0.004646965731061213,0.005013709738632469,0.030891000211671512,0.0033805262230135304,0.0039807501717954025
2026-06-16,-0.0014388740872363663,-0.003470007475036094,-0.008078213562416947,0.004445873487514082,-0.0007942442754709808,-0.0009818773254598838,-0.00023102254733275984,-0.006188653758942773,-0.0050759315976846835,-0.0021457065441941696,-0.005436447563433186,-0.001748266979125259,-0.003820663035422181,-0.011898880235926904,-0.0012857828677713527,-0.0038560893721242087
2026-06-17,-0.00873687351234675,-0.0038445732473593457,0.004837594248269986,0.002382294311381163,-0.011317053940440181,-0.002184631368343398,-0.010124913655064476,-0.009568578432451971,-0.010552089759489038,-0.009208264113627518,-0.010079188716489017,-0.007946484490452838,-0.010266091737727976,-0.013397147901986397,-0.00308370621837343,-0.005706385401471848
2026-06-18,0.0012601902981310828,0.0036667819687667613,-0.003412806043338615,-0.0038987729581994542,0.006732503382929133,0.0014473769379951713,0.004143387723650766,0.01351672268296008,0.010258070687379555,0.005698343306147158,0.007297930323621467,0.0052646881772434664,0.006404843640713741,0.024755233458513062,0.003456758561154634,0.007624983418857449
2026-06-22,-0.0005501765012331742,-0.0021590701166332394,-0.0021216473088196894,-0.00024297011417384693,-0.006625066977519837,0.0003898621476492507,0.009505294557331893,0.0005968995976595841,0.0017991339335076584,0.0028505848595529017,0.0026634645033555724,0.0023967288814026517,0.002258616683871222,-0.00438390637610199,-0.0011412887861807284,0.0015475532369699555
2026-06-23,-0.005135142645571292,-0.008609694115895978,-0.0065184206029584675,0.008123149432745308,-0.011641363670909285,-0.002133213685236504,0.010569842128857847,-0.0172612316901558,-0.011641984095918335,-0.0029044800885675215,-0.009932806479494011,-0.004143643877677699,-0.006151537726846714,-0.033418864312206004,-0.004661432779501339,-0.002884877953444308
2026-06-24,-0.005780854221626858,-0.0032898572751662363,-0.016473937962647994,0.002487568970630888,0.0019393309879346707,-0.0009038930469679573,-0.0072824305157099985,-0.00036108180027985765,-0.0017735849557402798,-0.0006886721065512947,-0.005696474295943449,-0.0002493424198378,-0.0033151887874446322,0.00274658142062613,0.0009060371817104316,3.5286734263563838e-06
2026-06-25,0.003809450652796596,0.004347883215170809,0.0076276233815292535,-0.00239139597478969,0.005482266205771502,0.0008332876451911541,-0.002072242482328974,0.002294697420310141,0.002267222585459577,0.0012346958362220428,0.0031393024541402173,0.0010903351852557149,0.0024329004797162047,0.005260668301564683,0.0012928464528096702,0.001118438331836553
2026-06-26,0.0005910120433052601,-0.0019788510691851617,-0.008031447048920878,0.003873324886378413,-0.0014402084193973655,-0.00046196599371756624,0.012983141413827917,-0.00489012847365947,-0.003394823043032569,0.0005324538086330316,-0.003942405553810034,-0.00013231735611814654,-0.0016282427090151953,-0.010752101310584364,-0.0016213115709607187,-0.0021389724316100184
2026-06-29,-0.00013672963237276476,0.0005427178080683044,-0.0022622945415126505,-0.0032613509721484313,0.004551914218582924,0.0007231747347937975,-0.014098475778060456,0.008137454462270386,0.006192482887529738,0.0016693310191110197,0.005214031867734415,0.0026004208857200333,0.0033302392204026944,0.015075721900860132,0.0026617553516148857,0.0024124506912939297
2026-06-30,-0.0016573611163988528,-0.0005030211689730448,0.006960766946008361,-0.004783865920542925,-0.005713127831889943,-1.259503374900989e-06,-0.010169952106803715,0.004808454311205793,0.002648073660579093,-0.0026454656625206556,0.0033449271740742447,-0.001992827535059858,0.00040241269880185535,0.010803175961335154,-7.891050243658384e-05,-0.00096345651621342
2026-07-01,-0.0010247249966452523,-0.003605937337663908,-0.00044233816059419573,0.0035636810920076584,-0.007748092796881895,-0.0006781156428230052,0.01381892772453669,-0.005449801731544484,-0.0035078545225059833,-0.0005928753512194069,-0.0022175083247974055,-0.0012259808981652516,-0.0015706143679282071,-0.013871690973707771,-0.0026943392762844263,-0.0007685629977161922
2026-07-02,0.0045036315927453295,-0.00043482953224572457,-0.0020708951093490412,0.0017014181727686758,0.0034802277148197162,0.0003579837753856878,0.003090106174928166,-0.002075599104760593,0.00030712908295440003,0.0019515269533328594,0.001673589975081069,0.0016684265848834123,0.0021979666455717952,-0.006858881029991204,-9.818674358828957e-05,-0.00121470463719584
2026-07-06,0.0033532861353720556,0.004712517838915613,0.0075437623396829466,-0.00461335768859499,0.006623323074479158,0.0010600464213435176,-0.007775428965672878,0.007674836100850845,0.00572420905249935,0.00120360676317676,0.005716505996334388,0.0014587223982810392,0.003757976212909164,0.01640463809757868,0.002474228104998925,0.0022518609052377134
2026-07-07,-0.0013495230983764954,-0.0026706938640509693,0.011205901565511735,0.0011883045096654815,-0.011990754165515106,-0.000607612695770384,0.006910588078100884,-0.011675025396521283,-0.006710352589462357,-0.0014279640029856225,-0.0022698472665295573,-0.0025794868840801617,-0.0018190034771931088,-0.023994446696744172,-0.0037395783455148658,-0.0010871450408895685
2026-07-08,-0.002958996781339582,-0.0008566640594813765,0.009627025633885497,-0.0012024826415123022,-0.003238949831096376,-0.0014078000924944707,-0.021943713191716133,-0.008368043633596814,-0.007853857297224485,-0.008100743539275724,-0.006086296942219044,-0.007307633102175151,-0.006408830865762035,-0.007172850945783777,-0.0013249238758399496,-0.006434058351813527
2026-07-09,0.0019176304630685159,0.0016891501367614719,-0.005995437513763681,-0.0010725271309715884,0.003949221209915081,0.0008811604246606253,0.008378397539167328,0.00861571732133983,0.006249133214853326,0.0036823196566081896,0.004080439459757918,0.0036004593332082755,0.003650430714673287,0.013707831516390259,0.0016177233245827274,0.0029560590964435845
2026-07-10,-0.0003920294605747415,0.0005151908995278705,-0.0002957723436492651,-0.0007469044202698187,-0.00041800220104394343,0.00017672402397884014,9.03676547435061e-05,0.0013860628842372066,0.000765425877116876,0.0003643246887974236,0.0004636985833607265,0.0005309432145173352,0.00017050822412948937,0.002128643900801955,0.00017417181231513918,0.00019089228569020155
2026-07-13,-0.002613072701020931,-0.0017299685475557034,0.017339781465175796,0.00024436184508175003,-0.010723357465401982,-0.0009628795856984077,-0.003814957562857677,-0.014778463488547073,-0.009172491168230275,-0.0036088691153997408,-0.004057941322271167,-0.004783728325794739,-0.003397473782864034,-0.025223975318201634,-0.003399654301110779,-0.0010694471149192693
2026-07-14,0.0030534619556717045,0.001751666093314373,-0.00019663301231697588,-0.0017894244058736831,0.0063724295619418635,0.00042975383728228414,-0.007066057943293402,0.0038715154540667164,0.003032561716466568,0.00039077746963419213,0.0025758284249478612,0.0005809790104482847,0.0020830713401567688,0.009441362256757202,0.0016469897445241116,-0.00033337396999829337
2026-07-15,0.0018090455197600631,-0.0007696769835566396,-0.0027833697594985434,-7.091117091396419e-05,0.0037345867011574965,0.0002260484987698238,-0.007622395108054604,0.00016266782673517275,0.0012937820581317603,0.0010042097079872667,0.0017493678159396192,0.0011936775064238995,0.001748661182584358,-4.7847891859012157e-05,0.0008883615614202339,-0.0004158963572516287
2026-07-16,-0.0024024944531413715,-0.004748111327923413,-0.007012153750221619,0.003689363373496541,-0.007739836827086634,-0.00035899763742832335,0.013834417019677032,-0.006656805944450398,-0.002860367861013796,0.002857453586647785,-0.002035590424606069,0.0016452671945723454,0.0001220128579264919,-0.017511483641701422,-0.002260599412475337,0.001723497038931411
2026-07-17,0.0010008963940856045,0.0025805986495483785,0.009549211220512607,0.002750799753567761,0.002145453749836916,-0.0009374097958721691,-0.001835293599835401,-0.011066147764384873,-0.009266709485043162,-0.004959387198370924,-0.007602952976946042,-0.005062709483366332,-0.005876391194432658,-0.015499788054277404,-0.001538044849069033,-0.004708595236963196
2026-07-20,-0.001828315340436696,-0.0018238054220985084,0.006133621652811028,-0.0006051071092293212,-0.0065792505842604135,-0.0006529652666082846,-0.003047620650381192,-0.003891063000537549,-0.0030564467135864785,-0.0030833349939695335,-0.0014517484062014762,-0.003196297511607465,-0.0020400211614681097,-0.005630555054449665,-0.001659063531102968,-0.0018487805567480831
2026-07-21,0.005420168956381389,0.00790141621035612,0.009962622936353818,-0.005100616328620678,0.005276270424277214,0.002096983658312249,0.012402318726939726,0.012394922645634745,0.009351462227133692,0.005150021436801977,0.009123260389593456,0.004891846450117367,0.006556818930849596,0.019614892256096052,0.0023118217559220926,0.005586895914274394
2026-07-22,0.0007476667035901244,0.0011108699964683165,0.006455985447469579,0.0005400982567028656,-0.00040167239538004386,-0.00045210375327399806,-0.0033602002355669065,-0.0042374329154399645,-0.004132328599196878,-0.003592654182349343,-0.002859380134949052,-0.0030972446399377645,-0.003182650984413839,-0.006068246137060831,-0.0009890191392227376,-0.003925192266604842
2026-07-23,-0.004751739908592622,-0.002329194203295399,0.010304028271259948,0.0010319849064577352,-0.009741010971755342,-0.0017141992946455784,-0.008859853441786084,-0.014718855418500439,-0.011622340585324372,-0.00702815507315003,-0.008849341427353132,-0.0073436470545789724,-0.007533590322620724,-0.021321674338372808,-0.0034415879388670664,-0.005264522713595991
2026-07-24,0.0012268298089450928,-0.0017726352867296037,-0.00791578407620616,0.0025445924515034688,-0.0011574904748071907,0.00033960247113029514,0.015167023158958811,-0.0008965291235868278,0.0010571191476259002,0.004258562097480902,0.0008402565012708351,0.0033039809783940617,0.002381966627085972,-0.0067891304897618665,-0.0006656340746791328,0.002005231471421077
2026-07-27,-0.0021238276208368945,-0.0033143909491551928,-0.019228026881391913,0.0037738604292567035,0.001423303903859661,-0.0003811484309807294,0.007270716410565184,0.004907801124887584,0.0018181038884023941,0.0007969810663784169,-0.0021828849667135755,0.0017209067185249365,-0.0013734251442857107,0.005957755158167344,0.00042131876190658606,-0.0011244876081407298
2026-07-28,-0.001986661350043201,-0.0037791709926361765,-0.010474790632760382,0.0023152625864642593,0.0004679814705730997,-0.00030227198477835696,-0.002047514304452178,-0.00026652872663353056,0.0005694557105745721,0.0014970458891796358,-0.0005499566852855465,0.001500603947596329,0.0004993764444951326,-0.0020020944503942105,0.00038710629917338704,0.0013183421981846802
2026-07-29,-0.0012965165801974597,-0.003716766192708467,0.016039897641620924,0.0006202009674046477,-0.009340554136066107,-0.002358598207146552,-0.02335896046054295,-0.02178333726894867,-0.01612204368554442,-0.011562082093257306,-0.0103843262811874,-0.011626180587396513,-0.00932441321853417,-0.030551821339878653,-0.004645616263871397,-0.012387306717121262
2026-07-30,0.004671473886526801,0.0032359953794360856,-0.006603316090369075,-0.006300532013593564,0.012129831795903014,0.0018137052442706919,-0.019151898562489875,0.018007899843723,0.013027046846749204,0.0033524669337999836,0.010712869172325931,0.00533959138121313,0.006950334186974631,0.032340544353451434,0.004967831818107004,0.0007654606267928701
2026-07-31,-0.002219237765368062,-0.0014140146366302508,0.003686646109637115,-0.0028789954885845236,-0.004312155856983306,-6.263220297046213e-05,-0.008989959051978047,0.001384101265934078,0.0013095652470838392,-0.0008721461233549964,0.002058992808256324,-0.0007818461173420058,0.0007326599449732419,0.0038729339923030473,1.3620228908469215e-05,0.0008449523159837381
2026-08-03,0.0011659836241857977,0.0001652341516735806,-0.011869256905629656,-0.0007080787870478314,0.004633928663376982,0.0013126172114978603,0.009972320110417363,0.013623070390400453,0.010615936959059151,0.006681726935472684,0.00753002686861021,0.006834972555912369,0.006437740118166073,0.01905710014147241,0.0026955040487593143,0.0064092215949506075
2026-08-04,0.002656022793248856,0.003220619328158597,-0.01460012538293163,-0.0027029924505980337,0.011497194801841276,0.001968996021635535,0.00740578397695912,0.020892294021772402,0.015160452588730139,0.008151569822929288,0.009941384145462414,0.008661691301795513,0.008395126881005998,0.034210862868338375,0.004964132212159767,0.00797431225293616
2026-08-05,0.004898453045235524,0.0031154456048522903,0.0025112489320675115,0.0029671326115165006,0.004648066012907896,3.2192435279636885e-06,0.012839122966916893,-0.0015510769541388822,-0.0022346968019624847,-0.0012145323712682266,-0.0020812779464749677,-0.001097597504817941,-0.0016584731220083443,-0.003916427115326738,-0.0006865913084345167,-0.0033562712465157055
2026-08-06,-0.00132710602019769,0.0002800693193522443,0.011826754851112745,-0.00021653521492184013,-0.005200732083156894,-0.000657061595591038,-0.0024743600415318284,-0.005614634299284813,-0.0047718875871729845,-0.0040169352654165534,-0.0025543674984153495,-0.004028844167914906,-0.003215704791816534,-0.008205742426810478,-0.0017152516883791448,-0.0019043428028846245
2026-08-07,0.004753331712745873,0.0028584837635518417,-0.003467917569770677,-0.001140616954164,0.007857134923571273,0.00101295912223069,0.0035870380195566877,0.0070611297348981365,0.005617895188118155,0.003209162820921227,0.004420305749339427,0.0032339908285780733,0.004004837368757669,0.011818402498079625,0.0019732200291606105,0.0012395669666997817
2026-08-10,0.0009129673291974704,0.0030097198955201226,0.021877525511907855,-0.002481250866341618,-0.0045292806264231565,-0.0004279202573115131,-0.00427381033883782,-0.0059430258453171915,-0.0048885639286611274,-0.005128446994841811,-0.0012257308041363423,-0.005452885434624472,-0.002667103136637963,-0.006389717736058249,-0.001741829526574086,-0.0022630904570849603
2026-08-11,-0.0017164394847521153,-0.001045451740417122,3.011244449607406e-05,0.0003909855420835694,-0.00017347543978141154,-0.0006606597783941247,-0.008950070304238628,-0.0029296771526595065,-0.002940892877261872,-0.0029089570971994614,-0.002991280775233864,-0.002508927639277742,-0.0027011590453547172,-0.00219630433521726,-0.00023202087162039727,-0.0022877142347957364
2026-08-12,0.0030951759136446187,0.0026899282095248197,0.00037734670736498747,-0.000847717891017126,0.0029648249238492003,0.0010544189819717505,0.012635297433719616,0.0051478476188905635,0.004865686228330877,0.004528868622050406,0.0044394197230863824,0.0037434121797676905,0.004350408385267889,0.0064281028584717735,0.0009823348729692137,0.004220100475142936
2026-08-13,-0.0004525544398594774,-0.001548221983131053,-0.011597414478787621,0.00023981952244145932,0.0031535035921966548,0.0005567447888656133,0.0014856440138905857,0.004670425536892971,0.004740919406419416,0.0046807968666642465,0.0027924307347856306,0.0043514183741196165,0.0036730632359910273,0.006274051313688163,0.0016312855889951093,0.003967579238444337
2026-08-14,0.0009708736256959253,-0.00013674970679750757,0.004646577655844657,-0.000775127828047003,-0.00315061397502052,-9.637608450546431e-05,-0.0012690193934131427,-0.0032618643016112912,-0.0020814590991650047,-0.001401013110119346,-0.00035405748591805586,-0.0014386359455088181,-0.0007294696363817584,-0.006008888793646165,-0.0011912370168280645,-0.002698869168013089
