Date,PRPFX,DBMF,KMLM,BTAL,RPAR,MNA,CTA,MTUM,QUAL,USMV,VLUE,JEPI,DIVO,ARKK,QAI,^PUT
2022-03-23,-0.0005077718495018297,0.004285530952116714,-0.0029395041546009977,0.00016617220311155624,0.0023702735534984407,0.0007869136384257038,0.005987084295584793,-0.005602912111182204,-0.0027478723981037515,-0.004670149042195186,-0.0015699135729642377,0.0020648057433718444,0.002440586032997726,-0.008723359219514032,-0.0009890592944441245,0.00198788504608939
2022-03-24,0.006313464798149588,-0.012847585223114633,0.010987385632043177,-0.001124256954051515,-0.0016156425090602979,-0.0019798365548979223,-0.017305091926388863,0.0036272091307432835,0.004730782080869406,0.002808422009840378,0.005226139123447984,-0.0015480503581147146,-0.0013998981221006474,-0.005548960884843947,0.002252663705539552,-0.00035839385034974486
2022-03-25,6.201393059538079e-05,0.010612579139104747,0.0058308999932170655,0.015052652767307526,0.0038834938438891244,0.002799412279760111,-0.004144008505883189,0.0002349950871991769,0.002813668731466626,0.0039056395849784787,0.005862702692893122,0.003246698661833843,0.004697716020119234,-0.02335812851003811,-0.002280988318970992,0.0019398498641078747
2022-03-28,-0.0008458242851051099,0.00015683953047253198,-0.004116653992395827,-0.008866136640191941,-0.0023101823699162335,0.0003179274864304341,-0.008059998623279132,0.005379885807533696,0.0005828954545957828,0.002243419033652109,-0.0062155594881592524,-0.0029928946632133266,-0.0013149780714433153,0.032990843372901736,-0.00042929454327750825,-0.0029001925208773684
2022-03-29,-0.004578749601950436,-0.0064223592170489395,-0.0042192994396319985,-0.01053431942699139,-0.005298706399863675,-0.0014293768349982377,-0.014278067393048393,-0.0008545779284569888,0.0016770146412632171,-0.002542257161021128,-0.0029927920822302723,-0.011452914772196518,-0.011161467424950066,0.0489896405306348,0.0032592287365460926,-0.008333262789059546
2022-03-30,0.0013266017953721086,-0.006102853873819399,0.007213391773329627,0.005605717635807539,-0.000861316250698063,-0.0013348217143837847,0.021318627229506306,-0.0030606077383825286,0.0013244521247583168,0.00541287995519984,-0.0008931113926340974,0.005670287667057364,0.0069641367581625875,-0.029148460263523454,-5.058392830153968e-05,0.007055649552151227
2022-03-31,0.0009771943029711324,-0.0063060725592041,-0.00579578374823286,0.0021555561622195202,0.004765683146800068,0.001139627391748563,-0.005621502573639077,-0.0033834968063612553,-0.0022250918750653537,-0.00040629396239201965,-0.007930735431838974,0.004125818419579348,-0.0005741186151743943,-0.019069672295118974,-0.0001462538609378868,0.004325052262565895
2022-04-01,-0.002738644640192447,0.0066934001843564715,-0.000671563287678709,0.0023430461601017328,0.001180676309385878,0.002406394438096652,-0.0030744179440733354,-0.00367039591796199,-0.005000380629267093,-0.00041708744561578734,-0.00828717909749067,-0.003375369460021642,-0.005717708631656933,0.016328871332575646,-0.00013184336659620823,-0.003475321536618582
2022-04-04,0.00015099964217853926,0.009050804160526739,0.0029811995337184665,-0.016204429712941348,-0.0006638493229619321,-0.003814988853790951,-0.007313664398747799,0.0010919278410402352,-0.0002562380074871539,-0.002777266951211564,-0.00667504872248437,-0.006541285703918898,-0.007368107417137201,0.027862397448672555,0.002179507733939162,-0.005473509455316161
2022-04-05,-0.0029120645907950264,0.016216657881922437,0.008431611326029823,0.017324787214063973,-0.00010975849509147623,0.006424894053395551,0.0069704283464646286,-0.006806781905140419,0.0003608247523940785,0.006900910772772972,-0.0034653641739022783,0.011061842411698417,0.009639026005035883,-0.03445556471739909,-0.0017869889205631463,0.0070004103791950715
2022-04-06,-0.002807917792030546,0.002749520981641776,0.004692419635524385,0.024419084465509753,-0.0020229945996695104,0.0004546110409007322,-0.0002230888071219298,-0.006933621664196036,-0.0008482205344724301,0.0086097473661659,0.004055376106134583,0.012064623966296064,0.002705140263109097,-0.02857818209670427,-8.033088370157891e-05,0.004161585582097949
2022-04-07,0.004264512152018229,0.004793375345753436,0.0011905227491393472,0.007546983497431434,-0.0028055986203449424,0.0012787112849927717,0.0050915427757424175,0.006845002237943541,0.004944577156675957,0.009015182776570025,0.003682360823242986,0.006582890768292297,0.003959404904288914,-0.01575209846120962,0.0007932533333706962,0.0027244191919900476
2022-04-08,-0.000779795494722485,0.0051649385697787945,0.003965335341770727,0.00780172828386436,0.0008422993143655418,-0.001812264199645702,-0.003381527618897085,-0.0011915387325803495,-0.0005628900609965901,0.004479632658699705,0.008344913402004132,0.003982892105320125,0.00472204242418295,-0.026994670977313354,-0.0003113962954646324,0.0037936040379104143
2022-04-11,-0.00010509392795569547,0.01063175146112119,0.0049253266164334935,-0.002333547513891611,-0.003613586475147817,0.0006880242678496784,0.012019699518812293,-0.008656165318471833,-0.005406457293653206,-0.0033259515189156975,0.008525576856442604,0.001296112436881807,0.0007210345473927932,0.0039700311015715105,-0.0017461742644031553,0.004465943845209049
2022-04-12,0.0031905165833118728,0.00552023707802427,0.006234601569097525,0.002001751548358705,0.0025840731465692846,-0.0006797822400857331,-0.014135685249250659,-0.0039018810095314206,-0.005181308432299197,-0.006308875808616063,-0.005045865600066518,-0.0031342200278101006,-0.005882166558685658,0.0017335862747850706,0.0020803103705650263,-0.0032672865986986873
2022-04-13,0.0019712748815669786,0.004273992523299741,0.008738360827596561,-0.006101773261147577,-0.004110295515285831,0.003557376712851328,0.01020333350002592,0.002624873056285105,0.0005886797066433774,-0.00013117688180805907,-0.003531249669830287,-0.0008602569491832036,-0.0014439086558020366,0.015319964478185587,-2.4596414268205236e-05,-2.4082793827196608e-05
2022-04-14,-0.0026785178910399216,0.009787230057158567,0.012132755270252149,0.013083376306781731,-0.0011781620267590064,-0.0009464176658022022,0.016788017988824,-0.008063830788579533,-0.0025835280755913716,-0.0007863357156747373,-0.0002583435307258932,0.0029891217549336876,0.001951193501680281,-0.028220187374044452,0.0009334519406189374,0.00026030611080175934
2022-04-18,0.0042295882379449826,0.009287883937700275,0.012600556299212752,0.0013309889039497893,0.003979068419368445,0.0014741448988880152,0.007891666910416997,0.002066664410198704,-0.001153709619456828,-0.005438501933106611,0.0037838457389979406,-0.00019504635823553275,0.0011690836594141908,-0.02744452638622387,-0.0030218804206536415,0.001577125033684079
2022-04-19,0.0004991759712705871,0.011465474567171983,-0.008564014259754062,-0.00911523951269013,-0.0002056929869829159,-0.0027028815793200675,-0.023539098777292884,0.007058775570141701,0.009538477634600431,0.003246171529365828,0.004227039978623554,-9.962478008621913e-05,0.0018194614759830374,0.028319415416579632,-0.0004773073093449164,-0.00013768610181020928
2022-04-20,-0.004832697237829522,-0.018245704339727376,-0.004629532717127082,0.005899039791316606,-0.0024308715480668864,0.0015834257613114577,-0.005144579986901676,-0.0021391295008864704,-0.0015249265363351863,0.00038174426752226156,0.0058889980833180915,0.004921878682158485,0.008672033191642534,-0.05622778219089136,0.000561705797938176,0.00046057793563804945
2022-04-21,-0.010598560561787849,0.01601708076515881,0.00771397370571403,0.016863553493025943,-0.004645980784371196,-0.0009741701994120631,0.011098443815492083,-0.008316502592518248,-0.0036866462683905424,-0.00025095121606370265,0.002575545918786429,-0.00015610434190835992,0.0005102819712755127,-0.028768176206707692,-0.0026393443126024275,0.00011364879272361683
2022-04-22,-0.0037555937791639883,0.006176061743707021,-0.008709116847129071,0.006676453526512831,-0.0019651064737740993,0.0033842768569112233,0.023379668495179244,-0.012142059631606757,-0.009053975752152589,-0.011961530513595735,-0.009785593219441661,-0.012004256943984779,-0.010423449888751062,0.009616987252943802,-0.005061830839168721,-0.008043623188019879
2022-04-25,-0.002016479109051254,-0.006045524624683864,-0.005017445396257637,-0.0056975420479030495,-0.003876049363988767,-0.000674857678552586,0.016302289303854602,0.0020862823936774882,0.0023474100740245593,-0.00011668075583683851,-0.00027909146581593745,5.850138055624567e-05,-0.003354704102514051,0.027801800898797937,-0.0016569755730500887,-0.0023064869779902217
2022-04-26,-0.001684348114462859,0.004436878013296941,0.011834121491670246,0.0026398440128610175,-0.0011786288006302974,-0.0019370718623117765,0.004147257967045169,-0.014015698018676394,-0.0046107787592377,-0.006784848398111705,-0.00191732995735433,-0.005641680549789864,-0.0017052710026478086,-0.036935796095737994,-0.000627791580620797,-0.01329826123112689
2022-04-27,0.0010386665555185064,0.008814028171612458,0.005645104126909181,0.01068790593597446,0.005538982295429399,-0.001524311558377681,0.018600477699117074,-0.0016957381980609156,-0.001301294967620276,0.0027711306404668698,-0.0021609421922542055,0.005198959396273616,0.005376476798638187,-0.02800627508404886,-0.0021827523157229214,0.002499719004318495
2022-04-28,0.0007551559489171701,0.010725228207929857,0.005472680621738028,-0.0017370010055256435,0.0006856102534185202,-0.0011581792685837343,-0.027346406062374908,0.005002899754653737,0.00936900350703956,0.0028722334852986,0.000998478990865588,0.0011404621878298542,0.0040469905613174356,-0.04475861822155796,0.0005224535135700814,0.005168930792003439
2022-04-29,-0.0007726371163451328,0.0049263568139775345,-0.01428142294877489,-0.002066635361071028,-0.003448613366569613,0.0010175072641410996,0.05511492246413814,-0.011054646237036406,-0.010041103391529298,-0.011785987802572354,-0.00823371272500922,-0.009572495664156952,-0.0034761467646593526,-0.003453537966741714,0.0008617659790264688,-0.008502163693276742
2022-05-02,0.00015044022691404133,0.02697257574385588,0.013549702697569997,-0.00803226168320848,-0.007127918271672912,-0.001170965335537166,0.022105835217675576,0.011013044495480788,0.006033826659877643,-0.0012291331503356134,0.0034095473413237078,-0.0020780826418682024,-0.0010053358715109068,0.05694188746366443,-0.0018942223605756046,0.0037165361303517323
2022-05-03,0.0025134659205226662,-0.018543888586115206,0.009748029428070112,-0.0009509473898063172,0.005937181928901455,0.0017473410123774393,-0.0065011377963041395,0.0011470708427352106,-0.0034500740351080493,-0.0020196584162493047,0.008353325422216173,-0.0008836808122614304,0.0006123432650851418,-0.011615891838034558,-0.0012785705113669238,0.001015690612530134
2022-05-04,0.00039729391260836036,-0.017944412153662125,0.004359315505047874,-0.00018010360095543302,-0.000861512747165602,-0.0011512184418626132,-0.00990716020352011,0.013211358224065953,0.013293301737416604,0.010780616384054984,0.011980130528097103,0.009353023792084606,0.005962461308335304,0.01996560742692799,0.003673689581190711,0.016336286594890635
2022-05-05,-0.001392098967353629,0.025889985997925562,0.010695757459105915,0.0108305490747183,-0.005561084238225426,0.00013074424990352617,0.01512718000388692,-0.013517978985809843,-0.01361870077639592,-0.007411524907787074,-0.00046081767059908893,-0.0026548098153418263,-0.00609441106980025,-0.04588434273823744,-0.0034632673619337997,-0.015007577672456189
2022-05-06,-0.0007104887324115936,0.01751813226652142,0.0007486751320425335,0.012987082250848755,-0.0028071354153495582,-0.0010768040085931056,0.0033698837592861094,-0.0036579748847692115,-0.003944672265284069,0.0005253352458737095,0.002362443139007302,0.0008127526564741892,0.006621004762044401,-0.034325229757740695,-0.003424147791277003,9.459222974885634e-05
2022-05-09,-0.006875079433955385,0.0026210474452857506,-0.008763090308222064,0.014972453465374543,-0.009549480871090947,-0.006971309468479687,0.033410587634713586,-0.022924294236780645,-0.0047532351597980235,0.00040850112688052553,0.0035016527937380727,-0.00048373497229514326,0.0040593991302892915,-0.0688534215927872,-0.006485082193702689,-0.012545674146863046
2022-05-10,-0.0002804809431395006,-0.006700330771795203,-0.0007763834360145867,-0.00014502704049121806,8.184471353459856e-05,-0.0008500272129704342,0.02036729450926604,0.0016965578323485855,-0.0015549182499504845,-0.00048075253978589836,-0.004214386823102326,-0.004510700028430211,-0.003646684620449057,-0.009278828460059719,-0.0021930670238658493,0.0003208267421867157
2022-05-11,-0.004252838853282589,0.0003964813030553089,0.005414580329675081,0.010953573169532011,0.0052772071602932725,5.213352996624688e-05,0.004746341113672036,-0.012467917085775835,-0.006414168188883891,-0.0012904166406816596,-0.0032888103171489144,0.0005444156904944224,0.0011166087626519267,-0.08713389234263556,-0.003014954986183803,-0.010358498738376935
2022-05-12,-0.0011368239439703536,-0.0016090292032610552,0.007994289920474393,-0.003575801381275196,0.00019049195242564626,-0.002301273596188721,0.01300221196385485,0.0003898452589469743,0.0020560836526842623,5.339199768087527e-07,0.0008762761495241115,-0.000436954550004612,-0.004826806222375728,0.05480569853660457,-0.0008071572739397639,-0.007671243038504346
2022-05-13,0.005394642513926363,0.007090648370278549,-0.002151861028796592,-0.008443504787653015,0.0007505310654554211,-0.004318051911053658,-0.002206016185081109,0.019198399446162,0.007661560649795833,0.005186739782097983,0.0033608101847075918,0.0031059940341134854,-0.000416611608719605,0.09023847308268579,0.002194356995872839,0.014672632423947686
2022-05-16,-0.0004941940252917963,0.004819500841504172,0.009295549875634355,0.004860503601212525,-0.0023715443156793192,-0.002622459975989632,-0.0007860235826535689,-0.009760500883601538,-0.0006489138253281093,0.002507324641620094,0.0017481799245776188,0.0054072624335545355,0.005191686109037823,-0.05591854135470646,0.0007523433185289603,0.0007133576442428361
2022-05-17,0.008050303502544652,-0.01471139107572907,0.011467122433720818,0.0027156276969302114,0.0019332340305830992,0.011008402837891427,0.0057525873480269475,0.00998358541723822,0.006463321203223514,0.0023022524806187647,0.015262601683228509,0.0014413564020123934,0.004142911113547837,0.03092608757759943,0.003634734563612291,0.016318262703971294
2022-05-18,-0.006130003153574674,0.005625126505064841,-0.009433321132724484,-0.008973358572797095,-3.1985382719135896e-05,-0.0047643028233411155,0.008413397630255138,-0.022030887462061784,-0.022329464556385833,-0.02131731140344515,-0.013367108533313705,-0.01665526995767548,-0.00971452614219737,-0.01258257555945956,-0.0025785538352051784,-0.02486554687401004
2022-05-19,0.00030345677681494973,-0.008312831294141248,-0.017732989619997527,-0.015421352836225814,-0.0049504566507063185,0.0021388699314953325,0.008821970463371506,0.0009595154724389505,-0.009511230689678409,-0.003154781351305727,-0.012177948153595314,-0.005533478456338196,-0.011749477880442418,0.04536722597124229,0.0023611745536483396,-0.002718812699364145
2022-05-20,-0.0014157063267159786,-0.003031620906090379,0.016438721487385254,0.0008046946822476014,-0.004333852255642748,0.00024757642503645205,-0.005389576998133157,-0.004639910094736131,0.0033020429246528116,0.0043394934009855545,-0.0009527963431785652,8.329748128143915e-05,-0.002719068641889004,-0.018398183867530768,0.0006575762927296996,0.011395464416372438
2022-05-23,0.0017295709173878356,-0.005315251948325026,0.003075651843660646,0.008871104121014321,0.0006287229666270553,0.002780352947353191,0.006599000764399744,0.011489466624689137,0.005330374470148398,0.008123548235521237,0.005019249620462631,0.009351042085989634,0.009316028052309397,-0.020014519174752072,-1.060853902191787e-05,0.0055578677590691315
2022-05-24,-0.0021828070977730637,-0.007004863551495063,-0.0005373644342665743,0.01349861198858959,-0.002242021825548479,-0.0030649441192499662,-0.012791417979796068,-0.01345706985159342,-0.0071683592638280644,0.004098028064423972,-0.0009757503086804667,0.003429400813695189,0.005593071596448508,-0.06090147852801786,-0.0017568816568011851,-0.0024092008564191064
2022-05-25,0.0012887525181413,0.0032219842429646946,0.007839510983761113,0.0019440424701414572,0.0029212547205701056,0.001233174721995762,0.0022648204865689265,0.005666098454657398,-0.0001875436757542235,-0.0061165020354832095,0.002290277043531217,-0.005657317554467994,-0.0058356844375216065,0.03540481682917202,0.0005570420037784509,-0.006853612704424007
2022-05-26,0.005136382290351916,-0.0009220864626528413,-0.004027474916663734,-0.006200629027821577,0.0014266279912365423,0.0010053199634206932,0.0016362487473792816,0.016100447755809134,0.011748004695799622,0.0047554552243650825,0.004624916707610054,0.003412762981829449,-0.0009245796342580038,0.01771348036420206,0.0003294191419058721,-0.0016087722496186136
2022-05-27,0.005366181436632967,-0.009651417293871277,-0.0002671953971114991,-0.01142548971673038,-0.0033328775879333094,0.0003238619631345404,-0.01126837953176241,0.00992857746745153,0.010423227058202894,0.005736797645294679,0.0027879494581912675,0.0022058349981072655,0.001847907157830668,0.04312738909727689,0.0020897122227840183,-0.006462369071693929
2022-05-31,-0.0013529154705587392,0.00916130436652225,-0.004189641801751083,0.007355166569400044,-0.0019321891175955869,0.002384913091692054,0.0045168071413697435,-0.008261107892667704,-0.0038282872757818553,-0.004482729609396075,-0.001654494984400668,-0.0026725879890272973,0.0007759146163330687,-0.02469303391384635,8.778180570864942e-05,0.0050114178934413745
2022-06-01,-0.0009384243136329475,0.015186104060921055,0.015453060787647941,0.01680631024265882,0.0050414599822408476,-0.0031302499209372317,-0.018796373541893324,-3.201998172892243e-05,-0.008268230646593114,-0.005910574796311407,-0.006255302057209123,-0.002583195560651762,-0.004010125729053102,-0.030172078854865766,-0.002639330886018661,9.377234269639047e-05
2022-06-02,0.0026888306815375795,-0.011284396479257327,-0.016734444465711804,-0.02626049774145728,-0.00411433825051844,0.003644118728384241,-0.01640306837436968,-0.008981758665852425,0.011630152091500605,0.004290117812729574,-0.0019802445713077606,-0.0007081841933748471,-0.0021837375254978968,0.05252999498475312,0.0043073267227328035,-0.0019986892610326535
2022-06-03,-0.0015607210397493177,0.014547550600895024,0.00888843531041138,0.012357145565126348,0.006842431992804395,-0.002165027050804754,0.014799756411884132,0.008987181884417984,-0.003956993599868041,-0.0007620937670221664,-0.003481280198767405,0.00590647872089008,0.004352235901714439,-0.03776843288620439,-0.0024988529899273152,0.003992597515709888
2022-06-06,0.0016824328584803014,0.007342422391761945,0.02465831244707282,-0.0018291331458334436,-0.0020709191345022948,-0.004888005336206275,0.0078121196668753225,-0.00014097569425632864,0.0016431895126326106,0.0009453897212941484,0.0018161660891949387,0.0029098825379559306,0.001379657297217307,0.005180508683315044,0.0008501582398950408,0.0018273285913266535
2022-06-07,0.0035964256499444666,-0.007599450616862919,0.0007207697218042726,-0.004837943349685826,-0.0005915183305264891,-0.0012247512119603092,-0.008489187416231165,0.008403783244650307,0.0035613373515638687,0.0015187769224332777,0.0040778120401130085,0.00023248095005459074,0.0028121934630907734,0.020035661648392065,0.0004657088136623272,-0.0037780085324893957
2022-06-08,-0.0021085752729107,0.013313733259967197,-0.007057923756452541,-3.300159103391425e-05,-0.0042621179589574735,-0.0003279255706403253,0.0026502918415186438,-0.0013137460122168501,-0.002320482187008116,-0.004086691724227249,-0.00951313886231421,-0.0006182856558228532,-0.00225686641142773,0.034013102625894645,0.0006951043363334483,0.006350504639415552
2022-06-09,-0.00393402186522984,0.0067767841260496465,0.006095035453119643,0.014415898185534636,-0.00037625776892892364,-0.0006886141406402674,0.007103253863763335,-0.005607068483161195,-0.008039798655470776,-0.0096008771363521,-0.008427517949999899,-0.0028036200187184467,-0.0030599181802185432,-0.038782612293434805,-0.0050084409259196615,0.004396320767081265
2022-06-10,-0.005070069929067037,0.0009471304941272192,0.0030449005691220443,0.020203455848122834,-0.005935682904654511,-0.002883290575447348,-0.00956737662274803,0.0007677451970519653,-0.012474683646868504,-0.0032633801750664992,-0.009534629744316628,-0.006876083726417209,-0.004735431052975629,-0.04587675551032219,-0.004920933249001497,0.0029182071263155872
2022-06-13,-0.009364661520809805,0.02454821340027402,0.009337484391535835,0.021897529022006475,-0.010168645035591051,-0.010190388488897625,0.04084782755765334,-0.0032983015416292137,-0.01116772466186939,-0.0056290169421008285,-0.015583943989790898,-0.009170762483493751,8.275770369536167e-05,-0.04574139120064284,-0.013397518595426181,-0.005504636604876621
2022-06-14,-8.080869485685904e-05,0.004929682587634487,-0.0014042192752557196,0.0009950340474362297,-0.005878901338211917,-0.002384004125636387,0.0011046128171723043,-0.005835172820338735,-0.004423543279747597,-0.006276561875857571,-0.001652258521180932,-0.006738111262755929,-0.005765449522474079,0.013582800078305259,0.0002771376830190298,-0.0023065166232865537
2022-06-15,-0.0025340298055766177,-0.021701438167973368,-0.022058028119993994,-0.01342909597193356,0.0033453469643808693,-0.004947261208208447,-0.012861422249969248,-0.013730660568991169,1.7902842945552097e-05,-0.0031996557779334304,-0.0010805651550160264,-0.00401319454945887,-0.00717527421035101,0.044661586339094075,0.003537567342243273,0.007012935919310952
2022-06-16,-0.004344171244403436,0.0024999215720121785,0.011467283928841089,0.01378395030812069,-0.008127851042788278,-0.004524148599795955,0.015500574187006816,-0.000951124402126545,-0.011950072174004636,-0.003507384211422434,-0.01509686480941072,-0.007443306638501925,-0.0019518931161910912,-0.028832891742965112,-0.0038519281149446832,-0.009590957565400491
2022-06-17,-0.0027145558793215683,0.003243120193112156,0.00218636000580384,-0.011453089859951887,0.0017328821237591247,0.009986452197966813,-0.010300562458456737,-0.021004595271845096,-0.0048168609166554174,-0.0018502392373242506,-0.0025407552403689,-0.0033032328256171646,-0.008250937705188172,0.04062790549786034,0.0019419284699388464,-0.0074691706387602945
2022-06-21,0.0053845343320333815,0.008077308045406593,0.011223052980474527,-0.00012334006937816683,-0.0007203614568924719,0.003829602765422277,-0.014243042021524101,0.01957011552982388,0.009087895882877364,0.015679949924365926,0.011250712472103588,0.015808180021010566,0.014136213212758906,0.022922352779170378,0.0004738700258095107,0.006347086273749986
2022-06-22,-0.006186319567522094,-0.0156727386787891,-0.011810356255745832,-0.00462913372259475,0.0008856982249436348,0.002748627530272964,0.005496307260530896,-0.004932244230934411,-0.00023517418546127903,0.0027514736085401123,7.528694069759267e-05,0.002436059954546013,0.001303024548275613,0.016286085441614605,-0.002409052636164106,0.0014267898490544835
2022-06-23,-0.002113666296509034,-0.009362866331153604,-0.004761147219004572,-0.018819869909722044,-0.0031890263554008457,0.0038597901311077766,0.004530815337081155,-0.005371852314545365,0.006462740716777127,0.009003802772196914,-0.002731016717251739,0.004113082502854331,-0.004008868660002574,0.06079505467880943,0.003592167680713777,-0.0031739350210452898
2022-06-24,0.004562056071836706,-0.007478987947638864,0.004840289857156621,-0.0069310802008806845,-0.0004324190932790146,0.0016245979069374515,-0.0013607625785184334,-0.0003284700990251188,0.013539633553060162,0.010152855640414366,0.012223805841615133,0.010145751850069823,0.003856139156501532,0.010568128867192744,-0.00012268392262968896,-0.004821531413345325
2022-06-27,0.0013957179156715983,0.008376623321314641,0.005479562482454983,0.008296853699027718,-0.0018108519825282606,-0.0002742224572578404,0.004125048929478451,0.010717311533633068,-0.001944564585017996,0.0009089929631323724,0.003386606672322272,0.003130105967280453,-0.0013058975523029775,-0.017890685092120585,0.0029357687543362463,0.004449507363193136
2022-06-28,0.0006474332046252566,0.009468118876794007,0.007133245529726381,0.017672841139404927,-0.003687940928912836,0.0016667289584506278,0.007110104889939397,0.004493571500227549,-0.014680902942526197,-0.010400828461078173,-0.0021039326630630344,-0.006368596225592101,0.00046906191772777203,-0.043327066568038086,-0.003825639236782442,0.0021800145043722567
2022-06-29,-0.004225670846794341,0.006009603033581104,-0.0013506524158999021,0.009538960581681003,-0.0014183335190856127,-8.705948466897272e-05,-0.00548565996773071,-0.0049787882242749906,-0.0015645683154789118,0.00426472086354652,-0.005320977251061435,0.0012667240951493189,0.004451311013829087,-0.019470198974585382,0.0014919750526991413,-0.0003110857000346703
2022-06-30,-0.0006785560495910972,-0.001032597503968215,-0.021568951407415833,0.007790474702485901,-0.004368484823334743,0.0005865117098400035,0.02464583447210411,0.0017914726266643937,-0.0013554554752839027,0.0007846809585451741,-0.0012722360191900215,0.0011511268177472394,-0.003635227511510448,-0.03303430595071209,-0.002195601473042776,0.003823830650925549
2022-07-01,-0.0016041733142763918,-0.01022427225698284,0.010230594451568037,-0.002019890712747219,0.00430479707937317,0.0031489607659347884,-0.0005092984733291311,0.003032390281664814,-0.0026068193688616164,0.004570242578232658,0.00013540854684859077,0.0060586643811755495,0.0062394386128495375,0.022042260023143828,0.0007073775876333967,-0.004943288754217096
2022-07-05,-6.323104013302577e-05,0.005236664940418215,-0.007066849161939715,-0.03501914053045608,0.007876275061483608,0.002038819032647415,0.02962975280094122,-0.01969751770086174,0.005272824644744132,-0.004697650737785666,-0.001301879634581987,-0.00839698013070822,-0.005717287780964392,0.0850161010243315,-0.0037944490492860562,-0.002778357497016894
2022-07-06,-0.0010458121206526859,0.005097847999146284,-0.005380937370417222,0.009502882385356117,-0.00651563109973571,-0.0007884930246168149,0.007168008698777616,0.002014660543451994,0.004371036413134626,0.006098731097544928,-0.0030075929928141286,0.005574173558007706,0.002010419685854131,-0.02140723900506835,9.09989754720262e-06,7.096400027688937e-05
2022-07-07,0.003099801302340606,-0.0018252936706387914,0.01684161453981144,-0.02118519309184977,-0.0019503614536922412,0.0005061025720323425,-0.015864220857707216,-0.0024034956078772245,0.0037416409829838775,-0.004218701749199241,0.0008798274720017082,-0.00431094886982665,-0.003066897399738368,0.04819534532275026,0.0012146787765301603,-0.008772811456444526
2022-07-08,-0.0036209057216093537,0.0020504715414779995,0.008141493007062826,0.008481161558224717,-0.004609829421873994,-0.0005835486603369439,-0.004266975043981257,0.0022216521123637843,-0.0015107579412751181,-0.0012828896057624516,-0.003008807632977139,-0.0015867681410359703,0.0024301360685786587,0.0018226139100325067,2.4808958260810163e-05,0.0004795546044939657
2022-07-11,-0.002969995102786011,0.007767605739173591,0.011966310558247262,0.015380904514039964,3.450245476741779e-05,-0.006661439168909933,-0.006488894089974093,0.003926562568611012,-0.003977118275227736,-0.0011037756454746889,-0.001490364151943882,0.005134290948602779,-0.0002242008308298649,-0.05661157115084604,-0.0029877612660315334,0.00024356032927427352
2022-07-12,0.0008771313082029742,-0.0035148093787369366,-0.013629936029159014,-0.008049848571294224,0.005654073178009247,-0.00016442828449562464,0.02054569775929709,-0.0085064653306476,-0.007717713551509369,-0.0075317158209288705,0.004725839785250243,-0.006194253767782943,-0.005413913739529071,0.01960921849645652,-0.00027629875290289,0.0026561874735700334
2022-07-13,-0.0012235240806256426,0.0028887911826109085,0.006723115637186756,-0.0022122144953371503,-0.0005239458377680299,0.0010269233580106265,-0.0012497567994007508,-0.001497578255490393,-0.0019985404758831055,-0.0016820696607566577,-0.00281922107929559,-0.005573151202494899,-0.001394572232715462,-0.005130884106132761,-0.00423177057167878,0.002327646150333521
2022-07-14,-0.004259687980632391,0.011735801248738843,0.013721377219847307,0.008431243732496414,0.00083472741667622,-0.0009236581054416799,0.019831962392993285,-0.0007590899940707243,0.0025808396102423438,0.00017727660265549547,-0.007208096166991869,0.0029283330230660985,-0.005070683415312898,-0.016554816034496548,0.0015405604504861578,0.0003358004780339111
2022-07-15,0.0031907824480371973,-0.010636115230521265,-0.0005915038374165282,-0.00413391973925606,-0.002393178800728776,0.007288303995357791,-0.0047853932202068464,0.003207212526585599,0.004045537613557453,0.003290543550051624,0.0108751315700096,0.0023799296986582973,0.008043069187894452,0.006370320571287398,-0.0020127296238624396,-0.007663724556894383
2022-07-18,0.004398304865445964,0.005117728923205006,-0.0013588622227635148,-0.009816350230347413,-0.004138046425831179,0.0014932420333538315,0.0031916115942587295,-0.003649351451936676,-0.002007397012706794,-0.007546546394628612,-0.001128899253384874,-0.0017280898831931162,-0.003384062468566578,0.0019001014138256868,0.002800305268999919,0.0031675537308491226
2022-07-19,0.002731308540085584,-0.0128577803084609,0.0008286562177267083,-0.003585479674554519,-0.0012179975305024564,0.0030743070024307323,0.0013298682689184549,-0.0021933931969038527,0.009574024754894116,0.005002036709814452,0.008596126283987843,-0.0010896291939031383,0.0016509550802666847,0.01684188307774417,0.0015511081204829325,-0.0003563892824264298
2022-07-20,0.006135541437550019,0.005637181837697287,-0.004136703097237339,-0.023533903223207805,0.004291743799974709,0.0002621725395043522,0.010588020108569601,-0.006950542244559506,0.006484913750300473,-0.004739594950518362,-0.0024751278742509105,-0.003986881877647058,-0.0034676536767368226,0.0447850501444993,0.0006374046434935181,-0.001129691045435901
2022-07-21,-0.002065001798854939,-0.01664775155904026,0.009159918118063302,-0.0177611172622311,-0.00028409337528789193,-0.0011898913323831629,-0.016948453995291178,-0.010257284854814697,-0.00021011580889394518,0.0019911026084004973,-0.004922237408948768,-0.0009915445485693588,-0.005103278019428274,0.001494182627956222,0.0005077294800921216,0.0002007574824643161
2022-07-22,-0.0020729523209857053,-0.008623882786005593,-0.012286939144372117,0.020611056913572814,0.004722237220183197,0.0004179590294385426,0.0027317553424794187,0.004407811674623344,-0.006494701211810015,-0.0004611964764959023,-0.0018299764038453604,0.004996166341338502,0.0045791374561377635,-0.04816983947048455,0.001072259779825618,0.0021109031888816095
2022-07-25,0.001192207262517329,0.0037365790975706346,0.008751572448044169,0.011575261367404856,-0.0007818121891131043,-0.0017505019843924597,0.016049133026763085,0.012852566595976457,-0.0025555522519455256,-0.00105068295629671,0.00145082214228425,0.0052716038146917695,0.0033034257428219234,-0.012806953666977759,-0.0025519149374376177,0.0013492797036261334
2022-07-26,-0.0023541671107721674,0.008786577071788544,0.0011680466380673687,0.011895815279822596,0.002950988761165458,-0.0011177702156429392,-0.014080177522848979,0.0046716264585876304,-0.007808501999705674,0.0004414263336070968,-0.0016246682416797302,0.002691708811577536,-0.0031259526659015756,-0.03712152708497082,-0.0005563627801279667,-0.003487225325965849
2022-07-27,0.0029908401034798113,-0.01711256532590392,-0.015631615749962774,-0.0143911412503257,-0.00047144163792570484,0.003914744103372803,-0.00907960287971874,-0.0058331991687877,0.010341871206895737,0.003659939662774201,0.0034324738198792774,-0.004073787597143599,0.0010458942365669556,0.03907847787423195,0.003419913559288494,0.0013032430863764728
2022-07-28,0.004752180853121447,-0.01609429839685114,-0.009019650993825219,-0.007342887583025381,0.0018586047856893398,-0.0012322146329354039,-0.04518272978733314,-0.0021327074676647326,0.005666759912832147,0.003937434690817617,-1.2383379328420596e-05,0.0015506503131938066,-0.0042674275778910205,-0.016462826251124774,0.0030995787069279376,-0.005451247732794205
2022-07-29,0.005176847909021783,-0.00840166481053889,-0.00540769783660522,-0.010122038303565116,0.0067809296900973705,-0.001565487743419456,-0.0017159185433445183,0.004176327969774132,0.00408442222983794,0.0016405679756593041,-0.0026075584160993393,-0.0023804236465977506,0.005963648025802519,-0.034083666616463636,-0.0021771658343746007,-0.0008440187743613738
2022-08-01,-0.0014953125260696786,-0.01109583150795286,-0.011432954364959199,-0.005837043456196996,-0.0021669663879738963,-0.0002909043468855208,-0.0006344966607724758,-0.006522819654285878,0.00011014485136584583,-0.001046787441906867,0.006464673181477097,-0.0024855910602391987,0.00018710849977555347,0.013150416975106525,-0.0001791471420231054,0.0038087602502849703
2022-08-02,0.0004618086673891216,0.015239472049114484,0.014889431543814245,-0.015920221321535408,-0.0051886442400740675,0.0015383149038768426,0.009164771281375777,-0.00037426442440379945,-0.004069894075923566,-0.0026601370545267958,-0.009028892868282295,-0.000546436183593034,1.8183772816833272e-05,0.036737538967254804,-0.00018028911585622363,0.0013007110475730323
2022-08-03,-0.005446948368853058,0.0021510778832590305,0.006552929750839995,-0.015934054934869508,0.0009762819816413366,0.0005525943860850637,-0.012911069367941987,-0.011269310652010249,0.002348118249343561,0.003817934383259983,0.004040602373680011,-0.003916395714093263,-0.0012415189652464397,0.040917461495262694,0.0007360216872534524,-0.005851531909879514
2022-08-04,-0.0012623616897894556,-0.01585550015063044,-0.020084180243098392,-0.007996276937272423,-0.0037574811465612406,-0.005399579925297101,-0.002508526135195882,-0.013926814561346652,0.0016513879923861102,0.0002458665563387875,-0.005303599623515771,0.0002698006036305333,-0.0035326183020510924,0.004453060563155559,0.004774347388504796,0.003902659220802145
2022-08-05,0.0010737750438660236,0.013332262486649562,0.011515356952108011,-0.006043191390850574,-0.0008333556041578514,0.0036522506682052135,-0.010150340945394458,0.0044807713491797786,-0.001956699728979325,0.0009077013366567689,-0.00393967869907187,0.0017455615179276759,0.001899984610499648,0.0034898728072519335,-0.002952521504298677,-0.0020362628007178554
2022-08-08,0.0015356242783751322,0.0007999358357209559,-0.004601279941659899,-0.009173319551298522,0.0026426827100362506,-0.0035605941984705874,-0.002864751044918578,0.0023450406607235853,-0.0017336280678213855,0.0006069889523636048,0.001896858004090565,0.0013108092506828213,0.000803296103634934,0.012089938958847555,0.0029134616931936934,-0.0009268431724981871
2022-08-09,-0.0016191676823273597,-0.0008920083089451643,0.009634492820955888,0.02556537995524995,-0.0006861292682190567,0.014034628158567989,8.30896232680272e-05,0.011123088391148821,-0.005144460950143408,0.0017392630857989313,-0.004049574143796898,0.004485715010438824,0.006048741775428072,-0.0456376082218924,-0.0017563698726993059,0.0034177019457864
2022-08-10,0.005621206177650453,-0.016559393654895012,-0.02018003236781012,-0.028094914035817313,-0.005256813298412115,0.0018636163799725099,0.0023418746390737027,-0.0056310174021966565,0.01013151217383876,0.0011541472031688128,0.0034994920568699184,-0.005632258719198023,-0.0028339053752708676,0.05504675746360777,0.0023279584444147313,-0.007064722188642942
2022-08-11,0.0017000346707003713,0.006392153753080108,0.01974345749245933,0.0020282785724948923,-0.003149269042272039,-0.003429549561834711,0.0033398730081490788,0.004374934792819841,-0.0021646099442750016,-0.0023658282788929274,0.007666186009964217,0.0012330732466939408,0.0013039564021752154,-0.030177606941466654,0.003280840681906568,0.0012390568079072148
2022-08-12,4.090736591494046e-05,-0.010581624773832173,-0.0025818586698005026,-0.011320025115667598,-0.0014605820660781865,0.000738703273084975,-0.026233652434274266,-0.0008971966659637107,0.004106348725862002,0.0035487483810173713,0.0062142090168273816,-0.004092370735179509,-0.0012947172091705272,0.02278134035698498,0.001422724818921895,-0.010079367681239368
2022-08-15,-0.00014248924007839898,0.006598781771666654,0.004848822885866766,0.0037454430925218723,0.003404037542984918,0.0004775872810773176,-0.006084624657170767,-0.001857106750422912,0.002046314758633241,0.005485601309256998,-0.00025444833439491275,0.0016129010659980817,0.0003779675045255588,-0.00046797720518209403,6.554742718841796e-05,-0.0037074870953602472
2022-08-16,0.0007782512850222456,0.0010636692243161103,0.011921957756279427,0.006902015751508316,0.0005314246735692589,0.003353837646299722,0.0123848718067223,0.002373010181933619,0.0028095024777947597,0.00587018663573335,0.004819508644275394,0.0017269694003254955,0.010302209552788714,-0.028995791951105954,-0.002026492972178217,0.0019734216588419384
2022-08-17,-0.0021688481853135216,0.005019115550274009,0.017482399213013273,0.02284325847877075,0.0010213377633510436,0.00037257646051941677,0.01599939482139175,0.008978729381738843,-0.0007903175695570695,-0.0004404422609416755,-0.005321306540058811,0.0036816591205333007,0.002994685654639999,-0.042412946337246384,-0.003119849288712794,0.005682816030504325
2022-08-18,0.0031264889917829155,0.00699056233867942,0.011526906668613314,0.004784642090994317,0.0057246086122153105,-0.00039977775226765955,-0.0020847418025241385,0.005759492427456773,0.0037884030130180117,0.002104680616840151,0.006888560541307641,0.0024626345103486414,0.005495510086281385,-0.015250441031989682,0.0016548860914074551,-0.0038206510371511316
2022-08-19,-0.004017415745710178,0.013155890538026486,0.0017016091077157259,0.027707154540350505,-0.0007588605072423541,-0.0020690885355706913,0.007561057591839393,0.011218127896977733,-0.004935216690848312,0.001691791637821266,-0.0001365480584575949,0.007198076976446749,0.00559173254728719,-0.04250173306843928,-0.004808664262923463,0.0062518265868480956
2022-08-22,-0.0028965343930823463,0.004464359600433043,3.798536200447927e-05,0.011734805535070083,0.0006668528362172663,0.0024430013725358786,0.021550251311959062,0.005384060925167539,-0.005914035327442739,-0.004020789474085807,-0.010300981501275145,0.0031965345115282824,-0.0045110005646744125,-0.004384244975047479,-0.0014468939517416363,-0.004599230821483394
2022-08-23,0.0037246519993401304,-0.00022439944269626042,-0.0023970142179512606,-0.010093378527100481,-1.4007248648820192e-06,-0.002976797852472581,0.0005645149802173885,0.0033558354226989767,-0.0018455912143748995,-0.004386530551173947,-0.00039050350109994024,-0.001584650403410846,0.0007279189261298285,-0.005644107613256998,0.00022202740197936635,0.0013627057342756378
2022-08-24,0.00012846739118865368,-0.0032756814000565594,-0.0029645042829855098,-0.008851243331407448,-0.001839184955465777,0.002632535479477215,-0.005824886290842823,0.002175648915806011,0.00023543621350318985,-0.001181208086827722,-0.0005403056364962928,-0.0009128716468524618,-0.0030465972579167672,0.024280102006192746,0.0006703413224810684,0.0009374687673191062
2022-08-25,0.0045060211166562565,-0.01126994954283523,0.004022159071411482,-0.019971623539703703,0.0036872692261138533,0.000598562455134944,-0.008058123456409418,-0.004778950052068668,0.006246045956098491,-0.00023507766566299715,0.009540201560391504,0.00041536248923955063,-0.0006170990209832632,0.009987166806476062,0.002169536012790409,0.002499644898577671
2022-08-26,-0.003977940779113388,0.010796934506109777,0.0011685299935550435,0.01981320355023769,0.010234820664413289,-0.002419046478774889,0.02642280244899825,0.004294902332070982,-0.013868295780170674,-0.00992265051522527,-0.009749829237260133,-0.004029307921829903,0.00046987726239501246,-0.030946922705685956,-0.002849302127566407,-0.00959592588849311
2022-08-29,-0.0018250283116785354,0.005101239525341405,0.003060492268773401,0.00793593018925258,-0.008858000565702826,0.0013539394253007926,0.011574968382565703,0.003984082427433779,-0.00469694051557535,-0.001602069023341035,-0.0019410407645622458,-0.0012500911299114592,0.00047685602212793566,-0.00788892095386983,0.0002789143634309441,-0.0015683734646107306
2022-08-30,-0.005851022035054469,0.010490280016437956,0.010197312293298606,-0.0008472161167502427,-0.0008048212092278718,0.002400347539223813,0.018936478258853067,-0.007514104506119647,-0.001571375493262691,-0.0018388600926378621,5.894436463902211e-05,-0.005568489725698828,-0.0014417229388317323,0.005536385113836605,-0.0011946795820465656,-0.0023723833260685927
2022-08-31,0.0024830659517188144,0.007043508076712354,0.01006306486338345,-0.0007785292101563727,-0.007086642927215423,-0.001477102976631156,0.019760336664849814,-0.004343914992878347,-0.0034687998983920785,-0.0018958236819970435,-0.004947069722444801,-0.0038379083696554097,-0.003689763328236998,0.006487216775537451,-0.0009729479582622673,-0.0013844055740575463
2022-09-01,-0.0038168931984353133,0.02152313474582186,0.008564562360179637,0.014086425655810302,-0.0013543693190455584,0.002228575526732306,-0.005129059908200001,0.0028583158626482707,0.0003551154952159375,0.008230089461015515,-0.0003402048439385321,0.0058430295091108,0.0012620462714061237,-0.001257157407660926,0.001666414547010408,0.00032379568848724203
2022-09-02,0.004355890969525409,-0.001035302473270662,-0.002192566765674137,-0.007736448924641617,0.004009572732127325,-0.0015880647349903968,-0.0168767981797701,0.001347325629819155,-0.003366214629997608,-0.007420774685850771,6.716018849450313e-05,-0.005921052537542236,-0.00011988295851871056,-0.020509091607454524,-0.003988414626306412,-0.00562842594428517
2022-09-06,-0.001309354172615049,0.01670696018697936,0.005878719119110647,0.002653552864397434,-0.00498298384528688,-0.0022572124180050617,-0.0003354579318133426,0.0010501182047669574,0.00044527408140104157,-0.0022622570502721095,-0.0091766551903597,0.0017102853013933527,-0.0019049113428729896,-0.00173409135399865,-0.002677578216848651,-0.0036408903063431313
2022-09-07,0.0004034204155424284,-0.008706413787339344,-0.01481591895981697,-0.01376547707649686,0.0008325568949924898,0.0016367751260884795,-0.03377325342982104,-0.005988089705939661,0.004355161892531635,0.00971568376191063,0.003154225493350005,0.004628268360529132,-0.0025270358093686714,0.015559489704052066,0.006337188172657051,0.010892620440337224
2022-09-08,0.0038183791939578582,0.0051189756069020265,0.009194754531064504,-0.016400256344114048,-0.0015216578135953578,0.002435298098463241,0.0013097732110644816,0.002452825402681281,0.003032592753475125,0.0008502653221812307,0.0015454536406220246,0.002759737655662141,0.0022099373594619814,0.027285308326707676,-0.001045783648924612,0.002109128592956591
2022-09-09,0.00265522386937048,-0.010630616364919188,-0.011524727131794917,-0.007867782812541788,-0.002945671672275019,0.001172414579363932,0.004782723706886413,0.0011994265998759891,0.006443556559392051,0.003179580256786005,0.0043751103203114265,0.0015381024707606765,0.0004995188398640906,0.026643592369175607,0.0029852834532335506,0.010180834218692736
2022-09-12,0.002740191137637048,-0.012719577019996231,-0.00230800121177538,-0.005985545551088425,-0.006848983934619448,-0.0013161218023536247,-0.005057182664058355,0.0004892418550243235,-0.0014350505266788336,0.0011385043325484682,0.0020773715208168304,0.0005046143851691314,-0.0030771404191778876,0.013231118585459943,0.0028462492939516203,0.0072687053525644545
2022-09-13,-0.006854684922018576,0.021721601541698637,0.015890843289612745,0.022140472603991074,0.001598167722563177,0.0006262437453602868,0.03771449460961941,-0.0005961232632669816,-0.016991816455763285,-0.013380129979644082,-0.01573681536094071,-0.012912939436367,-0.003487216923336079,-0.025452117996191626,-0.005407580875896285,-0.02742073181895837
2022-09-14,0.0014364221988158873,-0.002250432021938666,-0.006622060601839355,-0.002300160121324445,7.549144718023253e-05,0.0017189572499397919,0.019519138824073447,0.00562099552167796,-0.00016366320036839254,0.0004988743162248112,-0.002582579230613235,0.0034524951043576483,0.002086586927638019,0.021678967127633526,0.0006206342759359081,0.0036944914647150913
2022-09-15,-0.0019635125057871714,0.011126123522752293,0.009210504163535197,-0.003966004300146342,0.0019997164185362754,6.56819623008763e-05,0.021850247064444175,0.0007398794992092353,-0.005666532234568429,-0.004335601742905752,0.00591303018221815,-0.0019767823462825667,-0.0009605982770970849,0.033750442329977925,-0.0032994207624359607,-0.004577575626040696
2022-09-16,-0.00435045105724532,-0.00021553708908902177,-0.009043758605847383,0.013786001131391704,-0.007638077483904755,-0.0015474790015164695,-0.009135628549772984,-0.0019746682473182355,-0.004862331918441874,-0.0013661898662630165,-0.0057805186324528255,-0.002560989254575448,-0.0037512309372097954,-0.03931274486745398,0.00022621162351775395,-0.0018514929723142805
2022-09-19,0.000820579161561709,0.001169961360797824,0.012573256329967766,-0.0017996703284730736,-0.0023887512235978557,-0.0006031161058057574,0.004092369491952019,-0.002099601795188453,0.0016464251530668326,0.0017292130073546684,0.0014270559980565532,0.0023706808230851673,-0.00037251380455784796,-0.008902385142565087,-0.001945785502798743,0.0015812717216990508
2022-09-20,-0.0007942413453053063,0.009640269806238257,-0.0017257943336888354,0.0052013917082076415,0.0016463500745526917,-0.0002308843092929092,0.01084667062192734,0.0025497576874924967,-0.004502819847039319,-0.0033530592701291988,-0.011101323089769136,-0.0006660636490731352,0.0032865342361393397,-0.015462122927699384,-0.0018618630981310676,0.0011892801322209486
2022-09-21,-0.003608037129758555,0.00517858195298874,-0.0027063913807070265,0.0006997567892531482,-0.0007594858476506119,-0.0006669999437002221,-0.011218576176920108,-0.005566490650662555,-0.0070207394305795544,-0.008000642313488135,-0.0059309485140265905,-0.0077952446698964315,-0.0034770914847431474,-0.014174925112702082,-0.0036198828995097146,-0.0063139871778026555
2022-09-22,-0.0017618514909981489,0.005953824048650346,0.00017376368146487364,0.024237570658762538,-0.0063092426255644245,0.003944753060422969,0.009037149499121797,0.008956382741483422,-0.0043959453762566405,0.0021921746484905814,-0.006410076070709757,0.0006376878177907601,-0.00017157451764377666,-0.03121358007853717,-0.0015885306500374192,0.0022689784075055463
2022-09-23,-0.00753092688945598,0.018164596691133628,0.024896762378449594,-0.0017130570230994907,0.00014183627057401046,-0.0021808379269548455,0.004217977975970349,-0.010355222585319327,-0.002071272330243106,-0.0021707504683360166,-0.006830002540218068,-0.0030145703571649706,-0.002631967370712531,-0.0017970054646002202,-0.005840757898433498,-0.007146308632165657
2022-09-26,-0.001990064743345366,0.02153225410524317,0.023295983740113026,0.0030199526065761233,-0.008948910733168978,-0.0028928746074921635,0.010313900775578776,-0.004845382116479809,-0.0032565659126384964,-0.002727832529995528,-0.009824059410224607,-0.00225140792873054,-0.0021170020760260637,-0.0005687314477559411,-0.0009397055262637772,-0.001957710192962138
2022-09-27,0.0029586321596663315,0.008098450665804013,-0.004679017483253691,-0.007689610581922109,-0.007203706999043993,0.0001027863262272929,0.0021896573691709918,0.00156776923580196,0.00029889022050616325,-0.0029329932609525487,-0.001400703583234922,-0.0035473091906161017,-0.004594401607742199,0.022468974605889293,0.0007561170721115077,0.0011893001805986267
2022-09-28,0.006979631328362948,-0.031886259061762984,-0.028968829495845554,-0.013457887258006073,0.006533704644142858,0.00021070937841058748,-0.037392220860592615,0.004935723254436371,0.00870139446550294,0.00621020277220438,0.008419997596644158,0.006284487162820771,0.0032935874245746434,0.02058817394444214,0.003612815111166891,0.006737957298624406
2022-09-29,-0.00043112061571908434,0.008180642921210589,0.013010242642348877,0.005272832441553863,-0.007285333378079,-0.0009283159505963498,0.019069604427706537,0.0017451538780412605,-0.006111385556281086,-0.004867870362455057,-0.006743983101527148,-0.0030580434501342943,0.001393716429254295,-0.03091482777479427,-0.005400091901207567,-0.0024850644907820074
2022-09-30,-0.0006260509038066081,0.005761528156822671,0.003140488184536082,0.0014768269790200726,-0.006765324710374404,-0.003375027650426915,0.0003875209774060265,-0.00516751179026155,-0.011910138405056,-0.009959675061413768,-0.007401885345242006,-0.010524224137871845,-0.010302349723016182,0.01233051935495097,-0.0006570857944621054,-0.008426475702039082
2022-10-03,0.007519831667202669,-0.023885309421567767,-0.023032043797761633,-0.0019424342813591858,0.005414163423016111,-0.0018872224277419226,-0.03395185789353089,0.006507519077742732,0.009861246391212771,0.011427734164433778,0.014652864949367895,0.01129719611397911,0.01035093240407171,-0.02627332432296084,0.004444543762520627,0.01131739748944518
2022-10-04,0.008262144081542008,-0.027354797428200205,-0.02277323237428347,-0.014263717064794259,0.0005701635788670882,0.00282945004595341,-0.012364226835711114,0.0007390256305711829,0.006317851736218284,0.006513761555935584,0.013170344766777406,0.004739489206617866,0.001540626369101395,0.04238579863207077,0.005045077706212694,0.010122663466527093
2022-10-05,-0.0015260150264276109,0.00973929162914132,0.014262124201552293,0.0025463294164055736,-0.005208945096510157,-0.0036281332947265795,0.005137467429070399,0.0037419922285359055,0.0024453875506661735,-0.0011803012721836614,-0.0020441418912681706,0.0008932739595343699,0.0008000908079603048,-0.016871393747857334,0.002967069659263244,-0.0006584766070970311
2022-10-06,0.001220030780316769,0.012201404478010483,0.015691182726626625,-0.00886275383785056,-0.003963059436449739,0.0012382326060314175,0.013163972821774223,-0.0008915633999602773,-0.0025502018553909362,-0.009899854169761014,-0.005791517934489172,-0.005760366801431208,-0.002007451979805671,0.009956485195534024,-0.0005302495729028987,-0.005193257807130865
2022-10-07,-0.004083540673727186,0.01540109879358669,0.0010650849785320722,0.016938248383948976,-0.00034928953455037014,-0.0007560441402709298,0.029404841447588412,0.004630808719284091,-0.010442552911555759,-0.0093551560344541,-0.008920877307933537,-0.005285734354889694,-0.0012121225641060097,-0.03776362330079326,-0.005808233862841004,-0.010254773688085776
2022-10-10,-0.0021977039738340738,0.01335814012347041,0.009946498772116865,0.018260025743914624,-0.000931286332812772,0.0005139790757562688,0.009085123315409394,0.0013599566350657654,8.451146873931711e-05,0.003735553438168903,-0.0031395256808161645,0.0033432292006737186,0.002978480948474066,-0.02436363319759853,-0.0031534883629395155,-0.0028595654930325624
2022-10-11,0.001772971448734006,0.0047574492960311375,0.010863817349013656,0.00693105665062093,-0.00018477646258453686,-0.0002566794344653359,-0.010650136793015151,0.004663325650897014,-0.0039681867966559654,-0.0013776249156738157,0.0009438306163248242,-0.002662654696171893,-0.004827530203052142,-0.010410790523937346,-0.003438645609499794,-0.005893321863101096
2022-10-12,-0.0041701874094593055,-0.0029316254755549455,-0.0030549181621836556,-0.003010574794604325,0.0017973985054978623,0.0005943643641332111,0.0043584916392900245,-0.003062646385057143,-0.0030501079586515785,-0.005556150251069474,-0.002852984869296134,-0.0035149076891549443,-0.0002141687411117304,0.010866545327019642,0.0009409459969586184,-0.0014595297442690086
2022-10-13,0.002308956167040109,-0.005673698573787459,-0.0073021787578703,0.016888234402199814,-0.003805037180571619,-0.001984694318410732,0.01599324497678359,0.01295891634672116,0.006951994374550628,0.011078933022433136,0.01457762909594887,0.008923043885547929,0.013571455239622962,-0.020585040868975425,-0.0015335259802687984,0.015993413408906983
2022-10-14,-0.011421823119612774,0.01836817645008366,0.019414665125141128,0.008323864488449875,0.00347624175838673,0.003163346612946453,0.02490201882899714,-0.005652816219060762,-0.012621234860553217,-0.008294620094634325,-0.005502242629514872,-0.004690856175440532,-0.0035842657596031197,-0.03772459553916044,-0.0023390362891555043,-0.012863756392031165
2022-10-17,0.006304714213521466,-0.016562538379715098,-0.013858779204989999,-0.0069917843280737895,-0.0028775322903431214,-0.002491709209700661,-0.016378835381103657,-0.0054507157005975505,0.00783240961099244,0.005694505803413784,-0.0016977707419244988,0.0038991898232649796,0.0016817322397151419,0.044266157530199746,-0.0002518524693567283,0.015253041355308437
2022-10-18,0.0002756161686404391,-0.003867313998411567,-0.003448121313432374,0.0020830611535096813,-0.00190214354893965,-0.0012308925562025416,-0.014550053468332312,0.0016538664984967148,0.0033173489292237374,0.005115720487738834,0.0051996606872712365,0.0035456907419623733,0.004552910699069723,0.006208699787296209,0.0032798396272007983,0.006679616880481415
2022-10-19,0.0013709231793451234,0.021836183461267034,0.004789749065843706,0.010316748017303133,0.0016487095256394364,0.0004190298841473183,0.021203092118043186,0.00913261996646317,-0.0006552510373322301,-0.0016562743633075413,-0.0016816077571199291,-0.00041462662159354527,0.005577099207626155,-0.03345374211713001,-0.0023196210725570246,-0.00196898216264255
2022-10-20,0.0010969904218646916,0.006028824910239128,-0.0027564864137825445,0.0006353584618121637,-0.00015505045804334403,0.0030406985146854185,0.007469864025890184,-0.0006750074596093502,-0.004528313103219347,-0.005022492530362285,0.0013712487106937767,-0.006737486965473834,-0.0024414080236010776,0.0006489771613585353,-0.00031716803344110324,-0.005063607863953573
2022-10-21,0.008421886896344053,-0.014354626038632074,-0.007629394118974242,0.0010501716421507865,-0.005838612399730117,-0.0030507589597862624,-0.025078737828799075,0.008312321270390367,0.010772525003868022,0.009724997438899631,0.016684955432152565,0.007748440187096488,0.01287719492691142,-0.0076314498246883265,0.009082712281271946,-0.002847260131262612
2022-10-24,0.0012594591866645717,0.00619480669802157,-0.004404777033768206,0.0009213102359459954,-0.0005042232548626998,-0.0003507346637277086,-0.0009146459879795683,0.010576809730886282,0.00932636653268461,0.011067515567696721,0.009552376192709856,0.008634071195318819,0.004237107654856281,-0.014080089702095074,-0.008366907085794385,0.0016329424334681954
2022-10-25,-0.0008379026157163492,-0.017722247352915638,-0.005643010690423561,-0.022776978465891398,-0.0023834447860120907,0.002370052375424878,-0.0035613948439245143,-0.006203812001840243,0.009208200182459714,0.0003665859402896404,0.003050692441942355,-0.0027922871018666775,0.00012589027765588442,0.051747222950334654,0.0017421843578597019,-0.0017293864773284245
2022-10-26,0.0027396365090838048,-0.015662353407122995,-0.02088371775785717,0.003453962879281956,0.0008817963951872534,-0.0020991906714790984,0.0018834061743553798,0.009023561992898978,-0.0028723553264489734,0.0017942650674805463,0.00749976592454573,0.003663577209139653,0.002637497964191082,0.00494215174132326,0.003653709817979055,0.0027832920746611273
2022-10-27,-0.0010198761801686687,0.0030923757305994183,-0.007810368763464436,0.003430864833968929,0.0043104296093192445,-0.0017429468632989581,-0.008254670207827726,0.0016091453278806198,-0.008480282586024476,-0.0019304497955891014,-0.002167972576208132,0.00348603268035214,-0.0008173952635634992,0.0014998389112645108,-0.0021095865740942705,-0.004238008657770463
2022-10-28,-0.00021247808998235912,0.005820113443182408,0.018285113993595895,0.010334207814703343,0.0006091078299617484,0.004706374705956383,-0.006306607091989082,0.00495648198284028,0.009539196827681156,0.015849707002067122,0.01075588215517034,0.004816940965744391,0.006885563614568279,0.009786415220372255,-1.2705032092668374e-05,-0.004757944764391685
2022-10-31,0.00036415781709658,0.007359080746246183,0.01153476103497091,-0.00036906311491979545,-0.002688406278049488,0.0003973024755887651,0.00641652651081687,0.0011775776040347154,-0.0045083955025256315,-0.003716863477362052,0.00030437396399719124,0.0016798990894194045,0.0040917501711241365,-0.0102933126338225,-0.0020725227864561904,0.0019050997577108517
2022-11-01,0.0014925752963381974,-0.010603625680310685,-0.009427031427547883,-0.0013407755025954668,0.004299105077545069,0.0003901406574359611,-0.019977288841104383,-0.0037795402717952908,-0.0023798995419082127,-0.0032195361257088004,0.002438008744494408,-0.003131978665169383,-0.004221547110733732,-0.001623284246916132,0.0023025463151224116,-0.0017095865440162367
2022-11-02,-0.005130004431500734,0.012875369213019325,0.004135200966511021,0.023128478165568317,-0.005728912783070032,-0.009576886413393878,0.03707297921374951,7.83295524168573e-05,-0.012825197695682824,-0.008725714201242811,-0.007309439552499774,0.0004043314481980455,-0.006727256764914785,-0.02660389229767186,-0.005346053506568195,0.003846831166519257
2022-11-03,5.706367706980343e-05,0.007134346716540407,0.014116113792420417,-0.008777998817060245,-0.004463149944708709,-0.008123378048395436,-0.0029952396407653663,0.0049655646004933395,-0.0054971082111124865,-0.005148660170372264,-0.0077154681705280635,0.00034236631506862026,0.0002950866760110158,0.0019416492089293566,-0.0011222089364153595,-0.0015746583017287206
2022-11-04,0.006568693946843753,-0.021881403421240467,-0.023912935310990795,0.011238652522664221,-0.004657683921854144,0.003338832856967923,-0.010347327109445446,-0.008582622227038294,0.003707611190682355,0.0013874576000375083,0.00493010123888275,0.002725130834391987,-0.0017141747626998795,-0.04961092610331036,0.006811233543249666,0.004432466716251666
2022-11-07,0.006450639752345186,0.0018299394125352983,0.003212773266724287,0.0006981194458042807,0.0012343799561046588,-0.003010637297629848,0.013259097530328837,0.006212306629386362,0.00804358191837664,0.006369007319799543,0.006468607342065712,0.004896689365281163,0.009418729871357279,-0.013279726637202971,0.0018363375408260332,0.003909737330050151
2022-11-08,0.0022366662102441892,-0.019481655488431945,-0.004956116340362363,-0.0006595601879547724,-0.0018626201149055353,-0.001175855990437936,-0.03328189059958735,-0.0014474635832328817,0.001739644650425763,0.0051034745365935285,0.0029763579856580576,0.0032037022615479973,0.002840100126907651,-0.015764375806606615,0.00084062263465886,0.001520107141624601
2022-11-09,-0.004287323810930019,0.009754118114512017,0.0047623858297034406,0.008079141911344307,-8.865235752388359e-06,-0.0007603796556539763,-0.007417922947956999,-0.009787734406729743,-0.007882003556177093,-0.003115920466751236,-0.005761890648812745,-0.002311220572883353,-0.0039785993634584085,-0.04812327412505177,-0.0023799536815510285,0.0037281947375867354
2022-11-10,0.009060727886923886,-0.05347702160115867,-0.034564587003105746,-0.03884237779385217,0.007218560908512799,0.002220672336742474,-0.04941699501771479,-0.012751030187171455,0.029484367030204447,0.008360811044582115,0.01458887401806747,-0.00232271029132515,0.0004581868253384948,0.09062144023534419,0.008198941362766334,-0.011010367254120933
2022-11-11,0.004013877872128327,-0.018991978877298255,-0.014384824714192952,-0.031188579142345838,-0.0013933728112844237,-0.0009582030879339339,0.010620787342427856,-0.010231562772827819,0.008980295293034644,-0.007247471473723212,0.0037755579490447912,-0.00781202010236029,-0.005279174914707347,0.07165791982010206,0.004720071847676616,0.0010847480305949727
2022-11-14,0.001986052980638183,0.006617194549663485,0.008966881276390538,0.006401070192879712,0.0006384006942745327,0.0011892126007788468,0.006349125882682811,0.004493207282177858,-0.0018693267647041786,0.003203820643231225,0.0005759029315419249,0.00623070753876308,0.003614802182983541,-0.03075332955394329,-0.00035224805268107857,0.0056058921338133895
2022-11-15,0.0002047245376089555,-0.01475323850808332,-0.011647954670344601,-0.012089890382096881,0.0002471633900930255,0.00012351811612806222,-0.009634266484248127,-0.0036751431549930658,0.004555136661781525,8.003295039537856e-05,0.0003651080330788299,-0.0033127068972445464,-0.0029533475745966535,0.015004289067718259,0.004134693512559604,-0.004768828279049688
2022-11-16,-0.0050750186632526565,-0.005016546591912276,-0.004019634729761367,0.015236722323984219,0.0012287311109333517,0.002511263470231842,-0.004568864542751296,0.0010284811432310038,-0.008153172270462899,0.0034298957013534554,-0.009997069996901444,0.0054142276449835065,0.004791867930565868,-0.043576401491392414,-0.003004331052063704,0.004143552841309564
2022-11-17,-0.0015859149235487183,0.011315106322871726,0.01758556669004494,0.011328379060768747,-0.0035417584069362554,-0.002183138389049399,0.004615738405126051,0.0052781237401130394,-0.000109235832171001,0.0013160028158428756,0.004051320634545388,0.0008312940370827459,0.006182609003095771,-0.01847557823975632,-0.0030193230035521755,0.0019202419077474638
2022-11-18,0.00016493653364150302,0.00691414633781995,0.0062241029522295595,0.008063085803597792,-0.0027616585216236104,0.003635113392295578,-0.004943624516478352,0.004030205042977651,0.0003047021198550031,0.0059895587832121035,0.00372804846179806,0.004498527227427621,0.0019136650282964842,-0.014831030299652097,-0.0007297510126837907,-0.0021107882289680253
2022-11-21,-0.00630387835805702,0.00578415332726705,0.0022064452132131997,0.013649943827835282,0.0036757722195863308,0.0012889171000468403,-0.005263536575366268,0.0029780338720711186,-0.0033075603203797993,0.0038905483835681774,-0.0011516233858329772,0.006112634406877239,0.0022843723190394474,-0.03190118339235418,-0.0005954931192610097,-0.0014273345626978694
2022-11-22,0.007115785400206421,-0.009558430105629923,-0.008590562033478407,0.0017163936205306465,0.004563315867949334,-0.00033038133798360945,0.001969576023125288,0.007206678848524607,0.009710628950876005,0.004481887272557395,0.010387635453839576,0.0009220709567685902,0.003801719546299075,-0.008349920861946365,0.0002698701973713148,0.002697915465973778
2022-11-23,-0.001113091527178419,-0.01231175434934982,-0.016953832288204435,-0.006848138314313763,0.004435950643358343,0.0031014429119978777,0.00860132274028259,-0.005465233519765937,0.0033160877782866935,0.0021868154296055464,0.0015613980374319485,-0.00029497751211453706,0.0019674372751569127,0.020234092218804015,-1.9295776089326387e-05,0.004272597711807598
2022-11-25,0.0008651970164760265,7.803548639999012e-06,0.00773049604723232,0.0025998366457394575,-0.0009878996204494774,-0.004156449756341566,-0.00596765426542667,0.0007451994003147722,-0.0024275854983257955,0.0018603138079624846,0.002249694287375287,0.002445889575932248,0.003403186709753829,-0.00820269372921853,0.00016498442758201338,0.0007695810658105746
2022-11-28,-0.005308851265049562,0.007431550087023126,0.011302265349820838,0.010522184127579558,0.002638109063527177,0.0023596511771562623,0.01632338709188192,-0.0008081551520406922,-0.0022711202798901126,-0.0015056111525749774,-0.006125787014331221,0.002614881307195824,-0.0005011436504447752,-0.016698837700733417,-0.0014729388926926408,0.0013950745084602015
2022-11-29,0.0007615365944393044,0.00011205102270411393,-0.0016258640088301609,0.002094858088784669,-0.004841466392230127,0.0005600908885812965,-0.003889579948555714,-0.0009570745297900656,-0.003982961172011287,-0.004504053134068677,8.879540403794461e-05,-0.003080244803688539,-0.003554940462249025,-0.005740001655913502,0.0033868248143762367,-0.0031977051001533243
2022-11-30,0.0021321291585067823,-0.025336895171953012,-0.017167102520498627,-0.009960358569774962,0.0037438780173952267,-0.0038347881286128335,-0.032863917152911926,-0.0025115489665208136,0.013911542067908796,0.012473132650350334,0.005223657600939298,0.00016185433741807038,0.0029262115930072437,0.04409274908073406,0.004666320819902517,0.0006784348906805123
2022-12-01,0.004158540999552369,-0.013495173883685417,-0.01607734412550443,-0.004827570819909431,0.008085780199437693,0.00043002928113891283,-0.024213517036988576,-0.005343331309057184,0.0012119835350728957,0.0024294524939962262,0.0005573500630925762,-0.000676976462598753,0.0020283652034933214,0.008610538569281838,0.003004246926780722,0.004311110083014345
2022-12-02,0.0026749236926995852,-0.0035170882636388796,0.0028106345562222265,-0.0014969786706194239,0.011915976585128326,0.0017905635535686733,-0.0027419781149356824,0.004298910177300561,0.0005973749255187121,0.002381383276628818,-0.0006597965089805494,0.0007535574261534084,0.002974325990020243,0.005358291708158508,-0.0007711313210489502,0.0013640284555795133
2022-12-05,-0.006234908013556556,0.018557992270689442,0.02020433591920485,0.012447249992972864,-0.006191645967086486,0.002188357581419368,0.014884016197205582,-0.003442035014827821,-0.005572596427964486,-0.005967491152564982,-0.007266734310241491,0.003054951073982992,-0.0031461331970363392,-0.0362011361075363,-0.003632720098759324,0.0019576782834283876
2022-12-06,-0.0037368842423673287,0.002293746157501641,0.004150594429810812,-0.0009721446610088747,0.005603114501152455,0.0003112265306879265,-0.0015850928408801027,-0.004515051689099635,-0.008745459904544093,-0.0027708245293247852,-0.0030650007922973545,-0.0016671128553778312,-0.0007711075022254748,-0.030777507632087687,-0.00187082500567975,-0.0010166296641199784
2022-12-07,0.0015295270105404532,-0.00879206307894952,-0.0025437107606890875,-0.0049655112680319965,0.003250381175359824,0.001378764697738631,-0.005345885666592714,0.002770963358317556,-0.0010554229881757425,0.0003185885506084928,0.0027749079659585793,-0.00024161970276121575,-0.00013135724261590309,-0.007808137256003777,0.0024403984114368684,-0.00038554303642663733
2022-12-08,0.0014526589552728312,-0.0027716000026438807,0.000941446158548772,-0.0019104462365248662,0.001804920102277392,0.0012869639600959393,0.008483737119065235,-0.0038986562979465428,0.003992106964871612,0.0037411615779957405,0.0011167034862327677,0.002126330957521927,0.0036266032281439043,0.016243667854331876,-0.001123614433492874,0.0028362744279775754
2022-12-09,-0.0011422099057545791,0.010730963407359727,0.007834803493534149,0.0029116755436564765,-0.011150070666638343,0.0018433877389068287,0.006976749201718976,-0.012973617575516239,-0.006783647366019389,-0.0072890820811162445,-0.0058286388213137415,-0.0036256436426441315,-0.010203945493235323,-0.0055247886746445755,0.0019051766847313755,-0.0007075261002134764
2022-12-12,0.003142204472795182,-0.00298410729862429,-0.0015328746207977115,-0.008311935449831175,0.0031922963466250636,0.0016336268728963511,-0.0020267759737721764,0.007977132614584739,0.010419990294400747,0.009913465244851902,0.0071841827491874845,0.008157078151441163,0.006046885548044774,0.011011194923267407,0.0031209428590788066,-0.0001582480143537462
2022-12-13,0.0035051749528818704,-0.012240496863570219,-0.012362693341062294,-0.007692531128657382,-0.007343366162133744,-0.0012133804286438032,-0.018025985894511536,-0.009004329447493858,0.0019363574840722273,-0.005130985131503873,-0.0013509124703669061,-0.0034006324017068585,-0.0021424940974886855,-0.009325320095810129,-0.0004819224417788662,0.003942470355049115
2022-12-14,0.00020356065517151793,-0.0013814170687244391,-0.0019414226740432283,0.0014553419453638048,-0.005508712943537577,0.002667558947391452,0.007726758360480063,0.003913963425212123,0.0009774018384209838,0.00013304711084965786,-0.0006081275358097854,0.0012277748678267593,0.0036614277882920637,-0.004206529292444366,0.0036003056306362488,0.006620350949483775
2022-12-15,-0.003332110877044457,0.0076936432105564855,0.02229148760570674,0.0024669136994562735,0.008285713643440832,-0.0001506288432644707,0.004931754916065668,0.0041523306087688505,-0.011407604573654513,-0.010868688690943559,-0.010063664063623128,-0.0072623617075012956,-0.0055788299406190935,-0.022971289699095856,-0.008176530048524578,-0.004789989541084174
2022-12-16,-0.0013927923555395985,0.010175722876158755,0.00942631974230611,0.003377092870801085,-0.005865027444593645,-0.001246005177059556,0.0005162696533065518,-0.0020193727545389523,-0.005381529784307934,-0.0032226145882650664,-0.006372718898056993,-0.0027237119772442935,-0.0013129796125239167,0.005844005164583671,-0.002226424883293312,0.001875821503228045
2022-12-19,-0.002776843778914882,0.0023254764053619674,-0.0014056409186563971,0.007565797419604361,-0.001041891713930881,0.00011280762476942644,0.009923962163331083,0.0045917931427599465,-0.0051787791753377214,-0.0005802750666977947,-0.0055903702864621655,-0.0010187866059411408,0.00022091593464280534,-0.022802657757982493,0.0008794070392938861,0.0024930926832706785
2022-12-20,0.004262803964642644,0.004383363585114906,-0.003190374785171342,-0.0004674725078782089,-0.0035126557572912414,0.0009422925291331893,0.0005398100288953999,0.0029774323369578066,0.0011779215341351959,0.0015166451546480225,-0.0018943018864401818,0.0016171626460591364,0.0012087890980076073,-0.002877553577653313,0.0006270050378267345,0.004414517186127578
2022-12-21,0.00326581538780575,-0.007936439902541736,-0.0015379277553120557,0.0038445997797904065,0.006381426024081797,5.520928384369775e-05,-0.008724274564592582,0.003962359748924784,0.007893124959354547,0.0048768495306970765,0.003372353839118594,0.006172606668333325,0.004416514305596999,0.000993216729681775,0.0043458968467649396,-0.0005336084599596048
2022-12-22,-0.0073933878081819,0.012625780696840859,0.013768454719941531,0.010750807465298232,-0.006755014348052352,0.00014482295887393703,0.013070416796612826,-0.000843793073094689,-0.007067057202739294,-0.002291413870124984,-0.00393155551645635,-0.002647764368525378,-0.0015878370212827437,-0.017987693608508465,-0.0021093393254034815,-0.0022142478585789665
2022-12-23,0.002743138614894157,-0.003055061768970924,-0.009181271545078444,0.00709688359229249,-0.00444628299257216,-0.0013203831193867868,0.007600785935115826,0.008550521097247316,0.002155394113558407,0.0021099525866271488,-7.479552750679769e-07,0.0037710899975292138,0.0021059830592954727,-0.021293103901507772,0.0003922981760817669,0.00041948820112810547
2022-12-27,0.0008464800140674373,-0.0010346880430574345,-0.014566062516134133,0.011759784669523989,-0.002290733929473593,0.0012134550541098713,0.004050206700959474,0.004075245012637472,-0.0006371416155897822,0.004157135083768354,0.0010020140945325216,0.004604284623513906,0.003702932226268665,-0.03570335820322027,0.002527096688451698,0.0030553095996213734
2022-12-28,-0.004685377779088963,0.012177934075804088,-0.03126287906279048,0.0029587047808590614,0.0009419368530201649,0.002073525681896872,0.010174589261519975,-0.0019230942780357613,-0.003217719126253271,-0.0026179434762509616,-0.0045892969806169085,-0.002638752234923222,0.00030128320680340714,0.007253019741402904,-0.0035132314302072456,0.0002097441647684519
2022-12-29,0.002243337275326299,-0.009583239720214305,-0.002171151041880018,-0.008408260659786032,-0.0016874799353762977,-0.00022608212274088284,-0.0061704710747868385,-0.008830927402406775,0.004495959305556069,0.0007938632476688339,0.004119046019180004,0.000753998122036104,-0.004151233991539806,0.03229335973655216,0.004213481440327283,0.002244847747861288
2022-12-30,-0.0017455053654886713,0.003227803884285816,-0.008885503760993261,-0.002998274623853397,-0.001783212409335206,-0.00026796553000957925,-0.007361011788824122,0.003859315994618127,-0.00214323702909069,-0.0033546022082332465,-8.670741272827354e-05,-0.0021996973520401674,5.60879188142788e-07,0.009833241695179726,-0.00144614408371921,0.0014834988302191493
2023-01-03,-0.005259336935303766,-0.00365634294973915,0.016388748756903646,0.00976534090243501,0.0010696994577082727,-0.00037634185286925133,-0.010308135927197828,-0.02056639056539221,-0.004503762620615938,-0.0010386144130601787,0.002037280396329679,-0.002328764055464733,-0.004739987388244952,-0.03161943796050471,-0.0007114701542406417,-0.0028971508855952788
2023-01-04,0.00143239460936393,-0.009566313328333709,0.0017966028387809176,-0.0051399313869002925,0.004164862876959845,-0.002616136053599956,-0.01331239211278173,-0.011987174038141172,-0.001375885555710851,-0.0022789988487616156,0.008731163329076861,-0.0027995259600915694,-0.0046547047063518684,0.029547000444570433,0.005368736262706493,0.0003571892781302228
2023-01-05,-0.000345839416840874,0.004955992781010642,0.010652436002851162,0.00366086945047815,0.0037386926191013857,-0.000233519811550197,0.015863621670093545,0.006946199121270221,-0.004173342339028748,-0.003085968019492933,0.0022684499113872986,-0.004553921734332931,0.0027318858892873667,-0.015321213863802759,-0.0037040667758454927,-0.0028643004375310138
2023-01-06,0.007199425197037182,-0.01968934125668068,-0.016265779309746382,0.0008517018093370907,0.007309432994787424,0.0007942971598633893,-0.03328746625883635,-0.0013491366240363893,0.009879269132672217,0.01035764554925711,0.012084219992151077,0.0074836868978307314,0.0022597792792153973,-0.0157391512592397,0.004787169304823367,0.004433951867211123
2023-01-09,-0.0004398166949376738,-0.0024277957560984243,-0.007932939402701634,-0.013857080133407118,-0.00010194737271611992,-0.004981771094228833,-0.001793268504427457,-0.013593694230718819,-0.0014115995268999264,-0.007281042945476748,-0.0036194231682915553,-0.0030728006740974086,-0.004004892516397789,0.043840740961801496,0.0011429256775564412,0.0011790111023348192
2023-01-10,0.001267465501336397,0.0031585583399186034,0.007056189788845094,-0.006139244362494137,0.00019068196461760156,0.003237549755258218,-0.005024352636920414,-0.0002927997893389942,0.002527702851139583,0.00010314850936899746,0.0020826266630646377,0.0005648371712371264,0.0010865828658187574,0.017741408261529076,-7.686902450865793e-05,0.0006054444930831612
2023-01-11,-0.0024098016134359067,-0.011684071291142633,-0.020462179796987095,-0.0115079343556031,0.0016180321515507634,-0.004075409990768796,-0.024195625081124925,-0.003530036206200394,0.00543985123110236,-0.0005923857105243832,-0.0006982995015025958,-0.0024759702130978146,-0.003018024384889701,0.024504435861217866,-0.0004006769985352315,-0.006569248543320597
2023-01-12,0.002994004777563948,-0.006302203911069571,-0.011960999145995202,-0.005196259256585343,0.002047613515940322,0.0007159863381455858,-0.012292271508026581,-0.002613333866240509,-0.00010521179479697999,-0.006777114972771932,0.0004473250747524739,-0.002922458901031195,-0.0019543183568863304,0.012367440965117294,0.001642859164071332,0.0010286431629197375
2023-01-13,0.00029314805017709774,-0.001725647437539256,-0.002005353436169941,-0.005085009891914834,-0.0071509326828043795,-0.0007912339324037818,0.001059445309114261,-0.0016552176289983617,-0.0008559729943483519,-8.08040027662001e-05,-0.005054186991670429,0.0011497435132867037,0.00045531448492543494,0.009550530731378818,0.0021649931594569113,-0.00034293366689350626
2023-01-17,0.00019169200765128134,0.004421754290357046,-0.006739469980698499,-0.011691660440181322,-0.0018305064218903187,-0.0027412697984252393,-0.010619930419905343,0.00014354032190940728,7.258165238977019e-06,-0.003261598219126364,-0.0046755105672586835,-0.0007772193414677334,-0.004505268669896273,0.03340411461977643,0.0002602460882488724,0.001251780527809125
2023-01-18,-0.0004443388707195267,-0.0031096157107958367,0.0039021260507806563,-0.0041200625188034775,0.006119535142508998,0.002637525790151938,-0.003998973317885792,-0.007827631778467741,-0.004891621071590141,-0.01129026505829685,-0.006029866850288909,-0.005716313849074462,-0.009761926115061955,-0.01959473163860853,0.0025709610562650795,0.0056926349380777615
2023-01-19,-0.001783387192098208,0.002593148666782563,-0.006328001081039673,0.013678673326577729,0.00023374159837352606,-0.001280952939361717,0.01188727168679219,0.0029704195051312972,-0.0038588361015575107,-0.002374589135810655,-0.0033447780735346494,-0.0019626947039038125,0.0006546872217718129,-0.0282913905010527,-0.0019945834920323297,0.0048744431126562454
2023-01-20,0.004809877304260867,-0.002814234352275408,0.0019624691012364286,-0.006594343701809866,-0.006556789078741478,0.0016850088053624705,-0.0005663302047410829,-0.004901681110772925,0.010147277316937884,0.004519245172894866,0.005246195328278882,0.0011770312574027227,-0.0028309407912842192,0.03391531754157702,0.0018254111770670072,-0.0021714893384767193
2023-01-23,8.141380958151924e-05,-0.0032877044799912106,-0.006968202925053753,-0.01344964572096164,0.0011122344440912513,0.0031897598449116345,0.0029785758688955794,-0.005858440139774036,0.007016485551568537,0.0009543506966965113,0.00947196303482455,-0.0017035586447246127,-0.004094022201727662,0.03146487003161282,-0.0007502921485292215,0.0003300945388210845
2023-01-24,0.00070384378506223,-0.0015778133205133172,0.003346068379466963,0.00312085439131035,0.004057922399607419,-0.0034026264003047483,-0.0093076017510903,0.00298999502937724,3.6624719564348936e-05,-0.0003062223628806344,-0.0008278068215597108,0.0009065827783380134,0.003055356632678351,-0.01642417523181452,0.001469739232945024,0.0005342238875371616
2023-01-25,0.0027019904619410952,-0.0009675103815113037,0.0034587676452133413,0.005312465773260661,0.0025381253245665247,-0.0015910981635831804,-0.006469122958437092,0.0025300108254198437,-0.0012673355010552035,0.0017126849064457682,0.0088151256315293,-0.0005635900799142604,0.0032665409024982203,-0.000559508210869644,0.001436218108949533,0.0019197314793488016
2023-01-26,0.003083154057576015,0.00063194822960018,0.006575973082352618,-0.006984676753842963,0.002345489873907151,-0.0029699426250025564,0.0038727360134594322,0.003492722454089582,0.004780609921491923,-0.002828750806966736,0.0013640995210813826,-0.003355208631886887,-0.0002479792521790109,0.01163031911737366,0.000298141846191995,-0.0025712951847335136
2023-01-27,-0.0002994157801854822,-0.0011338478916211867,0.0072017100499939535,-0.007858413284567519,-0.0013878271478767494,-0.0001253486685008194,-0.008559229753529704,-0.013529146153096847,0.0010834771011056796,-0.004642157757232352,-0.0012175219108126252,-0.0044668377851750955,0.001103155980576436,0.054340619928222,-0.00033420772301256816,8.322908500459645e-05
2023-01-30,-0.0030390736334483855,0.005128288358198044,0.012086025041365724,0.004590999969427416,-0.00023948065625004067,-0.0013198444545268824,0.003143319023624581,0.0014669759458798698,-0.004756932796131054,0.0011324383633975858,-0.0029999013938063306,0.005541115019102624,0.0007892803276865652,-0.030728943679572244,-0.004165602534786505,0.0025339704202437694
2023-01-31,0.0023071441249023945,-0.01236050684270575,-0.002347026316431253,-0.0007252065878720726,-0.007111842796362932,-0.0003508579627832596,-0.008801176294762068,0.003516440527543744,0.007142064746951709,0.003502121506246193,0.007348608771283488,0.0011784446859851323,-0.0035247858041876547,0.026043437869492182,0.0017821181514583151,-0.004484378331298021
2023-02-01,-0.001236121521592472,0.00266665232346366,0.009950201762184032,-0.020388367371984115,0.0043393813983968865,0.002187988557266941,-0.019623653837232535,-0.017557463702262577,0.004807437965177861,0.0017911749824540725,0.002816237880969287,-0.004631576793831234,-0.003848783798807565,0.029310083004483237,0.0035368459922533726,0.0008769029823150732
2023-02-02,0.005551233126054616,-0.003596507381711484,-0.0023271628944713085,-0.02038953506947712,-0.00028172247559611185,-0.003308184585302,-0.0114910260860903,-0.02684290025782803,0.012911883960447406,-0.008635419546763203,0.004498873518632603,-0.008060340226681659,-0.010518930885514095,0.055876284243520244,0.003993330899439222,-0.00793267493308194
2023-02-03,-0.0018585284248474263,0.008917910775152901,0.005328406469951058,0.016962701487686825,0.0017303592311860502,-0.002948116436950108,0.03195067702293617,0.008239872733414243,-0.0031165908984881786,-0.0014145321953526096,-0.004106174610143584,0.001240605944529299,0.005427740738112505,-0.020329220765895845,-0.007987300382598116,0.00324525133278692
2023-02-06,-0.0042901483259136595,0.0034285415646778485,-0.0009958092505605379,0.0032110963463572876,-0.0046017229483088585,-0.00338661979599223,0.01418872686186962,0.007642894118810627,-0.0031099061797098164,0.001429804872242475,-0.0074950091971053845,0.00529504146829633,0.00648434471931738,-0.002932513650418248,-0.0005015569413453894,0.002407530651942401
2023-02-07,0.004136908685104719,0.0034515220229101315,-0.013231589474281541,-0.007126360598786354,0.0027305965132003165,0.005270441043941308,0.00560645422274651,0.005582491140041856,0.006502234497500307,0.002261786767025954,0.002442215872398755,-0.0017487004345816022,-0.00178439028410423,0.005897305445288138,0.0013728075607068173,-0.002236049632045635
2023-02-08,-0.0024008204281490415,-0.007836473925649012,0.004247110241276015,0.002721005471119773,-0.0005727516464754878,-0.0017397865923424538,-0.002489563377675058,0.0027088869573046754,-0.006523300366927494,-0.005018919196549369,-0.002787752196488815,0.0010499134733331587,0.00098695216992393,-0.01901786000413319,-0.0017991291866848351,0.00404538195768214
2023-02-09,-0.0003356347086384817,0.010199620078849333,0.002555089432788672,0.012596004026285895,0.0005123892017694911,0.000446785256765448,0.033177536908107874,0.00483735490459403,-0.0035781337145816055,-3.143887120296736e-05,0.0007601287275015656,0.0016574300847168677,-0.000329498880354627,-0.021691338195954524,0.002394248666431242,0.005538248450418624
2023-02-10,1.977980547364865e-05,-0.005612044651486222,-0.014386621225779675,0.01586441766519929,-0.002150880700473849,-0.0013987420742668413,-0.0022905848666520756,0.021657899026685214,0.0028998532721708483,0.009623427791616061,0.008044288019060574,0.0072390813754430496,0.005623141612247987,-0.0292996313193315,-0.0002504097944784965,0.0006808905748155489
2023-02-13,-0.0005679576254349252,0.003076933899419819,0.012347949254155447,-0.005588679137887085,0.0007688782381782356,0.002692544507084784,0.008737673775429559,-0.002715792338815955,0.007856954690101885,0.0039034643213557065,0.004531184888910043,0.0006737514759122187,0.004762852430173856,0.004832943072118061,-9.833181317257106e-06,-0.00260479107061845
2023-02-14,0.0025472524071232863,0.006565791350449931,-0.0009975038503982191,-0.012473871836907343,-0.002893597477440076,-0.0015561181856772754,0.017537241046337953,-0.0028112557441172252,-0.0006602574625963316,-0.006755246199197399,-0.0013789283558597728,-0.0012851273046828443,0.0007706906059100954,0.026447560127838145,-0.0004889803470277004,0.0013105329023722736
2023-02-15,-0.0009268637081644038,0.0006643825881531874,0.0047405696965093095,-0.018691729388349912,0.0003396893976759848,0.0004022713215153318,-0.0005086777144090535,-0.007668342378091875,-0.0010217148556735088,0.00114845347331927,0.0014553815130787743,0.0017979281495271227,-0.005427372000287586,0.05705541611065153,-0.002238153528524826,-0.0026596384307910246
2023-02-16,0.0009765588056147882,0.005567297176925263,0.0036091476303615876,0.011470635270794274,-0.001505804589156507,0.0003645475829560879,0.0065805243420437864,0.0003970268616098043,-0.004942075736583406,0.0010820604861818042,0.0004785935355549123,0.0013306873258560155,-0.0014060636912006184,-0.015046054584073657,0.00924438533457934,0.006921359555611843
2023-02-17,-0.0059442798020747966,-0.0010975316725037377,0.006135858198235748,0.021099859735558862,0.0007627589128963701,0.0025573994295599494,0.00045880589229422945,-0.0016768703042541542,-0.003536214959052067,0.005110101638515478,-0.0029730705979091753,0.0019180438337788061,0.0021801694738034522,-0.002042949284467074,-0.007377753776137767,0.0034981947247007443
2023-02-21,-0.00032703097763843447,0.005126776091245067,0.010304516545558556,0.007782186184889889,-0.002074425957081561,0.004010348867260875,0.02080805120746302,0.009783346566236452,-0.005546648191740583,-0.000620843770834956,-0.010087828276256598,0.0006869681140378569,0.0024542415774590123,-0.03678882704302035,-0.004223836120144421,0.0017425121991288366
2023-02-22,0.0004960811772338428,0.00011074625527714502,-0.001081363030531782,-0.006244774312551627,0.0025400018769352567,0.008211111840963563,0.0022248469370663164,-0.003174951787568451,-0.002017928308364827,-0.0033543532203645227,-0.0010781643025649565,-0.0024226905248325575,-0.0028555743362951294,0.02490898578999166,0.0012317859451211677,-0.0005596834138454009
2023-02-23,-0.003284553209796671,-0.006743686001327706,-0.009072611546504988,-0.003127634871171384,0.00013016004706758663,-0.0038776053002258937,-0.0008447981318744609,-0.0008877186128998611,0.00425193685024643,-0.004364570704143662,-0.002025111964307558,-0.002302394172302412,-0.0005647275542411002,-0.02181366379510434,0.004705732303783456,-0.0012583411047437949
2023-02-24,-0.0017418435982150104,0.010344671524167692,-0.002056916981854435,0.008751373903113308,-0.0022779384963268843,-0.0025697125119877543,0.02309228589430197,0.0053981143976620845,-0.0023651351480576607,-0.0015692833857151684,-0.000989659575366085,-0.0011663676879259685,0.005042625723798046,-0.013027413263523756,-0.00023769286374273257,-0.0021319774478913023
2023-02-27,0.00053352622480725,0.004696385843877638,0.005285763256089303,-0.006830467585084035,0.0017686097506523718,-0.004369611799750048,0.005273825892454726,-0.003062321603903604,-0.0019518366063262936,-0.0014743036006974988,-0.0038546516264294822,0.0008044922865532989,0.00010287483618570724,0.0035180868214752066,0.0027854243209388604,0.002946483053340091
2023-02-28,0.0012431927005364014,-0.010926089494690107,-0.008994904914407385,-0.007824584453732478,-0.0015370642563880882,-0.0038407519431979376,-0.011064832331642845,-0.007461422938955168,0.001795356109373526,-0.005277046712074406,-0.0024812183246233363,-0.0022995838545590143,-0.005080997918056577,0.024753584222539923,-0.0014180761792219696,-0.0011717384898442692
2023-03-01,0.0006851035580376962,0.0050943482495682665,-0.005155903598195975,0.003203980509448642,0.0003134909352219002,-0.003768146365510066,0.018040703526373002,0.0065485929181235405,-0.00177298674959522,-0.0025713533926140144,0.00020069531930680677,-0.002103063694664665,0.00035169129222934023,-0.023501936864919314,-0.006320682152078145,0.0009642191871860719
2023-03-02,0.0013670775291413954,0.0029770819562135406,0.002794361818597098,-0.0018901661813675084,-0.0007474428422276567,-0.0009662600440290061,-0.008701070452446238,-0.0019943838036350792,0.003826459478267487,0.004039817467221714,0.0007261396805689204,0.0038096071913754823,-0.0010560541815180392,0.004514829612487843,0.0009701692290317314,0.0006128693530363999
2023-03-03,0.000600140565991886,-0.014544610254236569,-0.013719779488589965,-0.016918574079921988,0.005323889330452858,0.002327642104962582,-0.021998309399692925,-0.0025358176228010582,0.004797876368583854,0.00047436446589606447,0.0030753192000544174,0.0004208703551991152,0.0037463443316787387,0.01408129283328316,0.0014711771435682438,0.0026694538647303763
2023-03-06,0.0002967494337579226,0.009901926317470064,0.014290810815426562,0.006374002997138475,-0.0028008289148772946,-0.007021811661750665,0.015639456705357022,0.0037656282479521645,0.002906619291256622,0.002456872955151609,-0.0038442569029883493,0.0031017550449530485,0.0031150928572658936,-0.016458372589233897,-0.0004988440067437278,0.0035347468750721663
2023-03-07,-0.004838301226664754,-0.0063745060447255916,0.011109184642269314,0.000524610898207897,7.268527889628569e-05,0.0006830688281471461,0.034060393007638204,-0.0021746895141278207,-0.0026841854512719525,-0.004243828672447681,-0.004552480594990237,-0.00469007728569926,-0.004181364919653268,-0.000344674561415053,-0.0026215491926082288,-0.004161101881247415
2023-03-08,0.001066004736269139,0.002435761556718096,0.005279426111094799,-0.0009207941965888357,-0.0028668525103541856,-0.0009645132694760985,-0.004948670028294792,-0.007546703790777356,0.0023123458224612453,-0.0011828272294587966,0.0029430620589879705,-0.0008169116529775494,-0.001980697775165108,-0.0025265845796140314,-0.0011676269585207636,0.0019579474894021315
2023-03-09,-0.0017756245801787505,-0.0032871943156645616,0.01141116905131737,0.00963341503608683,-0.0013686543476627375,0.0007744008566332472,-0.002694642689525413,-0.00026818007090900417,-0.002463139773962803,-6.374246653806544e-05,-0.006371194869882276,-0.001847547116705539,0.0007826163765889873,-0.024675235287547583,-2.531139026315174e-05,-0.0035846523131324616
2023-03-10,-0.007395685375539538,-0.032645836239835975,-0.022677557305666642,0.021683786031354048,0.009193345320698564,0.00646969904663381,-0.0358374485293787,0.0008853536960576544,-0.004165895834737827,-0.0006365851273459986,-0.0004516443755944177,-0.003759187312328837,-0.0001462283080092882,-0.02709145262045329,-0.0008102017549314264,-0.0030031858531138836
2023-03-13,0.0048598386982298125,-0.030478810125897354,-0.019302252642375006,-0.0052280859295785725,-0.0008884530498192104,-0.0059591355907190795,-0.12428828579144396,-0.0047983800458551735,0.0027797393455401874,0.006246644413501304,-0.010466104388405168,0.004574383391155868,-0.00028239941159495996,0.02397614245845554,-0.0003271332701050545,0.005493814950894115
2023-03-14,0.0020442483172835486,0.022180351349806976,0.017765796653048775,0.005940121277846927,-0.004003321947394093,0.003042835439273755,0.020752835716630696,-0.0032295095976943213,0.006195597497022521,0.0015701309608585007,0.0018771005826513087,0.004226231730604808,0.0022484017326419234,0.008145532466902364,0.000923163975479917,0.009117560536722826
2023-03-15,-0.0044328535648748375,-0.034675799784791586,0.0046717021221133505,-0.0032320287837445238,0.0011828365978447625,0.0010035494457107834,-0.04288780044828794,-0.012990925936508371,0.0015237490622402256,0.001526475131574341,-0.0053409622158623205,-0.0022773175956440606,-0.0033676797412936655,0.011483008876733113,-0.0025746224979476587,-0.004333926588465712
2023-03-16,-0.0005820040059671032,0.009445284744755054,0.002388256947230066,0.00016588372917303394,-0.0063892714509807364,0.0008104203649887814,0.006651617766065567,-0.0042203057453769795,0.005712055057868171,0.003164105172428971,0.004914496288353521,0.004537267097001874,-0.0007777597501394742,0.013091739892148735,0.00018061113951987375,0.010025319295729355
2023-03-17,0.0033224648843939606,-0.020290923696994215,-0.007798972341088081,-0.0008565456035879073,-0.0036860022279019003,-0.0031918981441652833,-0.011465783391945858,-0.008445591102149885,0.0032067148385348347,-1.2090403785450579e-05,-0.003975903122965682,-0.0030181853012743176,-5.269661109139241e-05,-0.007230853606844473,0.003941302619469993,0.01000848476102176
2023-03-20,0.0030810514498025026,0.009848441551975881,-0.0016515858320672828,0.016334247005918807,0.001515831096939228,0.0006322334068236163,0.002627758898159842,0.011956280302621025,0.003172994307421317,0.007845466552286006,0.005573139231352769,0.005294806151002391,0.006394069533468317,-0.019410262824284638,-0.001863080362812701,0.004162600209765608
2023-03-21,0.0010681270016441747,0.011830666223695024,0.007792924696834088,-0.015843445034203017,0.00029156026330780173,-0.0005176399202565587,0.026200674211059673,0.003991083698360178,0.0012295510696684608,-0.004307412123655329,0.0011398602262538485,0.0013872471473648723,0.0013273906734544323,0.04362638233912147,0.0007695120946069065,-0.0007866512366662519
2023-03-22,-0.0033376345687511698,-0.01526817159803151,0.0002866329744363443,0.009198190351852022,0.003775326203359553,0.0017700090264947139,0.02311983888890597,-0.005254325997667628,-0.004216627915246822,-0.0020124837687166344,-0.007432668076218944,-0.001701659254541063,0.0007221202785823774,-0.040738824488143255,0.0016259046367142218,0.005767966048613609
2023-03-23,0.004915641706868448,-0.007975404507032463,-0.004756176850301841,-0.0030239897741562113,-0.002407955120571261,0.0024413538179009703,-0.00602695572379835,-0.010849538867559884,0.00541905423446214,0.0017784171722623181,-0.0012808430035628291,0.0022928134731492796,-0.0008600007705995077,-0.02556756225607329,0.0013384341234034943,0.001243515253417453
2023-03-24,-0.0005254014339380398,-0.01080822319415752,-0.006354249504187302,0.00897386716883011,-0.0022105324069975627,0.0002875374756795416,-0.02364152501729966,0.007845832902259077,-5.083717816658888e-06,0.00817603235720896,0.0015022705742404798,0.0029386785254981217,0.0018472509396767426,-0.0030184500679584347,-0.0009179564691995303,-0.0025615598793827226
2023-03-27,-0.0027932435459546512,0.025691189237075588,-0.004900739175282828,0.0051334084185505995,-0.0046510319861052946,0.005892028861271556,0.006145812855395482,0.011549155352100072,-0.0012206740683850653,0.0027759555995588167,0.0023297282064459876,0.004367919111890449,0.0013326913641743018,0.005643049203844944,-0.000822762345972306,0.002503815150772009
2023-03-28,0.0009591184832436345,-0.0033667527399085764,-0.0025178303006219154,0.008276520022138568,0.0026282631800015454,9.991489516785181e-05,0.0014905598017668402,0.004125379900214974,-0.0017543114912903963,0.001826109631830582,0.0007700716219024625,0.0015333895444417573,0.0031173588143196375,-0.015427190196217166,0.001015506717396309,0.002624163127475838
2023-03-29,0.0012888732862399157,0.0057774487693174675,0.01178129965791247,-0.0053924700572381655,0.0019175046370093658,0.0015207244777469225,-0.013274070215700522,-0.0035713924500499067,0.0014035272623579426,-0.000247210131346395,0.007528509728624478,-0.0006317614320837314,-0.002520650809541891,0.024715010491887145,0.0016506974001408185,-0.005152663123416494
2023-03-30,0.0008796634687768569,-0.0025931634752224438,0.005433954489420648,-0.0025238155229247274,-8.368281355897091e-05,0.004421172080675844,-0.0010407562932658841,-0.0036635889209494094,0.0004688606511736816,0.00032253786854171285,-0.0002825301439504258,-0.0003188797912143902,-0.0008569291573909208,-0.009745074550774346,-1.1117195247300257e-05,-0.0009338954646387911
2023-03-31,0.0009677804800510611,-0.011594746525057854,-0.01252733984565455,-0.0065998202316026825,0.0010058480342834807,-0.000802625780324479,-0.016974679834413517,-0.002274658111925742,0.004095702328497722,0.0014042059734620457,0.0019873139104008095,-0.0012436579023760684,-0.0015736320047062668,0.035721127718026005,0.000814702486881229,-0.008572580879256012
2023-04-03,0.003998752240460686,-0.009006960490293267,-0.012716443650870499,0.006066460845588598,0.0010247249764499663,-0.0020151520832825598,0.003420231192764264,0.018612962859704128,0.0034294213891106476,0.004118273433482646,0.004477179875741706,0.001832729273526102,0.009724966009505294,-0.02345938517617428,3.6424359315139886e-05,0.0020913379224233356
2023-04-04,-0.000346217172179922,-0.006940668708415799,0.004867331346589492,0.001705751707141277,-0.0018921015516051905,0.0028590326383900353,0.0033597780548313035,-0.005266022850734355,-0.004511015546939478,0.0006841352841216414,-0.005824494445933154,0.0003557904395349396,-0.004161988154760443,-0.0014360272258758374,0.002109621165246468,0.005068432504391353
2023-04-05,0.0001863613521576764,-0.006393649096301068,-0.0030412596117419103,0.01611001445038988,0.002186076483647322,-0.0023802401192998908,-0.0013601529566324537,0.01674042314948954,0.003679896318909242,0.00884982672129414,0.004521767623164472,0.006220395991810247,0.006647897577816429,-0.030245086870261288,0.002082435456916219,0.0019663105080216636
2023-04-06,-0.001150239383740387,0.0002100366388276951,0.012097800245516146,0.0018773594061408873,0.0011999381554879934,0.002422740496511826,0.011266995983337462,-0.003865712517916279,-0.0004538472587489865,0.0011588022578891068,-0.0032731160857369947,-0.0014335048470104006,-0.00013426800666544586,0.012557759118614488,-0.000813072736885437,-0.001533387829122867
2023-04-10,-0.00038028955798520623,0.011654441448740135,-0.007288168365068194,-0.0047860079469384375,0.001955093083188337,0.00040166047737802424,0.0001960848556295837,0.0026513851360153943,0.0008972543941631575,-0.0035348611481773318,0.006268006352172748,-6.199384439564389e-05,-0.0017912466161181828,0.00012745790731290957,0.0005863176195967414,-0.0025413814706205526
2023-04-11,0.0030837812728419034,-0.000767377620793533,0.0035701163907593415,-0.006622782826618116,0.000996780406395099,-0.0011727905274475803,0.010587619930463334,0.002643093517341614,0.0005356263443123744,0.0010669870197060924,0.0036250649465837765,0.0014475306757178908,0.0030252679010706707,0.005700734239176042,0.001178458043389376,-3.134958165833859e-05
2023-04-12,-0.0010573113577495405,0.005307766838137134,0.002481242838419359,0.00571220630999445,0.00021927493615175105,0.0021290353944040555,0.010876369244789196,0.006406751442758611,-0.0014445420932918118,0.0033715461456054426,-0.0044360235568515,0.00395379081351267,-0.0010894335079725047,-0.022736565929309623,0.0002861831932812499,0.004078099025351559
2023-04-13,0.0038844546594538776,0.00038042137625280727,0.004316573283135584,0.0036487426840428167,-0.0015962889030850793,0.0021980358158598954,-0.0018041837480806356,-0.004780750520489801,0.001830506566354211,0.001370278843230435,-0.005311878568802371,-0.001585093086054895,0.002025281291187184,0.022276537453101035,-0.000604031818533335,-0.0030084909165165406
2023-04-14,-0.0007702495121100876,0.00973903571589318,-0.007509212184169249,0.0019280731003829803,-0.0012619991173118232,-0.000820083125255072,0.00590695381018373,-0.00019308279809387985,0.002945970853971778,-0.0025789144605450304,0.0017686511145420451,0.002188764474382757,0.006875187011898881,-0.0026640729854712497,0.0013315188589057528,0.0012761142436691884
2023-04-17,-0.003061151599265151,0.005442122710315769,-0.004132110032283158,-0.0007083684270715292,-0.0012398189776887574,0.004145477758357656,-0.01799178852049138,-0.004382798184037717,-0.002507033568319497,2.5968994834753983e-05,0.0008308265769425517,-0.0014719796408229398,-0.004784892802350789,0.0037851791166964377,0.0010453107443261233,-0.003732097029841153
2023-04-18,0.0023212511379879903,0.0005675451562792179,0.002213424008106529,-0.005431594551640161,-0.0006344251336740385,-0.0018664042270058927,0.0003217536143616572,0.0016463013408218002,0.0021551878106618643,-0.0013086958434570524,0.000854399692791739,0.000900672358724827,0.003572491325107537,-0.001463547593694665,-0.0003783460878907795,0.0014139809749435161
2023-04-19,-0.0005097761144045444,0.0009128687114699735,0.017143980790217263,-0.0038317465326118787,0.0014743522398751891,0.0007872825739103233,-0.000962492393932186,-0.0032466380313490623,-0.0005964299024406787,-0.001982761723705687,-0.0061208717365211435,0.0006392680815841729,-0.0014108508758791717,0.003592170193986855,-0.002297872143822409,0.0010243456687858445
2023-04-20,0.0002874066663865933,0.00012774206610096446,0.012147090220302083,0.0023377937715489817,0.00032034398824803577,-0.0011980009618061135,0.013072173714759914,0.00027487444768566896,0.0038654853472365226,0.002232527023778527,-0.005246907816147895,0.00330647628581447,0.00217472214311811,-0.035501488571376055,0.00016181294620137572,0.0036226328799748367
2023-04-21,-0.004616196829635038,0.003187054805132532,0.0015186372174572432,-0.0008308207118463023,-0.002568691493758443,-0.00015631981872505567,0.013089774894526663,0.00032276602483297654,-0.0019194885807367697,0.0024450148883463285,-0.0029773167198103427,0.0016707557784709118,-0.001739946859322758,0.009230572362404158,9.89832637467971e-05,0.00026916098197465714
2023-04-24,0.0019111987682819266,0.00027471475567749726,0.003058444295832267,0.002986741064216185,0.0025581508290115004,0.0009151126945671175,0.014075397388361425,0.007345958938216223,0.00201335248650171,0.0021259103839014345,0.0006328793831073269,0.0017167722034006929,0.00365015412382767,-0.01352582686847725,-0.0003590199563099281,0.0018282766306814526
2023-04-25,-0.004585244457304086,-0.007598182239528909,0.006526775142654406,0.00557927080059838,0.0049125500749202765,-0.0019511830026982795,-0.004485443259244907,0.0037915557146184307,-0.005642605088700039,-0.0009527058391728743,-0.002385406247815001,-0.0018263974659323556,-0.0008526690748830307,-0.01616279778437651,0.00013384182347328782,-0.002420368991805961
2023-04-26,-0.00032255967393918315,0.005954917118008648,0.019495998767762007,-0.0005228002680381533,-0.0019907528425365433,0.0017259508460007388,0.019814340832037796,-0.012252417057204144,-0.003670995931520979,-0.00785261681373795,-0.006155275891296554,-0.0047799261363238536,-0.005384549597664412,-0.016215473308604116,-0.0009754681235742124,0.004260488259484651
2023-04-27,0.0009812791207236445,0.0031489977002072816,0.003949516557643094,0.006393150247255107,-0.002935935115685248,-0.0004793822547997789,0.0064052478258592865,-0.005355494684689759,0.009726882085607324,0.0032825068466972463,-0.0015281617542099411,0.004772773512606486,0.0014428183249139432,-0.006068130251565794,0.0008777608905276109,0.001772203693082848
2023-04-28,0.002066559207378299,-0.003847358539919014,-0.004839275079936164,-0.0049271843940448395,-0.0004432054903889676,-0.0028767538212079815,-0.01464425158123865,0.00099687272095823,0.004818750417479911,0.00032141732671105497,0.008383998981578834,0.0025057537290977643,0.0025543510311742184,-0.0017591385108994377,-0.00033923739858664204,-0.002228913815892814
2023-05-01,0.001988461024674965,0.013525873431005319,-0.002973437673030229,0.008041469016614126,-0.004640707100578088,0.0009361494451591483,0.0015221310065896129,0.004057476095806866,0.003722241164948699,0.005647803252568126,-0.0018238247615445513,0.004327713352014409,0.0038332242696459203,-0.0010937076245029053,0.00026169667765293426,0.002675550083114065
2023-05-02,-0.0013705148725967706,-0.005894141632386296,0.01996847665230012,-0.006362738499924726,0.0037001083835905653,-0.0001743619046867661,-0.001349229485029412,-0.010296159070558659,-0.004509908650279153,-0.00180462037179638,-0.003588341669316609,3.1912587155478143e-05,-0.0015939419665900942,-0.015550221781841036,-5.5578045010608876e-05,0.0030873522264340276
2023-05-03,0.0006935245129376674,-0.002182546300759665,0.014504146274794558,-0.00220557016554887,0.0004047684762133524,-8.455641905275599e-05,-0.01254550442101391,-0.003660308161403161,-0.002625499322535795,-0.0006418114684522852,-0.0013937767657468845,-0.004083167373336956,-0.005084236682145445,-0.0007060022252143418,0.0015494203191553952,0.002173819948756977
2023-05-04,-0.002315749540370979,-0.0036734242288635572,-0.004853910650497463,-0.0012628492708401326,-0.0017110964038019039,0.0037647825777773138,-0.010481296909092046,-0.004426641127819578,-0.008348352809226052,-0.003994522012664058,-0.010474582564997168,-0.002859704890100472,-0.00652252616642353,0.03349415867459876,0.0015333718808447007,-0.001840753364271233
2023-05-05,-0.00040737338689126245,0.0009359235956024493,-0.010951688088098656,-0.0008553329961127863,0.000710412983875394,0.001999761579733861,0.002028500883582649,0.005578407883624414,0.003941001587563265,0.0024154061929957636,0.004939038924794447,0.0022305408571871316,0.0024322879382168705,0.02918177002015626,0.0008320792787268952,0.0013099022661751305
2023-05-08,0.0010585316857981853,0.000470484713432012,-0.010798130810310853,-0.0061202192415145944,-0.0012490877566401675,-0.003042872408200699,0.0013941110174839658,0.0007923122397727274,0.0010865737538175166,-0.0004673464426427408,-0.0018690281764109726,0.0011883018566546995,-0.000706111614809764,0.012851069613171845,-0.0008616081418110172,0.003119065320699421
2023-05-09,0.00045943510540911244,0.003827555487563046,-0.006009319038790427,0.0012803772407569882,-0.004066590362328351,0.0009819623636473248,0.0009830174104161604,0.0021812952607174747,-0.001264121154414378,-0.0009765928355029328,-0.00254013169511809,-0.0009700825797397637,0.0002017653369253856,0.01656069801781894,0.00015013756853332356,-0.0006946174622625827
2023-05-10,-0.002734906849062558,-0.008137974054174851,0.006601811915685044,-0.0030950581322857712,0.0026129600694823215,-0.0010547312547445893,0.0004765029074631391,-0.003802456860089896,0.0014694338444908735,0.0011880708911063023,-0.006982921655215291,-0.0005665672700872417,-0.005694195394657802,0.010003093221870273,0.0011771441246238535,-5.785764137660864e-05
2023-05-11,-0.0036323762152632305,0.0007455846981921583,0.005255974153590321,-0.01034867895532153,0.0034214149987936778,-0.0026661755807517147,0.0070458340353392705,-0.002553061553305925,0.002043391600972831,8.09158026418566e-06,-0.00039891051778179545,0.001019889119815905,-0.0005212135830064673,0.001839648123382452,-0.001643837578366147,0.001240441079030989
2023-05-12,0.0010357399944641646,0.007403993338170965,0.003978980101560311,0.008753801574470251,0.0026636562576444677,-0.0008820669358675651,-0.003982711029786342,0.003842723466875034,0.002543774766786486,0.001539247785024291,-0.0007014071892636972,0.001441306177134812,0.0021849187624605696,-0.025177564226260482,-0.0007588669384005241,3.284888337128691e-05
2023-05-15,0.0026234664272146266,0.0036095710751756693,-0.015517222751716365,-0.0035455284753539784,-0.0006162955465090695,0.003266473895542716,-0.005245471259554101,-0.0019014699762692879,0.0008680352546401818,-0.0013764842451743065,0.006236772501190722,0.0002956048278321241,-0.003809395745669599,0.01533236803410572,0.0029821181972610198,0.002544538127967777
2023-05-16,-0.0025786324905374275,-0.00011409009162898637,0.004137606169859216,-0.0003741719643463161,-0.0023721766402237648,-0.013223216692448993,0.032134521245752036,-0.00589642196430494,0.001112586280332119,-0.002335042429494179,-0.005665529689198886,-0.0005984706059393424,0.001161901583232124,-0.015610597849343454,-0.0022258932003605906,0.004479830870171559
2023-05-17,0.0019355248825027632,-0.0006885720066580484,-0.006288460655986144,-0.003396369168837437,0.0007462493855483355,-0.0029931802521841844,-0.005945436998494945,-0.00012797855759459804,0.0030752975125637183,-0.003997550842503754,0.005506917057582831,0.0014577694782833186,0.0005295543126127185,0.013677599549629403,0.0005731246468422559,-0.0038863882380782474
2023-05-18,0.003899878654892107,0.002279745372194669,-0.000968040970549817,-0.01187834757820301,-0.0007645941700122044,-0.00030319648933459567,-0.001326382695640979,-0.006168975541353577,0.00616733717946459,-0.0001270379123178545,0.0038116702128169052,0.0005590618296726162,-0.0010931924912994549,0.006248398690777236,-0.00132409074126531,-0.004089239320950381
2023-05-19,0.0009525063824564878,0.0023120814050734554,0.00777142610288159,0.007090693923410502,-0.0019954575344719697,-0.00285638964854047,0.0037907659521094744,0.004781265263414413,-0.0018230703632640703,0.0021322519007864063,-0.0010660477926262128,0.0011771074358491868,-0.002167148182619198,-0.00801245752617425,-0.0005071742650314308,0.0029806678078714843
2023-05-22,-8.514594199692048e-05,0.0024224656780837345,0.0011670008942404667,-0.010000980929197833,-0.0014364798286696859,-0.0008926116974811491,-0.003517103361878926,-0.006241553022240968,-0.0017265144979450283,-0.005047563281233155,-0.001757429406243489,-0.004295170259304088,-0.008548901980777021,0.047067370834603085,0.0006594964402016018,-0.0018204480775110997
2023-05-23,-0.0008463294426703464,-0.0016907889420631247,-0.008539235596029315,-0.004765393408383367,0.002011011918486658,0.0014355319668212846,0.0006560687081492204,0.005398092633756877,-0.002925090910354939,-0.0041379143967754705,0.0031174850760835107,-0.0027055296665763773,0.00578586054091822,-0.0068951165036952415,-0.0011862581143497293,-0.0022977460226327132
2023-05-24,-0.0011053543251506913,-0.003382216082765204,-0.0062772363191530515,0.0006555508066970546,-0.001663721350746149,0.002807961706830406,0.016549724392645168,0.006632091287704419,0.0021377513554749067,-0.00012005746769075745,-0.004475323400406048,-0.001481833305446557,0.0033064115977892005,0.005283584383971484,-0.0010422162152538095,0.0005059124826127569
2023-05-25,0.00295438255779498,0.006278338974754579,0.016381319232684058,-0.00031520610567618227,0.0016255777574471462,-0.0023321977480087277,0.0034963521961690765,-0.01479139284371157,0.013589364947363125,-0.004844215439039108,-0.005735697668342052,-0.0009749079626724857,-0.006466409939782059,-0.03361361433355451,-0.0019118521803686513,0.003590275046563557
2023-05-26,0.0015696672338582577,-0.002913423994922516,-0.0067587982921082645,-0.004369464577916799,-0.0017721299322033118,-0.003085064496914921,-0.009213879468614884,-0.013950323043718864,0.0025446757646549172,-0.0036099561803649653,0.0032457686863662134,-0.0028212200389847297,-0.002574842247679298,-0.00032075864238061483,-0.00019284375418629571,-0.0007861171649146785
2023-05-30,0.0023942670761223565,0.004381663808252406,0.024458621118567198,-0.01535772847434081,0.0005808210737121542,-0.0003947723368554908,-0.01224951275913808,-0.003017216218991119,0.0007485488547945732,-0.0044874351275683315,0.002451802824055745,-0.0024552459503466503,-0.0028197419686644366,0.0200206629707887,0.0009915551241449119,0.002348240760744447
2023-05-31,0.00028287639429469135,-0.0038765310465036546,0.0004192638700205465,-0.0012629566488258628,-0.002172406777565605,0.0031661805482951053,-0.005863862269690273,-0.001178409526154881,-0.004494114691801221,0.0009038821002668341,-0.003113642575695969,0.0012837184662092362,-0.0017261772161900205,0.02583328899643136,0.0003061997441616768,0.0005467339238453025
2023-06-01,0.0017280715141010875,-0.005474060267402484,-0.004371800879310512,-0.0033356314645157266,-0.00023051395384423093,-0.0033524741481401506,0.01002417625340089,0.003178510821377497,0.002427263544488829,0.0005425148807844176,-0.00012437482391488078,0.001625808666005999,0.0038293667621506367,0.002519884649476261,0.0035433832441371734,0.004871139932715037
2023-06-02,0.002050590538996245,-0.0016587643823884266,-0.019555242824579412,0.001907910741868862,0.0016697874200914818,-0.0010428229525446986,-0.006568629355565611,-0.004078343410754947,-0.0019886346155006604,-0.0019993423142411135,-0.00027509924602396596,-0.003288061988348915,-0.0003250008713954148,-0.005927098140368427,-0.0006687305630946284,-0.01086949673683312
2023-06-05,-0.0003137819817813713,-0.0032341027658691498,0.0015461934905415527,-0.003126469342548876,0.00010926044850285185,-0.0011371866157645228,0.00036852498591372594,0.0019369252211524383,-0.0005697318303516654,0.0016239987304171098,-0.0018183293810511642,0.004016591183319748,0.0010266288581222715,0.015144399817743804,0.0026789472532344205,0.004719336275179531
2023-06-06,0.0015888962613368847,-0.0009149175208137432,-0.0037260109649546822,-0.009245050025017462,0.0018884459870434178,0.0003552922914279984,-0.011145672752720052,-0.007853199674813433,-0.0030806042395559357,-0.008812608727780499,0.007764885327011397,-0.006509192863251536,-0.007277396006493684,0.007660759497097043,-0.0020936015760156185,-0.003910884263022747
2023-06-07,0.0014811727557876666,0.005946168783924946,-0.004171842045070669,0.006275488372670824,0.0027273080165732023,-0.0006184113758167494,0.006495054284891329,-0.0006615769064473387,-0.00388530167964585,0.00021463104488805276,0.014858892054214236,0.0020318214739290666,0.0016104567913624761,0.0018988902342463206,0.0015660373316681944,-0.00041138388564569673
2023-06-08,0.0017615993172629026,-0.005535625965139541,0.006026983325304485,0.0005020689626640456,9.596532725643717e-06,-0.0019106368102346158,-0.002989562076374962,0.0035221314513153752,0.0005972512245525684,0.004750141222042839,-0.002285453577032227,7.00605801933975e-05,0.003864967466223181,-0.0004404708092855883,0.0004030573267800718,0.0016841429360636205
2023-06-09,-0.00023679345152050383,0.005285075244972717,0.0024893551478288533,0.003708108863211402,-0.0008938583899031861,-0.0017696459539996699,0.0036944075662209115,0.0016221950550278246,0.0014252381195652712,0.0004033831823373128,-0.0012903932116726225,-0.0009548647153923668,0.0008387876032991753,-0.004947567833114961,-0.00048239192018968843,0.0005744768108967315
2023-06-12,0.0004688824751342644,0.005923896945551436,0.014516271696800902,-0.009131306960623775,-0.00014348882432368157,0.0008860617998953718,0.000490266215493057,0.0054321374598204335,0.007091345774491145,0.0031642121546499938,0.007033446578060514,-0.0009865624988268564,-0.001634741344574295,0.006412690311143925,0.0009997837612505554,-0.0009157983898897691
2023-06-13,0.0015625506256311662,0.0018487248529796049,-0.007180144366985269,-0.0037917577323228766,-0.0017304643069230127,-0.0008344846766498318,0.015661698966370062,0.0031235562283243833,0.0013111086044695023,0.000384466725193051,0.0045246281610529585,-0.0013117559990588404,-0.0025883593263925945,0.01861757338152783,0.0036127180624310196,-0.0023291042430125014
2023-06-14,0.0024366914691285393,-0.005032012365600544,0.0025491446202315594,-0.007519630762918011,0.0019191569867071882,-0.0006667387629437509,0.00975223380454577,0.009293501454781678,0.005974962934497913,0.000888964105819935,-0.00431662458597958,-0.0015908378153526542,-0.0013614711522717273,-0.004339412065138924,-0.00040454726193444213,0.0024667721304149903
2023-06-15,-0.0005573722597559594,-0.0031457715974171144,-0.02577835449512026,0.0048026083663190045,-0.0016997087058372336,0.002087164752074255,-0.01316761165246187,0.0024062174991667257,0.004129106139202711,0.0087870419131845,0.0035419440364125266,0.0004952893630436233,0.004106538296042856,-0.004191169411597407,-0.0015055329214286707,-0.004664513511363096
2023-06-16,-0.0009377344192885643,0.009244934901246879,-0.015529193507894452,0.0057307973811261586,9.576347765997712e-06,-0.00029854971589761783,0.0036918542029968013,0.00023743418879249543,0.0014511464210759926,0.0017623176085246857,0.0021396670137512276,0.0031778712041053737,0.002074543130756907,0.00386571586755834,-0.00014403452458502507,0.0003973141641545944
2023-06-20,-0.0021027759292711517,0.0012689889454388092,0.0035571177549517663,-0.004196499489681646,0.0040323012122085635,-0.0026984991828790526,0.004194588354597714,0.003996050445116198,0.0033014352351665903,-0.0023953327153009712,-0.004470957556803826,0.0016886000891983407,0.0026969145153802375,0.010116973052189115,-0.0005376315138781789,0.001762661796598748
2023-06-21,-0.0017297402017269195,0.0020078138973789383,-0.01694088787390738,0.011296731597818686,0.0007918920427390122,0.004283840688822282,0.008970837585133557,0.005402091098644389,0.003116593254086487,0.0038538287828064283,-0.003590651245720427,0.00549939328570464,0.0015465245932901805,-0.025761838242662843,0.0008289330083768391,0.00242257434740587
2023-06-22,-0.00045945115718375434,0.012570040977507826,0.017862048914580233,0.00033577184771425096,-0.0012846890136879296,0.002663958458577097,0.013306870846427638,0.003039871428016058,0.004433494375552545,0.004262888001862574,-0.00030186858517284795,0.002963270616469421,0.00420788513381442,-0.0010804103757489454,0.00048324194193382296,0.004706810002974059
2023-06-23,0.00023670664987941736,0.002704999574760563,-0.00802299912386905,-0.007766200707159174,0.002483831331515784,-0.0007288271567967512,-0.008808960056506174,0.0006150725723054421,0.002319724120751869,-0.0021702339792220304,0.0015693212390925741,0.003127928574285668,0.002873484656404383,-0.0005976169561227943,-0.0024621991807296157,-0.00025559772875360844
2023-06-26,0.001351267266528199,0.0008436804911730454,-0.003677889970754838,-0.00014495695339134277,-0.00023094708008736177,0.003432828900090103,-0.012512111284964576,-0.0036443945058819917,-0.005297980332721912,-0.0006142497358692855,0.0039016374757237385,0.00035887877381328166,-0.0021225375793386056,0.0015362478199139962,0.0027381708458358448,-0.003348703412477541
2023-06-27,0.00396538147373306,0.0038549309864812187,0.021825675034923577,-0.017175728221933452,-0.0013102871077251828,0.00025223691091503793,0.002299435457675146,0.004695458937791934,0.004617369211937729,0.000391703260279176,0.005658828610345583,-0.0030528536720478075,-0.0010326354389835323,0.0210336879641095,-0.001575958998575738,0.00380663162079003
2023-06-28,-0.0009853609475387274,0.004118851604703622,0.0022307300440117684,-0.013817189807464452,0.003399476851189136,-0.0026490585748339636,-0.012485814603103596,-0.002866735895294871,-0.004197344664491021,-0.007364113469911546,-0.002159948084489998,-0.0033994454506734656,-0.0038031064162107686,0.019219741185996512,0.0004366140643498161,-0.003055716438552367
2023-06-29,-0.0005932771155034019,0.0003032466311565993,0.0016550540435073622,0.010791954636864852,-0.0031853415755184085,-0.0011304920351726073,-0.0028259340621412735,0.0016501949327350127,0.0011234220661983786,0.0032600189097784327,4.432138301161369e-05,0.0009269375549885478,0.0012620468562080755,-0.007246024833719332,0.003685268178283226,-0.0011488753881245231
2023-06-30,0.0007063884463878395,-0.008054272347558195,-0.0009302791875942323,-0.002609144652703446,-1.2022252750426912e-05,-5.1288265264335916e-05,0.0006881227661366691,0.0033968441516561976,0.003235578715390414,0.005251192810871571,-0.0007768987823363171,-0.0003279400242737641,0.006747943555279584,-0.006357325551537889,0.00125314504526166,0.0018349752812441564
2023-07-03,0.0019046324237746027,-0.00034762445312158576,0.006221285990166247,-0.001499394920662559,0.003725867419861891,-0.0025096703072202257,-0.004171884093000316,-0.00523439049420516,-0.003000648978818088,-0.0029563463605725864,0.005507561610710825,-0.001120820497118511,-0.0029786547935741455,0.02065864049665179,0.0005326830067728075,-0.000517048724885676
2023-07-05,-0.0005919811700001035,0.0018770309364833984,-0.0044503256364194135,0.001501984075886027,-0.0032399602575519555,-0.00032024230151176227,0.000601395400742979,0.0029327452165197098,0.003136399179121464,0.0005577794339167485,-0.003577802196835526,0.0019322092077006716,-0.0006206460305888052,0.005648754667630701,0.0011343492037559169,0.0006502298241107184
2023-07-06,-0.0035706775351990825,0.006498020879770479,0.009620130688390387,0.009406445572274335,-0.005939615252513544,0.0038739522624293677,0.012809762871454106,0.004246123223792643,0.004226534415792691,0.0033903749681570994,-0.00042301981806796077,0.003836521277531979,0.0024633386025405355,-0.01614625302463522,0.0026177174056334195,0.005274230346237403
2023-07-07,0.003967645474034956,-0.008760425531917014,0.0019494013902062101,-0.0030990922615445494,-0.0020749857855951116,0.0021169770729460094,0.008257750774779244,-0.0026998197131972244,-0.0042016561854452275,-0.004464885776878749,0.001353260796865393,-0.0013627540738309395,-0.004793104403537061,0.011481669519812585,0.0007402142313293527,0.00343677464793216
2023-07-10,-0.00218329372058363,-0.002548630078683616,-0.0009603913550016358,-0.01838985358577428,-0.0012356566433376673,0.003137938013278308,-0.004552029824836669,0.007393286528171765,0.0022721183866939955,0.0007926244730812374,0.003289141961901442,0.0022933786729857427,-0.0026247458453341147,0.03288251073348136,0.0007704763481236362,-0.0013266741226074328
2023-07-11,0.007933519372654236,-0.004621969640114165,-0.004180150966575342,-0.009226705266816891,-0.0007284656282877024,-0.00019890873206027224,0.0004954447998160704,-0.004602210230330122,-0.0010272092743053574,0.00042293177419803433,0.0045205849215713845,-0.002683323986366351,-0.000574797652765963,0.028674541176251952,0.006086373704663042,-0.0022262363178916526
2023-07-12,0.004251248209035523,-0.015068268422219668,-0.0004143721652860345,-0.007210781317281525,0.0020267719365267937,0.0005975177715836742,-0.010641226555083224,0.0018081966850909768,0.0015731258605395934,-0.0021767029335568846,-0.005024882717444989,-0.0013689991703711834,-0.0018852043196880457,-0.008969490516275144,-0.003799164553290506,0.002112189897686406
2023-07-13,0.0040054573924341195,-0.006512111171814859,-0.002868495245509506,-0.009711432806867822,8.832393834940638e-05,-0.0003446464707282707,-0.002646912143856237,-0.002013930425930125,0.002947516496137936,-0.002567868194492035,-0.0006385451510358461,-0.004576050856248192,-0.0034600936979530253,0.03142730148843902,-0.0016406918295559622,-0.0013747953382134727
2023-07-14,-0.0031704827997814894,0.008762457279580402,0.005600024342593534,0.013712984309888463,-0.001485477332438841,-0.0018305100375639975,0.004433320111909544,0.002695646386273922,0.004596834692273857,0.002439948129667503,-0.007806959374863387,0.004897989380658175,0.008153514344676102,-0.015232862846837173,0.0009674163599310212,0.003546814107007403
2023-07-17,0.0013403398216308168,0.002972494694127254,0.004666713570177248,-0.006457496472748439,0.0004086924303006935,0.0021938789316128015,-0.0017864331633965953,0.0026462770084881605,0.0036439735346968007,0.0003775581638651095,-0.0011163455198333414,0.0005046637870963028,-0.003191660879867671,0.016518753564036856,0.0006545984566747931,0.0003751878530147049
2023-07-18,0.0027574474875216234,-0.003282567580060773,-0.01437451846614264,-0.007404586516162086,-0.001933492428294688,-0.0034024648899128353,-0.009774858577680366,0.0004423850669463703,7.596609590736908e-05,-0.0008356842860072532,0.00326886853424081,-0.0026183571611815507,0.0005895152262019058,-0.00555603205719889,0.00091788583417171,-0.004108776215493483
2023-07-19,-0.00018607244098541205,-0.003957806680658341,-0.012883955063020935,-0.003010869297963148,0.0030260877707922696,-0.003546138397218529,-0.017432439854089557,-0.004539149884608326,-0.0017403818431855115,0.0011618344482401373,0.007831615530677703,-0.0013149274031829241,0.0029106734346439167,0.014887273413719088,-0.0004529255330456656,-0.004119800086850282
2023-07-20,-0.0013812594755329057,0.006026817883947653,-0.0076602088305060025,0.026384341551429713,0.004596782993923042,-0.0009150900893615829,0.008997212776927941,-0.0002840167766329643,-0.0009732460659521739,0.009822167743796219,0.0025417141050559366,0.007532424563182731,0.011687867069355535,-0.04324101978625447,0.00021962335311825638,0.002278424013170169
2023-07-21,-0.002528899075443071,0.0014791219192915404,0.0033620697328657755,0.003189165436755966,0.0005988400081744726,-0.0029833102432077698,-0.0018799391104061577,-0.0009885982063939746,0.0006642056881898468,0.0045639456781711545,0.0005247446466748746,0.003105432243130881,0.0023716467218869784,0.006500165516099016,0.00140023727245608,-0.003153007148455029
2023-07-24,0.0002568826796179571,-0.004785751066685537,-0.02415547239965664,0.004633907364970909,-1.4195452117709857e-05,-0.0010267601192648188,0.013535855871436166,-0.0025908565131593344,0.0018852787270066873,-0.001171879216087845,0.0006536421451849277,-0.0012075055440542019,0.0030458017176123006,-0.014324706110226345,0.00041980438879054237,-0.0013810120080516948
2023-07-25,0.003354469740789018,-0.003899905759768176,-0.0027427926185861215,-0.002114797777770845,0.0011205589717835484,0.00019676180282073442,0.0053087354561100995,0.005540777904774954,0.005619977364596874,0.0028895356198136864,-0.0012623015113465879,-0.0009013500991880514,-0.0002559158714374101,-0.007665175489893521,0.0006763611153297328,0.0021336114004631866
2023-07-26,-0.0003908631669179009,0.001972166349152719,0.016464809529678937,-0.0015334680271575922,-0.0042795193079935975,0.0016021730970307434,-0.01313920537515588,-0.00793064065980754,-0.0026041643520856718,-0.004981232470632979,0.0015778142757089085,-0.0006229422638317494,-0.004910790378276119,0.019781163862139982,0.0007440591029481271,0.000531715213402247
2023-07-27,0.0023544880931815823,0.006445159882988563,-0.010030217230620982,0.008101887563558088,-0.00019654426738720254,0.0015331593225340738,0.03419359579300919,0.007245652652338022,0.004444426876629128,0.0009193443893742211,0.0045030325765798174,0.004509863379057552,0.004098608689001485,-0.01777330944394868,-0.0004882031284646326,0.0019645454449446036
2023-07-28,0.0022020379355363762,-0.0007751772326602731,-0.0016408740486222042,-0.0177433545983569,-0.0021154048636102037,-6.668190684226e-05,-0.006546585226122125,-0.002316244591468588,-0.0003531401662134597,-0.0027877021370178723,-0.0037536387184152068,-0.002747011982459878,-0.004014748638768825,0.034439380474642345,0.0006348510345455358,-0.00036544844785899814
2023-07-31,0.004207606576031395,-0.0035141077045683956,0.004049116138847219,-0.012703214667091756,0.0017323135791679433,-0.004552496805383128,-0.011687397991961633,-0.0008552030208779158,-0.002772083193926154,-0.0041475141177001055,-0.00032406602573932866,-0.0016302029174277066,0.0011967752125631066,0.01826588659346446,0.0014188026551524727,-0.0019002256447697534
2023-08-01,-0.0015541912181592267,0.01211933776433487,0.008476458819201556,0.004135385016293249,-0.0006739559363379086,-0.004544818781252321,0.0019269188729497885,0.0068757220123631,0.0051773717855499125,0.0012255596502009714,0.0014227175612435156,0.003483986585844078,-0.00011272303369629089,-0.008556869539372132,0.0012619469869416195,0.0012282494889416734
2023-08-02,-0.0021794108094550686,0.008954702054143822,-0.0025244027865061617,0.029104713101461933,0.001688376102479518,0.0057597888282603805,-0.0029786913643515232,-0.00018477779852336604,-0.0019420173294971803,0.0056322874363152284,0.002120833936070772,0.0048486105512488865,0.0035792507977531335,-0.029261638970881042,-0.0012747008493004218,0.0012077608543437732
2023-08-03,0.004316157352996428,0.0054403712408023835,-0.00016004109144203069,0.0036079096818202603,-0.0037722113193687564,0.001748830037823306,0.02287470107816724,0.00466450057449998,0.0018688063866025783,0.0009435390290081502,-0.0021301994976034603,0.0034179045359221324,0.0037721972659123565,-0.005525556912285742,0.00288315125962449,0.002321790879979152
2023-08-04,0.001999428810909586,-0.010256085673399086,-0.006112666660994636,-0.0017116385320276825,0.0020915133981097792,0.0025392233727691838,0.0007847584848886049,0.0025506571469418745,-0.0024501301098554203,-0.0031543001926397207,0.004278977703486386,-0.001308033979373859,-0.004221522974044311,-0.01524814119809514,-0.0006502950148426663,0.0004176333012786996
2023-08-07,0.0005137059007414486,0.004594594930127082,-0.0011932274465108691,0.00678516993331604,-0.0013428617299376957,0.0017696334585983453,-0.0009923291498377682,0.007129356348645136,0.004715363571965566,0.0040001122528239294,0.002612646858566191,0.004511741315133373,0.003255642628877847,-0.012847546703899213,0.0014911955198946304,0.0024830979747410354
2023-08-08,0.0005432437808415361,0.003220912541619298,-0.007572068506742413,0.003655813642824388,0.003616949190499619,0.004347254972642612,0.002939858307471433,0.004389040117348153,0.0010979891176554147,4.6276516388779e-05,0.0018594593747094093,-0.0004976388428964622,-0.0009832854315610729,0.004657807296173646,-0.002765563777017404,-0.0017999793828500207
2023-08-09,-0.0026569436228765174,0.0005104408189394806,-0.003989561620674264,0.012268762363279076,0.0025478022636235527,0.002229510659955105,0.01577098927958692,-0.0022255538200621223,-0.001361392876047458,0.0039413785700160246,-0.0022807035789423856,0.0007760824688353256,0.0036533459324102615,-0.025954644870700427,0.0004615646075874978,-0.0025245434204955904
2023-08-10,0.0014266541234164607,0.006465117474265957,0.009452047046651386,-0.0006846275196168185,-0.003373748876003407,-0.0003893568059004975,-0.00047678102687162115,0.0001340976555088755,-0.00159936016933476,0.0005206021208599794,-0.00562819583736332,0.002369929019815603,-0.0014011258496372464,-0.007141927624713249,0.00035997834413563465,0.00163735765414629
2023-08-11,0.0003769403353965236,0.007374546292429555,0.009258874955269138,0.009338952946906133,-0.00038929507159549907,0.0012856542754284155,-0.0028718190896998824,-0.0009334190894635087,-0.00170027373245715,0.004288326469524757,0.0011679577968228545,0.0024173199954179683,0.00300336359898294,0.0025856198443179185,-0.001496626700993351,-0.0001191538937925429
2023-08-14,0.0022016304583322896,-0.002767992500587718,0.0020023404304648097,-0.007915738927218825,-0.0021538947261807956,-0.002087789170704214,0.004563143323760823,0.009933224455724749,0.009838824135820483,0.001201777501386257,0.0016792602649694907,0.002520636781958088,0.0003189061156969744,0.00042530052638132393,0.00035308189635186127,0.004501373970635468
2023-08-15,-0.0008556399092650262,0.00605111979562409,0.011093472463323543,0.0026147079622958463,-0.0005473147475917733,0.002772205703986038,0.011099546155255552,0.006717170793955262,0.002456307435834299,-0.00018890308748551084,-0.00409440404975446,-0.0016914935851663117,0.00022527433448382359,0.0009370917510458411,0.0033174268843905296,-0.0020593044826882952
2023-08-16,0.0009984867580447475,0.005181886998069841,-0.00012436439301340856,0.0036579972926364924,0.000822391395351417,0.00020278752325184166,0.005214057886864838,-0.00026482942757189744,0.0023835214191541883,0.003510100382494211,-0.0034635261788155125,0.0005234480959195615,0.0028133141355112107,-0.008457969851708597,-0.0016602542659905416,-0.002288081561992861
2023-08-17,0.0017898206579279536,0.002298000687232217,0.002961523628045978,0.00873135991692001,0.0025159303004349464,-6.768538460971154e-05,0.010357809621674626,-0.003540978577863906,0.0019208006687324308,-5.850059089114717e-05,0.0008108965468166156,0.0006090539199114257,0.0017879477796455788,-0.012950881391867834,0.003354127083797253,-0.0012798918353621519
2023-08-18,-0.0010381361910000442,-0.0010750335490772604,-0.007315856471408964,3.1619143357199955e-05,-0.0012632508969985645,0.005138318543121574,-0.003258155256684914,0.0029380879035750913,0.0005221933758781136,0.0008158224600533798,0.003854088466536423,-0.0010334953973771474,-0.0020999420152531803,0.004611551318820801,-0.0010346702018313866,-0.009368609599135125
2023-08-21,0.0033197098197934654,0.005550069387864523,0.005771224976741849,-0.0018301742859419207,-0.0022052444427976105,0.0014111559158967054,0.002267300624358332,0.006796548184740273,0.00731929034333337,0.001010178752457673,4.705657507462569e-05,0.00212840014596151,-0.004160544259264087,0.010267107657150628,0.0001116085984944099,0.004547203855028538
2023-08-22,-0.001433535331663893,-0.0041160036390606594,-0.003617862612340229,0.0036256864017892147,-0.00041022681030241184,0.0025911988241038735,-0.006997772538445418,-0.0026655738439273053,-0.0029419164878497005,-0.002528307029920699,-0.003662509138747857,-0.0019483824672998542,-0.001351123854084326,0.0014581573482360844,-0.00011632817450292867,-0.0010097410566430182
2023-08-23,0.0009957101310802694,-0.018101738740235036,-0.006391434305211159,-0.009155214202915943,0.002304607776953977,-0.00236166544969854,-0.04159218040101897,-0.0011058095066239365,-0.000658588191454439,-0.0025142282512228224,-0.0014462086411831509,-0.0014269994451430075,-0.0019547004823446817,0.002813543235635544,0.0016981702578101549,-0.0031931737094988213
2023-08-24,-0.0010751396280489775,0.004810956198323623,-0.004267204614267794,0.003307727263208708,0.0008565091561671106,-0.0010798147944807441,0.004211891697847152,-0.003511235113927069,-0.0026336149053143333,-0.001291618583416962,-0.0013653599548738883,-0.001353814206865648,0.0003161189398315431,-0.014921202222418238,-0.0011877442981410489,0.0005959772759239436
2023-08-25,-0.0015018408278811425,0.001400986228563127,0.009143122468940841,0.002019172302860164,-0.0003953572295507029,0.0036187011997293717,0.0028163664540671327,-1.5615946444107187e-06,0.00026997721468878435,0.0029129595668792247,-0.00355031536095822,0.003954382981070134,-0.0013348248542179655,0.004202037260263651,0.000983477537373704,-0.001349795004715923
2023-08-28,0.0011560853082825812,-0.0034563064049660036,0.003867093474963193,-0.0023257607026412985,-0.0016235625106355428,0.00527805673926617,-0.010528124403372401,0.0001496668645180419,-0.0009163574470458626,-0.0015494798656415787,0.00208026146221503,-0.0006083610032656386,0.0006555659651681384,-0.008929015563708153,0.0005093721385201104,-0.0010133354407539617
2023-08-29,0.0027878731738762257,-0.011387284499147412,0.0028411350906154195,-0.015798417258381558,-0.0011755482070463126,-0.0017086455012006196,-0.012730793252366427,0.001798439439595954,0.0027424832158172586,-0.00045123024634593015,0.0021214958116623096,-0.0005940206751333544,-0.0034381990999224846,0.03155314828430392,0.0017587618274460624,-0.003547936039963776
2023-08-30,0.0014688307915115403,0.004303910744415557,-0.0020325104099614914,-0.005021050351597248,-0.0012786922280155933,-0.0038028299574534305,-0.011823893748148375,0.0014597264112459225,0.0014744141752941655,0.00010644224083403587,-0.0006074611895233787,0.0015543548494481633,0.0015434018883339919,0.005314306604673547,0.0008162212291246241,0.00041738523459252427
2023-08-31,-0.0009157793472044434,-0.004036864124917582,-0.0077335116797317355,-0.008714192594003817,0.0025782068917671016,-0.009065162838509418,0.0013161099042865426,0.003080612635710436,0.0034842435822217263,-0.003431536531002621,0.004129629709362765,0.00011591400950858354,-0.002375765472143062,0.006520569913724662,-0.0032115526338225555,0.00029183660550088713
2023-09-01,0.0008669206997188672,0.0016929043445180125,-0.0016188855235308615,0.0017674687724374282,-0.002113045439559147,0.0063314146802372516,0.00245875030480564,-0.003115628727790742,-0.0021341022822094274,-0.0011351434075072124,0.000944769554145416,-6.206761030337019e-05,-0.0009480818921095329,-0.0071127649533215135,0.0031038726230876363,-0.004206575984622669
2023-09-05,-0.0017967091421384127,0.011888479497488473,0.009346663304017223,-0.001552050572520038,-0.00010648757736246399,-0.006585175772436443,0.025737983450028885,0.0043160788179909,0.0029566674107448163,0.00014142148806769398,-0.0033652316414528845,0.0015498322779740475,0.00031663765709413587,0.02004292786078394,-0.0034032355421184293,0.005197153766077845
2023-09-06,-0.0013207294701279215,0.002871622455555255,-0.0014980127776699696,-0.0016270810512787367,0.0023088761874701636,0.0012334969923014079,0.01165070132044125,0.004847220937137397,-0.000586260392311108,7.396922751085619e-05,0.002387077234170379,0.0032133812958524293,-0.00010124780624899427,0.015622013504574782,0.006746838100813942,0.0031267422950080033
2023-09-07,-0.0018041435374506279,-0.004713424710973389,0.0034310395030996616,0.0053962107961494695,-0.0001376459986463744,-0.0008452656816438882,-0.01681162153174285,0.0002595589300603729,-0.002091363839558464,0.0029907519145832306,-0.002123856205079367,0.001582479456797289,0.0023517701258812954,0.0035343437265600757,-0.0015355325978288427,-0.0007636690639064615
2023-09-08,-0.0004860941204854804,0.0030570353806248915,0.0035275536062277925,0.005885223734581467,0.000554402135843539,0.0009350820417540683,0.004997569386372596,0.001112175638077914,0.00034367520463884655,0.00354430488544523,0.004945653580586568,0.0011117197785009713,-0.00034384022109772855,-0.001029417681574124,0.0005580270031025007,0.0007002623258761912
2023-09-11,-0.002295531302800643,0.0010873194659260556,0.0012255102410194197,0.0012298183791697014,-0.003975032880194773,0.0035526223960411166,0.015571623480308957,8.09091758034227e-05,-0.0015635152049902614,0.002105281049367076,-0.004573073925411892,0.0019226266465633413,-0.00162127681845435,0.010633898008336355,0.0012983230346146487,0.0005043533622646522
2023-09-12,0.0021028152918234617,0.003277907334781095,-0.0013240488016558862,0.004070960888811994,0.003787250206312158,0.002223273112866482,0.00855834584245844,-0.0032545693317831085,-0.0015185197675922288,-0.0020151159972901507,0.005324477631597134,-0.0017762375624980364,0.004317135965605813,-0.004171238415469578,-0.0007628578366423143,0.0015467691705475975
2023-09-13,-0.001180896449785444,0.0003325367822808044,-0.003958353167111145,0.004731369979991561,-0.0006034660456843603,-0.0029010449592672917,0.004836041382230833,0.002249419967708342,0.0032927698273811177,0.004538664267442249,-0.0012253928883998529,0.004004048027917307,0.00041489568864104456,-0.013287054648308878,-0.0006484720032032805,0.00118115211790973
2023-09-14,0.0006224077137901808,0.0016591078206410464,-0.0018102152281628961,0.008419776492250267,0.000493303956679425,-0.0001010162139407798,0.00037111459674145017,-0.0029906016751559336,-0.004462925744565402,-0.0016736409893744874,-0.0005956514425280533,-0.0022367488563780416,0.0012065548188468275,-0.009671187925928623,0.0025895060848669365,-0.009313149903447027
2023-09-15,-0.001617470882790402,0.00434348468557114,-0.0024156400649130057,-0.003830998493495658,-0.001524665033933322,-0.0017471250370144236,0.011423506820995756,-0.007926447561073987,-0.006270933997502743,-0.0020046267671581875,-0.0004352583970244038,-0.0018783230687556308,-0.00224145029818264,0.003994146849327692,0.00011912882931851363,0.005536257009045446
2023-09-18,0.0012466123247372625,-0.0008994799690100941,0.005181308587476831,0.008606750023264853,0.00010607377758702161,0.00042123286708771576,0.0012518137535488386,0.0032746702066347904,0.005092365227070593,0.003748728155037478,0.001422568911456442,0.00347115578171867,0.003496029075482034,-0.023801051374027223,-0.0003287826172918164,0.0034165605980499654
2023-09-19,-0.0007274089184073499,0.004697931484827209,0.0002233924289073404,0.008912418087589658,-0.0019271238608326224,0.004149990716431195,0.0186766977043355,0.0027463673291011365,0.002296466461194376,0.0038424741095253413,0.0016039219081938902,0.0006866361624288668,-0.00195271507667037,-0.005943261881574833,0.0009476828790026819,0.002116093313199272
2023-09-20,0.0019182664870734702,-0.001116367462885251,-0.002367071632722667,0.005710888250524956,0.0006348552000069382,0.0003964000881458963,-0.0018891713529868397,-0.003543273441269439,-0.004014935895314177,0.003120936981840093,-0.0013284097287607904,-0.0010745226541744092,0.0017227529369657022,-0.004980041742240336,-0.00048238669453752364,-0.0016732822634869591
2023-09-21,0.010314270904865436,0.0166745981056277,0.003878260275252546,0.010104309356322772,-0.002649695139439169,0.003040970860538769,0.032859286793809284,0.002601380197961814,-0.0009129350832754214,0.003612938702815864,0.002460262939307291,0.001023848054186205,0.007495896304019232,-0.004496052752709898,-0.00022603744451413742,0.0017147822154266693
2023-09-22,-0.010573456615955433,-0.005040640145875651,-0.004584207408139751,-0.001146604522152748,0.0012643306760403272,0.003591969086658254,-0.0037439655647928975,0.0011037410655652285,0.0016670047062145418,0.00026759277569289824,-0.0024241802677951135,-0.00031039893562698835,-0.003149880440694173,-0.022669079073697022,9.519707393546169e-05,-0.0016321518993648882
2023-09-25,0.0031081375033624055,0.01067382050991035,0.002964730788472104,0.005268846776635189,-0.002881999915523889,0.0010722199182300759,-0.001299466743964779,0.002167058392179443,0.0015674281553564647,0.0008508994334949777,0.0008514964049671824,0.002539477651490628,-0.0012338136459570572,-0.000598335526040133,0.0025390944110642672,0.003253423639953573
2023-09-26,0.0007811844645366321,0.010658671831228626,-0.0007961774020114319,-0.00034997458227819384,0.0019661653251580695,-0.0003104266676809851,0.01555039591495862,0.0053563224425814925,0.0008970624171680194,-0.001713883336722349,-0.0007927228888571329,-0.002834191119863296,0.0032663309929286694,0.012536358573797798,-0.0001743751967812077,-0.004106107158825345
2023-09-27,0.0020433630262436187,0.009692320890783883,0.00199752427007442,-0.007123928427018818,0.0007559873444859923,0.0017041488381224863,0.021794464942050003,0.002775404112969103,0.0024522386714892637,-0.0025242929848597988,0.0017422410169480103,-0.000828576548965558,-0.0013437394633547188,0.00548744812417861,-0.0005277256597099387,-0.0017265462531313746
2023-09-28,0.0028466206504395085,-0.0005145414140233229,0.004925830750197748,0.002385261213520672,0.004302689245500401,-0.0002285589483810135,0.0037813119087321354,0.003006993306622464,0.0015697396581244912,-0.0023960331819085166,0.0011140592754572765,0.0003793642347797721,0.0012791141122866266,0.003008523662497282,0.0008874939731859945,0.002881343127779136
2023-09-29,-0.00020083492960987128,0.004507030532740879,0.006667173798909416,-0.00528336891726545,0.0004387297438136987,0.00023314267405223762,0.010105230149101894,-0.0011257505463716723,0.0011969852563710505,-0.0037035675886481602,0.002891749176300189,-0.0017033122445437269,-0.004042613611253869,0.01900039327769519,-0.000786202806069101,0.0006529187920332525
2023-10-02,-0.0018633054530037413,0.0072277486873744455,0.00485938526678263,0.00047809157081336076,-0.002999338649490771,-0.001779405794159963,0.008171508974243855,0.005121970599679491,0.008210282023355999,-6.247008157564057e-07,-0.003129906803052515,0.0016914262288198019,0.001704298262281679,-0.011908096264371663,0.0009070200011071687,0.0038078493371165186
2023-10-03,0.0014969711289786686,0.01243381924042987,-0.0009340755200062051,0.015145039157297147,-0.0020911447969438404,0.004045957356171183,0.015021562216745051,0.0016965820860404095,0.003301243178495776,0.006319095930946612,0.002958756584199893,0.0012810703897390766,0.0060642260428379145,-0.0030005886935286046,-8.893025020216029e-05,-0.0002592300034417634
2023-10-04,-0.0010201335148206812,-0.009788167058658995,0.008635498057427506,-0.009201354705192616,0.0018636306629471163,-0.0010010192712323126,-0.01791118436444882,-0.00024788931786073887,0.0017081768739896563,0.0012725241071671854,-0.0016437599632122425,0.0029485751729376045,-0.003965791036936879,0.004466941360002093,-0.0014897759605170102,0.004297321665056901
2023-10-05,-0.0003341877416146127,0.0012881332287627322,-0.009780932816778455,0.010522688751154871,-0.0034650603214476856,-0.0022972303661883413,-0.00439779086942243,-0.0024210856477078096,-0.0009147124157462981,-0.0028176703195315817,-0.0020191867851470334,-0.005872326150946827,-0.0031962405826414016,-0.0005353419629788136,0.0006760826288470932,0.0007507554834277307
2023-10-06,0.003380445556999806,0.003022014359972569,-0.0021062953480887195,-0.0026848628748394774,-0.007179520372764107,-0.0033047706576426767,-0.005728018089334702,0.00199167809674999,0.0033820541411159546,0.0007347756345727156,-0.003921047014754356,0.0020689038551719025,-0.00170388799900267,-0.0016494151753576984,0.00016824429323412894,0.006403903192945932
2023-10-09,-0.0011159626018119612,-0.0189778238208706,-0.009555334483721355,0.0007135100772302969,0.0003797639207619788,-0.00032850424873490233,-0.03392639397322987,-0.0009328798307116784,0.0012699549287862903,0.0010309089796606396,0.0020736902425524534,-0.0004333799722997852,0.0014124314677730837,-0.005323276292077128,-0.0028338279957933667,-0.0008494372634856463
2023-10-10,0.002070112228490008,-0.0008439209047943963,-0.0009531701727194543,-0.0044619992564943305,0.001893773298326783,0.0032262236062234086,0.004887889072903052,-0.0013896952231124207,-0.0023531223102066052,0.00043197618280653915,0.0011709020456882992,0.0014827479075496513,-0.00024661756374358326,0.008878052890092133,0.0024540373530083227,0.002943894542244797
2023-10-11,0.00021256853168604394,-0.012385765708552019,-0.002609846863974836,0.00048717339240464006,0.002637136021308828,-0.001258539616782562,-0.020012010987266283,-0.0031130355610078436,0.0028160873999812036,-0.0035077997064747214,0.002048114376023086,-0.002138498248336144,-0.004046572860743836,-0.0149189481074744,-0.0027343214332488,0.0012472759793668345
2023-10-12,0.0011231282206403377,0.011624818814219243,0.009497537860522253,0.004050248325939925,-0.006358442474085714,0.0005163256817887721,0.007351966075935359,0.0023608922934892102,0.005215420962105147,-3.41996065174174e-05,-0.005425165793261518,0.0017800669074595054,0.00258037027319445,-0.02238257128847035,0.0017900411734765014,-0.0009766074023824373
2023-10-13,-0.003233625823356857,-0.015344319606103305,-0.017671266718747587,0.009350810617590168,-0.0015865985325844295,9.002964008969657e-05,-0.035766656692209325,-0.0029447111521896875,-0.0011385422374141007,0.0036254297342921938,-0.0016944452594064253,0.0015114651936479675,0.007162373600232468,-0.012438653893640423,0.0008688964853855854,-0.0037020377205798562
2023-10-16,0.0025255535040908314,0.006854080666294468,0.009476613663833691,-0.0006433251861931791,-0.0029921270057360035,0.002274545802533884,0.0016011971387604844,0.00281209201929942,0.002336930188316922,0.0037190066070335766,0.002648245244330643,0.0033401975856232656,0.00023096403898541576,0.008013024605354762,0.001072519281743072,0.006949522288487265
2023-10-17,0.0015739751639745505,0.011345896572437031,0.004920777025059313,-0.001523345026594168,-0.0002473160820356669,0.0019573671772846997,0.005559759173406892,-0.00046160130345098186,-0.0012043642962963309,0.00019917018826391903,0.002534287384184615,0.0027422792428095483,0.000539576217950602,0.01944665357801141,0.0015943654746769366,0.0011081550905554884
2023-10-18,-0.0004903775796348318,-0.0039059324320556486,-0.004426503433060745,0.008968917455119511,-0.00309181715455411,-0.004290131072072766,-0.004552358193410651,0.002246296887291938,0.0013362311373910293,0.003052961801343162,-0.0012049039720622573,0.0009770212244989314,0.006775368466610029,-0.0235976130788703,-0.0018101486682065649,-0.0042184320461527945
2023-10-19,-0.0006308169856102542,0.00474794857226664,-0.0048916461320756294,0.0026068368875677836,-0.0035550248983629035,-0.0017923476773187876,0.011480155949364105,0.00527436539585039,0.0009399104673001261,-0.0002278610224715292,-0.0003808073625376201,0.0027206487706507142,0.005090954167683695,-0.008306411168589937,0.0012054819052705625,0.0011690024888125605
2023-10-20,-0.0003472882083257432,-0.0017051485628153257,0.003811207059227998,-0.000782609150475456,-0.0010288970950046005,0.00098175932130307,-0.0024708332280485167,0.00011380984646461312,-0.0017138943903999768,-0.0023277851360277747,-2.949569833171281e-05,-0.003524381350345761,-0.0019580853225502903,0.0012222118765825435,-0.00300365805541472,0.004095549082199802
2023-10-23,-0.001905558378389701,-0.0035206140945153604,-0.004590096687238492,-0.005630745065931291,-0.002610963927744136,-7.165090403262971e-05,0.011862095357783355,0.005469334647882474,0.0018915079845732274,-0.002860192250673482,-0.00696726014706195,-0.001815125999875674,-0.0018268825526792935,0.004644953682725943,-0.0021544366740503893,0.004372519012275716
2023-10-24,-0.0009653355225431402,-0.006174567976088225,0.005379845476207998,-0.0041861286727786625,0.004939980977660735,0.0026417450878515793,-0.02034996128424549,-0.0031719346006816966,-0.0034778552473142908,-0.0014035840239118927,0.0007871157619927585,-0.0016343877518542205,-0.0043816767275902625,0.012839170855024815,0.0019261641729873694,-0.004458775057295472
2023-10-25,-0.0011736970527224423,0.012934592146301247,0.00260850209376263,0.01801736802864871,-0.003960391827603405,-0.0016002670674834193,0.0120754037149773,-4.4574283674067225e-05,-0.0030147202222188998,0.007709478556014157,-0.0012829455269486017,8.921492754174025e-05,0.009354125844685028,-0.030177967895339185,-2.4313309976767977e-05,0.001700205021780487
2023-10-26,-0.0020460702625323133,-0.004440866009954095,-0.0046292519786154274,-0.0025126426998430193,0.006158560080345597,0.0027381520156577075,-0.022269550713998,-0.009689921171551695,-0.01259168459311712,-0.005637231593252759,0.0011951422463772777,-0.008654727600676536,-0.008031424841252719,0.0013480920737593619,-0.0035394775990619494,-0.007695239877151494
2023-10-27,-0.004148906316297316,-0.002747517366488543,-0.006476260351958037,-0.0006723043045439311,-0.00543484792033575,-0.00014687753763010798,0.008405569417617064,0.004387438458194991,0.002282149837093045,-0.006189755462135481,-0.0031968675091807123,-0.0027855936222060855,-0.005196128848645432,-0.01520626667158342,-0.0001429755518904804,0.0025176948853873667
2023-10-30,0.0047932453324119936,-0.0016722577006174268,0.009429541375504641,0.004011224325569903,-0.0011926296048247213,-0.0012963405466578416,0.0022116670308570405,-0.0012577044494458713,0.0027784144471565044,0.004496529997791401,-0.0006459371072822535,0.005829578065724252,0.0069582328346807,-0.012519045145238283,0.00418162100410507,0.00692652220493418
2023-10-31,-0.0018221109688913175,0.006283421068828245,0.00348950766295107,0.0020728622490889547,-0.0003765106900938311,0.0006219414024260287,-0.019776310931801315,-0.0025119856462799623,-0.00300384180176785,-0.00026798165813320986,0.002996894251281223,0.0033235987723336967,-0.004518223360770388,0.017889735894910837,-0.002055044677263722,-0.002861026575235969
2023-11-01,-0.0012472059571142112,-0.013774784921733035,0.0012258254806875677,0.01040012003816427,0.0027176981707728275,-0.003649763299734975,0.008279349100763313,0.002895994465606292,-0.0006827175199161616,-0.0015593337814175726,0.00035432172637474453,0.0013726874002896955,-0.004869291138585944,-0.014253098167628354,-0.0015894774028099648,-0.002058530661042215
2023-11-02,-0.000407590346127187,-0.01662504496687165,-0.005934149300112467,-0.012097881551535183,0.0026464808697171105,-0.005407461169309209,-0.014119855468277098,-0.0036316376020556276,-0.0010063543996005342,-0.0037405635623015167,-0.0012892424367526752,-0.004752049697569195,-0.004391834556401405,0.055564381158312595,0.0006915137836201249,-0.007666618165486812
2023-11-03,0.0009307484179654222,-0.014693548577498525,-0.011853918056445945,-0.004253952519866676,-0.0019822718360423663,0.002144939276128199,-0.004948382617906437,-0.0020263077867074698,-0.004466219192273581,-0.002456410242022089,0.005669851135551419,-0.0050538784255491215,-0.007282528251684895,0.03748482522943188,0.0003500503516386923,-0.003520260399396493
2023-11-06,-0.0006872632308336361,0.00537960673844159,0.007406696070002379,0.01218793125911197,-0.0024966019333528783,-0.010177702355071422,0.020988645447937018,0.007647848055953238,0.006566317189435545,0.006007584034014729,-0.002840507690359173,0.0060024689808548665,0.005103126239585663,-0.01665038560488161,4.625457513298748e-05,0.004120355135391381
2023-11-07,-0.0030396702033905878,-0.00033058405559410666,0.006769624693390545,-0.007840145346945562,0.002748909449969331,-0.0002624873111120114,4.9731492479427805e-05,-0.0017220563061943607,0.004284487915123068,-0.00011192238919826365,0.002241019851436072,-0.0025284548172711746,-0.0024327519175247835,0.02222813192449239,2.0534513220029195e-05,0.0003099401420682199
2023-11-08,0.0006602244086564382,0.0009990744443789034,0.002290723145944886,-0.002549303774729947,0.005658339526240288,-0.0012620998685973141,0.008463814197694455,0.00666727164889789,0.005410489932988838,0.0017851612186937603,-0.005395765250769684,0.0008310433601509454,0.0008145886997620163,-0.009819284186975575,-0.00021900350185743262,0.0014007610694388149
2023-11-09,0.002809457230576871,0.01257440820446256,0.008869773705681865,0.00616372437044211,-0.006345399995739269,0.0005826437806757741,0.010880858482272972,0.0021515013032035474,0.0013151900185706267,-0.0009822440070162827,-0.003852189708520558,0.0008983878393558535,0.003100536093062106,-0.01857414502095249,0.00014656205960190483,0.0058902416871505275
2023-11-10,-0.0006789458729090515,-0.0005883302672559389,0.005759441816659188,0.005529718921288408,-0.0002554417118032356,-0.00549080552234803,0.0012808359379073413,0.005122226400664565,0.004503918649430994,0.0007007724911170781,0.003579509914059066,0.0012276472826602356,-0.0013955696400176631,-0.0025579851142872104,-0.0012766209650445126,-0.007732079988394034
2023-11-13,-0.0007402977620145331,-0.0014792860917269969,-0.006065933740911408,0.0015248294224567546,-0.004031552093224233,-0.0023281351727818256,0.0006978466707802215,0.004747680912873518,-0.00034389522654646983,0.0019567021322797937,-0.004000362801335527,0.0017031247307292322,-0.00019358098503199407,0.0054066544405769,0.001624145115357231,0.0018545254634292632
2023-11-14,0.002550473581581905,-0.031105587446320696,-0.012186036017025004,-0.014705233133147175,0.00013352647395982464,0.0029585523408934737,-0.057157467028347425,-0.008766187863045501,-0.006161866388821151,-0.008288381032956836,0.006059144094609396,-0.011455864729287384,-0.010648889613709245,0.016831969859154784,-0.0013673135211803317,-0.01217962500870224
2023-11-15,0.0018972146309968693,0.007763991577563106,0.008493054464851012,-0.010042248883365837,-0.0009459774790815459,-0.00034586578404985206,0.004664277665853653,-0.00831766684662476,-0.0029241997394653385,-0.002041534698885638,0.005540174815825114,-0.001422374321007024,0.00010214091012807243,0.022580822666650534,0.0023518232547132664,-0.0010189336803930792
2023-11-16,0.00041191420866021876,-0.006493850761890304,0.004588613259653946,-0.0004345047462660512,0.00159206903715697,-0.004631469111701546,-0.008090223632762381,0.002866169137985826,0.0010173517682001009,0.0009736703078206185,-0.0015118450720958245,0.00017881658775258558,-0.0012472404184935156,-0.01906279964430544,-0.0019656459579641115,0.002709200069105138
2023-11-17,0.0005356529889994788,-0.005272677104538127,-0.005726887174930346,-0.002024997902239107,-0.0019264289599878566,0.004658832980179007,0.009218010798693227,0.001062561368819102,-0.0017332086277481546,-0.0010394555784485444,0.003006739032851552,-7.186188997530493e-05,-0.0003414707804642544,0.032974388344623,0.0003208514717148109,3.7967772072694484e-05
2023-11-20,-0.0011023272291120607,-0.00801843355981445,0.0006148815621188092,-0.004608799794820833,0.0005654713074880512,-0.0026563983007384232,0.005564177903355778,0.004111328229622943,0.0026671574078187587,-0.00018662231055992804,-0.0009660770999290426,-0.0038042367788576345,-7.787968378463687e-05,0.01601871024528789,0.001392147903312985,0.00016102763626242578
2023-11-21,-0.00024184145793263822,-2.4172957017323067e-06,-0.002513353275235406,0.008118770643617214,-0.002155689747398587,0.0005478069749044213,-0.0073282546488313074,0.0006339597108139432,0.0017154799259246753,0.005432190464239922,-0.004822379665251663,0.005679657055752435,0.000656518049679998,-0.015553605286351739,0.0009810805902330196,0.0017902955972051442
2023-11-22,-0.000785711438704344,0.009309070722710144,0.006157869951075629,-0.002007274543412508,0.002490564781627981,0.000194854491715309,-0.0015552039417667442,-0.002982369606074204,-0.0010810834184926729,0.0035283894209106868,0.0019543746879929083,-0.0003864678553618969,-0.0007181281572130674,0.004924021824404162,-0.0004713219743812333,-0.002307326183648572
2023-11-24,0.0019560815744754296,-0.0003104266021659184,0.0029531732357111215,0.0005667406157252996,-0.004894471231125594,0.003288986693087931,0.007329271104428537,-0.001088006317018767,-0.0014494842884123288,0.0021771673445973496,0.0023434171576455576,0.0011063839863410425,0.002719677806126432,0.012472238690619327,0.0003708956413595293,0.0032099233625903626
2023-11-27,-0.0005220371693127265,-0.0067478724122093355,0.004782597276581299,-0.006089765526745646,0.0021740190121128143,-0.001585475169117781,-0.0092202602671064,-0.0014888427650530758,-0.001035884958677452,-0.002620560750121897,0.0003029241259183361,-0.0022188805142716777,-0.0019861300876775883,0.015608030898090914,-0.0004284053261020267,0.0018598746815166088
2023-11-28,-0.000730565270120981,-0.01014308240891396,-0.01117679978773057,-0.012700777434133694,-0.003717391089690684,-0.0004969249318353263,-0.026742821539409635,-0.005477501467799403,-0.002989339896235955,-0.0031042726795126535,-0.0042061788733694285,-0.001766344600287866,-0.0010451467436706132,0.02413903180880264,0.000911379577535237,-0.0005407830251599991
2023-11-29,0.0008210104759767776,-0.005943561969454044,-0.0075263428246882865,-0.008462904832930473,0.0039647104007135316,-0.0007636941864729276,-0.018546475270710846,-0.0014848008989400753,-0.0025227957030492555,-0.004071463220902779,0.0059068131906138965,-0.003105014473231717,-0.004671612607435638,0.00459196052961971,-0.00013429132755382448,-0.004305902520519144
2023-11-30,0.0032256345803092423,0.007952942848003153,0.005356089170566982,0.006908548585958209,-0.0016813492497016226,0.0004883147006415677,-0.006557923360606812,-0.006798800653583539,-0.0011652169811437792,0.0063920536502174875,0.0038072036741556344,0.00044348052334871116,0.0032475157008556212,-0.023267008856369283,0.0024385739604571434,-0.0027558297051423312
2023-12-01,0.003211944665288645,-0.01879819008201932,-0.01470503945074829,-0.025133179602974804,0.005044541496901724,-0.001084165684027973,-0.035339140373027954,-0.01039357667709204,-0.006002340110140085,-0.004035825371376003,0.0010957192713947298,-0.0057198919536497715,-0.004386143018392779,0.035436694990021375,0.0007877944492644708,-0.006301879330086498
2023-12-04,-0.006277249212821476,0.013753018953055243,0.00950136002093647,-0.0064601895681058044,0.00104876468553969,-0.00321018982454546,0.014933992342376877,-0.0035700764370995043,-0.0007693341140036936,0.00043540983300882673,0.0008847026706807204,0.002529504236777347,0.0020783973231986853,0.01948937512554386,-0.0018078424592732185,-0.0006673762438214834
2023-12-05,-0.0030924324657710016,-0.006801714745139459,-0.0064221111548517585,0.004342773711455884,0.004305125159628242,-0.000631399746901072,-0.00016395441978750511,0.0020268847716447855,0.0029420969945279413,-0.0010539516125392047,0.0017629559784184757,-0.002249557153495404,-6.500545697280327e-05,-0.007992579722844098,0.0014667156324716258,0.0011686288611894551
2023-12-06,0.0005105667546498908,0.0032055824704956587,0.00896660317182621,-0.004536165163080089,0.005445940367156761,0.0014236142664711138,0.0011201648156969161,-0.009326785851037522,-0.0007011693599981517,0.0001667787571991053,0.0030636646964316543,0.0013704234609041807,-0.001305845257186222,-0.003031608493144553,-0.0018166460527689274,0.0018747556683246644
2023-12-07,0.0008133848728433691,-0.009623956369835322,-0.008067508230113388,-0.0043513999418065535,-0.0024972907129797153,0.0027752686941093212,0.006472682209973043,0.009062746948786702,0.0028463581112627466,-0.0012297792054080377,0.00435163901981889,-0.0013549928524918984,-0.004048945933549226,-0.0038193953332888685,0.0032103675845994288,0.0009487915623770094
2023-12-08,0.0019332448757595003,0.01105831594161891,0.005314490452309355,-0.003670803402723564,0.0026069020771252215,0.0016116483328205233,0.0234477981105689,0.007561891909986447,0.0036547045168795252,-0.0010647359591733805,0.004237540236984411,-0.0022364512144380207,0.0019232037478536792,0.01676687660851096,-0.0008448123577873435,-0.0015026632346063161
2023-12-11,0.0013046030370588366,0.006380332267925619,0.014790296845285612,0.005114737694273118,-0.0027645147658232226,0.0017276754138349818,0.008262000739245545,0.007516822065549339,0.005951638585443547,0.00897525146658563,0.008784430183343996,0.004372444732001992,0.004689398232877267,-0.01929190984248715,0.0004959536536966805,-0.000872342485645182
2023-12-12,0.0011704498410517897,-0.0031899589530544536,0.001926329285652173,0.007028035973951537,-0.0017139310712643515,0.0012527918861832184,0.015335424334396998,0.004581540647064575,0.004969961150305208,0.0030165920601691884,-0.004235674423141624,0.0027681498655303116,0.0009773116553292963,-0.00872945165850084,-0.0012314082564772138,0.00027171840037028077
2023-12-13,-0.004791294579775774,-0.016777136663419158,-0.011296546199887205,-0.030711709476156163,0.0021577257361316132,0.0036078728504113505,-0.05998610313033345,-0.013071221197775994,-0.0076400765670085295,-0.003663870069359719,-0.002321676860884841,-0.009081302448889285,-0.004070752156514319,0.011511003487262375,0.00417098116104965,-0.012796190203624005
2023-12-14,0.01033970914076816,-0.018025365951541947,-0.009636140172432445,-0.045333212166291645,0.007999672890103827,0.009174298802149313,-0.01711518900340368,-0.011291639582890898,-0.007239349096636556,-0.017525848246741412,0.0162433756905356,-0.010300890180834653,-0.0035136609205473493,0.029107968225153255,-0.00300476016954711,-0.00436846211828922
2023-12-15,0.00175069070138369,0.007433878734736611,-0.009912811597500484,0.0007146931226768412,0.0025168962756158767,-0.008360300782169044,0.00415490681144301,0.008958706519800623,0.0037448705283357675,-0.0020564893527225524,-0.0013785142865767302,0.003375499858402754,0.00042761135954409637,-0.01299724046431366,-0.0010217971576119752,2.6222002767010912e-05
2023-12-18,0.0006723366473655465,-0.002184235554400022,-0.0013785609556605776,0.011733191674258079,-0.0010432340344024356,-0.0013566273562345063,-0.0005164297971679392,0.008941161914673031,0.005115449215132245,0.005565834277368509,-0.004442505629162175,-0.0006259048176923158,0.005587599210460837,-0.004105056588864863,0.003803737210300798,0.0019834346125287925
2023-12-19,0.001318711319537159,-0.004256930920744514,0.0006960393846501844,-0.01427393695757616,-0.0027137298290901037,0.00415625052989739,-0.0010812440170784219,-0.0014335179986360623,-0.0021375735772961365,-0.002701762569587312,0.003150755525055185,-0.0026840981971609284,-0.0018195117911300107,0.030694845756364032,-0.0005354894254859495,-0.0011246953437622702
2023-12-20,0.0005278791743459198,0.006186674918950299,0.0065896701761434025,0.004321414137045105,0.005781884827579301,-0.0014262373167121334,0.00196738972656632,-0.000518961887963347,0.0009604794953360189,-0.004761365478657296,-0.0032406764741333537,0.003109590809519199,9.026330701416424e-06,-0.017529749150805303,-0.0011441139185825694,0.0013145452156362765
2023-12-21,0.0005563040828945442,-0.005447088878989585,-0.005052684079144809,-0.009342804267837904,-0.0024669348977736406,-0.0003713384532528113,0.005525638488971458,0.0010883385870958991,-0.002001106576412696,0.0014517488989992736,0.001129487189179594,-0.002012268877354173,-0.00024698159919708806,0.007019720606302821,0.0032361953638772195,0.0007718845113186749
2023-12-22,0.0018628782837043015,0.002959284685764017,-2.4281890345795266e-05,-0.0007735461539984458,-0.001204580378214969,-0.00012038733560245537,-0.01507291242692055,0.000291245786090324,-0.001923698010557005,0.0040717606710530515,0.004469519249019698,0.0008998227249464412,0.0025352677070382503,0.013734547512161048,0.000835365391190839,0.0015243264315072677
2023-12-26,-0.0015651209256038537,-0.0069633007669207166,-0.006393178826752614,-0.0026784573138722203,-0.002900978966091399,0.0008205350740750448,-0.005071591302806015,6.915717517970953e-05,-0.0005011856150323873,-0.0015009759675017444,0.004547422926326745,-0.0015351356567205572,-0.0017507892539922795,0.007293081111535272,-0.0010203615779207766,-0.0004909311065543352
2023-12-27,0.0028302562287180733,-0.0002682828519786171,0.012048266326987158,-0.0012592699247086314,0.00497031936811991,0.00023675416888614968,-0.0015713616251129406,-0.0005267683123566735,-0.0003094207658735832,-2.8582021734002054e-05,3.291800484342888e-05,-0.0006972623569893748,-0.0005081406213434953,0.003962452374120833,0.0008119730540766998,0.0012445077670066658
2023-12-28,-3.9001629875092935e-05,0.0008846544572879717,-0.0012327654735371685,-0.0030918561738471923,0.0007485336406226851,0.0021330509592331886,-0.0018053453264372141,0.00010736580179809341,0.000517396989668933,0.0019549852500266853,0.001935796152224911,0.0017722752995601944,0.002155948680221485,-0.0008748656669045692,0.0007507179509517561,0.0005983145572135999
2023-12-29,-0.00011489278933183352,0.001886605492112274,0.004573957428665461,0.017464779254311984,-0.002286806761236883,-0.00019403120393904133,0.01374402126762146,0.0013871684517709577,0.003522720585835205,0.00783644804277385,0.0022575269867854686,0.005293828638378207,0.006576592897231498,-0.027357383329317222,0.0013322804854806354,0.005286902264416905
2024-01-02,0.00011701339494178589,0.005015561436283996,-0.0068934192356095445,0.015283692743958242,0.004522388577429591,0.001947583535404007,-0.0021680320636286513,-0.01009443098624056,-0.0008891023719674734,0.005507924022788214,0.006918548819419555,0.00508708785896286,0.0067038721099605455,-0.018944549301285387,0.0025882296625196876,-5.762802817678176e-05
2024-01-03,-0.0026992638732566054,0.00012773886889683563,-0.00637532086345439,0.03510944874381531,0.003553962977703583,0.0011299568698967958,0.018782851358018174,0.0065627989018111205,0.006885207261247046,0.008381797902979481,0.001541029755446937,0.004548963556317077,0.005308039289435764,-0.02253034849492009,-0.002245767297155198,0.0039046058183529056
2024-01-04,0.0004124735746777455,0.01030705818726924,-0.0021080194103269127,-0.00641123419148341,-0.0028316561694854605,0.0006429488013771326,0.010552261032603805,0.0008743404947284938,-0.0004258627021898969,0.0007652501943207534,-0.002908148242026557,0.002042623321368228,0.004493862100846095,0.014209782714090817,0.0027205758317585013,0.0022795021960296375
2024-01-05,0.0012258473542569384,-0.0030409370164066604,-0.0027008642522361546,-0.0031642832283110827,-0.0031645023911531732,0.0013156210514373276,-5.750555903004861e-05,0.0031024006533432675,0.0012211925659009976,-0.0008916192259027684,0.00461480142561771,0.00021963517739735693,-0.0032311885557539566,0.0012436490792499667,0.00048150891806437735,0.002022485198523226
2024-01-08,0.0028948681157620164,0.00673933481889793,0.01666985510266766,-0.011685128484875611,0.0019281992175196778,0.002190818142791731,0.002340555293429517,0.00975697700528572,0.002787097727653391,-0.0005587750697131494,0.0009954473242705913,-0.00162355343732677,-0.002940397667472703,0.00847865590853887,-0.0001291882717719588,-0.0007177767379413572
2024-01-09,-0.0018448332233652795,0.0029552162980132613,-0.01252405450117434,0.006540621163756213,-0.002173795491142381,-0.0010568785946877622,-0.007667913243481301,0.009186791347394026,0.003453551022257407,0.0006926446238833704,-0.005178413427084539,0.0024206461437302966,-0.001239939330411539,-0.005688957793114353,-0.0012039722579333095,0.0005179712713647639
2024-01-10,0.0010715890084574849,0.011048654338947543,0.008938640903976227,0.0029076247779578532,-0.0020508884508984504,0.0003801711586003399,0.008419636429383377,0.00607393636210582,0.002805212946775641,0.001294406863881399,-0.0050223652030292575,-0.0005350153498354512,0.0019241442858035436,-0.007994984150642275,0.006772786544311319,0.000861138923659866
2024-01-11,-0.0015693418941060836,-0.009287181813312588,-0.003583967249013453,0.005162471336195231,0.001179033079588463,0.0003659229789938996,-0.003591272813305681,0.0068742793439589564,0.003748258828625329,0.0009700963295184205,-0.003566832864807741,0.002221565869743622,0.002226811683657356,-0.02613443095294938,-0.007586185822567852,0.0008272298539563634
2024-01-12,0.004525235198238111,-0.0022246974070259315,0.0022752042530997272,0.015612639162769632,0.0015291487171062625,-0.000930132480020489,-0.01784279832210622,0.001119863744501742,0.0018663375144744817,0.0041303364459886055,-0.0030464552879804897,0.0025293053853883392,-0.0016120783708354243,-0.018863441063379654,0.000491853775500863,0.0002953551297714719
2024-01-16,-0.0013313551204848471,0.011985249465732161,-0.00946181324319508,0.012145505465408256,-0.00034123421127123243,0.00013910107632200252,0.008469654438356356,0.01309660110771698,0.005133039241182406,0.0032724374813833564,0.0031679426944901685,0.0040300523142791315,0.002905080944501588,0.004485569510259323,0.0010369370401482544,0.004019876260690849
2024-01-17,-0.0014327339706503234,0.006496441739928287,-0.008336213105450619,0.005028286530740934,0.00035840313404044907,0.0006927698592011358,0.034033400192656604,0.005463743824157085,0.0059004902882642245,0.005492898205306981,0.00012114593668393313,0.0030567142031737117,0.005597877222357843,-0.0024024400078602945,-0.0005418145322175481,0.00532867187185595
2024-01-18,-0.0003647917580488205,-0.0028094444324432933,-0.010089759260870645,-0.0014416411295265488,-0.003905197368649197,-0.0019495134466904669,-0.009297052184296844,0.0032879618703110167,0.002739188525362159,0.001979083066523334,-0.005249350418631339,0.0018341778994944132,-0.0028334585605557707,-0.022502436773629484,-0.001208062225540231,-0.0021397793276157827
2024-01-19,0.0013740460127514486,-0.003393467513091211,0.010417795316906573,-0.0034190679836063344,-0.0019094082907335618,-0.004230850839644576,-0.006480104738890475,0.00858168656781732,0.004241835266809447,0.00036874620438857343,0.004901583659546974,-0.002464553806830665,0.001432752229740153,-0.005118237908674741,-0.00024071239072855034,-0.002714419622169532
2024-01-22,-0.0014351209876518802,0.003139111546488549,0.002403986578110604,-0.006956906345618604,0.0010942231894501477,-0.0021867297586641325,-0.007140813105253593,0.0008559563463248218,0.0007979194795948788,-0.0013007748607530342,0.0008003503852786883,0.0011174342484481688,-0.001404170694378577,0.021074742317937118,-4.23810502206386e-05,-0.0018260982810768362
2024-01-23,0.0006721725674346268,-0.0016944772836240802,-0.015295133879733728,0.0037227427990293854,-0.0011492099575988832,0.0006553968142342326,-0.006517160344450079,0.000472450287595334,-0.0017607443574547185,0.005824634705346353,0.0038549453772793083,0.005014254597090783,0.0031899749022880263,-0.0013380096291823766,-0.0002552191273005616,0.0022271497700371767
2024-01-24,0.004495687510795491,-0.00236013209596058,-0.01760052227870275,0.009283632853567134,-0.002078616257133987,-0.000157383874469498,0.023346830654650902,0.012093839049680798,0.0038255643731806843,-6.60652038694913e-05,-0.002290198781211657,-0.00047949124309148083,0.0015353941598212689,-0.02486548571070933,0.0028855857364406367,0.003725779224582608
2024-01-25,-0.002058407627406343,-0.0018138054870168612,0.004836125769206611,-0.004370276134924491,0.0027883195105401007,0.0027247999180435127,-0.016484373990407586,0.00047919463963799064,-0.004368315473320075,-0.001743683559162306,0.005862458579539758,-0.0012824633479040616,-0.0005605237272901659,-0.01670164933220073,-0.0010061051826262609,-0.006623561624239829
2024-01-26,-0.0003984216851522413,0.0051157391375982394,0.0020015789287954455,0.0007111497344746568,-0.0011889424567063538,-0.00048580991645504545,0.01135833338326004,-0.0020281668252373586,-0.0005184510951734562,0.0022410614724818483,-0.009174801567922029,0.002382620444546143,0.0018453397885293337,0.005666922210839151,0.0023579332720176766,0.0018002073626734074
2024-01-29,0.0032752690111285186,-0.002266590691233249,0.020088480012101898,-0.01658884905234016,0.002256500715836606,-0.0015436506223579342,-0.014608509034949937,0.0014436872866502339,0.0019244860989954997,-0.0023673544578681196,-0.0009325707488093884,-0.0013977004592410133,-0.0011133885007468597,0.03295793962722032,-0.0005771766700392359,-0.0024620370218669608
2024-01-30,0.0008465500864560508,-0.0001302907342685184,-0.013666869074580288,0.012674196657586765,0.00011799331584018261,-0.00031394128898371454,0.009158912776442912,0.0029496172843675415,0.004677427219593722,0.006626820006402589,0.00931603099430866,0.004959983848019062,0.008650056614000723,-0.01870570451052153,-0.0017801458098530738,0.0029619996830074053
2024-01-31,0.0013349712912332527,-0.0027881667109057205,0.00511481288403428,0.009551374627004065,0.00538297133799796,-0.0021953899079498232,-0.0025711027201086797,-0.0019002325791079924,0.0005599088742759481,0.000524813465813085,0.0056412891524545775,0.0038682643644246117,0.003652170524372193,-0.010074987019877621,-0.0002642894057135743,0.006200473129868987
2024-02-01,-0.0003835447075260772,0.00616537657309444,0.0214606451700476,0.007236485037371265,0.0053947815443250915,-0.005327127473312092,-0.022813541494161493,0.0019112905452440768,-0.0003141410580585844,0.002193564368804444,-0.00028748994487146594,0.0012340744449537023,0.002144211495706906,-0.0062543711820054575,-0.0016160253443464165,-0.002150194702026159
2024-02-02,0.007234188287993733,0.008553774070100753,-0.0023051621095924396,-0.0008226801095095699,-0.005394565269815986,-0.0010958980899807992,0.020003276280797608,0.021344221088476646,0.01081838003587155,-0.002822281464248123,-0.006036467817378736,-0.0006586681812355387,0.00333973043509803,0.0069582044659736615,-0.000515229695323706,-0.0008785692594275299
2024-02-05,-0.0013034065487460608,-0.0020940557174088377,-0.00842675957284062,0.008347482815297074,-0.0015515372378213897,0.00024072351727836856,0.020976691937207956,0.010722425799581091,0.007289542664914935,0.001779620625743883,-0.0028349038611632515,0.002707339618922019,-5.247214940677994e-05,-0.021918992973710097,5.2176964057653284e-05,0.0057905873334001545
2024-02-06,0.0019898536284380826,-0.0035498051368083785,-0.00024053341669293279,-0.006814055558404168,-0.00121333083948587,-0.0019880910809836937,-0.0024888561054621718,-0.010151095493808023,-0.0037425391946807494,-0.0026679968610533863,-0.0003046010721687118,-0.002657146845362394,-0.002417383168908542,0.023940422176939584,0.001992651574511535,-0.002011037608342095
2024-02-07,0.0018453782311137726,-0.00014300117904271687,0.0032764752100804236,0.0006218674310066469,-0.0010916875513169058,0.001725592928397557,-0.0024023855347370423,0.012620916704497862,0.008570520593878132,0.003213505726867274,-0.0018824814502035763,0.0009204422440258256,0.002708323075349275,0.0044200877100236124,0.0023218790198782646,-0.0011081437871334784
2024-02-08,0.0005484517553178575,0.0028293922940659027,0.0003234197854096819,-0.00790882207009845,-0.001995329448750956,0.010493095693155003,-8.542856795674438e-05,0.00464711707871137,0.0013828513055180204,-0.0033079916259823395,-0.0019710154787110565,-0.001384553018182355,-0.0023576975243340893,0.029152414386055963,0.0008581870574577386,-0.0018261728275649263
2024-02-09,-0.002678406399334278,0.00232978520554591,0.0031119729996664253,0.0017577293730744437,-0.0014006593302178293,-0.0036137576811117295,0.008431811942378215,0.009036885734660457,0.0019954802453101576,-0.0013660042467519514,-0.0008903878880241372,-0.0020496058766837372,-0.006680799273335852,0.016999922905655197,0.0012238789088070928,-0.002540129887631664
2024-02-12,0.001611019922299956,-0.0031440333161353836,0.001599416696792779,-0.014337323857144453,0.002673153069467175,0.001016854394881348,0.00865175722398631,-0.006859467576656846,-0.0007678354299944679,-0.0013257766471438204,0.010585192896078571,-0.00048168936827035983,0.001121968611195847,0.01979110059470826,-0.00047373679394193817,-0.00010144382424526286
2024-02-13,-0.0014874632916361367,0.0034351001851573876,-0.0026287860724138476,0.025242284502594352,0.002505020247562037,-0.00027226625961648604,0.030730461724903534,0.01119181530252767,0.007791126153215602,0.006886277060236121,-0.0011672456061529793,0.008481338240081845,0.005698529846263973,-0.021445214987737285,0.002090940392640909,0.011341930912724634
2024-02-14,0.0032482798123142052,0.0040232100332895405,0.009945324219428198,-0.01816571541774734,0.0014492133960434398,0.0017204190414049731,0.002297249252943512,0.007944377340622408,0.00028557799104849194,-0.0011462616161862747,0.0018596885878210921,-0.0007427245876421608,-0.0014029992285619717,0.03523411413590868,-0.0012057277435641518,-0.00441086297973101
2024-02-15,0.002153792430066648,0.002311923272769344,0.00893649577644091,-0.007975599282845665,-0.0028727717334869583,-0.0009623899730895622,-0.013073027362693997,-0.008261308791598405,-0.004481537766934629,-0.002067394562052174,0.0007691796208369774,-0.005133217732758117,-0.0036187951121323184,0.011159992105231522,0.002090912508856278,-0.0061294813158121
2024-02-16,0.0010431791545460862,-0.002303555689100634,-0.00447198511547022,0.012063010887926832,0.002559946663084484,0.0035164180749143823,0.016008046767385917,-0.003041296935332059,-0.0009097848287592221,0.00319045176795601,0.0006815422277846213,0.0027537624140327645,0.006504112544833541,-0.016547906180532035,0.002190079299180702,0.0035455296361320103
2024-02-20,-0.0035276307091574835,-0.005351012959231755,-0.007047398329620055,0.00804365350305061,-0.00421184741685752,-0.004341893526681519,-0.011815159694064289,-0.00844116302455613,-0.003784504881212041,0.0019829071882558986,0.0019218385615371722,0.0025617946547136913,0.00026344145228338577,-0.025335073201963328,-0.0024158892134628386,0.0019240320986395935
2024-02-21,-0.00019652328113796272,0.005091186422805706,-0.008490779062830134,0.010411310160793642,0.00025594020584177447,0.0018830439749591419,0.005994734558291048,-0.006253329668343034,0.003280122573299094,0.003723461561226533,0.0024137265741240015,0.004881224697192897,0.004487333557698679,-0.02317488002543864,0.0015905798637627548,0.0023154966089096087
2024-02-22,0.0028864247409361053,0.004791782853754811,0.006596581788994383,0.006786148687581365,-0.0035245824685476053,-0.0018227223923845456,0.005716685237004306,0.02062848793188307,0.010731042990076057,0.002010021821349274,-0.008175928877701634,-0.003831117086400708,-2.0006124501025305e-05,-0.004536010546457352,0.0012687287241995903,-0.0005471409169292285
2024-02-23,0.002330905968962448,0.0028448787469788225,0.013046607472255481,0.0020984718335910653,0.0044222695558337926,-0.001014335863912173,-0.007213377922260145,-0.003378752525496573,0.0016227809485080695,0.0034255858289189743,0.005278526904121852,0.001566441463481567,0.004694774688283612,-0.0031684863397406834,-0.0015022206417796226,0.0021963296345619515
2024-02-26,-0.0014852677102683465,-0.0011509376766884864,-0.007388243466043682,-0.004517077907475345,-0.0019984599382340635,0.0013608474702715293,0.011410608696435374,0.008827158656873266,0.004407368249889634,1.7509784132688222e-07,6.889895733741243e-05,0.0050049667773281875,0.0020040905763162773,0.0410204931039959,0.0009252929858464974,0.0038345155574575763
2024-02-27,0.0014642074507659436,0.00250893890070904,-0.009467177679835324,-0.016251904364785866,-0.001977718945797818,-0.0004447392568854352,0.003627940004112794,6.229073958669592e-05,-0.0017052494563318575,-0.000847556616906654,0.0006402742460791524,-0.0010667002372328344,-0.005481629647537746,0.028476826605966128,0.0015482328894594484,-0.0008103518074173844
2024-02-28,-0.001789375973179225,-0.0008366170912531949,-0.003116019570806752,0.005041138780002411,0.003888478286255209,0.0016153871298297722,-0.01485575996761763,0.003391070667686429,0.0020863143963249526,0.001522295265680844,0.002329032728599586,0.0021342800445008974,0.002601003960805431,0.003113912238535105,9.218827278380205e-05,0.0011479107874689343
2024-02-29,0.003054886488835482,0.00099053042449974,0.004317459401028294,-0.008253811939582597,0.00194566198398564,-0.0014830378490633287,-0.015944909271731755,0.005607955640618547,-0.0006261361645078078,-0.004921949713233777,0.003877687802108549,-0.002747991919147972,-0.0018189389270706542,-0.005265740128992598,0.001608329242617251,-0.0023628588372566262
2024-03-01,0.0012619723660314223,0.00019539212747515453,0.00711952529039432,-0.007962103743399418,-0.0018347173553264033,0.0007039509886854994,-0.034640207814901174,0.010541012337339714,0.0030310043471485568,-0.0021798423479218038,0.0019675645781357144,-0.003940492812522341,-0.00510549558127132,-0.02139462361903529,0.00023107610903598443,-0.0032601662847964227
2024-03-04,-0.0005172631563239377,-0.0013622956072088552,-0.008580047192829288,0.003483559865186301,-0.0027238098829136838,0.0011982307402920783,-0.020832287218144698,0.008331794114443337,0.0006248841446417715,0.0003185867277869176,0.005191760547581116,0.0008087700721163171,-0.000729596620368169,-0.002167165734486262,0.001186471286082205,0.0013318771542935996
2024-03-05,0.00027566680243506234,-0.006230138623792233,0.0006583699164249609,0.0021475005145760364,0.004862924271211931,0.003435325353766871,-0.0036850488290955195,-0.005802220757594893,0.0009847876035531805,0.0013619703069282542,0.007303455768944051,0.0047928790424807775,0.005819173863632213,-0.017731920761612455,0.0014738222290655838,0.006589149267357168
2024-03-06,0.0016665623355023697,-0.0009203115262457259,-0.0055114951957155375,-0.00011246323730163292,-0.0015889618606199623,-0.0030117936834507123,-0.0004951365771318116,0.003006934278570959,0.0015069938864167558,0.0034838316420117326,0.0032137049984567283,0.00014002728581014208,-0.0035329611867283197,0.004904684146900111,-0.00072252571345682,-0.0005099498020769986
2024-03-07,0.0047348864159089,0.0008668163728225717,0.0017498585311338326,-0.006207820153146915,-0.002035418195281174,0.0005033888517024495,0.0115241121471901,0.00787050259847262,0.005010317436071496,0.001019788665459606,0.0009381945978826009,-0.0004997818451113545,-0.0013481193226701337,-0.0037152766228272897,0.0006160837867821775,0.00038533614166570674
2024-03-08,-0.003511274399251664,-0.01143241497617953,-0.0021829090854049264,-0.005865647987531733,-0.0008371729810574974,0.0025556945275069906,-0.02418665286927541,-0.013405090487743508,-0.008277570548352913,-0.0013115369471025325,-0.0006677375194825011,-0.00010171102152230086,0.003107190189903252,0.021861176757345405,0.0013266806657777554,0.0015511551999471674
2024-03-11,-0.0003872635755353046,-0.005829320370722495,-0.0063364507287573665,0.009030409067503534,0.000883616836645002,0.0015684873445035768,0.005826636032375347,-0.009113043904013832,0.00044333855706402093,0.005627535396800271,0.006439558782207146,0.001977318752788307,0.004224337777945855,0.004235467827889243,0.0004577100633574141,0.001676937433130997
2024-03-12,0.002816620364430369,0.004166550976887743,0.005351291145256836,0.00851663687500441,-0.0011661048627805526,-0.0013801799790101117,0.020735156585778645,0.013275934830233484,0.008209226167186022,0.001997947149592249,-0.0036133695767449512,0.0007941191376039571,0.003884727129994702,-0.021816777011037958,0.00010942376377227891,-0.0018909470611497932
2024-03-13,0.004194214614041996,0.010526175726382404,-0.004989040251466702,0.00016082566569429907,0.0009929981166821725,-0.00823948755967583,0.018638326420073254,-0.001436752862195469,0.0009626668190913785,0.00020642085664474095,-0.0010224470575921412,0.0032211723644149396,0.001127886903466718,0.009104947946312336,-0.00015814439170226745,0.0013793161977072844
2024-03-14,8.804727108417502e-05,0.006796113307528599,-0.001295841019951391,0.013687845282430548,0.003314450589701536,0.001595082586225192,0.012076233743476703,0.0030105751269076907,0.00615671321809392,0.0033832172013969946,-0.0049812573584746694,0.006105373293076161,0.007118768235685817,-0.02143444248509379,0.001701034156468063,0.004468696415609524
2024-03-15,0.002583781622662794,0.006891453367549188,0.0001652734100779968,0.004727737016967833,-0.002439488006447727,0.003815639275241316,0.02032915390508154,-0.004832440880659384,-0.0031356337251220584,0.001185490905471689,0.003750816063926783,-0.002769809549658265,0.00023041527995433693,0.012444389585186032,0.00039222612546094076,0.002837023296854135
2024-03-18,0.00014931959320045856,0.004091803625590373,-5.4557060321539647e-05,-0.0023497271421816716,-0.0007831681552869139,-0.001883232291105732,-0.0008405598228775285,0.004292465262426992,0.0027055464457019893,0.0006634376353019608,-0.0005191539327344219,0.0018015216944512328,-0.0009329539631863031,-0.002014706139432239,0.00044328932262650367,0.0003330499770201078
2024-03-19,0.0007061401853012768,0.008321710533185762,0.0031880764225538137,0.0062622863752997355,0.0014203385826729868,0.00045952438025656734,-0.01912793723582136,-0.00019175945694427377,0.00145224370563611,0.002912768608900224,0.00031696124001563686,0.0016689725291410447,0.0014277920808244294,-0.011653403657900449,-0.0035869263280229975,-0.0019569908070454205
2024-03-20,0.00023732834862853335,0.0030464573223571295,0.0008776418359129233,-0.018953334473456367,-0.0020019715823981123,-0.0015674543971519609,-0.010570739079192823,-0.0015355757716662768,-0.000799572646911207,-0.0035318268838684993,0.003440432156403054,-0.00362911468888775,0.0001840022768553407,0.014302477010211215,0.004439935721982081,-0.0006177964492338462
2024-03-21,0.004263209641293604,0.0033166408729778814,-0.0036259893006584136,-0.011245749672963682,0.0017094951225436676,-0.0018410069447837045,-0.01998917872509491,0.0047768042948564396,0.0007806147383400191,-0.0024384573272511756,0.0037762406144055552,-0.002282317747248582,0.002287632581624167,-0.0012456263448055085,0.001443823871547884,-0.004980558804251376
2024-03-22,0.0022222910380919596,-0.0004552818418723844,0.007278473700800733,0.003921338708500903,0.005518932933334997,-0.0014317347916137668,-0.0040752256152865995,0.0062738124239983045,0.0018202671199439345,0.0030749186932856557,0.0040132191270987,0.002353678922094541,6.572271486071559e-05,-0.016643931438484076,-0.0032031181141132315,0.0030263563468645414
2024-03-25,0.002110211931112422,0.0009764834219876099,-0.0026336153109971514,-0.0015183717503677637,-0.0023009871330138864,0.0034537421206502486,0.017758221904289793,0.004834874206383547,0.0009157455574123089,0.0006721518429425076,0.0016971932037708783,0.0022137075255955338,-0.0006024536287301632,0.025314152919258825,0.00391149461935922,0.004591635020812464
2024-03-26,-0.0027635025849558877,-0.0013206153761296296,0.0006275614351201712,0.0001221442454493885,0.001180418561379278,0.0029277095900169495,-0.0023615624078548417,-0.0013266366097536555,-0.0008443483263627593,0.002232743672857011,0.0037807530222472314,0.0026240200362187896,0.00244661416678817,-0.001766428483206617,-0.0008970841048557443,0.0028061105953854307
2024-03-27,-0.000496041745639924,-0.0028487373816969176,0.010296295687520357,0.0004668203638010318,0.0027447202440556012,-0.002473666646680516,-0.026393835328624264,-0.012295732147172111,-0.006898289986410972,0.00010713473958791006,0.006384939967851772,-0.00413612878552851,0.0007342453791984206,-0.011050384022847377,-0.002055198048005239,-0.007822261775331822
2024-03-28,-0.0004791110344392058,0.007553391002649565,-0.014172966916106351,-0.0057828190533629675,0.00010586183875052743,-0.00015848938970611953,-0.017974816844482384,-0.0019450519063720045,0.0013931095782586602,0.0009728544833598005,0.0040856133252196525,0.0009371809533079659,0.0009503048474624791,0.0007976350526985151,0.004190129843881707,-0.001351490626617044
2024-04-01,0.0018083308788496802,0.008786600713150197,-0.0018739932703487148,0.010550378627065541,-0.002951109497484042,0.00018061451749376307,0.010792295388191655,0.005387265936110427,0.002567551898673163,0.002211322772282572,2.4585953815797756e-05,0.0012485355516121052,0.001174844349412148,-0.011083183503355909,0.001568492144484184,0.005345804685815194
2024-04-02,0.002199538273488888,-0.0046413377767915015,-0.003779849599648605,0.005411990628634263,-8.90896154101086e-05,0.0014310222577473292,0.0030548317020797078,0.004091340786227297,0.0038276941385894363,0.0026472030507144794,-0.0017015816800966376,0.005422063468940384,0.0020502145795856606,-0.015827646413441802,0.0005339444239937196,0.006866306505833929
2024-04-03,0.004974799382970137,-0.0020999644820035427,-0.006614520260253147,-0.002204741763773696,-0.0024863543403331745,0.0020747555437062495,0.0023747150060460204,0.008769875599262173,-0.0001189100550455184,-0.002342608514707199,-0.002223669928389794,-0.0010799985372764833,0.000512190152543469,0.0026649281686338365,0.0014366002003735035,0.0018385401705544764
2024-04-04,0.002703836884698483,-0.00747598364448064,-0.0007453386175553045,-4.7561944272103e-06,0.006415215443106157,-0.00554832137961303,0.012695047495620088,-0.0023173671378070825,-0.0004606996724617514,-0.00021649577974879042,0.001878951330858799,0.0013349792294432578,0.0030949387103969793,0.00905137384462525,0.000519789414539834,0.0027624684588786388
2024-04-05,0.0011323083409867808,0.008219690023135747,-0.007389249937810288,0.0112859596346969,-0.0055550287256352325,-0.0034080825987612756,-0.00769402787063422,0.007560149676281432,0.004317077711659054,-0.000131604688489286,-0.003979531586249118,0.002054131810578527,-0.0002924716391145641,-0.014989509355897154,-0.0008209680477052093,4.789102962297724e-05
2024-04-08,-0.0026356167997389343,0.003848987931371098,0.0006660221381872263,-0.016157120037050922,-0.0011824798551401954,-0.0005614392306323573,0.00023218531079281356,-0.005397147847808101,-0.0036979196690755125,-0.003928763663704678,-0.004341069273879679,-0.0009813305381574378,-0.004092303733379175,0.020020816520622636,0.0007255211506764709,0.00039655533951178895
2024-04-09,0.0015318964047815972,-0.007146837076729147,0.00938246000194804,-0.013114161651116826,0.003366424377634003,0.0029569726171222842,-0.020383798043588797,-0.009565177929388487,-0.0024949639453469043,-0.003171631337547735,0.0030922805823627862,-0.0029877952697126148,-0.0014110250241095063,0.007512401832354618,0.0020103772937532637,-0.0010775143047207004
2024-04-10,0.0057690113270428035,0.024446881484992182,-0.008783494675428972,0.011837231897224052,0.003686539358142657,-0.001315349334625795,0.04877319998984246,0.014788321247465052,0.008188815362811533,0.0057138562771305735,-0.005409423107278209,0.005398016539677589,0.007697790379828396,0.0013447344561587776,-0.0006073980903653423,0.007123980807494159
2024-04-11,0.00041012592188890886,0.0010170091129796666,0.0056613709662497866,-0.007454004124186682,-0.005318936708527634,0.00014610060830460366,-0.013232571372579948,0.00160106634116235,0.002929757879675524,-0.005245744810702446,-0.0037768818071112964,-0.0005884242910223435,-0.003200348029818159,0.00016936484246030462,0.0026438017278042716,0.0014951718365171225
2024-04-12,0.003932322825572401,-0.006682901765290556,-0.001929536152639725,0.008078281448988624,0.00686457248053538,-0.007735270564729014,0.004495901614431051,0.002341092264792923,0.002792842599389469,-0.001651148401924622,-0.002829075414448559,-0.0009592425328008788,0.0011889192725506037,-0.005446211977397922,-0.0025271750045666253,-0.00048486069226335703
2024-04-15,-0.0031985456231068774,0.013370542063497368,0.006277785883743888,0.016984678211021318,-0.0009671211719968461,-0.0015542474561164128,0.009644276690274881,-0.004209642031896412,0.00022847215497477646,0.0038524224128820717,0.005822302878570985,0.00042000858679066416,0.006564725528890036,-0.02728519714938871,0.0017832321532954346,0.003961726128261069
2024-04-16,0.0028585420745969904,0.0004221936314344351,-0.0036425027134632595,0.004908306317839533,-0.0015096064323821814,0.0032029537338312064,0.003491867172764791,0.010517688378515593,0.006544958833865658,0.004013854718424227,-0.001716162933964309,0.004711317706758505,0.003365041006667644,-0.008066230391344091,-0.0020302854435070225,0.0030454461049075096
2024-04-17,0.0016206772436938976,-0.00862291984754611,0.008161888914083454,0.002433795197302464,0.004606777035027561,-0.0011492338716266068,0.016901662378722232,-0.006324733569827139,-0.0003205972544954227,0.004920578672409982,0.004316162269134371,0.0014825825620486243,0.008253106208764018,-0.005116965979229077,-0.0010699688622561798,0.0012300060459732223
2024-04-18,9.262288342494745e-05,0.0038417343979755634,0.0022259588823739444,0.005963058750913363,0.001058023287758533,0.0033055169399733787,-0.000230396181420121,-0.004789711856927752,-0.0014340528823535803,0.0010682011081946288,0.00024199175924823817,-0.001668935546446035,0.0008673789977779312,0.0011487432478372176,0.002137341480348486,-0.0022582213931368472
2024-04-19,-0.0015000203233602539,0.00227706162035475,-0.00613161848268319,0.004533653266710782,0.001782182724550991,-0.0006714271294210566,0.0025710748463710267,-0.018843254996623246,-0.011101955391578303,0.006544854993920391,0.005571358613772398,0.0004481657004486836,0.004927948084955992,-0.00819814723391407,0.001074884489310896,-0.0013415143286277078
2024-04-22,-0.0037701398818123628,0.00246497989306104,-0.0022075389308531595,0.00033433679389883834,0.0009914588283136093,0.003607484485601205,0.02552372902275484,0.001294745342845717,-0.0015222530721423645,-0.0017265820907976324,-0.0028246947512945014,0.002259730342675197,-0.004463905002067855,0.00013683740157714556,0.0001953123252215628,-0.0007789063138579399
2024-04-23,0.00021521134323072974,0.005700094004042844,-0.003656830580900585,-0.0037653884539158074,-0.004409049742957998,-0.005122541366146756,0.004746778233902191,0.009899270426335052,0.000543421280811713,-0.003071651648345785,-0.0026267961101261797,0.001134711275059215,-0.004750412891494157,0.011756325424621506,-0.0010913703524828766,-0.0007268842549566796
2024-04-24,-0.00010612292747666876,0.0015366342936565605,0.00405284187150205,-0.001478186768480031,0.0007213334623888444,-0.002604388981795689,-0.001217538800546974,-0.00287074998785947,0.0010393034149259353,0.0036405967077630997,0.0047322541289122454,0.0023991262308485006,0.0036784704008684843,0.002802959197149496,0.002104873356727763,0.002049646313899008
2024-04-25,0.00012630284103348354,0.0002443405506376158,-0.0005686376932132952,0.004328277792214489,-0.0005412927608643781,0.0005450047260915676,0.02166674131486676,0.003113342418566133,0.0036719102749730318,0.0033824257530586333,-0.0009381160743226593,-0.0008576348482358734,-0.001010651708132233,0.004321177186550815,-0.0008517099578035754,0.00435838884989026
2024-04-26,0.0009173655062902786,0.019506318661357228,0.004004943868746928,-0.011120636117685346,0.0011911675293421777,0.004170704010438354,-0.006027471386371958,-0.0001427768895001895,0.0027419276353207248,-0.009557280377667756,-0.010951469281217522,-0.0026978810956442972,-0.003945507380955799,-0.010425236927469706,0.0018063453928119297,-0.0035249386469804094
2024-04-29,0.0026828774603537987,-0.01491503405528758,-0.0045641422581911605,0.00232549714026787,0.0011662488053552226,5.7844947344314794e-05,-0.002324551702508763,-0.004375610656387748,-0.005183607579984194,0.000412333688112599,0.002419933474734719,-0.0011883003931327301,-0.001436991729505845,0.01711513324970336,-0.0027051096457906204,-0.000695911088386366
2024-04-30,-0.003929654373638543,0.01600343506306455,0.0156860510549024,0.007518851766143933,0.004532709818637983,0.0014315163310930088,0.016218521526389897,0.007206129678469973,0.006488432886514406,0.00300163614825218,0.00020866151304986535,0.0034678835209883373,0.0026012615184258722,-0.005445038210103226,0.0011797801597212276,0.006125688622025088
2024-05-01,-0.0012280436046907262,-0.005659235411475363,0.006812394148059224,-0.0014954840439121136,0.0013373050725020781,0.0008031680950604744,-0.012499965229422594,-0.010756429137824814,-0.005106587744221184,-0.0020360306367676407,-0.0062821339181032805,-0.0025792177405450354,-0.0033450675776217154,0.009950712928032941,-0.001584125325303446,0.0006369843216466535
2024-05-02,-0.0007173096593701038,-0.022583712957457286,-0.018104636863897114,-0.00698376349161038,-0.004625579816372408,0.000921856559676742,0.014361011357351924,-0.0023659889902590842,-0.005173888317936795,-0.0043072278352948405,-0.005572003200914551,-0.004884323767268909,-0.005329395372908418,0.0032977223324538348,-0.0008630663517246529,-0.0016577975921751795
2024-05-03,0.002242453452029785,-0.006895534267230871,-0.012893876571090718,0.0018141929573200644,0.0009915419122357213,-0.000932688387843772,-9.083764149424647e-05,0.0024050351450181015,1.7480032943946455e-05,-0.0011599011918358732,-0.0028790498920637005,-0.0004563298650477783,0.002858759367174014,-0.011404466925820412,0.0002526875414467569,-0.0028084835706566657
2024-05-06,0.004170308490902061,-0.0006512792100550908,-0.011937080014785158,-0.007064716101854277,-0.001724732520711504,0.0017686427027835648,-0.013313210365032642,0.010911583300365494,0.005832403705074851,0.0009208394657607179,0.0006018464959216454,0.0008631723503497567,-0.0018521496089288388,0.008498789380662649,0.000947680886922716,-0.00404058642478397
2024-05-07,-0.0016538809889439002,0.006367837418080248,0.0010410018271796474,0.00945254148353331,0.002541456265057112,-0.00015329786692948186,-0.009260335628409154,-0.0004515127945189548,0.0026492269097361403,0.004274997805342134,-0.0013034637137833713,0.003311759844647131,0.0034910975749224615,-0.01846739281085654,-0.0010183287076247643,-0.001995354866818967
2024-05-08,0.0005762905083953958,0.006321121651530177,0.012924223884932935,0.011360528370894208,0.001574651946774884,-0.0005558723346491465,0.005047794506265295,0.0030154950666877226,0.0023532086057036685,0.003230390247188241,0.004629010666343549,0.004434439934515585,0.003960703068020615,-0.023784161761849717,0.0011139193621476327,0.00280735243713312
2024-05-09,0.002623329238554845,-0.0012330724894065673,-0.005558890600311042,-0.005718222194820975,-0.002351749510025765,-0.0028215983364533177,-0.018971458304234252,-0.005462677430833272,-0.003394848588811801,-0.000608085156260478,0.0008035743467716804,-0.0011627871898472562,0.0031713765936341714,-0.014914730833573355,-0.0025905132345913594,-0.003004127998804931
2024-05-10,0.002452220851047471,-0.0020713718769688684,0.0015973172236714585,0.008737549087219226,-0.0007250535447743856,-0.0013352136833764826,0.009903761339367274,0.0005230503032935987,0.0035392390184955493,0.00429852947996506,0.0023718223115790434,0.0017222002072081978,0.0019783746574747246,-0.029564136041932212,0.0023446585555268527,0.0014458385050787927
2024-05-13,-0.002692068995997095,0.0044977460603727055,-0.0032477248617287543,-0.006076981284804234,0.00016353710260473856,0.00233740608600093,0.024600989814349068,-0.002598252435368593,0.0004992019462023291,0.000618790862281719,0.0029686708318573244,-5.1922131930939625e-05,-0.0016417109605208664,0.03044208626945601,-0.001093327007182479,0.0004038999169694766
2024-05-14,0.0019388588313613815,-0.004584245730031876,0.003547662686675384,-0.010324495990562708,0.001193117678839159,0.0015977654778144014,-0.00845158273232877,-0.0005511732855180166,-0.0009481721754049021,-0.0028827424190138204,0.0005153134868233541,-0.003229416281729296,-0.001441190832469394,0.011367330859207684,0.0008916420415142285,-0.0017490818669124513
2024-05-15,0.0009348291094870408,-0.015231256449781759,-0.004644408232240672,-0.004855234981527708,-0.004212038795356981,0.0020822812519303304,-0.018911817220848764,0.008914925038415258,0.003920595894640408,-0.0019066140953423408,-3.776455376007862e-05,-0.005997822943574675,-0.0013540044497512872,-0.007111179518328591,-0.000574050088257943,-0.005984281807699626
2024-05-16,-0.0011332785516900263,0.003088073585429194,-0.0031400434247979615,0.010987308184072234,0.0016426250485945659,-0.004213145600857724,0.008403956810682848,-0.0038514453117759933,0.0001856888433952918,0.0063445416772666165,-0.0009557026448858835,0.002762784792375262,0.0024440187780453123,-0.011144528908207947,-0.0005394171241406842,0.0016106275060747196
2024-05-17,0.0030020946982099624,0.004167239965839605,-0.005761498312814264,0.003089014905270815,-0.00036668009142875766,-0.00373713926106904,0.0016505472475396958,-0.0029504537712447083,-0.0018579270625842905,0.001236670409550941,-0.0021189905528064264,0.0013716477167881195,0.001034577577037518,0.009019175638035521,0.0009206111031731705,0.0006598101523800986
2024-05-20,0.003652112697807109,0.004681110801498629,-0.013547338072036926,-0.004164759017583581,-0.001315937291810253,0.0035292801616957255,0.010942768116944572,0.009530339629650504,0.004193349654102328,-0.00046373198415789905,-0.0028944649713705827,8.204834142759077e-05,-0.005124373206924385,0.003993399785377425,0.001555644031730932,0.0008745677918640482
2024-05-21,-0.0009206413821210057,-0.0008255680216873811,0.005078530337566489,0.010849351820816864,0.0021960300903439167,-0.0011554460215298231,-0.001961315854628404,0.0016072360977168226,0.0024336834195457634,0.0003268832205602257,0.00272013145390156,-0.0010182780990110483,0.0036253582895753086,-0.007756535889483388,-0.0015026541402066915,0.0023416833618902237
2024-05-22,-0.0008169770009700036,0.0021482359397427837,0.00022594643495568202,-0.002069702820698829,0.005100952958875572,0.0007557986405742974,0.012622695955294399,0.005974242579656588,0.004599637650974036,0.005326625169344746,0.006882213444502095,0.005853368363124794,0.0031565298551938575,0.005167416905145971,-0.0009496918484753463,0.003142912198852669
2024-05-23,0.0027971598029714675,0.0069485941139216505,0.00301693619808455,0.0074212204048966545,0.0008553399367023547,0.0037772902293054284,0.022753203227430734,0.015149899257566145,0.011239463755140502,0.00013426215321497154,-0.0009776769633124717,0.004567636330937146,0.002513851617063193,-0.011658636935559984,0.002240349174721416,0.006047266909656797
2024-05-24,0.00019848235180443957,6.369672858603506e-05,0.0013978017066324702,0.005285957773205787,-0.001319337744274074,0.0018729801501242468,-0.0031375490528642684,0.004768961818252915,0.0018281566362239954,-0.0013142518141841231,0.0004811605693263296,-0.0030719772047773193,-0.0022085472518905813,0.008941194546778709,-6.299357319827087e-05,0.0012794398849250532
2024-05-28,0.0058045317283574845,0.006724902996740326,-0.010006452225921239,-0.0031109152698389777,-0.004594959111950082,-0.0022224251909449227,0.015318327274157995,0.008560896723834217,0.006140589053389579,-0.005888001722610763,-0.006716901186601413,-0.0020610431188918515,-0.003809855975583214,-0.00311156978483031,0.0015615136207043593,0.004359764779429176
2024-05-29,0.0036010145842924075,0.005192959457994957,0.018930636469432598,-0.003363750488563776,0.004400770539552597,0.0014188194985361312,-0.0006011565678230701,0.006602590692860932,0.004077685357153464,-0.0004293148650596334,0.00045144930941684765,0.0027047472490877265,-7.435478737919873e-05,0.009176854782531038,0.003665741506177828,0.0023286547441467463
2024-05-30,-0.00014293855205808957,-0.003377516235082623,0.006116031762910179,0.0013372974377300487,0.0035395832853148236,0.005175183430436142,-0.01266014181094557,-0.014237403074885729,-0.004017673724243232,6.985976512340606e-05,0.011854453252373862,-0.0018883459248066241,0.0030713401759136024,-0.006718103655878686,0.00022606488164636962,-0.0019116365760953426
2024-05-31,-0.0015582769013664018,-0.0007265470040901309,0.006270280091625592,0.004337506813049081,0.0029661915965241677,-0.0038909026200351546,-0.016577886824055674,-0.007907036295647762,-0.002007453591947485,0.006022276026427485,0.008391654734675506,0.002777693207293614,0.0038491062116339366,-0.015614825907524511,-0.0011662435546084646,-0.001556693456218481
2024-06-03,0.0008544973861588745,-0.008606932399529458,0.0012589108003784235,-0.00622380295164935,-0.0012283483792632256,0.003541354936949049,0.0027827655015305883,-0.004306720310821857,0.0009556264094146558,-0.0016903374906002758,-0.0029106041964624373,-0.0051332874526878,-0.00312449876950807,0.006787529223933117,-0.0010895185462686306,0.004614913225323319
2024-06-04,-0.0022016968615445258,-0.012615794208579797,0.0019238359582651517,0.004028986104237099,0.002907027888521988,-0.0014163287698881434,-0.012400770961787405,0.00020391613378381102,0.005065373470027002,0.005388998407482004,0.0008164459125824869,0.0026592043415168513,0.006058785330719562,0.010744745774936663,-0.0029637894942946383,0.0012038428236556225
2024-06-05,0.0036320990405307252,0.0037221596520100684,-0.004547772332376725,-0.002900698025304397,-0.003552715738597516,0.0008230406544567389,-0.014810186257796842,0.007377887719388382,0.0013627511510404672,-0.0038185485316241125,-0.002520846119694123,-0.0026730825321270683,-0.004377464734705511,-0.005015976652962981,-0.0017524981516795065,-0.0017966008469121504
2024-06-06,0.002567870563460695,-0.0012729674570480473,-0.010587224966275613,-0.004509885943852097,-0.0015242946997858263,0.001269403042736052,-0.00455842019417206,-0.002932220208676287,0.0007964795708578099,0.00157296693001778,-0.0028087777966280068,0.0019782062549879888,0.0021659680735312903,0.015282204326749106,0.0028061166782875555,0.002004411257110737
2024-06-07,-0.000520793477509128,0.01993365113474619,0.003061227772836125,0.010746154284575446,0.003427312889608295,-0.001695058763270572,0.0277404422197552,0.009583073656880292,0.005450594322495307,0.0033672140275971332,0.0031204216764288686,0.003923147201620935,0.0011024935753984047,-0.006504447536200596,0.00010268155206422797,0.0016013557564951457
2024-06-10,0.006269193325538295,0.004096278776384153,-0.004843716846827344,0.0029261412501946867,-0.0009820972505222186,-0.002029768825744521,-0.0059151710295871456,0.008088698003017633,0.000696824155843173,-0.00037873277055097297,-0.0007203401527357805,0.00023577288892859022,-0.003401229089974267,0.003921479943518059,0.0051209101612486865,-0.0021236577875356002
2024-06-11,0.0005687324171831642,-0.002992536870664225,-0.0033866764819657016,-0.006263391409729167,0.00025178928065514874,-0.002016180057204251,-0.01259515638645874,-0.0011442236929493977,0.006851985532336112,0.00042151848365203776,-0.0013181088721694097,-0.0008636580675674358,0.0021111117469069214,0.0010587366301733738,-0.005601439527159535,0.0008719804564961216
2024-06-12,0.003841773109893405,-0.0061940233238528646,-0.00040688582788988605,-0.007516628881786716,-0.0025848068066383553,0.0019361474124934418,-0.005318919141487591,0.001699104029608614,-0.001982143102603069,-0.006871686363441347,-0.006404031832279232,-0.007449059646302077,-0.008875775504487765,0.005587258717308028,0.0019304925270518035,-0.0020278063853588144
2024-06-13,-0.0029664983556341082,-0.006643881721974846,-0.0037445836772030854,-0.002634077006260658,0.00553128978848421,-0.0006136676870643763,-0.012069117198369922,0.012624733554730417,0.006084035868864932,0.0007409397837196134,0.0009904550477031473,-0.00030472520234473303,0.0042544517497113245,-0.012333807826465867,-0.001712974156454574,-0.0008939834728877289
2024-06-14,0.0023073005677587874,-0.0036302569547521394,0.0004093753540515229,0.007979433826782081,-1.3252721201764163e-05,-0.001452010870063412,-0.019038013783218982,0.0014411673389940712,0.005443255665115932,0.0028338902705033787,-0.0006778497895375069,0.00017784041843623647,0.003875922195068741,-0.010900509990819584,-0.0007190286488692231,0.0019790395903938394
2024-06-17,-0.0004248038033136906,0.00875401107637984,0.0024516272833744954,0.009675313581990454,-0.002323656038157485,0.0001256606149367109,0.016054198709909144,0.007788545283815415,0.0027859781654157034,0.006422463275946682,0.00028461236246746496,0.000287706476593177,2.8331654763448684e-05,-0.004563636516174384,0.00026306377164566036,-0.0009765218336093011
2024-06-18,0.0021269123830023034,-0.0032672134547240355,-0.007133759569862197,0.0017415920437389959,0.00013463302965202508,-0.0026935276068827114,-0.0008711135851737859,0.0047802113921471675,0.0012174441263355104,-0.00045765387727058054,0.001299387459501906,-0.0011471065412570784,0.001993863225827517,-0.01566076221970339,-0.0003815369969883786,-0.0022566664622264807
2024-06-20,0.002380381124422272,0.010451569603412708,0.004638323536669288,0.009802428952084732,0.0005675358336396084,-3.9124110603807065e-05,-0.012481487495836396,-0.007711456028784268,-0.0033850574605706714,0.005939628070619202,0.002954616470980169,0.0037134375650972728,0.005961956374592692,-0.004328931448923122,-0.0008707031577397831,0.00018193819217763793
2024-06-21,-0.0047780373924338525,0.0030547854350892406,0.006159135825559946,0.0054532785545392,0.0020508421425641174,0.002812166543542269,0.009490394681420699,-0.0044707825648615356,0.00013600428603213147,0.0004858033673582603,0.003937486567790178,0.0038869380061870777,9.50810754018999e-05,0.0065488178183830785,0.0012550854683765814,-0.0010165256720880758
2024-06-24,-0.0009322366192328715,0.0021934713404060694,-0.011841715095217791,0.0007540431635588894,0.0010900570673325173,0.0005599889165226692,0.011396152698306461,-0.009029840235127814,-0.0026759898796800876,0.005264587965767838,0.005401648133210757,0.0037558867201470726,0.005849376862533407,0.0035550309981856355,-0.001215102662204883,0.0008473944780819989
2024-06-25,0.0026740499106948272,0.0006654647308742324,0.01367676956594912,0.0013229526116233991,0.0032043860553751208,-0.006223267598211358,0.01125793292506837,0.008377962794518981,0.005551838481796897,-0.0018624044673980177,-0.003304030441808035,-0.0013928991092811418,-0.002258723017064263,-0.0022186478868878503,-0.0004054475484301774,0.004095586737723636
2024-06-26,0.0007992426604030308,0.007567274447543318,-0.0009181603168208806,-0.001527809838158657,-0.00026366505552064684,0.00498734199037928,0.010745336732194657,2.431485836896629e-05,-8.824633154902624e-05,-0.002432278740971925,-0.0038342897313710074,0.0016107913688534724,-0.0002651805514798484,0.010233887536616602,0.002899214067646909,0.0006808677669803278
2024-06-27,-0.0031629129299639742,-0.002540186272108011,-0.0032054242923508446,-0.005370626655599684,-0.0007031101378702723,0.008403091547605854,-0.01614667472000534,0.0011792646238747363,-0.0032510172187500803,-0.001139237914227635,-0.0032994798299220383,-0.0023284216754004636,-0.005712022426747985,0.007750440835083456,-4.185563202751565e-05,-0.0009102801924223154
2024-06-28,0.002328709705658469,0.006396388889578672,0.008145880398815124,0.0026602374548188694,-0.001379043870035979,0.006110435402785978,0.0011632053498460936,0.002745035368278225,-0.003519965670291807,-1.3783170612591397e-05,0.009312869435951027,0.0003026938877829207,0.0029429830942195164,0.006241189537228874,0.003934394242359635,0.001357941426153508
2024-07-01,-0.0017489548871373638,0.015429206519892569,-0.007844128950100412,0.009467859116345085,-0.006471260587378265,-0.0006734470920946914,0.010813386819759026,0.0027820012817308722,-0.0014775969556337712,4.4944461722880736e-05,-0.005406865305430628,-0.0018962146515987066,-0.002325908561812308,0.01177274768595303,0.00681728712460755,0.0034501092128039505
2024-07-02,-0.0007884966824991848,-0.004907289112912325,0.0014525828946169344,-0.002067728057076984,0.0010837128949944897,0.000637372832014422,0.001588965851848802,-0.00047957019616652174,0.0003069302233646397,-0.0009092462550408086,-0.0019195429751506015,-0.002382816178686053,-8.154728855181564e-05,-0.0017717607680540932,-0.006006178505922354,-0.0013318131476995516
2024-07-03,0.00594645086285525,-0.004261520745249519,0.001294569220727923,-0.00425566685698716,-0.0013940163754569065,0.0009265110330846792,-0.00040191186851532956,0.0019514825104476451,-0.0002110973210399979,-0.0036882292160149914,-0.0049432660239453145,-0.0035989351218744274,-0.0014885270582526452,0.0043474971423630125,0.0011771140510308045,0.0009194455931105883
2024-07-05,0.0010111203369416056,-0.005064503470687262,0.00941702011526867,-0.006971843496908154,-0.0010750891940898705,0.0013758056598044805,-0.016067655667503854,-0.0031333525884248642,0.0027506562190319417,0.0007344384690964431,-0.006018337291523867,0.001841959116257729,-0.0017285067043111353,-0.0031841497355873973,-0.0024554501274991728,0.0006013656648959243
2024-07-08,0.0004397583250187022,-0.0007006810527361998,0.014435443727276289,-0.002400520412937287,0.0032685196096004154,-0.0004289817520883761,0.002367767615911916,0.004899581012006005,-0.0006472453198353245,0.0004362931019040466,0.010793675432552887,-0.0028984485402350118,0.001420913425792088,-0.0002321339363759152,-0.0008530057644535003,0.0005733507572042036
2024-07-09,0.0020111297259612915,0.00557953046518549,0.003694345252775479,-0.0005089198652898765,-0.0016712544974003068,0.0010788810727972292,-0.003446334034512484,0.0032118836419877707,0.002110571917948177,-0.000637021681697788,0.005485924740719377,-0.0007778332395381091,-0.0004022411406523238,0.005355991931407928,0.00027202100737823323,0.002306196072119282
2024-07-10,0.0028673203543164803,0.002252985479815169,0.009354438227196206,0.003551367293566826,-0.0013007229992016067,0.0024514700027650446,-0.0034782360550616436,-0.004678521811463899,-0.0029979851077317904,0.0008460514475055591,0.0005027444472461388,-0.005067412385623231,0.0008277337726163014,-0.02111892489976934,-0.0006622688083814969,-0.005516791419243536
2024-07-11,-0.0024400535535629084,-0.016068975499860316,-0.00042919816773459964,-0.021891973789227536,0.0032072642108420977,0.002858222817651314,-0.03201422253329749,-0.01220737073306126,-0.011152832694462666,-0.002566313027297826,0.0029227051192417548,0.0019979157869740747,-0.002539411582369696,0.0044743284099554685,0.004758325721304904,-0.0017711590571245221
2024-07-12,-4.89857442243682e-05,-0.0017249908093056184,0.009812453938771296,-0.0057919189626013745,-0.0009261593173293956,-0.006029526207551862,-0.005754662467176288,-0.004776746365473428,0.0001903856279852562,0.002957419684884492,0.002985306782086165,4.563150844838493e-05,6.075278590590184e-05,0.01198842814036313,0.00031708287548255906,-0.002295978969614783
2024-07-15,0.0019520524175967637,0.0022636422454420514,0.009200831111698003,-4.6309506476376484e-05,0.0008345106794107838,0.00038291826791039607,-0.005723813577609635,0.0030620847524466793,0.001569694781398412,-0.0012740639299530848,0.0007303279130225077,-0.0026076583293670854,0.0026051100124556926,0.020678474005219882,6.585051717552474e-05,-0.00216077521033716
2024-07-16,-0.0021412118050550613,-0.0011920227220138793,0.0029964058713946437,-0.008482692466146663,-0.0006498320693958427,-0.00012955467638494506,-0.03799459463947093,-0.009687578128596658,-0.006320268612019758,-0.0009731370326134265,0.00825308993297319,-0.003603743558617504,0.004022952421298749,0.01768184890695075,0.0018890064685192628,-0.008861327687360735
2024-07-17,-0.005715338356665626,-0.01066334407685179,0.0006774764275137585,0.01825343883441345,0.0036525414800648096,0.0017522080960952636,0.009699796024996462,-0.01875956243266944,-0.0031617125656549904,0.007939913389902489,0.008874082368197443,0.007856445999922567,0.011334035517569861,0.013126849280525182,-0.0026283355553987373,0.007977757874832896
2024-07-18,0.004540330851941049,0.007187279415460058,-0.0006953470604498148,0.0009951581971785074,0.0034806317495157217,0.003171217862562187,0.010595620528084698,0.005915991574249544,0.005482892547479291,0.002934982815732859,0.005973562832236523,0.003517010243951773,0.0008675451848450498,-0.018153096228206742,0.0021559338840048898,0.006918258819125301
2024-07-19,-0.0006766048207745498,0.005402666052121263,0.0023169488362605444,0.0030933156713070825,0.004730020838828975,0.003108743034362012,0.012935355031319167,0.0054134053890206885,0.0013743908746349839,-0.002202287313417847,-0.003283529221818479,0.00013264271661160218,0.0015335039767796835,0.020179712390314228,-0.0005041530539051059,0.004383574676303566
2024-07-22,-0.0012808751379430909,0.0031340262478636504,-0.0064293057561850145,-0.00874508083774778,-0.004150466480876289,0.002051983617915275,-0.014530910998078047,0.0046540231322747365,0.002327214589531567,-0.0028718075865450596,-0.007082215662435474,0.0005224014047577104,-0.007479403806216572,0.005337012848047572,0.0031075024110018825,-0.0009718665792827867
2024-07-23,0.0015726185022660547,-0.005456298037047567,0.005081084566918181,-0.005619313388102801,0.0008553565866074118,-0.001454498971164896,-0.012542740657449647,0.004141121381018241,-0.0010124732454034682,-0.0038962140566316736,-0.007123861119982788,-0.0037924730244894974,-0.005645426342533573,0.00803608747191966,-0.00029100208333001786,0.0008822068600860022
2024-07-24,-0.0001525002551769558,-0.0017487921203616832,-0.0044558941360530666,0.016680493247473515,0.003843928329780026,0.004596323625252624,0.019316815346622572,-0.007193567012112417,2.295975944589107e-05,0.01196100014470844,0.014449085058175146,0.005234146705541358,0.008393106750149117,-0.020278797458016973,-1.4978434836271717e-05,0.0024032975891302745
2024-07-25,-0.00287098232460514,-0.0034419574978278213,-0.001909152578414221,-0.007869190703443267,0.005723318469352079,0.003045623386920839,0.009422986320433839,-0.003673323562379977,-0.002768219152855104,0.003917638059758749,0.0018787916528726339,0.0019870057895077925,0.005748022988194432,0.020433361052059406,0.00014639102185308862,-0.002914373670684446
2024-07-26,0.0012103594202289899,-0.0015633894674499053,0.019714315618418604,0.001429810873091183,-0.0009920998905083127,-0.0025423128300968685,-0.0033329202405955813,-0.004755676502596541,-0.0018636918162178075,3.481933898463914e-05,0.002493436229557019,0.000775894007443309,-0.0021687728491171405,-0.01197257294505031,0.001131498006188312,-0.00011301719191098014
2024-07-29,-0.0007794897932078184,-0.0026991170242076147,0.0031051565286090176,-0.000293666755428898,0.0018940266620237197,-0.0005119760271461676,-0.0035047643065300935,-0.001803107508469566,0.002178747856755326,0.0017613270053807063,0.0011503596700218124,0.0016205751122694602,0.0009650980073695804,0.006815304957077382,-0.001378166776059017,0.0013540248396081433
2024-07-30,0.0006430828130476909,-0.004285094744543708,-0.00011215375261539192,0.00716281728079127,0.0012642034988888094,0.0009598374954075331,-0.008150944137657145,-0.010512766718312909,-0.002526725313624164,0.0022483068576021393,0.0029850045317846284,-0.0002351829737305285,-0.0007254827841218861,-0.013762586782206548,0.0005574885328942939,-0.0029918254144954246
2024-07-31,0.002391537211923549,-0.011480682860995767,-0.008726659553511838,-0.006465867436133001,-0.005592030645919923,-0.00045461890819832596,-0.01578703719857539,0.016672915009036098,0.006641014856045138,-0.001703584147105701,-0.0068238043911812065,0.002565037055971198,-0.0052949118397236684,-0.019493956911209073,0.0003536520511649797,0.00488569867103909
2024-08-01,0.0001697139962587987,-0.009602108301488943,0.011462098746458151,0.016410255227342296,0.005624746462927887,0.0002814355499607341,-0.005428849095278951,-0.005081987951889435,0.007139015621346036,0.008808425605563849,0.000564072408911008,0.005552148376897716,0.0025659075101177424,-0.013793792219242061,-0.0020368511994027496,0.00038867191002867237
2024-08-02,-0.0005616869547046092,-0.02163490270768701,0.014905034653726366,0.01709817915511274,0.006545190240796878,0.00666916791621521,0.019617324740958016,-0.008104840777231531,0.009788374286452333,0.01273526844073271,-0.008241079345728597,0.0024451901130485443,0.01338251304838559,-0.011530786033021857,-0.006700161599391094,0.004669270372130909
2024-08-05,-0.0010797658143660935,-0.012837933636822858,-0.013584150436429871,-0.002924301079564609,0.008319078480680574,0.002876122102979703,0.05302393409583286,0.015646949116931097,0.0036555544475262575,0.0011565363795397084,0.0034684132218546215,-0.003065978857900265,0.002095983957366574,0.011782184770459996,-0.0024660175932303477,-0.0037791533675483914
2024-08-06,0.005235093322257801,0.005389030991489839,-0.001726954553901427,0.005947405676881529,-0.0012084838770730494,0.0026061872762777978,-0.007084960543989332,0.006338667380870874,-0.0006619302538875653,-0.0025487274556441966,-0.006547573130025235,0.0018508151423267585,-0.0021551491647257247,0.007103941624095595,0.004196804734256357,0.0007616520576145501
2024-08-07,-0.00502318592793371,0.003793777387236455,-0.014789925175234123,0.014245775115277049,-0.0009815793443974834,-0.00039345761791089535,0.0059767852728004715,-0.0073541440439491585,-0.004412157320639059,0.003087603944873028,-0.006781400626493116,-0.0009920017137540166,-0.0027561294591495608,-0.00946194306870096,0.0009903736737067236,-0.0045018173786323
2024-08-08,0.006431856507205385,0.0016424062262513483,-0.0070329301160335575,-0.004831406320392176,-0.005077732242101292,-0.0014980377319808134,-0.02240227244187284,0.011799219565697086,0.00352458517314257,-0.00071827211040967,0.0008208437374877323,0.003860741682081191,-0.002159134655814011,0.0068458177538194345,0.0019528635046495643,0.008598351222649162
2024-08-09,-0.0005539887370687845,-0.0033447976533991204,0.0022203001872249965,-0.00023274895663766173,-0.0018979899314994497,-0.00040367859141486097,0.0003209565965678427,0.00731312934525127,0.0040945845209162885,0.0008288276433922519,-0.0009498267062678749,0.001506410926758419,0.0011719190591399917,-0.001710206831903898,0.0005200300660516558,0.003173179934033793
2024-08-12,0.0009068227087756005,-0.0001693150554995925,-0.008978085066202552,-0.0031556542742952774,-0.0017285424676435034,0.002327149081353431,-0.0060192382772043555,0.0038006216093650694,0.003505209564641064,0.0006633283624269547,-0.005680428372623834,0.001225235789696306,-2.041744583810949e-05,-0.014258787523775598,-0.0006487013754036468,0.0023406002304282563
2024-08-13,0.0014722881638552414,0.0038481335903057393,0.021659295660899306,-0.00810792880769265,-0.0029620668082381268,-0.0023416196433470498,0.015904258341263522,0.0042523467479610826,0.0004997656084389148,-1.436507675972934e-05,0.002852426263607438,-0.0006014971151913368,-0.0035573307853530977,0.013945618967622222,-0.0007395742203074656,0.00945043923570241
2024-08-14,0.0002432597766560303,0.003496221926437092,0.0062917452237696795,0.009375087970932632,0.0009748151532332415,0.0037180938828250696,-0.00026602895734151744,0.00641439999722339,0.0006581443377205918,0.004701875417530154,-0.0003439695946344649,0.002112235620641511,0.002992937478911422,-0.016366000774915863,-0.00021102787635844406,0.0015974496756673159
2024-08-15,0.003646407320566027,0.002434582881738666,-0.008826553680162882,-0.013774374925162928,-0.0033046869495456325,-0.001446855461343332,-0.01082478532388801,0.004142875909908052,0.0025650313383027406,-0.0016885930357403173,0.001382170116134845,0.00029119440270067645,-0.000498581407618482,0.019800482165114926,0.0008164872884456418,0.0024396554229307137
2024-08-16,-5.618159827226136e-05,0.0020204259431415086,0.009049588725585072,0.0026015893374496312,-0.001697653503465661,5.688637711056849e-05,0.00500856668955043,-0.0064142252145036206,-0.002954206130621964,0.0018232070872460002,0.0026288224380552824,-0.0011810378569642606,0.000552502615101428,-0.003410417043919715,0.0022218816602771153,0.003155964820919163
2024-08-19,0.004486053341039383,0.0019894292344921323,0.01010758422654663,-0.005140641435124993,-6.193977984059792e-05,-9.288543379372318e-05,0.00231532548948998,0.002045543674034714,-0.00031442038418383594,0.0016781465178814514,0.0035088533275140265,-0.001730855523868956,-0.0002525406029393719,0.00904186095389552,0.00044511916095288113,0.0020046420416676186
2024-08-20,-0.0007980581959662878,-0.0038489206310216356,0.010180643345550154,-0.0019747881431922566,0.0016953857315452116,0.0014287516511290017,0.009321364289194597,0.003921077010597836,0.005588610442065701,0.004952334898994616,0.0011109264187872635,0.003948720510738912,0.007127513977925008,-0.005510509577826552,-0.002133927041285651,0.004104098182122421
2024-08-21,0.0026478474105035145,0.00029282118386363457,0.010387641581902543,0.009430192356319554,0.0019085934850053589,0.0016402249187522874,0.003640719264198306,0.0007592333864583859,0.003217986668244542,0.0025045500884449306,0.0033761064208523853,0.00015610707236253648,-0.001460544517001363,0.017500019716306353,0.002175299485206183,2.5539014366139125e-06
2024-08-22,-0.0013674444765512817,0.006313264554683741,-0.004587334211332718,-0.005004660369126178,0.0014552568488069711,-0.001750403963389565,0.002212518945300019,0.0025896397368430097,-0.0002832959029818961,0.0008507090752642231,0.00026862837082915376,0.0015874792337964494,0.001580656915322413,-0.009545752287346793,0.0017067329814562928,-0.0009512928521497217
2024-08-23,0.0009009355531737952,-0.009715203447791717,-0.007015646816332806,-0.012716724258853746,-0.00324814429081682,-0.0020681857823044735,-0.009684863357289792,-0.0038742275202226124,-0.004988297341617515,-0.005105342824397275,0.002581355780450179,-0.005802860207763856,-0.004819886725313355,0.024828177678361152,0.001836157528071607,-0.0037446196434121094
2024-08-26,-0.0001497167422630023,-0.0008243227784952443,-0.01674252916119713,0.0044183419842411965,0.0014074582388972886,0.0002748869975692698,-0.0048145218478745505,-0.003452217352494339,0.0027251938314173775,0.002610811386899921,0.0010599482399278443,0.005502460689645581,0.005177071756646817,-0.0018640568226981347,-0.00022315997710833316,0.0009710197059255197
2024-08-27,0.0009526003149106044,-0.000319484724932526,0.001362206788925291,0.005842234223310001,0.0002885630323189843,0.0015174074053902584,0.001845798869742607,0.003606978991731127,0.004180833504173761,0.0032381126217016815,-0.0010572093162107437,0.001706545595779008,-0.00024861528337135957,-0.006632125056321079,0.0010706208837625152,0.003672821211237509
2024-08-28,0.0006677988373235124,0.004664699952271091,0.0052242947908834585,0.009106820633613325,0.003780995212285197,0.0027024299990361534,-0.00029407918768673165,-0.002898435556081465,-0.0017844836029380223,0.0024277356838917894,0.0038685903983315985,0.00279495642722158,0.005138815739731507,-0.015076359054617936,-0.00026907705232166344,9.602802203615606e-05
2024-08-29,0.00032675091420945705,0.000330982525381167,-0.017963478238757262,-0.0034857816670284,-0.00014812712042451873,0.0015031599143486192,-0.005351008969684906,-0.0037108454558694454,-0.002075990466282423,0.001967458777260561,4.8852771254360994e-05,0.0036225991316895666,0.001119105563685923,0.006794324206567467,0.0027538855819352736,-0.0019850942534199046
2024-08-30,8.302070049724967e-05,0.005264088280804543,0.005377850752387336,0.006745222627480894,0.0005122008269117118,-0.0013458451057716079,-0.011781546911161789,0.006906215104491175,0.001011185522958702,0.002427161404171538,0.007199775785663228,0.0005977481433512783,0.001974607785757686,-0.006157014490177231,0.0015085709570676637,-0.0013737702468301647
2024-09-03,-0.006009526750496614,0.0018838125549416468,0.019982025681945747,0.006861663528641294,0.0036133572207830075,0.002112823118336142,0.013695444151170175,-0.00664807257485096,-0.001032440567449406,0.005759819749002255,0.005258716155780989,0.004920304552184701,0.005292879436421434,-0.005585515535141555,-0.004307694347547937,0.005035413573101824
2024-09-04,0.0012090476715077118,0.0013990328159966124,0.018586738745764626,-0.0019380573424582167,0.0025792672115966847,0.0015813791463762516,0.00356022489653809,0.0013595140344928214,0.0004807436615214887,0.0014603707783241416,-0.0008246596695939733,0.002212033289534318,0.002621298063531335,0.0015965515792797907,-0.0007423128633335053,0.0012331383649992781
2024-09-05,-0.0006557412319721748,0.0007611716370426565,0.003513177000256559,0.001892122244497329,-0.001692036594417589,0.0017141415291858336,0.001047167853558189,-0.0044709373345820395,-0.004636122522244649,-0.00639542888730418,-0.007371519301733274,-0.0037982292937710598,-0.005283107347855352,0.019808258056873917,0.0008949660933336112,0.0005716226597962655
2024-09-06,-0.0005723593199765138,0.001939048356486308,0.012487649834214954,-0.005572601919152948,0.005822119717117545,0.0018086617275126947,0.006928225538309913,-0.002069923565420507,0.004135312301619291,-0.0006957138630755578,0.002781143360220995,0.0024470076967232253,0.0025412689858964593,-0.014911958779065794,-0.0018805172888762735,-0.0015789657122255232
2024-09-09,0.002313591293720889,-0.0014508345640053457,-0.002623039532610518,0.012773567531392834,-0.0006629363449741407,-0.0003194790085827475,-0.01656794259657174,0.004174439092962128,0.0002848061013641049,0.000856314415403063,0.00028276588274142415,0.0025024410078034265,0.002888211868559608,0.006867613133386987,0.001232452920643339,0.0003263084468858937
2024-09-10,0.0016159225533058554,0.003518493619419685,0.025713167379265284,-0.006150047021042099,0.0012475182076281258,-2.3882950038907664e-05,-0.011785663690451736,-0.0005694373532607244,0.0017792715140398535,0.0002872275301662331,-0.002054753883919235,-0.00015102027155152473,-0.0008149665251986869,0.01244502392331815,0.001258593654163003,0.00294573623101851
2024-09-11,0.0026740495937679315,-0.003456767796358646,-0.011303752787823064,-0.012826960237356619,-0.0014699354556247848,0.0011310417478614212,0.00607443553514031,0.0077370048099125,0.003832316578362886,-0.003988844651979833,-0.004650853515376667,-0.0005123715760269871,-0.0003266707985429985,0.006990291057013317,0.0011659707694650027,0.0006782437384450796
2024-09-12,0.0005946319692261941,-0.005364252503379335,-0.01908176189097633,0.0009829799436711917,-0.004569112621987925,-0.0026239424345272815,-0.01301799876414469,0.0055422339436175735,8.112984824929555e-05,0.0016180794729541556,-0.0029195907186925045,-0.0013067671174432608,-0.004278254189070575,0.0051747488934296045,0.000784969712484393,0.0009258096861992139
2024-09-13,0.003636408220941528,-0.0008977110056458746,0.0013193402279381213,-0.004818006381703615,-0.00045721069036916764,-3.413274515609512e-05,-0.014036765081176442,0.0002235924350017255,-0.00320483191498901,0.00012325315628103177,0.004612765724475926,0.00030447968495896875,0.0023850661580946918,0.006695899527815385,0.0019843539553770274,-0.003481691599700078
2024-09-16,0.0012167558135361108,0.0014533163826383792,0.0036884074338480034,-0.001733551933474382,0.003183838158231916,0.0009244447597155713,0.0012033865554846729,0.0018340585480425442,2.3729866982599972e-05,0.0036745765830631023,0.00880484160303815,0.0020304850193782545,0.002303643053215565,-0.0035521053941711274,-2.982534138313989e-06,-0.00023709104053316605
2024-09-17,0.0017963953645992396,-0.0021984708391958136,-0.016504860227616363,-0.008291013678950389,0.0011616153016595753,0.0022601773681135387,-0.0009292878560831731,0.0008791435325130586,0.0008028258855881505,-0.004613797297581983,0.0013071113400525951,0.0007727934499935397,-0.00018831314728470658,0.009114655658124107,0.0019339228901106061,-0.001303793667903187
2024-09-18,0.004216936937655239,0.0012593514170058245,-0.007092339300755944,-0.004095887581281861,0.0027271139496137502,-1.4519348725364396e-05,0.0025094252286001466,0.0013642427219762113,-0.0016339647349226981,-0.0027482485230067777,4.501287585774558e-05,-0.0005009503690644513,-0.0020452435601365296,0.011412809053252385,0.0014120442369022095,0.0026391689313000344
2024-09-19,0.0010374070191372653,-0.00016590594963782589,-0.01285692930318585,-0.01143840466274496,-0.004844337524683991,-0.003103769797066113,-0.001975249882222639,0.0011300494257956914,-0.0002682420273216208,-0.00249462000041621,-0.002942978152911427,-0.0012441784360820744,0.0005509991990584745,-0.004977627142117476,0.002257491788528173,-0.00586277484802443
2024-09-20,0.000670899215116052,0.0037438792606893766,-0.010611040227152688,-0.00068824310315827,-0.001462082984169854,-0.0012990078047869845,-0.009169333921271073,0.008404240478500444,-0.000613194179825978,0.0019478660973123497,-0.0023712120086931466,0.0010951205690199629,-0.0008997460350887469,-0.005576529671509629,-0.0009679138547212351,0.0019863609377211043
2024-09-23,0.003264574217835446,-0.002372894266733486,-0.003248523642890521,0.004853283250755243,0.004180321767088558,-0.0008319508870953924,0.0030876706910999956,0.0037017022693128327,0.0022718399664594193,0.002563194023459228,0.0034847983592592125,0.0015522101318228804,0.0032699213494678976,-0.0021004276953593077,0.0025332994409826637,0.0016917429314356677
2024-09-24,0.001373008316702503,-0.0020401507387974747,-0.00922102270551739,0.004774405824236192,-0.0033214743121433785,0.00026948574933679994,0.009648588412521551,-0.0028969659407087024,-0.0027221950120720558,-0.002442110829636271,-0.0014061350861695777,-0.0019709430576611716,-1.2091051454867809e-05,-0.0011307512493845574,-0.00023395904998851566,0.0030885871748645337
2024-09-25,0.0021970173228460068,0.002595692001416147,-0.009640054958520711,0.0034060919234660866,0.0030430517787642768,-0.00016908510926576985,-0.00023585477824105382,0.006921290501097465,0.003778419629549945,5.551142913691291e-05,-0.0018472432760349312,0.0021897809553638554,-0.0011234385367252494,-0.0036477144968920447,0.0010248261004556615,0.0017184755850727538
2024-09-26,0.00036997971254617624,0.0025966476914980113,0.020659469379544774,-0.0028532091567099816,0.0010240214866441043,0.0011891041985905542,0.02842248028163807,-0.008906047082101591,-0.0020782849648423958,0.002329625153461283,0.005910999493132244,0.0005547935961678747,0.004662048013448104,-0.01128711731165341,0.0031156667844200884,0.0034340359555850744
2024-09-27,-0.0001638586935015212,-0.0018021904565920324,-0.0003475846189391128,-0.0026046513878142394,0.004919691814973592,-0.0005614862480327384,0.004993312894683726,-0.0031380954086068723,-0.0009124559803739599,0.001313946948636546,0.004976230571343379,0.0021591230942539005,0.0019795024311319515,0.01744832285597927,-0.0012464818466968969,-0.002312464001247758
2024-09-30,1.5144404974195592e-06,-0.00020740754140552062,-0.00820580881008437,0.002081181808783694,0.0046748563221344994,-0.0015904444234188363,-0.01368285738552707,0.0051962944472303905,0.0034568555021640248,0.000904263354927743,-0.00105084145799043,0.0005421831581604642,0.0010080722716892991,-0.0018527644417545095,0.0007008992301751203,-0.0005835620216899291
2024-10-01,0.0020453923259062057,-0.0036738369649863285,-0.01654878164195156,0.01619767796619681,0.002044981037953952,0.0007014064323557388,-0.011102828093749876,0.0027831118089275964,0.0010821660636802823,0.002661781307145376,8.035356710934475e-05,0.004787758341087993,0.0036253756747181174,-0.018743999499622833,-0.0015158554798247528,-0.002067860223880227
2024-10-02,0.0005257722078262214,-0.0013159115356165024,-0.021343404580303767,-0.002188520316643193,-0.001291723046390656,0.0017995212194242738,0.013246123478463583,0.0015405820085353022,0.0006564197941462122,-0.0015036316987218626,-0.002837845375702873,0.002055867629835569,-0.0026172878254927074,-0.01120353745732685,0.0017839767839760334,-0.0007680559944496913
2024-10-03,0.0069139215021853315,-0.010963273101913038,-0.03492843894788938,0.005367599483208568,-0.0005684568737176592,-0.003901745052486851,0.0010785751048484442,0.006322411159816247,0.006417487622619419,0.0018707817338409543,0.0012196771220543204,0.0008504948633849298,0.0026701150595134157,0.0017851963133311798,0.0004544187174440979,0.001917311417512558
2024-10-04,0.0011363181453257775,-0.006594848198275179,-0.02048397061891223,0.001935413156779974,-0.0010848247921666438,0.0028103208486329762,-0.0033046573928333916,-0.0002495533329129433,-0.0030694620821919427,0.0008489946100164328,-0.00101322615553384,0.00015360170236262786,-0.0022801002924961247,0.012398674828970705,0.0019291083365701003,-0.000847338834775729
2024-10-07,0.0018283690982661889,-0.008351582373656227,-0.023815916530420478,-0.01154786962041886,0.0007164207994748263,-0.0025557382203023936,0.009754210751015978,0.005205986437363905,0.0017731770333082719,-0.0025592598342869845,0.005450504171928328,0.00266408246955192,0.0029034607182739595,0.0007263120242496542,0.0016753284412182818,0.0039999309842254065
2024-10-08,-0.0009432005974334863,0.006256347611642192,0.027487065624136785,-0.0021748085135868626,-0.0008104632578745385,0.0026275086848210403,-0.008656987230742798,0.0058929650362091225,0.007147517925463103,0.006297338644579516,0.0011931963918579858,0.00046140385849442484,-0.002828825822931916,0.012387462805646218,-0.002789033929186155,0.0024333901535777665
2024-10-09,0.0039055910147112803,0.0011024017712542187,-0.0023852224470522912,0.007253358904794354,0.0020547383716137966,-0.0004267739907112273,-0.004769337518785814,0.0023352213349349445,0.0022078459533047138,0.006039426021482079,0.006825273759748368,0.0013644296261475122,0.01013673879660786,-0.00658698631647776,0.002642974829982899,-0.0015742080192669428
2024-10-10,0.0021143053449736143,-0.006213702083200153,-0.018121073742960337,-0.003909799363253987,-0.0019960748286737048,0.0006562298075789612,0.02219493601416686,0.0001267422771389368,0.0024804521973029563,0.0011722040692854763,-0.004455387088972971,0.003194769719480328,-0.0012617559583136605,-0.007499891412422946,0.0007706394845925164,0.00330921842374929
2024-10-11,0.003999939814226213,0.0019899577294770214,0.00513473683780174,-0.006268732974589268,-0.0016842792577258852,-0.0014779970890879564,-0.009377128672318696,0.002058085781814196,-0.002561615255217059,-0.0001334051747586308,0.0011558482650711743,-0.0011235651638841371,0.0010932939097879173,-0.0007049139758899814,0.0032424761474406246,-0.0048057677728390305
2024-10-14,0.0003753370443059351,0.0016154259697184433,0.015572924134000653,0.004298526382604062,0.0013237447114590472,-0.0009186865640028069,-0.00973770357847965,0.00039162564821473844,0.0041623434569515875,0.0023678647801475628,0.0036729443213846117,-5.78746592135547e-06,0.003192385426058204,0.007682800955486169,0.0006411176963573203,-0.00278391550507722
2024-10-15,-0.00127958404309844,0.001727103751520206,0.02515698571007901,-0.009177076555211149,0.001418506043141982,0.002689539482695853,-0.020918925028452467,-0.0006111130547665627,-0.004248760300685295,-0.002874041389057909,0.0010582881758069117,-0.0007174017998550987,-0.000884324250513136,0.018951908744748246,-0.001541732372910489,0.003230658308770316
2024-10-16,0.001810738293996617,0.0007995309883603351,0.005379065428900225,-0.006636194880584518,0.0010629323008759287,-0.001064320153093733,-0.01644363897916998,0.0011679922397119019,-0.0016575789703195173,-0.001532270929760938,0.00432753409827363,-0.0023242560621251655,-0.00030222694092354833,-0.00011635097111895899,0.002685720789883855,-0.00578380889578061
2024-10-17,0.002295778548377449,-0.004292299259952327,-0.011626229707429842,0.00910890206925954,0.0026347843050955402,0.00031743714777751744,-0.0018820183741954676,0.0006030754995903457,-0.00029023299432445315,0.004314731325775169,-0.0018826266454924127,0.0038489677583446744,0.0022673213682674236,-0.013181995269746774,0.0008925082742394549,0.001884263450294784
2024-10-18,0.0027445617457904593,0.0034548299830764358,0.01623842462086114,-0.00522571238323515,-0.0023336763278338233,-0.0009869620186877994,0.0036304049570813116,-0.0016483038750630796,0.0007039721853546212,-0.002084790406340464,-0.003315370661269143,-0.0015299639421681986,-0.0019703246749710615,0.01415378910010899,-0.000416607692921063,0.0007273795702041572
2024-10-21,0.006504295181330525,-0.004843052802249736,-0.02362367202293099,0.009812254140767843,-0.000513043398262079,-0.00016410102956153404,0.004163630974367825,0.006143670410628075,0.006998281001483801,0.004908427215889764,-0.0038271595429951013,0.004807401055224755,0.001485877929961417,-0.00246779600242163,0.0013173741288851162,0.006859591650315045
2024-10-22,5.308578730468718e-05,-0.005799877687340941,-0.018484439911895714,0.001299966058507138,0.00031400515969709497,0.000978126257966614,-0.016110665606296436,1.1684952492335091e-05,-0.0005210414225133172,-0.002866738364688563,-0.0015072565827118918,0.0007523662678366109,0.00028278157767638217,-0.0007194735959060458,-0.0011105954443464718,0.0001850798336118784
2024-10-23,-0.00255692760313192,-0.004039141980919937,-0.0023732708274734936,0.007623918306048491,0.002830352537025904,0.0008382405380667978,-0.0015280285109293646,0.011034845050260433,0.001835257111619082,0.002675646998336634,0.009171044528507314,0.0038382788447586646,0.0025283232738754057,-0.007309738035366761,5.7741833502826696e-05,-0.00014071916394191222
2024-10-24,-0.0007405085185821754,0.0032340331360667506,0.0016554129133279243,-0.011052928742531972,0.0001504219459234615,-0.0003053965254453051,-0.0068997535961068685,-0.004941571999280794,-0.0024616368563666123,-0.004683406815701827,-0.0034908964540841646,-0.0038217704104079315,-0.0063523043829154255,0.03326840090668883,-0.0009099363271504637,0.002024816480713524
2024-10-25,0.002320112275597765,-0.002228713781212171,-0.007490608455581501,-1.952998780690269e-05,-0.00018867170917741607,-0.0018207998068007793,0.007376171761177863,-0.0030589751359921726,0.0034969862231219694,-0.0026340632923903934,-0.0027768297047245393,0.000911326702327366,-0.0024621612685425784,0.008421310411105689,0.0017903921596592262,0.0011195507682192015
2024-10-28,0.002672093430581407,0.008039979727637266,0.03270975898973075,-0.01605648122789682,0.0032073171355615836,0.0010508431156993616,0.019080808971061985,-0.0043847599052788296,-0.004701825729107407,-0.002439722325455332,0.0036522339541283253,-0.00242895965832003,-8.057013466754607e-05,0.006948585466517842,0.002150625978602208,0.00043110959228311865
2024-10-29,0.0023396087485357863,0.001447007088502713,-0.005120038532644814,0.008113839317744977,-0.0037892072241961705,0.000992000296775814,0.003423535053286661,-0.0013490826726568366,0.004146118507253499,0.001283880673585491,-0.004028508247277577,-7.383608781617065e-05,-0.001891682328166379,-0.0019655058167123637,-0.0004279149114942214,0.002945219895158539
2024-10-30,-0.00047947621881493574,-0.010009842885343258,-0.013055592206500058,-0.002053202427104661,0.0021833351181905266,0.0015171719046512397,-0.003551535960266781,0.002222600116035733,0.000953518936468823,-0.002116189406669427,0.0005595615796801338,0.0011402905257735874,0.002206772441316348,0.00954832931109348,0.0002983840929270216,0.0017346823108069544
2024-10-31,-0.002289936299085629,-0.0018878732377918773,-0.004020930275326448,0.010583472458229371,0.004215990296195907,0.0016757676382937944,0.020988273251325663,0.00986046532116746,0.001021854891837936,0.006788898168801353,0.010285000617560852,0.005252273368336868,0.007870224752325261,-0.01890236499682581,-0.00159973963906668,-0.00015288106517371246
2024-11-01,0.003753740607080707,0.00508560465946142,0.003209449731285248,-0.0008405777544246138,0.0008281266018849102,0.00016327591370391656,0.008829685912230156,-0.008715937877396725,0.0003255273374903208,0.0002028514705115583,-0.0004409185215994713,0.002851462786458147,-0.0010441566827395026,0.007648570724245877,0.002626603250210547,0.0022096956703935625
2024-11-04,-0.0003707687458226359,-0.006596460381858127,-0.01129884198770535,-0.007235455429204953,-0.0010089017273296284,-0.00031681152467394563,-0.004157241786774816,0.001102616810566213,-0.0008240854588529861,-0.002640355097448081,-0.0029148373892677994,-0.0025811772140870775,-0.0058337894156338475,0.0064676998957361,-0.0015301501208474565,-0.0019715823336465795
2024-11-05,0.004029230938891182,-0.0021008571313064174,0.003076554776541195,-0.005081079589966822,-0.0035754639296891547,-0.0004160519179969612,-0.0009984015778782508,0.003908241598818422,-0.002083726467897057,-0.0003205628600206137,0.0006020919258646219,-0.0013084219965789016,0.0016369359427453201,0.014480882494821816,-0.0004999028595227819,0.0014875011065548765
2024-11-06,0.010128168670392488,0.00601629514246763,-0.011162226970991073,0.0030599671549445383,0.0005620284086133194,-0.0011100318449514773,-0.015066695001744772,0.0012807320371865313,0.0016486747188794657,0.010520776048728,0.013063246462276173,0.0052270063570716615,0.013422368461439637,0.04682194686869695,0.004915524914316493,-0.003308320354396637
2024-11-07,-0.0007921070334713041,0.0031144212464865578,0.0058196260546011245,0.00535523108938704,-0.0030299498569870166,-0.0028613789032198825,0.0026619011502158744,-0.005174760215825124,0.0009580470219342739,-0.003997557428606094,-0.006593482518901367,-0.005059346658235972,-0.00618035500838196,-0.005412673075787203,-0.0009014806113662194,-0.00028391287560935747
2024-11-08,0.0012915644720402236,-0.0013597953337081965,0.011163918894689668,-0.011535998698259275,0.002535802431495729,-0.0032776591686748805,-0.03574448007973394,0.014720619591621291,0.0005569589279937669,0.003542130230777138,0.0021625928924764865,0.0016170217234211942,0.0019668782848057927,0.031134023163685083,-0.0007688694903750659,-0.006167202087954345
2024-11-11,0.0010700599717436716,0.0036416238977866524,0.006717086373971795,-0.004984109305600516,0.003862477918057071,0.0016055248824840946,0.0059936054046654825,-0.0016879249118943516,-0.001518805066124049,-0.001098765378843076,0.007730252677729192,0.0009492576518080518,0.002054873397306608,0.06916967900219136,0.002195627224079202,-0.0011107284979601105
2024-11-12,0.004342025071092041,0.004974417061655818,-0.0018804129679603617,0.011387713233253,-0.0002976930687129224,0.003759288722854431,0.0209983167264405,0.007506254243821099,0.01076669641280492,0.007374973842639011,0.0005290259934188739,0.007389885115748772,0.004124109546508017,-1.600709803064454e-05,0.0005070556149133487,0.0075340797540661775
2024-11-13,0.0004773519771053931,0.005074366918793339,0.003298309121542121,-0.004125492544013399,0.0014658013557932517,-0.0017199135907977783,0.00046114089395164846,0.0008525169694059745,-0.0007937099321950012,0.0004578501204685332,0.003665526405090534,0.002214226814299023,0.0012239161788839864,-0.011342274167077393,0.0007769915658164253,-0.0008317532872047688
2024-11-14,0.00016963364842785284,-0.00479267469127289,0.01077486383383132,-0.004584679882478723,0.003790789624471058,2.3657380437363314e-05,0.017403944649423686,-0.0029775136817016996,0.001817267494365912,-0.005376559263641721,0.0018166510504637155,0.0007334149139459701,0.0034206287479859954,-0.025938657206057016,7.679268144778883e-05,0.004447372252632235
2024-11-15,0.002580771720258005,0.005037642626017087,-0.0006061138636031076,0.00761631856700257,0.0017514965900757,-0.0004959308801186779,0.008334638607179687,0.007073359656352205,-0.005901344091630695,-0.004371395021806583,-3.496474543195072e-05,-0.002454291722865016,0.0019848514206864754,0.01366105099085222,0.0016363099724788933,0.007828653404319631
2024-11-18,-0.0011334570485763366,-0.007461492946331558,-0.02517121403648618,-0.005993829033187625,-0.00323525310142549,-0.0021177231597136895,-0.0067144444145984744,0.0014819732073940977,-0.0011887530650582664,0.0010025826458479915,0.0009266902370485318,0.00033012118346504356,-0.00042434642601599064,0.025055008420404496,0.0006683416888488116,0.0016655567658436638
2024-11-19,0.002209797747610892,-0.0036364940867049597,-0.0013588478109703653,-0.006397713097900674,-0.0023264177146755938,-0.0022267014006350718,-0.002061867795003584,0.00473910777376579,9.411262097890538e-05,-0.003762435527843789,-0.007343549156589703,-0.002528772878672261,-0.0014865979713967426,0.01165704203831075,-0.00019130435126917943,-0.0010573066489696693
2024-11-20,0.002500116572518414,0.002505814548966579,-0.00578337531093428,0.004313083855019711,0.0011936449607964702,0.0020113357013330237,0.0020286341415160954,0.001797024775648757,0.002398094725853703,0.006148767167128966,0.0026780805703160576,0.0011318782104392825,-9.759622714332497e-06,-0.012334939855189669,0.00143772999358156,-0.001823736726285552
2024-11-21,0.002871216711321801,-0.0018384355752474619,-0.013254988713910298,-0.00484276032424963,0.0005145356812915015,0.0018953414533245012,-0.007937555952001712,0.003693129267554944,0.00039487514483067115,0.005241110603441027,0.007091043086853948,0.0026701581935264316,0.002598092258539203,-0.016505833587783,0.0025212452802256544,-0.003583266775550731
2024-11-22,0.009286295782568003,-0.0010670019940003123,0.002261942914970631,-0.00962080245748964,-0.0015283423141507282,-0.0008848721066009801,-0.016023460072938603,-0.002938604494518703,-0.0026671707243466304,-0.00045311190830836946,0.005918951387816379,-0.0007540110018384874,0.004343800208838013,0.016599764790126467,0.0031929008931941504,-0.003741470354708549
2024-11-25,-0.008972515780893073,0.0011694485240283208,0.015849047388042187,-0.019689201748669356,0.003954713116834609,0.0019500222844167606,0.011905363409194295,-0.004636902405973099,0.0013169420755542874,-8.418058308060864e-05,0.009385858004143632,0.0004535794295462015,0.0047692326575371185,0.01007126401433385,-0.002660407270042263,-0.0008688103917047496
2024-11-26,-0.0019089792550266924,0.0030362891909104153,0.003213495705432956,0.00961738566195439,-0.0025144228292963222,-0.002701636710369459,0.006375242131230635,0.008408566058125429,0.004840913205883232,0.007560748265398199,-0.006855596493057707,0.0033403141036249155,0.004829071335756686,-0.013888991995789203,0.0004243566701179818,0.0019311477576729424
2024-11-27,0.0027888672045539332,-0.0037286256247105456,0.0068198593911033365,0.004802183177106484,-9.692304530837213e-05,0.0021562633451865467,0.007503697316506727,-0.0007800428895417223,0.0005103518022009082,-0.000663783290329081,-0.0016904530133538221,0.00012347664387340346,-0.00043626930657275674,0.02404635104114406,0.00024588994122791115,0.003857880985908349
2024-11-29,0.0008988809228640668,0.003118894538847926,-0.004941685241001828,-0.004022484515711924,4.149645877598272e-05,-0.0010208723389657707,-0.0005017768727530172,-0.0013293338977315543,0.0007241992040874371,-0.0006646817011961531,0.000824720062926501,-6.788337387576967e-05,0.0019075641674811458,0.001009962365559034,-0.0009663762656946838,-0.00011016648820448799
2024-12-02,-0.0020403270827378545,0.005545149205849358,0.009473999088713683,-0.01175787519308228,0.0016921068794342109,0.00038884822105557826,-0.0001955823483550112,-0.010166625240869767,0.00410010401685823,-0.0012539472670583755,-0.0012238392797816458,7.610770192986553e-05,-0.0021872460309202415,0.01785052904180279,0.00022931299204757014,0.0010821977428455178
2024-12-03,0.006660443682224441,-0.001775582703303242,-0.0051690757005252875,0.00411793556071402,0.0004697038378311156,0.0010782813695199244,4.4444814678371025e-06,0.00447036014947806,0.0019423320054761674,-0.0007699624794786373,-0.005882479112394572,-0.0008097656969012308,0.000471764378881334,-0.007551450494059856,0.0005582697641818267,0.0025829518535060974
2024-12-04,-0.007679345737661374,0.002097729053868175,0.009102480606769674,-0.0036202554922574247,-0.001535865705749464,-0.001400984941063186,-0.0018267197079312614,-0.0004997156237693604,-0.0001845424258460895,0.000525540966445884,-0.007235509063779423,-0.0011189603546756669,-0.0023689899444008173,0.018797571371035507,-0.000462168743549503,-0.0018003495988173895
2024-12-05,-0.0017505766605866702,-0.0034461192395020012,-0.0036877734256181008,0.0050730238446564675,-0.0004597693722706431,0.0031484324330338116,0.02565375005616758,0.005763798151354079,0.0010505769388401724,0.002733371010285238,0.0002053198392315582,0.0006351646879724916,0.0017054637728667402,-0.0008143736499897991,-0.0002032512278120309,0.006831768051194521
2024-12-06,0.0034293959883699176,0.006493952222943508,0.016432265007250972,-0.010103721953427356,7.40811204903791e-05,-0.0016259220994265168,-0.007394031409869117,0.0020605054706022106,0.0008987307122027798,-0.004099495401782576,-0.00018198218097746817,-0.0017354899560472965,-0.004974270695836295,0.03745389711928221,0.0009779701707679014,-0.0005834230852226727
2024-12-09,-0.0006539207836849963,-0.002640503808123184,-0.015405980875678885,-0.0005912562468330903,0.0005385352067373889,0.001772218243663657,0.008051759200950675,-0.01722619341965199,-0.0017300613372462637,-0.006953047661311931,-0.004467525062170989,-0.0019354223613980495,0.0011814391439871463,-0.019969141419429057,0.0007795228384408306,0.002759392117453632
2024-12-10,-0.0028252905609008313,0.00010659532393817524,-0.003944609238953117,0.010149011730351947,0.000172409960442068,9.196366701148557e-06,0.005160914349170882,-0.003183269669984179,0.003972638276473697,0.0018840259107041043,-0.0042293246600143075,0.004757300265869732,0.0052131987805978846,-0.002016850218077671,-0.0006906582937285508,0.003566252658945713
2024-12-11,-0.0017827891287863274,0.0007941341118332598,-0.00975636196501112,-0.008485662821409308,-0.004003651138594673,0.0006513166495059181,-0.005966334513715408,0.004208081346655191,-0.00012763435881859176,-0.004369364014751705,-0.009182316197833882,-0.0021286121688692235,-0.008970385389318644,0.008146354689963905,0.0017435972337600358,-0.0027590648044235966
2024-12-12,-0.0018654644579272428,0.001539406579263861,-3.6909528523434553e-06,0.006848984798592128,9.20171444947146e-05,0.0008687813636857893,0.015481998861563685,0.003515993560044518,0.0013223372733165064,0.0031972638670049692,0.005556056946512095,0.0041044173865513135,0.00029042471671289743,0.0015578279860317922,-0.0007883293639343097,0.005097789593893978
2024-12-13,0.001605967412792373,-0.005593768436936845,0.003150536796070069,0.007457537230268166,0.001274817592166082,0.0005833858357073003,0.0261501240710374,0.016101328500189215,-0.00018327209402153703,0.001218763907804574,0.0004744969293440189,0.0024317695932005645,0.0036990336767447644,0.010604176985376846,7.66667293830613e-05,0.004080891991688582
2024-12-16,-0.00030684752368832134,0.0008483161695313369,0.0074905560749758075,-0.014713731712034394,-0.0038179383332502246,0.0003278689154750976,0.002433788584867953,0.005323694990124788,-0.0020782899339434517,-0.004435484208265594,-0.007337909916969134,-0.004106560633363945,-0.0062314982445004115,0.02239916230048787,-4.509485110402821e-05,0.00012924769688097646
2024-12-17,-0.00046966164667674136,0.003396062133355547,0.009847935673235025,0.010063870875261387,0.0010503693356101892,0.0018062428814913374,0.013798291960684803,-0.004668856271749526,0.0037582001988552584,0.0011389155315398598,0.0016598096238082116,0.0028492570214880483,0.001899564019421627,0.009875024820450603,-0.0011576831636027193,0.005778285335905143
2024-12-18,0.0018138136137258662,0.004053344494003647,0.005182779067608198,0.00892680674178823,0.008352043394470064,0.004146129448265753,0.045209870163895056,0.0033839526756866065,0.009265578826759858,0.00557156984124535,0.005484037079922718,0.0025426527964710864,0.006124624475402223,-0.019311277441345386,0.001487716239609695,0.013986976150491721
2024-12-19,-0.004524262683347601,0.0009087531701538363,0.0018649452674257038,0.01316321239253929,-7.339078698596208e-05,0.0004470068133484999,-0.004927059371847658,0.0020520544061043595,0.0017897288097720593,0.005402711611030481,-0.004301964898397823,0.0027196015852033635,0.0029323141981768804,-0.005536658684278845,-0.002623921040945693,0.008277551462015456
2024-12-20,0.003553873464391887,-0.0035778347441915853,-0.013658092756861227,-0.007921145389955624,-0.004339697328295259,0.00037725495861950717,-0.010483888461769253,0.008736865904529958,-0.0013031000072930288,-0.00013514224860564777,0.0038804149195635247,0.0007347522092894278,-0.004081978455444151,0.010892760179156356,0.0002213478387776708,-0.011396222339223772
2024-12-23,0.0022613774150072544,0.0007960856946947008,0.005435027949716096,-0.0013558815244685586,-0.0009351744888321104,0.000881747292559241,-0.00527502958337022,-0.0003400993541784556,0.004518750956074312,-0.001778066645692963,0.0012463764387766526,0.0018260292069101074,0.0026505994849031975,-0.010248302618278967,0.000664278024766565,0.0017810560145293034
2024-12-24,0.0005953298519987224,-0.0005005578134244619,-0.004527703815888718,-0.0025006812778777493,-0.0004916175570669904,0.00031300877780392655,-0.012472801168008519,0.0022118649771440263,-0.0021894587412395698,0.0002963611589596503,-0.0015016117874787002,0.0010361202511265663,-5.3555338729652235e-06,0.013759740656799857,0.0007765085950365656,-0.0039731060660436485
2024-12-26,0.00011782663788334176,-0.0020051620388539053,0.003955183825759993,-0.0024411662223074513,-0.0005951158423537788,0.0011363100615099792,-0.006337931525102957,-0.00044170905237352304,-0.0017117997513409252,-0.001619227379525614,0.000571132409890106,-0.001340014111298702,-0.001061452847144229,-0.00018222639706283504,-0.0002988798718210537,-0.0002705778257089509
2024-12-27,-0.002603991599108,0.0036297917445866808,-0.003566718474332307,0.013457676019948787,0.0005082425430900268,0.0021755500637497065,0.014989322022329363,0.0023394635010837127,0.0025296616434565336,0.004587185380440851,0.0037757447513254803,0.0019946423549600818,0.0037502191919346166,-0.009082674965391245,-0.0006998507154988738,0.006812397670073113
2024-12-30,-0.002618573489277812,-0.0007311919471522698,-0.017997089199394373,-0.0006384190618544455,0.0009166886549273525,-0.00017250575974244071,0.02009208970130239,0.0011627567426284562,-0.0010011911303498475,-0.005116319285630784,-0.0032284763783039464,-0.002726112549574454,-0.0034541120567494693,-0.010488935065071477,-0.0008439845301942731,0.00034494065128428753
2024-12-31,-0.002201229695147372,0.005087767668484672,-0.001924617859551678,-0.003363374144159548,0.0018634378463855414,-0.0007932436800342123,-0.009708001320957947,-0.002264162044572561,-0.0020788821098757814,-0.0006488822738017804,0.0023799679161273317,-0.0009049046773251649,-0.00038966631182604274,-0.008036116708101042,0.0022914336937874596,-0.0025302814869597495
2025-01-02,0.0046782935860432955,0.0028388936189381814,-0.0051924077091174345,-0.005094527242669412,0.001680848286958195,0.003430297200878423,-0.013846761475423817,0.004933880255214915,-0.002240706869199512,-0.0015518599421372428,-0.0016980373623418843,6.96266946378746e-05,-0.00012079046855124345,0.0020507505558064174,0.002589786124632225,-0.004413134864726284
2025-01-03,0.004898733480865879,-0.00032492849742334204,0.013264591978264026,-0.0015164089471009874,-0.003713167079459979,0.001969200355270616,-0.0005387719267850163,0.0048613206088835,-0.0006788957545991563,-0.0019370925442196247,0.0004943932474000649,0.0016359364693354006,-0.003524691597372869,0.03663096457269234,0.0030838190894780975,0.001992734947555941
2025-01-06,0.002344656194008331,-0.002161992242776873,-0.010197647217921695,-0.0195205474869682,-0.0022694208270441756,-0.0032345596511665566,0.02522267836730148,0.00040620849664414283,0.0022398687558800303,-0.0029265736793595183,0.003393215871452049,9.095243000141278e-05,-0.00236281220815784,0.014001716490672562,-0.0006406322139582926,0.005967899587510598
2025-01-07,-0.0017962548428017509,0.004214840882653044,-0.004225789526173654,0.013074901073908534,0.0011269520726993497,0.004218926493275314,0.0006903804730584604,-0.0031930290744741057,0.0022796656401255742,0.005107339106693993,0.004689877653289079,0.002588219620271501,0.0057689109081362775,-0.02000013722759643,0.0010295385376096278,0.0020346579862369103
2025-01-08,0.0001167852817956542,0.005114267481444566,0.008998219674262672,-0.0004527261060336305,0.0007631945856080853,0.003787774316608189,-0.015808109925959376,0.0034247015253635656,0.0011970221880625146,0.004826270655311594,-0.002905145001991,0.003078324458936638,0.0028221244603485996,7.961188356814827e-05,-0.002897003123737005,-0.0009323834807091463
2025-01-10,0.0020736087359670757,0.008726776629181216,-0.03054443793195234,0.006563867935421457,-0.0014219750237543637,0.0022310251136222837,0.023514262825928486,0.007465021088666847,0.003952522926859225,-0.00136081572209781,0.0004701357385309135,-0.0008609358695590031,0.0012577370945254587,0.004542961913772608,0.00165269232903671,0.0019266805071321141
2025-01-13,-0.0032231310377989785,0.0030815927871750298,-0.01127303051089314,0.0037180076401344504,0.0037480633171268467,-0.0005019472504795337,0.009283239488414537,0.0006030672819110862,0.00032318436199232914,0.002560848788569059,0.004468783878093006,0.001680362002414957,0.005045442846954863,-0.010032768450220341,-0.00014519091347480322,-0.0018022170105312383
2025-01-14,-0.0005655630001454989,-0.008909733867882035,0.0017980857376041891,0.0023489091295377466,-0.0030436276826257035,0.00028957555677066075,0.004101105976483851,0.006969269742045061,-0.003832533931674459,0.0022885514826978368,0.005924174474569193,0.0007336650902764626,-2.7637762661390265e-05,-0.008886811596552162,0.00095198808534189,0.0015369242638535894
2025-01-15,0.00345823590264549,-0.007550044588794547,-0.017468091881284564,-0.012944836200370523,-0.0030986891385453817,-0.0012897896533042253,0.004309657036880982,-0.001622770374101256,-0.0026581057904422785,-0.006377154628693142,-0.002710963924984062,-0.003032222308235537,-0.0004828431176163179,0.006750215284577449,-0.0020672968968195714,-0.002207046081239122
2025-01-16,0.001669144271400916,-0.001673119200466332,0.004728451223779785,-0.006860624092835234,0.00040999505753354284,-0.0015374639632515247,-0.02009667907310448,0.006335457120172425,-0.001460855808748978,0.0015854917012623638,0.002667208285911026,0.0006019837144085622,-0.0005801647946063705,0.00556313328796627,0.0005986532188561404,-0.0006298146594872686
2025-01-17,0.003734755211326375,0.00150074270990632,0.010184194880070906,-0.0008867909324028738,0.0013416386194086897,0.0004378147960327893,-0.008531382096910102,0.0034214873440945558,-0.000771752326905616,-0.0024418904428734484,0.003241413798520649,0.00010076472011365679,0.0018519412422735842,-0.0024235996131744264,0.0030490002093848754,-0.005429695504114387
2025-01-21,-0.0027227618185596113,-0.014379821974799064,-0.0023162593382569444,-0.006622173528676627,-0.005699978236275799,-0.0008903844486257283,-0.004295065923497713,0.002940752626750927,-0.003341148994959294,0.0008471990020849259,0.0015275653506663673,-0.0017241877505996504,-0.0029228739049748306,0.01620714183281425,-0.0014040098737108375,0.0029410624051110583
2025-01-22,0.002873366420732751,0.0013433007348058934,-0.00033202215696007467,-0.003135652620253355,-0.0013637458737443295,-0.0001963172964417777,0.013015146421238216,0.0028084454458936607,0.009025019194095596,0.0029059987502128327,-0.0015720912236145048,0.0014410851392976536,0.003015051991550966,0.0010165129948896488,-0.0006073754937685275,0.00420064682847623
2025-01-23,-0.0006312258670023272,0.0029460949895137546,0.003317967701333802,8.843930183084943e-05,0.00046719482728257023,-0.0005963557258151989,0.00042244405611714685,0.002641518308783059,-0.0006417492419250621,-0.000296183310004792,0.000931691652231401,0.0009577060010491421,0.004383867402974382,0.0034486248447265925,0.003054702900555022,-0.0012909165181928094
2025-01-24,-0.003068388405791266,-0.00750271481986706,-0.0018019633749266246,0.005209294271501508,-0.0008590456815433418,0.0025820867993007483,0.006324134207668801,-0.0004930866026567008,-0.0005165100653278646,0.001278287733401726,-0.0006095645445779617,0.0001025068723406532,0.00024247672422503014,-0.001737623483692538,-0.0018529600052198363,0.003644984410215789
2025-01-27,-0.011644234810709028,0.0007519448264539097,0.013393240923759335,0.04174549577728566,0.005963553089206821,0.0016851482980700964,-0.014540829326592156,-0.028890043718697814,-0.0002709461303831238,0.012174098037659398,0.006789426065403285,0.0050360372340259515,0.012799161388861897,-0.0041735708660181545,-0.002483896582416263,-0.002761739266520404
2025-01-28,0.005246916554943312,0.0031526932371566526,0.0015568205452770566,-0.009723481652575028,-0.004081690405251108,-0.004934919045350463,-0.002371144795202635,0.0037228236075756366,0.0028103039494103478,-0.002743514102075979,-0.011490892957551771,-0.005350596182369048,-0.002246437980291189,0.00498217288421653,0.0003696408378227496,0.002510708284013189
2025-01-29,0.0019596697322526255,0.0006803399575077804,-0.004434638238805902,-0.004933518401240619,0.0020381058135016017,0.0024432812028795984,0.0201823942291042,0.004761196889830398,0.0014936744099158872,0.0032151228545852168,0.0049045365507153745,0.003295043222379242,0.0029308195259824324,0.003361838536231211,0.0027743424287204957,0.0016823210270261947
2025-01-30,0.004587233939280818,-0.0029291750324900072,-0.0028579785920608922,-0.01212494888593562,-0.0019327452971317337,-0.003965813760236556,-0.021597656166930778,0.006337985991448284,0.001003790118503477,0.0030068614878966697,0.003205302025664142,-0.0030190730304413445,0.0008727669570684927,0.012956601981105865,0.0007747453000571973,-0.001582341332574149
2025-01-31,-0.0008359603248365103,0.0028193780327517514,0.0011956795815855417,-0.000402091629043283,0.00010882444902850577,0.001915952172267282,-0.007125459089517845,0.004536653002994974,-0.0007210541092954898,-0.00023031912510211843,-0.0017776845418109423,0.00224533738825298,0.0007362432512101969,0.0017866070109193565,-0.00016587429534067194,0.0015279606971154687
2025-02-03,0.0014340717695895523,-0.0008460016875125481,-0.005333098626051788,0.01658473507505594,0.00012181773311767874,-0.0027950917245163536,4.6795883001561275e-05,0.00806866509868331,0.0027083318961217302,0.007974032946594933,0.0009075408141776013,0.0022959940509582064,0.00478320524329666,-0.004371768638346124,0.00028761275165044655,-0.0013068752252264752
2025-02-04,0.009837372484940703,-0.007571089792117854,-0.014198863461523749,-0.0030117398580566204,-0.0010007686417015781,0.004679427323485591,0.010983741716403003,-0.0029100399154683605,-0.0025433067246690335,-0.003386060525109272,-0.003473594801856243,-0.002802352059164128,-0.0002826330084801541,0.005865044004440663,-0.0014858915138778396,0.004272994147259958
2025-02-05,0.002336685040952774,-0.005555422670074575,0.0048714851346479265,-0.004396777000416237,-0.0010561871039590914,-0.002226286229233687,-0.0036699059809878996,0.007897567725845944,-0.0022008728335621017,0.001722300326704472,0.003983911224062768,-0.0010833593625463123,-0.00041811522038669863,0.001959817312937751,0.00019527156352392534,-0.002287368871773882
2025-02-06,0.0007943012556848188,0.00131080638948383,-0.002181658120583964,-0.010138325001120867,0.000395164550087402,-0.0003504141054846543,0.007049675531046108,0.009992063860731565,0.0015056529652763802,0.0006894032652190886,-0.004707231194934288,0.0018334056970200406,-0.001957075265415383,-0.018321918319102053,0.0001317884541493267,0.0031101444697214666
2025-02-07,0.003390497355614723,0.005263899647212425,-0.0028300864474557885,0.0076885247267775665,0.0027197390971831882,-0.0012105035410753529,-0.002293856463328559,0.005653132845299155,0.002023249427766499,0.0015898202250663055,0.0031828328572843026,0.0017643257637386632,0.0019087726658206195,0.018199628939746325,0.0020466896642979023,0.0030235478602318082
2025-02-10,0.003593593888277022,0.0017076694262520772,-0.005490359199063266,-0.016285244143992364,-0.003581086901639166,0.000347818559051949,-0.0016929221835204674,0.00025506275961543687,-0.0003858531693333991,-0.00021258773139671075,-0.0038959739911231597,0.001355671062265596,-0.005700194655186164,-0.016196370235215245,0.00046620278681412056,-0.0015441163128450458
2025-02-11,-0.0027123962157683517,0.0013324172736247837,-0.002074724457398925,0.021037489584820712,0.00042563508277584493,-0.0014578820699258804,-0.0011115754792816838,-0.0013450389478604193,0.0024375583959995446,0.0023562459150237598,0.003776055538390461,0.0026878638887562374,0.003208368815125171,-0.0159025499225155,-0.0011705192183570187,0.002336089071729785
2025-02-12,0.0023592471053569455,0.0064917263260568835,0.01129125188482722,-0.007359918635589257,-0.002275582840646993,0.002559447318945728,0.02075925627236039,0.0006820750364209564,0.0006935647527465138,0.0007013814891224943,0.004361598168212375,0.0009469752469130157,0.0031485558001585184,0.026264188941881074,0.0013570342055154337,0.005668219491584191
2025-02-13,-0.00021803822943771561,-0.008438044455646315,-0.00757426633207502,-0.006577866872354745,-0.0017587783488244926,-0.0020397591578724364,0.0038804982979472906,-0.001749077923029264,0.0005095274686605818,0.0018913573460508874,0.005000971456948994,-0.0033502814368719033,-0.001634212444520047,0.015344548173727272,0.00020519060197432895,-0.002178038841245126
2025-02-14,0.003540174697438438,-0.006680090852975107,-0.0019758419606115867,-0.008038570026876933,0.0021282738756925952,0.0028867684073185804,0.020491288004126564,0.005418182018291182,-0.0016225274280818164,-0.005182968247296495,0.003630373363915537,0.000263562851908347,-0.0033682072793341337,0.033859188021580465,-0.0008384641299603076,0.0027049730161443544
2025-02-18,0.0014472144873534168,0.009213746635787846,-0.0011834299557168144,0.000410382320232364,-0.003912513961897023,0.0016146334731368393,0.002662580009476903,0.0012870281898596306,-0.0011862152281571048,-0.0005360415509037507,0.007221425873753407,0.0009188402070331061,-0.003603247243247741,-0.011692077042527727,0.003705518702486303,-0.0011990289560742432
2025-02-19,-0.006742106044306072,-0.00582887819874827,0.006545800571020936,0.0025834042318304265,0.0012200547211585072,0.0013402946441545566,0.008156128086921772,0.001342060956172739,0.005050912738064732,0.006860185242808487,0.0018022120675109789,0.007164310313558054,0.0030455879082148508,-0.00867012200668894,-0.0031281817893876263,-0.0005771599799317145
2025-02-20,0.0016519085061197556,-0.004516971484187269,-0.01028074036064243,0.02127184442125736,-0.0006260913949103991,0.004190502107033463,0.004046760163557747,-0.011029649028543493,0.00232872437059696,0.003008466655509533,0.0029006191980371406,0.002265474509996641,-0.00264801429675216,-0.01749138630855996,-0.0018387160213834363,0.006276928588271087
2025-02-21,-0.004037765154248318,-0.003686597065444868,0.0073804034557480875,0.00834089271238176,0.00381045143708448,0.0029142752525925446,0.009613684333235357,-0.005556428222616094,0.00039920012406904903,0.004297811355497122,0.0035805230494568713,0.0009120157872995662,0.0006571459749649435,-0.03581873174057798,-0.002893545996642065,0.00521137014135116
2025-02-24,-0.006899126840312409,0.000542758676623718,0.009791632487869092,0.011774324602390945,0.0026259378043441096,-0.0016448031843659988,-0.01607325624351004,-0.004659970641226996,0.0007595981461511183,0.0058087715516493945,0.001735149368185229,0.0007041482079610112,0.0016394569075160346,-0.006929849500062202,0.0001514003477177026,-0.0012586385115488327
2025-02-25,-0.0027056262081323885,-0.005456358740831689,0.007181891749329421,0.021736735367836758,0.0013155012074976065,0.001366230490192765,0.004606999554570609,-0.0004659342843536113,0.00021941980330116907,0.004734145507216084,0.000658729158872275,0.0006407906102021423,0.0015082746153048795,-0.04635193482600656,-0.0035810702262746826,-0.0025390866088141205
2025-02-26,0.007210309277195827,0.0008707781975755284,0.005906392444113683,-0.019329324024078325,0.001639277369585713,0.0007777278465646887,-0.003949680414735703,0.003787121709337844,-0.002288299476242896,-0.007166521138203887,-0.00021355588375455265,-0.0026735221427876756,0.0016403896464928622,0.0029950455214248477,0.0009801207224487513,0.0005271327494828046
2025-02-27,-0.0013788029482246864,0.00657928424256775,0.00911969560271263,0.012205060643947316,0.004146414831618449,0.0015551845471030515,-0.0017627641981542352,0.002002062698645394,-0.0006913574653674964,0.005654572712521039,0.0012643908398474422,0.0007109553372393017,0.0035113230449482606,-0.0016044163130440672,0.0005379595207647449,-0.00795940584306725
2025-02-28,0.00193317241464522,-0.004072895157362436,0.004960958915831039,0.014176003757613609,0.001960438159486865,-0.001071552033199635,-0.01848716371057489,0.006081118617757021,0.004334408428712825,0.005649324100917199,0.0033639748616681947,0.005264161672034319,0.00516434146994531,8.400895881983256e-05,-0.0014454113360179432,0.00240190222519396
2025-03-03,-0.004711480492575651,-0.0030448670567456626,0.010645305124867551,0.010193066465982201,-0.003901790130425016,0.004885392356468333,0.016950797403880186,-0.0021408409341417307,0.0008476787938735079,0.007185648068410464,-0.00018175789326590162,0.0007016552622516456,0.0023050246726931418,-0.020111701992965435,-0.002663412462285135,0.0005047820036083832
2025-03-04,7.995262649262416e-05,-0.003959347221902726,0.0025192911910950086,0.012211557389655897,-0.0013537006250800626,0.003799059835928943,0.02828553231484048,-0.0097064325689111,-0.0008640639541544551,-0.002569229955488979,-0.0146591473111005,-0.004528438593004939,-0.008902701711530521,0.015721578708261366,0.00025943548120666666,0.0005198689934825165
2025-03-05,0.0026590368372940544,-0.003182970941455969,0.013184465915488743,-0.00476362294664863,-0.0031466729889266624,-0.0008583709084728701,0.023874663308421747,-0.0012413678693402527,-0.0016069556473707718,-0.0024287264867603603,-0.0031195868932235547,0.0014451973577843287,0.00353424866281022,0.0087055879185007,0.001895696825287731,0.009316985204045425
2025-03-06,-0.0005177715123897506,0.00255858157062703,-0.011756528704313667,0.011410174287793375,0.004539386736736928,0.003247644700174297,0.021546388045337428,-0.018091371563963437,0.002655690498574049,0.008887768605968543,0.011098658690272926,0.003228493264293768,0.004836590090873616,-0.0215884698569991,-0.0011061602536316028,-0.0022913911728656856
2025-03-07,0.0014019944061545381,-0.00026118157698406304,0.0017805160497235285,0.0165234586924312,-0.0009711492025633521,0.0025786591397979923,0.000953454183097802,-0.0055820529477405316,-0.0024287562601678827,0.004205452623429924,0.005379380113886291,0.0022130734041072866,-9.868578208503242e-05,-0.0011500570168880078,-0.0005545019485187924,0.0024652724014941558
2025-03-10,-0.002507423951195728,-0.009791562758286288,0.00447318350874516,0.009099462558789977,0.008592679821537563,-0.0013754466900374029,0.02229069305561794,-0.00991491885953183,0.0037170725324512342,0.008614908461151666,0.01048428836258479,0.00155880163934447,0.005621191122201705,-0.04487239583498312,-0.005114088441679848,-0.010976150099325928
2025-03-11,0.0017817323625695018,-0.0017741521250575873,-0.004568366256273157,-0.0069562378135651776,-0.0033235706209912884,0.004323266321120534,0.014326962894246176,0.010859459078789793,-0.004230861300962384,-0.006277035484787737,-0.01061135012700111,-0.004439305953055385,-0.005136604757268962,0.014772154868982932,0.0022677997604877965,0.0013795966787822841
2025-03-12,0.006242689586779835,0.006641334149994276,-0.00903892292971824,-0.02175874949460661,-0.002298613019772043,0.005711772976633527,-0.012308031337042105,0.009478024507805117,-0.00258615566577802,-0.00964931369706565,-0.007013901244465173,-0.0030800783680084796,-0.004170324217499477,0.020153055867428493,0.002101229371566431,0.0023068765134853756
2025-03-13,-0.0027508348791150552,-0.0006482061496591101,0.0037964657695103913,0.010273022687941207,0.0011566043909222656,-0.001390341762607049,0.008760498677895655,-0.004031152079610054,-0.0030467332544059176,0.008641078546189663,0.015192743689125387,0.0006884620358252984,0.0025905453049211106,-0.03498385207020348,0.0004764963572450177,-0.002826879618722916
2025-03-14,0.004564322472575402,0.004043958543842178,-0.002691389875504639,-0.008526359941246136,0.005595200691944928,-0.003105259778962464,-0.02096124408976324,0.0044630311216851334,-0.0019676666199778085,-0.003535416405853366,-0.0036081378742549852,-0.0001064090603422347,-0.0019260872346282404,0.012283439664561899,0.0022460541147113332,0.0062751079969957
2025-03-17,-0.002162458164532681,-0.0016109936682755302,-0.004811850016966073,0.0029177981332907514,-0.007860158079851475,0.005506377736263655,-0.0029438936481115396,0.0011589651135918873,-0.00030237857056490333,0.005145821454255623,0.004615973670599792,0.0005258509281569242,-0.002096094006236896,0.0029056452200624666,0.003189579458335437,0.0015336150700644563
2025-03-18,0.0006893991322747671,0.0030796467155637733,0.0001985760889108412,0.006448269558736922,0.00027140126611771196,-0.0008271907702057536,0.006682022682495688,-0.008863928726332048,-0.0021672823005995014,-0.00022499576850038353,0.006133728954012121,-0.001725597269055106,0.004388958086272937,-0.022168035322231557,-0.002925706326305348,-0.004664320686682928
2025-03-19,0.0006918856750495993,-0.0029783413963861646,0.0021400452475457393,-0.01445748116788678,0.0001715239268414749,-0.0015385411688947233,0.001678937333304962,0.0071034378970288425,-0.0018921335891769094,-0.0032449756020305077,-0.00530083040697182,-0.001628103297694701,-0.0025756910120240777,0.019621173022382764,0.003526846787236988,0.0004125807390394035
2025-03-20,0.0015206036166238949,-0.0022441297518105497,-0.003442088521737467,-0.0005729813378724223,0.0019044685859302898,-0.00012664114033190184,-0.0035084489069770316,0.0037337861489384816,0.0008092149303285927,-0.0010164302010630842,-0.0005062659454043951,0.0006659673235667601,0.002838646604784732,0.006644456210275253,-0.0018398359123066674,-0.0011477880926003428
2025-03-21,-0.0008273947341621516,0.0038319976791014784,0.003130468494988663,-0.0013447230721542502,0.0006233241078157457,-0.0002523706181140114,0.0001814362335415716,0.0066892001601127305,0.001287116094018043,0.0027505349255356783,-0.0017849190517558143,0.000985929855834445,0.004029972365443757,0.030560999027425952,0.0037662217365012386,-0.001538255303986481
2025-03-24,0.004723273093929219,-0.0021284240527835296,-0.005101236025159163,-0.021128599830586993,-0.0018316248782656503,-0.0014448646854356767,-0.028142502275257112,0.012207982365376936,0.001816116562985446,-0.0048060704037449255,-0.0019008100966520156,0.0015268225295542188,0.0008807459686479835,0.0334031448849413,0.0012538634516993468,-0.004581056515507701
2025-03-25,0.003499427650751957,0.0007751231715688522,0.0012571265566991895,0.0012329026788337027,0.0015011558821228944,0.0006770861467600187,0.013874984794602772,0.0024610371337808207,0.002777062777255931,0.0008267092710720547,0.0010774597671668132,-0.0002334226074491015,0.003199852685741091,-0.004728639559043565,-0.00011333826965643769,0.003622001564522934
2025-03-26,-0.0012230736480588682,0.002613907276266503,-0.0036327575746839163,0.024568636820028314,0.002567517224700241,0.001166412541147411,-0.010254329544465935,-0.007512286484601224,0.0012554301225831573,0.007893673903610971,0.005546676966926629,0.002864295760695347,0.004474850838588771,-0.02677105765007038,-0.003072185140461354,0.0008668831635780744
2025-03-27,-0.0023523957886161222,0.0006357421383235643,-0.0028821547988802194,0.013040997564059364,-0.0033559991125604897,0.004110786749258587,0.0008988393726830301,-0.007731955655502538,0.0019033217286989162,0.006768721832193878,-0.0030357989458962434,0.0005810609918922519,0.0009120214029624337,-0.014898749278593606,0.0021148991930265955,0.004001968980920673
2025-03-28,-0.0018445064401388066,-0.00038138311882569614,0.007282599721794511,0.005940065579077501,0.0019980845153880302,0.002275344197532612,0.008499221006684172,-6.695267180030495e-05,-0.0030735577364403056,0.0014474922816277123,0.002788144341727753,-0.0031564761410799377,-0.0022246141115973145,-0.012838263829476514,-0.005154506306294434,0.00020826033054595003
2025-03-31,-0.0029320188364660577,-0.010037609843310825,-0.015573968882570392,0.00930812728719929,-0.0002231742949780468,-0.0015586486527954828,-0.014061788871546875,0.003329589637246402,0.004605643411287287,0.005820243686470626,0.004363634222642795,0.005142941909202066,0.00674119424971351,-0.026349328490740932,-0.0023747857169059416,-0.0007186533958909534
2025-04-01,0.0019801221357522198,0.0014882113315674433,-0.0009758197395790848,-0.0037779514605874123,-0.00047386636129216923,0.001054673141242159,0.0060932132961176505,0.0033365008725744815,-0.0007136067887763076,-0.0029830883295407806,-0.003174776681490642,-0.0015856966808042673,-0.0032494753380685137,-0.0012053335750381563,0.0017929412535079932,-0.0009683195958730528
2025-04-02,0.002149905136023366,-0.004812859369007895,-0.0020954694220739973,-0.018601744552222795,-0.003313963015275069,0.00031638901003652785,0.0015715041869366945,0.006688699731466111,-0.0008573397782328249,-0.003069158427609589,-0.0010059960925811202,-0.0008930004904585832,-0.00047162412012909886,0.022612728307090806,0.0003456090578922936,-0.001097929875181351
2025-04-03,-0.008114984085312672,0.010713150564745248,0.020862156018884123,0.04001802000273971,0.005480965012148984,0.007996676358009335,0.04945399880276839,-0.006394988221052694,0.0016538614720458117,0.023702688391136213,-0.000598522903032854,-0.0002670031792656527,0.009722510384244737,-0.024159447532665378,-0.006832081568942713,0.009121744965477907
2025-04-04,-0.010984137891148889,0.007837483207053932,0.014147977088104656,-0.02497449512756182,0.002781492191358266,-0.003688960404546476,0.0007910607916534022,-0.020901376641205553,-0.008516593059100831,-0.028010144425882906,-0.010947504698427805,-0.026144128330640955,-0.011265582592619117,0.0011533214341982595,-0.014478693553107155,-0.029370261788756666
2025-04-07,0.013706322106124859,0.011974567099367998,-0.0015604677736826946,-0.02459716818583237,0.002702172214968164,-0.004194224998374241,-0.006568480974160133,0.021451782825588028,0.006064024653544874,0.001031011773892315,0.006445665498991114,0.008335899985900294,0.0020330817042365796,0.02494118965223638,0.00013974514718307924,0.007730965039038966
2025-04-08,0.0011388244361872036,0.006712138787197791,0.003491810162903279,0.009626105816889687,-0.006756807892069384,0.008748780878897206,0.0180687243367832,0.002391716284252249,-0.0006198661481354537,0.0038905146847472774,-0.007492866599978932,-0.0044870253515028186,0.0078050732167259836,-0.025328734113949484,-0.0013197573740780042,-0.00012725521099388182
2025-04-09,0.011805893415735333,-0.007498266306565887,-0.0036146194571270544,-0.028737773857760836,-0.0042350506021209405,0.0038339200366033273,-0.07600134362374335,0.03296040412999811,0.021672120366708125,0.00552370170833337,0.014193150619377246,0.028227755492491756,0.011250666457130944,0.06999825980902241,0.014954260890197253,0.042166474025924154
2025-04-10,-0.0015707743084334615,0.003815633340499872,-0.013087829736968426,0.03170069689389922,-0.011423693089158646,0.005726485490695847,0.01868240337276505,-0.00554696084320563,-0.004330434954279802,0.006981210440492002,-0.012437048935708378,-0.006251703417725511,0.0040470250435685196,-0.01796310193896533,-0.0066887536794960865,-0.0019274420750597585
2025-04-11,0.004019162210695171,-0.006266837613141351,-0.009216159181288309,0.010954054459560904,-8.905492285141842e-05,0.00250667055726972,-0.01366039521947433,0.0013925841762728857,0.00577790117568234,0.007596717660056771,0.0003096152259511632,0.0015171600808252077,0.0033617496024459063,0.013002912661885305,0.0007291726286951595,0.012659748575333148
2025-04-14,0.0011991368880566308,-0.005065668079440571,0.0074049797659001835,0.002980880390644502,0.0040320646896974035,-0.0038692134375547423,0.012474209389204056,0.002184945627588551,0.0011511118163017222,0.0060086197925775155,0.006127344427097928,0.006868437497081298,0.0019611509384682736,-0.002360818900651429,0.001513999630320781,0.004974330743567099
2025-04-15,0.0012140910306520291,0.0037575094609296235,-0.001836145460345471,-0.007722923015170264,-0.001132586509595833,-0.004536182652396773,-0.007362806190005591,0.0023279897870205745,-0.005265461667923301,-0.005907480334100139,-0.003034011607430681,-0.005586717611554405,-0.0034391315794601593,0.0037262700741688814,0.002680932695224887,-0.005210463027070455
2025-04-16,-0.0007674411502908516,0.0007516767756543408,-0.010717868311657986,0.0049273905471618855,-0.004300478130449418,0.0014199018398434297,-0.0007189196629829517,-0.010647491144149377,-0.012085106076130633,-0.006696426518272075,-0.007366815768276556,-0.011900424747859331,-0.00917619020907578,-0.014583896928045376,-0.0007829069931318739,-0.015494047440153105
2025-04-17,-0.0012282040642923008,-0.0009413342715572739,-0.009060541488842474,-0.008133521063921732,0.002536665378406405,0.00020016855349386502,0.0005203630703328971,0.0022538384612422156,-0.001405701891510615,-0.0016749731510223402,-0.0008357808265721366,-0.0001895832521770814,-0.007434103624494062,0.0012147792137511852,0.0034203790534163177,0.0007084469846368032
2025-04-21,-0.0008047169950647598,0.001876520242241894,-0.0004936495444932132,0.00984170466045271,-0.003029942942797544,0.0007459402825919512,0.004575302992165849,-0.015463726821376202,-0.009339674712363468,-0.009141726183937255,-0.005910685396459069,-0.009731648781831317,-0.012228710425880673,0.0030676618798337676,-0.0012638476429111967,0.0027817792830837195
2025-04-22,0.0064180318642835105,0.002083651983396752,-0.0010808918378878555,0.0019243399930360915,0.005861465095125252,0.001270679414492295,-0.0037658806936170085,0.014193959025939857,0.009409276595727652,0.009325624795529985,0.0075084396418652125,0.010823046662203094,0.007412631693681436,0.012807127745025518,0.004720498961945065,0.0016906139618328465
2025-04-23,0.001153858988750961,-0.00151386494093575,0.005179470004416105,-0.016813527520669867,0.0038423883851099404,-0.008152775618058765,-0.007284504434731843,0.012808558179080184,0.002676839606104528,-0.0026793310523467832,0.007661016030242174,0.0008581020351554527,0.0031730190323743124,0.023293627241696046,0.001229922207602166,-0.001992651389049015
2025-04-24,0.0057979268759254885,-0.0029608324658172624,-0.005961684286581451,-0.020892783201814768,0.0018873728908899087,7.523788755056963e-05,0.005893654972728347,0.008477074424817512,0.007140551409026634,-0.0020386054849995464,0.004697018445653024,0.003546432432331037,-0.0010102927340078522,0.021144207072458975,0.0024908504609656972,-0.0010691363270904052
2025-04-25,0.0013518092962154127,0.005350394374686047,0.0009580707618807114,-0.0031274173859429403,-0.0008190550099981177,0.00397952776687223,0.006637948932833062,0.007248616019414882,0.0033966447396138405,-0.002339259699067012,-0.006346443538175159,0.00174441067490659,0.0010763275143389193,0.014708834518997276,8.305107348314622e-05,0.0002581651865497395
2025-04-28,0.0039395844150130095,-0.006353699140635794,0.016347200608905373,-0.004207495101799143,0.0005019632794378481,0.0009349545360477305,-0.005260485537565589,0.0027138590491337647,-7.450927608218289e-05,0.002915314568791586,0.005994744387644474,0.0009423175033307584,0.0010012834115594826,0.0012386400525737796,0.00020713347775844042,0.0030547304654447837
2025-04-29,0.002031031626512639,-0.001043459832182335,0.013614415612132839,0.005551151123141228,0.0038484976325189996,-0.0005820516148120464,-0.002634260998746016,0.0026126806014053587,0.0020655057985883053,0.004570443459743787,0.0011656801810227067,0.0003207930616095575,0.006334226966482006,-0.0014222071647446537,0.0010721399116914929,-0.0019988925814946523
2025-04-30,0.000855124887732147,0.003869265939035744,0.005708013425825349,0.008776462097174722,0.002813098695286169,0.0005296733633880452,-0.0036306635149776847,0.0018223314970448761,0.004539689593386191,0.009281223519640718,0.005637079884435459,0.007403113577484332,0.005469156093812775,-0.01564710053003858,0.000282675579852927,0.002924639070243857
2025-05-01,-0.0025175571522364063,-0.006118802794188827,-0.010417482718940186,-0.0127477698360581,-0.0017097422219555947,-0.0012438339629885018,-0.009549516623066117,0.006778913772136614,-0.003219169130217978,-0.009854612159228886,-0.003903504185692311,-0.0026934343084705115,-0.003021630247528566,-0.002438835737755466,0.0002973126240558098,-0.004517882960606525
2025-05-02,0.006113429629619026,-0.004691194208135578,0.003485736516943347,-0.004843894689507937,-0.00018637194479544116,0.0001524034743718393,-0.019667059694568462,0.010658087692330167,0.005044087409688102,0.0018907921092109325,0.004181545604862898,0.0021637861880507113,0.003081517665920743,0.007729548077025611,0.004683285778587275,-0.004760815713597781
2025-05-05,-0.0008102184244407531,0.00014693097011290058,0.001691452275530551,0.00011459701381848772,-0.0016850278007802984,0.0011065822014863062,-0.012787464316299103,-0.002440319303219271,-0.0025495387471626994,7.00124527783163e-05,-0.0025952744670788034,-0.00025470788960567457,0.00012886830990323575,-0.02264752423230793,0.0005283717793161443,0.0039731743126042995
2025-05-06,-0.002130277138642586,0.006015517430455282,-0.00875812403377292,0.007779991732727691,-0.0019449890959477734,0.0027234059059295366,0.011450258777676175,-0.0034603133978867197,-0.004144622903031635,-0.00018997851112533513,-0.0009691957300256493,-2.7911417082425276e-05,-0.00017607231446089026,-0.031013406055139293,-0.0006697125215349349,0.0048547266399981024
2025-05-07,0.004320854991284671,-0.0005080993345391075,0.006968178754723884,0.00017723308837809385,0.0009133715698802017,-0.0006493931420201777,-0.006810121754240037,0.0053944166692258076,0.0038121013617416688,0.0032284846497375877,0.0042058125864405495,0.0037235654468030883,0.0008678288469681764,0.014017969580581987,0.00016591626592905303,-0.003156064227498658
2025-05-08,-0.0018861258872962625,-0.0044762867240966345,-0.01936185774118855,-0.0075171260891863465,0.0013706050474013836,2.4526744208323197e-05,-0.002968597160081579,0.006398390169521128,-0.0010226669050134819,-0.00714546260168848,0.0038947529603643397,-0.002018321225044569,-0.0003032774492238788,0.034847289572648224,0.0008189087072398779,-0.00579744688444018
2025-05-09,0.00042602118994995546,0.0023097195735846668,-0.002676713045610085,-0.006507828125832126,0.00011114291234019585,-7.840922731445761e-05,0.007101911435953261,-0.0014530694365386917,-0.0033080321677263036,-0.0035222381453505346,-0.00010910452125888789,-0.0008097134484441599,-0.0013666023070253324,-0.0016888469850467266,0.0006043755755409443,0.0007904950232002577
2025-05-12,0.00224515255630278,-0.0061269853387770365,-0.015338141386913456,-0.025386770866036284,0.0018364071222552354,-0.00633689399121882,-0.011152577714476012,0.006957623220635412,0.011215278233890572,-0.006155485959379897,0.007080937580848528,-0.0028774607955992584,-0.0011470126101251338,0.03386054308124261,-0.002117241808986113,-0.018266111561207592
2025-05-13,0.008142925079842479,-0.0014839055342155193,-0.010010280340341286,-0.014346919990627087,0.003544075665897313,-0.00040440330477084193,0.022610809329527894,0.01963313717299549,0.0022669404921821755,-0.004848899065200871,0.0011282800419511437,-0.0008132231155717595,-0.0025492565259170857,0.05144646575903913,0.009873026022745205,0.0021748602538752835
2025-05-14,0.0022090492237410338,0.00028962460897310853,0.0007509500632440619,0.00017904119000407368,0.0013304523423438913,-0.0013950032698797636,0.00998407546817506,0.00740433632914012,0.0036467848326349975,-0.0032818926702670526,-0.005135672449701631,-0.0026607454002866974,0.0017599339960481953,0.0032258924799202695,-0.0009149670703683802,0.002790710536149681
2025-05-15,3.2580240864327984e-05,0.002533292760990812,0.011165568417537755,0.01741427570352277,0.0009372164442222036,-0.0005693390205935502,-0.024760229935582807,-0.003903635099803314,0.002072760975584542,0.012288588986228048,0.011014048052080793,1.1823455596362067e-05,0.004542913975044773,-0.02074121123781314,0.0014089222239272354,-0.002400710296123002
2025-05-16,-0.00048568952610586154,-0.0015513118527533684,0.0010252027779987312,0.0034968790120162145,0.0011261739470277221,0.0016095251993321572,0.0010464969052966762,0.0041390295258366605,0.0029581602303014516,0.005388184326306305,0.0033383300060897455,0.0012574950471104115,0.0016842597924820492,0.025598935041347165,0.0015192385043126296,-0.002753473754899696
2025-05-19,0.0009229490469833852,0.0007373524662004019,0.0076378229973989836,0.004581870044677805,-0.0021970023071984247,-0.00035359250563361875,0.009967679211918924,0.0017353347135173748,0.0029489572422032187,0.0052803340246540985,-0.0006837850361111861,0.001116818638838997,0.003247602482151513,-0.01754889768867295,-0.00018677339993140223,0.0035990568422012087
2025-05-20,-0.0019114514839441415,-0.0004779628316324896,-0.003946568325176446,0.005672446153190758,-0.004278825037732698,0.005999635901743406,-0.00628510768619081,-0.0017920623054970323,-0.0023614478803867457,0.00022680792558131156,-0.002002000503647119,0.0020656388324842875,-0.0009421405100226797,0.0037784213268933164,-0.0002780524846133684,0.0015039601483041415
2025-05-21,-4.9348164504743434e-05,0.003573472127871206,0.0007206730431896999,0.011855842316110372,-0.0019717734205243302,0.003475301172772235,0.020826145196274223,-0.004536370750637321,-0.0024244009891730076,-0.0003854222849846798,-0.009192385515980039,0.004616763067680482,0.000515387815547717,-0.014058376102018828,-0.0012316307959774134,0.004658065851405404
2025-05-22,-0.0016652973325392319,-0.0003469107675373947,0.005157923187386008,-0.005051480756543151,-0.0020723307283049136,-0.0004956241616154275,0.0042248874599529725,0.000474869103577476,-0.0015781534406386,-0.004644381204576757,-0.0035921089586514175,-0.00334882078131668,-0.00033678682022004374,0.011129312259382287,-0.0008442861133454405,-0.0008157004678391849
2025-05-23,0.0021932422739985233,0.0032159684204476602,0.0030845309990002105,-0.002353137884364985,0.0011894347741234672,0.0024330199593399584,-0.007415048358108541,0.0010014166804175285,-0.007132441558501077,0.0003874483512409858,-0.0017910629305142155,-0.0021282639914224854,-0.004061614860452237,-0.0005445471007057123,-0.0005908273168044198,-0.00041947409449528614
2025-05-27,-0.0003131001581736164,-0.0036818082463537082,0.0034569919870049027,-0.012719766099824833,0.004084342795658044,-0.0014655176388115023,-0.018554472860139722,0.007169704122613337,0.007264830571947423,-0.0009799676129954547,0.005901802416557477,-0.0004118317145280284,0.0051080715167065305,0.016753269246849757,0.0028531410935102347,0.001958664024207456
2025-05-28,-0.0004621795324822051,0.0006299505361914027,-0.0013521403599151655,0.002932649243683236,-0.00216665005142229,-0.0009967881129145895,-0.0036378813770842513,0.002676759457046857,-0.002875662798283438,-0.005500487161299806,-0.004924107336635022,-0.0009220185077700636,-0.0016075069744103379,-0.009417595986479486,-0.0032478994687896545,-0.0010801687284827867
2025-05-29,0.0012515763324904429,0.0009653279624506938,0.008720755782795598,-0.008420614409676489,0.0013325465601970385,0.001098785404110071,-0.003257268117592898,-0.0013233214620844255,0.0011289811655636024,0.0015382440372298392,0.0009518190079800611,-0.00032847110113287887,-0.00021917119231605327,-0.009486191999552139,-0.00021935726748943088,0.0023108519322123876
2025-05-30,-0.00032872829227904984,0.0016890954585146289,0.007672692498698266,0.010569890939223472,0.0016781120630377745,-0.0001514688754308438,0.0022184236628593817,0.007560265994516287,0.002770018707304666,0.006966042866937652,0.0023642464935824774,0.0027046729275239084,0.003360937113516799,-0.0017971418180456463,-6.1270351316351e-05,0.0007222759099736728
2025-06-02,0.003101011437051427,-0.00026344092907500376,-0.003983245973612794,-0.009958199203971127,-0.0053876977348341175,0.0012622923483070533,-0.004134109889550277,0.005514902519573102,0.0014608223399684601,0.00021602505339945142,-0.0048794855573044875,-3.848738168602201e-05,0.0034967893915166404,0.010409862536316681,-0.000618995104692559,0.0039554162163619126
2025-06-03,0.0018190533184358991,-0.0037452996642046775,-0.011591098922865192,-0.007315687735341655,-1.7111549146435565e-05,-0.00175210881223547,-0.0017274272542453497,0.00012469096793901865,0.002622613965202545,-0.00269569261920255,0.007914450298786294,-3.596378426315265e-06,-0.0019576478798534287,0.009456657806375857,0.0013738034807392226,-0.002547756673171654
2025-06-04,0.0008332058242620426,0.0040133450534126595,0.006862826654526226,-0.007330879109261937,0.006783874637909535,0.0011720808462179636,0.0042326062832662905,-0.003828323648301789,0.003588699904174939,-0.004471869278567804,-0.00019286370338340332,-0.000262233334831923,-0.0009218012675802002,-0.0040580888385205755,0.0009908772972697477,0.0016304178113257402
2025-06-05,-0.003246083087679469,-0.0019309519735713344,0.0003076166525895919,0.006519724230160508,0.002014843762836208,-5.801373873714019e-05,0.016376620628335455,-0.006063004225698115,0.0002603824491293561,-8.376110541260173e-05,0.0006871413409160489,0.0016693862580282137,8.347150475137297e-05,-0.021812964823715503,0.0013544710796339228,0.00014885559985038425
2025-06-06,0.0023653985721750264,-0.003342016503649315,-0.01434242254471952,-0.009013758027994607,-0.002977374268435807,-0.004354103273365919,0.011690887890076933,0.0006593220953984447,0.0008619823967079276,0.0025301241630503162,0.0036143129868389627,0.0010056572966433497,0.0006983602420197969,0.07969801851009699,0.0021887845454766916,-0.0010997193837699246
2025-06-09,0.0030341491257163708,-0.0005896518474730146,0.00017861349474082068,-0.004043023617271138,5.5314035238483456e-05,0.0006764672910040967,0.009335059926438705,-0.006540456264422625,-0.004390926856664492,-0.0070667853487491866,0.004419036904045622,-0.0006399266956551833,-0.0019721977268520245,0.018433414164305904,0.0006748411554374165,0.001353117369057096
2025-06-10,-0.000144251557185078,-0.0007616120998718222,-0.0006963844756335495,0.00047848822091227676,0.0030831156023479194,0.00011986040729869299,-0.008172308191865854,-0.0046001886227139055,0.004000540856160422,-0.002360134050404186,0.009462262271219334,-0.00045939387843543095,-0.0008834832058023105,0.0038331649368855483,-0.001089313831457564,-0.0019133363055816644
2025-06-11,-0.00018760859323498384,0.00397924397782629,-0.012844172989598935,-0.009118929028597091,-0.0013258251550214801,0.002302057236608979,0.01008675908409391,0.008117860323610568,-0.0002611936328754498,0.0005683346686251906,-0.003356535158054646,0.002526411126483917,0.0027554487561561114,0.011141381351578692,-0.000554259598004141,0.0016233034674244806
2025-06-12,0.0017974892940733813,0.003037003267923128,0.009807899950254547,0.012619255542478242,-0.0009093068922238455,0.0008375931179281113,-0.0004901045312092338,-0.0017502505731841764,0.0028008608157057764,0.007170770727754288,0.0023154563557077185,0.003330897769153341,0.0022586738966427753,-0.02617087539458272,-0.0019075381930570862,0.002342797848518793
2025-06-13,-2.075314189090645e-05,4.71680868818717e-05,-0.03356169508040546,0.012675808901775635,-0.0029197051505006058,-0.00016421509354194947,-0.008934179998915189,0.0042634996348821595,-0.0059730284957592705,-0.001982353359172427,-0.006111052608370464,0.0001900737309661997,-0.005849889696337743,0.021791480938579133,-0.001584729016454598,0.0012509530485290687
2025-06-16,0.001947633705236766,-0.0006733684047281255,-0.0017816621149662202,-0.017043116464455325,0.001458639964853201,0.0013175721037655174,0.020638348861410662,0.0024572177052722194,0.0032424961885707355,-0.002414218858344418,0.0062808236501361355,0.0011258301312317845,0.0028615049516965774,0.03457183895322685,0.003929088398759887,0.0005247626171576811
2025-06-17,-0.0017598669961884843,-0.003142737337639496,-0.026711092595692935,0.002769560585419147,0.002818308598579845,-0.0007836902915965261,-0.018472640135723722,0.0008005174363797784,-0.0026596501965933453,-0.0036997974406360653,-0.0038639525519238247,-0.0030747836601936816,0.0003779578911131485,-0.005491067633010436,-0.0029684613316701817,-0.0024420562143044147
2025-06-18,2.0987402244682096e-05,0.0005659485911342855,-0.009691775323025053,-0.01459065876384979,-0.00027611340271280714,-0.0015472455960606336,-0.0030552408867562217,0.0013767750358249246,-0.007632028676924779,-0.004888164062643493,0.00219337601887337,-0.0031199400037347754,-0.0024583035677090657,0.045014805216925934,0.00015283363251505209,0.00042916733297566597
2025-06-20,-0.00461910526336701,0.002377279157963617,-0.004400680992410091,0.0031135118058069427,-9.559175852408047e-05,-0.0016398531420330458,-0.0031412104018693713,0.003578371123004986,-0.0036289980593651166,0.001058161617734066,0.0031523576963690125,0.001330051582940587,-0.0007703397276866675,0.02008920221987367,-0.0012344697008663478,0.0001994787754963244
2025-06-23,0.0040507574763287355,0.0031142451265897472,0.04322416211403804,-0.0016242797313851442,0.0009201652580950179,-0.00048651561476322673,-0.018987388957713902,0.007405978665436545,0.004240577108252849,0.0044256317481181145,0.005760048215273836,0.0012520392092756271,0.00657905679016689,0.004555845454384991,0.002454264854166593,0.004406806935853315
2025-06-24,0.0028480141926489084,0.006548099053345962,0.024614901737206533,-0.014576599344760586,0.0002311770902075471,0.001738304604756366,-0.0015247955008552347,0.0014645984129815735,0.003958053127598723,0.0017382690206196021,0.009797557501871045,0.0032527907434226943,0.00176499107959717,0.0036152867694288736,0.0007397624683515452,0.003003385813794424
2025-06-25,0.003332914484121023,0.0021168309413818567,0.0032908588133753296,-0.003782777092300126,0.0015998274623677214,0.0023964087781234815,0.012990136901587004,-0.0037576166453675165,0.0035870804852628736,-0.0020823674084726983,-0.0004303848190915661,0.0016603845640434968,0.0027630881730100563,-0.011056930844773863,-0.00039422712803362887,0.006369413306078577
2025-06-26,0.006511352888528221,0.0037187898209048572,0.009423637360338402,-0.009764506767029736,0.002550822336387081,0.0015047283798557223,0.013066652060024976,0.0025325756198128976,0.000512509597014368,0.0012156327028397039,0.004665947005447374,-0.001963847136088891,0.004128459165033333,0.011041068346957667,0.0021500676538324793,-0.0004825319586380752
2025-06-27,-0.005071531564452588,0.0024408932349062797,-0.0007204744469919491,-0.004001027462219231,0.0017907531899585558,0.0027911388221780868,0.007680248757732761,0.0010599842929873528,0.0047147022910895686,0.0022673216511418064,-0.0007980017269688059,0.003458546541676798,0.0019343058757258704,-0.01823606059112844,0.0005273194062971579,-0.0007494287849046529
2025-06-30,0.0010966434028384757,-0.0010143129993008789,0.010675000598496466,0.0037376403855724043,0.0004710333301142563,0.001277670171319152,-0.006286423799887713,0.007309983326338788,0.003592656355888872,0.00622205205441601,0.003108188076979992,0.000295139129386147,0.004999649032976282,0.0022406737980517014,-0.0005364511932188564,-0.0004392735523163086
2025-07-01,-0.001770352475223112,-0.002777992262614266,-0.00341191588259792,0.013066377171515672,0.0009756691845009113,-0.003058347095249666,-0.011029932582466928,-0.01547985218173255,0.0021956317057018207,0.001733957498816704,0.012880453267790689,0.003621589914266865,0.0022641062091572394,-0.017287457657378543,-0.00044551643166815063,-0.001489469208852446
2025-07-02,0.0018256253044019342,-0.0003503897401043255,-0.004090384890271496,-0.018497651227446406,0.002314892569109287,0.00016177706854314804,0.007000357026069541,-0.002050578138126185,-0.0006234674141202337,-0.011943607581705153,-0.00274719440093895,-0.001335300022027243,-0.0024518270942495927,0.020855387388101564,0.0021879715758497684,-0.0024664903414290396
2025-07-03,0.001259183332551013,-0.002544689704203645,-0.011599215355111683,-0.003299024855537914,0.00150694076259731,0.00207874471211819,-0.0029639588779074456,0.005402403084994881,0.0010553561574865936,0.0052899206224627775,0.0005976505634485629,-9.491834242623997e-05,0.001688349013946187,0.001073490903578101,0.0016643800437506615,-0.0038619549510374085
2025-07-07,0.0007987285107183941,-0.0002552623416987162,-0.005186931745654695,0.0015007291112699003,-0.0036376109081812154,-0.004663739412417057,0.006270166290333895,0.005706131132773932,0.0008420668814664734,0.002753503268930011,-0.004799234027644511,0.0017740033922647143,0.00411917397435697,0.00406358478039553,0.0005987683105421172,0.005474711517588693
2025-07-08,0.0028647870425232884,0.0015458813070297383,0.01254098449648926,-0.009088462479219206,0.0018515416668977358,0.0018552978236580368,0.023741759581681655,-0.007895941117952957,0.001808439239732112,-0.0020133940125624523,0.007771065729909783,0.0027460279882366634,-0.0055661328803263115,0.005960472615833386,0.000602506041792299,0.0011895055769561872
2025-07-09,0.0010408231032384353,-5.128477868015851e-05,0.0025212656281994256,-0.009819591751644801,-0.0030344157697384704,0.0030905922053751536,-0.003281585099522708,0.0011135064306148114,0.0023471906895531237,-0.0009947082048597563,-0.000915655594926994,-0.002157204669137838,-0.0012313993201715223,0.012504698557285886,0.0016016512544878264,-0.002636245962328548
2025-07-10,0.0020288188703133756,-0.0024244029405278214,0.0031917945361501763,-0.01068215130744223,0.005440569291957104,-7.001184454457103e-05,-0.01334966188366073,-0.0029333790327266793,-0.0014313297388423496,-0.0048489336596330085,0.00442821972914482,0.00035451045162582847,0.004109348475875186,0.015195875428324752,0.0008961465188314531,-0.0012859618073207677
2025-07-11,0.001141495228967595,0.00020450028947133062,-0.004921848022417706,0.006615158147734039,-0.0014838153128509364,-0.0024691362486948584,0.007196151902126706,-0.00018338950684781193,-0.0017387171920750476,-0.005065126803169836,-0.006712990174885699,-0.00026302363283131364,-0.001737238098845633,-0.007885895700260825,-0.00022825386596577726,0.0017062324560485924
2025-07-14,0.0016483184272603282,-0.0004722738609700323,-0.004100166806968482,-0.005254523722493095,-0.00015666422815638,0.0031811424057197816,-0.018169481204959155,0.010187612008650777,-0.0019361041194127103,0.003192516009308561,-0.002259135163898362,-0.0006620176131845192,0.0005800912712523743,0.01671187004333884,0.0011668883192721678,-0.0017596066060818595
2025-07-15,-0.0020630345047735286,-0.002687385144046755,0.0005581844165024321,0.006701274570828268,-0.000456902079210883,-0.0023872054235983607,0.010782101777410978,-0.0029233746455827195,-0.0007518627228250115,-0.00539496450893711,-0.0069364315528900435,-0.0010801848422987998,-0.002320145368449567,-0.008848639617362113,6.088049410768459e-06,0.004130823444481288
2025-07-16,5.4901076375629774e-05,0.0033052406453491293,-0.004285480736674456,-0.005025313970423446,0.0016077619430449946,0.00019444891715422643,-0.0006693734728432741,0.001209294923720659,0.0009701077566442182,0.0038460970955447155,-0.004260147311705971,0.0010640960266902846,-0.000382180887600613,0.032663408444890796,0.001129636208868451,-0.001521852248556386
2025-07-17,0.0015608165720008014,-0.003162813479933116,8.447298351802086e-05,-0.01660495040464096,0.00029474811894429805,-0.0012098614909013083,-0.0014465903743640105,-0.0002689398771363949,0.001627685623504572,-0.0006160106081268208,0.0011395819491855494,0.0037220802498923997,0.0004015257558387937,0.005318181127139736,0.0008281830647451924,-0.004942557151454751
2025-07-18,0.0012657132511173395,0.003582725973697494,-0.0013410505519957892,-0.002594040435214098,-0.0011917282977759302,0.0023532425450671943,-0.0007423120225973948,0.0018830743750200617,-0.00048372415103292146,1.4336762443465235e-05,0.0016860951104659975,0.00010685330110196136,-0.00240101199340473,0.022315959293085885,-0.0005639822480162814,0.0009293531866068979
2025-07-21,-6.80776411912682e-05,0.0015076464759406216,0.010131817707260354,-0.0028497906902992974,0.000624303782118342,0.0019479993701061295,0.009686002672825045,4.4885067257147485e-05,0.0014164395375743548,-0.00037942666080874625,0.00113425628982129,-0.003278633973033969,0.0031393207400715333,-0.013680923450423274,0.00041960161485958243,0.0035320693710992916
2025-07-22,-0.001320216432310806,0.001450162488009932,0.006817585734054561,0.016531263459464266,0.00330425029661231,-0.001848974451402073,-0.008013143397332879,-0.009652403184925846,-4.6910227114080414e-05,0.005112382591715745,0.005221561501178043,0.0017836967938771875,0.0023186661235538985,-0.0038961832644367257,6.890421584034424e-05,-0.00040841745146861553
2025-07-23,0.0013109306702493947,0.0036614142132328138,0.01656710689228757,-0.015503450371308375,-0.0006259719770002285,-0.0016059442312401227,0.02397196368635795,0.004568619994866011,0.0006742969676315387,-0.0018344309363955476,0.0070482373458935575,-0.002768932970508021,0.003455939052568112,0.002391906908068576,0.0013997145720536066,0.0009583730373299093
2025-07-24,0.0018980385360457958,-0.001201830073614076,-0.00965416549087921,0.008079415760507243,0.002125090477146525,0.0024329716651935226,-0.001571903357730743,0.001500471192595938,0.003833193149258651,0.003289253324502589,-0.004372622226261293,0.0017342242431764182,-0.0019613333479323296,-0.013389544680816112,-0.0014051015054278974,0.0022622483577137086
2025-07-25,0.002090629977656182,0.0016298657834898714,0.006468303855473159,-0.01461648121946597,0.001162034696920367,0.0019572019719668113,-0.006800962051976073,0.005568377722653655,0.0030966008126568625,0.0018713498415067048,0.0013915096081409512,0.0017805613977172068,0.0029529513104877944,0.010560783725711849,0.0005594885278702038,-8.496032449906675e-07
2025-07-28,0.0008341521208033689,-0.004092496490285019,-0.019993188127831303,-0.007167524155262033,0.001042955217191173,-0.004646774891914528,0.0051436602247496785,0.0007681291708730321,0.0022836181541961735,-0.005925882173400208,-0.0026046976821980867,0.0010894562342945282,0.00026280673595548577,0.0030903392794377773,0.0011858414021974951,-0.001351695657486959
2025-07-29,-0.0026003962641186354,-0.00577573897937581,-0.006654444120874922,-0.0007982639192254271,0.0009464674379258582,0.00799053555943665,-0.007707973100875759,0.0019119097446285557,-0.0028946039590915847,0.0012763431067981338,-0.0012315722652237264,-0.0018733618511053364,-0.0028851076836312072,-0.023954732958981186,-0.001584712331379549,-0.003833701283616084
2025-07-30,-0.0004784868361172902,-0.003024124886856688,-0.020235332663831807,0.0008622864386248058,-0.0009388366544107653,-0.001970885088961337,-0.006768061308934772,0.006664776570057754,-0.00010452471210940263,-0.0009121949901094006,-0.0008605165104512823,-0.001869449237404286,0.0017807678240508978,0.01707443398708638,0.0005342954852093182,0.0002825524009466678
2025-07-31,0.0013532313513789375,0.0022045972834551335,-0.0022442982525373886,-0.0018908879284902204,0.0023501966606831654,-0.0006333220244548929,-0.022657377637210877,0.004354608501526719,-0.0009526210578791805,-0.003293232734650723,-0.005861707709433582,-0.0022521814405929578,0.0038456810179147575,0.002747921691932432,-0.00038838319648834747,0.0027913695013558446
2025-08-01,-0.0007524828528363435,-0.0019010974999478262,0.015214970366920048,0.015089279213702893,-0.0012996343691959525,0.0036976065525738096,-0.025451410972293496,0.00131131491937422,0.0019033669082540797,0.005268015848264531,0.002103135352732115,-0.001809838510831014,0.0019357274202664743,-0.04189399169911392,0.0013345023400058876,0.003655374216050533
2025-08-04,0.004741075446533542,0.0032653941006921105,0.008418290861223855,-0.019342247717770156,0.0004488397735551569,0.0009878042990806414,-0.01310449414740274,0.0010827832884767099,0.005459013043380192,0.0030198667171034057,0.00021231376981469333,0.003317076428117599,0.0035020796719616738,0.01434988527894784,-0.0019463186701052016,0.0021990746684844254
2025-08-05,0.004817546106095543,0.0007741031558761084,0.00551679948070925,0.0018973476907283176,0.003191698052276237,-0.00038303017872260987,0.009325354852369745,-0.003679209289192131,-0.007251857799412906,-0.008791270644352716,0.004847713331821031,-0.006241115989485896,-0.0019460590301195763,-0.008889421731191623,-6.653365355357294e-05,-0.0004908389523953548
2025-08-06,0.002249550743139121,0.003056119595020872,0.0022528696942595667,0.005819944416033998,-0.0023609485585301595,8.894130126742121e-05,0.022986324466377297,0.009625190153938654,0.006500452220546067,0.006847347083571436,-0.0011979200935088989,0.0020976636258070464,0.0038757109343997205,0.014884568257200189,0.0004970657520491491,0.005674329356313132
2025-08-07,-0.001431232715853394,0.001306511830338225,0.001643382025797151,0.012113978008670666,-0.0013970594102131729,0.00021103068753982988,0.011373642886539194,-0.0013339913310666217,-0.006716912164529589,-0.0051035722313545,0.0014296682436219367,-0.0016875507653536157,-0.001614162291144023,0.0012436603780316565,0.0021495589697515184,0.0013842231025702413
2025-08-08,0.0032155203342146667,-0.00020868643048349697,0.0005060735294011342,-0.005588763289907449,0.0034911073958813314,0.00038094597591901736,-0.012203800029757694,0.003836184142403166,0.006043404966212783,0.0029174780300641,0.008376915410080453,0.0028545386130551047,0.001896082915182988,-0.0012073868433525028,-0.00034956766345843685,0.0018285404786977202
2025-08-11,-0.0031442199234649046,0.0013168615831288372,-0.009185466769367653,0.008963365322816167,0.0017844623103252504,0.0004792927091240339,0.0065630639047748775,0.004193602280213936,0.0011558563329690107,4.335284120218774e-05,0.0017560882223348643,0.0018952054172067332,-0.001483925552675056,0.01096636367468954,0.0009190368125643504,0.0001290558255336177
2025-08-12,0.003512647865549114,0.007926144125427585,0.018529823045993044,-0.029401204851606147,-0.001117086314969779,0.003662908785765911,0.0129735830703093,-0.0012447190979325562,0.0011020131609993013,-0.0035067250123898205,0.010250867046741063,-0.00018804704590037313,-0.0007670838414855722,0.006109271153198646,0.003409880312304327,-0.002179847956382663
2025-08-13,0.0007620554285744812,0.003112380356300996,-0.0021948442687995985,0.0071203764829987064,0.0005530080658545872,0.0014144729273850862,-0.006281756440999317,-0.012508989492811533,0.0022010420849932636,0.0031027159797864896,0.006041808325226059,0.0014997202208672658,0.0002255350469890123,0.0055376369525287905,0.0005884772575487042,-0.0034975158034411865
2025-08-14,-0.0005611680020102222,-0.0017424740903622888,0.0019848774248305903,0.00852525254730721,-0.000724013304106476,-0.0014715734480817866,-0.0023995253457469333,0.0036100615236537067,0.003650930396339248,-4.9473217221089605e-06,0.004328110036208338,0.0022025997856852473,0.0036040386086480984,-0.0034934911838866156,-0.0001906839515767927,0.0019306214242944919
2025-08-15,-0.0020461942809125383,0.0004028343143277252,0.006778092933320331,0.011277577585872767,-0.0002445442839348732,-0.0021863391229645407,0.013763447629634534,-0.0028381975374544705,-0.0022927816133632146,0.002753482082529083,-0.008887292712052295,0.0008907578198979178,-0.001979279189554807,0.004728415416933581,-0.00024576562742943437,0.001669440971935579
2025-08-18,9.833534580470753e-05,0.0018202639399913906,-0.00020188583793621928,-0.014539507706324471,0.0016025390492993051,0.00848927555402317,0.013871586993690673,0.0006862682376801065,0.0012261732197793966,0.0014989151254049086,0.003559583884720964,0.0028107901670999177,-0.0033404422951360205,0.00042790525666470546,0.002259292837683888,0.0018885066908549061
2025-08-19,-0.004467342927863953,-0.002949598491166156,0.009832122868874098,0.027660881508664373,0.0021731096108290864,-0.006339603380159874,-0.011085769570470489,-0.0066859462559905785,-0.0003468151918174737,0.005216878231079324,0.008413297564088755,0.0023964158675331172,0.003720905471162205,-0.029234774081588782,-0.0010798063350083722,-0.002902691847011336
2025-08-20,-0.0015966482249936903,-0.004124734036807037,-0.009546712483790137,0.010686382158889398,-0.0025166966073696126,-0.0007143623087305054,0.00331688882388284,0.005683615548026461,-0.0002925399874817512,0.005541227089558436,-0.006251921302784938,0.0037298686215422967,0.0032078989052931584,0.000632878951052504,0.0008133621154855408,-0.0006390509949085541
2025-08-21,0.0003585611974579188,-0.0008305224018771877,-0.007619950999003327,0.0005335035113097989,0.001535578010123613,-0.0010488506285476968,0.0046161937174353015,-0.0012681457005755178,0.0002818589153539635,-0.0006422373011365588,-0.00021667138613622357,-0.0014416352491410378,0.0013802894998450324,0.00236803967372759,0.00038902015232267,-0.0024483340580729335
2025-08-22,0.0042510724504736756,0.00882227646255884,0.008512438159419915,-0.02908113745230136,0.0011472445865771935,-0.0008201839107742229,-0.0035249087477961707,-0.007837793796733043,-0.0009827870819151298,-0.00975107367931323,0.0079169523421491,-0.00268236649383353,-0.0031392187089053763,0.016756863397532986,0.003645062765411631,-0.0002808079038751146
2025-08-25,0.0006004536548402722,-0.004070478617756281,-0.009662204339176118,-0.0032170862042010966,0.00394479403446649,-0.00157203877234327,-0.0007014979766069018,0.003004920542989671,0.000660612370628224,-0.005568144369099422,0.0006622399102781005,-0.0017281355977791495,4.956723868002142e-05,-0.0017247313541819305,-0.0005344708833523036,4.7167258978333656e-06
2025-08-26,0.003065936090059422,-0.00033383351461797146,0.004742421048826973,-0.013013282687538291,-0.001659708614192989,0.0034073126555150606,-0.008508732211664679,0.007155864425664986,0.001988151867933992,-0.00047862482273552844,0.001403961285182608,0.00036510654831527667,0.004638994446801596,0.004223930214377175,0.0003043650666743411,0.0022346087300903557
2025-08-27,0.00032220006091877515,-0.0006998095136561261,0.0013048070448094333,0.0021321465804649414,0.0010322763817882485,0.0016997426565617162,-0.0058935588620782405,-0.0021653430803761898,0.0003757196324966445,0.00234308357594347,0.004191666548322329,-0.0005134767362933357,-1.3173559958510554e-05,-0.009546482384464743,0.0012009521753580537,-0.0011652303637751339
2025-08-28,0.0020816714266946243,0.00015881720270436578,-0.009704941749589975,-0.02120606013244316,-0.0004828323479986289,-0.0001305836144805123,-0.00046937984096453913,0.004720793786136599,0.0011586803123803456,-0.000327544841068659,0.0018711005886413012,0.0005521298002750016,-0.0011527675849236033,0.0038548097018035014,-0.0007822973275880484,0.0026600536892917278
2025-08-29,0.0020862036286864306,-0.004236339195775783,0.0013606297276689333,0.021424823714887638,0.001147366500408707,0.0006362799325480917,-0.0004793413520155238,-0.0044548465116836106,0.0007206800084001265,0.004661602773063449,0.0001534333433399048,0.0020237476397792914,0.0030227162178174186,-0.003895694547115306,-0.00019513774540064676,0.0009782373057770433
2025-09-02,0.00020874815849982863,-0.0014930014947235034,-0.010231301755997693,0.002448820352185051,-0.0024656500799931018,0.0005174731332083322,-2.3727492210664017e-05,-6.847971512357817e-05,-0.0017517587657489338,0.001988456601857794,-0.0019020163718798137,0.0027482099979747113,0.0016123804199169086,-0.0004209183542612698,0.0018882905926694287,-0.0009006951541515474
2025-09-03,0.0007327062462966533,0.003327038985069206,0.009251120497406912,-0.00643114904891387,0.0011226394229244359,-0.006921011964239375,-0.013018387537179562,-0.003504532322712457,0.0032255442882186043,-0.0012717443179260952,-0.0030418342955059697,-0.0033622028201626235,-0.0001645317161838134,-0.0011005134770621892,-0.0016222351640947817,0.0025668911269749817
2025-09-04,0.0014507508979040103,0.00635886008002033,0.004740763586374272,-0.014446352020889442,0.0012004027911514592,-0.0008787939549897024,-0.014588718924907769,0.00200969580110826,0.002254007389468786,-0.003975420654622269,0.006123870500874506,-0.0021367007932430937,0.0015092176770243014,-0.006240653600951844,0.00014087365444333342,-0.0018547404982237727
2025-09-05,-0.0009165343116916986,0.0008365928578140621,0.010781709517459062,-0.005058518469430602,0.0033572585526251246,0.003335406415394902,-0.02289409625698088,-0.004588782038355706,-0.006318521704272576,-0.003986964947058023,0.0057412334778931765,-0.0016229384462471477,-0.006450006767347941,0.0012162662452101418,0.0004919682826473662,0.0014411214254609341
2025-09-08,0.0025207809356360142,0.0037688159258719746,0.0003807202104665003,0.007319882551666918,-0.002654353254357174,-0.0012539505214392128,0.0020094555856097003,0.006015628195740761,0.0016991341901764346,0.001344344227102398,-0.0037363783903509515,0.0003716335839147808,0.001253357651207877,0.002146295563921829,0.001530848519945284,0.002798206047535191
2025-09-09,-0.0005323730535142296,0.0005561288157485334,-0.005526465927534225,-0.0006329154671192675,-0.00043473100302424995,-0.001176245777449928,-0.003962678197040685,0.0076480713075064415,0.001532767294454115,0.0021948604878423844,0.0006273088604611923,-0.0006179808803043827,-0.0012007990267545482,0.005632613202157943,0.0006984643795793972,0.00013236037344981663
2025-09-10,0.004343466007357336,0.002334951426638093,-0.005287139409875617,-0.016761919941532602,0.000699330918337647,-0.00042293526810589213,0.00640000141583454,0.024121545087890897,-0.0017251007430271513,-0.005087571470879767,0.0031915358584539795,0.0028475617939521056,-0.0005473788350706754,-0.014479060334945035,0.0020686390493196427,0.0004971545007595355
2025-09-11,-0.0008304022324982954,0.00592543788662875,0.00876053232698376,0.002424877789457213,0.0021804237908830907,0.00021499775390578,-0.009658542484140602,-0.011596708473930495,0.0011835799230124656,0.0045019675528047715,0.007736314781615048,-0.0016914258905926256,0.0016104611747378402,0.02395287184687791,0.0017639520523677005,-0.0036791185981700954
2025-09-12,0.0015484132103730647,-0.0002391156443626454,-0.0007514587458592832,0.0038900622165978713,0.001327812732508705,-0.001718386418152312,0.006738539418884059,0.0017703004228745664,-0.000749776426999289,-0.00522220216252233,-0.002787462883103611,-0.0032324341658012887,-0.00032666635163604383,0.007862436489987386,0.0008326828420778037,0.002167322336333737
2025-09-15,0.0002893181229994277,0.004976933748095715,-0.002755281550055237,-0.009323392248197903,-0.002417137086275273,0.0011299921302937337,0.011546920723716192,8.02019601301631e-05,-0.0004061111735266603,-0.004943172020476132,-0.003452751038192343,-0.003357416678049484,0.000136501086701127,0.007553086127031979,0.0008367323674659745,-0.0008078420427428284
2025-09-16,0.0012334256652575095,-0.0027467998569169916,-0.0032625560178343067,-0.0045594619465513355,0.00045136199965734535,0.0013344499111003574,0.014086981296217252,0.0023411214031254946,0.0031882328962307338,-0.00019125166735242585,0.003383245315906625,0.002585495306728145,0.0024909683784322904,0.020027615423815502,-0.00042584673943768016,0.004588821784691396
2025-09-17,-0.0008451227965219029,0.0010961490698807724,0.003695489547752808,0.007088859593575135,0.0028972368832043674,-0.0018342052237056959,-0.007076976264939393,-0.0008989683689189385,0.0033056963870054237,0.005626855690798169,0.004680752676179288,0.003147260898833239,0.007520699473362385,-0.0038184708963350886,0.0006840178309886241,0.0007240151285156073
2025-09-18,0.0011356618323330068,0.004788118937858822,0.0009869791811015043,-0.01864796734791322,-0.001501139644017561,0.010142542541971795,-0.0042334469524131745,-3.5233626300364834e-05,-0.0026055938175383953,-0.003097968394967428,0.013558586842972412,-0.003554619879954013,-0.004478392643422542,0.024879637370094295,0.002659078036687958,-0.0053088606043038555
2025-09-19,0.002883335858626647,0.0008651186847059198,0.0021707600219196014,0.002332837634155166,0.0040981068236402,-0.007750186689709398,-0.008602788042115134,0.005940719745966238,0.0032491019370975436,0.0024747737995205227,-0.0062215591125929885,-0.0004945902114283042,0.007100914074935226,0.01805965363244236,0.0008431136761424407,0.00231525194000396
2025-09-22,0.0012438588387382148,0.0019070764113450558,0.006195753868403956,-0.01012263123132435,-0.0016136672750376893,0.0029800352931850294,0.0035057473761481942,-0.0004480783704203231,0.002852968458193496,-0.0002454269389441314,-0.003171301556623567,-0.002267563205924721,-0.002000374295248428,-0.006959253513276111,0.0007339712123298765,0.0025807010983160857
2025-09-23,0.002800378445592915,-0.0016508168804820855,-0.004274942815198922,0.0027677421502949246,-5.267198465881955e-06,0.0042932200270726735,-0.0037327140821527063,0.0015815447143162145,-0.000876283377296564,0.003134786495159839,0.006431072650467635,0.001681298025383719,0.0024734230806237266,-0.005983126185134245,-0.0009509950929461265,-0.0007771979998548477
2025-09-24,-0.0028125242008196815,0.00020987574501538857,-0.02058095501413675,0.01994979487961138,0.004710904726603554,0.0004673456353556577,0.011302454373320604,-0.0001119990215778608,0.0018194033860630529,0.004497311004288726,0.004865455620374721,0.005220102406126618,0.0027440687443521902,0.006304900128435425,-0.00025735687705165356,0.0005275389145980966
2025-09-25,-0.0003828925330827183,-0.0020712992745402733,-0.011368267464411634,-0.002974294831457542,0.0039060229241056426,-0.004720702340997467,-0.007299501940241615,-0.0007023986038916146,0.00047828074034669387,-0.0031653616710687954,0.0021903309338070958,-0.0009818429991459597,0.0025576186629336756,-0.013006498975897552,0.0003180622507766499,-0.0008142593017687821
2025-09-26,0.0027079592867955892,0.0019385205127686405,0.007277037781451976,0.005735936439080347,-0.002245870271739032,0.0007600828839713224,-0.0004477744783385352,-2.2343979823894952e-05,0.0019722796248779753,0.0058096741064520094,0.005274902790699576,0.0013093348616685908,0.0019789534561314784,0.014431812946970182,0.0003400686622386038,0.001216930975745976
2025-09-29,0.000585786768638475,0.002014414345491016,0.0054691724371043115,-0.004529483995589265,0.0009006215851014975,-0.002624593050218065,-0.015241672570443737,-0.0009443018322587479,0.001585313142072883,0.0004687500290726607,0.001606034964755517,-0.0015954047727073596,0.00042263780394842087,0.030205204274098965,0.00013010970364530023,0.0024345316831788266
2025-09-30,0.0019426662085561617,0.0006934517347711003,0.0021188954629198166,0.009696634343438962,0.001044298842000763,0.0033575530136217262,-0.006223247082728901,0.0006568873301300987,0.004237907170359932,0.003460961224788296,0.0005864392664043107,0.0014546992850407129,0.0009275525611230327,-0.001755521389189869,0.0008324716586821123,0.0018201681638427825
2025-10-01,0.003213072639360843,0.003542544062335783,0.00042014750626906405,-0.01565724038242769,-0.0014975082888168184,-0.0011626525455318791,-0.003361548585168572,-0.00583065400802079,0.0039055818552785854,-0.0034202672443113787,0.012234628820772966,0.000261832969545295,-0.003664756612143082,0.00013408891477949963,-0.0004262959786117801,0.00011368535860595643
2025-10-02,0.0006243510876107906,0.0026972337066571055,-0.0013021943109046263,-0.00048057190047746273,0.0024481527455309437,0.0013732360421343762,-0.007233423827407091,-0.0021631915752766922,0.0021917347425776572,-0.0008479639183370472,0.0020095268898392346,0.00021786708461395664,-0.0003953498714669928,0.022044298809219487,0.0014055726547941908,0.0005965160738613394
2025-10-03,-0.000878850273815855,0.0021632595501063796,-0.00020944605170314943,0.000765301167384466,0.00010545380937195155,0.0011478294853532502,0.006231149374333045,-0.006909248052465447,-0.0004480747125507989,0.002335042665948601,0.0019479300557996143,0.0020922019360429924,0.0032746741270364334,-0.009934011981669285,-4.135889930930914e-05,0.0009609217028691614
2025-10-06,0.001790275976549243,0.015171423952779248,-0.0070759829362738325,-0.004008316372816716,-0.0006281105851305212,-0.00029449452893241855,-0.000261040545585723,-0.003946663016170774,-0.00038806684916098573,-0.0006462876727676562,-0.004619869991419159,-0.0005526355092321786,-0.005457079750586229,0.030669866890948104,0.0031796168713923447,0.000605269244789138
2025-10-07,0.0005103814289023816,0.0008211737073623108,-0.004314865564740503,0.00016610344920394435,0.00521582758271231,-0.003322670727508675,-0.002982450866748177,0.006815116308341769,0.0005797389822365037,0.004639067565110886,-0.001951666302121344,0.0016305673858375033,0.004130099668387651,-0.019666656926669687,-0.00116325882766997,3.0065615595425673e-05
2025-10-08,0.004403072524550894,0.007323492744403691,-0.0032750534434033787,-0.011653708546117596,-0.00044747100173142366,-0.0009906418901314098,-2.537944208323012e-05,-0.0006198135740620534,0.0016366299860775257,0.0012775936005333616,0.004350957679691128,-0.00014686416669151825,-0.0024503646090111076,0.02676509749610081,0.001104888224830077,0.0013731174695663859
2025-10-09,-0.00019587031284973473,-0.005940574287316167,0.005338677797592195,0.001754780825785218,0.005152391891878848,-0.0008413668005369597,0.004456208060511252,0.007471061974330941,0.0018392930871057632,-0.0011760078377306762,-0.0014938532698111273,0.0016762837575736373,-0.0013084650493534952,-8.745992974637865e-05,0.0001099142980606929,0.0020511048585426946
2025-10-10,-0.0006462896747724111,-0.02674811391902209,0.019674789925305667,0.018423718923876037,0.0029129705637394258,0.00495781680014183,0.0011691005031395831,0.0033804222834631983,0.001485047140180603,0.007213225118770802,-0.0005370106085042792,0.001982457482440433,0.011495290089337636,-0.016736333889895524,-0.005549307404581545,0.00477282615286298
2025-10-13,0.007115147549577936,0.01992366184730103,-0.0017107238788170373,-0.02173522109167181,-0.0026924500008312074,-0.0007345745935766219,-0.00466936184815334,-0.0006277629011540824,-0.007313804369343414,-0.00812154811546779,-0.0014771144453448251,0.00017566348417100489,-0.005277821489873612,-0.015838456019149853,0.005745274713125561,0.00020157890895128316
2025-10-14,0.00040848436807048487,0.0026902252877056077,0.007554885882013451,-0.0016258012451619576,0.0018524150092063076,-0.002107671098417163,-0.009843245684390708,-0.003836725499057824,-0.001115157785986123,0.0006817145799751,0.006437569536815001,0.001993614221472398,0.00248077966263602,-0.00598202112564579,0.0005903662170146256,-0.001417112303495558
2025-10-15,-0.0008310964489420241,0.002376353494753354,-0.0009645130990363023,-0.010990458338192394,-0.001715286180268621,-0.001793859483100584,-0.012527287841411624,-0.004045348751266934,-0.003419074948773487,-0.011042138346697816,0.002896871014966093,-0.005996352438043324,-0.00425352274772888,0.021984839883520846,0.0019282989806367666,-0.001112849566410961
2025-10-16,0.004514825609618053,0.0037483183741098876,0.0062905603106324075,0.000186321175660498,-0.0008244557138803133,-0.000634351930557047,0.008779488592842851,-0.0027444240689015933,-0.0001048155101894023,-0.003989077344756087,0.0009396060284031695,-0.001547362568983017,-0.0012833619254423194,-0.025842549639182276,-0.0009478899701296263,0.007113333384689035
2025-10-17,-0.004919848186947475,-0.0013821139106498861,0.0004918901592549647,0.0139093586415827,0.0021746483536226238,0.0034775421715261753,-0.014247127291171615,-0.0011668795316730808,0.003344189611022894,0.00562658669031162,0.0006746076212246752,0.004194292965397801,0.0059063142937386525,-0.004468083477914211,-0.00074042303778852,0.0004757238883520399
2025-10-20,0.0011182218560031182,0.006040246292819624,-0.011003872075053097,-0.004408497862039661,-0.0012179190024779844,-0.003959908810220029,-0.025553206287065394,-0.009082815957040611,-0.0005871856927163292,-0.0033827161705946712,0.00016236452043585578,-0.0028493869249993174,0.0013255487431609904,0.024589225699735203,0.0019114562434453517,-0.0019681555129740635
2025-10-21,-0.004868461089883343,0.0003099465968335654,0.00378412727485318,-0.004959933851873157,0.00426633676938196,0.002977963244699025,0.02479061061105503,0.005334163569826302,0.008176528546779402,0.005197443821509545,0.015515726044282906,0.009735787156599486,0.006526965248285641,-0.007498883980067208,-0.0011767062880013502,0.0009541352111290185
2025-10-22,-0.003835189438535538,-0.004206989231417307,-0.012258666904275703,0.01830433789200356,0.0004989725168449027,-0.0009083123535396506,-0.0028266777010755653,-0.001349165145184305,-0.0002088896051333968,0.0024711323020873113,-0.004242196079305685,-0.000741095815105489,0.0018016323694198663,-0.02388526493788398,-0.0012925958057625464,0.0010283731693741297
2025-10-23,0.00438205134859688,-0.0023796402392786075,-0.013262831500308235,-0.020512532373796924,-0.0003073455927220198,5.9615972080223015e-05,-0.009579754092691378,0.00339872537035359,0.0008230690085746194,-0.00592189888524163,-0.0016087652105161113,0.0001960687241747824,-0.0030289633973891675,0.023974266854558827,0.0013135048800159692,-0.0016243930462624262
2025-10-24,0.0005732693045100161,0.004024653242533765,0.005639505089728386,-0.01522984242024295,0.0002560124394778451,0.0009784422312516417,-0.016225652648874354,0.002896327687462735,-0.0028236547333744992,-0.003621642646361999,0.006079872422492029,-0.004033810962008531,0.0027437479235250103,0.0054814701731896644,0.0022312076293039295,-0.002332909495263473
2025-10-27,-0.0011474531474202267,0.004364836924999265,0.008013991033042322,-0.01105884606091576,0.0012348644375631574,-0.0021684882612156954,0.0012345870067443018,0.0026365120432384724,0.005201920035624001,0.0010302969526189824,0.00217801086431379,-0.0015657454894022274,0.0010008538369409136,-0.0014017122673688244,-0.0006634576067234632,-0.0014796103324409395
2025-10-28,0.003906964637937158,-0.00030898628131193406,0.0012030872268133895,-0.0006663273691179768,0.002783065999829591,0.0007063666733093776,0.01446550016144127,0.0007627718410618961,0.002941112422259198,-0.0016637804805232507,0.0043648137920226215,-0.002120524053602241,0.003986427256258529,-0.015228010678858026,-0.0021084286628928715,0.0046184958329984985
2025-10-29,0.005262830571027926,-0.003006768790644242,-0.014873556570482001,-0.013293567949620751,0.0027379925373764782,0.0004907616917428099,0.019625189340613306,0.0033262213360657805,0.000587007496655397,-0.0057036980458683405,-0.00041074425661996074,0.0003009440867883656,0.002413685914623473,0.0004577075317813966,0.0014054320532142111,0.0035644691628520927
2025-10-30,-0.002284256022229811,0.0018623600267561,-0.006871801796760215,0.006549993255479641,0.0009184907900896726,-0.000550611036785522,-0.013464534032215657,-0.009148467822332149,-0.0015971200662260954,0.004769597869609473,-0.0004857470593780354,0.0035857310756623084,0.0030191958702432695,-0.023575518187118606,0.001016401685204481,0.002179670931117368
2025-10-31,0.000827164529016452,-0.0024431869711691308,-0.00794327327438181,-0.001897189428382847,0.0012929425072404745,0.00091176500651418,-0.0009381171391343503,0.0029062777969001254,-0.0024534615420853693,-0.001173440684827571,0.005221883695795824,-0.000357589780190019,-0.004873817289817758,0.03767774914961975,-0.00015789170538345982,-0.0011593306040994255
2025-11-03,0.00037969351818567174,-0.0003613267769896097,-0.015479407034815772,-0.0023516576749286525,-0.004618759150632962,0.0004383383308804879,0.005921159309340407,-0.0008638276406449453,0.0009801853881239286,-0.002200057996348307,0.0032761742737725894,-0.00023682293811340144,-0.004557638807481458,-0.008960722279651716,0.0009705146579163358,0.0038023053424088415
2025-11-04,-0.004558358515251148,-0.00560151686123684,0.0008451541768099615,0.032322745447496526,0.0044837784763467285,0.002700733776926826,-0.00591438814955428,-0.0028677451898143115,0.002752700149807684,0.00565021837875015,-0.008280019505681444,0.005149850423048076,0.005223941158395485,-0.029131277538388088,-0.0032263256978715842,0.0013494570357982234
2025-11-05,0.0004343611412991016,0.00492999858078853,-0.0013848827100347494,-0.014356437154184536,0.0013012267781085923,-0.00154786195343995,0.001054076210588173,-0.0029288430155759593,-0.0019297657158253174,-0.0019163075166765348,0.008458833369106147,-0.0018093653810920432,0.0009265326267711557,0.010873565496504691,0.004870423237089978,-0.0004390220996551334
2025-11-06,0.001702145021796009,-0.00027392767153519224,0.010618105948511621,0.004647430364782983,0.002408567267445075,-0.001396425953489001,0.004137585754920792,0.0003166795002746293,0.0004250615538506121,0.00030665953493583774,0.004324305207398231,0.0022816744836174647,0.006633962260779653,-0.029762157178447882,-0.0041140321458303436,0.004745991499871623
2025-11-07,0.0012945265038804155,0.0023888302297387547,0.0019164693861173608,0.010631822864284175,0.0011621706088267088,0.0012718273492269292,-0.0055280855460362235,0.0047692864075005005,-0.002317484544281538,0.0034412530926540555,0.0037647972634780183,0.000797623732274507,-0.0003499150973150641,0.0012062179030126962,0.0014720212217648417,-0.000845774542023408
2025-11-10,0.006141266298054181,0.0028434268029448005,-0.005313539578753381,-0.020056694804739227,-0.0015126087559795953,-0.000827471807578617,0.01168215509636313,0.0025231207985625427,0.0018187098059262875,-0.002611188700854421,-0.0026542978385994277,-0.0018755229357914297,-0.002421295841227626,0.0026851983311594503,0.0035610807087993563,-0.0022952198886219254
2025-11-11,-0.002166737400783869,0.0033867320941737217,0.0053683048836893135,0.017976809095652066,-0.0022525857576088026,-0.0003883632366030684,-0.013480179621177079,-0.00584158147725729,-0.00011282644706469506,0.005893547486455621,-0.0032475930331056545,0.003489720138227349,0.005674788115696031,-0.012648571044547651,-0.0013032576594318847,-0.0023003813969513513
2025-11-12,0.006824655431747981,0.00906914625076475,0.0032609147882556363,-0.003912260408884881,0.0039886307300964745,-0.000520362575429935,-0.007725785466970966,-0.003085714225086102,0.003029732667277246,0.004459628942812207,0.011637063597644246,0.0037564145124736837,0.0048498650490473695,-0.011822453021821501,-0.0008714369289322428,0.0033680994262098823
2025-11-13,-0.0002986026334341821,-0.002457881489909875,-0.0027927729245569455,0.028023271981762375,0.003574073939228848,0.0011820423530213902,0.023191806645719484,-0.002160014358952314,0.007441385003823298,0.00859348417775742,0.0014380268775338323,0.004847435384471842,0.0026716264982594856,-0.02221127213479073,-0.003769568202959211,0.010769674960086836
2025-11-14,-0.0022997604260559445,-0.0029498959361284795,-0.0032114298770929356,-0.0039611711894338986,0.0021555292486237377,-0.001754514738461314,0.004476345850695843,0.004921944922869827,-0.0010806526745350525,0.001990525636616197,-0.0003572620028920848,-0.0006673430403564156,-0.001728161635565708,0.0030539165152649646,0.00011972172747427672,0.000881713688848415
2025-11-17,-0.0017745383616342364,0.0023936522990781837,-0.0019826769914881017,0.010741967191681308,0.0004433554021627149,0.0027847021901068977,0.01508473014278112,0.0021860481588116994,0.000961344355669828,0.0024074424320561375,-0.006317431299591716,0.0011101789789002697,-0.0018752486789105818,0.00012535171071837922,-0.0013630915708470119,0.003970297912209517
2025-11-18,-0.0026310163572493142,-0.0006064859750910066,-0.0027365459346898957,-0.004645386866795234,6.747810448209934e-05,0.0018110537186200725,-0.007256887769295,0.0034469596757768506,-0.0003772058207993506,0.001407906447881521,0.001350118829869948,0.001142253157888231,-0.0022611663916087066,0.008164111873453853,0.0008761434435429491,-0.0009261494747334204
2025-11-19,0.002832228382708002,0.007752359958698506,-0.0023097274003624005,-0.014568763219231687,0.0026766436335960136,-0.00026992766283095597,-0.014084458824241492,0.000466658389883883,0.0021690895275951255,-0.005196612272886837,-0.0014252091692917072,0.00046172311365946746,-0.0017911863201626036,-0.012133623050637182,0.0007286266219058231,0.001437519316725243
2025-11-20,-0.0022779274218342627,0.007120831103227243,0.006205262857953048,0.01631109468742266,0.001943959208721249,-0.0007940757975952975,-0.011190025749957935,-0.005213539214652499,0.00030947273963363893,0.0015218279622402275,-0.01201110013923764,-0.0010856091738247397,0.006211921007710794,-0.011529326424165431,-0.0044235417577685125,0.0012879400375997796
2025-11-21,-0.00034761577685942,-0.0020536278539344723,0.00781377894668537,-0.0023597603658999946,-0.0021029335051445663,0.004265262643157057,-0.009805711943627298,-0.012752522007841218,0.0021270437159801574,0.0019144934427600627,0.011655398084036843,0.00437729599080643,-0.001678527594376908,0.007315513625591911,0.0007843403443421981,-0.003512770716409897
2025-11-24,0.0007307213610961072,0.0016039301165470367,-0.001620807493455943,-0.02696343361473897,-0.0011082350603427646,-0.0020597362147365583,-0.017609712180487614,0.005274109717153298,-0.0017681353230094652,-0.008004035072108232,0.003348283358546294,-0.0022968321150516596,-0.0027962076749541665,0.026842379209699643,0.0028903127229057057,0.0002202231776675086
2025-11-25,0.002616243414255225,0.001898259174962503,0.01283424640289688,-0.0057287142016715685,0.00044550184777803446,-0.0010318644440632273,0.003290532583726337,-0.0024677385446301645,0.0020721120998107457,0.003946463296833778,0.005740143383005884,0.0034570052100789768,0.0045509131784222286,-0.006869488754067791,0.0012153909921940906,-0.0023643252591958467
2025-11-26,0.0020691669917528637,-4.37411153736602e-05,-0.000360615321514322,-0.014587563868215142,-0.0034241139921067035,-0.0009535742504405977,0.008032134354479609,0.007782749599913227,0.0011700567758911283,-0.0012851306146912803,0.0033438441514594165,-8.685124431773855e-05,0.0017091033561949364,0.004916828484747485,0.002201448927571097,-0.0015303142549386159
2025-11-28,0.004804962729461692,-0.004135368099627314,-0.0076214406238675324,0.001223503660824726,-0.002035653636720012,-0.0005543329437029414,-0.0017995036783310233,0.006530151479398359,-0.00042153142067212837,0.001509048349295071,0.006401028676121056,0.0019107925104912583,0.002931328061306003,0.011020458149652326,0.0027877945929628404,-0.0011173395975124438
2025-12-01,0.003640276694873696,-0.005441432142118938,-0.010470939625965948,-9.130089297939149e-05,0.0022975323286005215,-0.0003685242405178028,0.004478399756036085,-0.002666033978915133,0.004865866626279494,-0.0014134831749547608,0.0014983311853305628,0.0003914124994124236,-0.005060573895476899,-0.01568674319890137,-0.0004594125376099771,0.006417401710717263
2025-12-02,0.0005483897607943653,0.0054704282673697004,0.002742765479408927,-7.141864777073913e-05,0.0014562336906242198,0.0005007087104857968,0.007800595156759212,0.0028976240518047078,0.0024104100830860615,-0.002680971289867945,0.005183924144663681,-0.0010255832199576164,-0.0006338960682968415,0.004988767931907147,0.0009700333404503152,0.000587676818293499
2025-12-03,0.0040878009701677195,-0.0006863269287508021,0.004974996883321381,-0.015612344296526963,0.0027031701257952054,-0.0001329825658270981,-0.00010713084816594675,0.0011954003544174733,0.00031859731774520374,0.0010190238048283637,0.006708166326903398,0.003381331773938871,0.0010341470793710154,0.02710865570105128,0.0004656623891917107,-0.0005468821411084568
2025-12-04,0.000161571441941966,-0.003711839587183627,-0.008403756099449336,-0.002866292144873985,0.003372390563091518,-0.001087691912867905,-0.003362328022934732,0.0066496960750515,-0.0003233923225912606,-0.0014388659858152633,-0.007344357035067685,-0.0007513230697544875,0.0016902959965709268,0.024304621354355852,0.0007117565197058918,-0.0008805333853746256
2025-12-05,0.0024795501119545885,0.0005088295246051769,-0.008287645320440334,0.002543756611238389,-0.0039035547999092517,0.001560182981717183,-0.005622492612281602,0.005147848706268997,0.0023346842283191857,0.001375627763618172,0.003193666299614599,-5.716585097784274e-05,0.0002753787380781295,-0.008727130725693796,0.001207193567136199,0.001009314212641826
2025-12-08,0.0026184313560336193,0.003219932094605981,0.01168464066930194,-0.009790156490624924,0.001917620033411672,-0.002105333979937475,0.004648900661994947,0.0058119665036503185,-0.0015186286480728742,-0.00299594675897138,0.005436169390796037,-0.000902089221501169,0.0005220735111225016,0.005134414595169049,0.0014441455606283913,0.004771953265448967
2025-12-09,0.003639252151848349,0.005776552450823408,0.0024013905649802074,-0.005890027810265953,0.003701905664564041,0.0031433301831017093,-0.0024236166491434464,0.001829819898102461,0.0014055381527494078,-0.0007925687400818838,0.003827880775505821,-0.0012045856344943056,-0.0023689471914645505,0.009342975525585176,0.0019738959361709644,0.0018642085454498706
2025-12-10,0.0015149468586258966,0.001776796025660244,0.003349654882397331,-0.01089610222916202,-0.0006098269811382548,0.0021275315301472375,0.005196979959991098,0.0025931537993000896,-0.002276108681120519,-0.0020676235732192344,0.01385892819511834,0.0027183923002579782,0.0007311268363165797,-0.0049516501800015295,0.0009572868206320891,-0.002617809690958561
2025-12-11,0.006293359659974245,0.0023271889826712534,0.010602517294385373,-0.0026594079899607565,0.00023217079886986226,0.0029811250431017286,0.0029783848330822635,-0.0022740707521301546,0.005600643398274617,0.006091130231753293,-0.0006769086122531765,0.004302719006501069,0.009438269867416482,-0.015159096521095053,0.001715600445108449,5.8622251817248296e-05
2025-12-12,-0.005127342091855994,0.0037156574187395047,-0.0018425643077375515,0.028798413211864653,0.003565054485760633,-0.0025220589095145563,-0.004398416001643176,-0.013950130620987312,0.0023657163235756493,0.006063249664371898,-0.004528756379072275,0.005269689969316157,0.004506633767256503,-0.00018361625497292575,-0.0011305980696072783,0.0071240456953232155
2025-12-15,0.0017195706243822181,0.0014830618215575428,0.007717564432927075,0.003824707324356043,-0.00014640625478304315,0.0007077533998334316,0.006996831086911336,-0.0024444081427816415,0.002238842411238829,0.0019484726652216097,0.0029558485282090105,0.0009960255045864644,0.003357742869599594,-0.010200416602103668,-0.0012380838544670872,0.0020938536088580223
2025-12-16,0.0018063537685440705,0.0006839373316314115,0.009426256503681172,-0.006380639420973065,-0.0009036261940570953,0.0032704401925130557,0.009392729665026179,0.0041993764851683355,0.0002455746446140177,-0.0033370549075718813,-0.0010588820035214623,-0.0011745273866491301,-0.0021780833768400313,0.016934938915801237,0.00031509849796241456,0.004097303717455691
2025-12-17,0.004018384894316724,0.0009937717173276127,-0.010284442819855749,0.023146719506027306,0.0023402093084430612,0.0011201709233280496,-0.005595271200860359,-0.012003618992313392,-0.0007396858306128132,0.004201465641354129,-0.002389748353890885,-0.000564980522085548,0.0007680326179936459,-0.011480946269661979,-0.0007164031500358817,0.002749787843767625
2025-12-18,0.0015671482991925058,0.001135772867326689,0.014048327164779632,-0.01438330194519726,0.0007682677933934217,-0.0013553026342189279,0.011790164591841238,0.008807647320682663,0.001284591410176325,-0.0013746164221547495,0.0047501091310002625,0.00022873252893467486,-0.0028983459747626687,-0.003144055605010066,0.00144061665676346,-0.0024927077261234602
2025-12-19,0.005377085356710989,0.00914804556907515,-0.010925162571559087,-0.008294986751893177,-0.0010000870432053566,-0.0015767920129505539,-0.00174094807880014,0.013782708163360377,-0.00014636295538117232,0.0007362423518478189,0.005167642984995203,0.0002711843638882371,0.0002609153328528369,0.00733124676703985,0.003454601529176012,-0.0027571808997133218
2025-12-22,0.0016214122261315154,-0.0021759794908558557,-0.00023479981703481215,-0.005347715113894844,-0.002891428854155103,-0.0032510250189667837,-0.006659977211973769,0.003474269998898884,0.0002450436300750359,0.0024874521562062175,0.0008993001796179859,0.00013908868599736644,0.0028935110414792745,0.010002050250369036,8.28529920542736e-05,0.0014226905377663756
2025-12-23,0.002311503535276392,-0.0023198135261547174,-0.008560956139970894,0.003900297474587953,-0.0020615362427914086,-0.0010272194395182601,0.006128475036816515,0.0018423327959143914,-4.980830999502198e-06,-0.00033378428456019653,-0.004760566324593873,0.00011259057978782537,-0.0012248872681534548,-0.0150471992691196,2.7909031337641256e-05,0.0017716251654662615
2025-12-24,0.0005077966577209225,-0.0013550646655337262,0.001988220974570452,0.0005372154470406824,0.0030315284640581265,0.0008698092409176566,-0.0055881029701822385,0.0017894388914004274,0.0011248996965501938,6.947502545534816e-05,0.004528741816599367,-0.0003983345681882952,0.001441649699967516,-0.0016735790929049994,0.0002063995711706955,-0.002330861917292766
2025-12-26,0.005266433780337427,0.004991065013947095,-0.0010502119995475633,-0.004619559394771582,-4.118345299863142e-05,-4.7242591031108324e-05,0.012413625666483066,-0.0018241579256497442,0.0005505487314636807,0.0008919240847824801,0.0008602080843791156,0.0015314444951640594,-0.00035196904613923224,-0.012898998683578801,0.0005164562751912918,0.0015754812319627152
2025-12-29,-0.007765682390075038,-0.002911046006274693,0.005147678985895642,0.00804743221128102,0.00645250291779173,0.002174780304788863,0.007221136721433978,0.002281049038356799,0.0028486261220910004,0.0028197126014485917,0.004775762336773844,0.0021598074863762493,-0.0007211211843118773,-0.0028791253487456935,-0.0011881488690208446,0.001978953174267358
2025-12-30,0.008474748254880095,0.0007737764648375715,0.0018702879887301533,0.00973727185559043,-0.0007231140104112565,-0.0019633981010819083,-0.002130228493120742,-0.0008015550429472428,-0.0012663970906515026,-0.0011758824903437344,-0.001813139238182734,0.0005667421715594348,-0.002829775723341682,-0.006166090731946256,0.0006273480484727795,-0.00080155741336823
2025-12-31,-0.006512553612513303,0.00420426160369648,0.004443025581050867,0.0008471292999434575,0.001609184385097811,-0.0008946342070546981,0.017754530440061443,-0.0012888106593328882,0.0003141884079371632,-0.0016871772655326477,-0.0017683521282659325,0.0003724908669494129,-0.000586114445832577,0.0007175718007885554,-8.955927117396774e-05,0.004817410580859901
2026-01-02,0.00016859217467408722,9.226348753532893e-05,0.004177798755947726,-0.01951668432575655,0.005712463338193851,0.0011042352910169662,-0.0038848794540207758,0.0020116451761574587,-0.0031778186223680137,-0.008535999842344218,0.013810509539420254,-0.001582361697277863,0.00033977446045015385,0.004245983374975476,0.005137525190827261,-0.0014278795600347997
2026-01-05,0.005599740864181768,-0.0024173166951447153,-0.0030457635005524536,-0.007499433200093864,-0.004907806671119067,-0.0009537179484988114,0.001346575670190954,-0.0010237854443724721,0.0009622259480769856,-0.0025431615195071608,-0.001239828312599599,-0.003108227828223234,0.002480602279260037,0.022160535171216494,0.0016735053935375051,-0.0033530218433708674
2026-01-06,0.005432688037237055,-0.000744056999873188,0.004281550506473328,-0.015712025215769383,0.0033502308405612795,-0.0056259839732689275,-0.012803295657946315,0.0028369093521677206,0.00125962969509592,-1.2755788739802348e-05,0.01200570420711714,0.0032675919593247076,-0.0013856737920641292,-0.00479606111853214,0.005660136887376162,-0.0043262855805402635
2026-01-07,-0.0026039825116543425,-0.0003895897415726935,-0.007388345926391438,0.0023011789877465214,0.0012559510825541562,0.00713811204902582,0.002340674750890887,-0.0007008942741260592,0.0015001030147435606,0.001212237915661581,-0.0017220678642642278,0.0010661577586876334,-0.0012784137425156114,-0.002650057401229585,-0.0039707649858171665,0.003545515828480817
2026-01-08,-0.0037002562345767364,-0.004162396888406729,-0.006905104646379612,0.01990727604118269,5.076316528430068e-05,-0.0007775957221904061,-0.011634713148023123,-0.012550368410958489,-0.00031457646431075825,-0.00035973173842318833,-0.001327856413143048,0.0021830995745495537,0.002888377020838896,-0.003393795947743321,0.0011389615343256085,-0.004086604761889126
2026-01-09,0.0057684036663337756,0.0030870701593698974,0.005693817525205781,-0.007978891526999592,-0.0010248055328415957,-0.0034975344254992,0.0012886004333609556,0.006131267333569631,0.002143232704589681,-0.0032364413496634974,0.009057556970377821,-0.0009489632881797315,-0.0007456122354099859,-0.01541274534172923,0.0020935657392432945,-0.0032254552835593916
2026-01-12,0.007002034775176054,0.007168835725043586,-0.0033519413753957897,0.0068475457656515335,-0.000830109301232067,-0.0018594565740669828,0.0018205085454634576,0.004830941459487293,-0.0017969619326024767,0.0009460027601695302,-0.007653135178363868,-0.0003608244001872651,-0.001449175882471402,0.023238579680689785,0.0014875318517410942,0.0002220859864970466
2026-01-13,0.002634722696746875,-0.0018511430242860675,-0.0045341144685745625,-0.009704520485392963,0.0028853143182587544,-0.0005677520617921911,-0.006446247188876842,0.005102028803279868,-0.0001197901346894222,-0.006032627574528413,0.0020578602416361645,5.319690118752579e-05,-0.0029091260166785697,0.017514158028077514,0.00038843528508155723,-0.0009377162899584382
2026-01-14,0.005636307799572749,0.0016229876180304035,0.007830925092079513,0.012494189673365788,0.0022534837807922925,0.0036034261216618367,0.00588374477794896,-0.01065032134317396,-0.00364762210429275,0.0020755652396342327,0.0011414209326252125,0.0001501636937913961,0.002015362557295509,0.004546185975115315,0.0007868963480590252,0.00042805061754663365
2026-01-15,0.0018342279784603326,-0.0012951014810543482,0.0007257603377683374,-0.00579656453875313,0.004268164740647432,-9.306011908719069e-05,-0.0216437187001469,0.0012035278514946363,0.00038859040382648036,-0.0043495972837472845,0.0025919676519241823,-0.002017342505474037,-0.0022878276134837006,-0.01908278465522205,0.002406842530345133,-0.0034341857032125075
2026-01-16,-0.005142755454596157,-0.002267680179897142,-0.00558076961553602,-0.0084542483814996,0.0015997153531054414,-0.0004819172380089011,-0.02005578785533363,0.006272324568547125,-0.0015666170091948994,-0.003947376722503707,-0.002407729996454208,-0.0020539037182795046,-0.0003669774197894546,0.004408375745768113,0.0011639785419418494,-0.0016363521171929396
2026-01-20,0.008432234849120087,0.004207568732775525,-0.015218983605103528,0.01403113195818097,-0.0004561592372662876,0.0010578950315663573,0.015900265874218774,0.000848596481581837,0.0007286961769946559,0.006597948906941681,0.0031760932297562605,0.0009970352518331466,0.002175915144361544,0.0024458262382136622,-0.0009894504359924186,0.00503313798676654
2026-01-21,-0.0005950689292222588,0.005679146058151764,-0.013237739093098309,-0.010383190354896219,0.00029832800500268104,0.0023467006065184147,-0.01714482988634547,-0.005140273473444947,-0.00043971811430366416,-0.0010959287915139372,0.014919378858391395,0.0016729131897133143,-0.0024061953197612,-0.011058772607144083,0.0010395687714639642,-0.0014209610078032963
2026-01-22,0.004641435039137427,0.0077005930396866,0.006827244924635682,-0.0011668657553528567,-0.002684637507834477,-0.002396490146685089,0.008560935411436798,-0.0029599443665710296,0.0004273369416085372,0.004470323392749147,0.003350654268472396,0.0017067670998741971,0.0006219018873358502,0.014588238501735136,0.0020639695658717936,0.005187335739936139
2026-01-23,0.006346695615713741,-0.008363482491697799,-0.009557334099985524,0.016753786646627335,-0.0017532189042620792,-0.00021417178837830785,0.029506879918225284,0.00314450161249088,0.004671302661875694,0.005135572003789382,-0.012766185685384013,0.003589030214862681,0.0003338923110555803,-0.013837397918323183,-0.0005734133195976802,0.006217098344779246
2026-01-26,0.013699386731942573,-0.004685930720337466,0.0014550924584553649,0.007250762146510374,0.0022617206436087445,0.0024116330201595887,0.014030554648636031,0.00346658373008827,0.004073978963914383,0.006828452230209059,-0.002701321063401251,0.0034552383056194605,0.00496713862608365,-0.014455665873340214,-0.001171364165775865,0.004473598742974275
2026-01-27,-0.008752247799936342,0.014780826278118562,0.0024898636656249,-0.012808940091578921,-0.0034633933710705913,0.0018950898114567494,0.01344427887550571,0.010115909177389297,0.00013942182388533174,-0.0007428697830702013,0.006195045942106053,-0.00015733697521284667,0.0011402611748260354,-0.009336001252887022,0.0033543212026202864,0.006956977993960556
2026-01-28,0.010454298627642411,-0.0011802723995996637,-0.011683491038116188,-0.0009158583335226076,0.0018219403845440387,-0.002613270279461226,-0.003982184726789358,-0.001180630010361973,0.002802579508240762,0.0006452834337092139,0.014883460085128935,9.437492697201904e-05,0.0013618416950661903,-0.013820010040932302,0.0028613498520766805,0.0002120045488881949
2026-01-29,0.002087479284194947,0.002225555425211208,-0.01039848805444524,0.002430000517371981,0.0005771877388608669,0.0038873582311822153,0.0011790789645012064,0.007803224292299153,0.003048412162148832,-0.007239139797163417,0.0019549480726461475,0.0009128114440648399,0.0030197293050156803,-0.008079152016070394,-4.780899402965941e-05,-0.0018936225041719587
2026-01-30,-0.04217372627227365,-0.012094655012094405,0.0008789365342378695,0.01707796799332615,0.0032534154090247194,-1.542176776276119e-06,-0.003786325174011375,-0.007900992157792629,-0.0037950698714187695,0.007585134329430404,-0.0002799603241937336,0.004677908187373058,0.004487564837349741,-0.016289268559918343,-0.005987650936172663,-0.001163841975724326
2026-02-02,0.002517351808462581,0.004959427422033501,0.038209386766593134,-0.008110855118773493,0.0038652614484400837,-0.0018167215090835712,-0.0034036353731360484,0.0019745463749512703,0.0017467986445060656,0.003646326907736903,0.015531182382209152,0.001850649520604607,0.011179580031124826,-0.018774014552673968,0.0024709158771688135,0.0021848350973020245
2026-02-03,0.011638239348919274,0.00916984659542739,-0.008604828396435706,0.0013050331782589282,0.004895902813643747,0.00046786528086399464,-0.00010389663181540644,-0.0018325493680491477,-0.006470084029106722,-0.0028894630452218906,0.0023432502780154035,-8.45141321400688e-06,0.0065958943611989385,-0.00361610664902769,0.0025115610356278278,-0.0005082333330067097
2026-02-04,-0.0015474146619120837,0.005041971950737545,-0.0016170847010654032,0.016651186780772383,0.0030453923358424156,-0.0011082027825822629,-0.0013588571661821026,-0.030436563250313638,0.0043388448604619705,0.0014324762154316883,-0.0013223726076267927,0.005373179725957052,0.005172777851936924,-0.03246452923563326,-0.001393750367079608,-0.003598194265863524
2026-02-05,-0.00668667684634611,-0.00866522367963851,-0.0006443833454166832,0.0014556706151106031,0.0007993421979519775,-0.0006839139828152376,0.0023413433271091758,0.0025004145015059265,0.0013133406440683486,0.005451050091602898,0.008995665096551014,0.0014569271578219294,0.005504951998380643,-0.03362496150406662,-0.0035995396415810814,-0.002025025774515455
2026-02-06,0.0027896910028655467,0.021922965243811782,0.012978798537070877,-0.021473611867706945,-0.004656869538204803,0.0031809847030794735,-0.011408029159492974,0.012484973293329048,-0.0005482939189886786,-0.004023822215033782,0.0036042628468153336,1.7375069610419888e-05,-6.808126590507335e-05,0.024744446502355584,0.005900357727824007,0.0012593780751114728
2026-02-09,0.011280243844658137,0.01156294875765692,0.007363267998583476,-0.017632000546194977,0.0016845014991404735,0.0018960894360997604,0.015674969743484292,0.011046909311807365,-0.002257479045737294,-0.003509100572243775,-0.008489397831984751,-0.0034243308231342775,-0.002605941879377852,0.021873794671236374,0.0023307928677676164,0.004129534609653398
2026-02-10,-0.0013649964305186867,-0.0036553497775639997,0.006312777051640864,0.008693291601201964,-0.0018944488002007095,0.0025290987431573716,-0.0005422679113391304,-0.007096378753936008,-0.0002737482428971862,-0.0011562130829826103,-7.858597915501309e-06,0.0012087440331839524,-0.0004904135757896921,0.0011333634105786766,0.0007148726453565194,-0.0007500032728366092
2026-02-11,0.005562985601069159,0.000742700879963751,-0.0104866454637152,-0.0012394219367676423,0.008539081992374593,-0.0036766012607929587,0.011097873901651728,-0.0010279911196930949,0.00025228166326126593,0.00212720896879128,0.012085632593443077,0.0016556137353656145,-0.002093127030722705,-0.022298557004029003,0.001470256419470815,0.0012930425258980281
2026-02-12,-0.011354267731902849,-0.0057591927460141565,0.005378265159450616,0.0069713251427144796,0.002172293121475318,0.002200578305021648,0.010844994495295066,-0.0020917644027026103,0.00025482677987223243,5.991992140085695e-06,-0.0024688756564465696,0.0034093010121538604,0.0030546909851759587,-0.009797446258232059,-0.003995734744102835,-0.0010965826208634323
2026-02-13,0.005953866533029738,0.0038120666208609462,0.006377784187052654,-0.004616351505656598,-0.005547621457842667,0.0014226970083232814,-0.015352473333473303,0.0008672100555182916,0.0008964791644509151,0.005206924184617092,0.008290989291708873,0.0009236057829727423,-0.003064340522549107,0.02175581105334285,0.0013942016038113246,-0.0022642811174276288
2026-02-17,-0.007148965157378042,-0.0025276084970410097,0.008764356615037487,-0.006702023694291039,0.0010435948191895366,0.0012692612514730425,0.007891029736447633,0.0011915838266763827,0.0020024483089611145,-0.005824338935571896,-0.004346223817557005,-0.0038690674361144487,0.00024836803346901706,0.004794843977639546,-0.00042423590190386433,0.00039991862072574075
2026-02-18,0.00802877020199523,0.005556699617924676,-0.014932572946314754,-0.0031136624931673035,0.0029999770747838536,0.001196522141299212,0.007364981020680297,0.0028282938789111704,0.0027297588149273523,0.0011857753719415015,0.0041448706265473515,0.0020580977021822187,0.0019998782284290635,0.006993747920344509,0.003886433761654362,0.00025654685219994675
2026-02-19,0.0034755808475049883,0.0012169915268200352,-0.005893188323139912,-0.0022247456180984203,0.001599385748137331,-0.0032269840536540075,0.006936591611981779,0.0033697818981609064,0.0008268532221906905,0.0017981915846232346,-0.004009187585204403,0.0007012020520873806,-0.0020164983877207364,0.017868432696935006,0.00037970842828420615,-0.0012182897021623409
2026-02-20,0.006136942427162318,0.0070273921899253015,-0.003199798157754675,0.00042485910452670075,0.008772295772574663,0.003678086149943205,-0.004735976733696366,-0.002470823972531313,-0.0001265506588496697,-0.002873034291843036,0.00035979438664589594,-0.0003625453796014238,-0.0002553915909023095,-0.023096056748005207,0.0015524876105933005,-0.0058965490823304325
2026-02-23,0.007622094602482992,-0.0005018884827928827,0.0021639842834285635,0.006479002400871127,-0.007014849370345015,-0.00024107019316212033,0.0013605541337521117,-0.007012979620137645,0.0010082690745520755,0.0023096739804072614,-0.0033192852018362456,0.000776714500712968,-0.004577562361259849,-0.0019027270491172484,-0.0021101899292028034,0.002125634968058114
2026-02-24,0.003177111209510777,0.003124674476715254,0.004752429211935876,-0.009733908829258616,-8.14098795704943e-05,-0.00392453186539108,0.004058030422902315,0.002348289686579179,0.003108681384681621,0.0033221591329432943,0.00212675586649203,0.0020761023402029516,0.002347847453334758,0.016178190274988288,0.003030154380258657,0.002027905417898119
2026-02-25,0.004499703702904264,0.004748328224635463,-7.387503696179305e-05,-0.011380264185290628,0.0008154249038824632,0.00011704839403120482,0.009434496561246633,0.008543164263152997,0.0009353007052059934,-0.0021253940185845385,-7.270818662412533e-05,-0.0018858691796884686,-0.001399715593913174,0.005744133545935278,0.0017778026415671126,0.002172846056473756
2026-02-26,-0.004100422495116324,-0.003292780405741974,0.004493679747944854,0.010204369965536052,-0.00021036151892584636,0.0028307141405585633,-0.006519931334168082,-0.0005707416568948038,0.0009111146900543585,0.004451083511662511,-0.0016410507609801424,0.002251066876635091,0.0073082104429105016,0.023966978674903574,0.00038528679889750336,-0.0008008351336079818
2026-02-27,0.008548739603512752,0.005811405276804336,-0.000844991712804684,0.018288959666937873,0.005232324250952958,-0.0038559898341927828,0.011810250414660047,0.0014783563548748345,0.00850920621034948,0.015553315613026648,0.005733080781838,0.01013418081231949,0.0030662186205005085,-0.012802184230673874,-0.0010102178047919422,0.0028286097952291934
2026-03-02,-0.0019970714944469873,-0.01043878934505237,-0.01857215164240623,-0.004196792266814546,0.002117246641388771,-0.0004457061974715308,-0.02775107207771467,0.006417828524029242,-0.0010661586400870704,-0.0035706204168141015,-0.007002569487400977,-0.0026129411768466577,1.796587311286759e-05,0.02962211233623769,-0.00034263403691692576,-0.0062589506295043455
2026-03-03,-0.007453011412981162,-0.02140320499838981,-0.012537480119968122,0.010199547498945227,-7.580279358787578e-05,0.000535915760973915,-0.012695113574926623,-0.00459023648146218,0.005879395912526914,0.004371561076745306,-0.007576193060213088,0.0006743441537971125,0.007221946314481087,0.008672178129632738,-0.0045159785128750015,-0.0005179568834939629
2026-03-04,0.0004885624509937334,0.007608689996669912,0.009052834433081792,-0.00546939748306378,-0.0027180429550853116,0.0035175965025932504,0.013501596347922792,0.004817144618956586,-0.0040769856986906106,-0.004187983715902824,0.003927937889570715,-0.0015483319195690216,-0.005600881154979221,0.02409205384113862,0.0023738097928832722,2.261724171008679e-05
2026-03-05,-0.0013707308448570573,-0.009843298253760758,-0.0165146643025684,0.003901288393392095,-0.0008022330814506755,-0.0027692278632089227,0.0071222794056932555,0.0026780485442657945,0.006639369659238663,0.005139218738010626,0.0017416091060372726,0.002949220671208756,-0.0018007059135534322,0.010985607578190469,-0.001262476043792914,0.004592637964431578
2026-03-06,0.0018878665416653246,0.01486867303438589,-0.015899222350961112,0.020856480762153635,-0.002830553272694498,0.0006163197478168351,0.020546739839299357,-0.0039032434142382104,0.0012809778097817373,0.010507224747591826,-0.00828535443712583,0.0031487695297094994,0.007173055993057205,-0.0006800312949363299,-0.0017358911558133135,-0.00021140438034836402
2026-03-09,-0.0001342328726980618,0.002248136817169932,0.010325235943844432,-0.012923401094955623,0.0009563667049655453,0.0032633294166684854,-0.007121391504020069,0.010362354395605268,-0.0010975343753905267,-0.00754572260360189,-0.0032443203864150356,-0.0027243098405999077,-0.005854766376647344,0.006975563041389465,0.00046611877222396637,0.0017583664405481925
2026-03-10,0.0043453871460806285,0.0004998491095532553,-0.003958510622809216,-0.008292701962870342,-0.0005674081333590835,-0.005311170688125058,0.014308060292454097,0.006787311280916869,-0.00041993798610911754,-0.005277233657269789,0.0016822016310133756,-0.0009613481985094189,-0.001086283539407629,-0.015115597249315183,0.0030914606719647623,0.001401422838415379
2026-03-11,-0.003094466766034545,-0.002547764184549376,-0.010146787576173703,-0.004583878762456265,0.004356936541930237,0.00027643038085830153,0.004514750536755352,0.007209715900702662,0.0007824583062894797,8.265696292385216e-05,0.006119229821619677,0.0014045203594596984,0.0007522139563675687,0.006824739001210445,0.0023905172528021217,0.0036229720718191577
2026-03-12,-0.0012429520989521567,0.0013201276169580107,-0.011617785366065829,0.020100814156503652,0.002112826134572303,0.000461120688556796,0.016951619551607608,0.004019887536087025,0.003132336274801077,0.007411995992304821,-0.0022184157480490234,-0.001426377839036522,0.005246059991593697,0.0015794129305821206,-0.0026244700664565463,-0.004278288674390271
2026-03-13,-0.0041078271672370615,-0.003929271503858285,-0.004748980663292657,0.0016768801927081595,0.003765696322835986,0.0005160012298233484,-0.008615410472915093,0.0032808131152741067,-0.0011478919768428807,0.0029613267536794602,0.010656919385145193,0.0014074821469080788,-0.0014361666572566727,0.0025941862617365335,0.0007956761032877021,-0.004249908594726153
2026-03-16,-0.0018970568255321793,0.0041276840441382655,0.018460200212631034,-0.00970235252059567,-0.004259365896112904,5.320274864527297e-05,-0.010253721715398581,-6.449204187208325e-05,-0.0017379017157834638,-0.0007366382910805732,0.0028321975393914263,0.0012182407032429784,-0.001179381652815989,0.002826727353122397,0.001109895370259197,0.0067106138542092995
2026-03-17,-0.0016664017865435756,0.005708220556995971,0.006030288110740734,-0.007775536212085243,-0.0014585579384312954,0.0027252503963315984,0.028215849890856928,0.0032918311689816146,-0.0034418682513290676,-0.006162791687665865,0.0036658495441908717,-0.0021436511063923505,-0.0036417552219299197,0.009802231483576581,0.0012901914665840735,-0.0021828530178298446
2026-03-18,-0.003484861772634955,-0.0049687733504395065,-0.018819485246448185,-0.009587187034480927,0.0027408709344881182,-0.002957425221698737,0.023977363322150523,0.01272202173586488,0.0034173840797782733,-0.004416365327986789,0.003533463697470346,-0.003963081925073799,-0.0021297145700312613,0.006106190778296987,-0.0012887535252292205,-0.005839150182484314
2026-03-19,-0.009940528779751302,-0.009169607825001983,0.0033431232304086417,-0.004161278952491478,-0.002538460438540395,0.0028116016927732567,0.014800780824323227,0.007229347645197036,0.003029171384479371,6.788794582150096e-05,0.0013486754039676594,-0.0007659365885762548,-0.002266625332254687,0.003473231855630322,-0.0007450805850777587,0.0012681831622857699
2026-03-20,0.0043602483389765,-0.004435190214676409,-0.008550707119501804,0.01240001625619722,0.0006224113074836286,0.004836119138902699,0.02599036649093746,0.003960315985093322,0.011375821954328603,0.009426660794471131,0.0037969182221002998,0.007815205265620042,0.011515504453611592,0.008531462241936218,-0.0028971258994727918,0.009439907554418977
2026-03-23,-0.0005719684064736997,-0.00268874640136734,0.008878354941145278,-0.017974615910190676,0.0027164882898706236,0.006436205868049869,-0.04144604290164433,-0.006770816089642827,-0.005747822323401444,-0.0055702213559190965,-0.0067538987783504235,-0.0021872117372467043,0.0002751014345871647,-0.0017783396267812002,0.0016251593829168642,0.00033917539005662214
2026-03-24,0.0010810950172958692,0.003971889536463599,-0.006811665300855363,-0.007494717323284884,0.000630179202465421,0.0009396946546888043,0.00891270981142463,0.009957591249650975,0.0013372220883377224,-0.0020331790266663085,0.010059546361772344,0.0026971223248184375,0.0031888343732115586,-0.016996025163631107,6.30107947797616e-05,-0.00018761301371495072
2026-03-25,0.004862482655049212,0.0014250838270795391,0.00363050127539059,-0.0036873638408623055,0.0032119120010991025,-0.001754920366968948,-0.018386655792389663,-0.005602104997770668,-0.0044826777503652205,-0.0019000058185940074,-0.001225061254485101,-0.002312964068204525,-0.0023589925695956986,-0.007207438885038379,0.0012152904375953796,-0.001370583563149094
2026-03-26,-0.009879580782029928,0.004819708594247105,-0.002140316176065561,0.018977047968301995,0.0058714357828210904,-0.0010605173190530058,0.0262523400701972,-0.012594435526581776,-0.002270865283977172,0.0055983316276654385,-0.004791965183696553,0.0008291596710471166,0.00520436643672622,0.003266872068677207,-0.003476488420266527,-0.0008863634436986241
2026-03-27,0.002317783913661835,0.013130965308055456,3.8931802212776104e-05,0.00038724728493426267,-0.00023084892621703414,0.0010308006535037816,0.026218689192091096,0.0058595801074734395,-0.0013461235960201233,-0.002146414091422577,-0.0017332355616811995,-0.001092394658300331,-0.0013017729076907746,-0.019864064088484488,0.0008092508553501744,-0.0016122696108736932
2026-03-30,-0.003306071010333597,0.0011007796009630966,0.009366536252603126,0.01744007391415424,0.00022370625139720574,-6.71275877728787e-05,0.011479222879509992,-0.01902191079610164,-0.002287490432856358,0.00563329183713912,-0.01485005474962173,0.0016864311277153279,0.0006314404620504743,-0.015552040583069337,-0.0012203232116440267,-0.0018626018251878674
2026-03-31,0.007320023905459544,-0.008074702473919719,0.010884524945191591,-0.02030783590606377,-0.0014559709411357709,-0.000564386830962633,-0.03308438748570642,0.005307888441602113,-0.0015382402217450526,-0.00803252382270709,-1.2576953418722697e-05,-0.0008609579122635935,-0.002877050098694288,0.016678155476490514,0.004839795640985732,0.004110040140508137
2026-04-01,0.0010994282162274994,0.000755871899324657,-0.0006856341733827128,-0.009613248837070784,0.001253072401801933,-0.00788167200063317,-0.03195035833456323,0.01139496626713135,-0.0033197813526153787,-0.005757166120899355,0.01128990647201315,-0.00266941088351078,-0.0036054472548696422,-0.0018933574885185607,0.0018109634464159126,0.0012016869973801216
2026-04-02,-0.007515142940680945,0.0003816086043584286,0.004397593957940191,0.012671922267455055,-0.006632361852478711,0.005717008640190306,0.03392830307556856,0.003300203333328977,-0.0001559064569857404,0.0022583105172315427,-0.0004935847180590177,-0.0027643254443993188,-0.0030240437105299063,0.0056088943602921396,0.0020477681143646334,-0.0063075410799564476
2026-04-06,-0.000489231225255931,0.0031224962558906288,0.002498866551236853,0.002528083030267263,0.00073798681578558,-0.0014279735275922,0.010090393983028292,0.003149771040699651,0.00023782739472959658,-0.001885038768202776,0.0020585143701776056,0.001702166879470733,0.0004950692497068792,-0.00187136623149652,8.587320731893349e-05,0.0011588793369329388
2026-04-07,0.0007412932074729575,0.00010119760838872072,0.0062611597367424505,-0.005185695805523624,-0.0025822325065380093,0.0015483599435815914,-0.006217517865093298,0.00650143625764651,-0.002782507663361454,-0.0017676522989965597,0.0018017120105151933,-0.0029040288551729675,-0.004515290459714614,-0.0011442673857524643,0.0013492919424065843,0.0007241260415776192
2026-04-08,0.0034633209003880902,-0.0113010109892082,0.0002904898646020823,-0.018940426432125256,0.000751079924719884,-8.164883460557056e-06,-0.05547906745436515,0.009669710451550934,0.0024990635865977905,-0.006742952697635678,0.015049535169442928,0.001980677300256053,0.000520574553199378,-0.02351270621302083,0.004381192800225234,-0.001987112278289946
2026-04-09,-0.00612500600266005,0.0016982999513224975,0.007179101345592149,-0.0014794087108480742,-0.0032646967673364232,-0.006006712463233577,0.0028703949311919847,0.007186607064344711,0.0024613839047051573,-0.006108057606839702,0.0037034291802851256,0.0004170645514319166,-0.0018859014103934976,-0.023764369737051448,-0.0005940664801223283,-0.0011291737424775536
2026-04-10,0.003766568704291519,0.002056242787275696,0.004246712836681623,-0.01838263987902465,0.007303109635493021,-0.0025093329703257056,-0.0022080354073290625,0.0064713961731478805,-0.00033408852824436727,-0.008920616066559741,-0.00013537619904521736,-0.002250674350881777,-0.003136844055421672,0.007501517174378965,0.0018598984282876653,0.004777398001808028
2026-04-13,4.036395208777783e-05,0.0006269416103952528,0.007140326418246931,-0.006401895020274188,-0.0044456041165062046,-0.0009131925005634327,0.021382170549191407,0.002502995546660395,0.00124800998352435,0.002935416588430084,0.0006679604800094215,0.0007614030143278019,-0.0033487961895971854,0.026455996910162226,0.0018227945679602084,-0.005194944544900639
2026-04-14,0.003356108543007076,-0.009443780232971651,-0.0007862484622012528,-0.021276608020615886,-0.0036879753093971516,-0.0008546484565226001,-0.027948259361045905,0.0025084290841655855,-0.0006616664085722906,-0.005867862887130775,0.0020932220954975756,-0.007782859373532865,-0.004056190571557804,0.019928556451096396,0.0012750428089041504,-0.005540081232332225
2026-04-15,0.003394114696103936,-0.0006999032543586795,0.003251055461438759,0.0003008204591620424,0.0026339042448619513,-0.0010296147052024516,0.0017798032482367878,-0.0035387371409963788,0.0034865388332041506,0.002369489083262551,-0.005579506011381372,-0.004617227319821072,-0.0033410595811490954,0.03153335275991986,4.913622282722458e-05,-0.0006767469340713219
2026-04-16,0.0002527922143838563,0.003912525653275068,0.0028150745170635056,0.0039933535450416445,-0.0024075522666128896,0.0021620537342632385,0.0009274450432309699,0.0019518213610770355,-0.001911165220728686,0.0024953650346436814,0.009188026525149245,-0.0018658968478663077,-0.00019420857527998117,-0.0013949411440037853,0.0028651052595309976,-0.002153462606931026
2026-04-17,0.0049298390032676285,-0.016109645515097984,-0.0010760149137281141,-0.02062969131996661,-0.0008170800794471515,-0.00013358247631045867,-0.06175434204871274,-0.004533848245710161,-0.0016914163789378597,-0.005956652404193246,0.0030372199423762403,-0.007111411697322519,0.0005957248300400841,-0.0005618295326595205,0.0007431006588702106,-0.009164456665257465
2026-04-20,-0.0013167919571186266,0.00652211982714314,0.0025050237712056717,-0.008721617256163843,0.0013797887916176279,0.000902320396736888,0.021275136106778426,0.0012501631883108672,0.0009067692455325305,-0.000753821457362689,2.893848049051711e-05,0.00023005925382367889,8.628685716167463e-05,0.00929410560120754,-0.0002029116124752828,-0.0002811348288365406
2026-04-21,-0.0040521637621901575,0.0077681679551928435,0.0012885886647909968,0.005691160381908677,0.0028420583805300534,0.00028955910719607493,0.036967043616621766,0.005513952199137541,0.005357392395898825,0.0019662600817024842,0.008564453309061923,0.004246234402395984,-0.0013439517250372172,-0.008229615979419274,0.0002655373367967907,0.00013889626057463599
2026-04-22,0.004821299390693631,-0.0020453763400814645,-0.0020705785191851463,-0.008691555709551074,0.00013981366087521298,-0.0026577517697655884,0.006883366043581035,0.006930831306685408,0.0020709201460645046,-0.0018349943392505486,0.0005787336229381036,-0.005538081340548988,-0.0029735283636664,0.006496396353482155,0.002011282434026816,0.002753575897661488
2026-04-23,-0.008838195165901386,0.001549338626224936,0.0033486683035469714,0.008055859913006334,-0.0010346319103445491,-0.0008162860946118796,0.01615616637979817,0.007226258514680682,-0.0013754002232273651,0.0030729223648428934,0.007687488401702636,0.006621206566313883,-0.0005463841457250052,-0.02157082977533405,-0.0014146570166586453,-0.0013893598459791144
2026-04-24,0.0022864538701513047,-0.0006719638064017811,0.0006450318016285425,-0.009255326743938887,-0.003719095738398643,0.0011110875923172202,0.0036415205615055943,0.010963180413834258,0.0027698536871222142,-0.0033916097956316117,0.012624585620071547,-0.006079229789501225,-0.007982215895565158,-0.015635289511530124,0.0024454333933627936,0.0027330832320660386
2026-04-27,-0.0007696326550850976,0.005093380723418382,0.007216439828913134,0.0022741140094325774,0.0008206684034832682,0.004263288539688318,0.03109633687243539,0.002239407955541408,0.00084283322778924,-0.002994394892398048,0.007762121902152767,-0.0024303721379436696,-0.0022063691466343237,0.0037162528684751063,0.0006946598763707026,0.0036780168658286155
2026-04-28,-0.006541781028803921,0.004603640052107636,0.005821056396939712,0.021626952786318782,-0.0008614796383605745,-0.0003419069025090495,0.019113438243040952,-0.008551467185142993,-0.0013693798059321695,0.002859405424718854,-0.005475105038390866,0.002516155110625038,0.003998238997580518,0.0001457014850474135,-0.002455627341945108,-0.001079903005257251
2026-04-29,-0.0024548182290117446,0.011842379799969601,-0.00042824694658880405,0.007901447003753352,0.0006206935692392879,-0.0018506872014999285,0.04421814695928468,0.011752261700841116,0.0046576728437082195,0.005941096309285829,0.020202551358906015,0.004783282115643145,0.001168181042300407,-0.01786792847623519,0.0035779552218225845,0.002302947383132035
2026-04-30,0.0011753945374303803,-0.020818933042150604,-0.002651131934833164,-0.016064341825315572,-0.000155505122747316,-0.0012666931400034764,-0.005020274982644521,0.009188403185163247,-0.005397872264232257,-0.0004931384554748425,0.0008930421720943684,-0.00043793549624846113,0.004877165635387919,0.012488138092134012,0.0027925824527623836,0.00066881763421393
2026-05-01,0.003092400058678892,-0.0011888746260066006,-0.005978788507377781,-0.007186968201571181,-0.003018237092023289,-0.001805396084343476,-0.011262703141393576,0.0012530681942767123,-0.0013065757974681559,-0.0006906878977778121,0.008449295892529067,-0.0059224584228466425,-0.003234857876340129,0.008610739439480637,-0.0009760631910352147,0.0003349559507568814
2026-05-04,-0.003676004199766613,0.00645708785938731,-0.007531771070230519,0.00015363167127363487,0.0029394128618146775,-0.0007915532276227437,0.02879566814125383,0.006837154994524003,0.002743304045712989,0.003492056756819478,0.003245487088749461,0.003179518794232351,-0.0049726184259709216,0.029758018867325903,0.0017133490903970482,0.0031730315431810754
2026-05-05,-0.002813827389813101,-0.0016211760234241808,0.00817753782905994,-0.010973786672657575,-0.0005264849116431757,0.0031713097242745967,-0.019741181536071364,0.011696283717712207,-0.0026502604706443358,-0.004925754790503933,0.028420762357770274,-0.009056257709945205,-0.00045971445848609713,-0.039687713383088144,0.003927527871057629,-0.0023177140114651017
2026-05-06,0.0060102300493341905,-0.01203736180816074,0.008496767742220298,-0.029534296821294485,-0.0011718978106596712,0.000710340774776874,-0.05755298222521801,0.006855831518814998,-0.003262624816323459,-0.015053113383274558,0.010125818084359008,-0.01125445031804993,-0.002137232699255316,0.009079688551254579,0.0031651383088028345,-0.002739215420636215
2026-05-07,0.0023504139713479318,0.00485567464418324,-0.0004295784789730261,0.027879522617845754,-0.002589502270044881,-0.005739110928877591,0.0001229459328442638,-0.007992631238634775,0.006771406164227977,0.010151815254833448,-0.005633789670333655,0.003228669631806744,0.0022476239655951653,-0.007007771756522785,-0.0019240159249102407,0.006224484051367278
2026-05-08,-0.0012692863595837284,0.0014510621108281985,0.003931573539288765,-0.012302167221452864,0.0006984668087666387,0.004022942840726947,-0.00103493748963133,0.01701480045845053,-0.0029783173580344973,-0.006690988250788541,0.03881765734490975,-0.010009260969202944,-0.007037960233978441,-0.0023272053140098135,0.00041949885210252865,-0.0030290891081333707
2026-05-11,0.004331236715102213,0.007122506380034075,-0.002355731748959703,-0.009906174856668427,0.0007419394663988217,-0.0013242114181386104,0.017889082473140853,0.017737972629257668,0.0012384863298162093,0.001000105703491814,0.012278880154441361,-0.0013062106554119293,0.0004340972312789576,0.014014341767147394,0.003683340461306057,-0.0003206724927261734
2026-05-12,-0.0006826757644305893,0.0011240998746147419,0.00908146173684254,0.011682780656208654,0.003828800007547555,0.005290306069406517,0.01855128937910469,-0.0028174908530077918,0.004410041675652745,0.006516243090577835,-0.014131901916232226,0.007301496878655301,0.005898379568043522,-0.00711847671858766,-0.0015607717490627527,0.0005228713255105901
2026-05-13,0.0038025541670689608,0.0042653014003869606,-0.004241081991403103,0.0011595102209615068,3.162313846558518e-06,-0.006183342971869156,-0.0012714506172812664,0.0016174482479790406,-5.544364957873679e-05,-0.00112685920778333,0.00816806942765438,-0.0025826638664915415,-0.003659071210513349,-0.014294290229543283,0.0025191190079717598,0.00014465277937239594
2026-05-14,0.0010944405326743529,0.0038202513661162343,-0.005941812283422258,-0.0008129938334465037,0.0024637984610690164,-0.0001272992284791581,-0.002814854661909817,0.0011040221650209245,0.003939751492275729,0.00850445479802316,0.0005593970269249003,0.00016007742288486407,0.0037525567805961604,-0.00921664162754918,0.0011094552815775283,-0.0021295303017238084
2026-05-15,-0.0067757939893956665,0.00812314119514005,-0.0017528307644478162,0.012059831980084028,0.002422150969735186,0.001022562571078348,0.02328904301831972,-0.00991148648173009,0.007146397462676469,0.007164647328249561,-0.011032845271497893,0.010171282616891967,0.006577029379948212,-0.010455026287718761,-0.003960572071983677,0.008962512946341459
2026-05-18,-0.0008724890321529905,0.0038147736228367262,0.0036858975350757407,0.02544136732721321,0.0016476800300670924,0.001058167403347821,0.0026568190288813274,-0.011785633746103637,0.0015646131152382327,0.011806699660057632,-0.01147393445691301,0.002711641820497118,0.003187297553126501,0.00013742518299917836,-0.00188519057869503,0.0013249407598987244
2026-05-19,-0.002032879631248049,0.003825593710786208,-0.004579660689599825,0.011272767176395417,-0.002232033902539659,0.005220951565815987,0.008842624721419935,0.0038077785614118818,0.0004957060623658298,0.0015209378631699383,0.00576335898814362,0.0032014148646428387,0.0016105476430177791,0.0077263824625862405,0.0013433606048380568,4.2571520062375905e-05
2026-05-20,0.002326751610561931,-0.00831431549655871,0.0026845508767274692,-0.020888467269559268,0.0006301055721781509,-0.0022514687754764456,-0.04727290034208754,0.00557992544891835,-0.002538006847150035,-0.01041136439509719,0.013894177885136118,-0.00967214936528685,-0.00498868191494249,0.002545503479132738,0.0010900559614961999,-0.003892334088721392
2026-05-21,0.0010321620397144864,-0.0004599212622168514,-0.0027606789830039655,-0.010476222400998976,-0.0018874992725921164,-0.00020159896364294294,-0.01518226757377252,0.004489661416788478,-0.0006692120399488617,-0.0008253625829304553,0.010360668060490703,-0.0043075737554484125,0.0015541570209560958,0.004722259966403439,0.0005650159999241119,0.00032027732353167703
2026-05-22,3.712712411529603e-05,-0.0008052890783435116,0.005023111484705348,-0.0038163052086062493,0.0005115065944320874,-0.0016431493371032867,-0.011904655463404282,0.0017073345595884225,0.005558542499987465,0.00675355035640123,0.012152457982681223,0.0024250711353010716,0.00485798899870881,-0.006721775611030539,0.001199430031695802,-0.000872752464760498
2026-05-26,0.0004497218145210467,0.0005201896670719575,0.000991129319473684,-0.027022424355503977,0.00036355039358464646,-0.00041997471482814594,-0.022557723654014608,0.022067077898406447,-0.002469703637447411,-0.009227935283611778,0.033244789228282695,-0.007479570068126459,-0.007191818980212453,-0.011029015789546535,0.004270558080332206,-0.0005028511387259894
2026-05-27,0.0006044325752846223,-0.0014013228333200692,-0.00032069015354653507,-0.006774515579655118,0.0026608180651695947,0.001150600841501228,-0.013985522357207137,-0.0008537335497806897,-0.00029204919036387913,-0.002564513723194148,0.009397733077440532,0.0024957502849447793,0.0031747047245090287,0.010664966511653117,-0.0004613436216491326,0.003223122422353885
2026-05-28,0.00556541332601082,-0.002036959272876436,-0.003745983144850099,-0.015081449425223492,-0.004258867900957324,0.0029708739619778526,-0.0024298758412323205,0.0015670829050561138,0.0015932509979314767,0.0028421200687468538,0.0011276699268947085,-0.0017983450429746297,0.0015253588060537152,0.03275333276040806,7.85326983859802e-08,0.0016920384723510297
2026-05-29,0.005137750499204143,0.00022517345150713242,-0.0046977284193946344,-0.00533571152369633,-0.0009257179217081687,-0.009608856630666584,-0.004834013426068248,0.0021335343465856377,-0.0016568099242707684,0.004913568118060851,0.012440867205331926,-0.0014694347701344306,0.007333791710509994,0.007650583142203732,-0.00042747153675575563,0.0029116284312143462
2026-06-01,0.0012849102293116302,0.006937025945456062,-0.0010614101915419182,0.012125783112400331,0.0018860832806924955,-0.0007574488924555456,0.04120132468005731,0.0037958042618074198,0.0039206051587588565,0.00777431293791434,0.018226769541774483,-0.002377872138417008,-0.001407377376006155,-0.014691882450560764,0.0036511859066514583,0.0015617059486294986
2026-06-02,0.0007968059580100873,0.0019075626123027708,0.005081987135129884,-0.013230066875963425,0.005630480601490375,0.0016778880738458598,0.002377340949766801,0.024787247502744938,-0.004484511776506427,-0.003108322950801659,0.007616349619296666,-0.0025570698680990626,0.0017950934482026159,-0.022014998408962788,0.0019444992998754955,-0.001667835002856827
2026-06-03,-0.0008954789937946142,0.002968973849807539,-0.003286742013855673,0.004908464297112778,0.003607815141029475,-0.0004576411945932512,0.007205868809370464,0.02126578038869576,0.008158876733316209,-0.0014810790718650432,0.0031450594130209555,0.007038003458617079,0.0008400490482991657,-0.00549383565478332,-0.000557256628260853,0.003319891308784388
2026-06-04,-0.0008024988672951407,-0.0030717315962271296,0.0015726646768134452,-0.006129802844634839,-0.0003470399421880157,0.0004201023508389524,-0.03446925354570583,-0.017332865046652445,0.000784285800261849,-0.0038272258701759435,-0.019007206454180962,-0.001702130428383847,0.0038537435888254578,0.021947404078426058,-0.0012985869457678057,-0.003844830870223106
2026-06-05,-0.01147856092353066,-0.0057907220864278006,0.0008775030125139438,0.028660809847593737,0.004108151756934995,0.008688610342293247,-0.016849774001075072,-0.028000296423480606,0.004813186588888893,0.0006318980347356125,-0.0212016439609731,0.008082711201689364,0.006274518335451177,-0.011755946443358721,-0.008244548938882771,0.0004347500628294823
2026-06-08,0.0015024340090376495,0.006506095403763994,-8.193977758255352e-05,-0.019056089906147218,-0.0050992470054904955,-0.0008589667197575308,0.015880647399407408,0.023899731723215,0.0006890628114867028,-0.002541626145024525,0.016464408122761703,-0.0016957664659738678,-0.003857599972274596,0.007602042483715819,0.003338594936693788,0.0032178657000417367
2026-06-09,-0.007623745907103352,-0.0002854035008781966,0.006502113551763781,-0.004486250151521855,0.0007411448410032425,0.0008464118586601411,-0.017338478040496846,-0.008793032812977868,0.0010124859283089545,-0.0008572949807824064,-0.0035434734754013655,0.004209627188289101,-0.0007490674384485725,-0.00319609699304221,-0.0011100754267699621,-0.003992093658795194
2026-06-10,-0.0047910832685482355,0.008810585073716574,0.005120808133262816,0.021994436482520335,0.0019372992015998791,0.0004399905240145838,0.02945388468008483,-0.001979433490507377,0.006042211261084212,0.004561822548668371,-0.009921924112475581,-0.0006705692934375496,0.0004834699659593926,0.002778348096933867,-0.0014879360574781035,-0.003992721838742882
2026-06-11,-0.0015555600575071354,-0.009281811862631441,0.004526370526450475,-0.035119235513971704,-0.003697939897517582,-0.002241843987675504,-0.02625582163866834,0.01950189682464559,-0.0031274207368920254,-0.006435776524356954,0.022209707917880815,-0.0023173703116222497,-0.0006933594494908865,-0.01058666347590171,0.005190112077784853,0.0035332413550808947
2026-06-12,0.009641628336247472,0.0022964272286548405,-0.000589702818825262,-0.00010837755945436358,0.005223404258144865,0.0002686881042859807,-0.02101322446365859,0.011477089178316205,-9.55584253132559e-06,0.0003408888143323907,0.00018440573324771461,0.0005112078545172079,0.0037529800154388194,-0.0030649400465621113,0.002426197435913737,0.0025123146997771966
2026-06-15,0.005743509225750542,-0.0033784291255716413,0.0008639912481608579,-0.02420757526961351,0.0003684262156608085,-0.0012691467336894816,-0.02263563693381129,0.012043914397166636,0.0012103730618180826,0.0021515509663453114,0.01640193874426827,0.0012416336811065815,-0.0035056370263979487,0.02171964945470767,0.00569532665976859,0.0024040626248296587
2026-06-16,-0.0003407038065851827,-0.004625830700824254,-0.0010288993221045373,0.004506712079782196,-0.0018214016692921756,0.00015921231339758798,-0.0173569098198344,-0.01653117652882237,-0.0014934226972711812,-0.0023175765378722797,-0.012750726215279187,0.004941445757293308,0.008767955007456765,0.004991992865166953,-0.0033475824990390076,0.0037473793520505874
2026-06-17,0.0022425128328846747,0.005150514812075874,-0.003936544770018671,-0.0006077154935446713,0.005198240447024039,-0.0013828016260883425,0.0031830700172566662,0.016377354092068877,-0.00464811983865113,-0.004033360575859124,-0.0011460752783764364,-0.001956251140008674,-0.0012921792018327685,0.005936298716048918,0.0011669566579462299,0.0036142585954734973
2026-06-18,-0.009078608744721009,0.004484488672870137,0.005213282681305956,-0.025330626937377813,-0.0025549014680015794,-0.0006211919156244201,-0.0034076342941937905,0.017707575434566282,-0.0035432072604810235,-0.009924902144467063,0.010469241815535994,-0.003300068726206036,-0.013117684334325074,-0.0030963645082640184,0.00422496361816465,-0.0036815056663876116
2026-06-22,-0.004229602972710194,0.0034527011799979036,0.007872899974788565,-0.0034066614290565447,-0.0006005909500089905,0.0015363815103115403,-0.017961234465167,0.01919517302574063,-0.002077041936487768,-0.002426126917765098,0.018595039092710163,-0.0029315211827088045,0.0003574933729990136,-0.017563993395025665,0.0025025530846746534,-0.00180462999663109
2026-06-23,-0.0036914448037381276,-0.003987176548933529,-0.0013443140987487072,0.023012395458503615,0.002554485674071346,0.0032318381206932227,-0.020951672565634943,-0.027521780303388487,-0.0014238885830161075,0.005768335370248171,-0.024646209154094774,-0.00013663905686326933,0.0057166431434206655,0.011105973923443507,-0.007301553661831973,-0.005470381587839602
2026-06-24,-0.0049577482963131525,-0.0009626890288816853,0.0035056163710287906,-0.0033756887467020604,-0.0021174826136349,-0.00019352573739635508,-0.010701939572294799,-0.003732823050326931,0.002618652977018208,0.003967334703992546,0.0033120127300778684,0.004368967976153864,-0.00016531429691557693,-0.0022249210741453066,-0.0009060371817104316,-4.383912439965849e-05
2026-06-25,-0.0015590115889234741,-0.001719760252696754,-0.0006932972244907696,-0.008275260519350978,-0.0016086062161201117,0.0016385649492901954,0.009357650958794279,0.030865023688745157,-0.0019857949485785837,-0.0009184531722555833,0.037289892892270436,-0.000912012850879846,-0.004179314073670648,-0.007606866194053816,0.0039355141941688435,-0.0003605290919781411
2026-06-26,0.0038998606471804986,-0.00654011244195063,-0.003566947045114746,0.017689996645556663,0.0004643671333917801,-0.000633949500182302,-0.026306363491086917,-0.035074498836812656,0.005317466241669788,0.011059900298190657,-0.018052804771957864,0.0017375527275550104,0.0005348666990908769,0.03152550500632513,-0.004948572682787108,0.010737008716776995
2026-06-29,5.20910865020336e-06,0.008192808322582235,0.005195918390546268,-0.010810755362287244,0.0029594346045410625,0.00037394310754799076,0.016413293344816678,0.023360089816044143,0.010797077918450726,0.00010174724032521211,-0.0013157921077630256,0.0023852967413948273,-0.0012860601344207158,0.016922231355059457,0.002849425631956843,-0.0026351425063138117
2026-06-30,0.00402454027221904,0.008405548810925695,-0.000745042122504396,-0.0005685354543474228,-0.0005368450267087968,-0.0005466982435750332,0.008630254978646557,0.015518886677679984,0.0072005132774784755,0.005765218272113175,-0.008621960003070632,0.0027015883960084786,0.002010362888704666,-0.008446702590648036,0.00309334707669429,0.005295376225845068
2026-07-01,0.0024679237448721005,0.0006657167955755961,0.0011690989684062837,0.013476726132926505,0.001279044926287571,0.0015004506119377739,-0.020372471533917913,-0.03751604444785632,0.0009557988451348266,0.005050684901883179,-0.01950310821551325,0.0017072793526920755,0.0035400052496937164,0.026616046123251635,-0.0024968802491296994,0.0015930734628489584
2026-07-02,-0.0014904556197101425,-0.0057906138231879,-0.0019233171889352974,0.019462582522892145,-0.00149068950001564,-0.0025491100431247844,-0.006194519742393991,-0.033188061696782935,-0.0023174660465508264,0.008369455669222793,-0.014463276292099448,0.00884471898595219,0.011778906499676741,-0.00047158305438866916,-0.0018243536331647007,0.0010272306723566379
2026-07-06,0.001740749942018951,0.005838082082916436,-0.003169029180743732,-0.0031586762648462916,-0.002561944319623142,-0.008197080021464818,0.022567219828736357,0.00869009833113965,-0.00544946282077705,-0.00120360676317676,-0.00037889510976535454,-0.0007533626048724616,-0.003757976212909164,0.012641523260594492,0.0011031265336738888,0.003411080945638966
2026-07-07,-0.0007296976821318775,0.0036495091012091175,-0.003583360816443528,0.020569746402433888,-0.0010429948469497952,0.0075194184092315566,-0.00844496978986656,-0.017139712286148117,0.003277701295838445,0.006127106789182275,-0.008709559345906014,0.004517842153237583,0.0024650907677766835,-0.004949437423329588,-0.0033896272351767675,-0.0006985431309250016
2026-07-08,-0.00407318070386932,0.004767972100261369,0.0049623361566861895,0.009720402864623456,0.0008710927912251852,0.001956961508453203,0.02693800609429471,0.01608153628267376,0.004087864353660873,0.000983336735996732,0.003949493826807954,0.0013280605681149221,0.0010278067580782166,-0.005513425052793857,-0.00033200957101773947,0.0051235793919319605
2026-07-09,0.004246319972382411,-0.0029878192656419083,0.0036875897614214075,-0.020886951376721388,-0.00038891850670035727,0.003509614916775212,-0.01640592993082265,0.011552635800520553,0.001034666547232715,-0.0041943836707040594,0.014931360717854808,-0.0016542842421164248,-0.002351938353324463,0.003382925152762459,0.002531590779159802,0.0014794266996850398
2026-07-10,0.0014348061782724435,0.0007851669639663798,0.0002957723436492651,0.005064710211658892,0.0026466834637076777,-0.00017672402397884014,-0.0027879155186473657,0.00038846010760257093,0.004680809552659971,0.0012750571207402863,0.0009201507514703178,0.001764595846662739,0.003935803580908465,-0.017889665021301994,0.0009277818066397925,0.0016939695957011627
2026-07-13,-0.006110960784867196,0.007898817208726993,0.0036566649611010534,0.01953203884048144,0.0017830123370049505,-0.001769319274686819,0.030862879750975368,-0.007411250824915543,0.004438509041759804,0.004222592082694191,-0.004080444190493523,0.004783728325794739,0.005980401628155161,0.0002379348896853692,-0.0012784409913701982,-0.0008484485506763677
2026-07-14,0.0050905386873098925,-0.0007835897181261192,0.00437923774048065,-0.014230776764733413,0.0001300066790457001,0.0036798770087150745,0.01872895259633267,0.012433365845233583,-0.00033413220286224003,-0.010000289270276594,0.005268140416192164,-0.003752132987719142,-0.007879542854371799,0.006918540788301541,0.0013942216439244831,0.0028249604651545326
2026-07-15,-0.0031119572346928605,-0.000197463126139923,0.0034775890630189704,-0.00849810175247611,-0.0031885886189192882,-0.0018631936772945808,0.005019289157524122,-0.02233553535662862,0.001260485158447049,-0.00915863722578398,-0.022486710306838045,-0.00048676495614757105,0.0019222075248892154,0.001053907177975313,-0.0022665103691065086,0.0017867216383265342
2026-07-16,-0.003207424615556972,0.0011985594994629069,0.011521316466511047,0.023104104888683002,0.0004644710943835914,-0.001554085022651067,-0.025393016576672707,-0.02295911297309949,0.006773018445231765,0.007965742949548226,-0.004970926374822028,0.004712926055743935,0.004611221013137677,-0.019297566123900753,-0.0016035847282180014,-0.0016813607597735772
2026-07-17,-0.0011321235794736542,-0.002904378500744294,-0.008685898835523339,0.016609430887907534,-8.425574762553189e-05,0.002580382756959788,0.02484548208051644,0.006715574914820013,-0.0033772155517484085,-0.0004972049388044962,0.004654200684833487,-0.002483826206528386,-0.0014041162963646806,-0.0036733077564713706,-0.0017869463223748809,-0.004451747822989973
2026-07-20,0.0003849271804442424,0.004091369170760724,0.0030090170937204005,0.0006051071092293212,0.002008222665758578,-0.0018073996345078342,0.011528480519127663,0.005711773110817615,-0.0012121203063054993,0.002048154086095289,-0.0005551429091584393,0.0003669433783063665,-0.0007641931739644325,0.0023060868344301376,0.001659063531102968,0.0024842171262576783
2026-07-21,0.003252678288600129,0.004380392264349938,-0.0034668781822472933,-0.01719496680465239,0.001198397232689035,9.534335395609784e-05,0.0007603319709153233,0.02672745299806395,-0.0038660633702415487,-0.004631855097342863,0.023209917209402887,-0.0008130969271276673,-0.0017979886988599546,0.017009562158193468,0.004638414316244401,-0.0009148522422732577
2026-07-22,0.0038119797839116093,0.0011241138958140663,-0.005776686872325096,0.002838276856264148,0.0013597848668193313,-0.0009151163035427778,0.010577773733590007,0.003474202364791212,0.0005105960212037361,0.00048542432967925257,0.004961100753469816,0.003627156233867664,0.007488430069202081,-0.015361716177981963,0.00016067587630226522,0.003823577235185808
2026-07-23,-0.003807508656901105,0.005514934356661101,0.0032737564643049756,0.00654378544042044,0.0015820723753601825,0.003357172255733197,0.035731976294293366,0.013891528355980572,0.005456902283727158,0.005573615959919461,0.009412033162278646,0.0032835498356191374,0.0038893939424321884,-0.007614232324317384,-0.00015048883236634366,-0.0010259147053707411
2026-07-24,-0.0008343326226898677,-0.000767851353077501,-0.00012171646674300103,0.014999269993129439,0.0035931290732670457,-6.627494153155152e-05,-0.03400857024024775,-0.023276972603633386,0.0026928695495673292,0.004481385177060624,-0.005748266132718054,0.0034312098253602256,0.0017057925506157945,-0.019487483261996626,-0.0015529412999169996,-0.0007726686268015991
2026-07-27,0.0013392409922480708,-0.0011427688830175707,0.009774931718928848,-0.0037738604292567035,-0.0005063984797773684,-0.0023517970105082137,-0.054567978537689,-0.018158977344943254,0.0002574320800004255,0.005391839175007811,0.0058820281179718745,0.003384798210703746,0.003301801676443094,0.0029447263424875244,0.0015241980728573747,0.002168282898507086
2026-07-28,-0.0029858231111300646,-0.003576106873348712,0.006725621928619833,0.014105082590386722,0.00035644251591053586,0.0027687052116368233,-0.010705747769652142,-0.032842920195510314,0.0049539367103595645,0.00885656226293953,-0.008407864744549487,0.005330658975932873,0.008055009001934258,0.0008990773209147439,-0.002606191404594957,0.00034778903747671426
2026-07-29,-0.0006761494386462565,0.0033945938799868867,-0.005092251393394618,0.025227916307727496,0.0004622306895042984,-0.0036556502808443732,0.056793622647049874,-0.009723305252584899,0.004769801123470519,0.00943140951133263,-0.01771340846524489,0.0018836295182025412,-0.003398207879700795,0.004740983576511863,-0.0017485881962593288,0.0023394667333756745
2026-07-30,0.002444100232202183,-0.009359119125913695,-0.003887359846894308,-0.02598292102338987,-0.003679881754047456,0.0009365277711991466,0.012901897241322721,0.03730630478478189,0.0005853362422619333,-0.00853805050414103,0.016709162566636696,0.0002824009142878472,0.004435844092285287,0.0005299520284774151,0.002027131479575895,0.012198952761319291
2026-07-31,-0.00013586238453463812,0.004008045872370675,-0.001292675679672861,-0.0003756800181024867,-0.001228150419189218,0.0017083089664833664,0.013059503925067018,0.001360509486055651,0.0005176280592340255,0.0017920558806523844,-0.013386786842624667,0.0041011984059974365,-0.0009459251028634608,-0.026643902817592997,0.002487078531595825,0.0027235556682043247
2026-08-03,0.0017192782866747838,-0.009544306428897923,-0.008601585550949496,-0.014802091040160378,-0.0018252899433477488,0.0003303557495897584,-0.0435021810472883,-0.006313071831782872,0.0004181597404172635,-0.003209896680891819,0.0017302236185350837,-0.0018054656922582594,-0.0021724220217107116,0.013228176679507403,0.002570533009627038,-0.0006525211424560622
2026-08-04,0.013036365451637201,-0.001261710580688974,0.0020609852058903547,-0.015539151776110078,0.001358579783535957,0.00021793706620015004,-0.03714269905406231,0.017446917890943985,-0.0012252299796287336,0.006400178971464072,0.01644395741933258,-0.008661691301795513,0.005620584422317021,0.009574848045669028,0.001928616529079585,-0.005523264798946109
2026-08-05,0.002182827561485561,-0.002789599117142455,-0.0014530909464160581,0.0004112425014505131,0.00015705197597538217,-0.0008215165545409802,-0.010088595796348998,-0.009203654341683168,0.0022346968019624847,0.0011142865624230703,-0.0012520738823602394,0.003887481579257971,0.005428113020977623,-0.0036396152884413217,-0.001504039306349012,0.0037855613414584524
2026-08-06,-0.0037866950490489473,0.007537512607482438,-0.0037224047317891,0.024627306179520934,0.0013208962497162462,0.002022042092522161,0.023634167612190546,-0.00022444401042460895,0.005394577568528935,0.007126550582919976,-0.003222461379682479,0.005419938471333234,0.0023811353098083157,0.0022987202892480324,-0.0007545659839498663,0.002222073019858302
2026-08-07,0.007454287819092481,-0.0031816973611349803,-0.01051326094632414,-0.019401700090432968,-0.00015785607930702758,-0.00101295912223069,-0.010877885353030536,-0.0033294431775554526,-0.0024174630558500944,0.002990864644899041,0.0028682159469558093,-0.0034076029401723523,-0.0017078941289684294,0.03703933927176052,0.002153369576770209,-0.00028681510673209966
2026-08-10,0.003149489297203675,0.009599377608535688,-0.0009629501224800961,0.0159040567713777,0.0036303836482805517,0.0009731890031475603,0.04756717493594635,-0.0005227699410628771,0.0051101202723933484,0.007215498065607156,0.0005173394354701588,0.006494871483353432,0.006000433291056909,0.019105343222020416,0.001741829526574086,0.002744584859151978
2026-08-11,0.002475134525423613,0.001364743853420866,0.001011578091623836,-0.014463839628806999,-0.0016258502013511982,-0.0007017172249065385,0.01598976644750257,0.006248657334108556,0.0003272152732824137,0.0019172039254733994,0.004409067860700224,0.0051113136119924135,0.0016629689037649274,0.004185315124114165,0.0007799786185702204,0.002390677008998589
2026-08-12,-0.0033479146638062483,0.0005019128920788233,0.0020506690751346387,0.0025270174728737674,0.0019923044297125397,-0.00160013404148004,-0.013739054551588536,0.015576076375176964,-0.003533227601235576,-0.004131834125872511,0.008150913394086454,-0.0028782238034319335,-0.002063968789424374,0.0031253002065193105,0.00011298043442260612,-0.003686053050319056
2026-08-13,0.0008317584046380068,-0.0019516383186026064,0.008137193621012645,-0.010298485280146435,-0.004498740377990779,0.0027192292320366816,-0.009220481220595789,-0.0005399398901803814,0.0029326035519163718,0.001273416922196827,0.010290613546867559,-0.002968326808656715,0.0008893050849662167,0.008719110172469428,0.0024714962914022566,-0.0036339777569415936
2026-08-14,-0.000844616597227346,0.0010946260458087396,0.007158983510642021,0.005008763330506257,0.0013544345989487264,0.0028174229993652125,0.010548961295777728,0.006995663878673838,-0.003816931521011603,-0.0009666053831351626,0.006268868799804548,0.0031651948539995344,0.000935954700668202,-0.012032011192275567,0.0022808833400355805,0.0029184366919135993
