Date,ACWI,SPY,DIA,QQQ,IWM,EFA,EEM,AGG,SHY,IEF,TLT,TIP,LQD,HYG,VNQ,GLD,DBC,UUP,Cash
2022-03-23,0.0,0.0,0.0,0.0,0.0,0.0,0.0,0.0,0.0,0.0,0.0,0.0,0.0,0.0,0.0,0.0,0.0,0.0,0.0
2022-03-24,0.0,0.0,0.0,0.0,0.0,0.0,0.0,0.0,0.0,0.0,0.0,0.0,0.0,0.0,0.0,0.0,0.0,0.0,0.0
2022-03-25,0.0,0.0,0.0,0.0,0.0,0.0,0.0,0.0,0.0,0.0,0.0,0.0,0.0,0.0,0.0,0.0,0.0,0.0,0.0
2022-03-28,0.0,0.0,0.0,0.0,0.0,0.0,0.0,0.0,0.0,0.0,0.0,0.0,0.0,0.0,0.0,0.0,0.0,0.0,0.0
2022-03-29,0.0,0.0,0.0,0.0,0.0,0.0,0.0,0.0,0.0,0.0,0.0,0.0,0.0,0.0,0.0,0.0,0.0,0.0,0.0
2022-03-30,0.0,0.0,0.0,0.0,0.0,0.0,0.0,0.0,0.0,0.0,0.0,0.0,0.0,0.0,0.0,0.0,0.0,0.0,0.0
2022-03-31,0.0,0.0,0.0,0.0,0.0,0.0,0.0,0.0,0.0,0.0,0.0,0.0,0.0,0.0,0.0,0.0,0.0,0.0,0.0
2022-04-01,0.0,0.0,0.0,0.0,0.0,0.0,0.0,0.0,0.0,0.0,0.0,0.0,0.0,0.0,0.0,0.0,0.0,0.0,0.0
2022-04-04,0.0,0.0,0.0,0.0,0.0,0.0,0.0,0.0,0.0,0.0,0.0,0.0,0.0,0.0,0.0,0.0,0.0,0.0,0.0
2022-04-05,0.0,0.0,0.0,0.0,0.0,0.0,0.0,0.0,0.0,0.0,0.0,0.0,0.0,0.0,0.0,0.0,0.0,0.0,0.0
2022-04-06,0.0,0.0,0.0,0.0,0.0,0.0,0.0,0.0,0.0,0.0,0.0,0.0,0.0,0.0,0.0,0.0,0.0,0.0,0.0
2022-04-07,0.0,0.0,0.0,0.0,0.0,0.0,0.0,0.0,0.0,0.0,0.0,0.0,0.0,0.0,0.0,0.0,0.0,0.0,0.0
2022-04-08,0.0,0.0,0.0,0.0,0.0,0.0,0.0,0.0,0.0,0.0,0.0,0.0,0.0,0.0,0.0,0.0,0.0,0.0,0.0
2022-04-11,0.0,0.0,0.0,0.0,0.0,0.0,0.0,0.0,0.0,0.0,0.0,0.0,0.0,0.0,0.0,0.0,0.0,0.0,0.0
2022-04-12,0.0,0.0,0.0,0.0,0.0,0.0,0.0,0.0,0.0,0.0,0.0,0.0,0.0,0.0,0.0,0.0,0.0,0.0,0.0
2022-04-13,0.0,0.0,0.0,0.0,0.0,0.0,0.0,0.0,0.0,0.0,0.0,0.0,0.0,0.0,0.0,0.0,0.0,0.0,0.0
2022-04-14,0.0,0.0,0.0,0.0,0.0,0.0,0.0,0.0,0.0,0.0,0.0,0.0,0.0,0.0,0.0,0.0,0.0,0.0,0.0
2022-04-18,0.0,0.0,0.0,0.0,0.0,0.0,0.0,0.0,0.0,0.0,0.0,0.0,0.0,0.0,0.0,0.0,0.0,0.0,0.0
2022-04-19,0.0,0.0,0.0,0.0,0.0,0.0,0.0,0.0,0.0,0.0,0.0,0.0,0.0,0.0,0.0,0.0,0.0,0.0,0.0
2022-04-20,0.0,0.0,0.0,0.0,0.0,0.0,0.0,0.0,0.0,0.0,0.0,0.0,0.0,0.0,0.0,0.0,0.0,0.0,0.0
2022-04-21,0.0,0.0,0.0,0.0,0.0,0.0,0.0,0.0,0.0,0.0,0.0,0.0,0.0,0.0,0.0,0.0,0.0,0.0,0.0
2022-04-22,0.0,0.0,0.0,0.0,0.0,0.0,0.0,0.0,0.0,0.0,0.0,0.0,0.0,0.0,0.0,0.0,0.0,0.0,0.0
2022-04-25,0.0,0.0,0.0,0.0,0.0,0.0,0.0,0.0,0.0,0.0,0.0,0.0,0.0,0.0,0.0,0.0,0.0,0.0,0.0
2022-04-26,0.0,0.0,0.0,0.0,0.0,0.0,0.0,0.0,0.0,0.0,0.0,0.0,0.0,0.0,0.0,0.0,0.0,0.0,0.0
2022-04-27,0.0,0.0,0.0,0.0,0.0,0.0,0.0,0.0,0.0,0.0,0.0,0.0,0.0,0.0,0.0,0.0,0.0,0.0,0.0
2022-04-28,0.0,0.0,0.0,0.0,0.0,0.0,0.0,0.0,0.0,0.0,0.0,0.0,0.0,0.0,0.0,0.0,0.0,0.0,0.0
2022-04-29,0.0,0.0,0.0,0.0,0.0,0.0,0.0,0.0,0.0,0.0,0.0,0.0,0.0,0.0,0.0,0.0,0.0,0.0,0.0
2022-05-02,0.0,0.0,0.0,0.0,0.0,0.0,0.0,0.0,0.0,0.0,0.0,0.0,0.0,0.0,0.0,0.0,0.0,0.0,0.0
2022-05-03,0.0,0.0,0.0,0.0,0.0,0.0,0.0,0.0,0.0,0.0,0.0,0.0,0.0,0.0,0.0,0.0,0.0,0.0,0.0
2022-05-04,0.0,0.0,0.0,0.0,0.0,0.0,0.0,0.0,0.0,0.0,0.0,0.0,0.0,0.0,0.0,0.0,0.0,0.0,0.0
2022-05-05,0.0,0.0,0.0,0.0,0.0,0.0,0.0,0.0,0.0,0.0,0.0,0.0,0.0,0.0,0.0,0.0,0.0,0.0,0.0
2022-05-06,0.0,0.0,0.0,0.0,0.0,0.0,0.0,0.0,0.0,0.0,0.0,0.0,0.0,0.0,0.0,0.0,0.0,0.0,0.0
2022-05-09,0.0,0.0,0.0,0.0,0.0,0.0,0.0,0.0,0.0,0.0,0.0,0.0,0.0,0.0,0.0,0.0,0.0,0.0,0.0
2022-05-10,0.0,0.0,0.0,0.0,0.0,0.0,0.0,0.0,0.0,0.0,0.0,0.0,0.0,0.0,0.0,0.0,0.0,0.0,0.0
2022-05-11,0.0,0.0,0.0,0.0,0.0,0.0,0.0,0.0,0.0,0.0,0.0,0.0,0.0,0.0,0.0,0.0,0.0,0.0,0.0
2022-05-12,0.0,0.0,0.0,0.0,0.0,0.0,0.0,0.0,0.0,0.0,0.0,0.0,0.0,0.0,0.0,0.0,0.0,0.0,0.0
2022-05-13,0.0,0.0,0.0,0.0,0.0,0.0,0.0,0.0,0.0,0.0,0.0,0.0,0.0,0.0,0.0,0.0,0.0,0.0,0.0
2022-05-16,0.0,0.0,0.0,0.0,0.0,0.0,0.0,0.0,0.0,0.0,0.0,0.0,0.0,0.0,0.0,0.0,0.0,0.0,0.0
2022-05-17,0.0,0.0,0.0,0.0,0.0,0.0,0.0,0.0,0.0,0.0,0.0,0.0,0.0,0.0,0.0,0.0,0.0,0.0,0.0
2022-05-18,0.0,0.0,0.0,0.0,0.0,0.0,0.0,0.0,0.0,0.0,0.0,0.0,0.0,0.0,0.0,0.0,0.0,0.0,0.0
2022-05-19,0.0,0.0,0.0,0.0,0.0,0.0,0.0,0.0,0.0,0.0,0.0,0.0,0.0,0.0,0.0,0.0,0.0,0.0,0.0
2022-05-20,0.0,0.0,0.0,0.0,0.0,0.0,0.0,0.0,0.0,0.0,0.0,0.0,0.0,0.0,0.0,0.0,0.0,0.0,0.0
2022-05-23,0.0,0.0,0.0,0.0,0.0,0.0,0.0,0.0,0.0,0.0,0.0,0.0,0.0,0.0,0.0,0.0,0.0,0.0,0.0
2022-05-24,0.0,0.0,0.0,0.0,0.0,0.0,0.0,0.0,0.0,0.0,0.0,0.0,0.0,0.0,0.0,0.0,0.0,0.0,0.0
2022-05-25,0.0,0.0,0.0,0.0,0.0,0.0,0.0,0.0,0.0,0.0,0.0,0.0,0.0,0.0,0.0,0.0,0.0,0.0,0.0
2022-05-26,0.0,0.0,0.0,0.0,0.0,0.0,0.0,0.0,0.0,0.0,0.0,0.0,0.0,0.0,0.0,0.0,0.0,0.0,0.0
2022-05-27,0.0,0.0,0.0,0.0,0.0,0.0,0.0,0.0,0.0,0.0,0.0,0.0,0.0,0.0,0.0,0.0,0.0,0.0,0.0
2022-05-31,0.0,0.0,0.0,0.0,0.0,0.0,0.0,0.0,0.0,0.0,0.0,0.0,0.0,0.0,0.0,0.0,0.0,0.0,0.0
2022-06-01,0.0,0.0,0.0,0.0,0.0,0.0,0.0,0.0,0.0,0.0,0.0,0.0,0.0,0.0,0.0,0.0,0.0,0.0,0.0
2022-06-02,0.0,0.0,0.0,0.0,0.0,0.0,0.0,0.0,0.0,0.0,0.0,0.0,0.0,0.0,0.0,0.0,0.0,0.0,0.0
2022-06-03,0.0,0.0,0.0,0.0,0.0,0.0,0.0,0.0,0.0,0.0,0.0,0.0,0.0,0.0,0.0,0.0,0.0,0.0,0.0
2022-06-06,0.0,0.0,0.0,0.0,0.0,0.0,0.0,0.0,0.0,0.0,0.0,0.0,0.0,0.0,0.0,0.0,0.0,0.0,0.0
2022-06-07,0.0,0.0,0.0,0.0,0.0,0.0,0.0,0.0,0.0,0.0,0.0,0.0,0.0,0.0,0.0,0.0,0.0,0.0,0.0
2022-06-08,0.0,0.0,0.0,0.0,0.0,0.0,0.0,0.0,0.0,0.0,0.0,0.0,0.0,0.0,0.0,0.0,0.0,0.0,0.0
2022-06-09,0.0,0.0,0.0,0.0,0.0,0.0,0.0,0.0,0.0,0.0,0.0,0.0,0.0,0.0,0.0,0.0,0.0,0.0,0.0
2022-06-10,0.0,0.0,0.0,0.0,0.0,0.0,0.0,0.0,0.0,0.0,0.0,0.0,0.0,0.0,0.0,0.0,0.0,0.0,0.0
2022-06-13,0.0,0.0,0.0,0.0,0.0,0.0,0.0,0.0,0.0,0.0,0.0,0.0,0.0,0.0,0.0,0.0,0.0,0.0,0.0
2022-06-14,0.0,0.0,0.0,0.0,0.0,0.0,0.0,0.0,0.0,0.0,0.0,0.0,0.0,0.0,0.0,0.0,0.0,0.0,0.0
2022-06-15,0.0,0.0,0.0,0.0,0.0,0.0,0.0,0.0,0.0,0.0,0.0,0.0,0.0,0.0,0.0,0.0,0.0,0.0,0.0
2022-06-16,0.0,0.0,0.0,0.0,0.0,0.0,0.0,0.0,0.0,0.0,0.0,0.0,0.0,0.0,0.0,0.0,0.0,0.0,0.0
2022-06-17,0.0,0.0,0.0,0.0,0.0,0.0,0.0,0.0,0.0,0.0,0.0,0.0,0.0,0.0,0.0,0.0,0.0,0.0,0.0
2022-06-21,0.0,0.0,0.0,0.0,0.0,0.0,0.0,0.0,0.0,0.0,0.0,0.0,0.0,0.0,0.0,0.0,0.0,0.0,0.0
2022-06-22,0.0,0.0,0.0,0.0,0.0,0.0,0.0,0.0,0.0,0.0,0.0,0.0,0.0,0.0,0.0,0.0,0.0,0.0,0.0
2022-06-23,0.0,0.0,0.0,0.0,0.0,0.0,0.0,0.0,0.0,0.0,0.0,0.0,0.0,0.0,0.0,0.0,0.0,0.0,0.0
2022-06-24,0.0,0.0,0.0,0.0,0.0,0.0,0.0,0.0,0.0,0.0,0.0,0.0,0.0,0.0,0.0,0.0,0.0,0.0,0.0
2022-06-27,-0.048364720160552065,-0.06067231844688492,-0.06553186661592884,-0.04835809444857534,-0.04781579194508402,-0.026335213722866117,-0.034926325283113596,-0.03670157430301682,0.36404905043948793,-0.0004074945241132533,-0.016874450164805425,-0.06508091726317146,-0.056900629994932984,-0.05953401806095937,-0.054356018619283464,-0.14130288878237485,-0.05803983782562658,-0.19924299300714243,-0.0002489708781088806
2022-06-28,-0.048220070306383256,-0.06043485481055768,-0.06538839837994191,-0.04799900364436469,-0.04798875787511203,-0.02622122790908719,-0.03496597164995416,-0.03653466055766536,0.36361835665401154,-0.0004051598817851948,-0.016728948334405136,-0.06460685529919305,-0.05637328899309288,-0.05916345673628134,-0.054269176679714655,-0.14113167565539583,-0.05790863091007182,-0.19886553926753672,-0.0002489472979812488
2022-06-29,-0.04732415329385658,-0.05897032426768946,-0.06409454259422241,-0.04635607888996514,-0.04690494240685363,-0.02594262551694695,-0.03461636633766684,-0.03640738874271835,0.3621197432678121,-0.0004041095103188208,-0.016741689260393388,-0.06413161285640895,-0.05613911822841944,-0.058285920325252163,-0.05340163065887689,-0.14035243076776746,-0.05837265998108227,-0.19923696873808525,-0.0002479814382190507
2022-06-30,-0.04712333670848704,-0.0588318539219117,-0.06414306941885718,-0.04632736270608466,-0.04635766526370846,-0.025804235014813572,-0.03442652106717769,-0.036561005612554105,0.362001988796366,-0.00040673446727059875,-0.016976902672692404,-0.06392103047824141,-0.05638706686494533,-0.058109677026417894,-0.05298877024721557,-0.14002960749807422,-0.05728285517681525,-0.20007240280814703,-0.00024760080934681656
2022-07-01,-0.0464722547886196,-0.058007235427888666,-0.0633034476417213,-0.04548097417082966,-0.04572320479804369,-0.025512136861547016,-0.03406062403608827,-0.03650897767567048,0.3605483241731384,-0.0004074246782716417,-0.0170242499743825,-0.06348557474102773,-0.05622069777883266,-0.057733101697044535,-0.05257589892201663,-0.13835185501079972,-0.055181882681676446,-0.19824574980651308,-0.0002461299452366465
2022-07-05,-0.05298019146373597,-0.06859267473101861,-0.07571670461021673,-0.04655982563795776,-0.05542405788518551,-0.031309613692989735,-0.025350689473673468,-0.030767283663440725,0.2924802267543688,0.018783183244744775,-0.002005940829173097,0.0012429360820351365,-0.06951263587007338,-0.1267417584617706,-0.08578672285805976,-0.1581029981399342,-0.02634538777929299,-0.17599408557292115,-0.00044391379857243267
2022-07-06,-0.0526154381524937,-0.068598250227432,-0.07530292511951224,-0.04727146511916161,-0.05578237647801656,-0.030584555997501785,-0.02510810482278358,-0.03076879526652945,0.29191731307005325,0.01881830331665593,-0.0020180541135952747,0.0012372464695170463,-0.06936850844953998,-0.12639338901520875,-0.08539191732925891,-0.15447050333552512,-0.024529600421599435,-0.17818178203829926,-0.00044311292598485076
2022-07-07,-0.052693266957688716,-0.06883347876493373,-0.07547702351800263,-0.04757702841793581,-0.05537210124618197,-0.030611081361389996,-0.02495698285325958,-0.030563297541771523,0.29112299975013517,0.018659449379822002,-0.001984271018900867,0.0012261058207391777,-0.06902862975757672,-0.125921075972856,-0.08523933273507199,-0.15203118456653805,-0.024167375603592202,-0.17900516909423997,-0.00044313575478671115
2022-07-08,-0.05385993437538472,-0.07029218974089514,-0.07680521223189948,-0.04889267866059219,-0.057029644417854845,-0.031265387414467556,-0.025614551997635415,-0.030680980772458594,0.29269321304784335,0.01865858770546205,-0.0019788517941925743,0.0012316624546864355,-0.06944501024988692,-0.12875688299103877,-0.08599350673507647,-0.15304699461234703,-0.025323553491834367,-0.1801642605082526,-0.0004458491362004052
2022-07-11,-0.04997674264818985,-0.06712057206382566,-0.07238940804293538,-0.04925398779152673,-0.053257783909469614,-0.02542321661088369,-0.0277277434135168,-0.04041130533197869,0.33501973673589824,0.003931986981711619,-0.013578418119425714,-0.024063694286612886,-0.06839483254715924,-0.08644976106362297,-0.08187203311686216,-0.16624619070141924,-0.02783664185292686,-0.2045921610397966,-0.0003665088555741634
2022-07-12,-0.049078140625864866,-0.06609667880442534,-0.07170399286440063,-0.048014913733400964,-0.051984890892822704,-0.024914470707949034,-0.02688312044748411,-0.040441599024079344,0.33384272049026775,0.003947623894971921,-0.013759042820735104,-0.024008461876825135,-0.06832120266868107,-0.08563185764060056,-0.08137762798728053,-0.16471426864682032,-0.027675594905925437,-0.20615335112370375,-0.00036508861739745213
2022-07-13,-0.04866717630928202,-0.0653667151608402,-0.07114812837584654,-0.04744448484881904,-0.05169191263031797,-0.024855244033664792,-0.026720464819053946,-0.04040759968628941,0.33326460612463704,0.003948123495669745,-0.01381014532162944,-0.023946866766511175,-0.06826848423476818,-0.08578644462253385,-0.08087927007708486,-0.1637386654424005,-0.026362004353022644,-0.20562566121037465,-0.00036428012515322175
2022-07-14,-0.04843869102156967,-0.06498206306945208,-0.07059362524562204,-0.04731656554376401,-0.05161383327342402,-0.024827279703294177,-0.026641637685338997,-0.04052858784752167,0.33269013599748815,0.003962545095865635,-0.013959611882620826,-0.024055871855988776,-0.06873600910541713,-0.08564012788161032,-0.0804392466551756,-0.16441793191365936,-0.02649371874358196,-0.20506807417435877,-0.0003640483827426226
2022-07-15,-0.048038480506872976,-0.06473118933331669,-0.07018303276534209,-0.047417351678928375,-0.051010249842102506,-0.02444382036798788,-0.026363284597729315,-0.04032786300616437,0.33209152125563024,0.003934950993798205,-0.013825842658589129,-0.02396245503220743,-0.06820085232748341,-0.08535686115201223,-0.07960058008370116,-0.16187558391819248,-0.026212090374049306,-0.2061941931541288,-0.00036352567084160976
2022-07-18,-0.05417601091683691,-0.07361922324709738,-0.07792059614763833,-0.05725843081702826,-0.05667966686067708,-0.02640626022184795,-0.030344228419092692,-0.044295587226412664,0.29199518872468405,0.001982153782262001,-0.013759412445574977,-0.01907519074854175,-0.06901167899926448,-0.08576419868301188,-0.07871122747034949,-0.15941269731105046,-0.014672379581619434,-0.23572929053276914,-0.00040052485095226994
2022-07-19,-0.05384669198327992,-0.07276625627061131,-0.07715976136581681,-0.056583279828160325,-0.05632949922239077,-0.026424771639702978,-0.03045374110676271,-0.04400441410609268,0.2908387455193017,0.001969731924765071,-0.013570350871190413,-0.018986272635588584,-0.06830027489582499,-0.08464985242870562,-0.07789148468520272,-0.15902744767716265,-0.014897273703736108,-0.23363545820573484,-0.0003991803256358877
2022-07-20,-0.05573645450002359,-0.07544187082768647,-0.07976285328925829,-0.05887714536579112,-0.05887068884389685,-0.02740258284300526,-0.03124867696642219,-0.04436118546331858,0.29327979364620094,0.0019793112344146744,-0.013625292852430207,-0.019146443228361093,-0.06914122049392223,-0.08658500013466931,-0.08066708957067592,-0.16092057870112642,-0.015097594090653314,-0.2343744408594832,-0.00040297026051180223
2022-07-21,-0.05607388604356658,-0.07614357756110977,-0.08015338916476412,-0.059984767776611984,-0.05996714358101074,-0.027300058805170908,-0.03120485614221236,-0.044459663330590975,0.29409738563082166,0.001983124022977399,-0.013700803488307493,-0.019185358005258987,-0.06926766944038526,-0.08721518553259917,-0.08071145847243011,-0.15987142863581447,-0.015129714253372104,-0.23571574541192045,-0.0004041427880154305
2022-07-22,-0.05673709333762146,-0.07704392208225994,-0.08070420858926439,-0.06094468370623896,-0.060372351380168256,-0.02762693445785626,-0.031612805035105794,-0.04490402837659644,0.2953973662713276,0.0020089623383362453,-0.013960139221400972,-0.019335947090064573,-0.07032821991461077,-0.08839012214024787,-0.08148391255465781,-0.16239066131976526,-0.014899945795129278,-0.23543825739113802,-0.0004047993269549078
2022-07-25,-0.03787626900295345,-0.06252835607611527,-0.06565277279492114,-0.04499345108892536,-0.05244943445728001,-0.0072070151939313135,-0.013747945474497354,-0.034523039523963524,0.32211013931323945,0.006535321223523234,-0.012610668460968656,-0.010819112937545538,-0.06449330762739677,-0.08017607315079119,-0.09348912201956386,-0.173734847746567,-0.022123371503424277,-0.2840514567146951,-0.00011547312610054321
2022-07-26,-0.03805492584274148,-0.06270396662606995,-0.06594273644890587,-0.04480839156561212,-0.05280506872460188,-0.007274274833581538,-0.013818730971939933,-0.03445085601848937,0.3223501980704201,0.006522483229795851,-0.012507145552541586,-0.010815770983137265,-0.06405024545497726,-0.08028281963343505,-0.09379642011629696,-0.1735348125387248,-0.022559199956368365,-0.284103960296538,-0.00011565690434116149
2022-07-27,-0.03752386143533753,-0.06184555634295491,-0.06532088095478154,-0.04384532400601593,-0.05238150228909531,-0.0071594480718784725,-0.013684650595216204,-0.034379367709863634,0.32158843723022346,0.006512719352573934,-0.012493189650452227,-0.010795423988610033,-0.06391839891664176,-0.07956885167011833,-0.0937188537593923,-0.1730029606584461,-0.02256119177632051,-0.2857630341817492,-0.00011543932665730195
2022-07-28,-0.038572730339640614,-0.06366588853455135,-0.06646424445366526,-0.04585264131231196,-0.05375430832968113,-0.0073535430921681105,-0.013986277319306694,-0.034616166258004406,0.3231821034776552,0.006547939897352937,-0.01246498605410311,-0.010901178827407184,-0.06456137188665624,-0.08071634806996496,-0.09460115621850622,-0.17535562529514123,-0.023154561207058923,-0.2843277451673718,-0.00011582946300040939
2022-07-29,-0.038950875089015013,-0.06447984884758055,-0.06714492194125159,-0.04631208377886033,-0.05450591919282688,-0.0073929416306420664,-0.014049107979632271,-0.03487244958595739,0.3239615997192363,0.006614310087024012,-0.012567228460878191,-0.011015214471354354,-0.0651121401668887,-0.08156219361784028,-0.09769059063504844,-0.17753488110943663,-0.02317793827013274,-0.28419566922593886,-0.00011585719200096477
2022-08-01,-0.03671062571887284,-0.05125265301122718,-0.05741363904251193,-0.0340731968929421,-0.04252662552142312,-0.01728270223930226,-0.015907105066891702,-0.033627626566720005,0.3547570878998655,0.0068048088588656295,-0.011557703533170097,-0.021547567459600136,-0.06731121832878156,-0.08760168357489688,-0.07389600879679208,-0.1530133076199082,-0.03612607168562655,-0.1608424061079387,1.9871611934203877e-05
2022-08-02,-0.03649832608659203,-0.05096993673131684,-0.05715849179251577,-0.033965418176712406,-0.042401798206408124,-0.017262020890674107,-0.015731346915527314,-0.033657699291293905,0.353839489848157,0.006827069201353172,-0.011805725621921174,-0.02150226168376909,-0.0672714570642366,-0.08740409641551851,-0.07311081390769883,-0.15348615444733713,-0.03530206362336162,-0.1598064480125647,1.982069141135515e-05
2022-08-03,-0.0361580874611673,-0.050556932754005274,-0.05637594588878387,-0.03381282400689642,-0.042296826939534314,-0.01696086276070717,-0.01563217869907109,-0.033261694490013365,0.35206811943282224,0.0067224790473186845,-0.01153840963618007,-0.021216726409611423,-0.06634864795987092,-0.08686840595856136,-0.07206297373595325,-0.15234348501603073,-0.03506942851725164,-0.1605834691104923,1.979065349016848e-05
2022-08-04,-0.03667880881405579,-0.05142812587450153,-0.0571811182548429,-0.034787401357953184,-0.0429852743313014,-0.017086795720171903,-0.01577946865059101,-0.033461740630478964,0.3527410695230932,0.006760684603472139,-0.011738217226563872,-0.021361550546920145,-0.06717366929192073,-0.08776573084323125,-0.07240540762453207,-0.1529513412371513,-0.03482009209578457,-0.16128576594434824,1.9821289803931228e-05
2022-08-05,-0.03660572237176776,-0.05121127749417788,-0.05683962324798502,-0.03482625331554508,-0.04274267765277056,-0.01711251007947821,-0.015834345196617527,-0.03342361634499046,0.35195883143750795,0.006770873320724705,-0.011692705384377977,-0.021282205105003248,-0.06704097041723259,-0.08768957434060147,-0.07203753435986344,-0.1549302430261889,-0.03432540594666442,-0.15969709594979634,1.9751057612760812e-05
2022-08-08,-0.027121584160409922,-0.05564427881354322,-0.05911637693154535,-0.03368133819880878,-0.04862015490278306,0.0015354462020141582,0.005755574854709383,-0.042751479197980786,0.3069892463158251,0.004532041030408486,-0.01301401280852165,0.03368753600963917,-0.07970418818153417,-0.10427526723392597,-0.1194915708846205,-0.1998501390063095,0.006981790608671183,-0.258769133827517,0.00012620413877165182
2022-08-09,-0.027143645815121426,-0.055600137597356415,-0.05921929960511785,-0.03358481734494031,-0.04915298723477454,0.0015395552208186858,0.005764879115764475,-0.0429629288797826,0.3074001320288837,0.0045604097785896325,-0.013228948122005825,0.03393109256762275,-0.08005099340977241,-0.10440718550739177,-0.1206040273878383,-0.20161704525739155,0.007068609936510209,-0.2585010392057902,0.00012625058457188635
2022-08-10,-0.02709320038218272,-0.05554217298738305,-0.059301183220771984,-0.03330231484233196,-0.04862510251180227,0.001535787988176535,0.0057602062197495175,-0.04299320093849796,0.3080051701908861,0.0045602095044921095,-0.013216274665198568,0.033934007194297816,-0.07992550155587523,-0.10393663234490626,-0.12162377183832332,-0.20282851072776925,0.007148541456000936,-0.2589878103850014,0.000126621787921413
2022-08-11,-0.027643378438590133,-0.056675403372893514,-0.06022240091537785,-0.034211666397631436,-0.04998392470047145,0.0015694607636136725,0.00582884844881704,-0.04307641055017067,0.30812248175821505,0.004560156330848417,-0.013122223011752166,0.03385537698356475,-0.0806351001224475,-0.10542962911825864,-0.12339875312184097,-0.2021999280223157,0.0072428574703108685,-0.25601304538985237,0.0001265472567788614
2022-08-12,-0.027650118044767184,-0.056639590952845494,-0.06027645053613394,-0.03399598255739829,-0.05013875706862,0.0015679958140957277,0.005848200591919141,-0.04281979087467955,0.3078157622165406,0.004527022069207537,-0.012808253051163404,0.03371967722801084,-0.0798067849948007,-0.10476046394610931,-0.12302551939686926,-0.20153904967288735,0.007378938299122934,-0.25603322948372187,0.0001264672932806597
2022-08-15,-0.03942473973733727,-0.05606835677871558,-0.061328022909444585,-0.038141623300308104,-0.04642460553556441,-0.017376408987816977,-0.017834203200996705,-0.029970544206722214,0.2785086035412433,0.00809339653720552,-0.008228979498158375,-0.010167153064599848,-0.05869875275291062,-0.08589198271720853,-0.07989218820883882,-0.15019471132645704,-0.026285360968006117,-0.17359910672480316,0.0002049781092670964
2022-08-16,-0.04021008690288739,-0.05743329705328403,-0.06284841636667939,-0.0392242570187872,-0.04752744375012706,-0.01762016928683802,-0.01810918500209727,-0.030612694122894944,0.2843588440287254,0.008282684972815053,-0.008387447173973186,-0.010361149917195939,-0.05983905266806636,-0.08746649467745903,-0.08182975069765744,-0.1512482240465282,-0.026485871529497735,-0.1786626908721156,0.00020910646927677095
2022-08-17,-0.04029509206109686,-0.05762390096395946,-0.06337318785755006,-0.03918550068760084,-0.04757300863398434,-0.017638764692218218,-0.018129324799035094,-0.03060971531262657,0.28450352435158943,0.008284356606586031,-0.008433752863928516,-0.010377909949616541,-0.05968931262311674,-0.08717394339156614,-0.08172420127157894,-0.15118844816957863,-0.026223358711220498,-0.17884240644968047,0.0002093902800843931
2022-08-18,-0.03804695006568141,-0.05441604843391478,-0.060001533444394184,-0.03684354096051674,-0.044484958788088516,-0.01664188883447375,-0.0171707203180217,-0.028940103127421166,0.27035681975105025,0.007826002997964576,-0.007937471071411442,-0.009840307067774345,-0.05623529842128176,-0.08205334446147719,-0.07726093874781989,-0.14286253726156892,-0.025038453175456,-0.17033265366991635,0.00019914736047472193
2022-08-19,-0.03900470277298211,-0.05596624455189909,-0.06160071433373982,-0.037874193094785374,-0.045922072710116835,-0.01700932475491923,-0.01750914010844373,-0.02974198501200087,0.277656353630469,0.008041183171337393,-0.008151994859093358,-0.010143056898488531,-0.05781816921775641,-0.08427636506413247,-0.07870736293906887,-0.14612323972493804,-0.02606859677149804,-0.17602432463590947,0.00020422705372826229
2022-08-22,-0.04832831477700539,-0.07077249411055432,-0.0767776595666125,-0.04569182281281886,-0.06144533419240328,-0.019554387330632174,-0.020478279986836108,-0.023195575682912774,0.22676143416407035,0.02127917980953464,0.001044435399737936,0.011354956885598516,-0.057842311353637633,-0.11672288818468281,-0.10918329136617377,-0.14052635085466483,-0.02220456961376806,-0.2375610134473396,5.955671391972106e-05
2022-08-23,-0.04447915545185406,-0.06500404925948686,-0.07067743778625017,-0.04173169240260889,-0.056449886767859274,-0.01803060892158655,-0.019040639439449142,-0.02166417334209601,0.21242448843333275,0.019872760790876524,0.000976413461960998,0.01063093652456155,-0.05389290585893545,-0.1082511278411573,-0.10018353507402723,-0.13094236524090602,-0.021012984020789594,-0.22468683680899693,5.586569919397859e-05
2022-08-24,-0.04574838733605559,-0.06670471391808502,-0.07233970230900162,-0.042891856603229,-0.05816164634965806,-0.018555949760474522,-0.0196901700571424,-0.02227608914654692,0.21861675903602643,0.02039203759133367,0.0009988608762025956,0.010953555815812496,-0.055496980184474,-0.11163073218812773,-0.10173064813200457,-0.13563561044792447,-0.021969910326330777,-0.23017352609416233,5.746630172434568e-05
2022-08-25,-0.04739282062532806,-0.06914503807911858,-0.07491726151830565,-0.04444752707479886,-0.06055655670204994,-0.019197535578831113,-0.020340267959021732,-0.022956135650339788,0.22564497958384172,0.02100022876009898,0.0010245454662580545,0.011316090722366903,-0.057173191494921324,-0.11548150554387476,-0.10571743703938032,-0.1405623504657512,-0.02293976630246684,-0.2379965943236465,5.9378567779751566e-05
2022-08-26,-0.0484287821835715,-0.07061000206451584,-0.07619195141439712,-0.04554877193093115,-0.06192629020406247,-0.019543792537208574,-0.020925197374499258,-0.02324402736052914,0.22735579582294943,0.021282124915404054,0.0010460656761191339,0.011430524321282965,-0.058164959561039904,-0.11738296125257486,-0.10804051334616277,-0.1419757261969005,-0.022773364739864025,-0.23924347569881932,5.9792496586092565e-05
2022-08-29,-0.03503682220163262,-0.04771953845158534,-0.053346820561948546,-0.032912715047287364,-0.04281875517793743,-0.014119319702721464,-0.020788937041906524,0.004888727168418923,0.2591486990281283,0.02839047647141258,0.0059105786990093145,-0.03639821427174794,-0.030410230891633996,-0.0759309576572512,-0.048519953164892334,-0.105728570180184,-0.06965632365790193,-0.18080391776645496,6.521672926052201e-05
2022-08-30,-0.03572131732739711,-0.04862884341892122,-0.05441510902807828,-0.03343037820476119,-0.04352069505059607,-0.014451805217446807,-0.021192834299219823,0.004990860252552882,0.2656510674750548,0.02895837636520332,0.006013134243911573,-0.03719331101963946,-0.030965750087686858,-0.07759492955790102,-0.04932597355554973,-0.10852748776498782,-0.07250261386739953,-0.18553928550602472,6.690182901224689e-05
2022-08-31,-0.03404150406432614,-0.04631040901913188,-0.05189668347365082,-0.031831454577613924,-0.041319455416842246,-0.013815483146608326,-0.02016524144652514,0.00481185044162812,0.25566976569230015,0.02787561585686505,0.005804400301876836,-0.03575101859341388,-0.029854597494814172,-0.07414192723617062,-0.04683909800953145,-0.10362892455722031,-0.0678745709261526,-0.17859344407860325,6.441940215711078e-05
2022-09-01,-0.033755475659295715,-0.04586897344914099,-0.05140686694679681,-0.031585067835535184,-0.04098919724284736,-0.01369548080989403,-0.020197873105202543,0.0047769118109641144,0.2551431377653515,0.02770630581944707,0.0057377643756267955,-0.03536505001628721,-0.02948373853579638,-0.07359338026416033,-0.046528216642183796,-0.10262907221095559,-0.06632472735032946,-0.17812495143880833,6.429455427094516e-05
2022-09-02,-0.0344193255042192,-0.04703279888572205,-0.05278103011284477,-0.03229917721877092,-0.04144108874218319,-0.013810729378584657,-0.02048324849164101,0.004861610477600138,0.2606081898667198,0.02809529094494253,0.005757567084785405,-0.03587509719335975,-0.02995583037010917,-0.07542340710710368,-0.047646463524908554,-0.10398176386620789,-0.06634511026766128,-0.18369937038227516,6.571966839653153e-05
2022-09-06,-0.05094103063256846,-0.07143470571614009,-0.07605593162855123,-0.05558078779799745,-0.05744991333634235,-0.020789406192341875,-0.028547039179026245,-0.009552566823013024,0.20704936407163385,0.02389620609188762,0.0034584622369595924,-0.010002882566208892,-0.041445845051112616,-0.08811992629212684,-0.0634054309185693,-0.13812247872210806,-0.03073129182041325,-0.2556530723753802,-0.0001715645131659076
2022-09-07,-0.05204108314990071,-0.07310645020703217,-0.07774214631606298,-0.05668684014640955,-0.05843372302140099,-0.021303530508265837,-0.02897772783741649,-0.009721234689861516,0.21223217138703407,0.024274545345718306,0.0034648056623032587,-0.010177822965927667,-0.04199900015609901,-0.0902800483357882,-0.06572343078661094,-0.14106167359965124,-0.031382716831735845,-0.26414647582485784,-0.00017624451521258341
2022-09-08,-0.05039526614166904,-0.07100719618966009,-0.07515843257494174,-0.055180041155963436,-0.056967389583908346,-0.020505231378596937,-0.02789436528625599,-0.009339827718882978,0.20279591291210008,0.023312859863643055,0.0033582074555956205,-0.00975127586270355,-0.04062027709015374,-0.08738380160761663,-0.06393390438652036,-0.13596174957260995,-0.029230397420908313,-0.25024265088490966,-0.00016816261078843949
2022-09-09,-0.052502273283783644,-0.07411374142934685,-0.07840778858479887,-0.057516798183502464,-0.05956641899337083,-0.021277324190423115,-0.0287684617541319,-0.009654179042124249,0.21003793275457242,0.024085371747922007,0.003446645815529359,-0.010055657806757842,-0.04202491900769077,-0.09101228064006217,-0.06648001347208733,-0.1401422410513696,-0.030434361940312987,-0.2600252003983978,-0.00017437987912425718
2022-09-12,-0.05928557122519515,-0.07681885899552063,-0.08017071906118053,-0.06544422889565013,-0.05725069540902707,-0.03024456346881429,-0.04279529408004385,-0.029722427534666335,0.19957366096810322,0.004441169804321848,-0.008585843493276131,-0.02811591224286655,-0.04484431441878773,-0.059345494606442416,-0.054590685393908836,-0.1519917887046912,-0.01622048759063815,-0.22150822949306231,-4.286887791787272e-05
2022-09-13,-0.061502637462929596,-0.0795685788512338,-0.08274122264506349,-0.06786314105911391,-0.05938009646633261,-0.031425908608830995,-0.04450801740065548,-0.03041318317229952,0.2044944131023651,0.004540269366773589,-0.008726313658688731,-0.02872706286854408,-0.04585385045342023,-0.06100065542593142,-0.056486528530333736,-0.15654770421074923,-0.01685158517028462,-0.22583094186207633,-4.393121016011797e-05
2022-09-14,-0.0472148541874247,-0.06083201729872891,-0.06351697775668046,-0.051267048157587695,-0.045604468291674125,-0.024245180309834614,-0.03447773882161091,-0.024171947786517257,0.16289020703858334,0.003608501547006236,-0.006990976472410645,-0.02289250116523403,-0.03638559516079713,-0.047647209425783925,-0.04342164214942623,-0.12349703819779653,-0.013401070308106831,-0.1829878666930092,-3.511323499501477e-05
2022-09-15,-0.048634138577399434,-0.06265002776622822,-0.06523556284304825,-0.05301576433837092,-0.046971131603728934,-0.024956261763159147,-0.03554835693455614,-0.024832251771065468,0.16697754342297738,0.0037040883013133947,-0.007197186266366291,-0.023546582896299992,-0.03750789635218361,-0.048956983787042024,-0.04404178246374164,-0.12621684002243858,-0.013808160955024755,-0.18735758175918407,-3.602515217883241e-05
2022-09-16,-0.04359896776755474,-0.05610923447365898,-0.05877379840976712,-0.04722624751514288,-0.042241029377736564,-0.022408321942052865,-0.03186013916794454,-0.022427077700107014,0.15109540324269846,0.003343937234106115,-0.006515580884495619,-0.021222556823042714,-0.03381395379344578,-0.04406919981929788,-0.0391593045653333,-0.11220191457694788,-0.01214382002168874,-0.16983950719547863,-3.263455983264965e-05
2022-09-19,-0.034257780853629766,-0.04923285574106204,-0.05339665606851614,-0.033027184164393944,-0.04257230956363205,-0.014928182185893132,-0.015120893011716215,-0.01866525251267024,0.2193671270604344,0.014894961530420778,-0.0018472183843887715,0.001604752753717179,-0.046121598737379144,-0.08070212959256844,-0.07151525450707036,-0.10511995551633277,-0.020071012526193456,-0.16446121982808662,-0.00017603520179416046
2022-09-20,-0.03561751283330049,-0.051248323404888385,-0.055530858504452524,-0.03438033254159471,-0.04434998446997941,-0.01547333704394926,-0.015668376730785583,-0.01925058069496031,0.22634059041425045,0.015341756579149534,-0.0019124965191461138,0.0016500372917553072,-0.04772032932770383,-0.08367398259385668,-0.0737636851935034,-0.10866486541796734,-0.020798553913253685,-0.1697608948842583,-0.0001818315264548324
2022-09-21,-0.03507500715109654,-0.050509809896968856,-0.05480738496146177,-0.034005126086711475,-0.04361586683414881,-0.015165271766922584,-0.015535372066855506,-0.019107904365583135,0.22555870843623232,0.015201429476886604,-0.0018878130061325328,0.0016425823202839325,-0.0471042409458708,-0.0825745143270994,-0.07175849441995416,-0.1077243031513759,-0.02071194221759828,-0.17006392052154418,-0.00018129222092854697
2022-09-22,-0.035115193772184784,-0.050514381078913116,-0.05483879942235218,-0.03399222144754096,-0.043716061693495414,-0.01523382349921917,-0.015548363791784443,-0.019510271610280332,0.22938683864744364,0.015534416735508153,-0.0019536930268457455,0.0016751159417188151,-0.04812542109512429,-0.08379730002885039,-0.0718850013412913,-0.11015581240975414,-0.020954717041376445,-0.17479933969984224,-0.00018452751896160948
2022-09-23,-0.035150293285148126,-0.05051533156743113,-0.05506800653412566,-0.03385887648968508,-0.043094024033885084,-0.015318738317400306,-0.015604229548953375,-0.019466270705834815,0.23090830376023527,0.01543013641247349,-0.0019199423958581594,0.0016701610336556318,-0.0478511119751286,-0.0840028030381511,-0.07157422701194949,-0.11102683201533721,-0.021192317191484143,-0.17651988912659924,-0.00018609410986862267
2022-09-26,-0.038137458024739126,-0.05823147257542212,-0.06319258133663454,-0.036338007258571864,-0.052335174283539794,-0.013977384804734946,-0.011764327410355192,-0.013696196237749687,0.24451687816997586,0.025264921757861974,0.004124655775443908,0.015688627051791183,-0.05214543383299596,-0.11022057593428952,-0.0928819878732503,-0.1377892431619779,-0.026888108350844386,-0.19233251278156963,-0.00047251769519408084
2022-09-27,-0.03758321406501636,-0.057501950382215054,-0.062355534665430444,-0.03609133827497354,-0.051481235590913284,-0.013733883002953313,-0.011589534621562413,-0.013484083564310646,0.2433255783171656,0.024778677483156365,0.004035063615329577,0.01539661366834071,-0.051103571440754204,-0.10863184109746368,-0.09003695481806227,-0.13582387727677422,-0.02619109344731303,-0.19397169012472493,-0.0004712601810368216
2022-09-28,-0.03843275118666394,-0.05884564432110224,-0.06366560579970765,-0.037044091738060794,-0.05299925438661048,-0.013995033870015331,-0.011877328009303691,-0.013775377481527048,0.24964886236539066,0.02524903959630121,0.004030913110363323,0.01571313164938357,-0.05164250045845561,-0.11122030657685553,-0.0911465518121357,-0.13963917513237323,-0.02715819905818537,-0.19907731494528783,-0.000483506784973501
2022-09-29,-0.036413044101160454,-0.05570912187567255,-0.0602109405337529,-0.03507702865554302,-0.05076240455103353,-0.01330690845629562,-0.011123572999948443,-0.012995639642503061,0.2327828035619718,0.023970029173995162,0.0038677286339671674,0.014846340680414872,-0.04891071717159948,-0.1051040395287737,-0.08637877375691275,-0.13234020267740843,-0.025916684766283296,-0.18241897444114025,-0.0004489025897864826
2022-09-30,-0.03444989506750779,-0.05259480023590429,-0.057173356866513175,-0.03284761091483918,-0.0478497124380118,-0.012679902032976424,-0.010486165517988788,-0.012465071983545944,0.22415490871417082,0.02300526089938574,0.0037101115585806144,0.014114967695712952,-0.04681067892797259,-0.10039356975723795,-0.08084248914106842,-0.1275828343709086,-0.024835997677908048,-0.17519814879335574,-0.0004328493720992698
2022-10-03,-0.030955995323676173,-0.04099596795692843,-0.04490607583205386,-0.026783640909076242,-0.035978988454978926,-0.016306418393985344,-0.017502272449770154,-0.021370952080629006,0.2741753674593135,0.00689152095717884,-0.007438540094445742,-0.02239560620760183,-0.04383636121786496,-0.06679888508046661,-0.061207353251834025,-0.10209966393798918,-0.03970308580440745,-0.10687048951696901,-0.00033935921646505645
2022-10-04,-0.03092721930063523,-0.04106314034366593,-0.044965179756732185,-0.026750657859880535,-0.03604132241715811,-0.016228377751816347,-0.01735913355714208,-0.02102480182862793,0.2681479744531703,0.006805073520396957,-0.007374420072456048,-0.022136555009894643,-0.0435701498142266,-0.06604159746893139,-0.06079608899699628,-0.10205856342684987,-0.03962026204738286,-0.10380788466317283,-0.0003311718888033155
2022-10-05,-0.030915091554998986,-0.04092201479082951,-0.04469494551049618,-0.026670463092142164,-0.03621878735747735,-0.01631541834301831,-0.017328594052540013,-0.02037732469011034,0.25929036875093936,0.006591432283029092,-0.007108286310169999,-0.021482025832897822,-0.042309790321968854,-0.0652113700167392,-0.059954463689590204,-0.10006442687955222,-0.03933118134636839,-0.0989709723859,-0.00032011443622758344
2022-10-06,-0.031481241488040726,-0.04176191891595115,-0.0456659489289256,-0.027266876085490704,-0.036774766208522346,-0.016512166222052684,-0.017735206402997115,-0.020734697016969405,0.26496884106478535,0.006678558489875408,-0.0072015894515755526,-0.021801050266579133,-0.04295169860911902,-0.06644198714261694,-0.06012701418295316,-0.10178963713558034,-0.04095311056135543,-0.10219567071676884,-0.00032744701633443703
2022-10-07,-0.031694164375189904,-0.042098201865640596,-0.045966626473481674,-0.027554286453190514,-0.03724717847808629,-0.01652391461105718,-0.017955870293209823,-0.021036494269888618,0.2695542949171083,0.00676504214563137,-0.007294474941499582,-0.022132241027953355,-0.043647607977513145,-0.06747185020545274,-0.05953966953915951,-0.10356204541005717,-0.04197430004341362,-0.10513748604063208,-0.00033352432101816477
2022-10-10,-0.031916732629287785,-0.04523697914757143,-0.04838937766337808,-0.030320487349503777,-0.03932036251982993,-0.014993524729724796,-0.01568341622146163,-0.023431236233824048,0.22993713349292708,0.0077381728585457325,-0.005805057264093489,-0.0048722254436192785,-0.044883097727952126,-0.07101600699160003,-0.06979657887174885,-0.09566335387341326,-0.020912791396978443,-0.12816955439378883,-0.00040336853329741434
2022-10-11,-0.03137629847195422,-0.044486121234764225,-0.04778700056604455,-0.029746277991465935,-0.03874798876736493,-0.014774439213041187,-0.015323784058518666,-0.023115354277300906,0.22777602008571127,0.007623182876670776,-0.005663194287146933,-0.004800762310520157,-0.0440781908202531,-0.06951587948482497,-0.0685141576606968,-0.09335822703186408,-0.020492667050712336,-0.12755686788037648,-0.00039972528398241514
2022-10-12,-0.031951803921997236,-0.045397415429833415,-0.04913220042085575,-0.03012940400141589,-0.03980561364869682,-0.015006710170064382,-0.015486631317891892,-0.02375414800315802,0.23403883074803652,0.007848771009549602,-0.0058417777653669055,-0.00495852668091804,-0.045174133560593875,-0.07161250444903423,-0.07107875862629005,-0.0956805210801433,-0.020742743221422964,-0.13108555643141048,-0.0004105133593966548
2022-10-13,-0.03273189097905986,-0.04647793450854194,-0.05044562771018739,-0.03093800907284875,-0.040775766113442906,-0.015365091146214978,-0.01592610091708247,-0.024420477160672614,0.24063963555527376,0.008088511842155288,-0.006030058593021329,-0.005103484573799437,-0.04634742686598874,-0.07368315584519747,-0.07224814596511564,-0.09880778726130011,-0.021306731877978633,-0.13464973143355044,-0.00042167508837303994
2022-10-14,-0.0350687738171242,-0.04998205466805364,-0.05437362706470832,-0.03317525866131103,-0.04377994191135191,-0.01643096844517655,-0.01673462869224527,-0.02550596489133983,0.25138224026512157,0.008439070647394275,-0.006257502639762494,-0.005341063730748515,-0.04864653712937843,-0.07737348379700382,-0.07707949033347324,-0.10280829451350504,-0.022632418246823813,-0.14015154509531047,-0.0004418066360777947
2022-10-17,-0.029258663862981007,-0.04188612251493278,-0.04257717331125238,-0.03611465878075501,-0.03259421298165452,-0.011666023193748326,-0.019522578670866028,-0.028599279020484716,0.1917938765160657,-0.004879229143670515,-0.013097381124989317,-0.021483167698516575,-0.03786216551793584,-0.032380454433856676,-0.04092337848344799,-0.11686241718467541,-0.012674865604436768,-0.13142185099517992,-0.0003187146123419282
2022-10-18,-0.030646670884130044,-0.04386425083096177,-0.04423830807571637,-0.03809029546267507,-0.03433970635436,-0.0122043625764261,-0.02048004707543259,-0.02926128034656013,0.1960376449102877,-0.004986931197742494,-0.01330717207319957,-0.021994284411118024,-0.03884174129231906,-0.033466966894969224,-0.04335729899880507,-0.1196585478216587,-0.012910064170615382,-0.13281481424607078,-0.0003254044662907906
2022-10-19,-0.03191427000218279,-0.045783878795370145,-0.04615328151793549,-0.03960628502442591,-0.03584611808084439,-0.01268047379094022,-0.021134072043675844,-0.030238070401466727,0.20234053394825688,-0.005157805939486089,-0.01376042476496341,-0.02263026561504634,-0.04030912680569293,-0.034769148061039486,-0.045216039266158185,-0.12371024806514122,-0.013175347243959384,-0.1369263898728011,-0.000335700747344621
2022-10-20,-0.03162990746148612,-0.04551890573046219,-0.046044220354329965,-0.03951346965862438,-0.035283024978879376,-0.012541096656415424,-0.020776527889365858,-0.030016333549880047,0.20222991417337174,-0.005110517350453444,-0.01352757926988722,-0.022544110335097168,-0.03980890228298501,-0.03448033206586252,-0.04414714427559635,-0.12221240958345202,-0.013187272926877753,-0.13810664052837496,-0.000336139928491032
2022-10-21,-0.032207453243385364,-0.04618206136690821,-0.04694907297366053,-0.0402218856065185,-0.03564010202071412,-0.012802180857735638,-0.021392941445530222,-0.03052532450152892,0.2066807824370837,-0.005189726443409139,-0.013604136939750395,-0.023044034891682677,-0.040376312581915236,-0.035083062324637114,-0.04497188392348081,-0.12484357028271235,-0.013503404173076985,-0.1413966745170305,-0.00034392097713347597
2022-10-24,-0.03389240703559904,-0.04375808490929535,-0.045145502317482405,-0.039777386652649405,-0.03275059566094831,-0.017229808457202178,-0.02506331054820243,-0.027785848322516727,0.22021508210865234,-0.003968558200033021,-0.013142706675919588,-0.03977710630968899,-0.03939986050772803,-0.03426137975836292,-0.027786159977506837,-0.11742023234401992,-0.029595329892340518,-0.11806013755679089,-0.0002934658323144416
2022-10-25,-0.035092007859814325,-0.045725494680228,-0.04723014452479231,-0.04151510671319832,-0.03395426086129183,-0.01778990034414532,-0.02489057950681026,-0.02864436653397552,0.22727821779319526,-0.0040915792352410815,-0.013455468761275301,-0.04116052458127529,-0.04065317142086158,-0.03539342689394842,-0.028680790857259907,-0.12082313718886394,-0.030638075970144167,-0.12199834100693495,-0.0003029532958676834
2022-10-26,-0.03628699546693033,-0.04720496621056484,-0.04851595372247244,-0.043057352463220414,-0.03544284899751227,-0.018475775589840062,-0.025500767425962734,-0.02939233898198676,0.2311724332754503,-0.004209421608381311,-0.014070540589259453,-0.041994753792335165,-0.04186144725072974,-0.03631134223794438,-0.030288394710294216,-0.12305160526877544,-0.0313069402788599,-0.12260880745122525,-0.0003078397401134867
2022-10-27,-0.03742061892341862,-0.04830707046468297,-0.05000827852384888,-0.043416103712652025,-0.03672618411283911,-0.01923062949350526,-0.026724662567390617,-0.030441521833355762,0.2385714575780187,-0.00436252172447526,-0.01471737642297664,-0.04323609812783733,-0.04336104318811174,-0.03754343361495596,-0.03121161199027153,-0.1276878650228371,-0.032885785319745224,-0.1251091617646445,-0.0003174184026503173
2022-10-28,-0.038371764359575185,-0.049570794522009624,-0.051929063941979964,-0.04397559455392379,-0.037897743849757144,-0.019653984811395846,-0.02735691885121274,-0.031564296751169785,0.24664305454331878,-0.004532535948991179,-0.01534245384604311,-0.04495091209339048,-0.04494197225447694,-0.03901721567384638,-0.03224766530591974,-0.13152766441917374,-0.03398035294718046,-0.13007760833884782,-0.00032747083049988946
2022-10-31,-0.04761639661526658,-0.05962091164078703,-0.06322707010477227,-0.04534409935957227,-0.047277536436091686,-0.029173526789147825,-0.028721818820584562,-0.031145755011560125,0.2329112133079657,0.007548510597062791,-0.006106155297485149,-0.010113979372988828,-0.05509630041997105,-0.08632147827650352,-0.060844501172997355,-0.11805027267025213,-0.019876429115643388,-0.11987685423289182,-0.00025153303109288106
2022-11-01,-0.0479548210665074,-0.06000705338788319,-0.06387332515852873,-0.045435308704957766,-0.04797442870874668,-0.02929946708371314,-0.02903324999538627,-0.03146944073014147,0.2357760552253947,0.007617979971830638,-0.006146290356425042,-0.010239111459125285,-0.05555511777540757,-0.08619795890187526,-0.06161729242971551,-0.11870257390830478,-0.020007352934990678,-0.12255135088308769,-0.00025500409801468645
2022-11-02,-0.048770499581670554,-0.06070201875928677,-0.06469685133024108,-0.0456918126215102,-0.04880979370008183,-0.03000495946846226,-0.03004212764361717,-0.03203325172166948,0.2393208375525534,0.0077386783146389075,-0.006303160714751227,-0.010401259915460924,-0.056851646839144954,-0.08810624148119967,-0.06258222050654409,-0.12183563667886808,-0.020635525693293914,-0.12447403997340563,-0.0002590911162502171
2022-11-03,-0.04554078808534582,-0.05641728248331974,-0.06072373390977301,-0.04206668422871249,-0.044988631092313144,-0.028188595232094403,-0.028401796840633105,-0.03048702073862198,0.22804081510419066,0.007365048910420872,-0.00598296823640866,-0.0098935520110682,-0.053937935116916504,-0.08323037488093729,-0.05802216377523381,-0.1153407658328627,-0.019850086072096634,-0.11917979510509437,-0.0002470015969836617
2022-11-04,-0.04622248471109458,-0.05717237804179758,-0.06188844061829904,-0.04223180048120174,-0.04575624567664869,-0.028618099385509466,-0.029249816082948115,-0.03110112554396064,0.23306350380736596,0.007508395895497204,-0.006093063292057645,-0.010017645417584911,-0.0550322113419302,-0.0846141395558185,-0.0593294707882045,-0.11765107930712547,-0.020309249074126214,-0.12304333776037811,-0.0002529117112982417
2022-11-07,-0.038487669108941094,-0.05077202176769092,-0.05342462396049125,-0.038216688881157736,-0.040611566908506605,-0.020950419832397673,-0.02172349696689996,-0.04552899588458815,0.2636636229922753,-0.006973507675399271,-0.016683310096167605,-0.02072002508803739,-0.06172631445746072,-0.06728269957111972,-0.06386971610433954,-0.12151528853411447,-0.01591441315881323,-0.10794243987991291,-0.00026359221273028184
2022-11-08,-0.03977233901261267,-0.05263615733919628,-0.055585775382625394,-0.03967591647758074,-0.04189278063774379,-0.02158112278310909,-0.022320033145385994,-0.04660475498552753,0.27051945443508413,-0.007135749014709555,-0.016961057859061712,-0.021303509835934775,-0.06315440313099799,-0.06908266886380095,-0.06558736085740492,-0.12428875285418929,-0.016200988048922994,-0.11021361981624737,-0.000270680983571308
2022-11-09,-0.040260893414240516,-0.05319777460175595,-0.056437143939300355,-0.040174714649708045,-0.042128986785694426,-0.021939981383045367,-0.02259819001675778,-0.047048521028564265,0.2722085430909025,-0.00722096047053469,-0.017236485415869772,-0.021445732680999037,-0.06375037273314613,-0.06937840906636389,-0.06613326988766377,-0.12782682053968566,-0.016088202081870603,-0.1103062405293135,-0.0002721010457065633
2022-11-10,-0.03939283812875196,-0.05193713409967625,-0.05517840660080696,-0.039123582608761996,-0.040842805412520194,-0.021565448568097313,-0.02213773436992401,-0.04695444410563107,0.27178543483729095,-0.007222718274142441,-0.017238489392035174,-0.021333418677779534,-0.06338559185599599,-0.06833286460808903,-0.06524819110346554,-0.12678350289729218,-0.01566768787016394,-0.11077678826358162,-0.00027124105586454907
2022-11-11,-0.03237795276909422,-0.04274294395686843,-0.04462203959551948,-0.03277254488376081,-0.03382302521023992,-0.017767316036671324,-0.01789598926689515,-0.0374158253296241,0.21317530254542638,-0.0057609125693618025,-0.013965210386657377,-0.01691861520561997,-0.051103633986701896,-0.054966377502703195,-0.054623610442427306,-0.10191548418632117,-0.012332980517749165,-0.08444223475006041,-0.00021159640933812583
2022-11-14,-0.02014265261675581,-0.027854403189241414,-0.030464432870908394,-0.019235438773634463,-0.02455854938857935,-0.00935510727248154,-0.010637351384797256,-0.0075570709711826264,0.14836851575224208,0.00961298466285121,-0.00069622315938418,-0.007022031468900075,-0.02347525789351994,-0.04318159449750548,-0.03424937255645156,-0.06634643836082989,-0.024184500791754264,-0.06934311730794045,2.0017965203437146e-05
2022-11-15,-0.0200591932901178,-0.02775333716367502,-0.030431235688241017,-0.019160921388965257,-0.02440340195536667,-0.009302039805275423,-0.01062525814672471,-0.007573005766858977,0.14897003685722038,0.009637123355510493,-0.0006979334652510414,-0.007004523138567703,-0.023471198294881184,-0.04307346861219265,-0.03357909759211095,-0.06681872217374915,-0.02394102630641052,-0.07000048381638166,2.011645421552719e-05
2022-11-16,-0.020912245193208317,-0.028900686149232194,-0.031462468363946706,-0.02005808894619457,-0.025570931145305686,-0.009668440246860466,-0.011222584613969064,-0.007877078456101966,0.15396826181000756,0.010024475985117675,-0.0007323004683846658,-0.0072793579537301515,-0.02457257677267613,-0.0448660209054701,-0.03504741209956631,-0.06923527235767746,-0.025007822820340517,-0.07202677311397013,2.0770932541534874e-05
2022-11-17,-0.021186403141610518,-0.029276682708230355,-0.032103436347031875,-0.02019577342954771,-0.025643451451838647,-0.009846813325416691,-0.011272926336676552,-0.008090662755540717,0.15718971571141552,0.01030831222880382,-0.0007638773389450872,-0.00744950048579606,-0.025297631124687924,-0.04570083689267653,-0.035451031779464716,-0.07051290587308873,-0.025243840261215202,-0.0733709244307797,2.1202913121736712e-05
2022-11-18,-0.021374417939025885,-0.029517386174849267,-0.032469621329483604,-0.020379224556935555,-0.02569295158664243,-0.009953647064431944,-0.011421392761151655,-0.008147825983121974,0.1587728537241854,0.010354122248792248,-0.0007643697175580632,-0.007482528572248195,-0.02544682936668016,-0.04601917835283639,-0.035607591748259455,-0.07079258743727274,-0.025103514325864586,-0.07448637866737934,2.144284635557952e-05
2022-11-21,-0.031850269268561784,-0.045904193505159466,-0.048941547591790605,-0.03335560280641177,-0.039553310325376054,-0.012996528371845662,-0.017045167271154574,-0.01939441486053532,0.22960755747492598,0.007616728940453491,-0.006113295913378069,-0.011506276591467203,-0.0385756152567401,-0.057611247678841376,-0.05803022980686141,-0.11857124281271525,-0.027425140742524147,-0.12157493620367296,7.459834811075203e-06
2022-11-22,-0.032586941658749605,-0.04705494180239643,-0.05030377140311531,-0.033963542420019185,-0.040480195403769265,-0.013270388133852846,-0.017314894321629182,-0.019940814802666667,0.23616417433365922,0.007831270505710771,-0.0063159257765550494,-0.011900313481713878,-0.03962694544486715,-0.05924703280087578,-0.060016262408945545,-0.12130531490480022,-0.028114316273460803,-0.12616280813543956,7.674748713181354e-06
2022-11-23,-0.03436879635705231,-0.04967523888437701,-0.053007701236934844,-0.03588829079294895,-0.04261683992710293,-0.01401574399469293,-0.018079605346637006,-0.020878852678606636,0.24618669971828408,0.008204288107856509,-0.0066724697498089566,-0.012446204103896269,-0.041645378547991246,-0.06216487479016481,-0.0628588876119953,-0.12650818350724868,-0.02958950506383956,-0.13060575309946193,7.994540593724177e-06
2022-11-25,-0.0358667268395767,-0.051764868678715624,-0.05505101093569053,-0.03753677590717166,-0.04424612654731272,-0.014673262794458389,-0.018876350859468247,-0.021749584518074107,0.2551563078438216,0.008541594208298014,-0.007030125172898821,-0.012959625630387767,-0.0435583842072105,-0.0647359806448772,-0.06514563135767039,-0.13182071164581194,-0.030217738578037737,-0.13384258337547844,8.278668414963292e-06
2022-11-28,-0.03586177433331527,-0.050923228340322355,-0.055374213229829945,-0.03393345479363756,-0.04495123196393639,-0.016573663491802525,-0.016599206006124603,-0.01927005369706777,0.2041729984385185,0.01423702998886794,-0.0009574038540785752,0.0032360113206235694,-0.0437000121535507,-0.08455434124233815,-0.06979395592465013,-0.09537185967381011,-0.022503712129233043,-0.12670539264314726,-8.299980920984017e-07
2022-11-29,-0.03415177247914237,-0.048423227765748166,-0.05272603976013006,-0.03230964815300989,-0.04256216675567182,-0.015808821166751058,-0.015968048587337375,-0.018590769707621923,0.19734626172149927,0.013763283493981218,-0.0009277720817799729,0.0031197686342381683,-0.04192283955682385,-0.08084658829706741,-0.06563831407416529,-0.09143194872721025,-0.021614189732779596,-0.12333841258853363,-8.020489962872808e-07
2022-11-30,-0.035216695474186176,-0.049744499881766886,-0.05425630923171786,-0.032996666342988326,-0.04392638499293355,-0.016315120820806092,-0.016785962983094163,-0.019062486167570093,0.203004845473356,0.014103378928666628,-0.000943531662652515,0.00319663453957047,-0.04292711924316605,-0.08355413667695788,-0.06866163267397317,-0.0945531728824509,-0.022531359778974042,-0.1271422163411851,-8.253510603386058e-07
2022-12-01,-0.036500041786618746,-0.05171051645492253,-0.05591722797277539,-0.03476914606558971,-0.04548168350665588,-0.01673369430002919,-0.0174053647136833,-0.01936042609709377,0.20518836673349522,0.014340874733197282,-0.0009578621595602469,0.0032691711467852996,-0.04378922273421145,-0.08546909169521515,-0.07077863201718147,-0.09650645413870224,-0.02321663565090301,-0.12710910917953097,-8.31769566072677e-07
2022-12-02,-0.0377160446027046,-0.05331663308345447,-0.05740646710462554,-0.03591950218140482,-0.04682616718901228,-0.017433349309036294,-0.017900109705245765,-0.020142683969501148,0.21217322961566001,0.014958807636304947,-0.0010199141362619874,0.003409384953965229,-0.04574789879517371,-0.0885152010245268,-0.0728731851024651,-0.10140790736993914,-0.023833195045536916,-0.1295491401533616,-8.58235706449773e-07
2022-12-05,-0.03755838307242473,-0.053133762222419445,-0.05821049328135954,-0.03567751571741071,-0.04694898711146636,-0.017339435473165722,-0.01751131942256505,-0.020274024422310896,0.23157879687710764,0.014210743560910023,-0.002025704610104659,-0.0032517390008217663,-0.04691492838387541,-0.0874172875104462,-0.07133136415724743,-0.1115789032426681,-0.0311459234735565,-0.13104792962349504,5.458560874693145e-05
2022-12-06,-0.03526736626289204,-0.04984514860108159,-0.0548482471226937,-0.03351042323027593,-0.04361455824712184,-0.01634652544095357,-0.01653803732442325,-0.0192154539872003,0.22060032137914565,0.013437835641989759,-0.0019080334257816618,-0.0030745006241918583,-0.0444365304264227,-0.08271324380796377,-0.06689808714265583,-0.10476144070835532,-0.0289826309412487,-0.12620897024513522,5.214518546199143e-05
2022-12-07,-0.035462580567709734,-0.049930778746524844,-0.055160777699395,-0.03335322910725872,-0.043649729444308887,-0.016539516731938528,-0.01678724010334653,-0.019587480301249856,0.224459835681848,0.013741683547009597,-0.001964243693895511,-0.003124253713885324,-0.04530127987865313,-0.08376390899199729,-0.06735295413583765,-0.10676771159240532,-0.028986976681292506,-0.1283649994461534,5.299873284448092e-05
2022-12-08,-0.03652673219199225,-0.05143591445662646,-0.05691699130441908,-0.034276688826527756,-0.04490958844395571,-0.017067127123478788,-0.017220697899767958,-0.020392355604742618,0.2321046398643839,0.014304133703708706,-0.0020746613635383923,-0.0032378143261059308,-0.04726617213174418,-0.08691119928744744,-0.06964015682853321,-0.11116947073103114,-0.02976241719295192,-0.13204124340672077,5.468939180631244e-05
2022-12-09,-0.03818479991919773,-0.05377826575690023,-0.05940090782486257,-0.03597988819206647,-0.04692710623542487,-0.017796129267302733,-0.01808131215745391,-0.02109160679628767,0.24055154544045695,0.014755456179753155,-0.002146381129409863,-0.0033580277082091462,-0.048878516199475676,-0.09023491504284592,-0.07275316207959547,-0.11542563521769955,-0.030824281406853647,-0.1365469361672289,5.6735441463195344e-05
2022-12-12,-0.023644706945064587,-0.050511212696026604,-0.05184075842575947,-0.03474884296198708,-0.048052777299772205,0.006227288377596467,-0.001228938029367192,-0.019284897569247405,0.33287221458402444,0.010424984746378612,-0.00953340259864971,0.0015912206485352899,-0.04711756127879901,-0.060268464681276654,-0.09087875171275561,-0.19202518492366635,-0.028877069297719608,-0.21967569984870156,5.537524555161693e-05
2022-12-13,-0.024768050716063594,-0.05319870725324941,-0.054665564478579516,-0.03653035676187343,-0.05047674689765592,0.0064847275578015715,-0.001272004981059395,-0.020026351178648434,0.34538781784014894,0.010808122334927277,-0.009929578534715221,0.001652217275470241,-0.048856277704157694,-0.0628147618629645,-0.09507922927693473,-0.19772081099980487,-0.030307129306984256,-0.22823633551851347,5.749264116166849e-05
2022-12-14,-0.023804528233395204,-0.05104571124860308,-0.05224099459665031,-0.03516258639150992,-0.048468181431237316,0.006263125270238261,-0.001220018931050511,-0.019198897617141778,0.32989123918589575,0.010385494219109163,-0.009547450228614699,0.0015780824992667785,-0.0469333836672594,-0.06043919182451899,-0.09222090775473714,-0.1915098220081727,-0.029339552731015437,-0.21543943829784165,5.4751413026038173e-05
2022-12-15,-0.023507704603576905,-0.05028062644205817,-0.05154823172283181,-0.034600006715542794,-0.04773369780831611,0.00620345346256748,-0.0012100924722632266,-0.019074913704787266,0.327077732425414,0.010323855847502197,-0.00950529238320249,0.0015605490407301233,-0.046569839654446714,-0.05957787841155649,-0.09080051237694646,-0.1893913597663349,-0.029310597997137356,-0.21258887701040763,5.427781752944936e-05
2022-12-16,-0.021932784657606195,-0.04691728138146713,-0.04823084024402484,-0.03198389926840038,-0.04451480026273405,0.005782079834748863,-0.001130780387875324,-0.018272055297051816,0.31289429595130613,0.009894046535523445,-0.00912734401175491,0.0014929372500564228,-0.044581780250929993,-0.05677163775394019,-0.08568978241764229,-0.17819043380584315,-0.02769620944848444,-0.20523074854940276,5.1917062710120914e-05
2022-12-19,-0.025398231746280375,-0.04788135498121832,-0.04973010644721502,-0.03518309466918954,-0.0425054802691999,0.00014258956954369052,-0.004637806915119301,-0.024173957812686962,0.26223783262667766,0.005535575390191807,-0.009516584548693257,-0.001137633955990979,-0.04804156349303835,-0.060841381935317324,-0.07069683899677377,-0.15507889140829367,-0.018624478420939568,-0.18583502336158023,-8.08669172563759e-05
2022-12-20,-0.025417700828080123,-0.04780444919092001,-0.049832830958089415,-0.03492913740246802,-0.04222087587284966,0.00014322692284232744,-0.004673661317872423,-0.024192091433676267,0.2637315900594312,0.00552873105601932,-0.009421521801478157,-0.0011415805093884352,-0.04788670309056321,-0.06095110737988798,-0.07028113131514573,-0.15571396725215203,-0.018718454263034333,-0.18717001210041206,-8.142753076567847e-05
2022-12-21,-0.026316697559984774,-0.04945165039383839,-0.0516367097884784,-0.036055218790297425,-0.04384673864759584,0.0001485490875660583,-0.004826818174627199,-0.02482190461920395,0.2724461549188753,0.00566996114884196,-0.009560015293979615,-0.0011789722015008743,-0.04888709787640215,-0.0628039279301353,-0.07241979617631478,-0.1635286486774292,-0.01942571388773395,-0.19204593282211926,-8.411816596050659e-05
2022-12-22,-0.027459147795749032,-0.051691642144656616,-0.05402587263636712,-0.037671828653678366,-0.04593584273372182,0.00015457807872714554,-0.005015781476266571,-0.02563437430632397,0.28086746146442826,0.0058466938619074925,-0.00987058000158484,-0.0012207909419267328,-0.05069317048515934,-0.06523205027860116,-0.07522441866314714,-0.16813877597699242,-0.020264043156484092,-0.19828416280492955,-8.663305358497316e-05
2022-12-23,-0.026389633651624198,-0.049565278706048384,-0.05202705504595523,-0.03574843155808604,-0.04409944457193831,0.00014913802482509342,-0.0048356216848949325,-0.02492801883514765,0.27304374550800203,0.005685566698922865,-0.009599672496601314,-0.0011810123607113468,-0.04929758605674817,-0.06306296625468052,-0.07286652036447568,-0.16157897670803129,-0.01946114395066188,-0.1931553201013044,-8.427158693286247e-05
2022-12-27,-0.054821120903810375,-0.07487697789996081,-0.07899918943301691,-0.06284982190392537,-0.05890480800172451,-0.025362291328483458,-0.033091067369276285,-0.02689624096478813,0.15711861840217115,0.010280032967640051,-0.002920685043871835,-0.015039945498714182,-0.04916175942238447,-0.08585466053704284,-0.05220482945937956,-0.11752818667856955,-0.017951132696180944,-0.19923946157070402,-9.843720856155776e-05
2022-12-28,-0.05578231315424033,-0.07591614336580432,-0.08051929789317877,-0.06306986429049213,-0.059556473135040644,-0.025855256017342634,-0.03418215227717896,-0.02717907132545163,0.15971353865892957,0.010376359657466229,-0.0029141593299059788,-0.015238886815912308,-0.049396349953333044,-0.08648622045609172,-0.05311961279851452,-0.12063951600063644,-0.018436262779849062,-0.20273180780096214,-0.00010019846728197554
2022-12-29,-0.05369160352688951,-0.07310846629657965,-0.07761950016715344,-0.06068967530779443,-0.05717374236388627,-0.024944927907009123,-0.032845612682579156,-0.026456939503127358,0.1557422824544377,0.010094097602557679,-0.0028249572107125315,-0.014843221812194935,-0.04801770667777238,-0.08320163558964772,-0.05091575968749824,-0.11710976784359754,-0.01777437809264288,-0.19839772386355328,-9.770704552640433e-05
2022-12-30,-0.05668449266863746,-0.07722959783350877,-0.08140058903572171,-0.06451220710434338,-0.060831657763770725,-0.026293490338648393,-0.03465166987875786,-0.02755594207946961,0.16173176460865238,0.010525988476699921,-0.002964707676272968,-0.015466424292060695,-0.05018228340736029,-0.08745502606847748,-0.05399161593719607,-0.12220410628669995,-0.018421698271113413,-0.20462873852185123,-0.00010138974969581156
2023-01-03,-0.043881060806126075,-0.06372070478599996,-0.0691914427762904,-0.04712050302627952,-0.05412821675603688,-0.01731874462857933,-0.02154634676400428,-0.03300095488053993,0.2979909138451541,0.0072557917671230866,-0.00947128079449723,-0.025821254030617448,-0.0612790871463894,-0.0911434969677661,-0.07189555676346698,-0.12339531876550704,-0.0407990553411196,-0.18598199127354537,-7.142662595631477e-05
2023-01-04,-0.04437047664964408,-0.06414503947161258,-0.06992348710031877,-0.04731281763646972,-0.05441774506090508,-0.017662478259547056,-0.021965430324192684,-0.03355722239607589,0.3015032073005574,0.0073924248254742956,-0.009757381340312368,-0.0261962817556639,-0.062376873875392556,-0.09231348647542362,-0.07275077844174245,-0.12578635297755025,-0.040257192299012715,-0.19004017397264253,-7.220624779391789e-05
2023-01-05,-0.04614430044266004,-0.0663800058547205,-0.07209591817076862,-0.04881767079439118,-0.056578474742801005,-0.018378886443516762,-0.023235317552284744,-0.03465113108815788,0.30992293172578933,0.007649581006886567,-0.010157266165599884,-0.02691897079179404,-0.06452032049328035,-0.09589037646453465,-0.07640100337296443,-0.13038757045301771,-0.040601849092860645,-0.19446073289151014,-7.414963577791167e-05
2023-01-06,-0.04537405110856008,-0.06519426429875078,-0.07090619250549313,-0.04773997399026229,-0.0556074333024907,-0.01807666639716001,-0.023013374959319554,-0.034397003927851784,0.3074846277286347,0.007588738501242043,-0.010133194115523025,-0.026750861067919164,-0.06405144844735129,-0.09507329621187313,-0.0738618396700241,-0.12792400527085457,-0.04013212543115873,-0.19498539080939334,-7.366588779841927e-05
2023-01-09,-0.05135991117898958,-0.06524950149056623,-0.06894324139971084,-0.05778012832604541,-0.04811106047505572,-0.028369952024572775,-0.03588214388552852,-0.03694357528562131,0.1864320521541745,-0.0042898152364397625,-0.012296268200435225,-0.0361740018522522,-0.04975429889137174,-0.058252542658763444,-0.035197646024234926,-0.11193182798331869,-0.01892946596546298,-0.13778098944573836,6.585658861032221e-05
2023-01-10,-0.05309720124858457,-0.06727157766528419,-0.07091074578948789,-0.05999035587137664,-0.049714003627749734,-0.029390286867011884,-0.037292236023375114,-0.03820620276350402,0.19250731695204093,-0.004436510565133881,-0.01275205714248299,-0.03740265000595572,-0.05152848871122309,-0.06030664657663219,-0.036321910856795085,-0.11572526664095657,-0.01975844246136123,-0.14126534206072064,6.793598472615761e-05
2023-01-11,-0.05539019496223505,-0.0702742188322502,-0.07398555572829651,-0.06275832810164703,-0.05233378675119968,-0.03057743160147133,-0.03896337015651886,-0.039481971952070274,0.1995280549789581,-0.004573326628635626,-0.01300953591915037,-0.038642141821705465,-0.053272166981920804,-0.06248540825819386,-0.03776369534543912,-0.12049003853294096,-0.020496612993487002,-0.146648669075061,7.047405634257494e-05
2023-01-12,-0.05585247414078015,-0.07101241984553912,-0.0743828836833505,-0.06370894271422367,-0.05287398674433793,-0.030743941072826426,-0.039043467303985245,-0.03964125834696643,0.19927671335233452,-0.004592982020449912,-0.013192982421115938,-0.038725043150848903,-0.053614416299134625,-0.06276496483194097,-0.03903361032705186,-0.12015246531972171,-0.020820913554050923,-0.14633831230129973,7.032491008098047e-05
2023-01-13,-0.05790567555357594,-0.07337790290213267,-0.07708671145665318,-0.06594680386179487,-0.055351482982233524,-0.03211976525588034,-0.04039458203848937,-0.04110827821110337,0.20562042995035762,-0.004770947255737708,-0.013850336480201111,-0.04018313394143049,-0.05582397152946688,-0.06498504066491562,-0.04069663573019154,-0.12513545135957105,-0.021612496085670528,-0.14919847524953428,7.240387017238473e-05
2023-01-17,-0.04986146558541255,-0.07305932073486841,-0.07825037800017784,-0.05465422765984325,-0.061157719440840044,-0.019736914961552082,-0.02320231292999987,-0.02037168939684484,0.2956847340124854,0.019161643725870172,-0.002558676027256693,-0.003984758646021213,-0.054368794754201165,-0.09905978477425184,-0.07550471466237682,-0.14135752876342145,-0.03220945674034028,-0.2017330473059082,0.0002446526058891659
2023-01-18,-0.049723275753982,-0.07277204289726215,-0.07720255620765808,-0.05464988492602671,-0.06095401168661231,-0.01975682643847475,-0.023024558605083848,-0.020292206526033925,0.29524342990581476,0.01906144909999927,-0.0025367894093160912,-0.003964979428664424,-0.05405795980968747,-0.09851603833521343,-0.0755594534108785,-0.14013687639138378,-0.032362103949739825,-0.2018948946400387,0.00024413788007482447
2023-01-19,-0.04882492033755884,-0.07110657519296741,-0.07524689537673022,-0.053550432547686884,-0.05953617627035085,-0.019545030758973236,-0.022702664407771654,-0.020345826193335203,0.293760057801608,0.019180953873150747,-0.002579521067023432,-0.003963390570016838,-0.05429706192716197,-0.09792080256166213,-0.07392022624666363,-0.1387266775330862,-0.0317811646973962,-0.20043883491071887,0.00024237716524242486
2023-01-20,-0.04861339694270732,-0.07056170184919647,-0.07468925099714295,-0.05300388082025858,-0.058943323186127605,-0.019507003966812167,-0.02286637350465548,-0.020291538799470803,0.29357490048764395,0.019137121833455797,-0.002562384331640759,-0.003986303812569284,-0.05416400177826168,-0.09730699010490475,-0.07348468414930769,-0.14087368735232114,-0.032090581553305984,-0.19985240537027946,0.00024228364375484713
2023-01-23,-0.0381055367065929,-0.0637485338839206,-0.06708899139090169,-0.04582995600489694,-0.05940903530482761,-0.004849258169453484,-0.01598974894050278,-0.0063762551999174445,0.35337228721048036,0.02335591565775339,-0.002048877794219558,-0.01965656321167759,-0.041452476646062525,-0.07635677582788437,-0.08121088224787798,-0.17365615006900514,-0.06507181878113029,-0.23418677180064382,0.0002624969074560944
2023-01-24,-0.038558118901457106,-0.06470955309738202,-0.06779715780170109,-0.046990531395825146,-0.06032711103586776,-0.004883865423729892,-0.016153661286997672,-0.006379665180528022,0.3540996987631372,0.023351333222236675,-0.0020454313305588423,-0.019698180090974106,-0.04145815337841927,-0.07657889160065853,-0.08182933583426111,-0.17451442542849718,-0.06542573752873793,-0.235241147761395,0.0002632949465179109
2023-01-25,-0.038490675456231825,-0.0646127471280901,-0.06795592597738752,-0.04687472891653739,-0.060172822810709466,-0.004875636291068527,-0.01615835069476306,-0.0064050688308772636,0.3540798475005976,0.023476037497905947,-0.0020739672178145953,-0.019802299612583167,-0.04165865690305655,-0.0765967269002924,-0.08199898756656632,-0.1750717831757389,-0.06503400342843332,-0.2348848844717947,0.00026318351468631175
2023-01-26,-0.0385999530639309,-0.064670151019643,-0.06803517133449671,-0.046794714670176644,-0.06037118119128194,-0.00491033580641431,-0.016182018261845964,-0.0064160236507096345,0.3544784385953996,0.0235140773735957,-0.0020800633683984915,-0.01985239039999796,-0.04169884097073611,-0.07662596909283295,-0.08207825156061102,-0.17596807624890742,-0.06488526655305853,-0.23423493116719768,0.00026331859418204484
2023-01-27,-0.03906013623483692,-0.06560250224838007,-0.06867861862609542,-0.047868801492649764,-0.06093449875692099,-0.004931102762051842,-0.01639113821066662,-0.006426871433623431,0.35546233484713996,0.02350843775132641,-0.0020774045611568702,-0.019917860875721182,-0.041825087729603576,-0.07707739683622308,-0.08327928103727762,-0.17496567405179325,-0.06539234272139757,-0.23563018276733494,0.0002642111017727859
2023-01-30,-0.037367818036816075,-0.05716098840734774,-0.06216893177280423,-0.039424294907423954,-0.05330287032049985,-0.01004079668816609,-0.018038669039091036,-0.00802000209959792,0.37619757733417647,0.021356616033192475,-0.003253551622820044,-0.03232164050917235,-0.04327302703664797,-0.07797039060896077,-0.07082277868254618,-0.14713361913796638,-0.07675960978396272,-0.18977680148555826,0.00021920037642771326
2023-01-31,-0.036842180581937285,-0.056327966628057155,-0.06157548174729959,-0.038547912645603595,-0.052452730603706324,-0.009955814655317412,-0.017639913013283243,-0.007981948744268453,0.3750579805758817,0.021246060193732805,-0.0032350089911675297,-0.032098678191624236,-0.04302008337309338,-0.07738126533172185,-0.06977774314394322,-0.14645478838090925,-0.07561247096010572,-0.19007676844897503,0.00021875052139081518
2023-02-01,-0.037361506745938265,-0.05733935783366146,-0.06246377042257628,-0.03925097270595045,-0.053898773898682625,-0.010045282093171288,-0.017658022221736076,-0.008040425491441577,0.37695141737294374,0.021422118279524643,-0.0032713221168715933,-0.032213405873739304,-0.043467683782926834,-0.07823398228450656,-0.07146905162001181,-0.14745839339550865,-0.07715781984585121,-0.19027095584378564,0.00021945157221469298
2023-02-02,-0.037770936537544084,-0.05799272513749911,-0.06251852021311115,-0.04012073800335539,-0.054787603330652,-0.010142827838471286,-0.01788932513654058,-0.008103271231256069,0.3778935518853728,0.021592565094176206,-0.0033131604377982064,-0.03245446324381629,-0.04394226151590525,-0.07911587141824494,-0.0719631490852801,-0.1494292458090886,-0.07575713434590178,-0.1886157324397932,0.00021961815894650446
2023-02-03,-0.03807160855246723,-0.05882666832071897,-0.06242693055953855,-0.04155341353599568,-0.05585676671255846,-0.010127012479931335,-0.017779409467730288,-0.008110707387726016,0.3778738695050139,0.02158013541528569,-0.003316869704996636,-0.03240430133850126,-0.04399753955146764,-0.0795554719176414,-0.07358406013108613,-0.14630278193831575,-0.07518515219862526,-0.1898285386044853,0.00021957986055675706
2023-02-06,-0.029371642645698314,-0.03958552287359936,-0.04264284613099205,-0.02935702276375876,-0.032750333554115066,-0.014383648509221745,-0.017476822347979964,-0.018727444327048974,0.1740311118933166,0.0023530856652714477,-0.0068306006319163275,-0.01465046655212762,-0.03209849051993062,-0.04416082739076854,-0.04251792916516143,-0.08613857037293603,-0.021082346685159997,-0.08905669057998508,0.00017383099460563107
2023-02-07,-0.029821003527589783,-0.040278768363722385,-0.04359204577821092,-0.029800582056894554,-0.03304370206998556,-0.014575027882573012,-0.017629629140471937,-0.01906694612010512,0.17766494959194187,0.002388249117159083,-0.006941185577148013,-0.01493909821053619,-0.03260876987686098,-0.04492052421867158,-0.043211336221071865,-0.08836904743305624,-0.02164744923771508,-0.09169843000830402,0.00017796283847460755
2023-02-08,-0.031228890562287295,-0.042281840112625486,-0.04557481472483338,-0.031518487865321035,-0.03449313348802,-0.015230513010345142,-0.01834000114627975,-0.01972292458194471,0.18418314888826476,0.0024685762762246023,-0.007134582715038096,-0.015519782842299637,-0.033677608664236226,-0.04671125517941377,-0.04467652965937131,-0.09165037429528933,-0.022856876304977125,-0.09484594914365303,0.00018440124183761666
2023-02-09,-0.03178882787288919,-0.042937749651526885,-0.046505750114798114,-0.03178587417229989,-0.03489759012127203,-0.015541258676850068,-0.01880713308478732,-0.02027892307041461,0.18917801194696335,0.002543943801200501,-0.007360222826641602,-0.01601736002434328,-0.03461293510712609,-0.04775883023967666,-0.04565460629318558,-0.09433368455898117,-0.023516695620403344,-0.09748684879009248,0.00018933213007376554
2023-02-10,-0.03152314084990607,-0.04239553911075571,-0.04600069111398545,-0.03137913648808269,-0.03425504019014222,-0.01550760065229076,-0.01882014814536696,-0.020118562397863998,0.18828364769295478,0.0025223943573336773,-0.007261384250034251,-0.015872618202164412,-0.034184906574878375,-0.047260812221680715,-0.04497561767562043,-0.09321355279596272,-0.023238735637802897,-0.09695848395591286,0.0001885760657704553
2023-02-13,-0.06673655373959109,-0.08198635824021182,-0.08862805603298304,-0.0650155772294709,-0.06318836106415031,-0.04037873467029693,-0.04421264575320979,-0.03814078028038505,0.19037006447522242,0.0035840544575764877,-0.0076853145391527974,-0.02588869159129213,-0.05871920641565565,-0.09421230198184924,-0.059171939767712595,-0.13113710113049992,-0.02450710172497446,-0.1478416472290116,0.0003179485504433001
2023-02-14,-0.06774826722281473,-0.083325284737806,-0.09003434803290139,-0.06635669443370257,-0.06423897918647468,-0.04096953384189853,-0.04477801508811551,-0.03843069001761622,0.1912812148625885,0.0036088629335887927,-0.007785160410120832,-0.02604967823425538,-0.05920469671749604,-0.09488035545699333,-0.05996911424461978,-0.13106365060205605,-0.024567751425149043,-0.14808809539069567,0.00031939175283646605
2023-02-15,-0.06792669080671662,-0.08346080566866694,-0.08985094763983517,-0.06698656699947202,-0.06434300160724564,-0.04112983552088234,-0.04479397566731991,-0.03837438348583562,0.19127955928306548,0.003600024204474376,-0.007783456093628578,-0.02601693190385702,-0.059180193495521845,-0.09510385087695876,-0.05961759255894553,-0.1314362527331644,-0.024700156994123812,-0.14829085813596615,0.0003200585142134884
2023-02-16,-0.06825721363374246,-0.08408431620248892,-0.09036670539423795,-0.06778389032341915,-0.06526834491062007,-0.04111813956756021,-0.04460444100131191,-0.03846149244195678,0.19210845084820286,0.003604342667228329,-0.007743331455567198,-0.026126450316928958,-0.059203469772410464,-0.09535133099059093,-0.0601078984312837,-0.13067430254672685,-0.024539391955254702,-0.14992994802916057,0.0003214058022294757
2023-02-17,-0.06728154369932203,-0.08257716951432112,-0.08886135229378192,-0.0662317242168923,-0.06437168404430973,-0.04074358928194525,-0.04442756451219863,-0.03813949352775472,0.19132255645024715,0.003577248124816654,-0.007601463011595763,-0.02595344673777375,-0.05848229567835324,-0.0941886350850118,-0.05927198367443253,-0.1300171015168356,-0.02436501663309701,-0.14951095825581828,0.00032005155219334586
2023-02-21,-0.05453988260204425,-0.08029227318770203,-0.08561956583148925,-0.05996324180845884,-0.06814966405340007,-0.018555194390293635,-0.026924681699774695,-0.01116481891064673,0.2950356005208193,0.025636183009967676,0.001028741127365122,-0.011868984003394796,-0.04816351010412362,-0.09757494830749565,-0.07791775773306354,-0.16744659144020588,-0.05073434298143223,-0.24206246308285598,0.00013078738203181045
2023-02-22,-0.05327709210008724,-0.07819593807244109,-0.0833203253812144,-0.058182284709573276,-0.0657301192999821,-0.018238147206982688,-0.026421328009897018,-0.010991747088086529,0.2926368135035574,0.02520048612873856,0.0010025190489649663,-0.011743041867292914,-0.047186533814915416,-0.09547706002712797,-0.07588240598985758,-0.1657912667784934,-0.050484643067045365,-0.24133929216309863,0.00012998019544529103
2023-02-23,-0.0531333199750003,-0.07808765718276223,-0.08313617415274868,-0.05822543058828428,-0.06590853547270771,-0.018136763068214334,-0.026293029539631092,-0.011021116474008621,0.2927793360681998,0.025245250097390926,0.0010116998900468693,-0.011736377708808457,-0.047320365518706525,-0.09610069084899375,-0.0751958596644929,-0.16485735765081527,-0.04982894813768332,-0.24210849265600462,0.00012997933884400064
2023-02-24,-0.053378337120253416,-0.078485509238899,-0.08340681399055683,-0.058720861581453156,-0.06636364902929967,-0.018226166975825745,-0.02641525300872331,-0.011058272749778617,0.29289449398257733,0.025337358537381692,0.0010213577866573802,-0.01177216854923701,-0.04768087575963355,-0.09702850302092432,-0.07574341208743605,-0.1647331093097907,-0.05019826789268899,-0.2421400300592764,0.00012995030936842185
2023-02-27,-0.049932556090309985,-0.07591670507384392,-0.07992922345472937,-0.05665014359118881,-0.06623521368056633,-0.01357702592362693,-0.025710306227639798,-0.02040252903251652,0.30227741163828464,0.015122321683141194,-0.005814352422240957,-0.03116748771494425,-0.05125846280548692,-0.0824065015057562,-0.08011139846707596,-0.18167826012454427,-0.06120789782053589,-0.24056124865821682,8.775986468315957e-05
2023-02-28,-0.05031221171273082,-0.07630437555979107,-0.08029407244818147,-0.057152536886914816,-0.0665810102544361,-0.013761570029226384,-0.025888364379957875,-0.020477086834479897,0.3030516235895814,0.015194035277591871,-0.005840358028768459,-0.03128477118289209,-0.051359921860935714,-0.08310263375807929,-0.08036889030448842,-0.18269964627630964,-0.061363442285076425,-0.23970029179915564,8.790861507093437e-05
2023-03-01,-0.05001896765437123,-0.07597335461362323,-0.07963508671819124,-0.05704184754097931,-0.06654163041921574,-0.013652300136067863,-0.025690240198113605,-0.02046178824979178,0.3027815261466567,0.015208064833472975,-0.005863109855330703,-0.03138172759975103,-0.05134619729774881,-0.08289337026230721,-0.08020480011654602,-0.183413729582068,-0.06150509956834864,-0.2402219977614232,8.785195595348881e-05
2023-03-02,-0.050108973623944404,-0.07565517306687575,-0.07971175342109041,-0.0565632818678558,-0.06660294873000207,-0.013720286016771612,-0.026231996230508186,-0.02033739800699712,0.3021202665002895,0.015081153964141203,-0.005798071696937591,-0.03125355104789422,-0.05100806035763261,-0.08262915347512159,-0.07916628531516869,-0.18440718462461314,-0.062544295987117,-0.23886962942240003,8.782088808025427e-05
2023-03-03,-0.05053367886508913,-0.07647458634044267,-0.08079441622021692,-0.05720420426763247,-0.06696429506058552,-0.013789493607657822,-0.026405809009334886,-0.020356753672584004,0.30314837936906214,0.01506461575037915,-0.0057640729948886076,-0.03137173927662687,-0.051206525294264615,-0.08298050720137802,-0.08033495093753415,-0.18485763939361113,-0.06250021815931515,-0.2408646746139608,8.808699029283994e-05
2023-03-06,-0.04782474794206333,-0.07867523590352865,-0.08324363995596244,-0.05269851594979655,-0.07018775675382505,-0.010846860914083725,-0.013137841384830921,-0.021712893797989453,0.2778763020534806,0.02200331259590864,-0.0007935705961178009,0.017500595558972598,-0.060179125625930384,-0.11578850431151796,-0.10816344315963736,-0.17737949765395947,-0.02545372452705605,-0.2522251398961358,0.00020774189786092268
2023-03-07,-0.04780809399018494,-0.07875467897656183,-0.08338713215215596,-0.05277502118949692,-0.06918342747359688,-0.010822744425826163,-0.013095473073876589,-0.02166608704841207,0.2778265847664516,0.021970966658580535,-0.0007876672093572054,0.017412140635033418,-0.06003376443379772,-0.11582520423775718,-0.10777452139929482,-0.17654076353110307,-0.025336879493300733,-0.25194860889063087,0.0002078077430186404
2023-03-08,-0.0468839271911127,-0.07726517790538408,-0.08164127704315331,-0.0519379394427443,-0.06813159387448575,-0.010603370990152195,-0.012829235289372255,-0.02155822810407694,0.27623234619205717,0.02189329683668439,-0.0007896126532950048,0.017238946655910598,-0.0596457378884495,-0.11458502077569596,-0.10487716117983809,-0.17282333930573018,-0.024726064380317093,-0.2541394023121302,0.00020705128503251518
2023-03-09,-0.04699753206662292,-0.07741309412170302,-0.0815699172003975,-0.05221203310132708,-0.06818367551258907,-0.010664333888470793,-0.012885848389856206,-0.02154200988283835,0.2761729541509151,0.02189254698265733,-0.0007906117779083532,0.017161416728780583,-0.059566468165311685,-0.1140765335958409,-0.106109959819539,-0.17279000686210796,-0.02459815912825768,-0.2541221677556441,0.0002071096142916268
2023-03-10,-0.04585911126648212,-0.07535584179625354,-0.07956240371346555,-0.05088269694400761,-0.06573853025709374,-0.010498891145829798,-0.012496662458728321,-0.021441081841941118,0.2747713318057768,0.021846191297554506,-0.000785992334571894,0.017064217645577195,-0.0590173537702169,-0.11250404458241017,-0.10282040531664034,-0.1730474682363379,-0.024096170152929777,-0.25131389265094073,0.00020539521038418965
2023-03-13,-0.06720371951097284,-0.09327818979801629,-0.09824722514474749,-0.07137908647276722,-0.07407196071402324,-0.03110143275467885,-0.0340611271567326,-0.03154135628078436,0.14010441697914108,0.014457873653854742,-0.0013949845007503274,0.002477955322237586,-0.06290661261701971,-0.12087860730930448,-0.08230430351012481,-0.1361942456006703,-0.013183366968673968,-0.23038163777998363,-7.542778333908759e-05
2023-03-14,-0.06689255127000676,-0.09295076325739526,-0.09776306755498171,-0.07175832273028845,-0.07271318574082461,-0.03082401382398131,-0.0340439103923757,-0.03172578889429172,0.14120640555921304,0.014602603546744152,-0.0013952361569475086,0.0024915409377594135,-0.06282815553958433,-0.11996930071658621,-0.08320980303751561,-0.13902877681241266,-0.013072470814124075,-0.22779218310865065,-7.527029892661691e-05
2023-03-15,-0.06909692355699719,-0.0962710160738454,-0.10066151206000319,-0.07479310208233353,-0.0754580759330888,-0.03182508508087509,-0.034704898481921,-0.032135099616206676,0.1433284029116464,0.014737816204265645,-0.0013982031231064447,0.002524591180893955,-0.0638226415347403,-0.123121032175162,-0.08559874665197806,-0.14083307576920787,-0.01314936826002745,-0.23209250574018994,-7.66912720501875e-05
2023-03-16,-0.0677866291384847,-0.09517340588872641,-0.09931653426659387,-0.07479606715025111,-0.07382975112185786,-0.030679606811622254,-0.03393334876714477,-0.03228740322200482,0.14342367692923025,0.01487334024607963,-0.0014178211790572875,0.002542123908163871,-0.06409964785942103,-0.12208381006929635,-0.08509357985469465,-0.1411970414643001,-0.012777047833576482,-0.23335631667989526,-7.629406215227012e-05
2023-03-17,-0.0695081669848492,-0.0977142068681111,-0.10137325321059616,-0.07745817582503145,-0.07551068623400903,-0.03143639487541932,-0.034762169321420094,-0.03244979185075739,0.1441325371499065,0.014872179077071612,-0.00141938169660128,0.002535975026505858,-0.0645799990488488,-0.12398808879067293,-0.08567178946004338,-0.1427547237438533,-0.01293175094292253,-0.23520624956487052,-7.698022921870558e-05
2023-03-20,-0.04373460318406371,-0.07299063476739634,-0.0764729135709895,-0.054452728922733555,-0.057674953969225756,-0.009638766064874623,-0.010657480590049792,-0.04071588769368048,0.21830258829481863,0.002585165385864975,-0.013410826567635351,0.0036738381839906166,-0.0757132501989123,-0.09981313667787622,-0.08635858936055969,-0.1768548408802761,-0.008351954869587485,-0.22683592887995427,8.037807651847815e-05
2023-03-21,-0.04441633994435598,-0.07412197634040756,-0.0778363242242388,-0.05496447042514473,-0.05876322458428905,-0.009846470495672338,-0.010759498099210082,-0.04078856245467025,0.21930798294063616,0.0025897538632665587,-0.0133703253700072,0.0036986526690458363,-0.07592885511777774,-0.10012122256920368,-0.08785400917940604,-0.17795334627669582,-0.00843396787148174,-0.22686346845392677,8.08465401729827e-05
2023-03-22,-0.04519980225817323,-0.07541899446127436,-0.07897714718935324,-0.055989848136021696,-0.060105357008775444,-0.010038205076944093,-0.010903207761312109,-0.040840388231803255,0.219422593213707,0.0025782926224092225,-0.013312586490808298,0.003706739511640603,-0.07662446501326355,-0.101652257380778,-0.08784286725980223,-0.17534716011751153,-0.008500087956171997,-0.22776025045211526,8.119508218372215e-05
2023-03-23,-0.04447425317894938,-0.0737342392619803,-0.07723960462467934,-0.054931158207708365,-0.05808627183293237,-0.009949562286899683,-0.010887213654298643,-0.04101109144080001,0.21925433743586525,0.002598167777303102,-0.013417456519121886,0.003737417064027374,-0.07665572291734417,-0.10120065506079891,-0.08410610554412343,-0.17737157396361752,-0.008476524379739794,-0.22483685093288555,8.07579442426697e-05
2023-03-24,-0.04451504236406385,-0.07380764959615016,-0.07726699542787986,-0.05548787329424075,-0.057729968443967696,-0.009934053882728493,-0.011019306921637093,-0.041039749043814855,0.21951959187439993,0.002608632646518094,-0.013394602837562032,0.0037378364416814185,-0.07674316222728962,-0.10063255879209218,-0.08343593029256416,-0.17928958863496325,-0.008439925116901215,-0.22477663704927883,8.06203908741516e-05
2023-03-27,-0.0497072048688085,-0.0737721863281977,-0.07758354652503774,-0.053912356367438435,-0.06178021844373405,-0.015970784692229567,-0.026167913787944853,-0.025104425868269095,0.2552500755257894,0.009529034669083352,-0.01121168276855331,-0.027591972222072787,-0.05742804173956885,-0.08201737255217456,-0.08528576396931353,-0.1489192220916749,-0.05544092678038703,-0.2166996916412285,2.5622059379612697e-05
2023-03-28,-0.050125736511889195,-0.07427097322947233,-0.07844367805874036,-0.05380440942257425,-0.06277208795369428,-0.016200337943109062,-0.026152876719493123,-0.024954973834733784,0.25540836098235564,0.009457650758040259,-0.011001763149744988,-0.027509710604996625,-0.057017828448704407,-0.08221625549771368,-0.08560427457240298,-0.1482610667267541,-0.05675499116289021,-0.21705849755382164,2.5747155771997114e-05
2023-03-29,-0.0501975073107921,-0.07414325580881023,-0.07836395279417536,-0.0535467694405117,-0.06271472485135642,-0.016215860224195078,-0.026540827704033147,-0.02493029840165456,0.2552628653336597,0.009456870407778541,-0.01102759379921177,-0.02761001101524754,-0.05695288767334427,-0.08221465489417146,-0.08544253491607956,-0.14955381649917196,-0.057051905456875864,-0.21639540359016937,2.5760699141174374e-05
2023-03-30,-0.05109439622775892,-0.07564130265193802,-0.07959763767194922,-0.05482785320321049,-0.06378149381347248,-0.016503570498899424,-0.026764414151342397,-0.025100044229419728,0.25659564728258494,0.009493325517830298,-0.011066946113423896,-0.02781761927036938,-0.057536369558762124,-0.08371068341537442,-0.08782427899764611,-0.14964358308945006,-0.05700455446320765,-0.21815192106233394,2.5904668571791816e-05
2023-03-31,-0.05162611531521287,-0.07625421873520778,-0.08011699815636411,-0.055470493551867346,-0.06383655070753139,-0.01673327387873345,-0.0270916415038119,-0.025184066838987842,0.25720030095117796,0.009529038282388215,-0.011142716246543666,-0.027907766070496144,-0.057744678950287225,-0.0843945671583629,-0.089172196635575,-0.15133371215130223,-0.057547881914916936,-0.2176210287332877,2.5962554820031907e-05
2023-04-03,-0.050277111777416325,-0.07879885056894682,-0.08290705365152333,-0.05246496214574246,-0.06610687560739242,-0.016314764193353544,-0.015369856304440228,-0.03599309669773879,0.2288659240966222,0.00982417994707941,-0.009724042237921542,0.016176233175176156,-0.07391528134924036,-0.11658942098992389,-0.11144055375238447,-0.15848234564492897,-0.01101655966397002,-0.21833145266508622,0.00025600042306648174
2023-04-04,-0.050716722924265864,-0.07932955369235031,-0.08397100194247689,-0.05248990816085734,-0.06632918944990167,-0.016492696246817953,-0.015445884931701672,-0.03625486509013413,0.22981252073799285,0.009899213960868772,-0.009798233252312692,0.016252378219606175,-0.07457834228037982,-0.11683890813095012,-0.11087689138196324,-0.16008911730917433,-0.011230158443170076,-0.2179464748859345,0.00025674617597917673
2023-04-05,-0.05043713837861115,-0.0787292916237024,-0.08330909914520848,-0.05220665840218628,-0.06503370428215179,-0.01646150475887395,-0.015414532224841173,-0.036315373404067715,0.22987693757832553,0.009942733272623754,-0.00982696080330735,0.016266429280012512,-0.0745217653695775,-0.11626033811951653,-0.11050408726760436,-0.16274231886713364,-0.011193429996439876,-0.21664190666229285,0.000256225021792892
2023-04-06,-0.05025951010541012,-0.07865118607615297,-0.0836648084672495,-0.05177552729341569,-0.06450078747500816,-0.016374000015278226,-0.01531861282451871,-0.03649802948621467,0.23055960115778212,0.010000759608814757,-0.00994589196507273,0.01633124336446341,-0.07488739207408196,-0.11579720496378772,-0.11009228596980582,-0.1628775997928958,-0.011253549883698963,-0.21762319235035507,0.0002566427926477786
2023-04-10,-0.03696835308306847,-0.07091605045982009,-0.0722515760529826,-0.04763605850863755,-0.06322555965466531,0.0022880171545885002,-0.006446360608798735,-0.029546947013796208,0.2535997098772108,0.007758653147253331,-0.013087671349385793,-0.0005705469945086174,-0.06501270104247786,-0.08506267627262849,-0.11283191055310841,-0.19142306373721932,-0.03419434101152634,-0.26541561451491263,0.00023290332030976373
2023-04-11,-0.03708020975769418,-0.0711568525017345,-0.0726517753690442,-0.04772178542315655,-0.06405309213613557,0.0022918385853585178,-0.006468180001104265,-0.029413421264578625,0.25330479863869365,0.007700389260911051,-0.012907115769669495,-0.0005678324396274956,-0.0648653401683318,-0.08518422746070198,-0.11362062417987429,-0.1904562632363368,-0.0342752723468916,-0.26757830546575373,0.00023345455703976294
2023-04-12,-0.03723561709571702,-0.07133366382412369,-0.07301645616293427,-0.04752057800758384,-0.06470273025392191,0.00230458452193848,-0.006521970256882523,-0.02949632684132337,0.25383517642902514,0.007714347565278705,-0.01296236473876959,-0.0005700703737179281,-0.06499131841835885,-0.08555567327823865,-0.11435389334594856,-0.1920847181820991,-0.03453636186202617,-0.267209992009837,0.00023397182747167186
2023-04-13,-0.037168473564841785,-0.07103125645340955,-0.072941655546753,-0.047093054742874785,-0.0642173315894229,0.002318900839406397,-0.006474871383663936,-0.029526946099342602,0.25407182297190756,0.0077355730452431295,-0.012946914293379786,-0.000570182975928082,-0.06484451751813383,-0.08551879108413864,-0.11378488897653478,-0.19299137523586168,-0.03480123626160141,-0.26572458303574353,0.00023393339829231498
2023-04-14,-0.03780973524973407,-0.07225158852147105,-0.07404010861895241,-0.04819992416540617,-0.06531854150638577,0.0023576435820024102,-0.006588883407182838,-0.02962865075425049,0.2552043298836242,0.007739635915112217,-0.01289458064925503,-0.0005709787923155825,-0.06520682008517267,-0.08643221748651084,-0.113877348331512,-0.1963521431220073,-0.03493509656313297,-0.2654925237986942,0.00023483320527038667
2023-04-17,-0.0526633391463387,-0.07678568365259734,-0.0820570708950917,-0.05295251601153972,-0.06056170280120636,-0.022305838577575465,-0.019167266995141936,-0.041963901388242075,0.21798598750340528,0.004739523282383614,-0.01197129551442353,0.0005316642264828972,-0.0803403566040083,-0.11903056123585389,-0.09264513993516757,-0.14014548642570168,-0.01859008041676628,-0.18560306490543738,0.00027286038724949857
2023-04-18,-0.05278457079739588,-0.07709660221564835,-0.08235646931591788,-0.05302174574487115,-0.061368736452803274,-0.022276468696521966,-0.019258147191519377,-0.04177199802871062,0.2177669773644531,0.004711502833672016,-0.011834326244924412,0.0005294872664694878,-0.0798702727728795,-0.11876890215845828,-0.09461701975133538,-0.13958541279394343,-0.018522616642609523,-0.1866275197690569,0.00027298574708148424
2023-04-19,-0.05288734488959075,-0.07715525931950912,-0.08233629324065325,-0.05303081370357838,-0.061114489042945565,-0.02240080727395286,-0.019236091690203662,-0.041835674884679645,0.2177374016508749,0.004719682289939323,-0.011877783995130104,0.0005300773293444431,-0.08014349338906784,-0.11886084694678554,-0.09441037554400476,-0.1401423042320938,-0.018562631906790496,-0.18597683591635028,0.0002730153412622701
2023-04-20,-0.05272833254722195,-0.0770683466862307,-0.08206137156168986,-0.05295511452692833,-0.06113484811208698,-0.022309319706079096,-0.019024720004544946,-0.041732307968370144,0.21734288570944407,0.004705105430277064,-0.011855021680696458,0.0005290375753006476,-0.07967030772506077,-0.11827284498196672,-0.09487885865508855,-0.1393390722715054,-0.018286656880354298,-0.18620092019749468,0.00027275390150661267
2023-04-21,-0.05248615492017842,-0.07657735419651533,-0.08173448111940099,-0.05250308683935504,-0.060763426225499545,-0.022288823609302826,-0.018978327946660347,-0.041883697212201566,0.21767416135082973,0.004728057597611917,-0.011945391595182925,0.0005302432879416248,-0.07989782675131468,-0.11805363415820733,-0.09385724056823393,-0.13975930741877943,-0.01811052480244549,-0.18602985303227054,0.000272503316081551
2023-04-24,-0.06509585641394655,-0.08498780396474062,-0.09096215032193287,-0.0610863839488799,-0.06504203914621619,-0.035974935658092344,-0.034156152365298786,-0.03394473901765875,0.20249969756990166,0.010246379588685609,-0.007505009942088475,0.0024215089010979655,-0.06848751020304013,-0.11632129252486272,-0.086856650086587,-0.1102013907287235,-0.013274988283248234,-0.16587679882730333,0.0002312805092780357
2023-04-25,-0.06523764330998212,-0.08522478420074493,-0.09129320405423579,-0.06106533610002776,-0.06511140630866931,-0.03613065029343214,-0.034136762994050725,-0.03413765106609773,0.20307554675419195,0.010314226061670342,-0.007590827568830724,0.0024350148846076845,-0.06890903911084512,-0.11685040662995877,-0.08668061616052108,-0.11072904982317124,-0.013404205774612397,-0.16562708907561421,0.0002316837468646652
2023-04-26,-0.06382990887976997,-0.08340071649713492,-0.08986374576564905,-0.05957678179832038,-0.06314737201659182,-0.03542635479472842,-0.03330828265101164,-0.034157243655505855,0.202722269920035,0.010357750656785208,-0.0076591709528094345,0.0024356210830987247,-0.06882229519172416,-0.11600849308184023,-0.08534279481375011,-0.11066696324349128,-0.013140148193667718,-0.16547059985222115,0.0002303820437447001
2023-04-27,-0.06337610984565674,-0.08266659857939884,-0.08881675785040932,-0.059663227358835176,-0.06225122451510994,-0.03523965897525259,-0.033346533128637265,-0.03387502372420719,0.20154759966630723,0.010270052268138511,-0.007542787876750301,0.0024159182309854183,-0.06820763353337593,-0.11503043590085713,-0.0841358886950464,-0.10956046126383134,-0.012880952975600449,-0.16417830243255604,0.0002293255036739796
2023-04-28,-0.06493552443098528,-0.08493224896934677,-0.09088056570709087,-0.06173614763702163,-0.06354679510481417,-0.035942867554970725,-0.03404648092190391,-0.03400100782095399,0.20263455031600688,0.010278076537484651,-0.007522853670019818,0.0024255266455452855,-0.06845812145235104,-0.11626351945182471,-0.08667141311073118,-0.11037198978717963,-0.012992361904517767,-0.165445142076139,0.00023101164955364962
2023-05-01,-0.07362917842939128,-0.09619825312815829,-0.1008790690716505,-0.07638414197168586,-0.0739322367762604,-0.03662436276404018,-0.04557174411271583,-0.024351892211473047,0.1502781156360303,0.014248154278779757,-0.002128214168084792,-0.020432069903524187,-0.05530172794613155,-0.10782469728477745,-0.07058731679087922,-0.13605379799144707,-0.04019380950081414,-0.21686472046753025,0.00027960561069930156
2023-05-02,-0.07355733059880876,-0.09613194222664698,-0.10071317752208028,-0.07632099464476796,-0.0739981670798331,-0.036581372703997736,-0.04543490234832396,-0.024110271377980733,0.14999818376189594,0.014084966556269937,-0.002067511430032839,-0.020268751202579864,-0.05442676085014651,-0.10736476431077582,-0.07008440414514051,-0.13548616350573062,-0.03986539025924343,-0.21802869593943214,0.0002796952688726768
2023-05-03,-0.07233204393362935,-0.09453135958377179,-0.0991350453262629,-0.07524135684032524,-0.07208190406436897,-0.03601494983985502,-0.04474599763640873,-0.02421157675085998,0.14966968329613356,0.014190257806829091,-0.0021074382356472796,-0.02031176547362932,-0.05478173106501935,-0.1066771945342678,-0.0685206581795636,-0.13734489435693348,-0.03874771088165686,-0.2162914113115495,0.0002781647549775491
2023-05-04,-0.07187256670944339,-0.09362403585413027,-0.09805211217304749,-0.07454319285345098,-0.07214721551205061,-0.03600958071336824,-0.04455348898077971,-0.024251533864391783,0.1496213696764518,0.014243544432449686,-0.002113367363555451,-0.020348309522520376,-0.05472106251394439,-0.10632648314376258,-0.06806299017137019,-0.13812812953822876,-0.03815020175697308,-0.21453294594890684,0.00027739895521169706
2023-05-05,-0.07160315546806999,-0.0929491486979136,-0.09722396990103029,-0.07427067163338123,-0.07133019014593779,-0.03593099864777721,-0.04490598539815588,-0.024219395537106187,0.14983874234741656,0.014238899741625495,-0.002092225618252555,-0.02034018929636259,-0.05456393473823823,-0.10599942882736745,-0.0686175784150527,-0.13908197831845806,-0.03829767742617044,-0.21473838692300443,0.00027736385660952803
2023-05-08,-0.04446885363334424,-0.07063771087710409,-0.07321201333591049,-0.05339552948190599,-0.06128145683971118,-0.0065477986461415115,-0.02402407997758149,-0.0040503455040815685,0.26329041367592865,0.01995791828824461,-0.004535563819148142,-0.0407090276771657,-0.03935033667189558,-0.0674555337323705,-0.07356922609655683,-0.16102245236915835,-0.08960705760260279,-0.2534230471666488,0.0001652277636831131
2023-05-09,-0.04449234415312329,-0.07066324838254698,-0.07310807094818468,-0.0535328823454734,-0.06114672657774262,-0.006550191474608431,-0.02403856047133751,-0.004028373480862897,0.2628989681974388,0.019837676089127846,-0.004472422373977686,-0.04056083928947651,-0.039071259985288334,-0.06727241725090591,-0.07315064737516967,-0.16123529855749708,-0.09004155454891383,-0.25381360065284303,0.00016524343054085801
2023-05-10,-0.04433666179908291,-0.0704045165017299,-0.07306327507414528,-0.053232532809452636,-0.06100836871105229,-0.0065283443830136765,-0.02390954125671325,-0.0040276407787095255,0.26302597713501097,0.019828058659237854,-0.0044596629565621035,-0.040530946970749465,-0.039085156951964274,-0.06714975008988132,-0.07289331656818401,-0.1624958956790195,-0.09037830952426038,-0.2548234206500921,0.00016536357160160152
2023-05-11,-0.04443636229621756,-0.07071565390841593,-0.07298398662314912,-0.053798250448357295,-0.06130232310907374,-0.006513399464237625,-0.02389132111933163,-0.004052654124383356,0.2636006801010895,0.019971300517906528,-0.0045018063029828945,-0.04065430925068167,-0.039383647767378176,-0.06753912897467318,-0.07357568393201887,-0.1622229287505167,-0.0900843347558906,-0.2543008696311853,0.00016532194038218075
2023-05-12,-0.04425187798578957,-0.07047508535758769,-0.0723936396217093,-0.05388399195290236,-0.06073029263416656,-0.006486645539004586,-0.02376634038398259,-0.004058104524162346,0.26332289613848664,0.02001211978023491,-0.0045418424054997466,-0.0406756865576373,-0.039470340661250124,-0.06731876081340771,-0.07264766031085353,-0.1605634796965237,-0.08838745464042753,-0.25552588292692185,0.00016504735126359496
2023-05-15,-0.052329437647747286,-0.07474122461594404,-0.08344997572117101,-0.04731440806067447,-0.06672589396447559,-0.018993638925965332,-0.02145115905465472,0.01559209785244457,0.23930383536710237,0.04632198666285169,0.015522022837535171,-0.01933548992881958,-0.04137709057867257,-0.14526165236660576,-0.07460222946216599,-0.10361155271558395,-0.11376240320406936,-0.2260913253335099,0.00012531836561548181
2023-05-16,-0.052755330785975274,-0.07509356905100449,-0.0836980300466914,-0.047630537042705166,-0.06762612118361484,-0.019163178354759964,-0.021873758438846383,0.015572469927178477,0.23963448949835078,0.04627776863321427,0.015380605698144532,-0.019331535452633743,-0.04120736980984173,-0.14540554572895176,-0.07456873173550152,-0.10396421914575582,-0.11521208173641743,-0.22573165193923805,0.0001254762388120646
2023-05-17,-0.05213022367777848,-0.07430341285622986,-0.08252019048195657,-0.04750015624533768,-0.06638216673484962,-0.018907790160861575,-0.02163380962158269,0.015476290189887294,0.23841773841903416,0.04595025016158968,0.015275124240304137,-0.019205699353632987,-0.04084236057013028,-0.14383112845033705,-0.07242098203681674,-0.10226788953320803,-0.11351547234057806,-0.22542086113574003,0.00012499122338450016
2023-05-18,-0.05287767885491293,-0.07557408868909757,-0.08399407265258452,-0.048310780857879335,-0.06819445578698337,-0.019088982719078895,-0.02184025993639967,0.015528580235498444,0.2393238447903212,0.04602616332011427,0.015305253916126848,-0.01929100130854874,-0.041038771431357875,-0.14492757266464465,-0.07376048388808487,-0.10241348941845269,-0.11542999545061963,-0.2269292289376044,0.00012560400182607241
2023-05-19,-0.05326413789758634,-0.0764792236713011,-0.08455390226073022,-0.049322306948861784,-0.0687680299206281,-0.019104600067744892,-0.021773566723726868,0.015492130148853296,0.23944053414790248,0.0458476275491444,0.015227120210121986,-0.019271875080760916,-0.04096134987220055,-0.14534245467626564,-0.07357539889226168,-0.10131953769181543,-0.11463925995633158,-0.22915343228397192,0.00012589556768058616
2023-05-22,-0.05211657440470588,-0.0795879313980031,-0.08227223933165238,-0.05582548217904562,-0.06683730246643022,-0.01486745828563006,-0.02398792113603684,-0.02175063718611866,0.25137066097129807,0.013626349090446544,-0.008250504244066398,-0.016863392521846834,-0.05768311812446879,-0.09582775558217535,-0.0998003179847192,-0.1612926639450188,-0.05473009877308599,-0.23477747469376994,0.00020486588192536868
2023-05-23,-0.05224270772858017,-0.07969294868445675,-0.08202948028469502,-0.056064087010036,-0.06771505858780194,-0.014885076072838012,-0.024206927090539884,-0.021750531879394755,0.251507840324706,0.013613641805791147,-0.008228632618378523,-0.016847624938624434,-0.057714141506850926,-0.09634183957532734,-0.10050027448622728,-0.16106193014256448,-0.05482831556662015,-0.2351580753289694,0.00020505294642592483
2023-05-24,-0.05144724630019731,-0.07858625044198875,-0.08124573423521582,-0.05520425775433248,-0.06721436085006426,-0.014627369612455665,-0.02376698310478632,-0.02171626914787386,0.25079946302305345,0.013599256264451198,-0.008230084779191127,-0.016853516372442482,-0.05767746360728706,-0.09557946119186082,-0.09928775497864818,-0.16082083220676752,-0.054897093163453696,-0.23518767221790393,0.00020450044709763085
2023-05-25,-0.050832390660538046,-0.0778038145554618,-0.08038661565648338,-0.05477107057105038,-0.06632050917352751,-0.014374433879905961,-0.02352441514650284,-0.021601767073830117,0.24980848415024706,0.013527371536197267,-0.008166986761681606,-0.016754781045451375,-0.057293705631774244,-0.09464981817946448,-0.09689118526372908,-0.15908754513969453,-0.054771138411159694,-0.23537201845316197,0.00020394188688882653
2023-05-26,-0.051050636522931535,-0.07849570877382582,-0.08034141788288408,-0.05611675364958392,-0.06581810227546393,-0.014357654295951422,-0.023480818668326055,-0.021527259420412025,0.24931529249795756,0.013445719933089725,-0.008148553985749235,-0.016682681031802815,-0.05711833320324696,-0.0946073656358065,-0.0969011454268541,-0.15759378631938584,-0.05391990760131034,-0.2365013307693537,0.00020398893757411787
2023-05-30,-0.06651684349864029,-0.08535543536819357,-0.09167078722457593,-0.06046685520584188,-0.06432180668477538,-0.038553455099185736,-0.03347605568388534,-0.03768298476042378,0.17828461994156278,0.00813624266105842,-0.006993133544435693,-0.001988167197314124,-0.07369851313320488,-0.1327896619090588,-0.08330740656132044,-0.10796455427129335,-0.017355142303272047,-0.1590366315168237,0.00020935851233577223
2023-05-31,-0.06618555997411384,-0.08531255251203397,-0.0915012244308265,-0.060687422785266475,-0.06402786801217779,-0.03812963693704562,-0.0330605754379839,-0.037900522980327436,0.17847713323559752,0.008192799596680497,-0.007056766025838742,-0.0019943406479559387,-0.07418671178474293,-0.13324598369378235,-0.08354873289427943,-0.10853699412132971,-0.016937273699885347,-0.15872946089463538,0.0002091736531084156
2023-06-01,-0.06565562570265224,-0.0847664545857632,-0.0911459084903264,-0.060290421223590955,-0.06334215269951556,-0.037702028253775284,-0.032723645585660585,-0.03800283598195945,0.17849835780084805,0.00821674794850431,-0.0071121529142609274,-0.0019952030494257106,-0.07436469767857834,-0.1327194268128179,-0.08389628719022459,-0.10861038113723041,-0.016732979557236616,-0.15887050623070684,0.0002089936112374163
2023-06-02,-0.06663419784898611,-0.0858261573485669,-0.09181073579495905,-0.06116815943234211,-0.06421773070893243,-0.03837592351114198,-0.03340530680999819,-0.03823133070274183,0.17930793552008029,0.008264085825374327,-0.007161280610883147,-0.002004339675044017,-0.07481447492119428,-0.1339133887970272,-0.08415616611802235,-0.10979356559840465,-0.017056717991670953,-0.15744908424556278,0.00020961478993300703
2023-06-05,-0.07500626941911057,-0.094598930107879,-0.09940566421545301,-0.0699755734082472,-0.06961662303183681,-0.04343992576932648,-0.0411559998314209,-0.02525986699498593,0.15495373361752796,0.018103362699693745,0.0012245593417566062,-0.005201800014693037,-0.06443435960001148,-0.13956475733841794,-0.0765104144154779,-0.13094789387222552,-0.03557530878056144,-0.16290789784731774,0.000350565371261668
2023-06-06,-0.0747673095773378,-0.09436759849315429,-0.09878280835479934,-0.0699877833173643,-0.0686469827231462,-0.04316589888047052,-0.04112377077007039,-0.02524389775454989,0.15490967714687537,0.018088179156506515,0.0012216300800056718,-0.005205803104606051,-0.06426218028511144,-0.1393785706227564,-0.07593805230416775,-0.13166640812891084,-0.03546246306268071,-0.1625365767808565,0.00035037950155906777
2023-06-07,-0.0752679332883184,-0.09475192946996001,-0.09898141108981628,-0.07010828122500558,-0.0705883256948915,-0.04360676846341368,-0.04156634613391039,-0.02532257947211499,0.15512633025662514,0.018133566097831882,0.0012311543534703994,-0.005218552266747665,-0.06450997746339082,-0.1398670178064166,-0.07681079044339736,-0.1320602633849997,-0.03557661364443104,-0.1633578604200533,0.00035104213763258104
2023-06-08,-0.07495290057501289,-0.09453245620372498,-0.09938956962629589,-0.0689978089330987,-0.07199143257390618,-0.04327276451470301,-0.04143517835181973,-0.025217340304244124,0.15518947808598815,0.01802193571014589,0.0012142681334896173,-0.005200304965676195,-0.06400598728025336,-0.13925803952030244,-0.07831190736963338,-0.13062359191018358,-0.035758759900663725,-0.16360213687098368,0.00035144421850523194
2023-06-09,-0.07569088127236061,-0.09535251057099517,-0.10013368396155806,-0.0700366383302686,-0.07190952236769294,-0.043844742369436376,-0.04183857022124415,-0.025417762229740314,0.15584337715025173,0.018190506042152072,0.0012316783161511673,-0.005239625876771553,-0.06460156653926959,-0.14050563606313268,-0.07802840042352474,-0.13269477984565342,-0.03591511351754336,-0.1627109953954183,0.00035236163822845645
2023-06-12,-0.07170024882112092,-0.0942774000628823,-0.09757544510690029,-0.07171976177868257,-0.06603992581293029,-0.038320830595035375,-0.03844701867309278,-0.034377088744484426,0.1617464854850298,0.008802674195787475,-0.006177397452164284,-0.00035084454558412557,-0.06720873400304647,-0.11979065089719304,-0.07830387101393957,-0.13068304680597953,-0.00989660895996198,-0.1802399597285468,0.00043707684768469566
2023-06-13,-0.07245745648889476,-0.0954442508187634,-0.09844326273985836,-0.07317048081400955,-0.06653193862264062,-0.03861298681893426,-0.0386503549839228,-0.03454951696221501,0.1624159460025934,0.00884607873168026,-0.006215872354782669,-0.00035228824886633116,-0.06764358800852781,-0.12005431731401581,-0.07857932858676227,-0.13099583062589298,-0.009793189112314417,-0.18089376535058463,0.0004385083601037492
2023-06-14,-0.07326205025911182,-0.09639431466580715,-0.09919175694840032,-0.07397891332289529,-0.06751933575016995,-0.039108670242654124,-0.03916778005259894,-0.03450239401261898,0.16265771789799155,0.008812545179377174,-0.006175004700533981,-0.00035165860981336774,-0.06756528975943996,-0.12060040608897687,-0.07934697148568025,-0.1304648744693758,-0.009957778775056554,-0.18092440565866977,0.0004399725083550428
2023-06-15,-0.07346211993334474,-0.0965390581120453,-0.09858544626219631,-0.0745396912167978,-0.0668143363035693,-0.03926648512986928,-0.03947130956222491,-0.03454490617781838,0.16260802139162847,0.008827168278350325,-0.006226356289793711,-0.00035265448887679694,-0.06779541653212294,-0.12068627705191678,-0.07966721811058061,-0.13057766364560983,-0.00998285864798465,-0.18008841612102722,0.0004401090837056297
2023-06-16,-0.07462182570721752,-0.09816609773246947,-0.10028464470295424,-0.07575989106330629,-0.06766069862770172,-0.03985657812575002,-0.040015742448515544,-0.034938271384222154,0.1636659348664905,0.008934896357702426,-0.006313833349228718,-0.000356449982477815,-0.06868595043912891,-0.12180113408454447,-0.08043933604517489,-0.1320744754836282,-0.01023881876847045,-0.17985697086309804,0.0004420462123929559
2023-06-20,-0.07400380197398139,-0.09337303384201409,-0.09804435472782781,-0.06921099787265361,-0.06645939871785803,-0.042782156596208216,-0.03999918900228125,-0.02587912904266415,0.15885095826407117,0.01685774470359263,0.0004036277633455232,-0.009836551239216968,-0.06534573276992718,-0.13961751147987406,-0.07074543903605161,-0.12759016688837613,-0.03800947644224974,-0.15780463279797613,0.00043100213290019827
2023-06-21,-0.0731033727420591,-0.09260655434736094,-0.09703694367903809,-0.06890208261359793,-0.06596897860011484,-0.042088522307892326,-0.039097359829224715,-0.0258478783899321,0.15842709282855277,0.016856878882500686,0.00040518676729885096,-0.009827616841472724,-0.06538324596463667,-0.1388220672854273,-0.0696986067827348,-0.12588612859056783,-0.037555009681164334,-0.1577726123609717,0.0004296935030396115
2023-06-22,-0.07266002268347015,-0.09189183848685423,-0.09649110848641389,-0.06778589796475329,-0.06564413673879667,-0.042042551046549435,-0.03881055826254754,-0.025822430927441277,0.15801401600157594,0.016828499655381985,0.000405108298469764,-0.00980289917862717,-0.06514037222476947,-0.1381080701943672,-0.06909774360458422,-0.12537628803437878,-0.038004615973728575,-0.1566365979638725,0.00042857313640509747
2023-06-23,-0.07271080826933346,-0.09226857042967417,-0.09651262166218541,-0.06861917446480699,-0.0651890398674509,-0.04180210086194032,-0.038693228672386996,-0.02570125545269864,0.15791599097103776,0.016741495351030703,0.00040041385093185494,-0.00977318094158959,-0.06483409493765786,-0.1377676833606442,-0.06814183937347147,-0.12419353402589502,-0.037314263719677436,-0.15727076692614733,0.00042878236036686396
2023-06-26,-0.07529039123179225,-0.09735214247528177,-0.10173461234358908,-0.07033195973437442,-0.0706583519316505,-0.04110286723390512,-0.040138354751048155,-0.02762004035181083,0.1766880503239009,0.016502079097647535,-0.0011897506850616739,-0.008251618354511523,-0.06742774302216703,-0.14045301989077633,-0.08161098154441611,-0.13912985408296366,-0.03706726412840966,-0.17461501117677916,0.00031364194134399757
2023-06-27,-0.07514153934448724,-0.09692784612550552,-0.1017007419478864,-0.06937013370584168,-0.07070941740711634,-0.041143726352910644,-0.04026053908871891,-0.027646200252141633,0.17677021781595206,0.016538342888879967,-0.0011906911839929817,-0.008253181910175909,-0.06748437859772397,-0.14049020785440036,-0.08347229765147832,-0.13933372270014296,-0.03710563719987553,-0.1743824582749157,0.00031355606097362957
2023-06-28,-0.07637134184914467,-0.09855355585756949,-0.10291920636578136,-0.07096833716289595,-0.07214261765975442,-0.04174122265483514,-0.04090400993172993,-0.02775135158047219,0.17752338613237295,0.01657526856592517,-0.001194406964318878,-0.008277533661399716,-0.06779660850235265,-0.14177331201457258,-0.08498623647572696,-0.13949061105011462,-0.036716927188534594,-0.17495093524787142,0.00031535772894291167
2023-06-29,-0.0763541358998518,-0.09859142190596755,-0.10272480901729936,-0.07109829299233494,-0.07248801468607166,-0.04176533795650377,-0.040651848037714815,-0.02782996988668196,0.1776989197219912,0.016639915890086253,-0.0011993567625734553,-0.008293458553783422,-0.0680842910378122,-0.14257471458907203,-0.08509889842461446,-0.1391520544555584,-0.0365986637559634,-0.17573493899048567,0.0003153198988533538
2023-06-30,-0.07666154965494845,-0.09921098299507433,-0.10373380351409488,-0.0711214896772351,-0.0734931128382117,-0.04180442528039104,-0.04052985631851357,-0.02767964040979244,0.17767514730540182,0.016507483322023037,-0.0011804583724761065,-0.008258088014761668,-0.06772583110334415,-0.1425258301846858,-0.08625027769844786,-0.13932726031458326,-0.036700363673131835,-0.17688979023917228,0.0003160556543090843
2023-07-03,-0.07470626827517633,-0.0961709940307272,-0.10152720899022932,-0.07030514859332304,-0.07075502318671048,-0.03944277665500269,-0.0415425262501285,-0.01105828636996267,0.1961577368729024,0.026986321544292455,0.004985759732733901,-0.018296722292833512,-0.054902264452925426,-0.13696531242863016,-0.0696937647773773,-0.13119533718810034,-0.06256410171215089,-0.1882774602602529,0.00047031430833715263
2023-07-05,-0.07508228006927878,-0.09653483160372549,-0.10185933799645917,-0.07065601533986629,-0.07108502677819499,-0.039502854947101075,-0.04211503053867838,-0.011074314030094175,0.19644498321590861,0.02693991321953094,0.004970528283708306,-0.018323251160285887,-0.054892393785405676,-0.13711029153750404,-0.07056274149902174,-0.13168789437610146,-0.06272861737376932,-0.1889721083826182,0.000471551025040298
2023-07-06,-0.07464471893326732,-0.09630015177202171,-0.10139037121076337,-0.07058733682229,-0.07031013114908365,-0.03902410713809693,-0.041822769969991076,-0.01101395814349438,0.19621072341763543,0.026785419901590786,0.004918643688333901,-0.018218672104000612,-0.05444767934538897,-0.13655808476067333,-0.07065477664849965,-0.13109899927344332,-0.06305583265515921,-0.18965738603159435,0.00047110531299181176
2023-07-07,-0.07346029876842447,-0.09520388237124636,-0.09997224831439643,-0.06979886903370947,-0.06892700332514297,-0.03821103195934011,-0.040824020346509275,-0.010903337008487278,0.19538693850409913,0.026471489475890363,0.0048317137990377896,-0.01805794815387276,-0.05370363796021507,-0.13508039049969472,-0.06986063020931667,-0.130240185725772,-0.06269246300705823,-0.18851463138431523,0.0004694181195085881
2023-07-10,-0.06200640605635366,-0.09674892554086394,-0.09884102418011932,-0.06684156246632861,-0.07296063572984583,-0.01983644540265726,-0.020451736802504845,-0.026089191161114696,0.19776877764644366,0.018972273561277023,-0.00188332980033274,0.015885269948831035,-0.07055701871329355,-0.1442374247005942,-0.10659264854817842,-0.1578635282764172,-0.021405604127949812,-0.25469995619685765,0.000378741885603125
2023-07-11,-0.062315269096661595,-0.0972305658841251,-0.09971360392583888,-0.06702668578398478,-0.07438997531578778,-0.01994095828783045,-0.020517277541220062,-0.026226025069317635,0.19854589553407093,0.019117113445288762,-0.0018904046643709713,0.015961653113959594,-0.07109782215624576,-0.14531394034385683,-0.10731225095092835,-0.15837289492632403,-0.021504546000084772,-0.2546885739527024,0.00037966640131722876
2023-07-12,-0.06310199993879488,-0.09830858626435221,-0.10108393406080526,-0.06767367589751967,-0.07550659476683153,-0.020214799553100127,-0.020822649524813306,-0.026406159619282474,0.19945222137411214,0.019247152462466645,-0.0019090321530302141,0.01601836141679861,-0.07176785876021954,-0.1467821056991715,-0.10935399634551184,-0.15971180851054478,-0.0218586756976748,-0.25524675026515675,0.00038144665662693476
2023-07-13,-0.06389342994440718,-0.09915099788750054,-0.10142861314347974,-0.06856396457041333,-0.07636970036102099,-0.020611529428925485,-0.021299096274318575,-0.026635015457551016,0.20014766297402864,0.01944510285140517,-0.0019312835797828992,0.01620360319242888,-0.07243834277159635,-0.1479997794493441,-0.11000087382489443,-0.16195855451263477,-0.02202958865282479,-0.2523790576786835,0.00038164464700402327
2023-07-14,-0.06473040088062332,-0.10011009962767657,-0.1016890283668811,-0.0698481811639739,-0.07711924375670827,-0.020977448221377325,-0.021613550680898472,-0.026847304023517198,0.2010606062061487,0.01964057053623967,-0.0019549479735091343,0.016314828088620566,-0.07307595687462799,-0.14914177421978786,-0.11089707226156119,-0.16235345065261308,-0.022377811430365945,-0.2510833786470769,0.00038230196252087354
2023-07-17,-0.08040965526271275,-0.10335965484352848,-0.10798264555243962,-0.0773736354124911,-0.07032367938891437,-0.044817459838855704,-0.042786267643307264,-0.03256601328817631,0.1670998358851386,0.013130674993873194,-0.00323538324735359,-0.011132498946313879,-0.07082699396066891,-0.14306706312310064,-0.07328772666118429,-0.11274121617060641,-0.026451809745630418,-0.17590180378167883,0.0005632545433519526
2023-07-18,-0.0808089196567963,-0.10396747479376034,-0.10845506353742404,-0.07828363715552632,-0.07124698252790719,-0.04487027678178303,-0.04294125296607453,-0.03268084048794287,0.1675627724111424,0.013184001446563521,-0.003244749712827349,-0.011180049399300406,-0.0711159112664271,-0.143677765888852,-0.07298598158392464,-0.11309278355289261,-0.026302186591487142,-0.1761324508765963,0.0005646063996909993
2023-07-19,-0.08142812359271406,-0.10495314900027286,-0.10984777755888395,-0.07908462931749244,-0.07227337821870825,-0.04525413649970799,-0.04271424233000502,-0.03277405232533357,0.16790372311351237,0.013225858039954987,-0.0032661106332723864,-0.011197579897014009,-0.0714394091263068,-0.14437190568910027,-0.07273279100193926,-0.11462115935090972,-0.026704118149481055,-0.1766187862821731,0.0005657552404852116
2023-07-20,-0.08160371698869925,-0.1052850937633668,-0.11029981302450508,-0.07914027308389099,-0.07264748018281392,-0.045272125003450805,-0.042670342996893894,-0.032905051873252204,0.16812316222889498,0.013283380563335055,-0.0033061009142818154,-0.011246727376524454,-0.07191058085505442,-0.14462205897683536,-0.07362217963337096,-0.11474728398686772,-0.02687538007625715,-0.1774885657966806,0.0005662852690466097
2023-07-21,-0.08087449749867168,-0.10435044327303802,-0.1105968422540904,-0.07714137949187502,-0.0718499675820921,-0.04493862552633281,-0.042260052967307705,-0.03266065671359496,0.16753704644773612,0.013148325095636066,-0.003258586265556104,-0.011217166012775746,-0.07126552279988338,-0.1436649624121841,-0.07321698327125685,-0.11390853134512527,-0.026893275679561467,-0.178110007818443,0.0005650068199050379
2023-07-24,-0.07046258627141225,-0.09956157980909368,-0.10239024248006254,-0.06878355767529143,-0.07241360608282325,-0.03188636917477824,-0.029831981350367423,-0.024362913832789785,0.18367716174464704,0.019491438738161036,0.00022399144569039701,0.008172399552744881,-0.06698354377053214,-0.14569189737956337,-0.09554309918926505,-0.15812316565086842,-0.029050136361402173,-0.19872341568325805,0.0006012089183201534
2023-07-25,-0.07083222451132262,-0.1001731937494293,-0.10312316160066679,-0.06900835305326415,-0.07271345490797747,-0.03186185210532935,-0.0302893609889693,-0.024358731062048188,0.18375691937532002,0.0194773867143344,0.00022354911765528772,0.008189836591985883,-0.06701451851716268,-0.14568326747643498,-0.09649094762113157,-0.15770881844684367,-0.02961799834111427,-0.19976685926208854,0.0006022118596912882
2023-07-26,-0.07118677487574897,-0.10062200804003295,-0.10337609975644717,-0.06959735690218531,-0.07283291208982696,-0.03195206917384943,-0.030594656655208864,-0.02437381408209597,0.18405496413293843,0.01947489498043948,0.00022351954440028552,0.008189652627382058,-0.06702567210064336,-0.14584055856313968,-0.09596969036449975,-0.15886376279239176,-0.02977860625516549,-0.19990163966156,0.0006032631354015285
2023-07-27,-0.07132697723554587,-0.10070298473616966,-0.1037149184020085,-0.06941099793550794,-0.07345613331254675,-0.03205942406289694,-0.030792864596559718,-0.024469565008326952,0.18435658329802412,0.019554531518018173,0.00022388607699351545,0.008198035297344168,-0.06738074860881677,-0.14651782041176636,-0.09646629806806742,-0.1597427943140554,-0.02965269336447735,-0.19946086409886912,0.0006036558296242173
2023-07-28,-0.07075066279523064,-0.09985373785410355,-0.10280392313004125,-0.06911981630019151,-0.07237480448167467,-0.03192778749197803,-0.030358780635732843,-0.02421583012553206,0.18374965262596735,0.019306344990116735,0.00021913240042659686,0.008123023391098532,-0.06643768749408983,-0.14508938530612053,-0.09420222847222472,-0.15694749318101556,-0.02952634908897598,-0.2009508544009745,0.0006025600071214311
2023-07-31,-0.06456180660688302,-0.08087159269344288,-0.08481205005429544,-0.05559583075535547,-0.059809223849475374,-0.03559705459944003,-0.03878283515795122,-0.0273549102645692,0.25071852632832803,0.007708295428343753,-0.01012319654554874,-0.05182150106769607,-0.05946041833448468,-0.10056931688121742,-0.07389233546412709,-0.14424415878769437,-0.08142725211677855,-0.1249553055467325,0.000559385852000783
2023-08-01,-0.06482804845946097,-0.0812041532797719,-0.08526036444648774,-0.055747430095114126,-0.060636807933996256,-0.035685095372853574,-0.03888686566083043,-0.027448920058903672,0.2513331672386524,0.007734982651773622,-0.010169905507998277,-0.05195026308570386,-0.05975771568509001,-0.10103186904846262,-0.07453601847561989,-0.14495161344517152,-0.08193874171013184,-0.12545299722026443,0.0005606188581833429
2023-08-02,-0.06427708643911084,-0.08084488496834542,-0.0852775810998494,-0.05553095408614769,-0.060264513319439966,-0.03518416758918284,-0.03833538760401047,-0.027224448847177195,0.25072832676128676,0.007677735141715408,-0.009987576014660588,-0.05155891554459988,-0.059069527734896154,-0.10037413997815135,-0.07429702195022686,-0.14322441776699416,-0.08137939099881392,-0.1258334088619534,0.0005597402367565864
2023-08-03,-0.06285984031944206,-0.07927165802251836,-0.08397398822624762,-0.05400674471058533,-0.05911043460055996,-0.03433432065227085,-0.037208550968814105,-0.027006911512869113,0.24944080042781458,0.007619250144789946,-0.009825117054615822,-0.05117713601646045,-0.058378332861535216,-0.09938214112951521,-0.07345363366292558,-0.14173975147342655,-0.07970185497163487,-0.125566677170676,0.0005565904504196913
2023-08-04,-0.06271335212792509,-0.07904756923918839,-0.08379873875940719,-0.05392230067386491,-0.05894610456823453,-0.03424049263828528,-0.03735726782506641,-0.02682611703874756,0.24954307440129697,0.0075632565498457245,-0.009598810701575523,-0.050860799664883945,-0.057856211616530345,-0.09906562792628615,-0.07265798448492786,-0.14169793486540935,-0.08046313318965717,-0.12548330010694395,0.0005566122333105954
2023-08-07,-0.07298385000235894,-0.09749925405995997,-0.10094726930192315,-0.07146291134242254,-0.07135298132433782,-0.03446160864947848,-0.039822779766566584,-0.007547492975173696,0.2055696108230884,0.0254391874917372,0.003831129979143881,-0.028697523602700812,-0.0461564739247572,-0.11986274053913035,-0.06804681221168356,-0.14525512327041798,-0.07533080025042735,-0.19465648811374658,0.0004900523368345878
2023-08-08,-0.0737267984675796,-0.09868767865848213,-0.10244039402417351,-0.07231520308700805,-0.0716457051602072,-0.03487215131867218,-0.03990025173652961,-0.007574950954447142,0.20635122912936046,0.025464701421740534,0.00380644006001229,-0.028820319485199662,-0.0462011116246,-0.12049948553356074,-0.06913551275254258,-0.14542179274759406,-0.07562013745011455,-0.1954623791851961,0.0004917335241671043
2023-08-09,-0.0731608469152191,-0.09806873047448242,-0.1017812013939525,-0.07156186128220923,-0.07105832287100518,-0.0345943544928767,-0.03934113620771428,-0.0075783042194015595,0.20605421916962718,0.025544172299864578,0.0038432077215440033,-0.02875925250267824,-0.04629520365117518,-0.12052402494811368,-0.06855875703729865,-0.14422056604686279,-0.07538152330485347,-0.1959806878534973,0.0004907837600762104
2023-08-10,-0.07265452799303826,-0.09715075146680788,-0.10100677601694504,-0.07058444667148532,-0.07031271919634731,-0.03449163379133331,-0.03933328655696137,-0.007563351497155663,0.20537256169479196,0.02549140783425428,0.0038526768393172136,-0.028668331313715927,-0.04621404733753088,-0.12021551125536295,-0.06836591431166716,-0.14314773896132837,-0.07570163345000824,-0.19559026187069561,0.0004894618817460528
2023-08-11,-0.07279848257872643,-0.09722677293611809,-0.10122500035655549,-0.07074484372822595,-0.07003037786768386,-0.03465417478830446,-0.03940882675928335,-0.007517407577139502,0.20535822872826115,0.025306975335105692,0.003790855694803401,-0.028532346174295214,-0.04590698511933604,-0.12023431646219586,-0.06813279536225218,-0.14305530612845438,-0.07533345209735175,-0.19601684127126773,0.0004896690907975256
2023-08-14,-0.07132766627761679,-0.1017144410293158,-0.10418560315579481,-0.07115895691624201,-0.07469429496292891,-0.03062592250250984,-0.03264908794537847,-0.021823853944238317,0.2316631258141578,0.01779363123059202,-0.0034766277504427517,-0.0033884581985730547,-0.059649907116757564,-0.12613560972342916,-0.09801179201427997,-0.15419909431265433,-0.03624003024565277,-0.21568944533201548,0.00039311664308714993
2023-08-15,-0.07163929207620494,-0.10252007408726471,-0.10449643229624615,-0.07212931572836803,-0.07474324810728841,-0.03056284236075025,-0.03256984429842061,-0.021860013139712926,0.23201547296974032,0.017807686273776525,-0.003477254772328126,-0.003389484407941426,-0.059769525141346216,-0.12641989799503658,-0.09759733672632988,-0.1540972420256043,-0.03614810430695674,-0.21696112320390498,0.0003940551394390104
2023-08-16,-0.0705297812648806,-0.10099406183745765,-0.1030927338069236,-0.07113024798575393,-0.07351385522750968,-0.03008522676623456,-0.03209214958677412,-0.02172942629784389,0.2313415396466359,0.017715388367500907,-0.0034447443692679765,-0.0033678259774071097,-0.059261825148790984,-0.12560171800561085,-0.09618488536765883,-0.1531849816113661,-0.035599943963581696,-0.21632617165060183,0.00039276490525262675
2023-08-17,-0.06979568697589213,-0.09997678400845399,-0.10226762394701126,-0.07018316367499715,-0.07241511643733729,-0.029756974310656,-0.031715938826248104,-0.021617507823075574,0.23059026019323794,0.01759877733233744,-0.0034083767459017773,-0.0033486551329245766,-0.05883266011249388,-0.124869442367212,-0.09473629679448822,-0.15188061655164067,-0.0353540693397208,-0.21633199360085653,0.00039168289699017
2023-08-18,-0.06914516569610953,-0.09894012393157203,-0.10118965284815845,-0.0692242804965589,-0.07136351125847572,-0.029463613721661935,-0.03170188865806581,-0.021535055881839283,0.23020725545167595,0.017527485584697928,-0.003384447420698784,-0.003338424280893216,-0.05851170565889244,-0.12400436243661005,-0.0937142659487037,-0.1512269771118874,-0.03534457452113977,-0.21565773135267427,0.0003905979247306926
2023-08-21,-0.06661975911461948,-0.10036710933532991,-0.10144301289532648,-0.0688669237385128,-0.07400747829670432,-0.02559029392205309,-0.026472768605425252,-0.03664655729437016,0.21968279777319788,0.0074526921039994795,-0.010158940088060332,0.008758114794834647,-0.07039108509491766,-0.1253034120632345,-0.11406866638847615,-0.1699365884852234,-0.00892665880697255,-0.22495489042387692,0.00017125764939276907
2023-08-22,-0.06713898675243907,-0.10127801786779109,-0.10156937293470926,-0.07015511252608919,-0.07408792146427615,-0.025751129054368903,-0.026602555545671674,-0.03655568173850129,0.2199989225489175,0.007425419400994151,-0.010049108154653394,0.008757075016429224,-0.07015051295664548,-0.1255893836947691,-0.11330783081287298,-0.17083682976040726,-0.008927212968541388,-0.2252939965487004,0.00017169484513793897
2023-08-23,-0.06694110622857624,-0.10093095860229039,-0.10099269267125562,-0.07000441030904966,-0.07381372186577378,-0.025684865869083723,-0.0265281427323636,-0.036567749733180104,0.21973184347721184,0.007423261656171093,-0.010118931089319399,0.008765798475262565,-0.0703167710863835,-0.1255666983241003,-0.11355297398098144,-0.1709953969643156,-0.00892448713498729,-0.22591508613706193,0.00017157119233821426
2023-08-24,-0.06785301898161683,-0.10223820285636304,-0.10172552850841629,-0.07123586385113075,-0.07473456025775277,-0.026010435278490902,-0.026997797568492736,-0.03698338491970194,0.2205343417650178,0.007517291239826355,-0.010388255969945538,0.008860993275062984,-0.07143373027087467,-0.12681041193190584,-0.11554995522354858,-0.17304342494694985,-0.008959047642511857,-0.22553567718220174,0.00017187902811474935
2023-08-25,-0.06672011762105742,-0.10041531591995172,-0.10019941689032684,-0.06943243716341724,-0.07340400815962765,-0.025550425669310692,-0.026785712632943322,-0.03675017570595328,0.21951068433530985,0.007459165736873684,-0.010278200511058891,0.008785319833023303,-0.07090278517344513,-0.12560664416588238,-0.11464524100092269,-0.1723078753429362,-0.008930361304628827,-0.22642515539620273,0.00017118691426783013
2023-08-28,-0.06474010216102807,-0.08860702625721187,-0.09246313986054312,-0.06193113377780485,-0.06380799879452044,-0.03186576156870481,-0.02984002138779752,-0.026026918705735508,0.2050439835950463,0.012460137207067557,-0.0044921096200264965,-0.008665354451371649,-0.06102787186025241,-0.12436458421791612,-0.07942252756171153,-0.1378328660224361,-0.03493066084299405,-0.1678604492665555,0.0002749543181454919
2023-08-29,-0.06619470586994963,-0.09047334840129242,-0.09441935832732115,-0.06331009053457698,-0.06531847533618801,-0.03267260072691618,-0.030572237503176742,-0.026465497558374775,0.2081720237956088,0.012677498742043828,-0.004562612624632854,-0.00879712058531435,-0.06211534305299962,-0.12665745561194103,-0.08134104577469704,-0.14025075795982597,-0.035383579686350315,-0.17002249827220756,0.00027897658191484076
2023-08-30,-0.06604845960455563,-0.09029798379091548,-0.09367554370384239,-0.06364738249316398,-0.06515954087686841,-0.03254321002745106,-0.030460974431907574,-0.026205852456647572,0.20526338686408402,0.012561585900100671,-0.004535503213369144,-0.008697630578424221,-0.061599130340156925,-0.12539281296992083,-0.0809963482108966,-0.13933223249402557,-0.034940360506075775,-0.1663508731872951,0.00027446848468297636
2023-08-31,-0.06847261943245865,-0.09376468623992305,-0.09708963907908992,-0.06618687329185559,-0.06763776171719446,-0.03363524603853319,-0.03139776009682172,-0.027089114507387577,0.21226950775619483,0.012988971193602806,-0.004685440625598729,-0.008980926427053138,-0.06361160856703256,-0.12962111709579666,-0.08406484149228818,-0.14444845848525817,-0.03617727788027384,-0.17173016238621525,0.00028383673790212784
2023-09-01,-0.07019767490624701,-0.09628468449325862,-0.09939075423100432,-0.06826939036279056,-0.0694358807354448,-0.03445496291111073,-0.03188991753209704,-0.02789826793786451,0.21850899746805288,0.013384435772091485,-0.004839951779575769,-0.009255001003814945,-0.06552805618860147,-0.1332113873288319,-0.08581521474466064,-0.14830084794664397,-0.037355923056143825,-0.17746394455468906,0.0002918921922095164
2023-09-05,-0.06242361158343379,-0.10217225824437669,-0.10394720998801495,-0.06694146761512182,-0.0781328968235179,-0.01754151191895913,-0.017901929547874295,-0.028396731245284954,0.21550622195564123,0.016436757387289867,-0.003940801340975593,0.022677511149300156,-0.06897524270299625,-0.14564130994193453,-0.12638533272170596,-0.18010937938387822,-0.014187781348747897,-0.2623705225485374,0.00037462083941306785
2023-09-06,-0.062038940246143294,-0.10169225708111307,-0.10331247820719332,-0.06700127252031034,-0.07645825245942993,-0.017382817607955004,-0.017750673056383864,-0.028232328021690793,0.21515901302843604,0.01633090001642155,-0.003884075846635066,0.02262370228289781,-0.06845684694239246,-0.1446360013279631,-0.12486788937595707,-0.1785719402803093,-0.014250829056802276,-0.26362475612318675,0.00037447940623493327
2023-09-07,-0.061685383441225934,-0.10102100256654285,-0.10273547413910387,-0.0664192527144483,-0.07618110466115367,-0.017348146185351892,-0.01765349085814088,-0.028209177447386526,0.21494586837129445,0.01629093263905129,-0.0038941040015272386,0.022591980828725558,-0.06839956343913449,-0.14430454344229873,-0.12462285841686957,-0.17778398861079012,-0.014286777310744158,-0.2637472508808579,0.0003745251986812214
2023-09-08,-0.06138883839013637,-0.10060532940098334,-0.10283314139619315,-0.06587516265129416,-0.07536535167400205,-0.017273606588206297,-0.017427471868702846,-0.02826820715433838,0.21511922139089673,0.016329762040175794,-0.003900814070510142,0.02265011916076125,-0.06862959821371178,-0.1446378324768767,-0.12527239476619056,-0.17778749023775778,-0.014243335788285317,-0.2641018861766546,0.0003741328331409296
2023-09-11,-0.07222216277945119,-0.09603302861789917,-0.10126843444095077,-0.07060329952427831,-0.06897835770031538,-0.034788917655737286,-0.040265780702337946,-0.015061188113344046,0.256427829617572,0.019360557078967482,-0.0028186414397574247,-0.04349709857929658,-0.052899684042599524,-0.11541092513746931,-0.06577131922952749,-0.13177554421075183,-0.08131415393771506,-0.19882683775020762,0.00036546558932622875
2023-09-12,-0.07303897829951493,-0.09692414719210432,-0.10179240428528605,-0.07162700592529735,-0.06932902772118585,-0.03524409022562933,-0.04087452842551741,-0.015084281614077653,0.25717994592645727,0.01937932675533104,-0.0028058433671859567,-0.04357254060769041,-0.052940421682602774,-0.11592246143130218,-0.06595600372213564,-0.13237421955420453,-0.0820205065860448,-0.1984091034909967,0.00036644688593444737
2023-09-13,-0.07259782634830614,-0.09627082161037818,-0.10161709534110865,-0.07074339914316097,-0.06917393774828791,-0.03505608029485732,-0.040697950512058746,-0.015069968319996848,0.2567285113419915,0.019381824898973544,-0.0028184538771370516,-0.04353820902371784,-0.05285843024195878,-0.11559030222862587,-0.06584048749028566,-0.13152542521374924,-0.08220945239075707,-0.19849816203572765,0.0003659844526673607
2023-09-14,-0.07257379924651955,-0.09632097681508305,-0.10135863027884354,-0.07096711286715036,-0.06867521947305001,-0.034924684777277386,-0.040619689082083986,-0.015082294838171395,0.25678505610942765,0.01939213043392105,-0.002816041167040165,-0.04356795095684669,-0.052940662951949456,-0.11582538844797693,-0.06507997651888678,-0.1311370718663934,-0.0824162751687706,-0.1985059606814868,0.0003657486984132973
2023-09-15,-0.07351624005056807,-0.09751658981235287,-0.10273475177576934,-0.07181631734264775,-0.06990531478482633,-0.03551764997998271,-0.04104400860803107,-0.015118441853973602,0.2576863688257586,0.019421330405936514,-0.0028062212366294554,-0.04366123585796245,-0.05304318913268476,-0.1164004898905544,-0.06650698348119255,-0.13169678106159305,-0.08341049545646247,-0.20047770385611807,0.00036712317808965437
2023-09-18,-0.08200547951978693,-0.10367806101606103,-0.11062625698572541,-0.07243672176375317,-0.07563566370908462,-0.04540715040605541,-0.0455789588631372,-0.012720128188741882,0.20083785928243864,0.02667034052559014,0.005140586073535249,-0.02838430210275089,-0.053769416493534304,-0.1512168889066645,-0.07372855071388601,-0.10925978882762777,-0.07683842403331774,-0.1809629357218368,0.0003633368351384692
2023-09-19,-0.0818667946780234,-0.10367162064813086,-0.11055769727922965,-0.072465227193743,-0.07508440443698071,-0.045218776210225554,-0.045491210358277225,-0.01273051933719351,0.20068289703053807,0.026678827609510423,0.005166541072257909,-0.02842527011314493,-0.053837529375426615,-0.1512201566309125,-0.07302329982708469,-0.10983182819218655,-0.0767585335655854,-0.1805382814343342,0.00036310130500149255
2023-09-20,-0.08165099513422645,-0.10341077775894297,-0.11016394072744298,-0.0722787316442339,-0.07475897202933418,-0.0452368705804026,-0.0452034269962914,-0.012687618454865034,0.20044511236488793,0.026569695055109557,0.00512613879446902,-0.028331758575521095,-0.05363355240033841,-0.15068763929495957,-0.07265785203496021,-0.10967912182955986,-0.07678465334122461,-0.18058114575854253,0.000362940400471891
2023-09-21,-0.0808814412615353,-0.10215757517753363,-0.10959994946960185,-0.07102684995791794,-0.07379155259340288,-0.04499560601419437,-0.04488434799424218,-0.01264352798270453,0.1997296135901746,0.026471273705482218,0.005126974066110862,-0.028188938312466858,-0.05349572526465043,-0.15012165292119886,-0.07250615126182254,-0.10943462047614265,-0.07592845125454639,-0.18035429785422505,0.00036186882132127905
2023-09-22,-0.07342444698317332,-0.09274059940517008,-0.10007018070919253,-0.06436176315158683,-0.0670586167185253,-0.04084427393304636,-0.04071419855164445,-0.0115913357853717,0.18445698061491214,0.024253262310052724,0.0046110839691423594,-0.025883983268832168,-0.048883311155275395,-0.13758657863365686,-0.06465024056204462,-0.10028427497779756,-0.06986637846857922,-0.1665938385085902,0.0003340324655146637
2023-09-25,-0.0555475107919401,-0.08264922259620809,-0.08673875385869154,-0.056086720666190824,-0.061687897723642936,-0.02185241440678922,-0.022524377519226067,-0.031739881058007076,0.2430044899868447,0.006089098253134571,-0.010725481044888205,-0.0070087677450002975,-0.063297626717579,-0.10988594092043467,-0.09180710510240192,-0.1382514986686237,-0.025168232443927196,-0.1939647964964556,8.003282729823138e-05
2023-09-26,-0.057193820565191546,-0.08534682417348885,-0.08929982687644064,-0.057948739703573816,-0.06371823313972655,-0.02237150405228421,-0.023059801346375516,-0.03238104389340402,0.24979238520122332,0.006215448276593835,-0.010757751717798126,-0.007152798058256721,-0.06445678661687285,-0.11284470846284071,-0.09432128177091968,-0.14143382454208028,-0.025757967294773258,-0.2001998485849741,8.22989415441673e-05
2023-09-27,-0.05366376542936886,-0.08006881056230573,-0.08404113618870772,-0.05434715900995571,-0.05988903064782724,-0.02102545999686898,-0.021646734251013842,-0.030792263934612686,0.23786839655485326,0.0059160796902888845,-0.010207350472219675,-0.006793457114791314,-0.061199227412649326,-0.10697939557681031,-0.08817097703496471,-0.13358958769566087,-0.024496098983824603,-0.1911983720916535,7.836063656486381e-05
2023-09-28,-0.05518912605455189,-0.08234179609459905,-0.08623556256227097,-0.055998562929420466,-0.06214012909540178,-0.0215727981219567,-0.022287715294614468,-0.031542838184256454,0.24434191731221624,0.006054416828075117,-0.010438617438346657,-0.0069720588124756065,-0.0626169288592575,-0.10982292611521473,-0.09002923715623436,-0.13562881856065925,-0.02532178166286291,-0.19747319074577144,8.055297361942531e-05
2023-09-29,-0.05729317595344559,-0.08544752881642773,-0.08928798876033248,-0.058259061375144326,-0.06469143779781183,-0.02243923360141857,-0.02305584333489028,-0.032640986153384365,0.252533075333438,0.006263661356497668,-0.010802785847976426,-0.007230193103197954,-0.06471810074517094,-0.11384800098167852,-0.09377771345611388,-0.13923388804595624,-0.026094370078606,-0.20264886019063602,8.310941795914245e-05
2023-10-02,-0.03733829408595476,-0.0811435440173903,-0.08252739636241058,-0.050180908338228636,-0.06896910129636573,0.008347166521657904,1.842437569667973e-06,-0.01629389521133556,0.3071027788681835,0.01886165191664139,-0.006624632386951103,0.010124856937031208,-0.059484777037614685,-0.11077148680921774,-0.12307149608731037,-0.21844870076484593,-0.0476499382938332,-0.300391292227753,-3.48905047511343e-05
2023-10-03,-0.0371537281385021,-0.08107016257442433,-0.08227383355386253,-0.05057407404391889,-0.0678927797917705,0.008220675723364308,1.8322844129154777e-06,-0.016172243195113744,0.3066393326243583,0.0186991748870671,-0.006510435906493345,0.01005825519673671,-0.05890996165875627,-0.11004353324346154,-0.12074923773193373,-0.21604576524194197,-0.047263265870125075,-0.3025618150025609,-3.4872828793205304e-05
2023-10-04,-0.03659839655774837,-0.07985756538654158,-0.08113225790919977,-0.04960737881359811,-0.06664367074934077,0.008104849441469955,1.805142391438474e-06,-0.016019921302651403,0.30592332602665895,0.01851486220927454,-0.006360237401149503,0.009971007107293465,-0.058138528575639815,-0.10875289095036499,-0.11820322885472298,-0.21507865975033383,-0.04697842940599742,-0.30238241454999293,-3.4817285092863016e-05
2023-10-05,-0.03669150522699306,-0.08029856732179086,-0.0812384325203101,-0.050194624568715186,-0.06655834497580974,0.008105170809179465,1.7966694139425139e-06,-0.016104433800084292,0.30607074900526265,0.018599760672833046,-0.00643869927365025,0.009997420006845186,-0.058544283070785255,-0.10911962525047625,-0.11943888548888017,-0.21467756281473985,-0.045584182881036106,-0.3009483391970928,-3.4756465043557276e-05
2023-10-06,-0.036706162206599724,-0.08009818763882795,-0.08111033620904089,-0.04994065772313967,-0.06646771220427039,0.008159023793268634,1.799617865462672e-06,-0.016080662131557073,0.3057243618954183,0.01859522879543944,-0.006393024764352684,0.009961650780220445,-0.05835035289408882,-0.10899344088297314,-0.11984871745778872,-0.21382992543557522,-0.045221890270649025,-0.29930608487783883,-3.468279806457471e-05
2023-10-09,-0.05748326434902592,-0.10320444511937897,-0.10060618970368512,-0.08014964603813,-0.07840762812818478,-0.003577149591796858,-0.022768142396126182,-0.03327631242228511,0.23501449136084665,0.00018730942359058771,-0.015725171413214833,-0.010399915164917835,-0.05752943523131518,-0.06856242665546898,-0.10705229174918608,-0.24435318519416926,-0.01587235291699369,-0.33050922691746304,2.4634506438201276e-05
2023-10-10,-0.05070354842007717,-0.09128933158876457,-0.08895158304187346,-0.07080451116626614,-0.0693124858721076,-0.003139444517448269,-0.01991618534957539,-0.029549979865968173,0.20717275301851937,0.00016673215580722582,-0.014145572524407504,-0.009231110044495979,-0.051190967188895174,-0.060708638361456076,-0.09511599271307995,-0.21871580783520977,-0.014242157727440724,-0.2903939330572992,2.1651792148616606e-05
2023-10-11,-0.05306706917253463,-0.09524158557659029,-0.09269574675948494,-0.07389437458447319,-0.07275333035995254,-0.003303169558746654,-0.020967316026759823,-0.030640225294438522,0.2148902009668946,0.00017270850604197413,-0.01466126278671606,-0.009584609023658363,-0.053151669749486014,-0.06299179243499607,-0.0991931439246357,-0.22662239436820245,-0.014745499317392979,-0.30068780708028203,2.247221596600644e-05
2023-10-12,-0.05084906058225897,-0.09121558509300395,-0.08856713662707216,-0.0709849645511044,-0.0692753855132975,-0.0031638071727097873,-0.020124758211881245,-0.029359533670371942,0.2049163105389592,0.0001656377266482008,-0.014276308107567758,-0.009182765462410352,-0.051007616354866704,-0.060074698822288865,-0.09625439376121611,-0.21773590671796733,-0.013983741400102497,-0.286802479121277,2.1434481540778225e-05
2023-10-13,-0.050354884375707815,-0.09047123061478708,-0.08792306530699148,-0.07059139731130726,-0.06756921320399989,-0.0031309455818919344,-0.019858254894028895,-0.029046232035264574,0.20423822864694016,0.00016370481996799235,-0.013860183375843205,-0.00910533638194649,-0.05037208908264017,-0.05963054205327505,-0.09465371867588158,-0.2166211348884536,-0.013948941750181784,-0.28861930949395015,2.1389972485622248e-05
2023-10-16,-0.05033665564716042,-0.06774273506293643,-0.07120059735750672,-0.05097483340564101,-0.04591262845005925,-0.02555744276490448,-0.026154607142958725,-0.027733964388722145,0.13081562129138863,-1.6757361858157583e-05,-0.007635082261890092,-0.013531388934659062,-0.046542539531202416,-0.08228023856774852,-0.05071577163126679,-0.08036706956198428,-0.01134458707467851,-0.1280146379595106,5.650930089603176e-05
2023-10-17,-0.0528646194184259,-0.07124067185435302,-0.07480394053176144,-0.053648601351024096,-0.04855232294078542,-0.02679161282419295,-0.0274200295573077,-0.028702075488433582,0.13605385693017008,-1.733594215722682e-05,-0.00781784332183107,-0.014041168601418557,-0.04810173613821723,-0.08560438553085152,-0.05340843526959817,-0.08322999882190793,-0.011768145085625051,-0.13264439246371618,5.8808439798360785e-05
2023-10-18,-0.05402030361809259,-0.07276365204710183,-0.07642908979390466,-0.054618511556547,-0.05014573158022562,-0.027381497470877404,-0.027934067294815648,-0.029106069666123547,0.13865951028271384,-1.7533598524233203e-05,-0.007897336284576022,-0.014272607899111863,-0.04874190141954645,-0.08702970365458543,-0.05447415160476341,-0.08517081971053782,-0.012054244097252904,-0.13553173586217354,6.0068396807825295e-05
2023-10-19,-0.05322529709703662,-0.07176421943548345,-0.07564231057598075,-0.053879632103471325,-0.04909345817368644,-0.026893910824283735,-0.02749671806615738,-0.028958641342945637,0.13860187916901706,-1.7444350485058013e-05,-0.007824602186928768,-0.014236151676499333,-0.0483314061714834,-0.08657288027237012,-0.0532950751771307,-0.08636739919327137,-0.012155949564015835,-0.13597530990692613,6.004343055344464e-05
2023-10-20,-0.05233506102931135,-0.07057843903569411,-0.07449227502587788,-0.05295886171953003,-0.047934189032131855,-0.026447740201621203,-0.02712187070972812,-0.028623326345752,0.13770745598103207,-1.722299468735573e-05,-0.007604581882742603,-0.01411264417379769,-0.04756695355927044,-0.08558712268415944,-0.05162545981977383,-0.08674505377763658,-0.012186200432456658,-0.13450812324555428,5.9574758046931686e-05
2023-10-23,-0.06076067281745264,-0.08363505233468645,-0.088271391323662,-0.06198885053739846,-0.057073954411780106,-0.029793208158140235,-0.029857698362049503,-0.03418422934194325,0.1848883215369297,0.0009201033315436009,-0.009686961939193186,-0.014379826353968237,-0.05958181586922695,-0.1064374541186649,-0.06811340502752164,-0.1205894271916234,-0.018256724279622442,-0.16030936511603666,-0.00011690404090748708
2023-10-24,-0.062126415088403296,-0.08543289334523241,-0.0898154095573631,-0.0636227195019446,-0.05790729730921393,-0.030509386840385504,-0.030527561577055114,-0.035116560288177806,0.1893074560567602,0.0009459334846749447,-0.010031457244940206,-0.014717295925304037,-0.061444046668644996,-0.10935334754209364,-0.0690148658953178,-0.12297878888967163,-0.01856260747401028,-0.16321512798561166,-0.00011962435936131529
2023-10-25,-0.06281612673939337,-0.08640131077487136,-0.0907341955600605,-0.06448369232968298,-0.058632644740303476,-0.030799012623344488,-0.031034367461104613,-0.03537482044211882,0.18997379893745756,0.0009511876259869138,-0.010201931662058634,-0.014785673989607754,-0.06202287772810484,-0.1103276719917972,-0.07016389775090089,-0.12342863938761323,-0.01843107648985859,-0.16476814313827587,-0.00012007506743088065
2023-10-26,-0.059588311158700204,-0.08182845054375969,-0.08689652513001579,-0.060443577689953364,-0.05540736838791803,-0.02938166922493685,-0.029427357220484084,-0.03373737685506475,0.18233620233415007,0.000905944455142233,-0.00958445562902285,-0.014147691233812612,-0.05905327078137668,-0.1054403940771352,-0.0659695639294492,-0.11909737174869903,-0.01783882627615428,-0.158744052257062,-0.00011537588414013353
2023-10-27,-0.06017291597014164,-0.08248654549404237,-0.0879780319215673,-0.06049230201902362,-0.056674932154761215,-0.029760624340562158,-0.02987645038433808,-0.034652853684400624,0.18639832634586334,0.0009313400363296009,-0.009928623705956298,-0.01451175478406574,-0.0606874373207443,-0.10794908108361075,-0.0685944216135985,-0.12170204275123422,-0.01804661565963784,-0.16233880941774612,-0.00011771336090689393
2023-10-30,-0.046210825737428435,-0.07173300632872355,-0.07446878148330273,-0.05320490337955232,-0.05339405620136977,-0.013058310877781679,-0.020626497262109772,-0.019364527495508526,0.22632831180745733,0.0074356557223071275,-0.007334686702840578,-0.029583608934008368,-0.047599061232072325,-0.08352141723436934,-0.05996735708360656,-0.1471160019679299,-0.05403388638145133,-0.1986896094632381,-4.4449173065288785e-05
2023-10-31,-0.04844270038065444,-0.0752220261288232,-0.0783679386652547,-0.0557546561354984,-0.055636548782495465,-0.013704309698187433,-0.021596547338134587,-0.020018799725369157,0.2344460158407723,0.007679533191986265,-0.007566333491219889,-0.030608478605657484,-0.04917595929547851,-0.08657297687006009,-0.06253363824058189,-0.15158901801302013,-0.055096721794900314,-0.205067672387324,-4.6060442366465984e-05
2023-11-01,-0.050347720339566804,-0.07832156134039908,-0.08139570400221581,-0.05796561608401381,-0.05806517040168049,-0.014230981484767398,-0.02221895682257143,-0.020700136811337935,0.24249308051042154,0.00792925230955513,-0.007790720937494158,-0.031590916868423975,-0.05081097123235353,-0.08981277356878735,-0.06580495382089278,-0.15599434645274196,-0.05680038702159558,-0.2134644496520689,-4.7659059518651284e-05
2023-11-02,-0.05197254657497193,-0.0809025512916128,-0.08374458634320663,-0.0602722692976974,-0.0596848210585379,-0.01468175961802193,-0.02291935438404057,-0.021390444880236503,0.2483930867782672,0.008197461486865875,-0.008135181779250388,-0.03256901179775256,-0.05267474801072335,-0.09266847784904157,-0.06767125229451657,-0.15893230379182144,-0.058147795623261014,-0.2182448232926279,-4.8710126180164325e-05
2023-11-03,-0.05168047256585537,-0.08039793881009825,-0.08305886105699255,-0.05983690611093785,-0.059748353303790774,-0.014608291723188555,-0.022740286879789354,-0.020982832590932032,0.24223205398483377,0.008042680433156825,-0.00811325347289932,-0.03190183557689708,-0.05197175083724926,-0.09137559048298222,-0.06815201803273466,-0.15548620243971217,-0.05729899061629245,-0.21174265521737015,-4.749607262105125e-05
2023-11-06,-0.03611303899606867,-0.06894025323743809,-0.06921529390364652,-0.04734537449938353,-0.055390950690697806,0.001143134883517144,-0.012103358835717138,-0.02297897018587807,0.31688019988315846,0.0025704678434244664,-0.014775685738239556,-0.02529442781139684,-0.04875200917006398,-0.05737597059004955,-0.09111041251915207,-0.19529764597194907,-0.05385378588403559,-0.23653540127520845,0.00014776399801445813
2023-11-07,-0.03503757226765932,-0.06698390825529367,-0.06718149677456615,-0.04608347899900018,-0.05302471269486841,0.0011025785628179647,-0.011827475000080858,-0.02216447683028921,0.3066139556168975,0.0024773791023175395,-0.014184510065736384,-0.02445671451584823,-0.04700941639152558,-0.0553955772462157,-0.0870468261746563,-0.1878447898800472,-0.05241698343075169,-0.22952796514246435,0.00014324131503813
2023-11-08,-0.035948193432838116,-0.068957143975443,-0.06906538792210228,-0.04775355802212541,-0.054239126754235,0.0011249787046874878,-0.012119415461420544,-0.02287404861662147,0.3149835120463808,0.0025576363953986546,-0.0147756878940128,-0.025173327770391208,-0.04864247858023378,-0.05687329642119716,-0.0886206160441192,-0.19203026868690556,-0.0526571081438239,-0.23641382220446802,0.00014704246820018062
2023-11-09,-0.03625028886820315,-0.06960239539124877,-0.0695749465895425,-0.048196131038967846,-0.05412351674921888,0.0011331919753302816,-0.012141742519897162,-0.023149546418699988,0.317619779896549,0.00259009721665281,-0.015156888926029361,-0.02544629897129803,-0.049311379117923784,-0.05739441691900225,-0.08967901704550031,-0.19175469274881515,-0.0525195920708652,-0.23837118431351956,0.00014830975147623674
2023-11-10,-0.03540958945671102,-0.06786315132041941,-0.06796671009577163,-0.046996685955293105,-0.05236239719367679,0.0011133977774748845,-0.011819652565381904,-0.022558379797755483,0.3116553291940837,0.002520046677009418,-0.01455171102368934,-0.024794833826037727,-0.04796637241769559,-0.05605023791062551,-0.08673558385251758,-0.1891831341214788,-0.05148057490169362,-0.23526575992215204,0.00014574033938524687
2023-11-13,-0.0374179310132828,-0.062160665373574016,-0.06469879098226018,-0.045567447506547454,-0.0448164094056759,-0.008024104825541823,-0.012876854610501217,-0.02282963374667326,0.2543761303724527,0.00240575438069129,-0.01102584295003956,-0.019123544130647416,-0.04877711640969131,-0.06887488271729235,-0.060759374054738,-0.15478966973457944,-0.0365685901897599,-0.18002612074291288,0.0001143110390179402
2023-11-14,-0.03864221261152209,-0.06411972451988722,-0.066910564116642,-0.046901667955444974,-0.046289361073809744,-0.008306470399320958,-0.013291885707871636,-0.02356909339232235,0.2627407306944423,0.0024825799960599983,-0.011358309260827402,-0.01973172621352522,-0.050367299703132314,-0.07104609249583668,-0.06221120356242965,-0.16071067079041432,-0.0383067821419662,-0.18562784015077521,0.00011802616422500119
2023-11-15,-0.03324558749945048,-0.055033406128355666,-0.05713108418548756,-0.04033924289667964,-0.04111388957968658,-0.007172368832599453,-0.011488926986872445,-0.02009339635189622,0.22208998103924835,0.0021216491798112754,-0.009779982928900132,-0.016749611695447492,-0.043071128164676634,-0.06042408971655126,-0.055286004376383306,-0.13651832131572014,-0.03219976174492741,-0.1538256460588085,9.937294064210094e-05
2023-11-16,-0.034414839023282864,-0.056971338724297715,-0.059331293780243564,-0.04170288493002289,-0.042545531459532895,-0.007397778363463104,-0.011967873871832568,-0.02062828941936763,0.22900179271753218,0.002174660028740951,-0.009961194211374043,-0.017228227964442466,-0.044262108441985165,-0.062219258599241385,-0.05727793910607596,-0.14065538567957672,-0.03304465119010817,-0.15950197845488098,0.00010265490523026738
2023-11-17,-0.03550143494908618,-0.05888468567053184,-0.06120526103082534,-0.04308763316625995,-0.04321065151441605,-0.007631502782681404,-0.012236408422679984,-0.021412155038648094,0.23681111360837037,0.0022618255855298306,-0.010410943836168167,-0.01785007565906205,-0.04606893641404567,-0.06431650911004863,-0.0590025787797884,-0.14684035033779946,-0.03329479312380925,-0.16476919425152128,0.00010597287685360025
2023-11-20,-0.047935231595184334,-0.07123097245794899,-0.07621267970292048,-0.044869123440030675,-0.05106466136513641,-0.01946315498130775,-0.019693850173595154,-0.021785158682617455,0.21595666633795135,0.008748568355567518,-0.005631032395338167,-0.00809184924424255,-0.0493481796999439,-0.10816315275589362,-0.07894566568631209,-0.11865745924771123,-0.038423802278447626,-0.155757772583007,0.00028111406466702326
2023-11-21,-0.049965682409054496,-0.0742985937540309,-0.07935944794772513,-0.04700940061772079,-0.053165248603752,-0.020221979303172818,-0.020638841189531725,-0.02258528291062644,0.22356374842600224,0.009068347901425364,-0.005864273694484451,-0.008400713727970759,-0.05128573720416004,-0.11207923797763518,-0.08231554530355123,-0.12262148788413424,-0.04027059439260111,-0.16072933635035677,0.0002909806165304725
2023-11-22,-0.0511079027739643,-0.07603392863441208,-0.08122828957130387,-0.047932344076445636,-0.053823455163940985,-0.02065896578611529,-0.021034226073049046,-0.0231875507125205,0.22942605042806286,0.009312463816710666,-0.006011694345824052,-0.00859760825549155,-0.0526132530103353,-0.11510107699080346,-0.08382892086599478,-0.12711747694292158,-0.04153960937947048,-0.16501193090566937,0.0002984272048747606
2023-11-24,-0.05314842783016165,-0.07915544381723713,-0.08465560887658498,-0.04991170961186913,-0.056167636352284694,-0.02147508574006122,-0.02176948137034419,-0.024069319537997933,0.23795564691411383,0.00965437036265786,-0.006256459729313441,-0.00892467906472529,-0.05478117439181872,-0.11957265208765715,-0.08736322720679363,-0.13126533536801455,-0.042707749286619384,-0.1717109063629358,0.00030948401920713025
2023-11-27,-0.06340389864638825,-0.09637078699451165,-0.10026372829424421,-0.07109866049330386,-0.06497216063202356,-0.021292230422468195,-0.029415526566818187,-0.01904362517252402,0.20635251765608287,0.013226150238657535,-0.003555607397595429,-0.01447330389104917,-0.04880213373664347,-0.11264987137460117,-0.07592681791178141,-0.14830769149693696,-0.04152462106621998,-0.24101635606822105,0.00039138174187615697
2023-11-28,-0.0651807162831212,-0.09915641181211803,-0.10320782003236088,-0.0732218001639085,-0.06674674705237296,-0.021871604348473607,-0.030197703284089775,-0.019740837429121524,0.21296190613308427,0.013736437839358608,-0.003726202694413069,-0.014967199511660038,-0.05071167218258917,-0.1162854216507184,-0.07854702061704046,-0.15389990120822114,-0.04251687781400451,-0.24792013662969903,0.0004034213188669331
2023-11-29,-0.06666910076780821,-0.10135491334720002,-0.10562743537867017,-0.07496723163650944,-0.06789605042116152,-0.022340610223012966,-0.031095126476259456,-0.02024706138960131,0.21786922756257207,0.014088971808541156,-0.0038125558284454047,-0.01534385931215244,-0.05199082279359841,-0.11926787149285477,-0.0807402011518175,-0.1592517703853909,-0.04394427547308849,-0.25229790124972895,0.00041195813030673933
2023-11-30,-0.06820608221103867,-0.10362921477337299,-0.10823842207746409,-0.07662865815652448,-0.0698351870581439,-0.022905391456798402,-0.03163097381508059,-0.020817258024880072,0.22335214046737037,0.01449089735567814,-0.003949885557218307,-0.01576202061454646,-0.053626474640965774,-0.12269312007592671,-0.08318413899648093,-0.1631808727944356,-0.045278465321138335,-0.2584073216794501,0.0004214984901671823
2023-12-01,-0.06922079876528152,-0.10531575041096392,-0.1112214488918549,-0.07737532686779099,-0.07096197446894383,-0.02316767160755976,-0.032084562535730166,-0.02100325665121446,0.2259585322450388,0.014597089812238654,-0.003952238330367064,-0.015926951978789756,-0.05400097215965666,-0.12397165463501982,-0.0848186684430233,-0.1644976867357679,-0.04506217698542502,-0.26347187138759803,0.00042667821272027314
2023-12-04,-0.04468483587428968,-0.06841738686494761,-0.07037125598317127,-0.0479196884544858,-0.045304763962558725,-0.015872306613721517,-0.017750917133607855,-0.01631832094481859,0.15726652646110623,0.008889908479402771,-0.0030888112860172315,-0.0023752073848163926,-0.039742332365799125,-0.09059294076764067,-0.06056263706926746,-0.1118253182614051,-0.025168255078041886,-0.1562787001539477,0.0003640393282510288
2023-12-05,-0.044183847782694866,-0.06771348488999906,-0.06993570343283721,-0.04723433980369168,-0.045557932718180705,-0.01566890113325103,-0.017460959305214293,-0.016173624025293667,0.1562399472463935,0.008808196222207527,-0.003060936455188576,-0.002353317254369236,-0.039360227827358214,-0.08990868684108873,-0.060694777608419535,-0.1088541714836665,-0.024872422072559703,-0.15617928375587678,0.00036219525281077773
2023-12-06,-0.04516361789661261,-0.0693356164600031,-0.0714810119758482,-0.04849688228688489,-0.046034356330982254,-0.015989962108790952,-0.017773513562403108,-0.016674243503624543,0.16021059952448413,0.009084554934743555,-0.003202236910937018,-0.0024232474201597845,-0.04063226282191892,-0.09216572611027778,-0.06174834721650707,-0.11106249081379022,-0.025246997217243165,-0.16055211218005463,0.00037094505723188906
2023-12-07,-0.04619579206070696,-0.07077170575003705,-0.07311705111067439,-0.0494141653062143,-0.04709349559533419,-0.01643701382514388,-0.018191712531602382,-0.017132459946147347,0.16415030969448613,0.00934873708004958,-0.003325492476671578,-0.002486032605718042,-0.04179655306288287,-0.0944677482987425,-0.0630934751886907,-0.11424113997796827,-0.025244720376204424,-0.1649317630939497,0.00038016003038343263
2023-12-08,-0.048159225793849944,-0.07386663008039802,-0.07586454818820412,-0.05189971304704159,-0.04913323111438819,-0.017108025540896965,-0.018935295811260584,-0.017751739871847774,0.17015640885255925,0.009669359310522076,-0.003424873971399246,-0.0025729083321019666,-0.04329801610458409,-0.09801991027456378,-0.06554170846324413,-0.1185293890787779,-0.026194924293006475,-0.16991455045054896,0.0003937801626613745
2023-12-11,-0.06026103011817742,-0.09368702523368691,-0.1005231258146098,-0.05780804861782781,-0.06115897048763474,-0.024887862607571264,-0.011220739456886855,-0.025227221237583745,0.1991818988341665,0.019140687646966487,0.0010126489770119818,0.03655031077017459,-0.07028106383693467,-0.18896118341371707,-0.09421927621340494,-0.12160623542833295,-0.007116703332164105,-0.19767021699119952,0.0005147145525205357
2023-12-12,-0.06122166191839948,-0.09521311961642363,-0.102204719506404,-0.05902198946569897,-0.062043650927518776,-0.025257276478233375,-0.011426309265236212,-0.02554145400439573,0.2016916248893299,0.0193791654040159,0.0010229880984748147,0.036924604291091685,-0.07112927168601574,-0.1911690089370563,-0.095645361755493,-0.12174880009026526,-0.007179547190809528,-0.20038347925270586,0.0005210721212066181
2023-12-13,-0.06350880654842563,-0.09890173757575514,-0.1061799689369466,-0.061515862651086405,-0.06408914041669943,-0.026162788986629645,-0.011818019758655858,-0.026489368553596584,0.2085783488331964,0.02008106238154006,0.0010609277732422343,0.0381589503180937,-0.07396694310508645,-0.1981155824586839,-0.09884006962194512,-0.1258219023851326,-0.0073104164749530605,-0.20663825947305853,0.0005387980248041899
2023-12-14,-0.04777683439991543,-0.07440279677336273,-0.07993776072586496,-0.04622879215932595,-0.049167649319827006,-0.019697098461508057,-0.008856783231601302,-0.019903362665715504,0.15555556016674282,0.01512285146841568,0.0008057400753554143,0.0287009825689956,-0.05580809284786112,-0.14925754870884217,-0.07615382412096794,-0.09547362931029094,-0.005487237828097265,-0.1520343771410878,0.0003998188848447193
2023-12-15,-0.04747105358286172,-0.07368847238701119,-0.07925451184425103,-0.04559892805881941,-0.04989057811184522,-0.019589102268197548,-0.00887162247791837,-0.01980780255157135,0.15383252918256596,0.015053846307580974,0.0008161433960865964,0.02864535800313488,-0.05568139388985058,-0.14800241423148727,-0.07734967116530193,-0.09480706449671368,-0.005507336432418265,-0.1487037246331192,0.0003947134551323659
2023-12-18,-0.02706911883310051,-0.045381807535122096,-0.04739645642116519,-0.032191195092443274,-0.031472182247915356,-0.0031579095766692223,-0.011703779689808916,-0.000508530466631253,0.17631989377817622,0.012762974560756597,-0.0010570017735760083,-0.0298997902581037,-0.02193528377639616,-0.05262004105522779,-0.03400669709467941,-0.08914297999732437,-0.06623596370205909,-0.1394461687867121,0.00028932372271560055
2023-12-19,-0.02812073786445544,-0.04719970028777258,-0.04906536952214586,-0.03350312654090412,-0.03256135790800306,-0.003273943366575191,-0.012098460725042365,-0.0005248766710147477,0.1823347329653124,0.013171103148326296,-0.0010844836284210643,-0.030831613789350662,-0.02259179110381834,-0.054457102851861665,-0.03509140462625708,-0.09261431252164898,-0.06899538460098957,-0.14419971913850724,0.0002992301819314363
2023-12-20,-0.029465504444625437,-0.04940200186563897,-0.051389203250476745,-0.03503250250903525,-0.03453115293813807,-0.003434786957299056,-0.012693521141303316,-0.0005467119059170704,0.18975861195750593,0.013728088127678121,-0.001134303591871434,-0.03209607486284821,-0.023532924962568053,-0.05681543102642374,-0.036784453049712694,-0.09700625512621563,-0.07232488035889705,-0.14935729264762881,0.0003112990592785091
2023-12-21,-0.028362935521799863,-0.04755619748810229,-0.049536400025128526,-0.033689304832310765,-0.03304871021330648,-0.00331907858049491,-0.012167901561594295,-0.0005356288237041028,0.185484765166681,0.013466498949494024,-0.0011147683159993926,-0.03145649687703647,-0.023032536691632084,-0.05546835866443666,-0.035470696054702384,-0.09417831964095086,-0.06978475937440975,-0.1464399757957528,0.00030387895941259645
2023-12-22,-0.029824238180671977,-0.049855950717426205,-0.051871445578359585,-0.03539381828262713,-0.03490550152393186,-0.003502731845894458,-0.01287400975676809,-0.0005562006339599405,0.19281635299052638,0.013963366117901508,-0.0011503740141060141,-0.032613398128192264,-0.023910878822127318,-0.05786565309440562,-0.03716340393660946,-0.09849681661093578,-0.07260267904871588,-0.15107834613058727,0.0003155818042669114
2023-12-26,-0.05904879999119468,-0.08537977980448105,-0.08821372931702778,-0.06396711149157353,-0.050673713371758175,-0.025541005330184774,-0.027087228524060373,-0.023393452327982792,0.1891776545300993,0.007218632952215801,-0.00587673809350874,-0.01466791483064019,-0.050477569197965116,-0.10621344550368217,-0.05870282104238306,-0.11255083515894426,-0.02984253853382397,-0.17247571165147696,0.0006356606569777417
2023-12-27,-0.061573214789910916,-0.08897490590118518,-0.09192124869242883,-0.06678669054104448,-0.05326923059353549,-0.02662514052904769,-0.028330387966243434,-0.024325109894410207,0.1962187592190246,0.007495633182023431,-0.006115780641240417,-0.015229772418398069,-0.05249129388447085,-0.1104338404922991,-0.06136888013914625,-0.11768697227010205,-0.03127484774508585,-0.17858695009412226,0.0006596414007512386
2023-12-28,-0.06400285864142129,-0.09238950945372622,-0.09558378755366148,-0.06936552580551497,-0.05540849410421942,-0.027744091258001372,-0.02953469713773347,-0.02537345248687812,0.20362960388360596,0.007829785986117561,-0.006451350864725434,-0.01585767422026156,-0.054915306131855544,-0.1149368633483436,-0.06391859294582597,-0.12253644491943079,-0.03227208120756201,-0.18414930617182365,0.0006837203239847065
2023-12-29,-0.06550595136501526,-0.09459497870986061,-0.09795066197968984,-0.07096005292265607,-0.05649377748151714,-0.02832040386878625,-0.03046305109534344,-0.025912017252693566,0.20838642003367627,0.00798309907653771,-0.006554903686071509,-0.016177479181242998,-0.05605861652468138,-0.11725880795919781,-0.06588387760044431,-0.12468484735815162,-0.032749192083252165,-0.18910340311062804,0.0006997773418393689
2024-01-02,-0.06074065595185434,-0.08373897913740085,-0.08846731518956544,-0.056825307621078874,-0.051684004813821974,-0.030206088872478342,-0.02877858337402978,-0.01941820558127539,0.23427042487014,0.011764324630654167,-0.00427117158951388,-0.01768474125724753,-0.049994328305896535,-0.11663929204515341,-0.06764455113462547,-0.12769363585409196,-0.05161134313039946,-0.13603430977779696,0.0005726546576797633
2024-01-03,-0.05989227485143633,-0.08281524420980292,-0.08803515617702742,-0.05555838145286424,-0.051096775093122444,-0.029706107434275444,-0.0282867537590334,-0.019220623977915133,0.23270602897203047,0.011656330974122928,-0.004223339935231203,-0.017563543746692608,-0.04938409909468523,-0.11561210918469168,-0.06785348975224044,-0.12669679533117778,-0.05091005875503711,-0.13643945909369984,0.0005695248385479063
2024-01-04,-0.0560389468671686,-0.07746851510579232,-0.0823953754592211,-0.05184488123339309,-0.04690645174858851,-0.0278064540904721,-0.026530680813285676,-0.018136922374689637,0.21952805634025535,0.011019886755688102,-0.003999813721953891,-0.016591120753025285,-0.046470190724242494,-0.10874156171678316,-0.06246583657994322,-0.11849665828526998,-0.04863033890102521,-0.12910546584181012,0.0005371417994197103
2024-01-05,-0.0569119692170306,-0.07850824321275136,-0.08384493932975584,-0.052439218443055984,-0.0475962838571694,-0.02833570352585023,-0.026884909355003612,-0.018365106549963685,0.22305717602894845,0.011136365877350481,-0.004004805728451141,-0.016789680507608165,-0.04698324739939189,-0.11012591818146379,-0.06339196179094343,-0.12059611947770696,-0.04917430135434892,-0.13126102176729568,0.0005461099649502371
2024-01-08,-0.0523578361164969,-0.07065001341640174,-0.07776897396631882,-0.04549633853870005,-0.044877996463949424,-0.026105352291987814,-0.025207891810191577,-0.010823891469969376,0.24525844782329295,0.01675635924948999,-0.0011955094385497046,-0.03106114780946063,-0.04387675691891939,-0.11545807465864884,-0.05467799124967273,-0.10129000147354532,-0.07758942772765551,-0.12540397631585262,0.0004252662736098482
2024-01-09,-0.05518369597896559,-0.07463132306532504,-0.08147077831567785,-0.04836305402889399,-0.04758140834360619,-0.027477907855050557,-0.026326850871975782,-0.011315393357957672,0.25565120602964064,0.017510068047178855,-0.0012573882788083377,-0.032437569870300144,-0.0460460049892428,-0.12092210800527985,-0.05776158044568156,-0.10466739784174707,-0.07963969114971912,-0.1303680344546016,0.00044290816934899484
2024-01-10,-0.05652541624461284,-0.07667817472499466,-0.08346310211955031,-0.04986326612061189,-0.048522642786312555,-0.028021698147618183,-0.02670641663353473,-0.011641030973491855,0.26312595608416944,0.018010100269672938,-0.001285586772656644,-0.03331237209169885,-0.047462978194054366,-0.12462091541531242,-0.059036770045580014,-0.10773580899366081,-0.08254939719285306,-0.13458831935530635,0.00045574684202623507
2024-01-11,-0.05853752515749214,-0.0794861841760932,-0.08643892664555872,-0.051746973939712844,-0.050044936221171725,-0.029071144128622668,-0.02746519103730404,-0.011976340701638897,0.27122791431804444,0.01853552505696,-0.0013189999400844866,-0.034309172586304774,-0.048861968632365804,-0.12869100154155247,-0.06092431514303241,-0.1107990267264102,-0.08451023583919542,-0.13847974281440925,0.0004697798243069183
2024-01-12,-0.0603910745183522,-0.0820074066001252,-0.0892720657141579,-0.05352301748714243,-0.05124993911642396,-0.030002461460251966,-0.02846546107385826,-0.012432044818527832,0.2806031665175404,0.01923410046399719,-0.0013690813305332892,-0.035602100736602825,-0.05073792413494611,-0.13326074815920091,-0.062301426832032006,-0.11458953336628437,-0.08786887771176842,-0.14303950575832197,0.00048489445134150126
2024-01-16,-0.07662664970512749,-0.10935708515912687,-0.11528617452792989,-0.07646721462315477,-0.06579282859467474,-0.034491741482054514,-0.03366340149429594,-0.0249551156183352,0.25026448083193914,0.01515604735126779,-0.00381446106972862,-0.017673565528687898,-0.0629833897549145,-0.15373042570258483,-0.08129504673197367,-0.14204107308427416,-0.05405449083110111,-0.2040419716476461,0.0006073772962801728
2024-01-17,-0.07586048378012855,-0.108820861300672,-0.11445442508548674,-0.07636516671670193,-0.06489869799507246,-0.03387088051574466,-0.03280695252832935,-0.02473814074310309,0.24956038728888405,0.015014603493835214,-0.0037426422710616887,-0.017561640339183796,-0.06226756637253367,-0.15257205315537,-0.08059767327691603,-0.14051935389553197,-0.05352264846256696,-0.20557137079505647,0.0006066261002397573
2024-01-18,-0.07222222505316683,-0.10382092656847712,-0.10952979924217653,-0.07285043997150467,-0.06181921453800192,-0.032187079021757305,-0.03100551148743655,-0.023668284552743477,0.23895885452922594,0.014358026119593885,-0.0035849592032017163,-0.01679654959854564,-0.059612966379992666,-0.1457499418049341,-0.07591077167752656,-0.1333272619522636,-0.05127845687225251,-0.19736480505013268,0.0005819887918611119
2024-01-19,-0.07122784690624066,-0.10240918695964696,-0.1076885841429885,-0.07223743811739254,-0.060798386811641854,-0.03174934714806051,-0.030563725558553582,-0.02311942897036469,0.23374580876647877,0.014006966793524409,-0.003472461895359672,-0.016426724283961764,-0.05817184383902761,-0.14279744806435218,-0.07381618693902939,-0.13142829255031152,-0.0504567216120281,-0.1931740005496003,0.000569014939686843
2024-01-22,-0.06675077939043479,-0.09918637670547464,-0.10356130368443482,-0.07009617335968124,-0.05820466693440017,-0.028403234278709572,-0.026021843857924207,-0.030974652993473975,0.20613727211758556,0.007418009451648725,-0.006983306208315436,0.0003360167122664888,-0.06240877756121164,-0.13553025415026798,-0.07900272431079775,-0.12270066158102952,-0.014838972087424024,-0.1979617766913032,0.0006264661494460516
2024-01-23,-0.06916786183120373,-0.10283344684721274,-0.10755866983460251,-0.0726149579812183,-0.061503669909661184,-0.029476904703137855,-0.02668330488288272,-0.03210465498741168,0.21336995940292844,0.007697983481392222,-0.007267806055422679,0.0003477993755205313,-0.06474472680773079,-0.14032622385792046,-0.0822229413337564,-0.12646434330833414,-0.015415113794811492,-0.20488167449615421,0.0006481307865546297
2024-01-24,-0.07155262271025654,-0.10646958887084995,-0.11073715486266303,-0.07527504655807343,-0.0633091165837744,-0.030344282053564955,-0.027785388089828802,-0.03306222490252579,0.2202453948564619,0.007926976808107427,-0.007443459661196582,0.000357876623326025,-0.06659453027117838,-0.14469679966750423,-0.08429980513976149,-0.1310643789503538,-0.01600045811820417,-0.21204369917189986,0.0006690971078146274
2024-01-25,-0.07228429432307243,-0.10731832707757245,-0.1112185801439307,-0.07621283549013834,-0.0632204178362203,-0.030784144559528024,-0.02828973956171117,-0.03321462621190732,0.22165057611438052,0.007958755382040716,-0.007450703609295004,0.00035949142370116793,-0.0669227965955773,-0.14561549343623825,-0.08366533503228119,-0.13087661419352403,-0.016248590777851783,-0.2128857994356535,0.0006736944337096225
2024-01-26,-0.071434963355374,-0.10620884343870005,-0.11016536994874074,-0.07510852723847247,-0.06274384923457321,-0.030386484475913134,-0.027881697243150403,-0.03284060816732417,0.21857146125554536,0.007867777186832655,-0.007381713451317405,0.00035504681480691755,-0.06630905253767434,-0.14442731480426793,-0.08341002616147486,-0.12933434848899597,-0.016115327390860766,-0.2101504271407366,0.0006631229485007461
2024-01-29,-0.07502791673440305,-0.1092473222560473,-0.11401606467168829,-0.07874550627421922,-0.06402838509213477,-0.031968079645921695,-0.03185460505683038,-0.0217966682614417,0.2192253210914635,0.016148361696135777,-0.0024107238808502647,-0.004900688758017248,-0.057223164005811206,-0.14273187165465104,-0.07610450417758335,-0.13130542480327706,-0.03376230151149703,-0.22039265981766396,0.0007346004446227645
2024-01-30,-0.07785808101273381,-0.11351580482553428,-0.11822473824455852,-0.08201065084215195,-0.06716260166563764,-0.03314935314638398,-0.03285604267729131,-0.022559702565877963,0.22622113129758473,0.01674739009473243,-0.002513855033529932,-0.005074404965220039,-0.05923512870857166,-0.14746562750642106,-0.07897394968478284,-0.13631922278857028,-0.03451332415777256,-0.22720446683268483,0.0007573051774666745
2024-01-31,-0.07812679241019423,-0.11400662336152816,-0.11919359479258675,-0.08188030257108207,-0.06692972269793762,-0.03327431479277035,-0.03276054466717235,-0.02271854498715809,0.22723695326821466,0.016855734245832033,-0.00254958595997883,-0.005097911214411481,-0.05972751970534611,-0.14802727816434452,-0.07863410299717767,-0.1372037617353061,-0.0349214712940649,-0.2281990594956345,0.0007611683152255142
2024-02-01,-0.07237748818557532,-0.10525776932072105,-0.11096435258151313,-0.07534560866097864,-0.06128393174544745,-0.031073031415853988,-0.030580951843551134,-0.021420325451540153,0.2136683336985456,0.01595267661130647,-0.002416476751222454,-0.004816032001968187,-0.05620161203530663,-0.13854137217997298,-0.07309822223697024,-0.12868044605404785,-0.0324278963636185,-0.21472204096981354,0.0007144136735653079
2024-02-02,-0.07478683263230917,-0.10883077057263256,-0.11435649214677625,-0.07780229069733725,-0.06337576387596494,-0.03202560789383301,-0.03151134211355534,-0.021985883147363,0.21839145833723225,0.01638194696860594,-0.0025146037342809596,-0.0049238419653382425,-0.05780226199883833,-0.14220796271425198,-0.07595487414488082,-0.13269558651852953,-0.032695339513242605,-0.2180402578116784,0.0007291217477311264
2024-02-05,-0.08468730102291222,-0.11341919706672945,-0.12133697811656388,-0.08036208698233507,-0.06705440366568993,-0.04439916236476119,-0.04117403415555066,-0.028598113446785804,0.19430820185502576,0.012276786490732222,-0.003374800387720348,-0.007234024624236901,-0.061715646587231575,-0.15814921723470193,-0.08171604792769022,-0.10813676611051712,-0.02888327540565724,-0.19113184959506352,0.000684988164044061
2024-02-06,-0.08357823074512843,-0.11195797437377143,-0.11932795070187502,-0.07951272093575242,-0.06558836639741487,-0.043753180220012046,-0.04084486509260323,-0.028099751456513056,0.19212974904214875,0.012044531946814738,-0.0032759777892999767,-0.007126733128338359,-0.06055749368848339,-0.15595140445730946,-0.07925923251743658,-0.10654293949963214,-0.028733432515070146,-0.19037549216573138,0.0006786341113677743
2024-02-07,-0.08501337578497922,-0.11355177138645417,-0.12114822686423819,-0.08024977963301144,-0.0669273288445818,-0.04451987191978347,-0.042245664119624986,-0.028565684932305244,0.19460972118012101,0.012246280059627239,-0.003345376324287089,-0.0072316475891844685,-0.06158585995474494,-0.15828845155168683,-0.08123223375066559,-0.10830977758895848,-0.029164255151746275,-0.19197834188104934,0.0006863024139734333
2024-02-08,-0.08825277539269952,-0.11825875516187255,-0.125643132743759,-0.08373791938770712,-0.06896446512976825,-0.045957361873192555,-0.043688050455333485,-0.029443623558906035,0.2009266768462095,0.012625824263199886,-0.003438510329715266,-0.0074551288008082904,-0.06342179043317309,-0.16376188895297608,-0.08377944594457808,-0.11183679433654388,-0.030258998051953614,-0.1980701762133746,0.0007088392570869577
2024-02-09,-0.08843438328028363,-0.11857714622387176,-0.12614725369289934,-0.08408173486499432,-0.07016774698151049,-0.045981097361960634,-0.04354326175357508,-0.029419478339851403,0.2013294518194616,0.012612919714018057,-0.003426206867285524,-0.007466291581236162,-0.0632374879726275,-0.1640453092112105,-0.0846511598774349,-0.1119873007812156,-0.030491893103334125,-0.19872860432186862,0.0007104338934033312
2024-02-12,-0.0801420908190555,-0.11124792040594467,-0.11956969434113845,-0.0784481207351206,-0.06507319916484507,-0.03823459307809649,-0.03561018944658676,-0.026037566908403004,0.26051224155287345,0.013977594913908757,-0.00517836786198415,-0.012618019526034384,-0.0634959217721003,-0.1521580852921908,-0.08306123480933171,-0.13368557530362907,-0.04285109243577963,-0.2081697853861176,0.0007594558934649968
2024-02-13,-0.08029444941662983,-0.11127274179826566,-0.12007892821328117,-0.0781929407947235,-0.06629881629212289,-0.038325962224175676,-0.03591287142623341,-0.026060149797406833,0.2607167381448745,0.014000174639491542,-0.005187870150578802,-0.012631128833772102,-0.06354386453777658,-0.15192430242900054,-0.08313596526444378,-0.1334247098913735,-0.04289873804597997,-0.20853092889155544,0.0007599589297422671
2024-02-14,-0.06803346900923303,-0.09448355769316896,-0.10197581952851997,-0.06627214866926362,-0.054733227453116214,-0.03249024863113562,-0.030338737512572565,-0.022230348549439255,0.22375729411127238,0.011921257328168837,-0.004390091821094737,-0.010805563385295213,-0.0541078080330545,-0.1297523710053117,-0.07010234279871023,-0.11329137018358243,-0.03671913780377055,-0.18094959663191898,0.0006543057033751398
2024-02-15,-0.07093109702961546,-0.09831968149284746,-0.1055642483681452,-0.06908653805234603,-0.05775344553921526,-0.03387933048724282,-0.0317338311696206,-0.023026481090108627,0.2310846047840119,0.01233955267597159,-0.004550231012623889,-0.011190457005182671,-0.056058343683387746,-0.1343287196930755,-0.07286006207514131,-0.11675975178580096,-0.03750669879114467,-0.18627016775818478,0.0006747392983011394
2024-02-16,-0.07018812013907615,-0.09718075671860668,-0.10469425975130733,-0.06802025437774309,-0.058205051301814546,-0.03363382988507245,-0.03130037944337972,-0.022657270899321902,0.22706475398936904,0.01214657465930566,-0.004489801755267351,-0.010998490396540588,-0.05522896891926515,-0.13232600270898237,-0.07318808274555211,-0.11538705613847684,-0.036902129028444544,-0.18213729906169512,0.0006623531318340067
2024-02-20,-0.07844010158286355,-0.10429992625826298,-0.11281782332139435,-0.07175002575102128,-0.0581249588615891,-0.04242203076071076,-0.03487524885994378,-0.01085200222930846,0.17895933762743566,0.025572704774868883,0.006230767567161865,0.0031600910164497576,-0.049710805699594685,-0.16738948440848853,-0.0705959002740082,-0.12237973454730516,-0.04894901318795228,-0.16331784420703085,0.0006460127108120965
2024-02-21,-0.08011543211932988,-0.10624410631839991,-0.11540739846069561,-0.07293733330407737,-0.05871544651712351,-0.04362908200384697,-0.03577546729767022,-0.011125786623224615,0.18341658636541605,0.026238304022589587,0.006387550484332,0.0032383401135869343,-0.05108829182026229,-0.1718102719220922,-0.07218136217084305,-0.1261111796279435,-0.04986435131539553,-0.1670448627531522,0.0006616974252890063
2024-02-22,-0.08265795038505186,-0.10968374762445546,-0.11914696677842886,-0.07492947532512347,-0.060275257555053835,-0.0450361582652787,-0.03696462004978398,-0.011441344523411428,0.18902123302730622,0.026976786201327034,0.006541541444105641,0.0033363810487253547,-0.05256261137370142,-0.17689025257569352,-0.07486626115253675,-0.13008312441576544,-0.05164338457938011,-0.17211258328229964,0.0006825015837870683
2024-02-23,-0.08510231576010693,-0.11330968209200998,-0.12199257814535341,-0.07805719356735567,-0.06146759829418341,-0.046094456541686826,-0.037793800741131464,-0.011589481264689583,0.19128718212545157,0.02730645109411197,0.006653091074188732,0.0033723355343814325,-0.05328331288934087,-0.17989369994630208,-0.07591618348815278,-0.13171485593793714,-0.052411435789050484,-0.1741971884934079,0.0006907679541536009
2024-02-26,-0.05673597491399483,-0.08710442883043826,-0.09313422378983188,-0.059063370630020554,-0.05368045955263222,-0.018275286968923884,-0.023551285376638705,-0.01699812816118377,0.2567999462876908,0.01360034301513288,-0.0050531527098092175,-0.02134033685184687,-0.05005800343675366,-0.1135312445352699,-0.08107166821764507,-0.16140920691946486,-0.0652943039440583,-0.2097591984160515,0.0005748599592434471
2024-02-27,-0.05707067901474027,-0.08753512464812796,-0.09380193937992486,-0.05954223232131384,-0.05448549015146806,-0.018406965294248474,-0.02364942047441029,-0.017107985376365483,0.25882816737156683,0.013697413101122755,-0.005081602982253332,-0.02151658337687401,-0.050331597948383267,-0.11414195755869531,-0.08087535489020718,-0.16244107746299988,-0.06646424087981,-0.21119400335124683,0.0005798260656486194
2024-02-28,-0.059063855188925436,-0.09058192566141253,-0.09662652113322608,-0.06164836930421648,-0.05707476354363138,-0.019063986937486635,-0.024475543707079033,-0.01764697702613,0.2673404142319345,0.014116245165306626,-0.005211708801324753,-0.022197006452094756,-0.051914486870286686,-0.11804870168356728,-0.08363475128788468,-0.16760508012562322,-0.06918201603849286,-0.21829553444567193,0.0005988951749229255
2024-02-29,-0.06049687276440572,-0.09304949412341053,-0.09937477393254464,-0.06307392482495854,-0.05822367775741536,-0.019495372172339435,-0.02484610735839183,-0.018187252747662173,0.2752561052128098,0.014572678522013802,-0.005394804948220356,-0.02290505377287773,-0.05339431752629474,-0.12140928617478551,-0.08689749050342689,-0.1727105000473118,-0.07087101953213097,-0.22469929361328567,0.0006160240524250957
2024-03-01,-0.0614702014054113,-0.09452165360152025,-0.10067578503840961,-0.06438942144286677,-0.05934370558235393,-0.019784096251281285,-0.025161379317215304,-0.018439123083724886,0.278779932005855,0.014780015623401598,-0.005499064921196907,-0.023256012485189076,-0.05409504929569586,-0.12311122806970087,-0.08870263988272525,-0.1757149069768261,-0.07163667838837497,-0.22792356209455533,0.0006235288354228231
2024-03-04,-0.07931628388007785,-0.10246640884596932,-0.11076443247029864,-0.07854930339583531,-0.05680702362282668,-0.041383201835928383,-0.0473772004006851,-0.01597205024583822,0.25451657753127777,0.013547280050982545,-0.004999545448712853,-0.045341463666258255,-0.04475080075523139,-0.10355130266304902,-0.05643864980405545,-0.1263064527631341,-0.07271639451013213,-0.18447965288312085,0.0007725970275283326
2024-03-05,-0.08204630976216651,-0.10603714520752322,-0.11443069232414806,-0.08108349455269562,-0.05879544246804443,-0.04276136572928136,-0.04897171064657796,-0.01650566821376292,0.2634103811442055,0.014003206480215297,-0.005158489067546812,-0.04693243473447791,-0.04627407318228181,-0.10724708442884552,-0.05901516942702956,-0.1329647560965233,-0.0755697986002137,-0.19111332605362655,0.0008003787156062815
2024-03-06,-0.08040341042808635,-0.10371451763038482,-0.11188361132790683,-0.07867016256772597,-0.057531814123628254,-0.04217092653012886,-0.04795134073983246,-0.016395942831652792,0.26043300871506386,0.013919934785964191,-0.0051690148802192495,-0.046580113836946775,-0.04596779334011159,-0.10587450454556907,-0.05759793203786592,-0.13215603474205573,-0.07408819728102262,-0.1886122238571837,0.0007907502051756035
2024-03-07,-0.08326542491429557,-0.10711692019778289,-0.11526620056503399,-0.08134930856949377,-0.05956068350894319,-0.04384814814071336,-0.04998867242733314,-0.01687428278885022,0.2676860776515831,0.014338819952029888,-0.005342841640060937,-0.04788345388119985,-0.04736291708951622,-0.10906457673595663,-0.0594823779229957,-0.136919011844481,-0.07675582084938984,-0.193125668388284,0.0008125736638074825
2024-03-08,-0.08444120048484122,-0.10857639492373337,-0.11606781155730767,-0.08288647303324082,-0.06027684660540651,-0.0445295707500253,-0.05048060703424911,-0.016972381030852315,0.2689954318429705,0.01441557360526303,-0.005357381068659771,-0.048032001743668534,-0.04765454556425583,-0.10959146807776418,-0.05968646416396479,-0.13820151221295776,-0.07724531383508618,-0.1928606498638662,0.0008155494671141124
2024-03-11,-0.07288681604611336,-0.10346738401104462,-0.11606313571900213,-0.06598606984606582,-0.05904665706487964,-0.036981819362324586,-0.02372868877150455,-0.033026000947597466,0.22801632435203822,0.014542946135580982,-0.003379341400071579,0.011981767712109664,-0.0787273268379676,-0.199080689343306,-0.08945764248141944,-0.10432195934730898,-0.020349501538630316,-0.1978707842920217,0.0007932080602649372
2024-03-12,-0.07284660074095012,-0.10353214586475451,-0.1163645653732079,-0.06583884954878765,-0.05866557091070974,-0.03682651612415001,-0.023816371534481386,-0.0330380909254442,0.22815995439416178,0.014546220418689883,-0.0033825988933350046,0.011978395533223215,-0.07885886647269325,-0.1993510398669247,-0.08916176439880152,-0.10466881605165126,-0.020554422918371878,-0.19837902112643457,0.0007943876547226634
2024-03-13,-0.0737806573500736,-0.10492721120580613,-0.11738930357215677,-0.06696218286384625,-0.058743007045627155,-0.037220730627835465,-0.02414307865190898,-0.03304254594328827,0.22854935992758701,0.014525514432974505,-0.0033633342268348087,0.011987117980022922,-0.07881706048883091,-0.200067770470678,-0.08920691085396003,-0.1038019777425345,-0.02055437382689427,-0.19905538249711865,0.0007965232186054799
2024-03-14,-0.07374234559859737,-0.10484305709149126,-0.11760860608518367,-0.06649845602009384,-0.059017576719690934,-0.03725396240693201,-0.02408564839909825,-0.033007093499632795,0.22861257577786345,0.01450442458459182,-0.0033495935881519092,0.011979520813753152,-0.07879766719279659,-0.20029873224982656,-0.08882442237407297,-0.1046095163081592,-0.020856089381166974,-0.19899328999187704,0.0007971340160832402
2024-03-15,-0.07340015657824359,-0.10456352269459653,-0.11718186173075924,-0.06628497357526386,-0.057921750286228146,-0.03695641782040073,-0.023946416568786967,-0.03277503445931905,0.22825868057173013,0.01438704810017131,-0.0032958759450873133,0.01189854593407914,-0.07816307458531657,-0.1992045744801481,-0.08743182492947994,-0.10410078579779092,-0.020906206064850223,-0.1999287668281167,0.0007965832897901334
2024-03-18,-0.059058867105688334,-0.08980430287062341,-0.09985844297779946,-0.05733337478740115,-0.05723930288957554,-0.019167918071189335,-0.024250062603529698,-0.011836580233852976,0.30557436497178736,0.021159372998183983,-0.0025796194074189783,-0.03450614193140953,-0.053609909079555124,-0.13810005788706273,-0.08126532703101075,-0.13747857022869295,-0.09532640785579416,-0.2345841812149127,0.0006685869556926016
2024-03-19,-0.05943012161956291,-0.09053642980939512,-0.10026653477982361,-0.05800730913743153,-0.05703626856705762,-0.019205147868180898,-0.024345053076272487,-0.011850361184186807,0.3062830861674184,0.0211809417220171,-0.0025774957926683385,-0.03454940369142694,-0.05363794945689437,-0.1387266051408491,-0.08148205153880951,-0.13800128964037392,-0.09641726049066165,-0.2356035641421561,0.0006700554303784501
2024-03-20,-0.059736500309922565,-0.09118879662694834,-0.10125199881753015,-0.05824717210410551,-0.0573710611803527,-0.019270778527720137,-0.024265545436879327,-0.011899158855280801,0.30704856422080873,0.02127689929897179,-0.0025889654846594644,-0.03465491768660053,-0.053880622671294176,-0.13951169515829037,-0.08158688801960107,-0.13806859041872355,-0.09653328120416431,-0.2365789433836376,0.0006711539014124988
2024-03-21,-0.06050176078905038,-0.09227689906757665,-0.10258342188063742,-0.05909447439616716,-0.05866211497203433,-0.019527432887743893,-0.024605446228339198,-0.011955330847191253,0.3083555263716904,0.021383503265787574,-0.0025950110111543187,-0.034884239026295935,-0.05412396064092964,-0.14035149628354882,-0.08234148943911566,-0.14008467765209962,-0.09653698054141625,-0.23611088058000806,0.0006729381923168302
2024-03-22,-0.06074574827474693,-0.09275236290129951,-0.10349045154697056,-0.05948347175781036,-0.059445385663949135,-0.019553594750667275,-0.02468075203432782,-0.011985952672658427,0.30892340568438287,0.021425157153057397,-0.0026053872583361596,-0.035010662253814544,-0.05430388654874966,-0.1405376888982675,-0.08308950250797482,-0.14019689797674598,-0.09658807774972336,-0.2381519792184495,0.0006741775009896275
2024-03-25,-0.08372165140955803,-0.11527806384837909,-0.12653724296364352,-0.07183964605836538,-0.0679207917850085,-0.04400562413128693,-0.03043549525947066,-0.013057000274579093,0.21147276210298963,0.03340763126128804,0.009251796117084363,0.023591463046046656,-0.06498073705951839,-0.2241259687262388,-0.09567288073880394,-0.1297274169389129,-0.04572507119175201,-0.19782724117677747,0.0008800783291394637
2024-03-26,-0.08361952466871088,-0.1150500363150726,-0.1261296624844138,-0.07163524020829949,-0.068130009955487,-0.04394624422169648,-0.03048180056712179,-0.013043228326178597,0.2115355333312655,0.03334548195644808,0.00921277038155959,0.02353524456593087,-0.06481045150083913,-0.22395595863053544,-0.09515942870902937,-0.13024421750617005,-0.046143897660880534,-0.19749352806289325,0.0008807707941234677
2024-03-27,-0.08347504010150904,-0.11479636931224166,-0.1260523713934184,-0.07137771185560947,-0.06798298694668418,-0.04398024221745919,-0.03044852191834957,-0.013051905486692139,0.21151154770819172,0.03338303332686162,0.009235072172223155,0.023533407258969595,-0.06476924470587857,-0.22361595052288805,-0.09474051453928281,-0.13061857464274038,-0.04576478442484411,-0.19756249388405067,0.0008804550103822915
2024-03-28,-0.08443884190202654,-0.11624720479465801,-0.12809931610833533,-0.07192158325715572,-0.06975581751107951,-0.04443137519770129,-0.030628764545008288,-0.01314962595158803,0.21263347480963463,0.03365106845982333,0.009365830446790454,0.023705080347173398,-0.06549179063601086,-0.2257430958271215,-0.09759325952480247,-0.13211681826873048,-0.04591651058441662,-0.1985324651231288,0.0008841523103528627
2024-04-01,-0.07075619280506151,-0.10884296152748518,-0.11454873882910824,-0.06518070838184871,-0.06727889260851845,-0.027206102906179266,-0.02048950581322891,-0.024318367018113202,0.21947789299454562,0.02106275100758568,0.0010213591858576928,0.01974823280177215,-0.06982559318362186,-0.19763421090775707,-0.11387770776695437,-0.17410873574049623,-0.04161783878094152,-0.22675676109828985,0.0009385110710458938
2024-04-02,-0.0706533820922723,-0.10875248233655452,-0.1139525219512771,-0.06537814579372832,-0.06670609393487568,-0.027114921168950836,-0.020543093963186532,-0.0241635171130707,0.2192194453758227,0.020891166034761346,0.0010032318531460402,0.019638225923000546,-0.06921993241040575,-0.19700834412470117,-0.1120702082106276,-0.17604609608705837,-0.04185519070967686,-0.22784310570943497,0.0009393650533896651
2024-04-03,-0.07012561349784542,-0.1078921220829212,-0.11270956218834989,-0.06471260281680566,-0.06537735022947262,-0.026881891542216856,-0.02057578069283533,-0.024108324960655104,0.2189844272769228,0.0208139066409986,0.0009961439509354874,0.019613039318368403,-0.06900883070099946,-0.19636836339874733,-0.11048697490942162,-0.17836748048983878,-0.042170012157827536,-0.22716747840607257,0.0009378967880569478
2024-04-04,-0.07039756482535331,-0.10817200118401159,-0.11277128968464022,-0.064954735448059,-0.065904069445367,-0.027072070074300205,-0.020621495666668432,-0.024159295110689816,0.21947326595036415,0.02086956618995273,0.0009974156837255336,0.01964234018611182,-0.06915703091866744,-0.19681521326267515,-0.11077062887302815,-0.18020099626391048,-0.04274074723343451,-0.22646689354679134,0.0009392979574166655
2024-04-05,-0.06945538663293725,-0.10649156066278902,-0.11088604924381842,-0.063745987730885,-0.06502461212423032,-0.026749773126278336,-0.020477377766206808,-0.024135015182281234,0.21894855618676665,0.020870471881946656,0.0010011841479042123,0.019649556119668045,-0.06900099029562495,-0.19599898999244303,-0.10968807449313121,-0.17856381318655667,-0.04270514576800074,-0.22570371442135195,0.0009361325826352072
2024-04-08,-0.0761541869526947,-0.10236768622181817,-0.11056976420331655,-0.06067252958345264,-0.06299564085717564,-0.04075628660007937,-0.031424702759047525,-0.01846454652544782,0.24744953622199345,0.025631839293577426,0.0030288293720912066,-0.003599094748918303,-0.06570164695585147,-0.2057137514637871,-0.09520892844975265,-0.0949058577876546,-0.06701725935712959,-0.18496315829485724,0.000797987227788294
2024-04-09,-0.07645662730196993,-0.1026156601628915,-0.1108440453335767,-0.06080344465165788,-0.06345868005671021,-0.04103382903255147,-0.031689285525328625,-0.018481706673677656,0.24766653785444354,0.025621665215501948,0.0030341375644491507,-0.003604442997634052,-0.0658178186767808,-0.20657963065204088,-0.09640890816448634,-0.09567478992718212,-0.06711377369975395,-0.18504598179081275,0.0007994730551131135
2024-04-10,-0.07661862478431582,-0.1028017499041202,-0.11084261235907383,-0.06106842528152195,-0.06375052049629717,-0.04105557431967923,-0.03192391519424849,-0.01855701473335071,0.248072916904384,0.02574055226246013,0.003064369642970893,-0.003616282804459117,-0.06619949554629699,-0.20714472622301677,-0.09775711211452555,-0.09626383037129367,-0.06679004944192372,-0.18510195901867976,0.0007999975359512939
2024-04-11,-0.06556827366324319,-0.08809881068041024,-0.09488196742223272,-0.05240219058461319,-0.05372803578966168,-0.0350693008110741,-0.02725795796679415,-0.015871534973771834,0.21387250889307502,0.021986056513403948,0.002594847483661625,-0.0031002479471679703,-0.05649021206839438,-0.17773363464665964,-0.08111877620260474,-0.08254172830805653,-0.05811035914640839,-0.16193186783244665,0.0006925142938345423
2024-04-12,-0.0675748817140919,-0.09094306044427969,-0.09721914271091377,-0.05454611590245166,-0.05541979403163698,-0.03602670840692809,-0.028096553356567695,-0.016264621934785763,0.21939396138709508,0.02249406216677622,0.002646476479924911,-0.0031736661162850726,-0.05775711407644062,-0.18193080400583042,-0.08339282745962884,-0.08621178599100926,-0.05943676846073099,-0.1660237922357002,0.0007095173708343187
2024-04-15,-0.08564479116808069,-0.11177375003099314,-0.11845849315877592,-0.0794590478057651,-0.06359682951927687,-0.04719002313465269,-0.04327368544266304,-0.019237454527488956,0.2007983625494803,0.020414352518879027,0.0014169524013503258,-0.013924038814349516,-0.05734397083554311,-0.17273692814297686,-0.06902470617016068,-0.10070543286461744,-0.053387994565198216,-0.1947564667629682,0.0006309880338361401
2024-04-16,-0.08325435990053401,-0.10834260263373054,-0.1154952692318901,-0.07671390154975354,-0.06151237245330632,-0.046183809239168504,-0.04220497529109783,-0.01876935590653183,0.1970309532508682,0.01991065927117324,0.0013693141825549785,-0.01362405140363823,-0.0556679098149522,-0.1685817566764472,-0.06660208476775252,-0.100702928098033,-0.05247196017394942,-0.19150444724743793,0.0006193781049004433
2024-04-17,-0.08342418614334891,-0.10893955198505363,-0.1165504290690007,-0.07728469532840605,-0.06173642983712918,-0.046064005851151966,-0.04195551388770432,-0.018853733446250895,0.19835632508445158,0.01997821982733858,0.0013702191784276327,-0.013668357218181717,-0.05588978296276843,-0.16926122453129838,-0.06614751327842988,-0.10156676521939377,-0.05276845010885566,-0.19317855338277443,0.0006239287253875017
2024-04-18,-0.08317821305665035,-0.10837529884895468,-0.11647349620974103,-0.07639843969996112,-0.06112983652735907,-0.04612846735558769,-0.04195499165786948,-0.018955033388289924,0.1986505067698066,0.020119995961547534,0.0013864563431947273,-0.013731747824310392,-0.056236285752604406,-0.16961079656034725,-0.0657118308508981,-0.10089331674443862,-0.05198359262415831,-0.19272069880595594,0.0006243923852197315
2024-04-19,-0.08554371620137945,-0.11138664238941252,-0.12008060176059372,-0.07823418223103967,-0.06290576169712726,-0.04737719915415597,-0.043383779205124505,-0.01946672395135774,0.20449054098368424,0.02064957298562454,0.0014207214430754385,-0.014123685028739733,-0.05780233564770474,-0.17482140069538665,-0.06768559307910024,-0.10426548348482857,-0.05351524988799683,-0.19889704284631965,0.0006430651493668949
2024-04-22,-0.05976537783757905,-0.0893363481977048,-0.09368845233979466,-0.06111127431958291,-0.052964229982656603,-0.02278450842634751,-0.024930566422257848,-0.04210647119688012,0.2893634927600731,-0.003851734769444932,-0.017480137290569495,-0.03470141823267038,-0.0745531867044481,-0.12244516767854423,-0.08065481957508366,-0.13977656203360772,-0.04924668652413098,-0.2038460130612324,0.0004962279882138058
2024-04-23,-0.0623559809017782,-0.09312288865683559,-0.09742310053055495,-0.06375498192742143,-0.05531714611793541,-0.023808666377703586,-0.026028953123542586,-0.043518015740329596,0.29902305524478406,-0.00397878922160228,-0.018024392050235555,-0.035845561787396486,-0.0771946461945552,-0.12716943986875737,-0.08404437066049582,-0.14080515022829063,-0.05086558994717297,-0.2106199701458369,0.0005125406631454468
2024-04-24,-0.06322680004406465,-0.0944880302801822,-0.09836904098435817,-0.06488498774686703,-0.05639858407921061,-0.024134796344593746,-0.026315378799094562,-0.043729580051554605,0.30010688686878567,-0.003994987170032565,-0.018080232402500965,-0.03597846856900237,-0.07754006919084352,-0.12803785517873512,-0.08504824599819334,-0.14084664101636296,-0.05122358693696342,-0.21032464708638454,0.0005139553355919394
2024-04-25,-0.06320905049341846,-0.09446974619111903,-0.09824849748345038,-0.06512311401972208,-0.05616158992928258,-0.024095066858888237,-0.026413838839718172,-0.04362753817432213,0.30008046041076375,-0.0039839326252363305,-0.017957345427343455,-0.03591381621884559,-0.07726030177665155,-0.1277900793005261,-0.08523083420788882,-0.1406241969888166,-0.05117269745174908,-0.2106030258254026,0.0005140999004053853
2024-04-26,-0.06301581460716502,-0.0941141835519614,-0.09735235505777676,-0.06481086348138733,-0.05582263070254709,-0.023984274207633632,-0.026473311260439097,-0.04350558097071227,0.29986944524339826,-0.003968847753388258,-0.01783202560989239,-0.035860703827802404,-0.07703500750924112,-0.12752742058876507,-0.08474728140818834,-0.1414677928045635,-0.051457472547166885,-0.21017198337194146,0.0005141180273171087
2024-04-29,-0.07348786157821242,-0.10473702352577077,-0.1105404966760334,-0.07104073291982001,-0.06324245171517716,-0.032097263994469556,-0.0327319883783248,-0.023406737417063523,0.2664787554917135,0.015628438264776917,-0.004354076689280071,-0.01890086443776192,-0.06307135200463729,-0.15524479370543628,-0.08370279411682444,-0.14772930703169745,-0.06529862223322928,-0.21882802095770956,0.0006734905017427611
2024-04-30,-0.0738808539864073,-0.10520954664649924,-0.11107859230351734,-0.07139811509466165,-0.06381419713114578,-0.03225192790205179,-0.03308195381557521,-0.023500637894072567,0.26686769458501824,0.015706811067766047,-0.004394836092642994,-0.018965632412601324,-0.06339653465117771,-0.15586128419992298,-0.08464076239111334,-0.14757173369837542,-0.06530648673610884,-0.21835716844631758,0.000674141461114635
2024-05-01,-0.06298940842029466,-0.0896333663865064,-0.09473619893687174,-0.06064135650977261,-0.054120017831897044,-0.027566145991937494,-0.028238293158691797,-0.02026068273503684,0.23073356567728537,0.013533176136596116,-0.003771955760403821,-0.016338905067455466,-0.05457860010165636,-0.1339403573058214,-0.07203088542860521,-0.12520064182823862,-0.05581605346292775,-0.19020536826507808,0.0005835800742968564
2024-05-02,-0.06435960115078515,-0.09152701579661184,-0.09724786382332228,-0.061675034401891954,-0.05555946762213802,-0.028178094506627473,-0.02895703639229532,-0.020829361964983546,0.2368491205677596,0.01391900720846988,-0.0038926750361983026,-0.016766067685484835,-0.056145798420319554,-0.1379388204509946,-0.07382007931247397,-0.1294245254560349,-0.056347961055388765,-0.19465478343143447,0.0005978504547791534
2024-05-03,-0.06350922454641403,-0.09004057220470867,-0.09561750222149454,-0.060878372106785796,-0.055146444974082505,-0.027834047198981027,-0.028951910062164424,-0.02039282938876519,0.23118516544859424,0.013629806713964644,-0.0038102492507560196,-0.01640006566607126,-0.055060856226727295,-0.13526941095622994,-0.07296007364390143,-0.1257533242488087,-0.05511017783311152,-0.18827722230785218,0.0005826909000541923
2024-05-06,-0.05047494989166363,-0.09128156963975034,-0.09449470649654199,-0.0591444644646613,-0.05890863883954764,-0.006045495003897971,-0.008686745462414621,-0.022289072774656336,0.254344125967618,0.016054237050437674,-0.004534474079511414,0.007635384041289756,-0.06500065645398113,-0.15025157258025051,-0.09538438588323572,-0.15248625981532551,-0.04025719713136936,-0.28040920636433264,0.0006386214860312968
2024-05-07,-0.051481527331157385,-0.09322083058018843,-0.09593074601390278,-0.060438434007359855,-0.060314979477873655,-0.006152638390378644,-0.008788888522868719,-0.02254633660910178,0.25706102557966753,0.016241764597935148,-0.0046013327259359525,0.007721538688686628,-0.06588831652205342,-0.15205260225480982,-0.09649815834767801,-0.15575532089031904,-0.04115004173197053,-0.28373623880873283,0.0006455226669401766
2024-05-08,-0.053239963003598866,-0.0964848647397699,-0.09925426626297343,-0.06249560710149753,-0.06249829715422548,-0.006377858365203362,-0.00903529390765986,-0.023358478058314473,0.2658011981381075,0.016835469309987163,-0.004786205066712044,0.00798158451733002,-0.06815209648837409,-0.15722341552051855,-0.1007109319832742,-0.16029044599735068,-0.04250751455690708,-0.2941655260355993,0.0006673885449411509
2024-05-09,-0.053686772121896646,-0.09735737154841814,-0.10059036786653482,-0.06301743505075307,-0.06269128276147272,-0.006427643394274841,-0.00911827609588493,-0.023518572619901933,0.2681130105011936,0.016938472955910746,-0.00479974994339301,0.008043863590788763,-0.06858781948678865,-0.15825998156449408,-0.10075827612131738,-0.16124868831804826,-0.042667356026351126,-0.29720977880433724,0.0006733586916331478
2024-05-10,-0.05310168576116635,-0.0962703115405748,-0.0997888814541162,-0.06209195865935091,-0.06226527870632385,-0.006367901348868009,-0.008992373232768006,-0.023165975989422667,0.26382744961507565,0.01670378672913239,-0.004741988143717367,0.007936875603051785,-0.06754111997472502,-0.15563669698255367,-0.10109357823513755,-0.16103622183542463,-0.04211175967219821,-0.2911929536236315,0.0006620256099021199
2024-05-13,-0.06913716011117396,-0.09480021787414784,-0.09797077153839395,-0.06659113762981798,-0.05658578664210284,-0.034094820839161405,-0.034518366623924115,-0.031286915835758024,0.22546000339842867,0.004899987087962,-0.009025471905097927,-0.024943721436114133,-0.0611551340402287,-0.1263929033002296,-0.0746139664532278,-0.13194157427052403,-0.04802671184654419,-0.1746934976026665,0.0006735177755911038
2024-05-14,-0.07015046426900509,-0.09614147741257617,-0.09916253937615567,-0.06768002106869278,-0.057499446306899994,-0.034572564542650175,-0.035265585969172536,-0.031741791802637316,0.2286754065632507,0.004974556207208713,-0.009175296517125873,-0.025302772656564828,-0.062035375013117414,-0.12813057608030803,-0.07590592451643777,-0.13229163339969827,-0.049013460335155565,-0.177079701068236,0.00068295524640212
2024-05-15,-0.07284393955466983,-0.09973911026769276,-0.10269416201214986,-0.0703415084759402,-0.05999347936691903,-0.03596910818269907,-0.03661375207699484,-0.03286768606883329,0.23638131724625758,0.00515211134996006,-0.009528646028481693,-0.026178980257195165,-0.06424954835640785,-0.13252473101365833,-0.07898995835832878,-0.13777123514588194,-0.05039929175011024,-0.1824851345313842,0.0007052756035550439
2024-05-16,-0.07143791423567823,-0.09790360581993526,-0.1005026144368182,-0.06926848459251839,-0.058894614052438475,-0.035245861706631326,-0.0358796787958493,-0.032079443583450336,0.22961552876696656,0.005033088090173197,-0.00936497169690909,-0.02551184743769072,-0.06285061426143025,-0.12924562315614307,-0.07764806967628163,-0.13529671032874313,-0.04903424035118205,-0.17582499709718383,0.0006838285639353809
2024-05-17,-0.07259409168146291,-0.09948747833541353,-0.10232114795489766,-0.07039094419752906,-0.05953841396928536,-0.03569685516108819,-0.03661087831640498,-0.03262865934596702,0.23363921590187658,0.0051151984962529845,-0.009526779983828157,-0.025941548344595226,-0.06389796569403679,-0.13130146638009507,-0.07901108823771287,-0.13723260456706346,-0.050058215969101726,-0.17947774602930902,0.000696324160343262
2024-05-20,-0.054807490622693446,-0.09780976037962252,-0.10188276465092175,-0.0636579443899366,-0.0660943577244443,-0.00391056701011566,-0.01319432208597737,0.004640452411473669,0.3000744728996639,0.038167237158853645,0.007329773661883212,-0.012247779237123826,-0.04826413546653532,-0.16196142313587367,-0.0862710159094484,-0.15288556690879498,-0.10761122786531245,-0.3239667090483817,0.0008405946755329889
2024-05-21,-0.054909204867504106,-0.09804299366221615,-0.10153634597875427,-0.0641807177211722,-0.06632201121003173,-0.003918258104320408,-0.013162297043875233,0.004641842667890977,0.3003700201048018,0.038156758952944424,0.007317114844242,-0.012258256224403703,-0.04830100717777313,-0.16224473174963566,-0.08586844058351699,-0.15368972369608216,-0.1086979894221483,-0.3248197888433647,0.0008416294221740108
2024-05-22,-0.05492295253186221,-0.09829054315562727,-0.10171711499514267,-0.06431092969257941,-0.06626319350696726,-0.003912306179726738,-0.013081789120108288,0.004650822330989597,0.3005393768303347,0.03825802153235551,0.007355387687917168,-0.01228215444760071,-0.04838565271816526,-0.16213051120483882,-0.08584412316384428,-0.15347495907769518,-0.10825138919609334,-0.3248432615942665,0.00084169024161438
2024-05-23,-0.05431776120130699,-0.09738741700727047,-0.10053622649353397,-0.06389140261680697,-0.06528769372101047,-0.003850854838824076,-0.012957046875851173,0.004615667768949689,0.29841772291570173,0.03796700996723014,0.007317625522821346,-0.012202153625202175,-0.04800782378136712,-0.16075012650913065,-0.0845324794842723,-0.1497017796484625,-0.10603107661943903,-0.3238036699081318,0.0008363646388235673
2024-05-24,-0.04723700442927591,-0.08463415491810036,-0.08668216290880146,-0.05568151730725533,-0.05621757117226975,-0.0033540883835160447,-0.01125913959129383,0.004029466092210075,0.2611185952996796,0.033120036163031046,0.0063649309279909605,-0.010641223254991339,-0.041843668235850416,-0.1402343617937539,-0.0724098121132376,-0.12844118959368736,-0.09234952055483728,-0.28406371015894083,0.0007321876169711794
2024-05-28,-0.051250270120285366,-0.07466575800667756,-0.077477071469015,-0.05161534990063535,-0.04689513726673065,-0.018672566323665374,-0.022791536676179083,-0.0029319191651326496,0.26208796013568847,0.02290844086368144,0.0012497612475734386,-0.03645406414920346,-0.041240068135361324,-0.11570332734890856,-0.04964662704092864,-0.10939928673333904,-0.0965337557253219,-0.18348159554566848,0.000537273853354451
2024-05-29,-0.05284682361732692,-0.07702488160653301,-0.07945208836686454,-0.053409988472269326,-0.04827714343058801,-0.019241954743412948,-0.023462459059968566,-0.003008360713567521,0.26994750330129486,0.023483527474380102,0.0012698788439147683,-0.037466613063802875,-0.04225903614155662,-0.11879608888178786,-0.05084187069674296,-0.11396265803664946,-0.10129130137354445,-0.18888266083725408,0.0005538623018402851
2024-05-30,-0.04952645675112705,-0.07241228094653837,-0.07444273654651375,-0.050209240675568444,-0.04503111639716772,-0.017929422382288996,-0.021882052744748918,-0.0028371888047605265,0.2554771390693385,0.02212459643035966,0.0011877022791475973,-0.035387770949962594,-0.039794090485951936,-0.11213271313453244,-0.047666682704476125,-0.10688977220319477,-0.09489561464756316,-0.1798234545561733,0.0005243664487536028
2024-05-31,-0.05059366539156927,-0.07366841063585078,-0.07562529899647909,-0.05087044030065577,-0.04655628473042976,-0.018516543432588222,-0.02234675798373076,-0.002919335471024572,0.2619344558430072,0.022772105077332943,0.0012281306537502072,-0.036382417494264005,-0.041005206224562274,-0.1153047657054529,-0.04953271546913891,-0.10967783035628842,-0.09591472590989286,-0.18358865278532283,0.0005370251471820529
2024-06-03,-0.06899164369379225,-0.09704026931096481,-0.09537201983377347,-0.06976107398405605,-0.05808608664099256,-0.030057668666274562,-0.03222412746950126,-0.021050775285720073,0.24161179459881463,0.01396233468259526,-0.003986680627813738,-0.02707618607010337,-0.05717850714316356,-0.13717923482625455,-0.06653031897438115,-0.12229437406155032,-0.06276371568064086,-0.20228281397570527,0.0005860858637518229
2024-06-04,-0.07124743362570711,-0.10009658254084312,-0.0979684746872887,-0.07228567807730368,-0.05952924058774054,-0.031066864891109144,-0.033561645708033966,-0.02182732761561865,0.24930068586668838,0.014484608514869516,-0.004175353045630261,-0.028023918283738142,-0.05933810970174085,-0.1418228111871853,-0.0684133164434566,-0.1271673743757553,-0.06377039527511343,-0.20739307189980116,0.0006040525145878551
2024-06-05,-0.07261551143775127,-0.10227050178435451,-0.10031314608799481,-0.07397499275436083,-0.059970302050620705,-0.03166718570570682,-0.03377371014712561,-0.022357017771416906,0.25468089198174676,0.014863615662078687,-0.004311046456890282,-0.028689266570608066,-0.06079635650072002,-0.14466599902036922,-0.07035913557284514,-0.12861904331669313,-0.06443008597962152,-0.21173485860230176,0.0006164822253404833
2024-06-06,-0.07195914197628073,-0.10138307929410188,-0.09853338462675724,-0.07393277452544707,-0.059650506884695594,-0.03124116249429787,-0.03361978723163853,-0.02197033677994126,0.24975086517071893,0.014614446949138054,-0.0042544319444284525,-0.02817736091257417,-0.05976010074952211,-0.14218653246367835,-0.06884699810835396,-0.12749800215725826,-0.06334316554171657,-0.2077230442048748,0.0006039547693248489
2024-06-07,-0.07450320175547485,-0.10486283547496303,-0.10212707582070049,-0.07644539221360001,-0.06125674574349435,-0.032424562718215796,-0.034946966045159504,-0.022731848795106358,0.25835952338313545,0.015109903879186577,-0.004393939915490068,-0.029120523849484374,-0.06177234488756729,-0.1468219141097339,-0.07134766558716399,-0.13285131734144007,-0.06638097506661444,-0.21455591124624734,0.0006246959357480303
2024-06-10,-0.06814445003207074,-0.09797719177749917,-0.10023986250940113,-0.059998311153099275,-0.06067110980202474,-0.031881117486565476,-0.021963890438047452,-0.022537515278927292,0.20410266924603188,0.021269735118219744,0.0022388602221726822,0.006626463131944278,-0.06858965544682245,-0.2055881784116339,-0.08728507798877438,-0.0762996558466796,-0.04328029204089945,-0.19920231095621055,0.0005754295967750333
2024-06-11,-0.07053103316349227,-0.10142302846662483,-0.10365866730271014,-0.06216722961506009,-0.06282616993688003,-0.032876429802594684,-0.02280111188917475,-0.023239043170792662,0.2106560556127315,0.0219027370377938,0.0022950586303792605,0.006828713321035667,-0.07063765773771415,-0.21235631606348607,-0.09038057694868268,-0.07946172047462155,-0.04531205010784557,-0.20607324506680672,0.0005938325947778524
2024-06-12,-0.07257602696398599,-0.104826820630518,-0.10651766567948599,-0.06453911081892685,-0.06455726851989979,-0.0335129373768533,-0.023431342481261126,-0.024043149395601728,0.21744325191160846,0.02270272813906517,0.0023908557068833655,0.007060212382372181,-0.07314674498393853,-0.21924014524241656,-0.09285349216600283,-0.08216521093481857,-0.046659515443253675,-0.21277209595946042,0.0006122872284966228
2024-06-13,-0.07332001771481475,-0.1057531163734991,-0.10650667809803287,-0.06542487915633935,-0.06558883460472348,-0.03392888389465207,-0.023681079235568548,-0.02417226029531479,0.21787180805138126,0.022843467070426216,0.00241031063093177,0.007075223110391743,-0.07364262447944472,-0.22025838409128648,-0.09373989893790613,-0.08243487438983868,-0.04685035143706045,-0.21194536568991032,0.0006126659892352164
2024-06-14,-0.07517229912162905,-0.10898299731565553,-0.10931012148428627,-0.06765227863121921,-0.06686678891476755,-0.03439661194548286,-0.02429768861624687,-0.024985622958891077,0.22443239536656898,0.023649179418887254,0.002515373294619239,0.007305395441961953,-0.07609738080465829,-0.22649996453362198,-0.09680045552652838,-0.08409086293536697,-0.04822585991581979,-0.21881359290018668,0.000630108979102134
2024-06-17,-0.08036553538971741,-0.11583248724951764,-0.11559319923327396,-0.08004363320443374,-0.06792910976484275,-0.03358286480320539,-0.033526258323607554,-0.02547642877277163,0.25586202717445294,0.017170317670579784,-0.0031560964093210932,-0.012274396996653402,-0.06876798792324584,-0.1783078603931054,-0.0869154906721944,-0.11183092258154118,-0.05017081111108685,-0.24167839634641797,0.0007286337118148921
2024-06-18,-0.0821310730504706,-0.11856548499390007,-0.11803017899228085,-0.08228097799722568,-0.06956249188108292,-0.034239629196783535,-0.03426398365386922,-0.025779143665877042,0.2595761554713221,0.017355556708669843,-0.0031732289609621134,-0.012447306241719008,-0.06950631904531225,-0.18119126489181092,-0.08791694155738629,-0.11297602405046096,-0.05112573041153595,-0.24483465240423655,0.0007399361045742162
2024-06-20,-0.08255904539234522,-0.11899894666279186,-0.11833179477138855,-0.08239799678907195,-0.06976152186657354,-0.034413709196023795,-0.034616881027473456,-0.025900396981531692,0.26021557254007893,0.017450524783604822,-0.003205907182651929,-0.012511347023556111,-0.06990596003449687,-0.18195742580223065,-0.08836190238171844,-0.11355494679419005,-0.05160268428826548,-0.24502230830899774,0.0007407593332038095
2024-06-21,-0.08249959052994037,-0.11883243901968774,-0.11938028159398024,-0.08187089383160517,-0.06955790659996815,-0.03448113636593557,-0.03460603866581595,-0.02588959042375854,0.2604636024391872,0.01742923284301774,-0.0031887616741480673,-0.012530211698101488,-0.06976592939160499,-0.18208005615619433,-0.08822582478869369,-0.11512448795991026,-0.05178154189315236,-0.24636437636388142,0.00074173789496534
2024-06-24,-0.08380509470062163,-0.11511226373211735,-0.1163338503787749,-0.07788160201259939,-0.06583441511896038,-0.04070641466908101,-0.03510450716223166,-0.029924314495268157,0.27364682713731997,0.016043988454245282,-0.0041788807789022615,-0.014127277959091309,-0.07661617365471067,-0.19563727972551778,-0.08217144444684488,-0.09702902225410175,-0.04886813535960382,-0.20962656523712833,0.0007165950427014138
2024-06-25,-0.0839314594651836,-0.11480869948233731,-0.11719079575532869,-0.07704235506217214,-0.06616101254301705,-0.041055450009082464,-0.035126122440618295,-0.029967245780852532,0.2738488808681274,0.016067480055755857,-0.004198365470998818,-0.014143901912679783,-0.07674135515627555,-0.19555534548056044,-0.08285852191052914,-0.09747300222548569,-0.049298684899259586,-0.2090348196717401,0.0007170362795279812
2024-06-26,-0.08423894657100582,-0.11532373651295054,-0.11638392395901939,-0.07797267754261271,-0.06598572265580235,-0.041180769812933206,-0.03506597642162675,-0.029983135791803343,0.274055703859311,0.016091268834740963,-0.0042081448258024,-0.014170026210676003,-0.07676150584607702,-0.19593222475946445,-0.08189194086714256,-0.09705067586035669,-0.04886589063427641,-0.20938346274609124,0.0007174898943605821
2024-06-27,-0.08415178973202397,-0.1154815302391658,-0.11646336522443244,-0.07814309191211566,-0.06581925476000842,-0.04088242150320692,-0.034996041341608795,-0.029851873398248803,0.27382008622107407,0.015996138728233075,-0.00414852757979279,-0.014129437699999754,-0.07635206768041038,-0.19552537488791527,-0.08164699283884762,-0.0961666328494363,-0.04895612835592512,-0.21041851434894232,0.0007175761299389134
2024-06-28,-0.08433873328107913,-0.11575585679947556,-0.1166515935640094,-0.07840729214510928,-0.06654024517559066,-0.04094642763268459,-0.035048688820134594,-0.02992476665466326,0.2742400225551468,0.016044683928404146,-0.004168328167411191,-0.014167159199841977,-0.07656210117250475,-0.19590937104824677,-0.08250649204623486,-0.09733443433573971,-0.04924849512771941,-0.21029755266540692,0.0007181484350802505
2024-07-01,-0.0874380216730891,-0.12245929235724433,-0.11930546515936015,-0.08626710886027125,-0.06849186823352961,-0.0403038979190459,-0.039278314490559546,-0.04549187266668081,0.26762270777392344,0.0006620103635306074,-0.013541729890353833,-0.014146392931307511,-0.0818463572181372,-0.16475163698831424,-0.0932517017681159,-0.12319569451579518,-0.019189897382859797,-0.21911878828873754,0.0007238541610837994
2024-07-02,-0.08764000231535489,-0.12278722224862763,-0.11947999263718607,-0.08682674748641397,-0.06795998634460221,-0.04040091215042303,-0.039394890538411706,-0.045275871319215184,0.2675578638693462,0.0006574889763241532,-0.01331624549858158,-0.014098838002050076,-0.08141054856611749,-0.16482135863840514,-0.09242931834822057,-0.12359297262080013,-0.019449747118037947,-0.21932959927815726,0.0007243019168642619
2024-07-03,-0.08829587331462456,-0.12387847234022234,-0.12029582047581493,-0.08792644254352688,-0.06833922175836775,-0.04058553663183085,-0.03959955012128079,-0.045523759286188126,0.268362159058518,0.0006613867687200368,-0.013448683012329389,-0.01415573569399618,-0.08210788329520578,-0.16562674266000574,-0.0930628052953021,-0.12385211088462361,-0.01951628128512364,-0.21949796449998588,0.0007258542701159772
2024-07-05,-0.08912446938888847,-0.12469561907108273,-0.12041034641223895,-0.08884784200857351,-0.06846743403763852,-0.041137108992101275,-0.040267525077490436,-0.045866117533232574,0.2693289250477834,0.0006672093279846434,-0.013654250966388495,-0.014241950090421783,-0.08289097347600477,-0.1665610292186994,-0.09317101432848036,-0.1255143678867271,-0.019665658114049116,-0.21905718553675782,0.0007273962438029587
2024-07-08,-0.07674550193212487,-0.10581608296299302,-0.10432287943953372,-0.0751605211356059,-0.060504395776971434,-0.034198367044173346,-0.0391137634418547,-0.031778981828033126,0.3212964519637579,0.004336054263343127,-0.013046475694520403,-0.042111125580124927,-0.06529375466370328,-0.12486729237998073,-0.07602328509528374,-0.1116473284946521,-0.05782259773933139,-0.19904761094092707,0.0007141007065404246
2024-07-09,-0.07677481798784207,-0.10597863657907729,-0.10429911403643305,-0.07536804726846402,-0.06095238080022644,-0.034040567789338345,-0.03913766872458748,-0.03180088826652419,0.32137979681714296,0.004339092597911244,-0.013079663852325387,-0.0421114715210453,-0.06531266595802862,-0.12488277070609075,-0.07629821939998983,-0.1103047893027863,-0.057066284835106756,-0.19946840099791133,0.0007143734862548521
2024-07-10,-0.07683125913096234,-0.10618748159323044,-0.10426513772487762,-0.07550843829532895,-0.06074772912842461,-0.03393768499698689,-0.039338286684247416,-0.0318032517230853,0.32162147364534394,0.0043374239274686635,-0.013034834596089175,-0.042090420458982696,-0.06525686891304572,-0.12486195563649242,-0.07635606512242417,-0.11060201569083493,-0.05673360029928897,-0.1999433670259764,0.0007150858263493203
2024-07-11,-0.07787248632452087,-0.10759337261138353,-0.10576049612495046,-0.07654838893161091,-0.0615450776548921,-0.034530553090534336,-0.03969372903109009,-0.03194128972677521,0.32280514319759507,0.004355951760417979,-0.013119069311419599,-0.04230886410360205,-0.06563069795322099,-0.12556706078375612,-0.07717598306327957,-0.11137446019258553,-0.056921476041856316,-0.2003977569045648,0.0007174538636308614
2024-07-12,-0.07742893733204446,-0.1064718209751998,-0.10566666370946405,-0.07473363198520035,-0.06364143062005027,-0.03456630969560986,-0.03985537102623166,-0.032046560401643935,0.3229684804321368,0.004375746778068839,-0.01322245151578617,-0.04235827419472889,-0.0658626412854418,-0.12579176269045406,-0.07924514018004249,-0.11314356783712771,-0.05701313659851018,-0.19899686447916676,0.0007161503478521193
2024-07-15,-0.06304530551507649,-0.1010672289247508,-0.10341963519142322,-0.05471902204899816,-0.06455684232558649,-0.017613595190731857,-0.013832487414059447,0.002257289741807523,0.2983912487894797,0.04178075899229161,0.010956461925812568,0.01003112836190622,-0.0562061106485093,-0.2228122803583316,-0.09993074571076009,-0.11037002036872663,-0.09215710487267038,-0.2512715763746802,0.0007773686085607315
2024-07-16,-0.06313112908729408,-0.10158806245462926,-0.10419576880443539,-0.05499759788367819,-0.0659411852731578,-0.017499983148754533,-0.013719227413518395,0.0022548806439513,0.2991063975115896,0.04174857461957711,0.010856453886579073,0.010048623173623367,-0.05603117470938798,-0.22337491616856978,-0.1008460058576753,-0.11099157231882321,-0.0917036829022173,-0.25231273152093314,0.0007792317133577919
2024-07-17,-0.06372143406895034,-0.10259801042924217,-0.10650921483978666,-0.05523804517895481,-0.06846285582793928,-0.017654506676636674,-0.013852121937554222,0.002273107994218272,0.30040903519208617,0.04210103834049381,0.01105351074289151,0.010119679050328559,-0.056581005427840635,-0.22512831787318677,-0.10248998732984547,-0.11365456599399659,-0.091830406135282,-0.25331882935621103,0.0007823389023421263
2024-07-18,-0.06281691947736912,-0.10099580525667572,-0.10692613659607214,-0.053529797433372904,-0.06763693212044568,-0.017532664973268258,-0.013604891814894843,0.002271043418629557,0.2999596420692522,0.0420683058397009,0.011037972946382917,0.010107058143798461,-0.05651535927557631,-0.22450574441248278,-0.10302450234365254,-0.11294384210567612,-0.09168185453583845,-0.2517650682751184,0.000781073333560054
2024-07-19,-0.062205300565243725,-0.10009524087416677,-0.10544269903872854,-0.05321032070769018,-0.06624595903521953,-0.01733756046404434,-0.01346013448006928,0.002262007851895998,0.2994410404459308,0.041896851864567354,0.01093999680211239,0.010072037138693011,-0.056202356973314466,-0.22376816851994707,-0.10199076401731152,-0.11208378613262539,-0.09089297146425172,-0.2525950212798626,0.0007801035248244115
2024-07-22,-0.056907506832130604,-0.09239855719564836,-0.08817820684814427,-0.060404638596266914,-0.055607857602001286,-0.011182049258025385,-0.02291056853337576,-0.009104995281826981,0.3270017563371405,0.020596465737358533,-0.0036539786298950844,-0.038380891287266114,-0.049210839185214815,-0.12408672183970075,-0.078609934989709,-0.12429671286996159,-0.0944310526922163,-0.2644100134745059,0.0006522165194679301
2024-07-23,-0.05806111886104506,-0.09427166661627134,-0.08931287227973651,-0.061909035541638166,-0.057049659813077254,-0.011411582398861555,-0.023331358236191115,-0.009191025489569078,0.33026657662833675,0.020779772095560242,-0.0036792875217249495,-0.03871240035883388,-0.04966857748909333,-0.12577625426928696,-0.0802076368744403,-0.12556199221161438,-0.09561560676116307,-0.2668319645136055,0.0006586478061337436
2024-07-24,-0.059432998709281135,-0.09667664079343612,-0.09158542517431259,-0.06336400055993044,-0.059219401272516854,-0.01165545732618474,-0.023752865884545143,-0.009439341737076393,0.3393896803111003,0.021359170739270968,-0.0037737746488482595,-0.039740106502264894,-0.05097800945432418,-0.1292040725026193,-0.0823187429240167,-0.12942101131059341,-0.09729793970533084,-0.27454477152139745,0.0006765115989799919
2024-07-25,-0.050386263700795526,-0.08171225827715661,-0.07825792122750323,-0.0528322622411013,-0.050113996349710206,-0.009952382927821236,-0.020243613437977263,-0.008138254072039787,0.29365111835303603,0.018430617738676554,-0.0032283270741886878,-0.03426500448179259,-0.043817510060607974,-0.11138025262977307,-0.07014183040573246,-0.11153247980581574,-0.08410679927792322,-0.2373470316071634,0.0005850546159935932
2024-07-26,-0.05084630769564841,-0.08244821392783624,-0.07953957976997916,-0.05299636746055316,-0.05146485259822523,-0.010030654855814905,-0.020450010912013605,-0.008277376034697737,0.2978841260117539,0.01873563052100635,-0.0033012983068636714,-0.03483931533043532,-0.04462137143631749,-0.11298652002529704,-0.07091065397145388,-0.11135660753580826,-0.08549906227743695,-0.24073906380777957,0.0005934158922359437
2024-07-29,-0.07650343881338638,-0.1093977053399502,-0.10696571602161192,-0.07452789267816683,-0.0610125255652983,-0.03210682497323497,-0.033740247522027166,-0.02090399991682825,0.24785949621906656,0.018980964876444895,-0.001705664168584494,-0.001676512965438073,-0.06082141057694018,-0.16913548401563064,-0.07973906419791965,-0.10560509416778856,-0.033943154891145605,-0.24728567450108402,0.0006639839927195612
2024-07-30,-0.07879610773355356,-0.11284246730471681,-0.11014411004135685,-0.07698381745012667,-0.062198255816688114,-0.032952473330285365,-0.034667270644483314,-0.021584633312508757,0.2555451611731214,0.019600096439904624,-0.0017677932047049506,-0.001730057483323693,-0.06283249634868232,-0.17420287964861494,-0.0826237593094962,-0.10871346490835954,-0.034834061056345296,-0.25563007297667506,0.0006844893832536771
2024-07-31,-0.0806534664706849,-0.11530602173844157,-0.11365194371978553,-0.077979438846516,-0.06412182381839238,-0.03392041376526629,-0.03544428315909575,-0.022190692218451318,0.26254971762073426,0.0201722965198672,-0.001822578356718777,-0.0017781524906348158,-0.06458456424048122,-0.17900397512799332,-0.08551731296822206,-0.11276748517367856,-0.03566270583427818,-0.26272282490740567,0.0007029948633666622
2024-08-01,-0.08078499050291686,-0.11547913093934002,-0.11229890380579231,-0.07912158349784834,-0.06355717904703394,-0.03390046005742358,-0.0356943085438855,-0.021986110436627054,0.2592734741086999,0.020025354081146862,-0.0018144916300803634,-0.0017619479139048492,-0.06401504905358442,-0.1770365011567695,-0.08397856868240988,-0.11314304032069906,-0.035957112863504496,-0.25747634772187356,0.0006927891673775132
2024-08-02,-0.07299221366027187,-0.1047248166292839,-0.10197341946368606,-0.07102090723892164,-0.05656483486374752,-0.03035840981368594,-0.03226177559562399,-0.020309745572317295,0.2389180392792948,0.018499960839996794,-0.001683544353605952,-0.0016229597629247524,-0.059082657131806396,-0.16249922898515295,-0.07802935385943699,-0.10372180447798747,-0.03268138791108162,-0.2376757254441669,0.0006372959205716161
2024-08-05,-0.04252855437322926,-0.06443175795826214,-0.0658923253894495,-0.04029655826394193,-0.041373859483131506,-0.013708661216734587,-0.01851059472612376,-0.013616285154831261,0.2850803952750139,0.014170538632343415,-0.005570095957596256,-0.03370681169026296,-0.04977470217780565,-0.11819206190236682,-0.06899537231324948,-0.09621749271437602,-0.07522807311262672,-0.18475435196610523,0.00018222799141515085
2024-08-06,-0.03554156540745696,-0.0536869254239419,-0.05508134909520589,-0.03355264300088991,-0.03436623094336178,-0.011508515233971277,-0.01543575959538349,-0.011676613977376325,0.24460595665334067,0.012174061109158607,-0.0048057276119992725,-0.02901078907360228,-0.04261009641969492,-0.10080960612786667,-0.05752072754888108,-0.08152887448802282,-0.0644452221538279,-0.15767411513573182,0.00015639390183991091
2024-08-07,-0.03686771796221792,-0.055823563979786,-0.0572124238430243,-0.034899573810572605,-0.0357927445934022,-0.011877678672383034,-0.01599394931477205,-0.011958405352656357,0.25171243190787473,0.01243132699016833,-0.004840584605675403,-0.02971700075622518,-0.04361463086832704,-0.10425413128840222,-0.06043331965845281,-0.08332708811349653,-0.06585113149599722,-0.16296615348627352,0.00016113252546000532
2024-08-08,-0.03771108765251453,-0.056824170099298396,-0.05830053096741344,-0.03537685934821097,-0.036245203456961514,-0.012230013113624535,-0.016490983818835486,-0.012217771619185924,0.25779215009830736,0.012693288172173543,-0.004925583187688331,-0.030360458870791765,-0.044491240466859705,-0.1070436646659863,-0.061505803997920425,-0.08533339504758082,-0.06810505585939033,-0.16735506835949235,0.00016512441502523792
2024-08-09,-0.037896902527764974,-0.05721902457909261,-0.058378009878931915,-0.03588289856839359,-0.0365395809556007,-0.01223838385929529,-0.016599422868080426,-0.012006534371778007,0.25359509588631207,0.012455175193834456,-0.0048179213996473675,-0.029852999818271286,-0.043808194811582664,-0.10578613892539605,-0.061127071844439974,-0.08530239917535204,-0.06764146310859419,-0.16494098529304901,0.0001625149004775851
2024-08-12,-0.04513408835596853,-0.05775188581909479,-0.06039992308727991,-0.03696959873832337,-0.035079957759157364,-0.0255791276682386,-0.024083180039414894,-0.023214688919110892,0.18918761352434946,0.005113239469763245,-0.006256701079509363,-0.023129710966513218,-0.04940601088703958,-0.1186576118876278,-0.05603964481083845,-0.0514193056964692,-0.03726621920423736,-0.11272313837107409,0.0002904819021018077
2024-08-13,-0.04660746131415701,-0.059625324510362655,-0.06210886658921917,-0.03823098947517845,-0.03587279652293103,-0.02637116062873158,-0.024934085600332383,-0.023996085653318303,0.19534051731306465,0.00529107589715598,-0.006479749401194072,-0.023931460164552488,-0.051088815817251505,-0.12252099197146901,-0.05740182190003467,-0.05396913406221612,-0.03899165819741817,-0.11631871276859122,0.00029974751788604097
2024-08-14,-0.04898370607489397,-0.06273171216342543,-0.06494369027269122,-0.04055386201426619,-0.03774265864993649,-0.02776573749220992,-0.026096113449166517,-0.024937394408508277,0.20251077983331603,0.00550096156689259,-0.006753546984828971,-0.02482338810987454,-0.05325116170821207,-0.12740368140147743,-0.0599343522502084,-0.05577654819032097,-0.03998296974330618,-0.11976657246940532,0.00031026142651846247
2024-08-15,-0.05073826005198852,-0.06501003941971296,-0.06747862824562254,-0.041908147907861126,-0.03874856103165687,-0.028789440622495638,-0.026813528649988976,-0.025808133672945006,0.20918036798623418,0.005690407046731831,-0.007020565307761079,-0.025629892116600442,-0.05525511021554021,-0.1318506454082243,-0.062078673416260964,-0.057150561881729726,-0.041045597568184336,-0.12385662056606533,0.00032051855511299994
2024-08-16,-0.05237497182483721,-0.06718935031097843,-0.06955773000334825,-0.043658916108232436,-0.04039374416523258,-0.029608930747222883,-0.02754712458552389,-0.026113993099994223,0.2120352207575946,0.005745882432270693,-0.0070760693578731946,-0.02598757123735997,-0.05597340634537933,-0.13409375734934215,-0.06303025866936936,-0.05825332399934792,-0.04204531194272631,-0.12629385496040163,0.0003256809343796392
2024-08-19,-0.046235149897785176,-0.06593164782299829,-0.0682642379767365,-0.041949718184947624,-0.04260795456942189,-0.01912507106551886,-0.023468040788911872,-0.023418352560218944,0.2621531400230456,0.007363888223679758,-0.009067365024084255,-0.03211193619784053,-0.054608139426779265,-0.1203769498544803,-0.0756207099949629,-0.07633811341659157,-0.054271084632046745,-0.17911722967055296,0.0004897972240999688
2024-08-20,-0.04856228352430293,-0.06921887578737812,-0.07140266256469646,-0.044197196859315876,-0.0448505414608691,-0.020131085127589005,-0.024640896859411312,-0.024379864251177524,0.2725510441733971,0.007668075046970071,-0.009472839415949175,-0.03341525145279268,-0.05692062632861296,-0.12538822567972502,-0.07929351974362447,-0.0792551357006731,-0.05613240753537331,-0.18528329133887544,0.000509347616283926
2024-08-21,-0.04907501509641749,-0.07001105285626866,-0.07224022448475692,-0.04468186504498824,-0.0449077554117997,-0.020331937429432723,-0.024769847200933844,-0.024772973442124858,0.2765208064967107,0.007799635673652281,-0.009673325038682774,-0.03398694015608868,-0.05781588026763404,-0.12691723302986033,-0.08023567918708563,-0.08058741627657098,-0.056635595613353386,-0.18704478544649714,0.0005160159880404643
2024-08-22,-0.0510970710936489,-0.07276876979492974,-0.07490733016593192,-0.04649868346782392,-0.04712261960857698,-0.021255288244443168,-0.02575764075252316,-0.025709080795307152,0.286740545581958,0.008095652896592719,-0.010026014346585784,-0.035282280437775905,-0.06002141534082988,-0.13176458906541022,-0.08355326320639477,-0.08336353315478333,-0.05837152108000076,-0.19312737184780757,0.0005345047980741734
2024-08-23,-0.051110498519905186,-0.07279266154146333,-0.07524582769857877,-0.046138585801114296,-0.04709199835803241,-0.021304718793233958,-0.025648710778431644,-0.02581544435251463,0.288719280994146,0.008124810950717785,-0.010008301767502604,-0.03546222112783021,-0.06026748206859864,-0.13268249210127425,-0.0844878160455625,-0.08304405024819944,-0.05879880799144179,-0.19562079373057734,0.0005389098096786103
2024-08-26,-0.042730773865040386,-0.065091708920553,-0.06841648042889377,-0.03982645248671218,-0.04214744648963513,-0.014379626209756729,-0.0159845463906097,-0.008321652003367073,0.2255550306802175,0.02151473527054874,0.0011713903417698715,-0.013706663197055912,-0.048141758862673065,-0.15006670366473646,-0.06979312025446943,-0.08026833413399286,-0.0631491750634651,-0.19089344588408136,0.00048000784442657767
2024-08-27,-0.04395407629370043,-0.06704215287255248,-0.07078760233901689,-0.04071866509780554,-0.043527931476334984,-0.014779574673777674,-0.01636357480715504,-0.008583815383098324,0.23275635180656243,0.022185110065312267,0.0012063007089559935,-0.01415240528968764,-0.04964075605316878,-0.15462056529888762,-0.07202580083580372,-0.08313540080091719,-0.06587047503621775,-0.19750625431747693,0.0004955724694722242
2024-08-28,-0.04507646198561987,-0.06871282950559425,-0.07248196977352082,-0.04180063653656787,-0.044205877411121565,-0.015196823864184096,-0.016771467076505658,-0.008788275882254674,0.23837332684594298,0.02269747729447546,0.0012325271000473,-0.014485187896159652,-0.050767202915649186,-0.15835617766548893,-0.07382836781655633,-0.08532057534235508,-0.06708961587103646,-0.20150115804255303,0.0005072254637661982
2024-08-29,-0.04524826519800536,-0.06895243887082089,-0.07288479690349157,-0.04171257212333556,-0.04431716188477674,-0.015285160833926177,-0.016823226910401015,-0.00886249009367596,0.24057230727646534,0.022897893464595236,0.001242523423132972,-0.014619242055621142,-0.05113642641124352,-0.15975564454129815,-0.0742278291954535,-0.08551290844237157,-0.06689972982740608,-0.20454965294195393,0.0005119663892942484
2024-08-30,-0.0465864930391699,-0.07093695600529558,-0.07544423113076129,-0.04284645054733991,-0.04591382162381306,-0.01578272814781647,-0.017313868084794282,-0.009104962915518627,0.24744422526920845,0.023513768510957836,0.001273990035573427,-0.015018024935319844,-0.052513997030160284,-0.16450475125624792,-0.07612304018889382,-0.08842166333596929,-0.0695971587184525,-0.21116703040486914,0.0005266541207773716
2024-09-03,-0.05229619416187817,-0.07998787944298015,-0.08457326394853053,-0.04401984564315386,-0.052867593373164996,-0.02062195546488713,-0.01534889277782805,-0.03371189988759883,0.23707794329712528,0.013304515107859486,-0.004647652796308315,0.010751306599318689,-0.08082355846414332,-0.21743365803385345,-0.11660218298717065,-0.10091472316003863,-0.03404688667210399,-0.2067654942365689,0.0005841507235112611
2024-09-04,-0.04707215766450212,-0.07189262076878658,-0.07649973970001102,-0.039169628381500954,-0.04703189419751177,-0.018625577821269487,-0.013806053142545242,-0.031067340453708438,0.21779340308479597,0.012289759282230082,-0.004334809804810784,0.009886189705523225,-0.07439431585626131,-0.19882673070574727,-0.10694713027934143,-0.0922069246702584,-0.030622337789382028,-0.1900799379132102,0.0005360628360213575
2024-09-05,-0.048230131792376105,-0.07373533930544311,-0.0786540578096823,-0.04015139352975425,-0.04825476139418794,-0.019057779523747414,-0.014185625409009977,-0.032068975196603074,0.224321692659091,0.012704517916291768,-0.004512461467567368,0.0101874023565875,-0.0769323397239317,-0.2050943481765526,-0.11022543162829823,-0.09482189554566199,-0.031239280901201934,-0.19438608031836574,0.0005509305509816374
2024-09-06,-0.04957541045576,-0.07570031310550521,-0.08056044159172829,-0.041360475928081446,-0.04941433750946451,-0.01961818243242317,-0.014619781536134696,-0.03308898967828758,0.23094495483312424,0.013105571527975438,-0.0046702773196555915,0.010491100056633907,-0.07956448042344823,-0.21179506223978345,-0.11306993368254191,-0.09839929245995943,-0.03222470961559582,-0.19976892691262632,0.0005669914588446185
2024-09-09,-0.04415089087392125,-0.06266578946593337,-0.06676776686373301,-0.039097426474701207,-0.04151380225326509,-0.01822097454460625,-0.022306172670928052,-0.01058497937102233,0.25205299779640183,0.01759705860490686,-0.0022273871913821987,-0.030036832497395353,-0.04595175579844529,-0.1294310768296872,-0.0702213717685943,-0.08396037195377573,-0.06860440201583078,-0.16806826059244334,0.0003435645995970225
2024-09-10,-0.04572855349489168,-0.0649607890118239,-0.06922171509667788,-0.0405959526656462,-0.042676407497028786,-0.018866399182701624,-0.023058626929738407,-0.010867222898597035,0.2584220941588503,0.018065212660373097,-0.0022932570113161897,-0.030862418359781596,-0.047212054647458215,-0.13300415055514425,-0.07279075053032033,-0.0864335670157621,-0.0705278500995763,-0.17302802414798468,0.0003522035526952369
2024-09-11,-0.047231561772889515,-0.06729328009706739,-0.0712583335150877,-0.04225819127371416,-0.04398113025361216,-0.019362493589975986,-0.02369266318496878,-0.011242889422232128,0.2669255709220718,0.018712160764877587,-0.002381856055398003,-0.03190153154531329,-0.04882924046155558,-0.13692297675482082,-0.07616432341902477,-0.08954138860392236,-0.07168617843297474,-0.17852654534834259,0.00036326758399497815
2024-09-12,-0.04902578368240925,-0.06995060708887257,-0.07350142105420063,-0.04442503493004825,-0.045386146544030184,-0.020041941849435155,-0.024558217794752226,-0.011564768320619862,0.2744170767189713,0.019239934705776694,-0.0024488217789680466,-0.03284543064224839,-0.05026426299181518,-0.14109804792334538,-0.0782150904351006,-0.09198552364375853,-0.07442696693235881,-0.18388648253611165,0.00037377790458124123
2024-09-13,-0.0496236049349417,-0.07078249094961911,-0.07424084540998145,-0.0450154560007834,-0.04612867677825129,-0.020275409422209262,-0.024846702160190706,-0.01159427187245916,0.27539434590409245,0.019274875313821372,-0.0024457678627062317,-0.03296441902265684,-0.050401458985739014,-0.14177986078507931,-0.07881519656467617,-0.09392348095970793,-0.07612669375370798,-0.183737791805699,0.0003750638300720695
2024-09-16,-0.08044177199569466,-0.1126464461235799,-0.11381235889611133,-0.0848580844122802,-0.06517216627344022,-0.03460630415349707,-0.046668478391714945,-0.036981542450386054,0.17961050119749988,0.005644267967144097,-0.008675192686639,-0.026578141006686647,-0.06769641928661309,-0.1497416838650777,-0.08322826964026703,-0.12812396849521354,-0.019482637449608896,-0.28742008531175733,0.000831678177047984
2024-09-17,-0.08365390847138403,-0.11691515652017065,-0.11864465266318541,-0.08755534787057176,-0.06778504923118293,-0.036155055874614754,-0.0485236300424591,-0.0384167531793033,0.18625381116251222,0.005864894568176172,-0.00907303546080901,-0.027639404539395094,-0.07046800074825604,-0.15557665368622092,-0.08654335656467325,-0.13277194992903205,-0.020340254335073447,-0.29692051265935593,0.0008619213338532345
2024-09-18,-0.0836632927789478,-0.11709652388355696,-0.1187460125749287,-0.08770167203479863,-0.06842382517275483,-0.03599377893523214,-0.04863558262701295,-0.0384229329248558,0.18633210847102702,0.0058609346679118456,-0.009039476100530948,-0.027660987764511626,-0.07055471518469704,-0.1557934460126106,-0.0860381727766245,-0.1321884406240612,-0.020503477325478175,-0.29821212394053864,0.000862905998178441
2024-09-19,-0.08338471496533982,-0.11669105713103933,-0.11838248315021954,-0.08727845543850606,-0.06840220004157757,-0.03586139373419659,-0.04844185165138646,-0.03828315812847149,0.18617204821962505,0.005832560477456141,-0.008922975560001161,-0.027544885302516624,-0.07022808777181823,-0.15585232964756726,-0.08589030788394625,-0.1311038415383754,-0.02036267119510033,-0.29838084333285975,0.0008624759919114093
2024-09-20,-0.08078438379129882,-0.11296811867837916,-0.11409603410882234,-0.08517676831749979,-0.0664498770332777,-0.034809343255721915,-0.04708828480194968,-0.03644352343208965,0.17735767343560987,0.005547233045002142,-0.008465217268706462,-0.026297068389524787,-0.06690584957640035,-0.14879399877732427,-0.0817715858250021,-0.12673093866222496,-0.019728539535924367,-0.2828065491988188,0.0008209503477030845
2024-09-23,-0.059458069506138106,-0.08860290600579099,-0.09304614182667151,-0.0576545856653801,-0.05704663902538704,-0.021151023534832426,-0.02682241948814751,-0.012996998834036702,0.2710356377401235,0.025274652232851753,0.0006981482474745627,-0.019958490473307326,-0.06051799090561018,-0.18006683031785706,-0.09157424674997873,-0.13531564293917497,-0.07044214683555708,-0.24659886571198975,0.000753818031393995
2024-09-24,-0.06188674228961084,-0.09210055775722621,-0.09660198744413158,-0.05993960902456218,-0.05893452596263478,-0.02201381608359832,-0.02802818522735464,-0.013471073748175036,0.28103265490733054,0.026190916072495563,0.0007223613514340279,-0.020696518236109317,-0.06266167453374094,-0.18635956104083476,-0.0958937728283415,-0.14057894643644947,-0.07307324857843528,-0.2560579996197806,0.0007816222414367408
2024-09-25,-0.06311676247974198,-0.09355876498918266,-0.09808850507187623,-0.06100776883199435,-0.05979688435374022,-0.022430882017192743,-0.029357924692902472,-0.013664146869810202,0.2849413687724607,0.026559356364363202,0.0007315565840075336,-0.021015420453407426,-0.06357862929619901,-0.18879362592260363,-0.09727181616923437,-0.14438643777828208,-0.0752503979468178,-0.25789736479494446,0.0007917322171421679
2024-09-26,-0.06277410238432123,-0.09323730096757675,-0.09726896016249457,-0.0609890185743359,-0.058994671950770336,-0.022281843610263277,-0.029012592840610557,-0.013594901175970342,0.28435082283522173,0.026418848288743985,0.0007245810912344604,-0.020909962505751615,-0.06312530204024634,-0.18834892805325124,-0.09650351373055865,-0.14400910033332034,-0.07452573442086657,-0.2593259130819271,0.0007907557563153247
2024-09-27,-0.06372950137809799,-0.09398488692864267,-0.09824421748786348,-0.061695323575843494,-0.05954848918084987,-0.022864682915835644,-0.030196632388712685,-0.01365248711659805,0.28522437192146105,0.0265065741015005,0.0007292168531521625,-0.020967760168591316,-0.06338016426046632,-0.18941661149179442,-0.09601533854435079,-0.14532603818937567,-0.07415882214051675,-0.2591730161241986,0.0007939483551812716
2024-09-30,-0.06059822964847954,-0.08010536751996433,-0.08703656647746238,-0.04752356681610119,-0.04864691848391716,-0.03437999378503761,-0.023813393044016494,-0.039619374883443095,0.27926089716185803,0.008600107570697284,-0.008550831408497474,-0.014212942889004085,-0.0871133510020554,-0.2132178364739333,-0.09333838986981186,-0.10436989807545534,-0.04235837801304751,-0.12692045372642752,0.0007523216641547085
2024-10-01,-0.06250005401588386,-0.08295741310353977,-0.08981173544032413,-0.049152081277860235,-0.050305383371564365,-0.03533940168637532,-0.02416757000303073,-0.040773611161170696,0.2876342065533795,0.008846413728461735,-0.008777874646020282,-0.014650946272201293,-0.08963267902424257,-0.2197636029750153,-0.09703275252572036,-0.10679328920101515,-0.043593539037050044,-0.13142771213636587,0.000775997506091121
2024-10-02,-0.06327440806785774,-0.08376537496181571,-0.09115583447860393,-0.04938170198913164,-0.05055838298820034,-0.0357392140437946,-0.024800723399930197,-0.04165274410730537,0.2932483776682072,0.009046112925396142,-0.009008057379710261,-0.014976336160141865,-0.09176268199701096,-0.22379778042992662,-0.09822412361067179,-0.10994967895314595,-0.045193841115488256,-0.13447755756535734,0.0007906381592916656
2024-10-03,-0.06350746394278706,-0.08391158350357926,-0.09136524281108414,-0.049516901187761836,-0.050555571789716015,-0.03571320360035558,-0.025322786293459614,-0.04162132871533001,0.29356560540382765,0.009032253209769678,-0.00894396350113389,-0.014982604471333379,-0.09168097749854226,-0.22412193013853834,-0.09800858847607347,-0.11011756079181258,-0.045633081925181396,-0.13522646517538783,0.00079168420558304
2024-10-04,-0.06317159739604053,-0.08373009801888333,-0.09091680679568381,-0.049463323774070214,-0.05019951715976251,-0.03536939457322149,-0.025013322592643345,-0.041438508883085395,0.2930778210294087,0.008983114090764355,-0.008856735808328202,-0.014913939156436228,-0.09105744343762702,-0.2235138800315682,-0.0970818138775938,-0.11000446712516417,-0.04627659364354629,-0.13560921557539315,0.0007914187912898331
2024-10-07,-0.05823309693740122,-0.08070070067387505,-0.08553841215580116,-0.05284512874631892,-0.05008422382312204,-0.026022209314167915,-0.02780331165407258,-0.03842488449752421,0.377682515265751,0.0018819495025777164,-0.018349110442146058,-0.06389987013014792,-0.08020207272201425,-0.14257899957470574,-0.08964384177696919,-0.13055858615929175,-0.07455814319898811,-0.18078012268514054,0.0007012233795844324
2024-10-08,-0.05772843127747935,-0.07977885897713617,-0.08456691610952953,-0.052153378591049085,-0.049571671982813426,-0.025814991022582643,-0.027966767654461336,-0.03820211556680675,0.3762722988747545,0.0018706135562051606,-0.018167062901963762,-0.06367631442131655,-0.07960029956007743,-0.14162864581903303,-0.08863848561455956,-0.12980345631945617,-0.0754030360052704,-0.1804712996476911,0.0006995374833742212
2024-10-09,-0.05793157599750814,-0.08060630940558691,-0.08488355436163478,-0.05298021110915163,-0.049650797044186304,-0.025797450828666222,-0.027300569348388832,-0.03830196868488136,0.37693301120868056,0.0018738660818172254,-0.01821420009148335,-0.06383897415852373,-0.07983037074841798,-0.1420967793170388,-0.08889758851398248,-0.12896324900729395,-0.07370948124314218,-0.18063474939591878,0.0007001710424263061
2024-10-10,-0.05830365921351904,-0.08135107567161363,-0.08593782610728132,-0.05351973816807907,-0.04987463528884817,-0.02586302372813309,-0.027215180519080784,-0.03828992746746402,0.3774323647262387,0.0018711417556840865,-0.01815225312544916,-0.06386870506168495,-0.07985541225725724,-0.1423335406105555,-0.08919611890738072,-0.12855552670871,-0.07323665936512679,-0.18187005839689363,0.0007017794459691897
2024-10-11,-0.058214486883858545,-0.08116598205749859,-0.08581380715280444,-0.05343084433974304,-0.04957179151043933,-0.02581788292773936,-0.027254149658596516,-0.03824672172362778,0.377554244526164,0.0018699624561319278,-0.018071631244583,-0.06396363848854913,-0.07972707540041311,-0.1421869605321789,-0.08835726636740295,-0.12943136272853586,-0.0746421950894235,-0.18171129673985534,0.0007014102196701433
2024-10-14,-0.07055129586373919,-0.09004916872510745,-0.0959925163823889,-0.05931162942503525,-0.0543259313122544,-0.03858493353299229,-0.03351418531760445,-0.03286520036961944,0.31511763268382986,0.011134229086645098,-0.009546741285912149,-0.04654068961401817,-0.07838002599273543,-0.18669228163995413,-0.08474307075155182,-0.11800353342422695,-0.06397080167174776,-0.15765826855561701,0.0008113198720096413
2024-10-15,-0.07112832121271874,-0.09105830021615371,-0.09676592337181102,-0.05998898926662326,-0.05489051483056843,-0.03881368501119189,-0.0334770800640981,-0.032934093608322564,0.31591100678600487,0.011147868498365203,-0.009582567311910888,-0.04663357083019373,-0.07862255554396268,-0.18734716761594342,-0.08550876963708164,-0.1181650969623106,-0.06317072921697299,-0.15862544419936386,0.0008137567020403538
2024-10-16,-0.07026182367327886,-0.09019103283362302,-0.09584379637813308,-0.059082452313165286,-0.054837699125103036,-0.03810194749691316,-0.032708554056088544,-0.033008141345490356,0.31550515818895875,0.011185137536946757,-0.009681917329386126,-0.04660217881996335,-0.07886593144194186,-0.1869688931327824,-0.08638704297508014,-0.11836524261756254,-0.06184845660298867,-0.15845443315780677,0.0008123176173295204
2024-10-17,-0.07074736897311433,-0.0908441713341309,-0.0968350380147639,-0.05926002912603097,-0.05590059113192086,-0.038310653771949074,-0.03305691509100796,-0.033146408047688654,0.3166063972034691,0.011234877649966437,-0.009750748940465983,-0.04674506090604894,-0.0793418830486506,-0.1878377590121617,-0.08758773917921783,-0.11930019961510517,-0.06186120480937226,-0.1593505287473038,0.0008146594370482867
2024-10-18,-0.07074161093051445,-0.09088245217917514,-0.09725661128827572,-0.05932096181368296,-0.05576643548348457,-0.03832821859060678,-0.03301717251355868,-0.03299495811868524,0.3164441494373761,0.011180311875773345,-0.00959948747388993,-0.046619832797920015,-0.07877878437001824,-0.18761791776100245,-0.08692558398319403,-0.12005486686857288,-0.061964764594814495,-0.15989834155962135,0.0008149327259318483
2024-10-21,-0.06909942185962982,-0.09438646138854184,-0.09953424657875326,-0.056647345608774366,-0.05971401582187604,-0.03402503170244991,-0.026025311873434934,-0.024141501092915678,0.28161223479761766,0.023092182286032506,-0.0005718931188891463,-0.010094913301524677,-0.07614161197121405,-0.23744185947549545,-0.10468409559826417,-0.1264834274439239,-0.05864078291816935,-0.18162036699960687,0.0008221213898258586
2024-10-22,-0.06868367980542879,-0.09411695434017552,-0.09866188609533506,-0.05668721099588257,-0.05870315331591969,-0.03358139059990246,-0.02581254510044187,-0.02394499425304124,0.28086132944184905,0.022886221562464663,-0.0005612189434652896,-0.010009809501169383,-0.0752731598866182,-0.23620234782599445,-0.10250886289979452,-0.12630458764681146,-0.05875312873529278,-0.18221198724299292,0.0008211223650791091
2024-10-23,-0.06854308284411159,-0.09407811927545726,-0.09865979781688355,-0.05675572110492065,-0.05848807412726113,-0.03339457064236938,-0.025758994792084,-0.023952678046135534,0.2808605730694238,0.022867302734432077,-0.0005618330319480735,-0.010024828568450219,-0.07527520402971928,-0.23590343692223262,-0.10267115557699243,-0.12768221960498638,-0.05978315206727535,-0.18242107778073366,0.0008212197642144816
2024-10-24,-0.06779006809929088,-0.0930173461981879,-0.09749528303096062,-0.05576542721399886,-0.057829058808580774,-0.032987259859947465,-0.025550886700864896,-0.023840548613100785,0.2800846843202405,0.022765177039825907,-0.0005591026472621692,-0.009978355575095353,-0.0748592408165854,-0.2346825947196295,-0.10319867867468967,-0.1258713988053075,-0.059313872513428297,-0.18265107436405476,0.0008194478242968795
2024-10-25,-0.06794774412395682,-0.09321554727446534,-0.09717570800100428,-0.05621582093519536,-0.05795381432310102,-0.033172456493401614,-0.025510532814647817,-0.023885723590804223,0.28021161515583587,0.02281483209565792,-0.0005626676590214927,-0.009988158263737872,-0.07508298604418531,-0.2353572060457537,-0.10342009856991824,-0.12683570929130922,-0.05928580406594006,-0.18195930884980346,0.0008194216539287306
2024-10-28,-0.06402314909856849,-0.09129387923353921,-0.09302292684872875,-0.06077246780363171,-0.057007812237872844,-0.02509185915500777,-0.02906959386870141,-0.027986227690135885,0.34455850668987786,0.011964701851616773,-0.010917989163507627,-0.05737821098614704,-0.07151464849997079,-0.161425420466217,-0.08992203477722849,-0.1318195630054275,-0.07326433902351338,-0.22744271213417072,0.000734533143981792
2024-10-29,-0.0645735035722828,-0.0918838700366366,-0.0939848969409917,-0.060986545959572744,-0.058132295302007406,-0.025377895271503515,-0.02929657344524404,-0.028034712638553047,0.34554887288004016,0.011977080313783748,-0.010924959865061137,-0.057459370746543274,-0.07169590880765361,-0.16237649003740223,-0.09050694098368389,-0.13226777646704974,-0.07154468868612117,-0.22820706015202233,0.000737001629110995
2024-10-30,-0.06455241861153789,-0.09205646944560039,-0.09366126873361574,-0.06158852751892035,-0.05795920057959608,-0.02529306409480167,-0.02921365879810262,-0.02807332927951742,0.34576437171152935,0.011985250865993368,-0.010944445518608924,-0.057559397036393074,-0.07179989029128145,-0.16245952011766407,-0.08988003535988062,-0.13374354724769047,-0.07143432642355355,-0.22834430166980796,0.0007371930719868257
2024-10-31,-0.06423608533369426,-0.09173554226459815,-0.09345176744220958,-0.061094799980689465,-0.057854023201490544,-0.02511750807617708,-0.02891577940668105,-0.028031876930561687,0.34531087237448765,0.011962002591591775,-0.010971481463576656,-0.05764442605352032,-0.07167480952969785,-0.16209843500875584,-0.09023420864545394,-0.13441774266727122,-0.07230347838748792,-0.2276932315700997,0.0007368522022117679
2024-11-01,-0.06296368388426894,-0.08950386829724348,-0.09210177761608097,-0.05926563980980922,-0.05661842051041611,-0.02484281767608016,-0.02858991462646102,-0.02789113019137218,0.34373047888413766,0.011898065351787654,-0.010936357708219158,-0.05730316925645039,-0.07118573521609738,-0.16087017790025665,-0.08828038142821269,-0.13169724441049532,-0.07243605378952411,-0.22644097609180114,0.0007333015847043569
2024-11-04,-0.07820119673208045,-0.1014495445542827,-0.10683150989620509,-0.06693864853789559,-0.06186705674164851,-0.041540535898025206,-0.03551311398414855,-0.031542403274136106,0.2603586755812776,0.0174261929101539,-0.003572006186746606,-0.028804934155291385,-0.07845361736631422,-0.23058798179412066,-0.08703192532625952,-0.0905404474588074,-0.04772938011307598,-0.20221763657495817,0.0006350175836701777
2024-11-05,-0.07816341483031916,-0.1011993452106245,-0.10619600861720127,-0.06672274926696521,-0.06216119478392458,-0.041558929658949924,-0.035701492754922244,-0.03166483084541847,0.26046750928354123,0.01751372542719895,-0.0036263145121725707,-0.02884402204130412,-0.07900997708239588,-0.23115983054060854,-0.08795778686480539,-0.09064116848282111,-0.04852569144780751,-0.201395900283222,0.000634818806816161
2024-11-06,-0.07949477744318531,-0.10296684654997004,-0.10784520899545494,-0.06793272606452999,-0.06366673878168547,-0.04219506874289576,-0.036380402063654574,-0.031907566269633696,0.2617867068046159,0.017616069593325685,-0.0036649326410753817,-0.029024036247948422,-0.07980906909409119,-0.23303462817123857,-0.0895990482156973,-0.0913278707492457,-0.049083816697847164,-0.20163348728271122,0.0006381894626413202
2024-11-07,-0.08117545122566705,-0.10648595119554861,-0.11267247166741148,-0.07041196144355555,-0.06796701578053058,-0.041962816250558733,-0.036257614189222145,-0.03194540788661504,0.2638433893690743,0.017593114442666185,-0.0035969425565172456,-0.029241650305460384,-0.07969443903151117,-0.2355675410758092,-0.08848884240010792,-0.08935726577986824,-0.04898834155347349,-0.20675277022361113,0.0006439877661161522
2024-11-08,-0.08233800037596056,-0.10763790405893964,-0.11305885794787655,-0.07173955791096903,-0.06793372952502677,-0.04273011304021431,-0.03717250397559797,-0.03228621491961583,0.2651032041621153,0.01778892255135498,-0.0036531563063274255,-0.029439962558072127,-0.08088424196525823,-0.2373016793789237,-0.0898247385112765,-0.09107185176347177,-0.04963799704842142,-0.20570212742761945,0.0006459598189719814
2024-11-11,-0.07655173656312753,-0.10103990476062062,-0.09668275417064731,-0.0706549119234166,-0.05880566537409078,-0.03511437268788966,-0.0339320953057455,-0.026971097440246884,0.25666081060081036,0.01620556802139007,-0.003909658305510722,-0.02631391127655629,-0.06714744163560857,-0.19747551732175306,-0.08767935574657092,-0.12302035233462415,-0.046168673518382136,-0.19810778669691265,0.000850478992168543
2024-11-12,-0.07687361818585144,-0.10143601123068229,-0.09760833962752401,-0.07082300961064701,-0.0598667272373884,-0.03522736655681132,-0.033773534914000126,-0.026990634334550394,0.2572334528298054,0.016208748484517272,-0.0039021697032921862,-0.026304409001373482,-0.06721774352603743,-0.19783754498216816,-0.08749903134105055,-0.12048900495920355,-0.04556464627966192,-0.1998393066432718,0.000853000222138712
2024-11-13,-0.0714540394170252,-0.09469360239593927,-0.09065739107586837,-0.06620143458809828,-0.055078120290599566,-0.03237586172223403,-0.03102730913041287,-0.025128501315903842,0.24064860291116233,0.01508318283957891,-0.0035993574864463013,-0.024502730810057643,-0.06237698733715498,-0.18451915900074192,-0.08080383127346294,-0.11185678353168663,-0.0424372745218564,-0.18795682277308798,0.0007987831122633611
2024-11-14,-0.07326910565991955,-0.0973399715378555,-0.09323473347915098,-0.0679309752050151,-0.056029835460232505,-0.03306759155398279,-0.03167359080066306,-0.02581293913732449,0.2476159899293881,0.015487216942855686,-0.0036630712420617356,-0.02512849788030913,-0.06384723724037528,-0.189631519675831,-0.08348057794220164,-0.11376837343080495,-0.04346346485934503,-0.1942167055096748,0.0008207077516968019
2024-11-15,-0.07439648314700123,-0.0986614060419567,-0.09465574152115229,-0.06881716210553328,-0.05638733681545607,-0.03380327611030471,-0.032131795005103755,-0.02632190390919504,0.2522322803057278,0.015797359841967444,-0.0037584644272757356,-0.025629691214239678,-0.06511475525898244,-0.1930356265670379,-0.0843962645787855,-0.11575628829312011,-0.044298204255989015,-0.19892003955497978,0.000837232726218118
2024-11-18,-0.07578215303336006,-0.10364831921012031,-0.10069050025684577,-0.06685579806641702,-0.06141630353654518,-0.033431883893939356,-0.027299832636156474,-0.03794477893127287,0.251637050699415,0.015203132498038317,-0.004594079514678132,-0.005366084857916469,-0.08488801831053241,-0.2532186436297959,-0.11008224916279002,-0.11723338769574675,-0.03406990736948716,-0.20929898439039918,0.0007286934072187254
2024-11-19,-0.07638943622288613,-0.10438785792618793,-0.10092072546899242,-0.06752395239679901,-0.06172344118953464,-0.03371563534876136,-0.027694819965299412,-0.03809464121483728,0.252582961346621,0.01528344139682352,-0.00461616307307176,-0.005395342895426284,-0.08530213450553455,-0.2544655382881794,-0.1112157596191933,-0.11982461687226767,-0.03495604609975086,-0.2088853285183846,0.0007308979798886095
2024-11-20,-0.07672758747722179,-0.1049427783917276,-0.10077338123272928,-0.06810098143381711,-0.06228466585570885,-0.03372786094015352,-0.027721479671578758,-0.03821231418969081,0.25300084118748184,0.015341461248489311,-0.004647369526371743,-0.005412798961427085,-0.0856244725914502,-0.25527183548942645,-0.111942109426692,-0.12109818165063842,-0.03512368966052812,-0.2091609901433048,0.0007321071965748539
2024-11-21,-0.07683771249163578,-0.10512900845940731,-0.10125609026090436,-0.0681594469644149,-0.06245518280042403,-0.0336846889322592,-0.02772929376982213,-0.038228068824101305,0.2532405017477498,0.01534053256980597,-0.004639159254524572,-0.005418055393914406,-0.08554223318630508,-0.25557393352973984,-0.11196109541364672,-0.12195499996250052,-0.035158392347145115,-0.2105113089423576,0.0007331579700740119
2024-11-22,-0.07740589080667089,-0.1060756732027575,-0.10271745374928665,-0.06865204642747916,-0.06363381279952784,-0.03381528423072454,-0.027771825091153345,-0.038346726221608986,0.25409453490614425,0.015387797258662678,-0.0046523348620663,-0.005430592584427378,-0.08574871636869465,-0.2565951694296111,-0.11319558207516912,-0.12341683616860065,-0.03553783014527428,-0.21197533241142266,0.0007358098176789913
2024-11-25,-0.07640816771216105,-0.10305513437446016,-0.09945865772363238,-0.0666587247682808,-0.05936642611317369,-0.03491835873380976,-0.027032146081885505,-0.031690767553144275,0.24411920857243544,0.02025286918818641,-0.0010189228214221517,-0.0058420658055690945,-0.08118594625782341,-0.2702025784462048,-0.09877127761268972,-0.09122020235702163,-0.03818173556023504,-0.20547857479278214,0.0008364906904470268
2024-11-26,-0.07673277261350689,-0.10348312852617213,-0.10052232897182535,-0.06681478736683903,-0.06031467291923501,-0.035125058778027914,-0.027071400017127975,-0.03200014241275536,0.24478102311229263,0.020486936612408108,-0.0010460934165839452,-0.005878503851895,-0.0822593592746892,-0.27142806630851435,-0.10022247810062973,-0.08860010133829807,-0.037668697807328795,-0.20421063079168064,0.000837125070244182
2024-11-27,-0.07691882607604875,-0.10412061188557212,-0.10091296390124206,-0.0672362766083801,-0.059927687572681784,-0.03495493053663578,-0.02698406788184685,-0.03198134590405789,0.24500965010739964,0.020462720576047866,-0.001043005636257576,-0.005870419669595229,-0.08212612463113853,-0.27117081970310297,-0.10071703330836518,-0.08885474918066294,-0.03770388060491573,-0.20467282404665899,0.0008379069502563872
2024-11-29,-0.07690928613083617,-0.10386948129781014,-0.10071906794298867,-0.06674824782121105,-0.060047079686605984,-0.03516612427236468,-0.027038356237520746,-0.03208885371942781,0.24531069484445883,0.020557823127901866,-0.0010508832026198593,-0.005892532231662512,-0.08247731850393822,-0.27215665617745655,-0.10142751301853879,-0.08910745526989822,-0.03752369156079696,-0.20303417248847597,0.0008384264048867985
2024-12-02,-0.08652995369037605,-0.11094313728957318,-0.10616177777417364,-0.07300392713911694,-0.06221892526432693,-0.04429856039398819,-0.035080442675654216,-0.041435529320041554,0.2533353815090953,0.012984572770824905,-0.005524820386520833,-0.0028107592237214007,-0.08507493513158362,-0.26006021638964516,-0.10499546567468915,-0.10025403121034182,-0.02296094156943712,-0.17488410349062358,0.000876290993788853
2024-12-03,-0.08669407180885129,-0.11111553839184157,-0.10581814875264581,-0.07378121125146722,-0.06217324759187361,-0.04441138970644982,-0.03520992057986127,-0.041430686314062506,0.25325961521865226,0.012980388085439548,-0.005536778788442542,-0.002808536987337225,-0.08518824710419781,-0.2599037095066766,-0.10344126843136778,-0.09935271090246797,-0.022789581975734316,-0.17589678976866688,0.0008760823968354959
2024-12-04,-0.08684224274246422,-0.11115670182423056,-0.10560782907160429,-0.07400053118822414,-0.06172512257927091,-0.04465958202512237,-0.03527958114247416,-0.04134722672896868,0.25326681702996645,0.012942240562037135,-0.005488487556727978,-0.0028095685966442463,-0.08487920973897986,-0.25987939573059976,-0.10290762458023327,-0.0995433725998121,-0.02304663680420495,-0.1758217764949959,0.000876000440055187
2024-12-05,-0.08745124480171687,-0.1120355766457226,-0.10650635579665482,-0.0750417547157892,-0.062050783125399196,-0.04476861850866489,-0.035428419203928724,-0.041551242845572274,0.2539722797747634,0.013013396956708695,-0.005556823211171942,-0.0028223444925481555,-0.08543223617016342,-0.2609386871335288,-0.10280273606604734,-0.10001377958751007,-0.02296089336857317,-0.17605969254031142,0.0008774781225439874
2024-12-06,-0.08742791246378825,-0.11175771508238119,-0.10588164021862136,-0.07477124290323965,-0.06127568410888252,-0.04495007627256527,-0.03563408723962527,-0.04152489634738866,0.25375996915776955,0.013001148643568836,-0.005563393052619481,-0.0028166176042023258,-0.08533762336315055,-0.2604920269685732,-0.10247065679145911,-0.09919091770921133,-0.02291057118512291,-0.17497462831194288,0.0008767445861054394
2024-12-09,-0.09465670596723222,-0.11626987844785325,-0.11067214390590756,-0.08220020530787531,-0.06195796998207778,-0.05066951839752837,-0.042468097492166554,-0.04005387413525962,0.24498262459266187,0.01205723658851924,-0.005677018823441278,-0.025602882804046163,-0.08171242850069524,-0.2451681492331731,-0.08102165695148889,-0.09261363349911983,-0.029639884975662632,-0.1761669875337173,0.0008521143509517007
2024-12-10,-0.09422248442742306,-0.11541233900096588,-0.10991335303106907,-0.08137760802040653,-0.0615088749401614,-0.0505245914108811,-0.043242775578825804,-0.03984758500896262,0.24434534046489134,0.011988590987270103,-0.005612109421073052,-0.025498658539198006,-0.08132340707658564,-0.24431346364134407,-0.08106868587439255,-0.09332309018919484,-0.02985703046643769,-0.1760664987971575,0.0008502080278867041
2024-12-11,-0.09359656471835606,-0.11497251478676879,-0.10949294800099887,-0.08104321590997979,-0.06119927284830168,-0.050034787481931166,-0.042517075397421576,-0.03977128582764671,0.24414366232061116,0.011958700353947376,-0.005581773947388462,-0.025471326648442275,-0.08114105035425684,-0.2442638390092011,-0.079837153799254,-0.09448506121743522,-0.02990345119629263,-0.17635335932150772,0.0008496094908539071
2024-12-12,-0.0944629016288683,-0.11610646255742138,-0.10943279302178216,-0.08266862182779167,-0.06160598704923704,-0.050456751373054325,-0.04278120801557309,-0.0397627652886344,0.24460066986606685,0.011948593442827391,-0.005540699843113681,-0.025487606108833,-0.081091448087875,-0.24484197506523137,-0.07981978864007636,-0.09558766969446066,-0.030345187251363114,-0.17731457124096725,0.0008514069897139793
2024-12-13,-0.09365616396685862,-0.11524335040781958,-0.10862918273215867,-0.08194676623654128,-0.06066594414282041,-0.049899528221334616,-0.04247071521228609,-0.03951081585079063,0.24392096545862227,0.011875777545928973,-0.005460844262190044,-0.02534708015648571,-0.08044929094642518,-0.24360768782534717,-0.07951006469038908,-0.09397004219946788,-0.030154240179493096,-0.17749476847126477,0.0008494548226577678
2024-12-16,-0.07205491859027338,-0.10972592352221193,-0.10194934555824402,-0.07414134831409305,-0.06347051543681732,-0.020559826330179644,-0.02186799737481939,-0.02782811759116872,0.22890177500938982,0.01991909149506323,-0.0017757650658901127,0.003620166398023771,-0.07343181497199779,-0.23407222622514617,-0.10182215913500901,-0.10795619978289667,-0.02501313217019187,-0.28121758433897176,0.0007822688080379275
2024-12-17,-0.07228583336282883,-0.11032164572714885,-0.10183471652296922,-0.07529584381590408,-0.06391728647531168,-0.020515715292920848,-0.021773902134638295,-0.027885846667583165,0.2291938718031133,0.01994846726605462,-0.0017831388073047253,0.0036203090438398423,-0.07361124328787326,-0.23478500343295042,-0.10158124158591975,-0.10834184052450319,-0.024907549266789192,-0.281076962383716,0.0007831717018058167
2024-12-18,-0.07202903095717292,-0.10989736963644353,-0.10121215357644518,-0.07498489362286509,-0.0632029447696424,-0.020488828816496496,-0.021727803251025964,-0.027893526943932136,0.22928494767001034,0.019953961441762032,-0.0017879697142130994,0.003619287714884498,-0.07363826712052657,-0.2343478883509825,-0.10112030171866912,-0.10795568165523639,-0.02474629494077028,-0.281433567145434,0.0007833874017331047
2024-12-19,-0.05136277832429732,-0.07835964419218884,-0.07244546653376308,-0.05312043190333361,-0.04439324131108095,-0.014688437872334436,-0.015596689504330852,-0.020343641445027094,0.16819928925178632,0.014551399323582792,-0.0012975999926576973,0.0026430851376868835,-0.053447937013244885,-0.17046057154515804,-0.07125001148157631,-0.07781762267250458,-0.018022035044144548,-0.2092276040870911,0.000575734127187863
2024-12-20,-0.05266404263241525,-0.08031334738112597,-0.07432880465127724,-0.05421905834712891,-0.04531208263263205,-0.015011443098379628,-0.016043818246642,-0.020803481526130586,0.17263583113976796,0.014851181955432653,-0.0013102174695200234,0.002698901818611862,-0.054500717250600045,-0.17458536611715691,-0.07191913063729685,-0.07989569564643134,-0.018477045020270602,-0.2149308086819082,0.0005902699313201393
2024-12-23,-0.05734321883542988,-0.08974481728733968,-0.08266837327299097,-0.06221335583803819,-0.05396866485248726,-0.015258122591151235,-0.019087459398407367,-0.020806183105303643,0.2115216344999991,0.017341010495041716,-0.0021954844011565842,0.014087375245398288,-0.05522624792620506,-0.16391776920471016,-0.09004539902133187,-0.10542225549200321,-0.013742692150490749,-0.2413277908924282,0.00048709207057468103
2024-12-24,-0.059344798673596065,-0.0928596953189268,-0.08509790569086124,-0.06461289661300652,-0.055381839784208006,-0.0157961203184357,-0.01974385137240611,-0.021333963390858104,0.2174273045149057,0.01775711325905142,-0.0022374506230225357,0.014470512693267743,-0.05663828310948963,-0.16814691194019257,-0.09297827034413,-0.1079213489707276,-0.014145847680624248,-0.2491275135129504,0.0005009979571703616
2024-12-26,-0.0604083066588071,-0.09477700498893488,-0.08662320457123009,-0.06610643737525349,-0.056403885374800365,-0.016001991305595806,-0.019990933546397412,-0.021559596105068322,0.21958447208705142,0.017934236811880527,-0.002268094055568355,0.01463987999653028,-0.05734911595661085,-0.17027352474191507,-0.09447826519259064,-0.10915578479782093,-0.01436111505303419,-0.2521630231677214,0.0005057211141625351
2024-12-27,-0.062247506813105785,-0.09758766968408107,-0.08933251769871801,-0.0680160978584021,-0.05866802175844304,-0.016553630376038693,-0.020510004536555576,-0.022213537673480943,0.22613672604517793,0.018478869786990215,-0.0023338717324022226,0.01507303158071817,-0.059101083195637664,-0.17575732865900695,-0.09753470355418091,-0.1131441218166279,-0.014743851989672813,-0.25909339973063567,0.0005206839350195834
2024-12-30,-0.06647619009976422,-0.09287640431925105,-0.0872055321750389,-0.06903563091274341,-0.053617429001568385,-0.026201372559167484,-0.02918516981483895,-0.024232175168300778,0.20851995762155273,0.014180988952982344,-0.00349007113107913,-0.011820123232690634,-0.05683885832019654,-0.15952671975756616,-0.0706742101358106,-0.09886909459737629,-0.023281256158957032,-0.22028332121701685,0.0004280829912180817
2024-12-31,-0.0665605058390988,-0.09288494623117437,-0.0873524467209202,-0.06891009214582215,-0.053824271683623956,-0.026332129869624146,-0.029287461772439956,-0.024610544982041203,0.21125576573436283,0.014430135739915768,-0.0035590581028156925,-0.011992511658266551,-0.05774826080818009,-0.1616089862716585,-0.07114213904504943,-0.09970053896124154,-0.023764448873787605,-0.2230751083764964,0.0004330643126194352
2025-01-02,-0.06794982233350673,-0.09473604985146414,-0.08936192525670007,-0.06994081738822175,-0.05516729952340524,-0.026954968580776874,-0.02988017396896933,-0.025161502019890366,0.21638456848093232,0.014744340486171167,-0.0036237392252262413,-0.01226121549413151,-0.05896518243371456,-0.1654105305838223,-0.07345985871859867,-0.10269497145505288,-0.024452359047400913,-0.2293650459526886,0.00044330766246062226
2025-01-03,-0.06965445984546914,-0.09706405874109975,-0.09141667607179225,-0.07169550306971238,-0.05670833127117207,-0.02759017138590529,-0.030645814095512057,-0.025845979531110185,0.22219377072918353,0.01515205984592483,-0.0037321604348119907,-0.012612371184547102,-0.06056864492350848,-0.17030308021431917,-0.07478128097687671,-0.10691092176818909,-0.025361636856936855,-0.23758208393941788,0.0004553200718814514
2025-01-06,-0.06319338257850811,-0.0922411937505054,-0.08826722926755268,-0.061654953892038254,-0.055662599389828565,-0.02426749971996371,-0.02108233298242037,-0.0317855236136064,0.24907792092980005,0.015159221010435594,-0.0045859984770968976,0.019676982843194635,-0.07179070935810733,-0.20378281694539896,-0.09749607212791493,-0.10178020410997247,-0.008331005491157402,-0.21112911822468744,0.00047625206698225626
2025-01-07,-0.06545247220614392,-0.09542867030356383,-0.09078796522335118,-0.06414903173973921,-0.057279197730991195,-0.025199771682233526,-0.021763100938603386,-0.032661777974954495,0.2562716288799809,0.015578039887126636,-0.004696221755948097,0.020240341700337634,-0.07365905723798971,-0.2099888798084298,-0.09899810602090882,-0.10456521341630978,-0.008585483469896748,-0.2157788543395707,0.000489887329171851
2025-01-08,-0.06488281533397967,-0.0944390226756251,-0.09049075739750236,-0.06306383926564249,-0.05687365018276926,-0.0252037569528891,-0.021629158895090213,-0.03257768917441302,0.2563572481394731,0.015521766789929942,-0.00464764506908285,0.02022711521528191,-0.07338885644080302,-0.20949625239491446,-0.09814892771106212,-0.10525358024622203,-0.008633524693153207,-0.21679100318576888,0.0004903499684235302
2025-01-10,-0.06690665978261455,-0.09751882708937337,-0.09348097307542054,-0.06503680144315004,-0.05837676782099997,-0.02594687521692063,-0.022195735402280748,-0.033629363218907304,0.26449253145154433,0.016032453674126416,-0.0047983461507084485,0.020911204447586547,-0.07579317491758254,-0.21628669529038885,-0.10146800839374089,-0.1091044020294063,-0.00888560110050363,-0.22436782742149142,0.0005056023578770038
2025-01-13,-0.06829386868224323,-0.0941470341695288,-0.08925641660103391,-0.06946100537548908,-0.05539885665270709,-0.02873623574462388,-0.03142679937036803,-0.0340550309764203,0.2508419931050274,0.00832845768564912,-0.008810321428748605,-0.02231864665109217,-0.06683154399752837,-0.16227147204947096,-0.07551589990405619,-0.09704168663125545,-0.023179402405030317,-0.21579025176098188,0.0003664862816308855
2025-01-14,-0.07031230202424331,-0.09709655599280788,-0.09270583144802773,-0.07129635253492794,-0.05715647765479592,-0.029507836615365778,-0.032140664135202515,-0.03503465414852879,0.258363129653368,0.008561056065102312,-0.009069088883836444,-0.022982226665183028,-0.06862270461184217,-0.16705354979327847,-0.0787155471584648,-0.09893254029581308,-0.024040909200755637,-0.22287814692695201,0.00037738268479235715
2025-01-15,-0.0723733389499549,-0.09979717501364242,-0.09564610121818629,-0.07310921169476815,-0.059332483806463644,-0.03039614274486047,-0.03336107645995284,-0.03597088193664484,0.2652492004946559,0.008789971043746994,-0.009293270605089105,-0.023597874923593408,-0.0705148843319569,-0.17168244683748043,-0.08153079032117183,-0.10207756570844004,-0.024664572147407356,-0.2273063720886005,0.00038734618355204666
2025-01-16,-0.06729875945843367,-0.0929737819511508,-0.0889740678950102,-0.0684327182649792,-0.05535564121022566,-0.02816740256776299,-0.030924249712492993,-0.033197690671271804,0.24323234728328505,0.008127342396267829,-0.008649747238738502,-0.02174204115490587,-0.06529260843829177,-0.1584655032094515,-0.07502616883089204,-0.0940987869815465,-0.022931843972818434,-0.20763103645197584,0.0003544154870999295
2025-01-17,-0.06949705622243094,-0.0958180380775686,-0.09172810372847645,-0.07016704457955389,-0.05727381310303886,-0.029234126833144317,-0.03189350030475861,-0.03435362645977664,0.2513092661453254,0.008412145432839472,-0.008960360975979178,-0.022479721900099066,-0.06755264841996335,-0.1638136403958189,-0.07907457871651226,-0.09783580515680569,-0.023574458942655103,-0.21439517127188543,0.0003659615169130704
2025-01-21,-0.05730905831036934,-0.08197755900826924,-0.08059061544280806,-0.049439133495236855,-0.053946646920411144,-0.02335918726911936,-0.01808730326041497,-0.012067962825082783,0.2944852466142919,0.03154279511986596,0.004380932460298134,0.01072505462721243,-0.06242263443652128,-0.22645993034115475,-0.09182464210147771,-0.09400472152164088,-0.048783895115616434,-0.18009188450116453,0.0005627852478356407
2025-01-22,-0.05861161738062313,-0.08365693974388788,-0.0825041832609646,-0.05028752087312513,-0.05560013977052776,-0.0240983635945821,-0.01848596783941722,-0.012243776403681416,0.29790100897890237,0.032003966287422046,0.004469761411493359,0.010853591276244518,-0.06349013953817965,-0.22960817357419336,-0.09459589749741164,-0.09653239627528441,-0.04909022778059316,-0.17978574721112778,0.000569105153440961
2025-01-23,-0.06033491880980566,-0.08628687660827952,-0.08484905892877273,-0.052237928612559416,-0.056655198364432384,-0.02466020059307017,-0.018973895601372373,-0.012528383925219598,0.30547403200614803,0.03274061603247939,0.004560532342269263,0.011119759714799686,-0.06491383279744724,-0.23517731823238774,-0.0953351369838038,-0.09951897275099963,-0.05030538894452175,-0.18471529798219335,0.0005837147098726531
2025-01-24,-0.06300858563904206,-0.09010509495682101,-0.0889414534971067,-0.05436870760695928,-0.05910912095873443,-0.02582137807338991,-0.01975223207774118,-0.012990289593489093,0.31725978574416963,0.03391559966752073,0.00469968079390244,0.0115595614556027,-0.06732388162505978,-0.2445579531571494,-0.0997415416892774,-0.10321236000248642,-0.05205917073951473,-0.19177667820971803,0.0006062355041236072
2025-01-27,-0.06539059082913216,-0.08983127359128644,-0.08764883741609485,-0.06163352128839071,-0.056318812079164594,-0.027142883103842264,-0.027949987704410758,-0.020056874297015206,0.330276794124951,0.02175937592425275,-0.0029820146704823696,-0.03218991459605272,-0.06562505543089639,-0.1909998605193269,-0.07373010749290602,-0.11606381814670952,-0.0619759183811958,-0.1985743726428985,0.0005579909410304916
2025-01-28,-0.06341345807151348,-0.08692257303209881,-0.08660882312959346,-0.058732327242498265,-0.05474781428980002,-0.026640857307875087,-0.026934829582776616,-0.019795488568612265,0.3246416872901282,0.021495495122290893,-0.002961423775661794,-0.03172688310579941,-0.06485624561837143,-0.1876081549984182,-0.07333171724022278,-0.11273185446224934,-0.05990093461345872,-0.1949683441055474,0.0005476705249847232
2025-01-29,-0.06530560814444931,-0.08969040353859897,-0.0888609392777878,-0.06097427341356704,-0.05607167307462671,-0.027220575652226242,-0.02775829552230968,-0.02024558060751921,0.33220604001352916,0.021993368756061848,-0.003027631378313954,-0.03247930975915448,-0.06625902638429244,-0.19186077940325647,-0.07411621439837394,-0.11632888543550506,-0.06133765617622898,-0.2002821633623155,0.000560295362577269
2025-01-30,-0.0655945391936841,-0.0899500953647799,-0.0892740002351613,-0.06131084029882745,-0.05635771061042238,-0.02741886080624768,-0.02797061635531948,-0.02038308839422907,0.33446475411168947,0.02213019521750631,-0.003043844899838024,-0.032680627134715236,-0.06666335436111803,-0.1931616312538284,-0.07367887650858719,-0.11674100897771751,-0.06190486915371157,-0.2021793374774841,0.0005644480578179081
2025-01-31,-0.06700198359540452,-0.09166892995006994,-0.09082610495221058,-0.062413763442185764,-0.0577088264997775,-0.02809924702886425,-0.028833368816852254,-0.020691367161783086,0.33924257534605945,0.02248093524406922,-0.0030970185205834743,-0.033161114372319736,-0.06772529797942463,-0.19617019291990292,-0.07563608170622445,-0.12012893212089765,-0.06280807485190619,-0.2049427885473981,0.0005721631122282604
2025-02-03,-0.08159021121776616,-0.10204973063371751,-0.10175169927395188,-0.06865143974316426,-0.06370815929662013,-0.04404552114767417,-0.03859118249270727,-0.019983328279898134,0.24532424000594097,0.02941792810906649,0.005044986706939955,-0.02571131888277327,-0.06816765214762187,-0.25371073517471604,-0.07409770409318381,-0.08273599985317868,-0.06185489213275927,-0.17881775505394987,0.0005941470615689925
2025-02-04,-0.08165636176427395,-0.10227218253059504,-0.10240619921474474,-0.06871287390533293,-0.06352748383838017,-0.0439190212698408,-0.03865478175836735,-0.020181682946391246,0.24735265657367933,0.029702922164535565,0.0051316823631774545,-0.026001986835676495,-0.06888766577666146,-0.25566392209079836,-0.07460547263319929,-0.08392366675101327,-0.062892631217535,-0.18121650862672894,0.0005994764141323223
2025-02-05,-0.0838417787387356,-0.10476384493862499,-0.10449764064461153,-0.07077616055557924,-0.06553684802672105,-0.045208544103426604,-0.04003753288021344,-0.020573655479361224,0.2519362880022714,0.030298747737915025,0.0052376703224605164,-0.02650197775938434,-0.07023303654746331,-0.26096807162927255,-0.07597264772007493,-0.0862364580048256,-0.06416902356341067,-0.18271483168351402,0.0006099895171643447
2025-02-06,-0.08458030977691434,-0.10560152885611973,-0.10564722797697085,-0.07137644583781665,-0.06651024705412104,-0.045827157021101496,-0.04009228364618188,-0.020764745607906022,0.25307939414794556,0.030594265185365614,0.005345046535648178,-0.026723777761358637,-0.07100086748096995,-0.26268446635398274,-0.07734202517661258,-0.0871125777423212,-0.06401466308740791,-0.1831198126525367,0.000612384083852909
2025-02-07,-0.08486627538982996,-0.10596174606112517,-0.10533198444077918,-0.07174438055061222,-0.06628851725165276,-0.046041897483810545,-0.04025728580068633,-0.020742188387909782,0.2529705685231377,0.03055631929984064,0.005342321898661618,-0.02667544117598774,-0.07086506073013707,-0.26227213045381287,-0.0775310245794903,-0.08687610213673395,-0.06403954893037762,-0.18298308951089662,0.0006123445774790502
2025-02-10,-0.0684029252911313,-0.08903052961114294,-0.09022979692024805,-0.054568092578989466,-0.0598974449090545,-0.03293907640268006,-0.031010672611982454,-0.008798413011966122,0.36037961791437284,0.03543013805866248,0.004223012832646676,-0.04349219560265583,-0.06201583337213373,-0.23538297352855442,-0.08219867467783305,-0.08095070610772515,-0.09566283569210615,-0.1793225001494594,0.0006203832993842832
2025-02-11,-0.06915602483763407,-0.08989591678392948,-0.09083129131637781,-0.05538931698867726,-0.0603428089059031,-0.03325898135299538,-0.03147524947965062,-0.008826724695803255,0.3616044012128935,0.03552558459534887,0.0042224883763103665,-0.043638827118630555,-0.06221360872602836,-0.23654375097981653,-0.08240180341393495,-0.08256135400228243,-0.09733158762468469,-0.18039416031937797,0.0006221880784729434
2025-02-12,-0.06920545951235135,-0.09001387663878657,-0.0911531104121435,-0.05528791108928284,-0.06002501659888667,-0.03343508260389578,-0.03137014463619978,-0.008811660588895522,0.36171542851291644,0.03545354818055337,0.0041977587038608336,-0.04365080974682026,-0.06210899818899929,-0.23658488177118586,-0.0828072978519194,-0.08230521624274628,-0.09812432415384761,-0.1798821616943735,0.00062253104232117
2025-02-13,-0.06919852346336086,-0.08979564917210688,-0.09071886278702022,-0.05536461448229874,-0.059519395792575175,-0.033586476553723016,-0.03156824668468922,-0.00877247064660969,0.36151905655205957,0.03523741211074171,0.004144105469912358,-0.043423905632715316,-0.06182273783698285,-0.2362675482994369,-0.08210775391866769,-0.0824572897612557,-0.0971150285254023,-0.18014840063187113,0.0006230288713190096
2025-02-14,-0.07016452659500112,-0.09095370395597388,-0.09167288173477559,-0.05629106684319825,-0.06032944677597357,-0.03407236948435911,-0.03184363226173115,-0.00884548069627258,0.362842590303607,0.0355831783682283,0.004222743592885776,-0.04376664200025368,-0.06244768055780075,-0.2378893163076657,-0.08311953032332806,-0.08346329175570483,-0.09781954384856234,-0.17909337130793493,0.0006244709463150582
2025-02-18,-0.0826091340709821,-0.10672698603223624,-0.10479791782038454,-0.0718996917796039,-0.06576083068808777,-0.04299654302118486,-0.03748607753320957,-0.03297140667595081,0.27096435957328013,0.018869529457915556,-0.002244734937849526,-0.014602207884732179,-0.07803111211127302,-0.24510327653744843,-0.08868968987702346,-0.09900557038733161,-0.040356703291238784,-0.17839646676758886,0.0007338809037360013
2025-02-19,-0.08322440459459758,-0.10739449523711297,-0.10517533992208468,-0.07230112869378101,-0.06634047753878537,-0.04344946649797944,-0.03784724148874147,-0.03294844777323382,0.2716291949679981,0.018830529928135876,-0.002225637050424663,-0.014603312373485333,-0.07797031940981823,-0.24569844724416812,-0.08938130274726433,-0.10097821235960636,-0.0410856800326148,-0.179355552807909,0.0007363092072742231
2025-02-20,-0.08314471234485447,-0.10767442758342838,-0.1053786752541855,-0.07233938986967037,-0.06612932918149916,-0.043012709514352584,-0.03779744689434654,-0.033004133674854455,0.2718961047944888,0.018865697793228806,-0.002228975566966863,-0.01463666318513405,-0.0780334014811813,-0.24594521244627693,-0.08947174595128461,-0.10105953066296726,-0.04142086823188505,-0.17958501094031895,0.0007364940723831789
2025-02-21,-0.08289504160287715,-0.10705127843820934,-0.10419842615671635,-0.07191465892471861,-0.06538857370612745,-0.043142241223957,-0.03808243794279868,-0.03300093041038306,0.27148491967513066,0.018873368103007146,-0.0022336592214676713,-0.01464238131154264,-0.07809415072040443,-0.24569734601156853,-0.08975226458519217,-0.10094656545373608,-0.041407249587461385,-0.17787987174641764,0.0007352907906989828
2025-02-24,-0.055232642454684885,-0.0909142118723523,-0.0882933339433682,-0.050454028697652094,-0.06364248711591833,-0.01337425969278268,-0.008847612267558817,-0.022666985055259697,0.3299921257784321,0.030002229902264973,0.00116004560570661,0.034918365239116206,-0.08055875365745346,-0.27270777722257183,-0.13053490786071353,-0.11413260876333388,-0.0357896221584792,-0.23952528623444672,0.0005339330591901002
2025-02-25,-0.05490564085165976,-0.09044607163121493,-0.0883174716415375,-0.04982847043175374,-0.06314571830598598,-0.013358017681034104,-0.008706406203041668,-0.02269264016796217,0.33003432538640165,0.03004818827354943,0.0011627113934062636,0.03497426447586231,-0.08071854163944407,-0.27288592486929225,-0.13096890069671854,-0.11468327840655429,-0.03564181910470116,-0.23954586163794156,0.0005336119095150384
2025-02-26,-0.054756342636594804,-0.0898921434566282,-0.08854012059402676,-0.049143740554069656,-0.06283347114291507,-0.013463725638422385,-0.008702234844270695,-0.022807192943478407,0.3300930485909471,0.030249922115463596,0.0011813965144658223,0.03508100734399522,-0.08124174774993702,-0.27325376284704433,-0.13242413843052253,-0.11303986142720972,-0.0352064227587899,-0.23836424667123646,0.0005329945348447701
2025-02-27,-0.05481213195026778,-0.08985877939332325,-0.08809950136170755,-0.04921930829119869,-0.06285713260452634,-0.013469929469089394,-0.008781088894946673,-0.022824125552648424,0.3299241246319452,0.030306456027025582,0.0011873341992063248,0.03507906677741501,-0.08134132393879663,-0.2733901002412777,-0.13175410417848943,-0.11311325547445461,-0.03487628972368032,-0.2386484210966784,0.0005325277803804006
2025-02-28,-0.05384161117898994,-0.08820154444700565,-0.08747477214774571,-0.04773180051527827,-0.06174226680930157,-0.013284218833359491,-0.008588400026793003,-0.02273207783475648,0.3292120733416064,0.03019501374349025,0.0011759698473618103,0.034949168435828036,-0.08079570813833575,-0.27219002828987293,-0.13194629314769776,-0.11110861423874914,-0.03483551084006725,-0.23976762891641779,0.0005311853391979458
2025-03-03,-0.09069222866574382,-0.10990200822196484,-0.108476003514485,-0.07970796095516197,-0.06678193620849386,-0.05033061849966489,-0.04655422370864121,-0.03210534003007145,0.23670480150161802,0.018083623973487527,-0.0015289080126483653,-0.02754164087273589,-0.07328529992475204,-0.23581227576609817,-0.0756209916317522,-0.09650000955677043,-0.039728589267785115,-0.17938768063128005,0.0004474747423107304
2025-03-04,-0.08923347423525232,-0.10737725467257944,-0.10632854796234882,-0.07753104903166239,-0.06459515682627733,-0.050603445173761204,-0.04588870823209963,-0.031996197393538796,0.23554248189648053,0.01804853306201356,-0.0015275175167790333,-0.027463244954122223,-0.07310882014854946,-0.234015389830589,-0.07555365790831194,-0.09722927006978381,-0.039256676528805275,-0.1766925121334789,0.0004449911973540951
2025-03-05,-0.08826471643686805,-0.10572368983731291,-0.10434655380473222,-0.0770183881284869,-0.063634730962239,-0.05040877136079789,-0.04610757517078395,-0.031800462538260584,0.23472178178392294,0.017926905314211407,-0.0015032666809974891,-0.027267775556923234,-0.07260582225740586,-0.2331424376109019,-0.07441145916809253,-0.09772133629896226,-0.03924039447208767,-0.17448299234751483,0.00044338682974860943
2025-03-06,-0.0901466926378481,-0.10743655754336102,-0.10611748738451363,-0.07844337387441153,-0.06461345279038747,-0.051891539492814956,-0.04774092491524562,-0.031862136980225116,0.235730554680545,0.0179231724554987,-0.001499310805228125,-0.027275650553845225,-0.07276356303034294,-0.2345180828945863,-0.07564732140866123,-0.09845308084734444,-0.03934417726317591,-0.17329621887788976,0.0004457791378508628
2025-03-07,-0.08524923507754995,-0.10136005140626594,-0.10084280617831465,-0.0732714787297006,-0.061110981031002445,-0.04932776379906632,-0.045566069765703016,-0.030572254591283893,0.22655452985253513,0.017205944233380947,-0.0014353109792252326,-0.026186073583794166,-0.06967039164902057,-0.22440380574747626,-0.07079375348723257,-0.09408279329353171,-0.03759965234891507,-0.1663326413584268,0.0004281668086997166
2025-03-10,-0.05343347409223114,-0.08176572062583568,-0.08096173632454737,-0.05323933743301237,-0.05751952815588663,-0.016259896180254415,-0.01662938940792555,-0.032931722249840756,0.3466059781096652,0.014497662685129347,-0.008512433637602616,0.00024037386399602487,-0.0798814110685752,-0.20859366188442596,-0.1034684046293348,-0.11341821804438763,-0.030128503747126716,-0.21449646249841778,0.0001493874913940482
2025-03-11,-0.04762276589294969,-0.07281578366269965,-0.07255589990623168,-0.04682145590385616,-0.0513016285170707,-0.01452572309356713,-0.014851347578831687,-0.030273579062153125,0.3176909767689625,0.013356816373788459,-0.007869361506052169,0.00022090510284739057,-0.07333402590490744,-0.19012399770515764,-0.093752762294223,-0.10285898355976951,-0.02738908293843561,-0.19638341183860247,0.00013667624670068008
2025-03-12,-0.0482737574974401,-0.07358316260991223,-0.07309794977178408,-0.0475974578562599,-0.05227164308098304,-0.014751576267341651,-0.015259311534712735,-0.030739806955657232,0.3235340254707016,0.013562036888364692,-0.007961707815308085,0.00022449022238219985,-0.07423990447023215,-0.19305278171506968,-0.09441812211168327,-0.10604348858010919,-0.028063294960210844,-0.19898952637038197,0.0001392743851258186
2025-03-13,-0.04887052141190301,-0.07444451213270027,-0.07342314849030945,-0.048440797368102105,-0.05269609318339535,-0.014952086552691627,-0.015440745536944984,-0.03084437242605644,0.32535659644190135,0.013608019583850446,-0.00796452799340606,0.0002256513758843841,-0.0744910770134916,-0.19450342957881772,-0.0947250448514236,-0.1071824067957029,-0.028241935839852936,-0.2007524303804256,0.00014016095595457422
2025-03-14,-0.04867253298582198,-0.07399943072315696,-0.07304638701159097,-0.047923773873040816,-0.0522967636986508,-0.014963374042628454,-0.01549209971457361,-0.03116915218582249,0.32801954524983173,0.013764579983563396,-0.008094413564076723,0.0002276648649365708,-0.07528311904239939,-0.19486068099324627,-0.09354721816563205,-0.10989835650456879,-0.028348575834494558,-0.20296241198083698,0.000141205304163775
2025-03-17,-0.04631710390151696,-0.06827303452451444,-0.06685868079221079,-0.04829476998940433,-0.048241683169584534,-0.014660433994037094,-0.020574644890752097,-0.026691634987069952,0.35714514491965316,0.008667245986596616,-0.011753766539236455,-0.035471538143105476,-0.06240081377128639,-0.1292750096725507,-0.07536659678144741,-0.11105976106756077,-0.04980947862981295,-0.18303637167327838,0.0002154555551748392
2025-03-18,-0.04775526927253915,-0.07023609650047474,-0.06888738193511293,-0.04962286458619369,-0.04987040114194692,-0.015134618252713665,-0.02136233713113753,-0.027285018476676172,0.3644698806228197,0.008855715928468783,-0.012059071806513432,-0.036222141700281416,-0.063833625021691,-0.1322922976389135,-0.07825434633776507,-0.11399253978003315,-0.0511967138460178,-0.18613430092027358,0.00021995440539045313
2025-03-19,-0.04856202335586952,-0.07116057495761288,-0.07010566991004637,-0.049958932633731766,-0.050635386235867476,-0.015499543288960221,-0.021769018620790028,-0.027974611652874497,0.3733020650965819,0.009080866913578267,-0.012363568839505646,-0.03714058713592509,-0.06553765557952551,-0.1352581854309156,-0.07973119300083847,-0.11811767480373464,-0.052318827183564044,-0.19051005254391526,0.00022528455196087874
2025-03-20,-0.04960648857881396,-0.07288860054514198,-0.07169783992698288,-0.051298181145964954,-0.0521040431694815,-0.015751273674354496,-0.022111209256132358,-0.02842867666824948,0.3787987542650422,0.009229359526968075,-0.012592272881569277,-0.037824969990059444,-0.06679785784277714,-0.13795303638223283,-0.0808848965985293,-0.12017415848297085,-0.05334824167157812,-0.19351213693944258,0.00022826919762767756
2025-03-21,-0.050755420978689986,-0.07467559030512085,-0.07361609335370685,-0.05252960757483304,-0.053196437028135535,-0.016048880751680254,-0.02250798534354212,-0.02922785681634949,0.3893053373751272,0.009497036512177877,-0.012946923209136428,-0.03889999181890672,-0.06853332646832323,-0.14154882667505725,-0.0830536622712805,-0.12331937151385597,-0.054913395616573844,-0.19939285510135343,0.0002345438409003727
2025-03-24,-0.04556049118527344,-0.07738909926980504,-0.07624093885157805,-0.05021699708907789,-0.05726950875995291,-0.006483671875625393,-0.009122723686890608,-0.032896849810719296,0.36985598295781175,0.015105257487429653,-0.009307609503693828,0.004977571290449164,-0.08388698539079713,-0.19873775865403218,-0.109313128340597,-0.14806111719037282,-0.03730517606091576,-0.2430248309329806,0.000337574040601157
2025-03-25,-0.04451354373383044,-0.07585255886686781,-0.07443945524631879,-0.04941510269680889,-0.056516800322402055,-0.006242388757237024,-0.008823690687848027,-0.03155450796388028,0.355660338433052,0.014460683842312267,-0.008870411395249043,0.004780719135943805,-0.0804258077320494,-0.19192040257007564,-0.10687852515198135,-0.14193342910191645,-0.036051109916896334,-0.23441943799032486,0.0003250504342565011
2025-03-26,-0.045563556463631395,-0.07778947775406254,-0.07621628926893376,-0.050843893692628254,-0.0574998451072146,-0.006421557203506506,-0.009001098777994944,-0.032312197591371536,0.364000003076993,0.014819430618819478,-0.00907409275636543,0.004899055887150627,-0.08236530041271731,-0.19625030993882997,-0.10811795380022256,-0.14584764352494403,-0.03693286237907536,-0.23957687430871408,0.00033255126931469137
2025-03-27,-0.045425947802421554,-0.07748261476527805,-0.07654599396166645,-0.05031209986116342,-0.05737616682223336,-0.006389616878059146,-0.009019048079478013,-0.03249419523387247,0.3668558126753802,0.014904593298137902,-0.009087375453126325,0.004932404695287457,-0.08269461563992875,-0.19704077119273822,-0.10941788124285962,-0.14690612782067736,-0.03718141055999103,-0.24261594793349153,0.0003352416521059726
2025-03-28,-0.04580844222601224,-0.07803953505570138,-0.07706640478394697,-0.050519148702542954,-0.057666247130845984,-0.00646666987632825,-0.009153211867757804,-0.03279819695480715,0.3706561820538518,0.015038938597260213,-0.009150305964536335,0.004991512406997612,-0.08341021041137754,-0.19860805760304948,-0.11021558008945924,-0.1503448415905702,-0.037649855138941674,-0.24424079441595448,0.00033855032543392836
2025-03-31,-0.05391113090745776,-0.08340637189941731,-0.08038190950820938,-0.058861637157225685,-0.0614121657042728,-0.01326288303487102,-0.021121204159586262,-0.035831222531005624,0.324056651842936,0.008289619834956605,-0.011618873779744463,-0.011383788289258416,-0.07437596923540195,-0.15901275084425232,-0.10644155398426665,-0.16211260822537546,-0.03519416265145787,-0.23930288757602483,0.000297058705271912
2025-04-01,-0.05284261266581601,-0.08219598508250338,-0.07949373552209402,-0.05761819380745461,-0.05982949040864689,-0.012868321995303383,-0.02064283710642984,-0.03514328442653045,0.31745468844677666,0.00813874340484419,-0.011486210794773292,-0.011188093736321745,-0.07294883627165576,-0.1558380413373931,-0.10516146702480965,-0.16097412439021094,-0.03493346173838093,-0.23450413104201634,0.00029079575815606993
2025-04-02,-0.05477779870264489,-0.08514686314491364,-0.08205895729358975,-0.059998386781270896,-0.061809022493532206,-0.013312272140350665,-0.02139200969058374,-0.03643680898458409,0.3280445678935838,0.008436719172637693,-0.011967877953110379,-0.011564334177765647,-0.07562423000755929,-0.16135118763084058,-0.10867797563563575,-0.16595455434723025,-0.03610170258253776,-0.24249334395733746,0.00030038701590569196
2025-04-03,-0.05544806255743846,-0.0862908797630914,-0.08311907329220909,-0.06086312890706406,-0.06322835363574932,-0.013437413850536012,-0.021572580538634735,-0.03665336389387396,0.33012115983101503,0.008488291103581506,-0.012044497099897994,-0.011628085299038119,-0.07633356631161574,-0.16282118097750262,-0.11011009317981418,-0.16746954730876396,-0.03658279967786534,-0.24318032592610406,0.0003025085925553272
2025-04-04,-0.027266368994058172,-0.041946317396216425,-0.04080608031232441,-0.029453449647217893,-0.030253338606413927,-0.006726519060777789,-0.0107964151120865,-0.018839481575612663,0.16942611010342387,0.004384697019098484,-0.006186653236350634,-0.005982651471416605,-0.03902584591606051,-0.08221592549711966,-0.05437807343914744,-0.08511030292682077,-0.017953326293215284,-0.12215313059138866,0.00015467294161325561
2025-04-07,-0.01680383155649823,-0.022331170248948005,-0.022035719235419658,-0.01810301193914393,-0.01704612966555436,-0.007828699081890055,-0.010226905137827716,-0.014847538886767644,0.11724129089737906,-0.0005943418470552917,-0.005887322686690795,-0.019476086511923788,-0.025280968405342347,-0.04061294058363583,-0.024560111592436873,-0.04300773957626894,-0.016511909099370163,-0.05731748022991723,-0.00011962738618096661
2025-04-08,-0.01662171282545997,-0.022266159154375284,-0.021801129809711727,-0.01812615451261374,-0.01687271929252532,-0.007631168162238127,-0.009835209627653479,-0.014642848118424251,0.11712272976555305,-0.0005865986870403155,-0.005703320560229042,-0.01922009597203205,-0.024760217696466705,-0.04021815512564727,-0.023888407734846493,-0.042036042592909995,-0.016233418497778568,-0.05749570119696095,-0.00011949196146628034
2025-04-09,-0.016622857263063808,-0.02221091863143429,-0.021913229543468422,-0.01803809609187268,-0.016648232743321355,-0.007706953986060299,-0.009826612238589985,-0.014761877302988603,0.11861940140858337,-0.0005914635278820804,-0.005670585054409117,-0.019429360046325207,-0.02477420373594041,-0.04056929446331785,-0.023558745487806867,-0.0428308745213699,-0.016083818633258806,-0.05799876871019033,-0.00012109215578129043
2025-04-10,-0.017420265058802543,-0.023641739694177037,-0.02276768885461729,-0.01946093317784814,-0.017399688359250667,-0.007996651363604458,-0.010121673661440818,-0.0142515291399651,0.11419204848031694,-0.0005679319402858839,-0.005494390605309242,-0.018754991361632046,-0.024262800352773985,-0.04012599160802061,-0.024046967737397403,-0.04278337322221353,-0.01605388132717268,-0.055946929941189716,-0.00011664308568545038
2025-04-11,-0.016568857934994224,-0.022179910639032695,-0.021766659959398894,-0.018282186893415327,-0.016354568086341052,-0.007691260565638424,-0.009759809076355533,-0.013873078605641348,0.11202724253155681,-0.0005537585648086788,-0.005242262898244055,-0.018182659931391985,-0.02340105795711739,-0.03872721355753179,-0.02305537186316316,-0.04300261529643059,-0.015555396756317343,-0.053748131867457284,-0.00011444564721744977
2025-04-14,-0.01935657973159966,-0.025248578669828565,-0.028123468727572216,-0.01826643580268025,-0.0245084612413961,-0.009441789115746621,-0.009808226485790666,-0.011134244702517983,0.14855022436293938,0.013403147012398496,0.00075122431754568,-0.003507357157017211,-0.03212631740543237,-0.08025263920318873,-0.04239536482434918,-0.04483521028823875,-0.02548252059581426,-0.08698226417409637,-3.764728898779405e-05
2025-04-15,-0.020396645714428244,-0.026493715885008103,-0.02948208474507582,-0.019111755858176784,-0.025769798141299826,-0.009917834900258061,-0.010285808815152663,-0.011639042377410778,0.15471538664544457,0.014040713751272856,0.0007862678706828992,-0.003662516596329006,-0.033592958249428824,-0.08381419187116838,-0.044970079658319846,-0.04632837045606574,-0.026494932096682237,-0.09009847200138187,-3.9124310116968746e-05
2025-04-16,-0.020952414913185283,-0.027122537830348726,-0.030138942214658737,-0.019642192788457063,-0.026488157178677484,-0.010273590742357938,-0.010549489057633704,-0.01197324099526279,0.1588323754817636,0.014457156814379365,0.0008100498994535033,-0.0037596297071946848,-0.034672527476862204,-0.08627879112652975,-0.04630735771292085,-0.04781003020118823,-0.027135016607219137,-0.09300310454402896,-4.016541114429818e-05
2025-04-17,-0.020982795244181198,-0.026986659633850274,-0.030142450212456373,-0.019385374051979702,-0.02669626084742979,-0.01041426582183963,-0.010610286377622537,-0.012222704110525635,0.16184460945939333,0.014775544058490154,0.0008289140275148837,-0.003836415670156816,-0.03543225833211316,-0.08778675843891733,-0.04708978814762553,-0.05023512533959109,-0.02795652913991233,-0.09384960861277751,-4.0872712765669556e-05
2025-04-21,-0.01574907713092795,-0.024981909269848425,-0.02643448850806468,-0.018624409896376766,-0.025894392923335566,-0.0019715329406619483,-0.006079089152697051,-0.00832910159944681,0.2169993375241637,0.012881795122008625,-0.002423729885520715,-0.010679513231115063,-0.0304051167927748,-0.060800449798815194,-0.04868271352696736,-0.07899128509613011,-0.03703730184076449,-0.11763396552767182,-1.679706115816584e-05
2025-04-22,-0.01572954516174317,-0.02475705575106778,-0.026167446585748388,-0.01843892838170405,-0.02575982327870281,-0.0019905690867023556,-0.006169793376691308,-0.008404421332739827,0.2201565262622132,0.013006677939820776,-0.00241747176921905,-0.0107857627396554,-0.030533631212857636,-0.061357272848044195,-0.048390809173006075,-0.08266971759140591,-0.037282195755024845,-0.11828032962639853,-1.7051753565704144e-05
2025-04-23,-0.01683386194544062,-0.02658536597974378,-0.02812295447048514,-0.019805165814952144,-0.02765857431400861,-0.0021265022135789485,-0.006554494520086161,-0.008812508366609554,0.2305036264430722,0.013623159840278063,-0.0025442950691431853,-0.011330217695400864,-0.032035769076882506,-0.06446692178289044,-0.051629543010112834,-0.08529546090671425,-0.039204411872698214,-0.12448120665517297,-1.7846694595965145e-05
2025-04-24,-0.017653538177516786,-0.02796995515810998,-0.02943652741559196,-0.020984015194322768,-0.029079960163759997,-0.002211944836475774,-0.00686885279440512,-0.009152480695722269,0.23863486054423266,0.014128939385205461,-0.002661562324303814,-0.011772915562656059,-0.033337286610253015,-0.06712510021374858,-0.05358835154020293,-0.08624945880312089,-0.040311587381407256,-0.1301516983889799,-1.8489659942383075e-05
2025-04-25,-0.01867116794113669,-0.02966365785752903,-0.03096700692547326,-0.02240918076686637,-0.030809989823134463,-0.002328101265348473,-0.007217517940635877,-0.009559143395428382,0.24816775645655667,0.01475493849960293,-0.0027936673998514225,-0.012293374858275839,-0.03498210678508764,-0.07034794237734743,-0.05586684877274527,-0.09089058668535911,-0.04224778840800565,-0.13459619325824768,-1.9205044141727894e-05
2025-04-28,-0.03189460173610354,-0.03897864251283295,-0.042052346637165054,-0.03360343599232575,-0.03414775939696199,-0.017663145266329863,-0.020556402501159882,-0.02267861985257942,0.16845703634368406,0.010189313339526778,-0.0028046788072933096,-0.015162408010843178,-0.04365698600169912,-0.09240016264148929,-0.04242618997895617,-0.053880947848023227,-0.019581642396542604,-0.12187858202220204,6.837872287534938e-05
2025-04-29,-0.033048902231660265,-0.04032835846304123,-0.043627481778223794,-0.034742738553795956,-0.03546591014113215,-0.018389411439551678,-0.021299245383245655,-0.023519195536359998,0.1744761257800848,0.010580179840229022,-0.002918964203433884,-0.015735721301130726,-0.04525599977068665,-0.0956117841061442,-0.044150872052282984,-0.056519081421024936,-0.020138145053984615,-0.12526845760335745,7.071950592029307e-05
2025-04-30,-0.03445113535012732,-0.042090920901189904,-0.045579902878039674,-0.03627217830160798,-0.037001240391038664,-0.019111268321016485,-0.022151878305277282,-0.024452658515759125,0.181070849430239,0.011011349479401194,-0.0030528519610823405,-0.016348789731842662,-0.04704666205175522,-0.09943010775409951,-0.046037870027084433,-0.05804910463055672,-0.020621082311068867,-0.13035450468983367,7.334828104678223e-05
2025-05-01,-0.035229993933635795,-0.04305958230765821,-0.046740327032084666,-0.037087522560121315,-0.03760041352970522,-0.019520297194780857,-0.022709766324494157,-0.024982768392077956,0.18540977245619097,0.011277895890798521,-0.003096603445996052,-0.01673808068548931,-0.047884115736805594,-0.10113758947918625,-0.047244481445137744,-0.058917301871049405,-0.020694907264870072,-0.13378961300269618,7.500651197874677e-05
2025-05-02,-0.036222104640630214,-0.044422659228078344,-0.048007869249689375,-0.03848851049002577,-0.03875688632861142,-0.019932806692323245,-0.023258472766746214,-0.025522492913459455,0.18954101832542672,0.011502719708116853,-0.003156063921049299,-0.01708795966178906,-0.04887989081029566,-0.10373870621013634,-0.04855594190025496,-0.05910093513987806,-0.021302839177106764,-0.1378535460561282,7.683635899183015e-05
2025-05-05,-0.031183231687265833,-0.04093501444022912,-0.043263695526004176,-0.03613721400458867,-0.03596524968330697,-0.01382036395794462,-0.01893198521524145,-0.025314878262121157,0.20714650552833228,0.007073183757488102,-0.006733699751278482,-0.018535172260598122,-0.0464616512764976,-0.08090508385801992,-0.048391541934978584,-0.07383021823776628,-0.020285016042092187,-0.14719824894316422,0.00014961774425189866
2025-05-06,-0.03199961653160768,-0.0418499379560673,-0.04440174712419585,-0.03693753774454852,-0.03669708614224605,-0.014235503699966085,-0.019613837309200844,-0.02598476807611197,0.21297195190010498,0.007259924251617176,-0.006885232739808785,-0.019039507632999636,-0.04770701344812559,-0.08315864442305804,-0.049647525041558914,-0.07818312699489513,-0.020737439168894294,-0.15108125172772946,0.0001538439869510918
2025-05-07,-0.03273339355531855,-0.04269900456857736,-0.04523896037313634,-0.037651090302666515,-0.0373453429034244,-0.014628061582364316,-0.02010033097944422,-0.026801047473110125,0.2193101872317917,0.007488613639745192,-0.007107683817619836,-0.01964886918867915,-0.04918173092948912,-0.08549553437736156,-0.05068797750992078,-0.08269599050010597,-0.021656967762639836,-0.15448407762488967,0.00015828825393883632
2025-05-08,-0.03378120259337663,-0.04421381507106918,-0.04696878835154509,-0.03897596555728107,-0.03863548651166839,-0.01503279919936434,-0.02048759897718729,-0.02767792398051862,0.22622173576843227,0.007742180823613738,-0.007359997545038548,-0.020281133485731066,-0.05081755494424627,-0.08823653358068194,-0.052325248486755245,-0.08399267711207058,-0.022054223492335653,-0.16046129895673267,0.00016321736747885538
2025-05-09,-0.035126664352597474,-0.046143370729241136,-0.04901454194637195,-0.040812542253688654,-0.04080523096634969,-0.015525850702446775,-0.021219488407112387,-0.028536930876893945,0.2339782160989931,0.007961658515424642,-0.0075430023418665264,-0.020944817808884356,-0.052402994983810736,-0.09142681145105844,-0.05401747163079592,-0.08533726551745117,-0.023155720149943205,-0.16769568960036976,0.00016916173369483002
2025-05-12,-0.024799142180360924,-0.032171162195802565,-0.03425855557531495,-0.027073512380370274,-0.028624686507110857,-0.01142975679466718,-0.014540276095869536,-0.025500161257689447,0.24849403797069541,0.003090774495838514,-0.009898712315984836,-0.025746251203770387,-0.04670952554150116,-0.06772968620702742,-0.04612952769568814,-0.07195318357275451,-0.029922790074026425,-0.10380604300660995,0.00019735243846802673
2025-05-13,-0.025568529397757667,-0.03345112113156304,-0.03546944458523842,-0.028360282376228733,-0.029824341483866805,-0.011563191144356971,-0.014951221109590655,-0.02557985321632673,0.24966007578916846,0.0030911518708941488,-0.009870570515706705,-0.02571225677019051,-0.047005394086291,-0.06884841105004719,-0.04665955215522308,-0.0703808880667508,-0.030317617907041773,-0.10595633393028196,0.00019863972969975415
2025-05-14,-0.02582893342454973,-0.0338347456286621,-0.03541232763916503,-0.028931646273175605,-0.030078029300919098,-0.011633856668776804,-0.015049663106631066,-0.025677083329687055,0.2508056061996415,0.0031037698260454783,-0.009878014460882049,-0.025898569802516008,-0.0472724111369685,-0.06930319351673232,-0.04628849960095809,-0.07102218449793306,-0.030936984949081394,-0.10555737717439169,0.00019959960155452227
2025-05-15,-0.026208397648506243,-0.034344903922654955,-0.035818628838220415,-0.02950617861064889,-0.03022218805198271,-0.011736947519120982,-0.015373273578141862,-0.02595609014850091,0.2540770333335527,0.003134791381620135,-0.009947703273767806,-0.026228891008408684,-0.04768135968310277,-0.07000196985654722,-0.046464940650266504,-0.07048629912346865,-0.031203577419147456,-0.1072431002264328,0.0002023505745257216
2025-05-16,-0.02727739168067141,-0.03572831860132942,-0.037338638779953116,-0.030579064722847268,-0.031490991233665964,-0.01228302031925911,-0.01590790455800481,-0.027022637282638717,0.26353815612294995,0.003266421043886089,-0.010388621201089377,-0.027230441567912874,-0.04971431824929715,-0.07260499694868756,-0.048980287674280455,-0.07413397233630833,-0.03198688050529768,-0.11074176876175057,0.0002094781382573227
2025-05-19,-0.039117694819808396,-0.04306139971248467,-0.0469570849108835,-0.03628922379044989,-0.03568187602159105,-0.027261566526287563,-0.027821515525522082,-0.05665213915332639,0.32923467595141326,-0.012231118316840959,-0.02191010872658249,-0.05944090710188851,-0.07795329213971341,-0.09858449631153178,-0.053603736282185045,-0.07625354173976259,-0.03757633158612042,-0.07885309676973709,0.0002867548835183964
2025-05-20,-0.04055748390351136,-0.04455509303065159,-0.048702360568208404,-0.03754294743800001,-0.036724601809546405,-0.02844445439299818,-0.028817281334438408,-0.058535219229208124,0.3404066550117961,-0.0126348305593292,-0.0225797471154643,-0.0614412018017393,-0.08057668987107333,-0.10184135129954094,-0.05541477700472307,-0.07982753810553599,-0.038782297994113896,-0.0809437652537103,0.0002963775167542364
2025-05-21,-0.04178931327544679,-0.04580552485700454,-0.05011251176706853,-0.038597701675237836,-0.03790257714335036,-0.02948131831723872,-0.029693920060496152,-0.060275879762387075,0.3511833353841393,-0.013016594963954055,-0.02312393319373537,-0.06328550112603669,-0.08291577044914986,-0.1049998178035563,-0.056826755468627574,-0.08387818533338405,-0.0405156822034218,-0.08325493459072467,0.0003057231944949342
2025-05-22,-0.03963379972487837,-0.04324664323837848,-0.047197475740640454,-0.03655097538102538,-0.03537663598844142,-0.028145078699667474,-0.02844171804947002,-0.05750390422863869,0.33704313837885524,-0.012413453733100455,-0.021826824827145836,-0.060444441858781776,-0.07873873027827487,-0.10015962425497593,-0.053119184466444265,-0.08114409630824486,-0.03885348001512366,-0.07960373710387017,0.00029359153778858824
2025-05-23,-0.040815007948746984,-0.044578532418737195,-0.048639971480437624,-0.037732261561363604,-0.0364499542449108,-0.028983943792292154,-0.029210912471636433,-0.05942283726310903,0.3474969327230194,-0.012838764098954084,-0.022608008057062562,-0.0624656949174025,-0.08154627990219224,-0.103413091309545,-0.05448302204853547,-0.0828692118794489,-0.03982848053985205,-0.08226165030655601,0.0003025139909701729
2025-05-27,-0.046776804416269475,-0.05539516536994834,-0.05931431479497464,-0.048500711862037346,-0.0460425680301675,-0.027778023912944323,-0.029941233729639607,-0.02929089522354033,0.2467955567040299,0.01580768180533893,-0.0033367797504077574,-0.019849806382987903,-0.0616022092121483,-0.13216231515962726,-0.05261633065448855,-0.06705484123676046,-0.02722140092414715,-0.1503034714029299,0.0002906172544327772
2025-05-28,-0.04903884432724378,-0.05830405938476136,-0.06226218257736683,-0.05118432719714634,-0.048677995137892664,-0.02905763968551311,-0.03079821098121767,-0.03033777658170933,0.2545573347084292,0.016366700740425028,-0.0034884869405097676,-0.02052509056637487,-0.064090249150003,-0.13709778564612124,-0.0551982616458823,-0.06796674784156284,-0.02781823189889061,-0.15582352018603426,0.00029964826316467794
2025-05-29,-0.049897217593116334,-0.05940659234276258,-0.06344288147732129,-0.0522232180240936,-0.04936109459502032,-0.029435997763288025,-0.031419489344500694,-0.03103404289046755,0.2606905556780232,0.016726919938336273,-0.003559707089744681,-0.020986609249224034,-0.06552295394640203,-0.14041468524421463,-0.05651187019718288,-0.0694971343402342,-0.028415163961544965,-0.1602162682843039,0.0003070912257751456
2025-05-30,-0.051713996706682724,-0.061588167698004244,-0.06567576023916796,-0.054034132915013446,-0.05112385463899164,-0.030531254081374744,-0.032565371134278806,-0.03216552303640797,0.2694950391598177,0.01734473191044963,-0.003709939497576395,-0.021733599697709508,-0.06796561742082148,-0.1452179638446882,-0.05888417803190273,-0.07219116340177942,-0.02919021075264119,-0.16454791098753377,0.00031711667024161746
2025-06-02,-0.04646412946043015,-0.06156198923093098,-0.0642612901517099,-0.0529245521441192,-0.05505143848554482,-0.01896094844014857,-0.027783267276349017,-0.029912571190714235,0.3322274839760998,0.016391643096596027,-0.007411242304001069,-0.03212033122479474,-0.06555184484996893,-0.12566573519802166,-0.07759422065154972,-0.10762645215444779,-0.04813136669235008,-0.21274633397121204,0.00033103091097235626
2025-06-03,-0.048344250975850586,-0.0639381271051181,-0.0665027255865266,-0.055091107443914565,-0.05703344736285336,-0.01979195908953571,-0.02890201093187234,-0.03081189534079267,0.3428345713136634,0.01687148599497205,-0.007582946369147664,-0.033061552481685595,-0.06750893894007168,-0.12976206552950348,-0.08024540757025296,-0.11410901603520236,-0.050756610468523,-0.2181992474918502,0.00034188200452096455
2025-06-04,-0.049155124777328967,-0.06523465062102062,-0.0678327401095026,-0.056326411709449964,-0.05879382891270013,-0.019926681531501744,-0.02939122110126208,-0.031236000770124735,0.34771866479421715,0.01709960376765874,-0.007679292625958471,-0.03350983108574826,-0.06851929103278331,-0.1318920237282381,-0.08124453699512171,-0.11473760731143973,-0.05183033185990277,-0.2228231981280789,0.0003468367574101917
2025-06-05,-0.04929181758809168,-0.06523129935359602,-0.06767707024370465,-0.05649571140669947,-0.05864061031324768,-0.020020509392925538,-0.029762196345690307,-0.031428738916188415,0.348428096459601,0.017229063399369235,-0.0078056490108755535,-0.03364679131114535,-0.0690332119678399,-0.13217013621198515,-0.08148978020679382,-0.11550182534927307,-0.051648332564987624,-0.2218969191322124,0.00034691208974592006
2025-06-06,-0.049081805437593815,-0.06483110768514892,-0.06743422810245696,-0.05599709702628567,-0.058589165998245575,-0.01998090057394421,-0.029876565164032018,-0.03130756163887157,0.34759223970990116,0.01715555999728251,-0.007800848806795473,-0.033504086120045996,-0.06873203207626122,-0.13171485754890902,-0.08131950389992318,-0.11476818057006724,-0.05182200750048153,-0.22144433729393606,0.0003464581443569392
2025-06-09,-0.04921873246241951,-0.06535921874716698,-0.07009681673318502,-0.050203890728781946,-0.05919728132907279,-0.02283212223240376,-0.02162495663858169,-0.03260920220595427,0.31208658198571604,0.027058311194514552,-9.116560910596076e-05,0.012466728362965319,-0.08278420972011673,-0.19974059279404432,-0.10055255067968161,-0.09473532559312332,-0.03256148868896888,-0.20714228768515994,0.0003936734438627502
2025-06-10,-0.04976112664291002,-0.06605499716906721,-0.07077594138801628,-0.05076726371344684,-0.060185432324496274,-0.02305183575336838,-0.02202163626789374,-0.03296728394400948,0.31535490276156847,0.027371408730598085,-9.215022164964039e-05,0.012605572468085986,-0.08384032706783122,-0.20178685601877977,-0.10166705609666163,-0.09610898036144352,-0.032908861129238076,-0.2086253445941139,0.0003975060317511643
2025-06-11,-0.050081417206508126,-0.06654003118031218,-0.07110056553282847,-0.05118806124716228,-0.060610501025055205,-0.02312106497810441,-0.022184134419160936,-0.03309672280773064,0.31587956840366593,0.027463771698653876,-9.277888414344057e-05,0.012632377212003111,-0.08418342047492257,-0.20260665603801825,-0.10270757179588025,-0.09629713579944127,-0.03288755699905855,-0.20920147551898488,0.00039816737475094
2025-06-12,-0.049988856951890676,-0.06631672434785693,-0.07106299121418126,-0.050989803684003784,-0.06033135897120165,-0.02307080016507912,-0.022266112117028714,-0.03319182440155255,0.3162188817274018,0.02756398086571387,-9.301275305267486e-05,0.01264698525192271,-0.08440701168616843,-0.20245334153690273,-0.10210144020468984,-0.09676940757306843,-0.033403076244804285,-0.20833266101933806,0.00039796620533420925
2025-06-13,-0.05023505655298767,-0.06664448402230969,-0.0712788625153445,-0.05115878931250111,-0.060149243674773346,-0.02327068266279841,-0.022324883864918647,-0.03334593302197937,0.3167925157053735,0.027710596549468676,-9.421566205000879e-05,0.012695363395478452,-0.08495846789855839,-0.2028779445364559,-0.10269802452749204,-0.09806574977626643,-0.03343527764466113,-0.20700579178502526,0.0003983498546967278
2025-06-16,-0.047771482691269754,-0.05937759281266419,-0.063810230850374,-0.04660749320363763,-0.05256602535995485,-0.025823594692877313,-0.02652212753966433,-0.04365375985697565,0.35717334331700845,0.011611940639228314,-0.010285696519538935,-0.031188983582744228,-0.08416675589968166,-0.16812948513288478,-0.0862776754295588,-0.08017941628867614,-0.04569238145999555,-0.16929478181768184,0.0003666652156190817
2025-06-17,-0.048335547662795506,-0.06012313837189708,-0.06452776637881154,-0.047398183170539475,-0.05334602402087138,-0.025998560227488195,-0.026928163851107165,-0.043695903012053706,0.35820607751191463,0.01161357586314816,-0.01021272108850602,-0.031239755420216102,-0.08427153968212915,-0.16897607643588586,-0.08660507307662098,-0.0792742741163566,-0.04572889053658297,-0.1699923731634947,0.00036777001504782216
2025-06-18,-0.04772480076187237,-0.05945777030730557,-0.06388501826099599,-0.04681660889091169,-0.052649889634292395,-0.025614316454297247,-0.026507081959227876,-0.04371850821282739,0.35746842771985593,0.011640716774193214,-0.010310712816006077,-0.03132407239576065,-0.08434626576886695,-0.16835551720002095,-0.08607732295560643,-0.0791132259296006,-0.04658134071172216,-0.17068209635100193,0.0003668346212987175
2025-06-20,-0.047772904865203206,-0.059489571573460374,-0.06388803645907556,-0.046840744425649346,-0.052963886514639305,-0.025676095208277957,-0.026519566940161516,-0.04377972776351572,0.35788714285463463,0.011656098494780035,-0.010335674944222635,-0.03136855588640119,-0.08446663297717696,-0.16872552743626076,-0.08643442163117118,-0.07874111322132696,-0.046734463306537424,-0.17111105470622426,0.0003670861872211167
2025-06-23,-0.04724248221783401,-0.06367563714908984,-0.06682098847036971,-0.05433130720248854,-0.05658706607787788,-0.017691800887244345,-0.026600443768794932,-0.02827547460505936,0.37978476875808015,0.019764983869451778,-0.007346856010685235,-0.047381168089308236,-0.07182062412651938,-0.14325240531733477,-0.0770252906562037,-0.10319455656921243,-0.060663441261016166,-0.23142506962377166,0.0003808480481217044
2025-06-24,-0.04785586951335915,-0.06456037634362811,-0.06771666758089727,-0.05510829959180046,-0.05750733225447352,-0.0178959094302849,-0.026925294373463728,-0.028445750215479685,0.3818036200508833,0.019912819705777247,-0.007399958755312111,-0.04760881201487531,-0.07228635160334135,-0.14409251595732886,-0.0784938541326207,-0.10392239302998159,-0.058652888382184486,-0.23141285170570824,0.0003823629451501323
2025-06-25,-0.048625307409330285,-0.06545799555079737,-0.06871671560507096,-0.05610908514690721,-0.05840506036358775,-0.01816517535282785,-0.027700817287753605,-0.028642055991698327,0.3832064725179167,0.02003849708690877,-0.007474744439492792,-0.04780441651959466,-0.07283157050857753,-0.14489719434569245,-0.07892279062083311,-0.10257776997491448,-0.057400639684711735,-0.23087607493506762,0.00038344314494918056
2025-06-26,-0.04853117878721607,-0.06541442114975113,-0.06848434598248417,-0.0561835984409373,-0.05765352831873969,-0.018044000159244684,-0.027689971650831025,-0.028604060804669082,0.38278316225953574,0.020022345720970287,-0.007474981718501212,-0.0477719935926139,-0.0726555164142245,-0.14468356340139998,-0.07692914614945673,-0.10276326168243698,-0.05725162687693625,-0.22999865814659556,0.00038297331931625236
2025-06-27,-0.04910222624045508,-0.06614727210073489,-0.0693645772741102,-0.05689908078549436,-0.05878562798215816,-0.018307136008051582,-0.027968193971538463,-0.028778396189243393,0.3845309787613728,0.020161156399601577,-0.0075377563014395075,-0.048072160960804626,-0.07316718157099349,-0.14558528328199138,-0.07711547202122843,-0.1029936978281827,-0.05765411120081349,-0.22983246854600645,0.00038425748915751467
2025-06-30,-0.04744308320160799,-0.06286642424277337,-0.06500361054360823,-0.05311080092018568,-0.05356762465997305,-0.02109790408511902,-0.025910893016270243,-0.05583481284397508,0.3943234740968905,-0.0019775604322255697,-0.02041979124612864,-0.03522617393505241,-0.08955722462794671,-0.1344899293092794,-0.08855828226525289,-0.1104569844701485,-0.02718359369320828,-0.19458146139070848,0.0004242875080027349
2025-07-01,-0.047793778195102915,-0.06335682527679927,-0.06559341687469518,-0.053615426726357794,-0.053805892610928226,-0.021173147749632096,-0.026069820370605113,-0.05622931895409795,0.39579491239284614,-0.001991404870018901,-0.020682706607148407,-0.035422167279463686,-0.09032076222520383,-0.13541458329911574,-0.089396553192005,-0.11211666654704538,-0.027277790403809312,-0.1941549518792793,0.0004255625068969943
2025-07-02,-0.047831202197502594,-0.06342043350125336,-0.06631251962858604,-0.05323409583896808,-0.05443163763732214,-0.021165693455257536,-0.026153146714994996,-0.056252192519800494,0.39590798333066113,-0.0019903522351278637,-0.020761526427418693,-0.03544980152040774,-0.09055004027413982,-0.13542379038456898,-0.09016861037262913,-0.11326731692154528,-0.02746430169420021,-0.1943404957137846,0.0004261277015905433
2025-07-03,-0.04808707252100594,-0.0637906653267058,-0.0663717538915422,-0.05367449234421342,-0.05525730914064537,-0.02125492338843308,-0.026300892684041243,-0.05625680591380095,0.3963740262303255,-0.001988753955056579,-0.020656403884508893,-0.03547964405445997,-0.0906510234588008,-0.13585336230512973,-0.0904970337220259,-0.11404130184927651,-0.027951399090946488,-0.19444799621126496,0.0004266810221147799
2025-07-07,-0.05142844207293004,-0.06120177264527775,-0.06415422048749246,-0.050807714921409196,-0.051728045793748824,-0.029870178966219525,-0.033508146125732885,-0.05385354053224914,0.39363752019736936,-0.001468083074148588,-0.018900516715674866,-0.061535732224599085,-0.0861531053394369,-0.1375295142241615,-0.07944408165980714,-0.10314850393675846,-0.04971651659860688,-0.14499666616924856,0.00047189816963028974
2025-07-08,-0.0508458818266576,-0.06058506289700121,-0.06340054305281664,-0.0502916366500984,-0.05081650409615071,-0.029468385006164423,-0.03294661995923542,-0.05352022522863215,0.392501283929617,-0.0014595653725413631,-0.018670631860743594,-0.061294438169013005,-0.08541315763505039,-0.1367050295300561,-0.07855626299693802,-0.10295276950141802,-0.04954053698550983,-0.1450956426086146,0.00047065028264483676
2025-07-09,-0.05099372349338315,-0.060624282421853734,-0.06324475619352818,-0.05038005522964777,-0.051229223034389836,-0.02972019261510821,-0.03319187854974106,-0.05356237776416312,0.3930183766909119,-0.0014591451017074081,-0.01866908836195095,-0.06131716143897607,-0.08527074923495359,-0.13668052082504836,-0.0785356355009828,-0.10199941009965406,-0.04975574768599071,-0.14537647289319536,0.00047121305645281763
2025-07-10,-0.05137064694448245,-0.06110673215244864,-0.06367458966691338,-0.05083560178359087,-0.0518858867649454,-0.03000180551734549,-0.033201587095876554,-0.053891141510011696,0.3941190709011449,-0.0014695844983541235,-0.01890117084994929,-0.061667527062623316,-0.08592701874127226,-0.13732362562470488,-0.07875055410640068,-0.10265522356549672,-0.04976344732825106,-0.14565989612794092,0.00047213172455678456
2025-07-11,-0.051564224233026125,-0.0613820799978676,-0.06406572548317038,-0.05084782457014507,-0.05224035276772025,-0.030032175282404962,-0.03334692752815086,-0.0539652846298359,0.39478159136620655,-0.0014712787599747152,-0.01894600933048288,-0.06175426611851411,-0.0860872940633202,-0.13741730956353088,-0.07937821529901702,-0.10305666165459716,-0.0496905560202384,-0.1461740418488173,0.0004729253855410362
2025-07-14,-0.05887807983554828,-0.07017714307076015,-0.07357406077566835,-0.056260751645733735,-0.0587928492885718,-0.03588573854420813,-0.03483609161017186,-0.048568817092520596,0.33104026734704955,0.011079263660364254,-0.009428796857046024,-0.012252519737036484,-0.08650897773377725,-0.1824645647619777,-0.09534667039631481,-0.09206900237793178,-0.023227898087704302,-0.15630656351767372,0.0005276962065907716
2025-07-15,-0.059059585860580126,-0.07042969074705652,-0.07386599307044864,-0.056560057328507225,-0.05928784144685646,-0.03594628191565416,-0.03494547931128303,-0.048645794651795804,0.3316390779602976,0.011093247643199513,-0.009424888953491516,-0.01228104795272152,-0.08663087022120035,-0.18290941028795624,-0.09612465862965272,-0.09188722416930259,-0.02307069436386704,-0.156972922450438,0.0005285864908302037
2025-07-16,-0.05862570939736545,-0.06990530546786704,-0.07289696929135828,-0.056431564416541825,-0.057941816744552975,-0.0354571324040492,-0.03508641073837493,-0.0483473826630005,0.3302618027977273,0.011014508817042011,-0.009329017775765957,-0.012209471972385273,-0.08604319779094319,-0.18178032039133168,-0.09440777808210984,-0.09121384852171033,-0.022955983108331527,-0.15733289071728765,0.0005269025105314863
2025-07-17,-0.05902285493565832,-0.07034117408496517,-0.07347414725329256,-0.05665215606924882,-0.058693039139458766,-0.0357047641605582,-0.03535379176867066,-0.048556183668246856,0.3316559136729153,0.011076837254965345,-0.009369113051613039,-0.012286186168546251,-0.08642743491640989,-0.18278371785841,-0.09557339418354713,-0.09193304169308725,-0.023053145554039402,-0.15721132828280743,0.0005284211594056551
2025-07-18,-0.05939022325937807,-0.0709269632594431,-0.07411150068925614,-0.05723597870958317,-0.05959366391901651,-0.035876253811651174,-0.03563422440384385,-0.048682637561073834,0.33226302071900965,0.011097614030268672,-0.009387471071798667,-0.012324397980403745,-0.08682599459356366,-0.18336795873431638,-0.09567655660552626,-0.09193456352732488,-0.02329014780750346,-0.1582479176232539,0.0005295809686683855
2025-07-21,-0.04727809551911139,-0.05916412284187469,-0.062413264556617616,-0.047162952263751425,-0.05277992698367239,-0.02223181758093194,-0.02830003309058658,-0.010155233204462093,0.40760748629673543,0.03216774717442612,0.0008379716427231143,-0.05800290604214741,-0.05972102476054161,-0.1529168921591748,-0.07094534069022237,-0.11034926066236815,-0.09389166083415179,-0.17107898425516713,0.0004898021523043515
2025-07-22,-0.04747363458161351,-0.059352221793829874,-0.06251857284455503,-0.04746820093823122,-0.05263359910695098,-0.022378698240359818,-0.02852102935356575,-0.010196225026969173,0.40837685100673443,0.03232154170223648,0.0008465258571706076,-0.05822542637118435,-0.060029430412736305,-0.15332263657422127,-0.07132843084729434,-0.11218884930340012,-0.09380327893164436,-0.1701736101458004,0.0004904294911351217
2025-07-23,-0.04763964584224016,-0.05946776359259719,-0.06284599848325638,-0.04730766681843704,-0.0531666665410116,-0.02254271880143956,-0.028589811276673167,-0.01023433850798788,0.40941050188688766,0.03247211315432505,0.0008531800193387826,-0.05838346894829437,-0.06028151345589109,-0.1538667168657789,-0.07268348683352181,-0.11345717187128682,-0.09380522556137402,-0.1696042966839419,0.0004913138631679023
2025-07-24,-0.04839411875530854,-0.06020756116066793,-0.06383547238926596,-0.047708774080923874,-0.05418918076135668,-0.02319310010422395,-0.028991625551098667,-0.01025131686521725,0.4106588576482925,0.032482077940137695,0.0008517555198065466,-0.05838219156923635,-0.060422183369272985,-0.1545434709793609,-0.07310990471350814,-0.11248712649222647,-0.09391923178352189,-0.1700143680119096,0.0004932298201739475
2025-07-25,-0.04821963868724058,-0.06013343829726887,-0.06329693129350444,-0.047735661513126394,-0.05335748090335987,-0.0229848631122281,-0.028789822805815005,-0.010229065723509187,0.40966997504838004,0.03238338590708396,0.0008489425765920622,-0.058333547911592565,-0.06023909860362378,-0.15411059109913738,-0.07274194725427421,-0.11162431003615271,-0.0938563700020382,-0.1701879796329008,0.000492459575285613
2025-07-28,-0.05004029329003634,-0.0620388171050157,-0.06414594362823367,-0.04801064318960524,-0.0529337483567243,-0.026602163172821172,-0.028275971529868237,-0.04896349591486515,0.3979729755313664,0.005500091823976644,-0.014598212579024253,-0.034009601692161884,-0.08705409735649772,-0.15882322891307799,-0.09533994060857519,-0.11952440140426239,-0.0469452457469649,-0.13663146853669791,0.0005114980973185113
2025-07-29,-0.04975121905894475,-0.06194205106937281,-0.06396496138751144,-0.04809764194728292,-0.05280320596386761,-0.026139923742916415,-0.028050740786270994,-0.0488348365089781,0.39740391797719876,0.00548071713163781,-0.014484642557445134,-0.03392178989381925,-0.08676465272378506,-0.15853651185846876,-0.09368930537254178,-0.118595209901116,-0.04737018836806728,-0.1380083600905518,0.0005108285826976548
2025-07-30,-0.049650765410697864,-0.061766846969953354,-0.06368741439244052,-0.04801394753473277,-0.052456249983274326,-0.026082233772064173,-0.028056777306287285,-0.04908868379269463,0.39766478090832685,0.005515606660170879,-0.014726407802297304,-0.03409771977345045,-0.08732226813748131,-0.1586046881414229,-0.09517615952458866,-0.11889862463373461,-0.04797427657005536,-0.13833316278100116,0.0005107307814016802
2025-07-31,-0.04937329355793508,-0.06155097532245085,-0.06330005511880316,-0.04797066683430773,-0.05207324265453076,-0.02583694597584604,-0.027789139650867156,-0.04884006905731424,0.3963424121312551,0.00548417516166162,-0.01461772541864218,-0.03388874119245594,-0.08680055564947597,-0.15791549621491835,-0.09361700919590389,-0.11658328491965239,-0.04776141053584224,-0.13937521939581157,0.0005095875652168602
2025-08-01,-0.04901875619482361,-0.06118424974641931,-0.06267272991846211,-0.04761075960692265,-0.05144900425717959,-0.02550288615854861,-0.027568619292894486,-0.04875659388673515,0.3954644246863029,0.005476642886008525,-0.014593736356026525,-0.03375826278746822,-0.08663208492539368,-0.1576637367982321,-0.09209749057155316,-0.11709805327937421,-0.047255672672617766,-0.13936618011272855,0.0005084587143276548
2025-08-04,-0.046538455631327504,-0.06755451125875464,-0.06853539332707406,-0.05263744877928477,-0.058037120970173266,-0.015173297034370894,-0.017869975326248417,-0.043278002819825606,0.3603808131007582,0.013086882695472842,-0.011515105172426892,0.0016839468275146616,-0.09013119072720231,-0.17770589771129483,-0.1098271251927507,-0.12590958075305797,-0.027125548127950677,-0.21145710940490392,0.0004698180751714946
2025-08-05,-0.04743009779206831,-0.06890191848662788,-0.06981815903642397,-0.05385930507949561,-0.05961339058486944,-0.015446809573834043,-0.018139752158025095,-0.04351541327822845,0.362153087728606,0.01316592640142671,-0.01160055388498067,0.0016967328239238825,-0.09070947715201466,-0.17913930775122186,-0.11146977270237478,-0.12723480589191563,-0.027153656345895432,-0.21236856011523642,0.0004720143625731468
2025-08-06,-0.04730145443925771,-0.06855626160738713,-0.06971602627264566,-0.053496493195517386,-0.05992046752657321,-0.015445890690781896,-0.0181928730204254,-0.04353090037447796,0.36204106789885254,0.013157011087415457,-0.011636743137141059,0.001695287927309083,-0.09078042543352123,-0.17905959782444042,-0.11198453783017318,-0.12734393283996878,-0.026920696093558946,-0.2123799318795661,0.00047203963767078125
2025-08-07,-0.047784902034677446,-0.06926983178392618,-0.07003771251136198,-0.05431741093038565,-0.06000501689626254,-0.015589595254345999,-0.01832840765140823,-0.04363205153827317,0.3631604075471017,0.013183253986658717,-0.011601114248438975,0.0016985266269821761,-0.09100320288174885,-0.1797271433425522,-0.11141895877210141,-0.1274204523922539,-0.026932273130875012,-0.21172291632187595,0.0004733272587989298
2025-08-08,-0.047968118483495255,-0.06931287642637046,-0.069782930870137,-0.05458083365806158,-0.05989647370989005,-0.015752666090203992,-0.01850853772960212,-0.04366052851445293,0.36351481428826,0.013192845674184652,-0.011598212031353127,0.0017028576458279034,-0.09104485104508109,-0.1798102385669319,-0.11190567278296305,-0.12868327478003797,-0.027058328950925924,-0.21187734778460132,0.00047401848822340006
2025-08-11,-0.0567817692254758,-0.07121417635773006,-0.07291952722147976,-0.060690998237163445,-0.057897789312287645,-0.02799383917291892,-0.03465515516691615,-0.04303165167980658,0.2944794950134074,0.009706425484089194,-0.010559833494371557,-0.03784524814329998,-0.08038347394736117,-0.16314895596535248,-0.07908613298140796,-0.08932015537536084,-0.03744721612228838,-0.18709911332763057,0.00046898796883916485
2025-08-12,-0.056626990054846504,-0.071068267602192,-0.07259917330081159,-0.060507079240945616,-0.05788050116700231,-0.027874127774543823,-0.03455454776801841,-0.043059011753978846,0.29445840750254526,0.00970878347655705,-0.010571171579260446,-0.037842538066385226,-0.0805026068058005,-0.16313727296045968,-0.07855658985598983,-0.08802990061767314,-0.03749597099673623,-0.1878359665606723,0.00046895438487473066
2025-08-13,-0.05745437280913835,-0.07208498818490142,-0.07363542007356931,-0.061489474532786484,-0.05981487407551617,-0.028317035439195167,-0.035101761239327144,-0.04321495922466887,0.2957394382841949,0.009741903715939828,-0.010556042478013936,-0.03791420210639247,-0.08086788726545768,-0.16409553277305006,-0.07928668371378028,-0.08826854632906388,-0.0374769092938778,-0.18755792032482652,0.0004706528040258264
2025-08-14,-0.057835952141045165,-0.07247958766525331,-0.07457242537326639,-0.061645964650693,-0.061102516846117505,-0.02854623998734369,-0.03559643103716817,-0.043460726814347456,0.2967381342435468,0.009796608990786422,-0.010665205635333491,-0.03813654279309439,-0.08146168667839333,-0.16486038056718047,-0.08018989957060219,-0.08871866093183135,-0.037501778669284336,-0.18746112290826206,0.00047161475329456765
2025-08-15,-0.05770377658161049,-0.0724345509683456,-0.0744760489321793,-0.061554165622743656,-0.06027194241710938,-0.028528966072418692,-0.03513429565705738,-0.04330731322440017,0.29620384774729086,0.009757909284371733,-0.010578571025025345,-0.03799557850990453,-0.08112294199565742,-0.16431348113153296,-0.0795615281172709,-0.08809333616602068,-0.0376300611727056,-0.18801266980397027,0.00047127791553446615
2025-08-18,-0.0498942240019101,-0.05609779418521069,-0.05933398622269128,-0.04549593734949037,-0.0452799966379022,-0.030141273004941883,-0.03612702483771168,-0.04569280837928659,0.42349345998916593,0.00046109342832836934,-0.019544649625344458,-0.09780815027500037,-0.08106117880659601,-0.132210882155556,-0.06481088641100888,-0.08256501222810696,-0.08560451939865517,-0.1130069490638279,0.0004248708865168648
2025-08-19,-0.04993863373507742,-0.05612288073709621,-0.05931005009031409,-0.04550804935569993,-0.045475687480731414,-0.03012860037112038,-0.03636098016919695,-0.045672352429000376,0.4237751045445344,0.0004609640515133567,-0.019501059917374004,-0.09776648239598354,-0.08096726102511326,-0.13220014458840598,-0.06430432697401864,-0.08249093033160887,-0.0857401526224417,-0.11337163305542454,0.00042515344713049295
2025-08-20,-0.049615889185967425,-0.05575439470657465,-0.059273687701556416,-0.044839136610114905,-0.0450748284425222,-0.03009731785969029,-0.036022825457850086,-0.045707680451411596,0.42349386501933073,0.000461596865221772,-0.019591747084252396,-0.09775207599500584,-0.08099991773931468,-0.132015670934953,-0.06533588111620434,-0.08194534985773214,-0.08497366772357928,-0.11353081268764563,0.00042466587215638234
2025-08-21,-0.04957265753520209,-0.05562066035486731,-0.059298290029678666,-0.044584464400056485,-0.04492705967726953,-0.030212988272512224,-0.03598153825562832,-0.04574723050191724,0.4237574163766153,0.00046239424406047325,-0.01963979754715028,-0.09788405837077252,-0.0810578337503094,-0.13200059863047336,-0.06554069616266144,-0.08279627299271994,-0.08593921783263057,-0.11347758990467682,0.0004247759594430776
2025-08-22,-0.049356953254334014,-0.0553695256156874,-0.059082356526511066,-0.04435561885091304,-0.04501590904907845,-0.03000822182308045,-0.03588383101014091,-0.04561796313525731,0.42318479334801873,0.0004608056556427141,-0.019532667813630538,-0.09785233345204226,-0.08070684753514341,-0.13168755535986107,-0.06531255620130104,-0.08246726657817964,-0.08640658649758531,-0.11399848068366719,0.00042456121592722744
2025-08-25,-0.05286812173825995,-0.06598958851973753,-0.06818910600786895,-0.04986399979290497,-0.05248749096190028,-0.02857400387241059,-0.02776663716409978,-0.049853289775654265,0.3717669818840291,0.008595937873033144,-0.013651397828888849,-0.0265642009496685,-0.09422393182104906,-0.1875254780371974,-0.09691036147499127,-0.09965281987427582,-0.043503647162921995,-0.1423664321423775,0.0005264249218354132
2025-08-26,-0.052449684555417916,-0.06560440954668927,-0.0675584224082374,-0.04964844820495469,-0.051860508154036714,-0.028156352250190995,-0.027567775588959727,-0.049706269543542,0.37105156661750877,0.008566511605065778,-0.013592562434507646,-0.026475666042818417,-0.09384044776329004,-0.1868844097764082,-0.09621417826250908,-0.09926879305295136,-0.04365732403109034,-0.14330545908206357,0.0005256656626700402
2025-08-27,-0.05261961356021191,-0.06595404404678916,-0.06784726578869972,-0.04990451031208464,-0.05234852772230252,-0.02815774476185854,-0.027527866832773525,-0.0498229786692236,0.3717877464061899,0.008598689791541821,-0.013600186369170167,-0.026568037200685308,-0.09401558707058616,-0.187514411142192,-0.09607141458326632,-0.1001034463538829,-0.04337214876339649,-0.1431039700146314,0.0005262637144303712
2025-08-28,-0.0526870284968713,-0.06616426183417073,-0.06813889588056088,-0.05002652956933482,-0.052767250657560855,-0.028115809168329547,-0.027388203484699454,-0.04991835289065242,0.3723943208911379,0.008622653237938248,-0.013596826806067207,-0.02665203705301937,-0.09413506831269984,-0.18791653364560984,-0.0967581399986211,-0.10039648697539011,-0.04345090723363286,-0.1432858649541431,0.0005267409400737457
2025-08-29,-0.052963034376534254,-0.06647787972710277,-0.0683339584427036,-0.050399805996517284,-0.05289296547896108,-0.028253781095372542,-0.027525297502016176,-0.05003825617933721,0.3727041568584947,0.008652732196410294,-0.013702616346216438,-0.02670065961030345,-0.09439308937126407,-0.18823392150169482,-0.09662092740861532,-0.10126211981389249,-0.0437791302695266,-0.14293512519374035,0.0005273699975548061
2025-09-02,-0.05371786083790936,-0.0694878762553683,-0.07222597275263136,-0.049373341323128005,-0.05857965211300572,-0.02622131440531269,-0.024875851737820757,-0.028395744992100562,0.34054823290269626,0.030186606291772226,0.0006956535446524244,-0.007785811603948087,-0.08427577726877238,-0.2243584581398046,-0.10580527743884968,-0.10597014629134387,-0.06134842519085569,-0.16316655295741914,0.0005537172598527239
2025-09-03,-0.05333744579611418,-0.06897035747510755,-0.07183054315878991,-0.04895773599004345,-0.058261109130308394,-0.02596236470879327,-0.024854958398435458,-0.028319342861382404,0.3403624120557297,0.03009539035641237,0.0006904508007259695,-0.007771248789669164,-0.0839906959949043,-0.2241074096111578,-0.1040463438404358,-0.10847146887126467,-0.062340474751582595,-0.16423342841665378,0.0005536964186019592
2025-09-04,-0.0535828995329016,-0.06937008603854976,-0.0718019666190572,-0.049361366840802556,-0.058225584417563286,-0.026012217270754603,-0.024959077978378475,-0.02843308506804005,0.3407368364229077,0.03021062175524122,0.0006982912193103511,-0.007791735763681831,-0.08452292147625483,-0.22480481791118573,-0.10414264434949509,-0.10936190131552374,-0.06181116611582306,-0.16399668195878958,0.0005539034944089503
2025-09-05,-0.05405996942149384,-0.07010373511348701,-0.0725616365679068,-0.04991774236271912,-0.059082891227636894,-0.02625910175438139,-0.024933961748510355,-0.02861050528041396,0.34173415701305954,0.03041287413415931,0.000705162998548254,-0.007820858577653177,-0.08528802253885327,-0.22591428091318286,-0.10515374070245219,-0.10911818425303768,-0.06150407487878878,-0.16459655178724952,0.0005551221193651092
2025-09-08,-0.04518962244643491,-0.06201022525130477,-0.06458778473325065,-0.04305786574522937,-0.05248870984066998,-0.018833830957455125,-0.017605768071182522,-0.034200568603505926,0.42827362129635377,0.020953003632624805,-0.008426440647213426,-0.013394563706012783,-0.08736967810762017,-0.19603789918763517,-0.10634166371383665,-0.10586475111383718,-0.05631985547792252,-0.1647336486925602,0.0005548781686118155
2025-09-09,-0.045472545727290106,-0.06224994927430046,-0.06485059303104836,-0.04332872272162296,-0.05266860380031301,-0.019049339595967,-0.017791271144253242,-0.03436497473058844,0.4291342600284394,0.021047501538753007,-0.008550718902953978,-0.013441072864009635,-0.0877994157703038,-0.1963134799291222,-0.10586927339192331,-0.10722086041394065,-0.056783039551754955,-0.16442337422188988,0.0005556581899126692
2025-09-10,-0.04557125778596905,-0.062436626403430145,-0.06515251180436785,-0.043481257752999124,-0.05239500279649217,-0.018998655948436447,-0.017901381185921206,-0.0343200496547475,0.4290661528576455,0.021012023422070734,-0.00850795312344385,-0.013423791899379273,-0.08770209550555182,-0.19622939149041876,-0.1056998231393548,-0.10705079759695356,-0.05697566774976613,-0.16519878583971928,0.0005560390174472882
2025-09-11,-0.04573111239305878,-0.06269735471457576,-0.06493973245327075,-0.04355122308213163,-0.052369108016316224,-0.019018882345729363,-0.018046874204465164,-0.03443259191312666,0.42966776079060437,0.021095431949443955,-0.00856754346125576,-0.013461491192096046,-0.08807470381396824,-0.19662675898770596,-0.1056621780930219,-0.10757301136450943,-0.057433443010341916,-0.1655311237154672,0.0005567515136107293
2025-09-12,-0.04636195614477482,-0.0634662005942668,-0.06605082730573067,-0.043976438419337585,-0.05354614788249228,-0.019295988921986747,-0.018381264694736256,-0.03463296728951347,0.43150824378177743,0.021210841343423215,-0.008658636327690298,-0.013536051774403217,-0.0888316170690833,-0.1978859528620152,-0.10801094662489812,-0.10783365095554315,-0.057220806400566586,-0.16563497247052142,0.0005589340546755519
2025-09-15,-0.04366580119183642,-0.058612707903409604,-0.05935996720491953,-0.044794292091095936,-0.04662914944556936,-0.018980148845194604,-0.021012730664314753,-0.05720203355056732,0.4315883193438071,-0.004647715015485028,-0.023177756855969497,-0.045682745968591634,-0.09524623571722754,-0.14660765556387712,-0.0931835311707604,-0.12017031757314282,-0.04817339126411302,-0.14317405904416527,0.0006449972801348328
2025-09-16,-0.04402605745042474,-0.05902562019536833,-0.059558667023947985,-0.04525492055199425,-0.04690689679407605,-0.01913940153492402,-0.021201749199635963,-0.05739683378347852,0.4324835447007296,-0.004663350925569402,-0.023271633647374123,-0.045806012657926075,-0.09570740085783533,-0.14727581857243635,-0.09319217624382556,-0.12162850352380616,-0.048687666657058135,-0.1429478771162088,0.000646101309985094
2025-09-17,-0.04398619257436467,-0.05895111607263854,-0.05939848453842041,-0.04522186786785988,-0.04683503676226628,-0.019088433100767525,-0.021361281938595933,-0.05742621544341373,0.4327416611082429,-0.004666767030423994,-0.02332335510389491,-0.045852255669103066,-0.09563319514877264,-0.14718385823896388,-0.09271000222126743,-0.12188653235927702,-0.04918991064391001,-0.14207402998623644,0.0006461754884085543
2025-09-18,-0.0439666767595108,-0.05890760607478826,-0.059749731021925295,-0.04515440363476637,-0.046978647319320006,-0.019026467729948857,-0.02146476382246665,-0.05735257834141888,0.4327516337536582,-0.004659037005952934,-0.02327572916774344,-0.045846706801671695,-0.0955110245041702,-0.14711298565185435,-0.09263606782059183,-0.12100723651159853,-0.04869624791742713,-0.1426173323178144,0.0006465018169879897
2025-09-19,-0.044210159870620935,-0.05926398708297377,-0.06000934911122865,-0.045624015319245335,-0.04821474336987101,-0.01912630141245776,-0.0214417260309004,-0.05727130166321913,0.4331880680662914,-0.004650030262499186,-0.023067110209235558,-0.04578227739214627,-0.09544564669015175,-0.14764182867056352,-0.09296459744697162,-0.12068766005060047,-0.048546661196492126,-0.14349490099144388,0.0006473880621107453
2025-09-22,-0.05288535024561829,-0.07809404084226558,-0.07476826057987276,-0.06708995445909267,-0.060692994702246206,-0.013864024648794911,-0.02655416980726186,-0.04865100971202204,0.3691945236223007,0.0018012171403673054,-0.01919915264906366,-0.023063498266391647,-0.08221058974708324,-0.12517324287261936,-0.10664168069568969,-0.15515167544004163,-0.026235667381338295,-0.23679739028564992,0.00078542582905612
2025-09-23,-0.053233150367917724,-0.07860861767028314,-0.07502465436148543,-0.0676119423555485,-0.06115809627990745,-0.013934471138199756,-0.026733760294020206,-0.048682664639665946,0.3696989040246054,0.0018015603926720815,-0.019165515381931193,-0.023050167872726138,-0.08217836102408112,-0.12549729899312353,-0.10686222065903855,-0.15812869987525854,-0.026284187509452793,-0.23637043603089897,0.0007868783921373758
2025-09-24,-0.05302785037133926,-0.07817288667984251,-0.07488771193392006,-0.06715612816611358,-0.06101435427021844,-0.013906196883607285,-0.026746139827849864,-0.04875554485853922,0.3697956722811673,0.0018064218695166548,-0.019297552064267233,-0.02311006115293209,-0.08233227895262987,-0.1253921940976303,-0.10743434146323338,-0.15875899157755025,-0.02655310874130115,-0.23617384333015776,0.0007867996845501576
2025-09-25,-0.05281436574519434,-0.07794395606371306,-0.07460734289469212,-0.06693736364903004,-0.060469210263929984,-0.013829066588569488,-0.026662585787241695,-0.048675562401935435,0.3697112556815396,0.0018020243891767888,-0.019228978025739234,-0.02307445143076622,-0.08202145898958041,-0.12525421904406212,-0.1064046359151794,-0.15736010328734842,-0.026736997486956408,-0.23796384279478738,0.0007869994967946272
2025-09-26,-0.05247723099351347,-0.07747282344023304,-0.07424313328718303,-0.06655295199748956,-0.05980493537192962,-0.013710736350994455,-0.026468875995987434,-0.04853764053060189,0.36886796736807925,0.0017955166962408048,-0.01920133131409125,-0.023004003350469784,-0.08175629425725593,-0.12471966097514851,-0.10593431017044729,-0.1577883489577296,-0.026887236689214385,-0.23926286064026742,0.0007858679780979047
2025-09-29,-0.06757554128519708,-0.08520018376764245,-0.08620407771736927,-0.06962097451774807,-0.06356325573329817,-0.034829455745599834,-0.03535837648931563,-0.03959738238893927,0.2901626670193233,0.022846198681786542,-0.0025077717524872676,-0.001481595288651985,-0.08851437662793615,-0.22400477787560827,-0.09340241116106067,-0.09996763459138779,-0.02718677280162599,-0.18592234189013535,0.00078660620492484
2025-09-30,-0.06788680031310511,-0.08562120855309448,-0.08652929857547753,-0.07009203666970736,-0.06377224105568921,-0.035039123966586275,-0.0357561912050921,-0.03975687462507137,0.29088455853754247,0.02296137363839902,-0.0025337373835730794,-0.001486614656415662,-0.08899759872794542,-0.2248683906738075,-0.0936317606773516,-0.10183270552343285,-0.027017611668020303,-0.1859124270377346,0.0007882778810252406
2025-10-01,-0.06828032271387208,-0.08609174082308554,-0.0868093473623919,-0.07040507771866607,-0.0639719668332363,-0.03524290114322545,-0.035959185494856744,-0.03982137414283068,0.29152613114127984,0.022991378414506294,-0.0025307387648012326,-0.0014887732526892715,-0.08906299059907688,-0.22517247373858004,-0.09417415576259328,-0.10287923009057164,-0.02695645775084464,-0.18602973834743472,0.0007896354443398146
2025-10-02,-0.06867685444768762,-0.08644902316319472,-0.08697101052610334,-0.07079515613741573,-0.06415953168700995,-0.03555983649970072,-0.03626882810935722,-0.039952539492270435,0.29208053277224627,0.023085914931081152,-0.002539151859957276,-0.00149253203944203,-0.08948681766108692,-0.22576015257335466,-0.0943881655219159,-0.10311755551957026,-0.026928511053414914,-0.18609972742503103,0.000790219788250647
2025-10-03,-0.06889233218932266,-0.08662066435379139,-0.08720279994432668,-0.07114538833119383,-0.06461811475914428,-0.03564615342294376,-0.03646764073202525,-0.040029714614495206,0.2923943398722385,0.02312908355316315,-0.002548666080757362,-0.0014931032517973067,-0.08970589620623544,-0.22586444420711388,-0.09397153259208522,-0.10284397971488793,-0.026771182359839392,-0.18652560512319666,0.0007908777864194131
2025-10-06,-0.052557381697312736,-0.06803759126827565,-0.06908770176669868,-0.05447835189363224,-0.054091401726415085,-0.02258846539792046,-0.031193090859040574,-0.03101507083358774,0.41338449854368053,0.016381552701549975,-0.01079180821502538,-0.0631320958688733,-0.07418078959433382,-0.15459182800602855,-0.08286937221214097,-0.09770323687536328,-0.07677812172821222,-0.1764538376104447,0.0007131412885958932
2025-10-07,-0.0529573422085375,-0.06853102176298113,-0.06924069901755625,-0.05508799396030775,-0.05450541640354361,-0.022723438064380493,-0.031451362293051295,-0.031060009446321767,0.4147943590397059,0.01639364099964069,-0.010745191170399893,-0.063254302563352,-0.07421148678264236,-0.15519494109623858,-0.0823896692639195,-0.09990815763723204,-0.07784946228271993,-0.17793591706889184,0.0007157463574903796
2025-10-08,-0.05259725569121369,-0.06822187765208151,-0.06905591756394971,-0.05475372498263097,-0.053876707952411874,-0.022507365350638672,-0.031183728137915215,-0.031087739371040108,0.41466009571771356,0.016421319727919874,-0.010798277717923268,-0.06338002453574117,-0.07429169753826757,-0.15489716982955745,-0.08202325065290993,-0.10034263975714383,-0.07809589679539654,-0.1788223514130161,0.0007151691180946909
2025-10-09,-0.053097136518984914,-0.06887523430018526,-0.06931886850619064,-0.05558036847594656,-0.05463718225776591,-0.022655170661703368,-0.03154468497431617,-0.031202531741168316,0.4160995790587129,0.01648373267650994,-0.01084557608379176,-0.06365349382464405,-0.07446488493651944,-0.15522268567087427,-0.08188912517248459,-0.10236380743565314,-0.07847990100575056,-0.1798523711335336,0.0007177383345744515
2025-10-10,-0.0527160278887904,-0.06851548872500789,-0.06877581800737206,-0.05538359379716165,-0.054158425374933844,-0.02241625351552665,-0.031147659287833987,-0.03109244060292541,0.4150786398682706,0.016433331090244446,-0.010811787949374296,-0.06343078787458048,-0.07414425929519929,-0.15441894645267926,-0.08125209508677247,-0.10024050250969628,-0.07757438767009073,-0.18065736516669467,0.0007160638997038034
2025-10-13,-0.07352968236798868,-0.08928494241590637,-0.09306029946301232,-0.06867616944649206,-0.06653130429177634,-0.044469113388970846,-0.0365251975007881,-0.045285357504233716,0.27582234057086297,0.027368319949536174,0.0011478306608171123,0.004989199448207628,-0.10146205942877894,-0.27129933208367735,-0.10492751726695265,-0.08910812600665052,-0.030721428537111156,-0.16327394557426406,0.0007902105217087802
2025-10-14,-0.0751427208544388,-0.09122530034689137,-0.09484190394091861,-0.07057481380483284,-0.06881375520146021,-0.04510789694720007,-0.03782353952931951,-0.045656483068170994,0.2780932098198617,0.027554715847115767,0.0011544148172447906,0.005033195445960652,-0.10244885827796257,-0.2747135718253689,-0.10625861704715903,-0.09184779769977452,-0.03130692629052636,-0.16489030197283014,0.0007951821631510771
2025-10-15,-0.07518830430440812,-0.09126183854943228,-0.0954145514667762,-0.07021857998603384,-0.06990972856695568,-0.045385250362735635,-0.03754475141381448,-0.04580334937342085,0.27834379601498216,0.027670630662542883,0.0011599923517913546,0.005035958747032923,-0.10295505616925599,-0.2754675921786883,-0.10752321970350388,-0.0926539407819152,-0.03100701633009633,-0.16468605958628926,0.0007964736642305792
2025-10-16,-0.07594284092584626,-0.09199888408831151,-0.0957600055856328,-0.07097012090218129,-0.07085060310864431,-0.04576902314384107,-0.03829956697460378,-0.04595093819190203,0.27921697304620613,0.02773938756826549,0.0011616294266509584,0.005052833990033618,-0.10332781113863992,-0.27735740464045394,-0.10947821510305357,-0.09460112975140658,-0.031231927048095874,-0.16480855606970102,0.0007993573450071435
2025-10-17,-0.07549613455423304,-0.09115065857737363,-0.09487733214898778,-0.07053576323930022,-0.06919075237620992,-0.04589635453946236,-0.03845500733656761,-0.04600325884148957,0.27890868335627217,0.02780032503871258,0.0011675025667545846,0.005052312920002502,-0.10337134997965174,-0.27569139537603987,-0.10882811555041802,-0.09657868954056968,-0.031099958965512785,-0.16375883834947189,0.0007974178295034369
2025-10-20,-0.06430445973882594,-0.08039244004747964,-0.08353620737682607,-0.06178728659435915,-0.06013370604233065,-0.0352502710620556,-0.03184260205677818,-0.03429534669774231,0.35382796455508636,0.028290350411103102,-0.001533953017145705,-0.02037271892994152,-0.09034449025485797,-0.2284831696047813,-0.09609892350169652,-0.0876218423397217,-0.05487903643311345,-0.17078691441852853,0.000842320410470088
2025-10-21,-0.06533609875986225,-0.08171240764368813,-0.08498736435934841,-0.06293853248712117,-0.06167235415389105,-0.035752898732699656,-0.03246977879898632,-0.03455771536163997,0.35597847381669506,0.028496855729780102,-0.0015490119976778256,-0.02051242152645693,-0.09115803776992824,-0.23029971014655984,-0.09764686018126131,-0.09135237783238156,-0.055754989475162366,-0.1722376018319408,0.0008473377757302261
2025-10-22,-0.06300312636975954,-0.07902490355975801,-0.08258057575272565,-0.06085348675795362,-0.05936365490821269,-0.03432350541799998,-0.031053539556521237,-0.03345466876868585,0.3443584051696426,0.027610875424788465,-0.00150545137066052,-0.01988066506119522,-0.08817686837556157,-0.22239810944818364,-0.09417006475253338,-0.08267103610671349,-0.053366874241550566,-0.1672338795554817,0.0008194812580174153
2025-10-23,-0.06438531748127167,-0.08065647836758975,-0.08410488965902357,-0.06183298699221863,-0.060005874520611416,-0.03516311924867734,-0.03183098510500496,-0.034320441259025176,0.3533049476967444,0.028334019811500064,-0.0015455708227733195,-0.020429943724398814,-0.09055614156430582,-0.22795003634232552,-0.09702696044751001,-0.08482785185567736,-0.055620100573389085,-0.1713943651114441,0.0008407716456337827
2025-10-24,-0.06524422719226075,-0.08169427298454818,-0.08495940776564537,-0.06278276465592228,-0.061184419238282814,-0.03557054311566171,-0.03233402091011773,-0.03449566031940625,0.35548455226333553,0.028435988218973654,-0.001545579129188859,-0.020530496059053674,-0.09106730871180732,-0.2300340586270015,-0.09763249822555027,-0.08575467677078061,-0.05695118291167029,-0.17263815779950428,0.0008465696001270811
2025-10-27,-0.05305001800202438,-0.0760320388243536,-0.07557604945383407,-0.061973638988455086,-0.05564804828470633,-0.019282685853834174,-0.022875550554185352,-0.06879887079833434,0.412389651391364,-0.006482370769282658,-0.025578365409144675,-0.03340851126719887,-0.10942696310790466,-0.1593952548291059,-0.1080483425397372,-0.10220234487162626,-0.024948064561555745,-0.21148959692999902,0.0008054431132818736
2025-10-28,-0.053673604708169134,-0.07702404133775427,-0.07617254340106568,-0.06315523749637604,-0.055911109701805704,-0.019440571162358967,-0.02315736394911939,-0.0689315067775357,0.4127994998537294,-0.006490376047641324,-0.025696743124307978,-0.03344080427738548,-0.10974677733889455,-0.15998571680662418,-0.10848609758593024,-0.09947977867755524,-0.024924212857760603,-0.21152315263822882,0.0008064377796706653
2025-10-29,-0.05372592784456482,-0.07719001233239692,-0.07642276722524577,-0.06360909380895448,-0.05558399047333084,-0.01942273367291193,-0.023137479097964944,-0.06893790302623949,0.412642907241852,-0.006493121988741024,-0.02575106069652979,-0.033450962405473385,-0.10970161868607685,-0.15974838602825486,-0.10630277248152037,-0.09871753945862405,-0.024682306509148353,-0.21126579207598123,0.0008060347187737754
2025-10-30,-0.05372052388042422,-0.07721391009947536,-0.07628480806259491,-0.06388461279457718,-0.05510125440945884,-0.01930979607533362,-0.023266455227033602,-0.06859943510527641,0.4117780828023548,-0.006450098055309475,-0.02548645576412514,-0.033269114970824215,-0.10906125237184863,-0.15922934594746133,-0.10354766819773191,-0.09832687435262587,-0.024809183235291823,-0.21244279250873377,0.0008058970628932974
2025-10-31,-0.05308725210682179,-0.07620754347128932,-0.07591047568858172,-0.06277843707194229,-0.05454455175054462,-0.019184966620781587,-0.02297813757059606,-0.06832919665168102,0.4109800926828471,-0.0064275284821841755,-0.025286019257258454,-0.033129142617128286,-0.10825519755981469,-0.15860719088829026,-0.10382479121166399,-0.10005186575006585,-0.024769026797006755,-0.21283786298327056,0.0008042385061912393
2025-11-03,-0.03989355028099771,-0.05245401126915248,-0.05537866368899469,-0.037955139932372935,-0.04135755048309241,-0.01763593997122687,-0.02057498470818629,-0.05105891375817094,0.5372424015835247,-0.002374465363235149,-0.026047475657779633,-0.09759960499970226,-0.09464864898757873,-0.13071767501146864,-0.0802048339773993,-0.08682284188065925,-0.09295444123089663,-0.13162836005351533,0.0005497791210189798
2025-11-04,-0.03993630505512064,-0.052493699620434375,-0.05506090733333106,-0.03809410692593369,-0.04117877388469477,-0.017623681160489128,-0.020682058677371475,-0.05093922498990214,0.5366611268010225,-0.0023706811488007976,-0.02595327954124593,-0.09742112425667207,-0.0942886043362189,-0.1301654847542401,-0.07999838338671536,-0.08688126400154711,-0.09354040380529055,-0.1315744098783797,0.0005491644623130576
2025-11-05,-0.03935615096411392,-0.051779239512051094,-0.05466466841432499,-0.03725451549085528,-0.040395456773105944,-0.0174118268883066,-0.02026688232247964,-0.050874061047098476,0.5359012809516941,-0.002369408734713444,-0.02596487517880113,-0.09729174591215692,-0.09424870414684891,-0.12995028003362247,-0.07999065487719469,-0.08520758539609767,-0.09272594398945896,-0.13175921025378076,0.0005481880892678778
2025-11-06,-0.0395985562055456,-0.052036945562172386,-0.05500395510390294,-0.037553455487181996,-0.04104000656186468,-0.017549887588071945,-0.020479468120082493,-0.050813333501702994,0.5363194387441924,-0.0023616807386249716,-0.025720643286330412,-0.0970783659052691,-0.09410925085223279,-0.13027593970799178,-0.0801830005643472,-0.08632279928569878,-0.0925816360520433,-0.1320042912352981,0.0005490138850015485
2025-11-07,-0.0392125219874711,-0.051423103376343336,-0.054499831737311266,-0.03681418730749915,-0.04027026215433541,-0.01749186060035217,-0.020305212474807013,-0.05094657469198956,0.5363888418979176,-0.0023711547010496744,-0.025923956898304693,-0.09723674805533014,-0.09450186514745099,-0.1301841190731048,-0.07971076067966094,-0.08612618109684098,-0.09260337206147926,-0.13116375241166936,0.0005484217823980094
2025-11-10,-0.056141804127873146,-0.07411460619004041,-0.07785041509714065,-0.05251724649156627,-0.05727995459146195,-0.027945396800042186,-0.024231876766010223,-0.04341856791052155,0.4014994403432191,0.019650404056455798,-0.008274288849024095,-0.02453428504369276,-0.09827209484754883,-0.22066779376257895,-0.10677322085089237,-0.0888586015408838,-0.05916809268520802,-0.17041086370704564,0.0006854595818168356
2025-11-11,-0.057270006526673196,-0.07567736900056693,-0.0789302626978675,-0.053968864352997324,-0.058165921081709294,-0.02839118530937688,-0.024791406160131497,-0.04363548127309333,0.4035688752659808,0.019729892626415498,-0.008317089126522039,-0.024671149925973357,-0.09885601572107673,-0.2226044112930566,-0.1072900029894162,-0.0917807925060449,-0.06013686283194533,-0.1714522901775394,0.000689159123961019
2025-11-12,-0.05754348356585135,-0.07596064292943458,-0.07997731494962636,-0.05390319615297115,-0.05830043693091404,-0.02864123695147088,-0.024854206938826805,-0.04382966950102897,0.4044960080299215,0.019819907956371743,-0.008367288659427343,-0.024807171902375212,-0.09939267141761146,-0.22317629656630297,-0.1086490170717288,-0.09227587718199201,-0.06061432029755786,-0.17145729169293228,0.000690158873994598
2025-11-13,-0.05777659292823687,-0.07616067102196712,-0.08070335334855547,-0.05397250480444449,-0.058277928743872484,-0.028871117100575255,-0.024910280200429267,-0.043903164137761866,0.40518888053851804,0.019865149792036726,-0.008399569400487895,-0.024805096239051676,-0.09950047511592867,-0.2231961301077893,-0.10806268717343029,-0.09395714101034466,-0.06006235678180638,-0.17187424478384006,0.0006915914829823252
2025-11-14,-0.05663780371975538,-0.07456268307988373,-0.07900852623786093,-0.052634699838994506,-0.0563867090885809,-0.028435702940234484,-0.024509111504111423,-0.04357669757253048,0.4031375995914868,0.019719353154307537,-0.008293427688424858,-0.024638864510303865,-0.09856613261182362,-0.22128967489686036,-0.1062611612153429,-0.09278183428204019,-0.05948293379147484,-0.17062109070895837,0.0006885056472732059
2025-11-17,-0.055153331984096686,-0.06501037504573613,-0.06899446555341583,-0.04882997947234699,-0.050631695215574514,-0.030707920037158477,-0.03535649615679227,-0.007408978773370195,0.46786510006716686,0.03622902853276858,-0.0002524902140253339,-0.10875033093435452,-0.06372496365133723,-0.17447984057066043,-0.060886169539673775,-0.06517367072453259,-0.1368164093228242,-0.15176706535672047,0.0004536272257552689
2025-11-18,-0.05438209049539593,-0.06419146220774813,-0.06796731412138989,-0.048252654544450914,-0.04946106593137498,-0.030207844927900577,-0.03482266518353539,-0.007385925179868825,0.4662597280086053,0.03615026098959305,-0.00025227713922974516,-0.10840983157323893,-0.0635542905800873,-0.17362028714938174,-0.060183336251961796,-0.06421320713769016,-0.13618532330808028,-0.15164124985965152,0.00045212528175775417
2025-11-19,-0.05386410212039345,-0.06359219821556178,-0.06717202965440516,-0.04762004487425537,-0.049565009057223886,-0.029787664679434972,-0.03461676472949061,-0.007383365442670277,0.46609992105465586,0.03617590816590013,-0.00025195364893988373,-0.10838550614845337,-0.0635229524518092,-0.17349939852703464,-0.06037002633185874,-0.06461852726728345,-0.1371833790608707,-0.15165908316838658,0.0004516975887608037
2025-11-20,-0.053903427524292925,-0.06379625173173603,-0.06719517745153038,-0.04787311280337905,-0.049524207363256315,-0.029678422098512142,-0.034472564759843984,-0.007378551715341475,0.46573975310380894,0.03612615922385781,-0.0002512805055761515,-0.10817805320175591,-0.06348728731485113,-0.17347285559995593,-0.05985726880038247,-0.06468162211197674,-0.13573070470999266,-0.15252726613770695,0.00045140309581659615
2025-11-21,-0.0528495782737915,-0.06254113571642984,-0.06636258769310141,-0.046529527675776505,-0.048388938126399,-0.029136117813821763,-0.03384584770554039,-0.007354152505868991,0.46403544653081064,0.036049174943744405,-0.0002511347273457644,-0.1077398761898189,-0.0632874698290457,-0.17258447434618773,-0.059338800371231015,-0.06437165537613725,-0.13382180503834934,-0.15194783846428242,0.00044937169783247513
2025-11-24,-0.058890303031634825,-0.07859687959810747,-0.0800843171376049,-0.060024645837168586,-0.05820880290056576,-0.026689455409552282,-0.030596494738466224,-0.040984874797936485,0.3799618768137318,0.01820485819501459,-0.009451461438387751,-0.04200302517237544,-0.08849901104529627,-0.19238996775151684,-0.09769013019404128,-0.08353249303092097,-0.058730191911783955,-0.21059226419546717,0.0005587086699469792
2025-11-25,-0.05979857661335392,-0.08009409243851612,-0.08075124277193986,-0.06182239873579602,-0.05952414360539881,-0.026826506241115166,-0.031051127558842404,-0.04124175297366303,0.3816294064179789,0.018310768824768522,-0.009545886879563247,-0.04220129110140628,-0.08922927094938375,-0.193739956596004,-0.09836992529094282,-0.08521815384044873,-0.059268810551179524,-0.2114910387275937,0.0005610931503330229
2025-11-26,-0.06057869444104428,-0.08116303318175315,-0.08224288996945482,-0.06244626961340695,-0.06105923655844016,-0.02725359367275605,-0.03128270971192347,-0.04146856484993472,0.38334977532305414,0.018429456419942244,-0.009607636939801954,-0.04244230835399565,-0.08982695093767988,-0.1951719504167057,-0.09966657124192885,-0.08552379619344731,-0.05918479532694894,-0.21171830894673646,0.000563283383296338
2025-11-28,-0.061286826646248876,-0.08200321726854397,-0.08307975100363829,-0.06321376411189097,-0.061810711835167134,-0.027647092270132956,-0.031617179145246053,-0.04167663032456685,0.3846163028324828,0.018507729579034578,-0.00968327226902846,-0.0426795190561022,-0.09044128002099003,-0.1960340454638155,-0.10044922783843575,-0.08650307042592749,-0.06002038189704224,-0.2118430197453097,0.0005652123940409987
2025-12-01,-0.0626799496629135,-0.08245976531369442,-0.08427598901455374,-0.0602038499122689,-0.06023205892878695,-0.031558165585928416,-0.029556113641891927,-0.04564146747032195,0.33268872331028476,0.02288215928945124,-0.004594687235895641,-0.015119253495720068,-0.09927681556759907,-0.2470877629323791,-0.10649581612371029,-0.0662079284640669,-0.04297296523085573,-0.20859378926614683,0.0006322256896081668
2025-12-02,-0.06224903668340336,-0.0818836313711013,-0.08339092018869886,-0.0598556816491988,-0.05932949916695173,-0.031325961439058386,-0.02946251079139639,-0.045333808314586915,0.33159500488929233,0.022703931259228267,-0.004526452141979233,-0.015022930016071025,-0.09850482480932952,-0.24604344823544871,-0.10501553739930625,-0.0663653010849558,-0.04297998135331364,-0.20801265433162416,0.0006306878675990775
2025-12-03,-0.06244609729441839,-0.08211426957897862,-0.08381331266448971,-0.060382179038303556,-0.05927780156056788,-0.031462046310461546,-0.029501734505450704,-0.04543640558876053,0.33211465103096494,0.022744585501433084,-0.004532851179411882,-0.0150414707796171,-0.0986618959018535,-0.24673934052781507,-0.10474406712149696,-0.06600137093186076,-0.04283527036612465,-0.20813902995208747,0.0006312949096241355
2025-12-04,-0.06285141284545624,-0.08262319437984836,-0.08477561413405608,-0.060694714917379024,-0.06052065471286722,-0.031717091240813504,-0.029603936712124038,-0.04564664430383373,0.33322101024964196,0.022853717844483323,-0.00455799969147995,-0.015116582070119818,-0.09915378158304551,-0.24762660880962065,-0.10529805558725036,-0.06611973938757201,-0.04315726214757838,-0.20766982032039902,0.0006330155519834579
2025-12-05,-0.06306084525757641,-0.08278965472824414,-0.08482414276136307,-0.060716038854587734,-0.06112990570592592,-0.03184418577111484,-0.02963645246708139,-0.04559591066180677,0.3334067902201442,0.02281223300691184,-0.004539248497235038,-0.015115477101883386,-0.09910234598798087,-0.24812863329440638,-0.10517595726151255,-0.06624732662709401,-0.04332471488290695,-0.208380972609631,0.0006338274673289466
2025-12-08,-0.05353128470994983,-0.07708969421486364,-0.07791942255214124,-0.052187229749258844,-0.057436556819862865,-0.022360596777822723,-0.017320997076928676,-0.04725744411874577,0.376843438586297,0.022056399494850207,-0.006922328805739209,0.024020078890311568,-0.10474028817499627,-0.24658981956816073,-0.12755466198795365,-0.0841664746169487,-0.022841516639333606,-0.20812711009069162,0.000578987480238198
2025-12-09,-0.053360881254705686,-0.07679720506386759,-0.07755275343176611,-0.05204583918258115,-0.05741393286628031,-0.02227292044508034,-0.01726933164762659,-0.047144474636734476,0.3764539168412375,0.021993226969733742,-0.006894093603399545,0.023953241029199577,-0.10444015642888234,-0.24578420121418462,-0.1264751532838519,-0.08387781133968632,-0.022539715932903225,-0.20825846640248852,0.000578528741553245
2025-12-10,-0.0533475769028612,-0.0767713668404976,-0.07731288674522035,-0.0521374935281737,-0.05756326134490439,-0.022254327802148942,-0.017249963698519877,-0.04712680873018019,0.3764702304859838,0.02197281898696895,-0.0069047917216463655,0.023935427532446478,-0.10436297345281906,-0.24563895295432714,-0.12605941844521504,-0.08435314228127413,-0.022502654789396687,-0.20866461081168763,0.0005788336467237703
2025-12-11,-0.053891057092207616,-0.0774391156116084,-0.07827322458643793,-0.05245846605958442,-0.05846610606142579,-0.02254782502830608,-0.017478725015062,-0.04737497381297302,0.37788133474120933,0.02208891488210541,-0.006945703211853404,0.02406297621470719,-0.1050598561519533,-0.24696898727672328,-0.12677304354011004,-0.08488625599408044,-0.022686145953588817,-0.2079790433587111,0.0005800214907372561
2025-12-12,-0.05419172640186887,-0.0778452342960464,-0.0795643527469751,-0.05244098124098508,-0.059324328530886455,-0.02274710606819256,-0.01744694142114481,-0.047522352070684885,0.37902698969203186,0.022155502972356994,-0.006956453282183877,0.024122088398399324,-0.10521374150804404,-0.247657179611854,-0.12769810909654516,-0.08605019335686442,-0.022732502533613776,-0.20783970431377563,0.0005817096737895466
2025-12-15,-0.06567291398527296,-0.07874349583962638,-0.07980732811729833,-0.05825852144186067,-0.05505549335057249,-0.04008810949505553,-0.03867687569853135,-0.048676155376517,0.4065856897681247,0.013612513685699794,-0.01241193934163287,-0.045683180335822575,-0.09269521360210785,-0.2048980200428055,-0.09636767078005434,-0.0630702874368202,-0.052396155138837344,-0.15230913809155447,0.0005569483759806692
2025-12-16,-0.0656835665740192,-0.07862063352367404,-0.0797655673276328,-0.057963232319687086,-0.05463637702944746,-0.04033121325231025,-0.038560875748651524,-0.0487225106651876,0.4068108662531894,0.013623158081456784,-0.012419851201814784,-0.04564776974493285,-0.09280001488428488,-0.20498959692095703,-0.09666454947752084,-0.06312458054307314,-0.05214211049134027,-0.1521926282839681,0.000556920828584091
2025-12-17,-0.06533370412383545,-0.0783085326438862,-0.07914279079854203,-0.05800604001067003,-0.05431039770961311,-0.040094468865505814,-0.03826959942412899,-0.048754598081492725,0.40650207631524177,0.013644416418133616,-0.012472564269014302,-0.04559940773490841,-0.09289494608187812,-0.20486223995716915,-0.09583447083491403,-0.06306059501167538,-0.05155229962404851,-0.151840507956585,0.000556229794473332
2025-12-18,-0.06456108211228194,-0.07732082507748628,-0.07865661500477773,-0.05683813943886624,-0.053644864386403944,-0.03970450149594338,-0.03793327808561062,-0.048660665569208256,0.40588951471753965,0.013619389084962892,-0.01244093318358475,-0.045574787728056516,-0.09264309722412792,-0.2042752999362638,-0.09603301014170726,-0.06349867153084413,-0.05208384097336779,-0.15191941491191666,0.0005553246202055691
2025-12-19,-0.06522343038800298,-0.07805609077019245,-0.07892609538174944,-0.057773786209220926,-0.054068688827727925,-0.040064758803027276,-0.03844053799742511,-0.04887703939590664,0.40697233130410837,0.013681201601602291,-0.012524737454891929,-0.045750302999246845,-0.09317617042938608,-0.20523122143736539,-0.09571377809842817,-0.06350734790816079,-0.05181964715600105,-0.15232353296873827,0.000556403808457878
2025-12-22,-0.06861203742719396,-0.08156792325537222,-0.08512985357705787,-0.05651512988140746,-0.057146477032821046,-0.04522285602759932,-0.03493131000318441,-0.04350171411426154,0.3522279113118345,0.028092573119802365,-0.00106467156551896,-0.007787715700711853,-0.10104988834564936,-0.2769410087661424,-0.10097201177118753,-0.05282431808983335,-0.04172070209390816,-0.1413144563507926,0.0005979437627582966
2025-12-23,-0.06923745829072092,-0.08233922179721678,-0.0858128212291821,-0.056968094469042246,-0.057967484383176386,-0.045481906611888404,-0.0352324790212298,-0.04362370247596645,0.3531864164485937,0.028153353652373155,-0.0010657671669246258,-0.007801313477890431,-0.10135544456270225,-0.2780709218380936,-0.10181613634458948,-0.054216858806126554,-0.04239217339588975,-0.1411773364570468,0.0005998608468232873
2025-12-24,-0.06965230331315643,-0.08279059408869949,-0.086027469827184,-0.05728681915746566,-0.05767686685234166,-0.04580382818160265,-0.03546032119693077,-0.043663278932056106,0.3533358647815836,0.02816717202100344,-0.0010684435462239312,-0.007811948016991134,-0.10154874803207452,-0.27853079574499806,-0.10183921367130826,-0.05498519781240669,-0.04290440026315254,-0.14083491981425203,0.0006004050547909006
2025-12-26,-0.0698921839052737,-0.08322191377413195,-0.08666723066091869,-0.05755129842748058,-0.0579185102462981,-0.04593824081154704,-0.03559205394747833,-0.043833315490943325,0.35414567805606045,0.02828806570504824,-0.0010767277152323594,-0.007841506760478014,-0.1021168223386458,-0.279520417890609,-0.10268190769506079,-0.05485021507415093,-0.042957760893931364,-0.14112475676223865,0.0006014174343797505
2025-12-29,-0.06626230772869447,-0.08437598112894507,-0.08602859520866488,-0.06031881549911211,-0.05876803519490614,-0.038406403197078,-0.030084793606332125,-0.050205807613163914,0.32122769640898374,0.022551227878460783,-0.0038251087047417283,0.009407086574808769,-0.10502310204584378,-0.2683807854580079,-0.108501373849782,-0.0648033273964603,-0.02285605708433028,-0.17461847124900648,0.0006043290606655918
2025-12-30,-0.06590109236643636,-0.0839046696634668,-0.08542388307225147,-0.059905017028323244,-0.0582895345464054,-0.03821335893387448,-0.029947036535415507,-0.05016401662143842,0.32073067080812595,0.022538133133533204,-0.0038317030569114613,0.009396525709630477,-0.10495206332230132,-0.26793581812950845,-0.10850052390602533,-0.06185675951277593,-0.02259865679649613,-0.17432871127399893,0.0006031026187232891
2025-12-31,-0.06592116732247123,-0.08382773217624732,-0.08527357197231925,-0.05978428020061379,-0.0578756067946726,-0.038288523175788076,-0.03007672807054647,-0.05015925892462404,0.3209058073550954,0.02252165393867903,-0.0038237312017045818,0.00939768128706747,-0.10486083553191039,-0.2682833724382102,-0.108752978658529,-0.06192062117235027,-0.02275631108898008,-0.17483424990005997,0.0006032863373555701
2026-01-02,-0.06532028571359505,-0.08298432080890168,-0.0845146004153063,-0.059131691701781626,-0.05728577189975904,-0.038023864159072336,-0.02990343867915647,-0.04990530852076803,0.31993242922754483,0.022386977817104917,-0.0037831300288486487,0.009353846107392781,-0.10413645822197497,-0.2673012438710138,-0.10757493229864779,-0.06135572568926496,-0.022414816696941432,-0.1742381468508136,0.0006016742415852703
2026-01-05,-0.04963062386381623,-0.06621489893620813,-0.06732919718254335,-0.04944320064057484,-0.05084613275889676,-0.019058342803428045,-0.028333142633172843,0.007182619842055576,0.4884501156887235,0.045665288202701354,0.0035871475035324156,-0.09379154172022862,-0.05294506619266974,-0.16396112241852392,-0.0674465755758437,-0.07437230143443219,-0.12796076687952,-0.20619668439274458,0.0005513523552895434
2026-01-06,-0.05027308516342658,-0.06695955512295734,-0.06849459889262012,-0.050062949200781116,-0.05188875046047861,-0.019364157476265853,-0.028775985332257756,0.007229069722260663,0.49085290029463646,0.046011778911356764,0.0036212932600595627,-0.09447610842209325,-0.05333592262208577,-0.16513680434868205,-0.06790690702518243,-0.0766769910755542,-0.13095496388470448,-0.20683038421588384,0.0005538640432276271
2026-01-07,-0.050669904402963324,-0.0675743295087343,-0.06939386589052064,-0.05066519873107103,-0.05274558002056762,-0.01945610285420108,-0.029081738848278093,0.007250861369445314,0.4924903992694215,0.046126177312099635,0.0036254585960777044,-0.09471100515333966,-0.05350739766697189,-0.16570870766843046,-0.06862434069529483,-0.07775529303277069,-0.1313183871213196,-0.20818520790092165,0.000555644716683793
2026-01-08,-0.050334289316386296,-0.06716162230470209,-0.06854256836114916,-0.05056723011232288,-0.052469743354929446,-0.01932678723321037,-0.02877991025903135,0.007237110069149633,0.4910062079746093,0.04607867693395969,0.0036360919393486437,-0.0945828169977583,-0.053391221881440624,-0.16518838139006783,-0.0677596716609861,-0.07678913195853306,-0.12973242780671312,-0.20788857662310703,0.0005540370311257056
2026-01-09,-0.05038900794401575,-0.06724650838791597,-0.06899619699960485,-0.05034821358479656,-0.05311517691376262,-0.01935515667774432,-0.028829350475410007,0.007233965053966768,0.4914987668238343,0.04600291353730763,0.0036228086630792408,-0.09452297783427517,-0.05331420400341617,-0.16553667030098554,-0.06845789146765767,-0.07731864146566374,-0.13157730061620512,-0.20870819936866214,0.0005547936094315953
2026-01-12,-0.06385925700145055,-0.08114320465122837,-0.07951437536071289,-0.06205063707136308,-0.05638694262177523,-0.03386028391141919,-0.03539257440359112,-0.055282804670544916,0.40901281860980643,0.006461058518509123,-0.01667804780559506,-0.06124002862943298,-0.09662075990793308,-0.191149499612827,-0.09622286842598372,-0.07988269681831105,-0.055394093896422095,-0.18066533492909403,0.0007548056392601178
2026-01-13,-0.06432833728903005,-0.08151284134255592,-0.07989312915302597,-0.0622872033582116,-0.05683098889313648,-0.034167419605701715,-0.03599504880396977,-0.055419885062283375,0.4102317786404469,0.006472237573445418,-0.016678289361701987,-0.06142253916156809,-0.09679485119531708,-0.19181386236877257,-0.096639067295144,-0.08162084660270003,-0.0562627722159745,-0.18087225693904257,0.0007570551479877106
2026-01-14,-0.0641309680987971,-0.08137452999418032,-0.07927919488512723,-0.0622137062986436,-0.05681562284823244,-0.03398181115972948,-0.03573874930403965,-0.055486528276010964,0.4104552486600596,0.006482279617954638,-0.016711893023992435,-0.0614969344566872,-0.09703448267946839,-0.19187204120635906,-0.09720788896360603,-0.08152958118705997,-0.05671668014543913,-0.1813913708544287,0.0007572847694965779
2026-01-15,-0.06416621056815182,-0.0811198263163719,-0.07936329461560622,-0.061659510280305585,-0.0573182718005841,-0.03420121398163168,-0.03595228044558694,-0.05566928534030409,0.41129096426244144,0.006507395807207546,-0.016839101846789075,-0.061674298159320996,-0.09745432380684182,-0.1922162699980089,-0.0982254299816975,-0.08251075871717325,-0.056867054505967365,-0.18158391123462828,0.0007586433792215782
2026-01-16,-0.0643217296564091,-0.08137481539457242,-0.07986493498026634,-0.06190737493837143,-0.057847753539567164,-0.03420175690651013,-0.03617909732497739,-0.05562046401342719,0.41116532252989585,0.006496629637188488,-0.016842343334585983,-0.0616051321245772,-0.09737222035268553,-0.19229679417044332,-0.09894784975363281,-0.08203951477270867,-0.05642874888856089,-0.1823246745325313,0.0007589611937868348
2026-01-20,-0.04464725175848946,-0.06586006989377395,-0.06459515334087751,-0.0449206140832169,-0.050404856180666965,-0.015765874310429483,-0.01695984378938299,-0.05148894855848501,0.486897693581318,0.007572547246344729,-0.018978380148493332,-0.0348604899405213,-0.0984926006786957,-0.186373810977558,-0.11288576105934796,-0.08141467392868618,-0.05089507089774778,-0.19305911186281413,0.0005658821220516408
2026-01-21,-0.0437369631029823,-0.0643760046815587,-0.06333610229366447,-0.04386848604689078,-0.04969106269741873,-0.015492183869096067,-0.016758405476505797,-0.0511794005750965,0.4858745098554714,0.007525791755175714,-0.018688182444321792,-0.03467870197192818,-0.0976782526754972,-0.18547809199817253,-0.11054323183032422,-0.08430734187183107,-0.05148362994000254,-0.19108514361241186,0.000564624706529531
2026-01-22,-0.0444283700772649,-0.06539050050206947,-0.06437670144040111,-0.044646907213848064,-0.05088831949064179,-0.015717079370061244,-0.017107236862792093,-0.05156296277489141,0.48813610066124924,0.007576944118437198,-0.018909043162472675,-0.034959812530019466,-0.09867459162315734,-0.18680417576019073,-0.11144378280471771,-0.08589226999053276,-0.05229278765939684,-0.19230503064894702,0.0005669790111091603
2026-01-23,-0.04479879336452832,-0.06591393506062544,-0.06493495945315853,-0.045095900410195046,-0.051410245832981746,-0.01582263770917285,-0.017284130691391595,-0.051715984199965696,0.48930953150912926,0.007597116787731747,-0.01904389337976455,-0.03502153226242477,-0.09913556139127658,-0.18745962275048195,-0.11065006313108472,-0.08772011843086294,-0.05241540437554665,-0.19198857187213902,0.0005685478639193505
2026-01-26,-0.05560702114455022,-0.0662042961126755,-0.06665630662871122,-0.04457024793073378,-0.04842482168889932,-0.035029912458546836,-0.03090043993455697,-0.05916171592607387,0.4766303526292868,0.0030617010091311242,-0.018991709723159566,-0.07439541648810945,-0.10247775271069906,-0.20691879556311746,-0.09773061566037572,-0.07111577393529393,-0.07418216082551082,-0.1049372965174733,0.0007221232845078467
2026-01-27,-0.05600468853844626,-0.06675881270806151,-0.0673013700871118,-0.0449132379641472,-0.0484314280957583,-0.03532062046228433,-0.031054304122436566,-0.05944475209518313,0.47836736757592924,0.003076228085387473,-0.019145033217095726,-0.07474106902887159,-0.10289746684208374,-0.20770004024358754,-0.09792131196688234,-0.0723928561385063,-0.07476412819385614,-0.104772986778338,0.000724492532650429
2026-01-28,-0.05661348078398712,-0.06713600763460803,-0.06686725750395285,-0.0453955910735951,-0.048649619327092164,-0.035949689267370084,-0.03172090694208452,-0.05950182750018803,0.47927673463082143,0.0030778047771965623,-0.019057423306362377,-0.07487186482664533,-0.1029567012746922,-0.20801902320109955,-0.09805125022068412,-0.0742918646004809,-0.07590560563555918,-0.103731991281591,0.0007256947105739207
2026-01-29,-0.05667390332142725,-0.06730157862234219,-0.06704849837649246,-0.04566284206227241,-0.04851103699850957,-0.0356606936949499,-0.03201842939052221,-0.05963075596504915,0.48050709814210063,0.0030831344202240244,-0.019062822470789047,-0.07509807572622981,-0.1030719679596067,-0.20821904369794175,-0.09729154497260374,-0.07737052021336578,-0.07708958445479576,-0.10462690955631122,0.0007275576599468049
2026-01-30,-0.05667939397484485,-0.06723864211722115,-0.06712993900349076,-0.045437256469935676,-0.0485749524511404,-0.03593850631335695,-0.031888533933195164,-0.05969344707788526,0.48118635230897405,0.00308959456855883,-0.019087218693127652,-0.07523147881741357,-0.1032083020392309,-0.20841221470875043,-0.09875468051639136,-0.07766171515696513,-0.07828455688847921,-0.10457958832513795,0.0007283225571649659
2026-02-02,-0.0661906530319298,-0.08854384342580178,-0.08630074030216169,-0.06575505891866255,-0.06320973985285906,-0.030637604927685552,-0.031172919628027398,-0.03196809790038644,0.3809906990870713,0.0340217802580203,0.000126361720452836,-0.043786375397896884,-0.09189117085516998,-0.2611968093102874,-0.09487837966356494,-0.049465068132613116,-0.05996226867833849,-0.21023916105128465,0.0006410655855199838
2026-02-03,-0.06672798588446065,-0.08920975614231387,-0.08740427958178128,-0.06637451730643408,-0.0639875624828927,-0.03091656342352572,-0.031347185419183854,-0.03201226932414295,0.38177255861800524,0.03404103898370624,0.00012632034572598264,-0.04378222916726887,-0.09203897948708782,-0.26201834825436277,-0.0941343571558891,-0.04760448005008834,-0.05792438291669554,-0.21187150731489077,0.0006426918904113612
2026-02-04,-0.06646436425794514,-0.08857213045060351,-0.0872148647856779,-0.06544094570858892,-0.0642185993170108,-0.03097260769605193,-0.03155797208836397,-0.03205770872978619,0.3822299441473669,0.03411808199317322,0.00012679385411946086,-0.043911592032500495,-0.09220225048035005,-0.26220157225798646,-0.09404873966126708,-0.05069830146919114,-0.05950377894162563,-0.21160075412004148,0.0006435396335638593
2026-02-05,-0.0660779576448872,-0.08796307265749317,-0.08746810159884955,-0.06416643203862005,-0.06353626055129959,-0.03100989096240995,-0.031070786506175258,-0.031972977940005975,0.3816337940126159,0.0340412682887024,0.0001262140347708967,-0.04377426131363871,-0.09189694590841158,-0.26134189516290873,-0.09520702340731281,-0.050559113475536335,-0.05948060374251649,-0.21187455966807392,0.0006422252398767354
2026-02-06,-0.06488049478303388,-0.08635041938905774,-0.08592412453065965,-0.0628684722618311,-0.062023218489886546,-0.03038721315916187,-0.03074508404341555,-0.031920930221939335,0.379971390506635,0.03403822700773233,0.00012682993307697288,-0.043637565014674126,-0.09179338549722796,-0.2595052513083524,-0.09450832269273693,-0.048921401243288254,-0.058077534753351555,-0.2112445315855184,0.0006384245990149089
2026-02-09,-0.06681398680886527,-0.08521212375472777,-0.083276881702038,-0.05859640297253324,-0.05934503940920572,-0.03814981488068813,-0.030433845383247157,-0.04176484705538846,0.38091939682804815,0.032202489154444604,4.554490190490728e-05,-0.01338354145773575,-0.10380527244535107,-0.29846510741590454,-0.1053803152571766,-0.041025149835470696,-0.04192390213811389,-0.15680163419686344,0.0006908756593311359
2026-02-10,-0.06746710631276898,-0.08579719571184306,-0.08347795526226029,-0.059165388205402084,-0.05988313008594857,-0.03874154997203098,-0.03071913902756096,-0.041862360133979995,0.38178656025288965,0.03227472206421611,4.562713270541744e-05,-0.013421675323184458,-0.10401646718603608,-0.2994794350364242,-0.10604112654449369,-0.042152894976781805,-0.04242911409890134,-0.15584088717086733,0.0006922812652534636
2026-02-11,-0.06741175410747345,-0.08555878600040917,-0.0835793326508922,-0.05888253316271609,-0.059713084349823864,-0.038829171519238245,-0.030760458505641436,-0.04197760532419811,0.3819625903107265,0.03241119002794066,4.61471261160806e-05,-0.013447636645955614,-0.10424626705071423,-0.29914084295699306,-0.10744523305646947,-0.04172907342801184,-0.04223065026932077,-0.15587689923253,0.0006921829089236939
2026-02-12,-0.06769525610756714,-0.08566612635297592,-0.08360846944204472,-0.05912819972076884,-0.05952996012090221,-0.03914801195856022,-0.03129418859946151,-0.04194372289335383,0.3821611631415653,0.0323685452082593,4.5970337215307736e-05,-0.013445777963444584,-0.10428812561052951,-0.2995483377208751,-0.10700889159947988,-0.0422637660438276,-0.04269637070614231,-0.1562832918024556,0.0006932115243786855
2026-02-13,-0.06642652621919758,-0.0839325044208856,-0.08209655861611717,-0.057643891119310675,-0.05803082639891155,-0.038664348301924056,-0.03078788132102281,-0.04192715853091685,0.3806698713591658,0.032408598401924484,4.635459290094668e-05,-0.013433519635450029,-0.10426844166725502,-0.29794402970503986,-0.10636300342491822,-0.04059761727049906,-0.04149493919942866,-0.15546528251753497,0.0006898402764591268
2026-02-17,-0.0723921610263424,-0.0935321823506843,-0.09016822399239996,-0.06768830870151149,-0.06412048958643242,-0.03969277147628812,-0.035034085340615716,-0.04443337422271298,0.3328733668869459,0.02899709432974025,-0.0008975632181794546,-0.013852162098517156,-0.1017740892130996,-0.2947917448479308,-0.10633098209924101,-0.03672142513854445,-0.03226048667223691,-0.19195825038840322,0.0006489232782460556
2026-02-18,-0.07243110517137755,-0.0936949699727056,-0.09028343802119225,-0.0676271525447341,-0.06414813027015061,-0.039690187996770813,-0.03489520785916594,-0.04444341118830952,0.3327953086020881,0.02899778731067757,-0.00089917771366321,-0.013834018327809934,-0.10188731761326088,-0.2946832561621508,-0.10735630688237634,-0.03558131860432554,-0.03187275451735285,-0.19262682048832552,0.0006490055341326579
2026-02-19,-0.07303104156659637,-0.09453900874306308,-0.09085035434982275,-0.06840130945945223,-0.06463415329962735,-0.03989287272209029,-0.03521724221575365,-0.0445571453316352,0.33390898335227953,0.029052450859043268,-0.0008993150176876103,-0.013879932326358996,-0.10218912557509222,-0.29621358704493284,-0.10651629053652803,-0.03652527459202305,-0.032839674133411836,-0.19460954242502165,0.0006515695977434634
2026-02-20,-0.07289965158181805,-0.094306559247125,-0.09038760584086634,-0.06815155485222195,-0.06479509753129398,-0.039789120582464955,-0.035137202074993386,-0.04457395869491283,0.33396876924399027,0.02908460942610575,-0.0009003801914896038,-0.013893657903192297,-0.10228984389860254,-0.296376452902,-0.10630958441836043,-0.03663384955697649,-0.03314402830405012,-0.19493190371949443,0.0006516862602813251
2026-02-23,-0.057265990518278215,-0.08192930327985076,-0.07751894053971192,-0.055186855271043576,-0.060412532689495514,-0.023958263813958127,-0.022223361927037583,-0.032738721200872546,0.42597874939960645,0.033029090775579605,-0.0019850203989907884,-0.00978230816485913,-0.0956902903008642,-0.26654746547801084,-0.12010364886195422,-0.05338565171226041,-0.04555317893779437,-0.20196269531684177,0.0006239127245248869
2026-02-24,-0.05657892569495073,-0.08087023498710254,-0.07604870617474183,-0.05436650960976767,-0.059308748745410166,-0.023794601143483054,-0.021917096742864198,-0.03271363209398958,0.42516848205828534,0.0330572302011881,-0.0019868814688079263,-0.009764246612816323,-0.0955303995772341,-0.265389677474382,-0.11978681178279896,-0.0546774847485794,-0.04570521541162402,-0.20140865951638318,0.0006222011708876859
2026-02-25,-0.05716579210149843,-0.08170522876823012,-0.07687032995152451,-0.05511723854209004,-0.06013730685584733,-0.023910214764759075,-0.022329495699117526,-0.03280965523648362,0.4264586874515003,0.03315073273042002,-0.001996463964134576,-0.009795636483964512,-0.09579455770357082,-0.26599751005585925,-0.12045419711688136,-0.054083338108186996,-0.045788341639281506,-0.20216899966764554,0.0006240892866352542
2026-02-26,-0.057828654361923665,-0.08260994376275387,-0.07754600538994917,-0.05606214951826447,-0.06058062878437349,-0.024201736125272235,-0.022634520857755542,-0.032879103758432525,0.4274699149140059,0.03321004806231484,-0.002001902438026757,-0.009830053048453866,-0.09601902374528865,-0.2670554621809656,-0.12043882419422422,-0.054088678798736245,-0.04596368136642839,-0.20247286841028345,0.000625719758827061
2026-02-27,-0.0575900616251832,-0.08219922714447017,-0.07759770741087126,-0.055418233706448196,-0.0609391651722902,-0.024195287824524944,-0.022433146486618198,-0.0329504605385666,0.42787484187381847,0.03331826818872391,-0.002011095708025227,-0.009862296697254833,-0.09613552815734047,-0.2669807904163675,-0.12133505043178285,-0.05458450196458398,-0.046009195933721575,-0.20274113375140784,0.0006260863946483168
2026-03-02,-0.05477050828061623,-0.0758672261633376,-0.07185751820502058,-0.05347080515806361,-0.05525003694539325,-0.022753342978298483,-0.02567169222052704,-0.026016624487096088,0.4782408627719483,0.028691254768598497,-0.006328870374409609,-0.061451900306766775,-0.08550605092504389,-0.21573163219595795,-0.0976982076927153,-0.05327354097908416,-0.06721620842802258,-0.18710729097425766,0.0006528953937766307
2026-03-03,-0.054527988255655746,-0.0760022563790855,-0.07187398621606844,-0.05360606503520573,-0.05582478481634321,-0.02233123841371921,-0.02525919389651651,-0.025944012954215407,0.477971319260355,0.028553411223366906,-0.006272899785806352,-0.061355823572800686,-0.0853195766166288,-0.21586911965902408,-0.09806181069990592,-0.054027156434371636,-0.06920121541756415,-0.189063253199749,0.0006536857964564394
2026-03-04,-0.05311330963513148,-0.07484365076592206,-0.07087345155290117,-0.0526881452807787,-0.05450184502183257,-0.021496937735483328,-0.023838522738179106,-0.02574754521533869,0.4748132980648795,0.028336047215391052,-0.006219687479192235,-0.060919535109490136,-0.08472787494862873,-0.21404125499975435,-0.09690769481676281,-0.05128203172634412,-0.0690186667262651,-0.18873021855062141,0.0006494451485794401
2026-03-05,-0.053852257907904405,-0.07572462586556428,-0.07153089740668608,-0.05374175073629211,-0.05528933228150859,-0.021875955349806873,-0.024208424409143947,-0.025857816930653817,0.4767484854567947,0.028410036542381095,-0.006229246623435658,-0.06106756550774909,-0.08520138145454334,-0.21579502446674373,-0.09748390229958522,-0.0519249650699014,-0.06995738340091212,-0.18926869453529344,0.0006524861627351601
2026-03-06,-0.053047428985587675,-0.07504650410922824,-0.07013314761622677,-0.0533977510702032,-0.0540489202367738,-0.021324206575659872,-0.02354598428180959,-0.025695604421019317,0.47478381923842156,0.028225750558261972,-0.00618300750038984,-0.06084361929941585,-0.08457516184769721,-0.21420570952222884,-0.09617641506807967,-0.051126602782760704,-0.0707331664626868,-0.18910719964252182,0.000650268766902513
2026-03-09,-0.06685258917264986,-0.09232126959432514,-0.08411148335519744,-0.07228823223569072,-0.06102449094930712,-0.02984116431682845,-0.03238660222825855,-0.04732848869472591,0.41390137900113577,0.013546080331402031,-0.013682941901088113,-0.051045719392811315,-0.09158455688717712,-0.18454645396431665,-0.10054629094925242,-0.06112510154602878,-0.036368601956808265,-0.2022097254593367,0.0005631238008360393
2026-03-10,-0.06774115324327275,-0.09346404805356698,-0.084883880770594,-0.07351643812606834,-0.06190978148590842,-0.030164556388264346,-0.03314352557477501,-0.04765006059473782,0.4155868209557309,0.013636954236332936,-0.013851553164464216,-0.05131157259129824,-0.09246373602839188,-0.18632395109319,-0.10113345449360864,-0.06121738820998391,-0.03600815161509908,-0.2028611540135104,0.0005651436677324741
2026-03-11,-0.06773342062506532,-0.09330319814397502,-0.08484222919304103,-0.07350925979321961,-0.06183925365753817,-0.030231191617717836,-0.03327014595399098,-0.047488080971500535,0.41528839471885276,0.013591706484416273,-0.013702514537490143,-0.05113562746788063,-0.09181912663110602,-0.18600061266775267,-0.10097092060455219,-0.06190083392573865,-0.03661428062055924,-0.2027641431974044,0.0005650791568700856
2026-03-12,-0.06767714951064695,-0.09318033142010101,-0.08432373540093557,-0.07349503906032882,-0.0617109677054701,-0.030165343571498793,-0.03335313265846999,-0.04727169568622483,0.4148610440877026,0.013528860313351355,-0.013524733098095397,-0.05105432334728861,-0.09106267618920086,-0.18557084776578026,-0.09991858261376677,-0.06168717131078538,-0.03731507319138064,-0.20349022315387721,0.000565044236457708
2026-03-13,-0.0662222198401468,-0.09138451619236473,-0.08267738532093884,-0.07193381390807921,-0.0601326482913522,-0.029569862894320363,-0.032153273058281806,-0.04690072481744982,0.4124392614779981,0.013429203475498362,-0.01344232284415188,-0.05077834036513753,-0.09019456635939385,-0.1836204582827518,-0.09881652015733965,-0.06022377384139014,-0.03812453988187731,-0.2036018612746537,0.0005626990032260108
2026-03-16,-0.09520771691799239,-0.1210032742592571,-0.10874389326109496,-0.11125965726395771,-0.0712185467549401,-0.05039956996039902,-0.05485266885404276,-0.05670641703115442,0.25147043597055285,0.0037621033605849856,-0.01406752434029296,-0.09477888205998045,-0.08103869848700045,-0.15591127741616298,-0.05216773908855386,-0.05551689059077266,-0.022922498086559398,-0.22556943741862165,0.000504643359624388
2026-03-17,-0.09702001455172009,-0.1228534621913534,-0.11020589737013319,-0.1130772250796221,-0.0722554022073462,-0.05160150882562307,-0.056663889672497296,-0.05721750608363949,0.253049583670713,0.003798156546686306,-0.014248196242410424,-0.09555980440013417,-0.08184045736725315,-0.15719514564846132,-0.05286988478148342,-0.05574827521209253,-0.02271754973121397,-0.22541067203824067,0.0005071978719525756
2026-03-18,-0.0976626230593213,-0.12364290876880178,-0.11076420929929306,-0.11405920244911294,-0.07298777364877933,-0.051939405712435535,-0.05723886649036875,-0.0575494329735531,0.2540382061254903,0.003819283999397285,-0.014341491032226457,-0.09625837250424028,-0.08261131392230593,-0.15850515788640274,-0.05330415324527453,-0.05581832229370276,-0.023166018228038283,-0.2258559749972555,0.000509117827788288
2026-03-19,-0.09559896488692204,-0.12119509146149841,-0.10826054327290334,-0.11180270175056287,-0.0713858557690224,-0.050749800475753296,-0.0557471232721607,-0.05696760435338642,0.25207434671416723,0.003779281960164661,-0.01417661536388886,-0.09550760094483685,-0.08167842180443265,-0.1567563357139882,-0.05220483865132429,-0.053732046109537066,-0.02343709189069667,-0.22589633462193623,0.0005061005275330219
2026-03-20,-0.09519959092651448,-0.120676415551988,-0.10761074157561941,-0.11124656262024414,-0.07172225829956912,-0.05056837767336416,-0.055703675380285686,-0.05692687119406213,0.2515546065517983,0.003772010515980758,-0.014237061684948473,-0.09522238618410304,-0.08188977342383989,-0.1569834575530972,-0.05190016717855427,-0.05142372593040948,-0.023050757986463145,-0.22329921609005718,0.0005051795353484828
2026-03-23,-0.06438191535053267,-0.09920519857875049,-0.08771141113302088,-0.08537923451870821,-0.06343481444546356,-0.021538561167254194,-0.02829975732979873,-0.03378028024068276,0.2811087935554464,0.017458709722420494,-0.0076618807374435405,-0.027220442657054044,-0.06819137275233543,-0.1428932082840987,-0.08203017692727223,-0.06269528800896557,-0.017515584513836727,-0.2571814330567169,0.00021418198020721165
2026-03-24,-0.06162853003752854,-0.09439038961677644,-0.08368871020479485,-0.08131415415499718,-0.061018585489326975,-0.02076782660364562,-0.02744625155193619,-0.03192610478484661,0.265072201807528,0.016490742682864205,-0.007261340266867032,-0.025623237254340337,-0.06463029878691064,-0.1354318448447187,-0.07783843573586567,-0.0576988080099982,-0.015814159739653832,-0.24110696711052962,0.00020166938011671322
2026-03-25,-0.0629035474871524,-0.09655542108014689,-0.08574786526950022,-0.08288881866520253,-0.0629650202292629,-0.021188957880343952,-0.027782029175059463,-0.03267905232875858,0.27166935205261467,0.01686890163137525,-0.007420128136131182,-0.026213316351832806,-0.0662009658014271,-0.138532410856091,-0.07936476702170461,-0.05923423002103852,-0.016517982607394878,-0.24827607253197684,0.00020698989543620333
2026-03-26,-0.061623691210034914,-0.09423057455688892,-0.08375543786206638,-0.08097371511277959,-0.06185514322387265,-0.020864211127316644,-0.027392185713855082,-0.03182786619360015,0.26394713406481285,0.01645779441320311,-0.0072708300655735586,-0.025516826870024812,-0.06448023784411454,-0.1348721742208195,-0.0769632604700526,-0.059217401536374226,-0.01599119324698339,-0.24139108447542856,0.00020088654659088082
2026-03-27,-0.05474715278973998,-0.08400491204478848,-0.0752330597749727,-0.07174498122229263,-0.05516890668619189,-0.01854644054304938,-0.02401931359574875,-0.028726689230498446,0.23905958538463845,0.014817997627898415,-0.006544201339394691,-0.02307733539841375,-0.05807069645051002,-0.12165175882846493,-0.06976356762448117,-0.05173048662859905,-0.014654213184623609,-0.21997904228292978,0.00018234326819625515
2026-03-30,-0.03324126780509524,-0.05964515230596689,-0.05580263292328576,-0.041647395833513075,-0.04527581909072776,-0.004478476800440423,-0.008325087881597604,-0.0009176417346955908,0.32367892265066467,0.03638312762758947,0.004164025487266662,-0.021733577363240948,-0.05172274104387533,-0.15436950464755222,-0.08234224201125034,-0.04641516582840435,-0.050474705345403055,-0.20554056561688025,0.0001530609529125899
2026-03-31,-0.03415058081520241,-0.061235713671775785,-0.057568231063510444,-0.04257353438255644,-0.04596956031052528,-0.004626607676729689,-0.00850585446740603,-0.0009500693519265783,0.33387041951387963,0.03774411048939445,0.004346508016175792,-0.022526813773299983,-0.05362177385467942,-0.15919955880688683,-0.08514339860704762,-0.04779894069942349,-0.052280436330611454,-0.21279435248899073,0.00015766979155051316
2026-04-01,-0.03378041798004566,-0.06044967195297571,-0.05658367711837352,-0.04222250795704023,-0.0456417461693652,-0.004582580014623977,-0.00846351611232207,-0.0009134985122744748,0.320546767939781,0.036271760108162125,0.004165192002767134,-0.021611470641049384,-0.05176121054953479,-0.15417019842393137,-0.08295761553667143,-0.04759007053324023,-0.04962021087954365,-0.20267015263632537,0.0001512493932932599
2026-04-02,-0.034734338198308484,-0.0620421274817958,-0.057924966123200555,-0.04354205246536725,-0.04678626131174757,-0.004739259447073746,-0.008688314145011805,-0.000931182140595054,0.3265189639162028,0.036916655533860566,0.004238771917112222,-0.02201492103987601,-0.05278385935548198,-0.15743311519631242,-0.0848111705375236,-0.04932686352613347,-0.05007511883871915,-0.20608207367769632,0.0001540729692108814
2026-04-06,-0.028564379135910794,-0.04377369883902964,-0.04102884339159678,-0.03434996940059753,-0.03092936971094747,-0.009927705898600356,-0.012616702153979331,-0.01215694081417043,0.24186825325175357,0.013980533795374837,-0.004692112278952616,-0.035446364202662436,-0.03822513299474423,-0.0799014810066873,-0.048999379859235755,-0.032989451129460515,-0.03147467347654805,-0.11918317952646224,0.00021498937514772632
2026-04-07,-0.02975119410312992,-0.04557588876621879,-0.04267338385162749,-0.03581011589444666,-0.03218772625797877,-0.010339245960312304,-0.013194478822173126,-0.012575049348427082,0.2503979139970678,0.014449618692069321,-0.004854462331505928,-0.03671551116037539,-0.039549935259723744,-0.08294539071750029,-0.05084985572097858,-0.03404593745755474,-0.03278313925940773,-0.12337323292871058,0.0002227875369087642
2026-04-08,-0.03068337339743524,-0.04700780470579192,-0.043910868954637486,-0.03692460998841958,-0.033256730422540445,-0.010644244520579119,-0.013650678676691766,-0.012980137328147833,0.2583396354267276,0.014934677269484843,-0.005004201395261159,-0.037896827516890205,-0.040819497208854284,-0.08553523283248898,-0.052499824125514204,-0.035441598028371914,-0.03367214636997637,-0.12682781287984318,0.00022968607565684038
2026-04-09,-0.03176092214391006,-0.04837293580499489,-0.04531982003974062,-0.038154855642075144,-0.03437011110600596,-0.011098354360365579,-0.014446344354293325,-0.01305948556100306,0.2594910967667073,0.015019723403462795,-0.005037856485008724,-0.03803564838231338,-0.04111936463272742,-0.08633911457220858,-0.05363161889771221,-0.03578903901658758,-0.03285751441240596,-0.126260471963377,0.0002304858869993147
2026-04-10,-0.033018040912976485,-0.05042078884235742,-0.047236039602989964,-0.03980950098653974,-0.03582342618865293,-0.011474831845518438,-0.014931921289017387,-0.013542441591124662,0.2689904069878996,0.015560887533640976,-0.005207797030949455,-0.039436237725693234,-0.0426142973779471,-0.08957847591277428,-0.05597966003207574,-0.03737868993764497,-0.03423092441476679,-0.13061313215028314,0.00023886541578979699
2026-04-13,-0.047334931016686795,-0.06974917849596737,-0.06577511309370886,-0.054247009817697374,-0.04748898137512831,-0.02123857823754565,-0.018257488324832257,-0.01387672667123473,0.27248099532194014,0.03314575088381547,0.004627403441497317,-0.007272979502634786,-0.06060236255900695,-0.17089659133182789,-0.06919047563850544,-0.038760220615497235,-0.027973247896428726,-0.16318834203870547,0.0004099544878444151
2026-04-14,-0.049868490967335304,-0.07350621922763444,-0.06905976415186989,-0.057201299486042266,-0.050277714975823895,-0.022302645107337024,-0.01921518428079032,-0.014511827513575933,0.2845861701117266,0.03466934418453791,0.004843981063678526,-0.007608336353480155,-0.06349188348472122,-0.1790281220554566,-0.07248355715997988,-0.04028891805207044,-0.029665935636347947,-0.1699416839737886,0.00042785549828706514
2026-04-15,-0.05116405764633352,-0.07545866011360669,-0.07052878278601878,-0.05906712014302514,-0.051693999141084405,-0.022802033387047362,-0.019861470057576533,-0.014756401142570891,0.288838301036643,0.035275936699576,0.004938833846469062,-0.007733737628998535,-0.06460517638903444,-0.18211392709594684,-0.07421411216275647,-0.04177438719142588,-0.02996262950756035,-0.1719777792490559,0.00043393259836388957
2026-04-16,-0.05322656266170741,-0.07875306913122065,-0.07291584106781399,-0.06201951550829574,-0.05366195383044502,-0.023536039140536022,-0.020553085218712304,-0.015255567663637568,0.29901600106234694,0.03644770650771605,0.005091817413497668,-0.008001008494002034,-0.06687351505444551,-0.18848298711669023,-0.07690487685748544,-0.04280687899857445,-0.03107971610965135,-0.17788529213482623,0.00044933176493201294
2026-04-17,-0.05528181613969309,-0.08193992545772143,-0.07582259418419074,-0.06468107773385172,-0.05581237313424694,-0.02435749252917189,-0.021418115237079115,-0.015811744195498398,0.310240588923777,0.03776237469292547,0.005251402666478303,-0.008286488024230784,-0.06908710447192996,-0.19536202602221758,-0.08055728851334101,-0.04439160944416446,-0.032503782127013936,-0.18517121449742338,0.00046636859195976944
2026-04-20,-0.03709700793487789,-0.05780813340785403,-0.055439479048555174,-0.04014140817106403,-0.043194299185267716,-0.01370698623035282,-0.012293252516114518,-0.007241913239968151,0.3137070776761126,0.03581746804238961,0.0049216366955044015,-0.026672824361994783,-0.058424661691972676,-0.17063259441226244,-0.07361465970807604,-0.0361276258306597,-0.04745130720690384,-0.16354329723414812,0.0004929283906323065
2026-04-21,-0.03802950229208726,-0.05933540001390872,-0.05703087632342593,-0.04115341334772945,-0.04467721782001917,-0.01404190486626757,-0.01255193099914156,-0.007447389411703555,0.3224841148940575,0.03680285487058411,0.005060623173782201,-0.027415142707091923,-0.060082914969414355,-0.1753392576971001,-0.07598501552573579,-0.036836443929763346,-0.049458072304297364,-0.16795448606637334,0.0005069651476979523
2026-04-22,-0.03709659804284933,-0.05814650208522353,-0.05591846182480061,-0.04044019876436754,-0.04361927910531491,-0.013547305174094894,-0.012199235231990384,-0.00731903771389183,0.3176429910502497,0.03614401879957631,0.004964380193497668,-0.0269967521204614,-0.05904082448071886,-0.17250760115586988,-0.07362456583522545,-0.035307202523553495,-0.04970537806832516,-0.1665834736266208,0.0005000811113182561
2026-04-23,-0.03886515375800843,-0.0609495322239436,-0.058427989764543276,-0.04266680269184532,-0.045588460065186735,-0.014105041210386436,-0.012888916558103439,-0.007605639551761891,0.3297773102508921,0.037545883845481916,0.005161642273552179,-0.028057293577005885,-0.06138391709094885,-0.17930033647662913,-0.07576679011692745,-0.03712351172609342,-0.05210890869285109,-0.17292624589204408,0.0005189331060056751
2026-04-24,-0.039593810245681614,-0.06223253110164069,-0.05967728600321321,-0.043488326282793324,-0.0465671935837297,-0.014354558129668852,-0.0129967986209442,-0.007783471534407539,0.33786713945744506,0.03842514754093564,0.005279239804946841,-0.02880598916503171,-0.06274835454315297,-0.18349106191352801,-0.07846009950340019,-0.037683706981440565,-0.0541008915787656,-0.1775767754413952,0.0005319209909815717
2026-04-27,-0.04385488989774999,-0.0625769973428985,-0.061521283919579575,-0.045068882226811866,-0.04518788569827493,-0.020181770504075106,-0.017407920096964197,-0.0022220747646998947,0.3402923596221151,0.04203742069098487,0.0077974227980615,-0.05185956258734458,-0.05902565162165173,-0.18566548937611313,-0.05728009751654873,-0.030459346371440998,-0.06069756163988347,-0.1563119816026301,0.000535936351250949
2026-04-28,-0.044853102778929635,-0.06410310740744209,-0.0628646917392655,-0.04611290609012401,-0.04629215571763661,-0.020559313529476608,-0.017773861885743033,-0.0022689287509972495,0.3479075230251396,0.042889584623015474,0.0079343042481604,-0.05301870050166872,-0.06019043091496919,-0.18993713957850886,-0.05825649601580422,-0.030906951766155443,-0.06254900868693539,-0.15967418829987848,0.0005480624197243349
2026-04-29,-0.04561707640727762,-0.06526363939233165,-0.06426214845276504,-0.04670285444674558,-0.04680871254791259,-0.020946732725984928,-0.017998399599793855,-0.0023203673661042683,0.35572243510449814,0.04383816276727184,0.008125914804055202,-0.054223095979504005,-0.061607943763813205,-0.19405582325690476,-0.06014828586191736,-0.031033394148788092,-0.06452447172223882,-0.16383595470549514,0.0005607130468761036
2026-04-30,-0.04611110069977363,-0.06617252753921987,-0.06480248261195572,-0.04765011726834288,-0.047150785231625934,-0.021025018264774147,-0.018164944780709853,-0.0023426293865252694,0.3602511891456769,0.04424551819208658,0.008176429216042455,-0.0548193971132,-0.062127033209212076,-0.1961279027639031,-0.060517090503052505,-0.031134783523225844,-0.06702910657271818,-0.16662607065374327,0.0005686096216894494
2026-05-01,-0.048218336150233826,-0.06877824286043584,-0.06777976050615676,-0.04949589574075758,-0.04957513908060456,-0.0221551482294036,-0.019081898641341664,-0.002414299792612654,0.37115319271688313,0.045621202199915785,0.008406819717351185,-0.056502827371447135,-0.06400785689603816,-0.2024724119822727,-0.06321891633067334,-0.0325217644489334,-0.06902659537705678,-0.16992852061910332,0.0005851777992839136
2026-05-04,-0.044609368222218594,-0.07605289721279454,-0.07100135585593628,-0.05196343095947674,-0.056014359732879646,-0.012985020813199695,-0.011292217733832611,-0.028401912912530986,0.38258596640852494,0.032990711261089725,-0.001942884972416001,-0.01582555682565074,-0.09132948542320896,-0.22343057100890878,-0.10589175875921254,-0.049668373728483775,-0.04247431204091241,-0.2291861026256122,0.0005705606986034072
2026-05-05,-0.04384791086017385,-0.07495532776655725,-0.06945931123908658,-0.051304983223811385,-0.05513120753822007,-0.012668552917015083,-0.011164947391686698,-0.028006883838206365,0.3779909339901516,0.032513589346422005,-0.0019072943981917508,-0.015626398399847717,-0.09005124765588951,-0.2202980159869091,-0.10409303459463601,-0.048148190403467024,-0.04272437450383226,-0.22728806133243545,0.0005643941585327233
2026-05-06,-0.045517408909699304,-0.07758397201116564,-0.07181838139430789,-0.053365092268019,-0.057563907931183725,-0.013181577939930512,-0.011697036464079524,-0.028810871784528052,0.3883221625683867,0.03343551467059865,-0.0019693053147380717,-0.016034135069519423,-0.09280918697584031,-0.2265491920975456,-0.10722196660949243,-0.04986451149355455,-0.04368871964910525,-0.23355651713317552,0.0005795379810204185
2026-05-07,-0.04510263344295645,-0.07641572067791615,-0.07062912911668588,-0.052917931117326934,-0.05675897443036227,-0.013152717503532352,-0.011726092407223214,-0.028107037538277705,0.37773643527036804,0.03264207728127927,-0.0019276168879388568,-0.015587415895267487,-0.09060662392061715,-0.2207397894704461,-0.10560632895514709,-0.049910009786121846,-0.04109426925268399,-0.22564851017840243,0.0005629861886789487
2026-05-08,-0.0442450325608013,-0.07544656808834485,-0.0695077226286045,-0.0523449589912207,-0.05532165582864215,-0.012787226931131223,-0.011458118093150884,-0.02776855926395661,0.3737745761970692,0.03222852410596579,-0.0018994868036593202,-0.015420389778523202,-0.08936280633115364,-0.21779234580288523,-0.10383358680738143,-0.04951115138841044,-0.04075175656448041,-0.22396212070042376,0.0005575555523812734
2026-05-11,-0.043540547682718034,-0.06893727045965901,-0.062394663337371876,-0.05469639414954358,-0.04718726799439073,-0.01517915723267305,-0.018536426081896477,-0.01997748911198519,0.2732969867080532,0.020010811735823884,-0.004333537929657426,-0.045026527340322205,-0.05624852651821694,-0.12525544742169464,-0.06422334391999784,-0.046565712077294916,-0.0347325345219607,-0.18697477302904994,0.0006030677948295439
2026-05-12,-0.04490556485564649,-0.07119169135666112,-0.06441568384563624,-0.05651997800122939,-0.04881813480116016,-0.015606835021069848,-0.019085057579518245,-0.020529960653151054,0.28131940006384,0.02054877490047218,-0.004438112905182038,-0.046355859221674,-0.05781270115637845,-0.12880000072654885,-0.06622083679892737,-0.04807658862280374,-0.03668449299974817,-0.19272100760648966,0.0006213743983608397
2026-05-13,-0.04555223973587641,-0.07251781683141208,-0.06581826364554573,-0.05717109668193525,-0.04932120677227255,-0.015829586509767374,-0.018876409591957116,-0.020882709975738156,0.28678507369422274,0.020892425359170828,-0.0044974800418770425,-0.047210277949541364,-0.05877862173720831,-0.13121758793574498,-0.06755671274232168,-0.04885235277209979,-0.038183626074723,-0.19732764203766578,0.0006339094122739349
2026-05-14,-0.04740200200348737,-0.07528600122684141,-0.0678481769147556,-0.0596466521846985,-0.05093705528297998,-0.016451737743036994,-0.019899487160032935,-0.02156797972367255,0.29618394829827605,0.021569264363442427,-0.0046328023095928775,-0.04873972017414773,-0.060716377274322345,-0.13553640730002992,-0.06916823962726043,-0.05015190572198801,-0.03902257521258951,-0.20416563020933648,0.0006544457840941434
2026-05-15,-0.04926529709916108,-0.0784754193764822,-0.07068515207563986,-0.06212499861892975,-0.05301081589687559,-0.01695375185898214,-0.020632099027259942,-0.022298817509816226,0.3062015870077133,0.02229273805569169,-0.004798022627098552,-0.05035670547212144,-0.06275239908144434,-0.14006644855338218,-0.07110855726042405,-0.051470703616418347,-0.04007410769691866,-0.21199232908256316,0.000676827652001039
2026-05-18,-0.07870833282868388,-0.11428629437888814,-0.10223521071126032,-0.09889460093823009,-0.0705487042186178,-0.036025087657036145,-0.038191716052243106,-0.052966113678196904,0.27597346104693093,0.0066131913584777414,-0.014660588798663512,-0.07513126682916829,-0.08451750810080358,-0.15543220457939289,-0.070764891888016,-0.06357561346841009,-0.02376770150070763,-0.24304035526978746,0.0007826639165062437
2026-05-19,-0.07887790603530456,-0.11425173071559376,-0.10261484753319255,-0.098508646922499,-0.07016260950826775,-0.036372591901461526,-0.03814832979634122,-0.05298196833141398,0.2762188211483472,0.0066130158048926194,-0.014648941423533663,-0.0750730906972516,-0.08439465477545373,-0.15565113956951845,-0.0716225172695312,-0.06377488058638932,-0.023922083608395307,-0.24252502579105265,0.0007829780474039003
2026-05-20,-0.07819324955005752,-0.1133871791259867,-0.10189620737439727,-0.09781227322425362,-0.06934419227576027,-0.0360774610459109,-0.03769701723764225,-0.052728398268095195,0.2757651390250867,0.006581534889231188,-0.014540995396543922,-0.07475340458777882,-0.08389473479761256,-0.15513764917790315,-0.07176052154972179,-0.06266142552060593,-0.024075436194406802,-0.24309102415056144,0.0007822636852365475
2026-05-21,-0.0752845055864081,-0.10890150739915379,-0.09809990436858884,-0.09452996577625078,-0.06758421968563695,-0.034870781162574055,-0.03650763928417356,-0.05043159963434014,0.2625202205219716,0.006299372719704312,-0.013972260794672045,-0.07123554616710391,-0.08037635507735327,-0.14843663910436683,-0.06908879878389754,-0.060426074653254315,-0.02235982773717529,-0.23060660283049808,0.0007436946940769745
2026-05-22,-0.07833329899527422,-0.11310613478427822,-0.10226922671623782,-0.09817225694420356,-0.07071049720138112,-0.03634427408939232,-0.038171650631276415,-0.05233893511116733,0.27208322899479503,0.006533819425428073,-0.014536506998468653,-0.07383948131033401,-0.08348421575167977,-0.15393965392292974,-0.07174785782904776,-0.06257335675112206,-0.02304206718940742,-0.23903616741841638,0.0007708796158462003
2026-05-26,-0.06547623876721469,-0.09922512714258132,-0.09264595424979696,-0.07174455024561556,-0.06482200374025973,-0.030187603536949246,-0.0228393044780621,-0.022973761773645882,0.3143648872922645,0.042343477017036585,0.007813470688607204,0.0005898547682440968,-0.08545051496543044,-0.2554449412063999,-0.0976970073706576,-0.04461453664200413,-0.029875003287498352,-0.2207313410633868,0.0008110483715215325
2026-05-27,-0.06794248379489597,-0.10243130021491788,-0.09484548864888104,-0.07488066066499954,-0.06773190682926859,-0.031299895724220594,-0.024317718990328023,-0.02362670128514332,0.3227357650933354,0.04360842758366286,0.008052488965833769,0.0006073097578996381,-0.08796138426142859,-0.26284492245344615,-0.10065458392111039,-0.045772292851056856,-0.030125320923203764,-0.2261978779929147,0.0008317334742498477
2026-05-28,-0.06785821321161518,-0.10241629534878353,-0.09515402265869029,-0.07479755523168075,-0.06770107508949777,-0.031193548877301098,-0.02431481425046074,-0.0236464811814637,0.32278368794378126,0.04362809912164629,0.008071629553638122,0.0006076548395804437,-0.08808504128882039,-0.2626880622659248,-0.10034667108755364,-0.045164308694434205,-0.029584397602458828,-0.22620393097596442,0.0008317557311722653
2026-05-29,-0.06824343676687979,-0.10316668399928383,-0.09535730146671408,-0.07556396409683461,-0.06821069437933783,-0.03122584719086241,-0.02443694765786772,-0.02373700445584392,0.32352211564687405,0.04380858684892031,0.008127871989828126,0.0006103958487746791,-0.08851094662699302,-0.26348939276211514,-0.10014356512080064,-0.045719685665895314,-0.029868810690685556,-0.22620287229516928,0.0008332531725435918
2026-06-01,-0.0442092702825725,-0.08823020079636838,-0.07903647312712822,-0.0599314238608721,-0.06149648639799654,-0.006719871494594179,-0.005653790000278705,-0.038452888900079175,0.382405915376911,0.026249631808327834,-0.007090962359614081,0.04733894040821812,-0.09911327304736756,-0.21815894623160076,-0.13731016597189719,-0.07516718914050567,-0.008284568637272905,-0.2871376316509321,0.000640497641206111
2026-06-02,-0.04451221971653558,-0.088763177860891,-0.07940043975211193,-0.060490507360852444,-0.06139191831999505,-0.0067189451058921575,-0.005794877029701492,-0.0385609702340968,0.3834514256075903,0.026290974011115464,-0.007118254138346142,0.0475163082464975,-0.09942568462882023,-0.2187136305023492,-0.13544680910610032,-0.0743563960169973,-0.008455775407323186,-0.28912920012666343,0.0006426168123180987
2026-06-03,-0.04489453581381803,-0.0891595911379496,-0.08005334122195212,-0.06095765202404037,-0.062153577021033704,-0.006777227680049703,-0.005872584518331213,-0.03869241739776123,0.3846415862717003,0.026392180820185712,-0.0071553861889805,0.04765945128176679,-0.09972511676016008,-0.21955738819389115,-0.13648813014005842,-0.0747123248357126,-0.008518788514671884,-0.2900266024515892,0.0006446113733003792
2026-06-04,-0.04456383249469835,-0.08861297405929633,-0.07922232220275317,-0.06085262327603833,-0.06135802144252427,-0.0067251468057451325,-0.005804768418467658,-0.038644564233371495,0.38479716005113773,0.026348466834513723,-0.007133343518320607,0.04761524396082635,-0.0995392261515354,-0.21914828459850685,-0.1364509969891827,-0.07403839560395269,-0.008574516775830283,-0.2913312029537905,0.0006451868016945512
2026-06-05,-0.04464102095191597,-0.08883310634835065,-0.08043400148220436,-0.06048015971708412,-0.0622033932937532,-0.006770014297830833,-0.005729293960244327,-0.03865742013283306,0.3845822003999458,0.026348082006560025,-0.007140010637864181,0.04755816884678063,-0.09962135551700961,-0.21927769920937903,-0.1387144352008395,-0.07455930095088834,-0.008447545028871609,-0.2907466238477859,0.0006443547601445024
2026-06-08,-0.05647997228714909,-0.09172127979492864,-0.08588943672683215,-0.05838903025550032,-0.06393994256068662,-0.02256378086541992,-0.016601300395016443,-0.030553827362166643,0.3755104634166237,0.03670971166529898,0.0010851384741748051,-0.010817921341026666,-0.09448287372855013,-0.2535861313598212,-0.12190866528094926,-0.056684967145801124,-0.041142264964792064,-0.2346534767400795,0.0006302050074595146
2026-06-09,-0.05704122868479587,-0.09252484844084939,-0.08631220088972774,-0.059685212179854535,-0.06491649679574668,-0.0228477315740464,-0.017008994271999957,-0.0307518813810642,0.3781292625526178,0.03690820156862294,0.001086522968386146,-0.010876085237436274,-0.09499861685749944,-0.25558334419379514,-0.12102554836518889,-0.05720071056065967,-0.04174895260087856,-0.2362588219100387,0.0006342900810896442
2026-06-10,-0.05686635600807605,-0.09216078760991582,-0.08631041124623402,-0.058939269223542604,-0.06505915293992169,-0.02282927081394068,-0.017010038481043627,-0.03078365079044454,0.37793476041640583,0.03697371746728812,0.0010918476161952634,-0.010884101484466946,-0.09521079679835152,-0.2555840214360861,-0.1236903572045415,-0.05620986115848975,-0.041141015356017094,-0.23585362630645593,0.0006336543783117681
2026-06-11,-0.05398737276044384,-0.08745049234855853,-0.08171472933224645,-0.05568763280062192,-0.06206927899361048,-0.02172499306131091,-0.01611018989910015,-0.029660103820465997,0.3643630783669227,0.035611779034332484,0.0010496711551840085,-0.010482693225837681,-0.09158009808733854,-0.2459417653273503,-0.11926083803035574,-0.05194482409033099,-0.03980007895779576,-0.22770880502191432,0.000610899774468938
2026-06-12,-0.05338612648513246,-0.08592029701978736,-0.08038073303320782,-0.055615908354605906,-0.06174134525245349,-0.021641094580086367,-0.01624735252230801,-0.028820221097763513,0.3526489300388754,0.034642577964531476,0.0010272100586852541,-0.010163304191648483,-0.0892264121609098,-0.23900506634819957,-0.11513315831638085,-0.051755774821341985,-0.03802832795036016,-0.21920108445479278,0.000590179158347424
2026-06-15,-0.04635146881063149,-0.08512311163491709,-0.07779397281939526,-0.05468478175420777,-0.05984588657035166,-0.012260906305820714,-0.009545171009632345,-0.03588496755853022,0.3282156362023661,0.028033541166159696,-0.003149755501617369,0.023284901682581648,-0.0938770013987176,-0.2266327187770436,-0.12093588375122531,-0.061358935682132944,-0.017625249991129167,-0.27602496134127064,0.0006562475497200591
2026-06-16,-0.048196699012828484,-0.08860221103660294,-0.0804047637614111,-0.057690576686077674,-0.06171198962386175,-0.01262530933119064,-0.010084237940921299,-0.036737836952443446,0.3358739887244267,0.028704124662776394,-0.0032198013626309756,0.023849197776894586,-0.0960030421188101,-0.23209778151616461,-0.12283099744640354,-0.06438530835126977,-0.01781934173300933,-0.2825299304318506,0.0006712327965425797
2026-06-17,-0.049154300282608705,-0.09022353276118532,-0.08284373578936044,-0.057975376553206816,-0.0626688480323962,-0.01296202223705901,-0.010165956197137558,-0.03768014646534156,0.34415512369869056,0.02947952743120704,-0.0033164686213351894,0.02443126001083085,-0.09846339498390787,-0.23773265043856392,-0.1261375190144125,-0.06613632796017069,-0.0180472463141974,-0.28901144267483636,0.0006876148679523515
2026-06-18,-0.047290760702412574,-0.08656072064638426,-0.07969224524617015,-0.05575790939785387,-0.06042640655336728,-0.012529077190026142,-0.009865074134461312,-0.03647443415711032,0.333341056179564,0.028488895529585678,-0.003227300313994307,0.023577968518078148,-0.09535383353607806,-0.23009989503326142,-0.11948526068807724,-0.06279460450312205,-0.01741413297975941,-0.283298116808064,0.0006680421350296712
2026-06-22,-0.04190179634570056,-0.0877504365956493,-0.07877760277708962,-0.05724270469737841,-0.0618378307387178,-0.0034049314375637863,-0.004543893157237364,-0.04016515483664798,0.331925025159522,0.023265613170882535,-0.008579203519645804,0.05125123333208176,-0.09861414890186349,-0.2063870145524796,-0.13265868735659536,-0.07987604485660586,-0.0010772506884127093,-0.3260539275853578,0.0006270744592128525
2026-06-23,-0.042951929660564464,-0.08975190166407068,-0.08107337380547774,-0.05858573650909578,-0.06400387347299974,-0.0034992756087538785,-0.0046898658202563035,-0.0410984477828465,0.34023524117158976,0.023780318281001623,-0.008735612816916778,0.05236936813080757,-0.10091278693126474,-0.21157556576422334,-0.13757989631982412,-0.08142020214441577,-0.0010964988635193823,-0.3352528606090082,0.0006434019258080837
2026-06-24,-0.041847457525380646,-0.08793177824884497,-0.08052800244153545,-0.05632555475788334,-0.06301963331789405,-0.0034083100507570608,-0.004397947258419284,-0.040891477347119,0.338495209157897,0.02367156636668122,-0.008695673159332047,0.0520442873800209,-0.10044311974105491,-0.21015526601943435,-0.13857448204521655,-0.07941440202075699,-0.0010785594653252163,-0.33435188951836065,0.0006396429235407619
2026-06-25,-0.04170421684443853,-0.08770944290157433,-0.08065718683088202,-0.055970535528106456,-0.06318118391231338,-0.0033946295793393,-0.0043940886569175455,-0.041005429841869036,0.3382079893305723,0.02377576223565359,-0.008796497961215743,0.05213707461775036,-0.1006957799114182,-0.20966857717779028,-0.1382953304996148,-0.0768559411551319,-0.0010497404464410779,-0.334599376766504,0.0006383214604180557
2026-06-26,-0.04202184248352487,-0.0882363210913142,-0.08114020592893743,-0.05668121569783511,-0.0639438762080386,-0.0034397707113034467,-0.004460705510689059,-0.041217121844259796,0.3398312813938401,0.02389918601320766,-0.008833531749636926,0.05246079019761477,-0.1012376412505514,-0.2107027195992043,-0.13918302053352616,-0.0779529149430793,-0.0010736587359764106,-0.3355343485864823,0.0006412289293675326
2026-06-29,-0.02533171204920793,-0.04705791463048843,-0.04483122495761088,-0.02890102375143075,-0.03539069348296717,-0.005012812130541741,-0.005553062383317399,-0.020870351381750907,0.2718286339264287,0.01412645003819032,-0.007381572972475892,-0.02204632050556167,-0.05872473140739811,-0.11844302044379634,-0.06905619205898288,-0.046526604998476315,-0.030054149491562075,-0.1640397855890021,0.00032825988127368973
2026-06-30,-0.02638860790950354,-0.04933642361465553,-0.046591104191059,-0.03055017207145883,-0.036398204826310086,-0.005216232463311156,-0.00574803496288411,-0.02153273814843277,0.2803030388017231,0.014574998001038569,-0.007621394018669002,-0.022780619507009537,-0.06068088727188344,-0.12244073625427247,-0.07085102882800874,-0.0473401589601388,-0.030986983349507124,-0.16865996418856286,0.00033857598611076675
2026-07-01,-0.027375064097471046,-0.05120136671226424,-0.048043972428578,-0.031995294798504825,-0.03766776051639349,-0.005393908911884467,-0.006005249785039914,-0.022086997659679877,0.28844024524790735,0.014931701815620816,-0.007755933470386535,-0.023358742299419793,-0.06212920757487437,-0.12602420290986474,-0.0716825162266383,-0.04872358489524531,-0.0320299752169651,-0.17392784249614926,0.0003486593974289673
2026-07-02,-0.028055260157064204,-0.052687920623392705,-0.04950676268519516,-0.03246604818941322,-0.038667902063862884,-0.005512016364217103,-0.006013395711868815,-0.022724664528971712,0.2971004733163331,0.015348650526235174,-0.007937904112658841,-0.024024617129165957,-0.06388532273474463,-0.12984081150996413,-0.07416234243811815,-0.05050866566894802,-0.03274458096590088,-0.1797246358268951,0.00035926810515028956
2026-07-06,-0.04004034769885191,-0.08093373090736113,-0.07684235354353768,-0.046420296023288454,-0.06340159630353194,-0.003659496474659876,-0.00551156565307563,-0.025897694569381947,0.3970321364602325,0.03456126731532208,-0.002989638444754082,-0.004200594614545842,-0.09423172368502095,-0.229641144282525,-0.12677441537743026,-0.07363062656213631,-0.0443944751907272,-0.31300575083693016,0.0005927382677550551
2026-07-07,-0.04062415446256264,-0.08187611503494391,-0.07738715618824034,-0.04722218871193412,-0.06386695690815457,-0.0037084057538924495,-0.005684828892665284,-0.02598574107509106,0.3983744406551075,0.034683287573585374,-0.0029961781120622045,-0.004218961465812528,-0.0945302668337774,-0.23076739939134325,-0.12612922249416034,-0.07462465571474336,-0.04524337411892569,-0.31368919359721564,0.0005944520258174821
2026-07-08,-0.04022691587329615,-0.08146897723583485,-0.07713062519382076,-0.04633713434397824,-0.0632738691708584,-0.0036618803419989476,-0.005527957846641068,-0.025861479958661504,0.397703077773446,0.03449886576950876,-0.002963963903157693,-0.0042055846081137105,-0.09382225136550837,-0.2303984786261303,-0.12760554964045634,-0.07370217767146903,-0.04581969962795424,-0.31450555963575116,0.0005943201990621196
2026-07-09,-0.04008509787783626,-0.08122167145151338,-0.0763057112497484,-0.04647093011494291,-0.0626983311087747,-0.0036339514694072963,-0.005571156960958063,-0.025818110402046738,0.397627365812298,0.03443077176338177,-0.002957462983415388,-0.004201146010518164,-0.09364467062622121,-0.23012204035532124,-0.1255374451161471,-0.07311259296286245,-0.04657610236476599,-0.31407956890766503,0.0005943523008506656
2026-07-10,-0.04042994646721878,-0.082024613291263,-0.07662076448497389,-0.0473108650855033,-0.06359105409728728,-0.003658786614470076,-0.0056253345427730046,-0.025891397784967875,0.39852809661786637,0.034553014645245204,-0.002966192610578843,-0.00420978966145035,-0.09381142496620798,-0.230706545662822,-0.12609089599223794,-0.07394489862114885,-0.04627260509652721,-0.31452199189257785,0.0005951895253792992
2026-07-13,-0.0467421105344396,-0.08665744855144862,-0.08246958122417909,-0.05247679167760773,-0.06463860396348595,-0.009834285610520228,-0.010677996310164528,-0.031156169268435945,0.37854790479044614,0.028934741290211848,-0.006419883398234215,-0.025119048486299644,-0.09169680803849857,-0.22046092824599633,-0.11314861005540498,-0.05845462831110065,-0.04012747134684217,-0.31799541103053997,0.0005622615579362177
2026-07-14,-0.046266412758394854,-0.08606857923612518,-0.08233546667972279,-0.05152545066110653,-0.0641460671845371,-0.00973998197764785,-0.01030385925310341,-0.031065559876604355,0.3784598390863974,0.028854680763263064,-0.006387418414537486,-0.025089688110062642,-0.0913493278285996,-0.22012621863776735,-0.11384022631238941,-0.05697213132801814,-0.041344381006818164,-0.31950443720506577,0.0005627492902959515
2026-07-15,-0.04663150723532061,-0.08650106084089287,-0.08249100032116102,-0.05217751689492466,-0.06446575523986749,-0.009822316862020508,-0.010506177019507618,-0.031203532060778236,0.3796645580715166,0.02897760409463153,-0.006405181190470845,-0.025149829860279648,-0.09169734075492121,-0.2208931384811157,-0.11370445976911026,-0.05783598142273183,-0.04184357311932018,-0.3187387930565044,0.0005635759641243635
2026-07-16,-0.046760269457291836,-0.08676306960007235,-0.08261212454496714,-0.05198769642499868,-0.0646812809690727,-0.009878304388109401,-0.01048041267410201,-0.031219016241661474,0.3796351783434228,0.029021802902864803,-0.0064113952627938365,-0.025140371848581086,-0.09192814360400224,-0.2210475480460316,-0.11393624487266167,-0.05781319231949989,-0.0420382470813916,-0.3168717227154157,0.0005630512861648532
2026-07-17,-0.04635423944840639,-0.08617826375625409,-0.08232665561276752,-0.05106504607449376,-0.06455601968003266,-0.009785991907324362,-0.010246206407031009,-0.0311743545789847,0.3791307020312727,0.028964695067743,-0.006400594926957406,-0.02508373335218746,-0.09173771254397727,-0.22072615840909168,-0.11635447536658142,-0.05659047632965696,-0.0415011668643484,-0.3174588123779375,0.0005623030782731733
2026-07-20,-0.050951557789256675,-0.07557135978192715,-0.07418562921886311,-0.04653425141262162,-0.05235501964537598,-0.02531288319386483,-0.017454048255643072,-0.051017626909911885,0.39348854367440317,0.006688299263800417,-0.01884119890399235,-0.06604481570106116,-0.09777111072869904,-0.18976837318298442,-0.08173660972420116,-0.05045294844927979,-0.04114222612670066,-0.16496693054360223,0.0004213911160770062
2026-07-21,-0.050783892152696096,-0.07545421759610865,-0.07378157037076458,-0.04658610433659161,-0.05205033572561302,-0.025128322533082007,-0.0175296374420681,-0.050891022892653105,0.393369900921694,0.006667347134857356,-0.018701965327748354,-0.06591486350205,-0.09740469535461045,-0.1898520708387087,-0.08130056078684192,-0.05034526282843253,-0.04137203814750503,-0.16532695584403326,0.00042141825162522105
2026-07-22,-0.051640638777175694,-0.07647117774146865,-0.07466855727924346,-0.04769185984748835,-0.05307253848621233,-0.025623216970625404,-0.01811235162972093,-0.05104059859727556,0.3950360637006462,0.006684833115382702,-0.018745698887856835,-0.06614640119592408,-0.09762677560476973,-0.19074734391378848,-0.08174756058920046,-0.05159421014990288,-0.042196399685225254,-0.1666959172510381,0.0004235649744599437
2026-07-23,-0.05163285064956832,-0.07641963360360576,-0.07469935936074433,-0.04747156095700906,-0.05260609016579159,-0.025682561963397924,-0.018024145975007143,-0.05098198031608891,0.39493977413412595,0.006673051825390651,-0.018705549733201335,-0.06611128532968792,-0.09750999395202983,-0.19052919398804824,-0.0813766475985342,-0.052213034003666184,-0.04263107928634259,-0.16660180631044938,0.0004237722149542439
2026-07-24,-0.050972803064042504,-0.07540419229096056,-0.07388278071019277,-0.04652613968362647,-0.05225199132535855,-0.025325896157322326,-0.01789896178216133,-0.05080826412844397,0.39427518948367674,0.006648809360667647,-0.018627304752302246,-0.06587686676768502,-0.09704291484705704,-0.18965399010766412,-0.08102838944288979,-0.05111773294886261,-0.04323242571291415,-0.1670870448498311,0.00042336956850115207
2026-07-27,-0.04708063657929376,-0.0782046378558199,-0.0782098904116356,-0.03933354176422379,-0.058853462512603594,-0.019946793471539766,-0.009525576341961781,-0.04947025144280121,0.40738130943044343,0.02270644249335951,-0.010341789283859875,0.003740943738646136,-0.11471751113924376,-0.27843324555689497,-0.12361880664330095,-0.040565424055235395,-0.025701930829843067,-0.2109141901646854,0.00045714858278021015
2026-07-28,-0.04719354442409966,-0.07825195183183428,-0.07861731623990656,-0.03922747524604588,-0.05922815424367057,-0.020051022296150498,-0.009572911438402037,-0.049606259368776266,0.40763911721449003,0.022776303406305425,-0.010407942355522459,0.0037385670496028816,-0.11506454987048448,-0.2786819824077515,-0.12333559965720285,-0.04087907209510502,-0.02478081604756636,-0.21114375346183883,0.00045732611300647476
2026-07-29,-0.04725923102162919,-0.07858410717634295,-0.0796130922804533,-0.03891788606430178,-0.059430643926636634,-0.020084159016785667,-0.009400636117078146,-0.04981481153895099,0.408740593484013,0.022886831759263752,-0.010488157111265117,0.0037548834864410663,-0.11562323780879495,-0.27972460645711483,-0.12406709765676963,-0.04037949030813035,-0.02447567390195564,-0.2113854884364515,0.0004581701040767924
2026-07-30,-0.04650887438714162,-0.07718017222781902,-0.0776824679717868,-0.03802916581957407,-0.05831114858361463,-0.019933341108864626,-0.009183002712113475,-0.04950169476277905,0.4079607104561026,0.022734071932037185,-0.010289138341092578,0.0037492604305121814,-0.11467371105425472,-0.2783882607904302,-0.12339936298835794,-0.04046433566313046,-0.025114061430607695,-0.2096730847064968,0.0004570170588681085
2026-07-31,-0.047581148659113406,-0.07863812208418974,-0.07876609157397271,-0.03936522413218855,-0.059246996632278406,-0.020529580965170345,-0.009581909872953908,-0.049640717691065164,0.4089128415366656,0.022791352865555205,-0.010304414109943188,0.003756048077088766,-0.1151188556694814,-0.27977965389905246,-0.12221988149020199,-0.04121326052967124,-0.025080991729116195,-0.2080411061762626,0.00045797194247691584
2026-08-03,-0.044364470910210965,-0.08554324593560292,-0.07988490351681497,-0.048386988302317246,-0.06672402716785546,-0.007754408701362801,-0.006722499978743692,-0.027182801876314142,0.3683255415763143,0.0363120653111972,-0.0007176679838198125,0.020664568681094217,-0.09462189774590986,-0.2496059861990118,-0.1268366460173175,-0.07273552579049158,-0.027922268400770958,-0.3039627937224857,0.0004828365869672572
2026-08-04,-0.04478342858585788,-0.08674364456036088,-0.08091939539359908,-0.04922637567502024,-0.06786020369447987,-0.007785109507608185,-0.006745226138623154,-0.027241024682475815,0.3683437304253771,0.036378216936282376,-0.000719884046957772,0.020662991418026657,-0.09488663866540199,-0.2502293951662789,-0.12696413075846502,-0.07275371067990474,-0.02737615689375967,-0.30389975175156264,0.00048273644652012095
2026-08-05,-0.04565826532070121,-0.08852488098477553,-0.0825249395201377,-0.05102376356898236,-0.06928799712825558,-0.00789996446888097,-0.006938441830514973,-0.027420377955045525,0.36970186607229316,0.03663668933153304,-0.0007271873513487717,0.020750675671192,-0.09570284632131332,-0.25160433867215753,-0.12708389503514217,-0.07341347984371943,-0.026901884363912134,-0.30453953535442063,0.00048392451640268927
2026-08-06,-0.045652992670303316,-0.0884094831799602,-0.08294592514869187,-0.05059717029792719,-0.0688902795879898,-0.007913553312267212,-0.006913803931525516,-0.027453466507215807,0.3700941563924259,0.036685719378962145,-0.0007292738889290785,0.020755386088376494,-0.09575135989069848,-0.2516840874839051,-0.1271721452673839,-0.07650388333817239,-0.027082222303357877,-0.3039934698276511,0.00048426056567902123
2026-08-07,-0.04565961688190809,-0.0885015903461915,-0.08245738488732916,-0.05054352393847521,-0.06872218307402721,-0.007929305675482749,-0.006858247259163004,-0.027447170751334314,0.3706195610324845,0.036640799461902095,-0.0007269733208357347,0.02078497750405084,-0.09566273462718052,-0.2521591086490981,-0.12637405001584273,-0.07671205472837841,-0.027516130220030622,-0.3058822643726149,0.0004855408837620597
2026-08-10,-0.06035420348672258,-0.09084625716902532,-0.08769368479038431,-0.05159586996186844,-0.06522647045657587,-0.030495352548354834,-0.016875772266579086,-0.05365040866068132,0.33456217593845433,0.021464609452349417,-0.006936921471152977,-0.011410092085549934,-0.11531653432233192,-0.2969861257330175,-0.10870473025329344,-0.04465805088575279,-0.02387435052428041,-0.20307170309927072,0.0005852858963998514
2026-08-11,-0.060357137829288456,-0.0910153338594125,-0.08778042333749131,-0.05155280099497022,-0.06502482274981192,-0.030409165767565232,-0.01679111397055493,-0.05356793155121547,0.3350389991063074,0.021416296301944557,-0.00689309870770898,-0.01141123540735817,-0.11492559849326381,-0.29714137134057367,-0.10747850725756598,-0.04521160217146687,-0.024770051566379955,-0.20401767771970306,0.0005865496391926645
2026-08-12,-0.060291160667756236,-0.09074363566462282,-0.08752037568469083,-0.05139056449732101,-0.0652574993204848,-0.030438100582458116,-0.01686165648138816,-0.05362330154167264,0.3351505514543324,0.021446211743853055,-0.006905474175895307,-0.011416844378585441,-0.11498236203307712,-0.29731616751796974,-0.10669304083644435,-0.04504363186279465,-0.024808381782065122,-0.20406067275049186,0.0005866732496566112
2026-08-13,-0.06072063873762681,-0.0911881953189827,-0.08770818637934376,-0.05188973538060512,-0.06578716549034637,-0.03062653242236795,-0.017167999430172384,-0.053812132010820184,0.3361561890618548,0.021518266716647305,-0.0069152297215689966,-0.011447324489404822,-0.11539836067616761,-0.2984011087045935,-0.10797984243526795,-0.04559714462163201,-0.02498380102000735,-0.20498420353090782,0.0005880744764214443
2026-08-14,-0.06111803783530372,-0.09195328176189091,-0.08795550128579567,-0.05256350968037105,-0.0660513927522029,-0.030723207475062707,-0.01724899584465807,-0.05403143234942886,0.33707981579137775,0.021627269825185206,-0.0069654129412953705,-0.011489116572069339,-0.11602851087390481,-0.29949538898317096,-0.1095425672326049,-0.044989028566676734,-0.024744650075279994,-0.2051261993667852,0.0005888995137935051
