Date,PRPFX,DBMF,KMLM,BTAL,RPAR,MNA,CTA,MTUM,QUAL,USMV,VLUE,JEPI,DIVO,ARKK,QAI,^PUT
2022-03-09,0.0,0.0,0.0,0.0,0.0,0.0,0.0,0.0,0.0,0.0,0.0,0.0,0.0,0.0,0.0,0.0
2022-03-10,0.0,0.0,0.0,0.0,0.0,0.0,0.0,0.0,0.0,0.0,0.0,0.0,0.0,0.0,0.0,0.0
2022-03-11,0.0,0.0,0.0,0.0,0.0,0.0,0.0,0.0,0.0,0.0,0.0,0.0,0.0,0.0,0.0,0.0
2022-03-14,0.0,0.0,0.0,0.0,0.0,0.0,0.0,0.0,0.0,0.0,0.0,0.0,0.0,0.0,0.0,0.0
2022-03-15,0.0,0.0,0.0,0.0,0.0,0.0,0.0,0.0,0.0,0.0,0.0,0.0,0.0,0.0,0.0,0.0
2022-03-16,0.0,0.0,0.0,0.0,0.0,0.0,0.0,0.0,0.0,0.0,0.0,0.0,0.0,0.0,0.0,0.0
2022-03-17,0.0,0.0,0.0,0.0,0.0,0.0,0.0,0.0,0.0,0.0,0.0,0.0,0.0,0.0,0.0,0.0
2022-03-18,0.0,0.0,0.0,0.0,0.0,0.0,0.0,0.0,0.0,0.0,0.0,0.0,0.0,0.0,0.0,0.0
2022-03-21,0.0,0.0,0.0,0.0,0.0,0.0,0.0,0.0,0.0,0.0,0.0,0.0,0.0,0.0,0.0,0.0
2022-03-22,0.0,0.0,0.0,0.0,0.0,0.0,0.0,0.0,0.0,0.0,0.0,0.0,0.0,0.0,0.0,0.0
2022-03-23,0.0,0.0,0.0,0.0,0.0,0.0,0.0,0.0,0.0,0.0,0.0,0.0,0.0,0.0,0.0,0.0
2022-03-24,0.0,0.0,0.0,0.0,0.0,0.0,0.0,0.0,0.0,0.0,0.0,0.0,0.0,0.0,0.0,0.0
2022-03-25,0.0,0.0,0.0,0.0,0.0,0.0,0.0,0.0,0.0,0.0,0.0,0.0,0.0,0.0,0.0,0.0
2022-03-28,0.0,0.0,0.0,0.0,0.0,0.0,0.0,0.0,0.0,0.0,0.0,0.0,0.0,0.0,0.0,0.0
2022-03-29,0.0,0.0,0.0,0.0,0.0,0.0,0.0,0.0,0.0,0.0,0.0,0.0,0.0,0.0,0.0,0.0
2022-03-30,0.0,0.0,0.0,0.0,0.0,0.0,0.0,0.0,0.0,0.0,0.0,0.0,0.0,0.0,0.0,0.0
2022-03-31,0.0,0.0,0.0,0.0,0.0,0.0,0.0,0.0,0.0,0.0,0.0,0.0,0.0,0.0,0.0,0.0
2022-04-01,0.0,0.0,0.0,0.0,0.0,0.0,0.0,0.0,0.0,0.0,0.0,0.0,0.0,0.0,0.0,0.0
2022-04-04,0.0,0.0,0.0,0.0,0.0,0.0,0.0,0.0,0.0,0.0,0.0,0.0,0.0,0.0,0.0,0.0
2022-04-05,0.0,0.0,0.0,0.0,0.0,0.0,0.0,0.0,0.0,0.0,0.0,0.0,0.0,0.0,0.0,0.0
2022-04-06,0.0,0.0,0.0,0.0,0.0,0.0,0.0,0.0,0.0,0.0,0.0,0.0,0.0,0.0,0.0,0.0
2022-04-07,0.0,0.0,0.0,0.0,0.0,0.0,0.0,0.0,0.0,0.0,0.0,0.0,0.0,0.0,0.0,0.0
2022-04-08,0.0,0.0,0.0,0.0,0.0,0.0,0.0,0.0,0.0,0.0,0.0,0.0,0.0,0.0,0.0,0.0
2022-04-11,0.0,0.0,0.0,0.0,0.0,0.0,0.0,0.0,0.0,0.0,0.0,0.0,0.0,0.0,0.0,0.0
2022-04-12,0.0,0.0,0.0,0.0,0.0,0.0,0.0,0.0,0.0,0.0,0.0,0.0,0.0,0.0,0.0,0.0
2022-04-13,0.0,0.0,0.0,0.0,0.0,0.0,0.0,0.0,0.0,0.0,0.0,0.0,0.0,0.0,0.0,0.0
2022-04-14,0.0,0.0,0.0,0.0,0.0,0.0,0.0,0.0,0.0,0.0,0.0,0.0,0.0,0.0,0.0,0.0
2022-04-18,0.0,0.0,0.0,0.0,0.0,0.0,0.0,0.0,0.0,0.0,0.0,0.0,0.0,0.0,0.0,0.0
2022-04-19,0.0,0.0,0.0,0.0,0.0,0.0,0.0,0.0,0.0,0.0,0.0,0.0,0.0,0.0,0.0,0.0
2022-04-20,0.0,0.0,0.0,0.0,0.0,0.0,0.0,0.0,0.0,0.0,0.0,0.0,0.0,0.0,0.0,0.0
2022-04-21,0.0,0.0,0.0,0.0,0.0,0.0,0.0,0.0,0.0,0.0,0.0,0.0,0.0,0.0,0.0,0.0
2022-04-22,0.0,0.0,0.0,0.0,0.0,0.0,0.0,0.0,0.0,0.0,0.0,0.0,0.0,0.0,0.0,0.0
2022-04-25,0.0,0.0,0.0,0.0,0.0,0.0,0.0,0.0,0.0,0.0,0.0,0.0,0.0,0.0,0.0,0.0
2022-04-26,0.0,0.0,0.0,0.0,0.0,0.0,0.0,0.0,0.0,0.0,0.0,0.0,0.0,0.0,0.0,0.0
2022-04-27,0.0,0.0,0.0,0.0,0.0,0.0,0.0,0.0,0.0,0.0,0.0,0.0,0.0,0.0,0.0,0.0
2022-04-28,0.0,0.0,0.0,0.0,0.0,0.0,0.0,0.0,0.0,0.0,0.0,0.0,0.0,0.0,0.0,0.0
2022-04-29,0.0,0.0,0.0,0.0,0.0,0.0,0.0,0.0,0.0,0.0,0.0,0.0,0.0,0.0,0.0,0.0
2022-05-02,0.0,0.0,0.0,0.0,0.0,0.0,0.0,0.0,0.0,0.0,0.0,0.0,0.0,0.0,0.0,0.0
2022-05-03,0.0,0.0,0.0,0.0,0.0,0.0,0.0,0.0,0.0,0.0,0.0,0.0,0.0,0.0,0.0,0.0
2022-05-04,0.0,0.0,0.0,0.0,0.0,0.0,0.0,0.0,0.0,0.0,0.0,0.0,0.0,0.0,0.0,0.0
2022-05-05,0.0,0.0,0.0,0.0,0.0,0.0,0.0,0.0,0.0,0.0,0.0,0.0,0.0,0.0,0.0,0.0
2022-05-06,0.0,0.0,0.0,0.0,0.0,0.0,0.0,0.0,0.0,0.0,0.0,0.0,0.0,0.0,0.0,0.0
2022-05-09,0.0,0.0,0.0,0.0,0.0,0.0,0.0,0.0,0.0,0.0,0.0,0.0,0.0,0.0,0.0,0.0
2022-05-10,0.0,0.0,0.0,0.0,0.0,0.0,0.0,0.0,0.0,0.0,0.0,0.0,0.0,0.0,0.0,0.0
2022-05-11,0.0,0.0,0.0,0.0,0.0,0.0,0.0,0.0,0.0,0.0,0.0,0.0,0.0,0.0,0.0,0.0
2022-05-12,0.0,0.0,0.0,0.0,0.0,0.0,0.0,0.0,0.0,0.0,0.0,0.0,0.0,0.0,0.0,0.0
2022-05-13,0.0,0.0,0.0,0.0,0.0,0.0,0.0,0.0,0.0,0.0,0.0,0.0,0.0,0.0,0.0,0.0
2022-05-16,0.0,0.0,0.0,0.0,0.0,0.0,0.0,0.0,0.0,0.0,0.0,0.0,0.0,0.0,0.0,0.0
2022-05-17,0.0,0.0,0.0,0.0,0.0,0.0,0.0,0.0,0.0,0.0,0.0,0.0,0.0,0.0,0.0,0.0
2022-05-18,0.0,0.0,0.0,0.0,0.0,0.0,0.0,0.0,0.0,0.0,0.0,0.0,0.0,0.0,0.0,0.0
2022-05-19,0.0,0.0,0.0,0.0,0.0,0.0,0.0,0.0,0.0,0.0,0.0,0.0,0.0,0.0,0.0,0.0
2022-05-20,0.0,0.0,0.0,0.0,0.0,0.0,0.0,0.0,0.0,0.0,0.0,0.0,0.0,0.0,0.0,0.0
2022-05-23,0.0,0.0,0.0,0.0,0.0,0.0,0.0,0.0,0.0,0.0,0.0,0.0,0.0,0.0,0.0,0.0
2022-05-24,0.0,0.0,0.0,0.0,0.0,0.0,0.0,0.0,0.0,0.0,0.0,0.0,0.0,0.0,0.0,0.0
2022-05-25,0.0,0.0,0.0,0.0,0.0,0.0,0.0,0.0,0.0,0.0,0.0,0.0,0.0,0.0,0.0,0.0
2022-05-26,0.0,0.0,0.0,0.0,0.0,0.0,0.0,0.0,0.0,0.0,0.0,0.0,0.0,0.0,0.0,0.0
2022-05-27,0.0,0.0,0.0,0.0,0.0,0.0,0.0,0.0,0.0,0.0,0.0,0.0,0.0,0.0,0.0,0.0
2022-05-31,0.0,0.0,0.0,0.0,0.0,0.0,0.0,0.0,0.0,0.0,0.0,0.0,0.0,0.0,0.0,0.0
2022-06-01,0.0,0.0,0.0,0.0,0.0,0.0,0.0,0.0,0.0,0.0,0.0,0.0,0.0,0.0,0.0,0.0
2022-06-02,0.0,0.0,0.0,0.0,0.0,0.0,0.0,0.0,0.0,0.0,0.0,0.0,0.0,0.0,0.0,0.0
2022-06-03,0.0,0.0,0.0,0.0,0.0,0.0,0.0,0.0,0.0,0.0,0.0,0.0,0.0,0.0,0.0,0.0
2022-06-06,0.0,0.0,0.0,0.0,0.0,0.0,0.0,0.0,0.0,0.0,0.0,0.0,0.0,0.0,0.0,0.0
2022-06-07,0.0,0.0,0.0,0.0,0.0,0.0,0.0,0.0,0.0,0.0,0.0,0.0,0.0,0.0,0.0,0.0
2022-06-08,0.0,0.0,0.0,0.0,0.0,0.0,0.0,0.0,0.0,0.0,0.0,0.0,0.0,0.0,0.0,0.0
2022-06-09,0.06869559237011934,0.0530991832172935,0.11908945928696993,0.0995596848336675,0.06614951971383187,0.05319837577908452,0.027756641632206328,0.06431175083486346,0.05874253480927902,0.04611242985729129,0.04145508936281413,0.05762152195446977,0.047980175340126524,0.19225411350473087,0.09692791428080907,0.15704601322244297
2022-06-10,0.06915878470953309,0.05422981838283151,0.12255963783640289,0.10327741889152103,0.06671143295995535,0.05394252943813189,0.02833041304615544,0.06400315611399918,0.05836486380217148,0.04596656972639235,0.04119565025393363,0.057849060550819384,0.04805980770641667,0.18376189605092957,0.09773350679282203,0.1592451229710177
2022-06-13,0.1421865165370005,0.14701540719647932,0.2221686422162532,0.03402629178831312,0.024332939964334027,0.059227667719488536,0.08846246244328206,0.10220498185995242,0.005689544964242141,0.04785397331882077,0.06430951605800425,0.02864613701731695,0.04043408458908763,0.09211628769128873,0.061686394556052654,0.08963915208008369
2022-06-14,0.14096844135215086,0.15193619352743384,0.23085326581838955,0.03559285218552071,0.023839456743975973,0.059449439309862545,0.09100460347760178,0.10063783995285402,0.005567262626245224,0.04740209255382087,0.06282661587244391,0.02832394158654748,0.04022190174645541,0.08567506014488278,0.06150624340729929,0.08915178197052478
2022-06-15,0.14087916956695173,0.15224816779728095,0.23039343292284886,0.03570390957055337,0.02355668068018156,0.059451336555286075,0.09100569290589405,0.10040082598734766,0.0055669974436440275,0.04724844512798863,0.06306271687709997,0.028225864205784882,0.04014929049240386,0.08686534334604419,0.061626244919188354,0.08924976892636402
2022-06-16,0.1419280268422085,0.14969944444498837,0.2228152038374758,0.03525270727889851,0.024077104755904397,0.05937221071615194,0.09075208968948564,0.10061255481279194,0.005650036665237428,0.04765247579658148,0.0637759392746557,0.02843066519300361,0.040356980594241545,0.09269173159269611,0.06222625571992017,0.09067160928520251
2022-06-17,0.14309735015490938,0.15182137341119192,0.22852948176186066,0.0366492418802184,0.02422314797669095,0.059845503598809226,0.09190742290993269,0.09966994711111166,0.005543017583537768,0.047464821607287926,0.06240441361004016,0.028252294510444625,0.04018930443336831,0.08840310514494042,0.06271213334417014,0.08951712764337935
2022-06-21,0.1292461569723644,0.11026977528535375,0.07365585715309494,0.06579176793064362,0.11213801973661303,0.0554560914105438,0.05317841305581651,0.1026532745097558,0.0700382122668742,0.07187908228470143,0.08250849769083324,0.07454082098765329,0.1001346872552274,0.0283881935654533,0.0741415009519104,0.04597964894316095
2022-06-22,0.12818806920664397,0.10956629494041621,0.07307878740165763,0.064286314255046,0.11039657417876199,0.05488984232764486,0.05148667645372856,0.10438956682790783,0.0703879202666048,0.07233380383431119,0.08305075726656441,0.0750237939613546,0.10081180882778569,0.029157195019577673,0.07318362295442044,0.04576307323633074
2022-06-23,0.12781015306296786,0.10808515053058654,0.07132294370001213,0.06452332251350852,0.11147452887303667,0.05519220633097568,0.052486716501579884,0.104141910606776,0.07049344576602792,0.07284221215721332,0.08292180254471707,0.07551549620500564,0.10107592035264262,0.029691575404522996,0.07326516506127247,0.04594301340382167
2022-06-24,0.1271092804624221,0.10654375296855496,0.06973100063339913,0.0631244382217665,0.11108403291114488,0.055267421021946456,0.053055114574109885,0.10412598609833947,0.07126135364564512,0.07375984485539241,0.08285165148243992,0.07606858992326107,0.10090189693258551,0.031689137959664646,0.07341752261885634,0.04593004735644504
2022-06-27,0.0752242686754652,0.10040297159122846,0.054630756612587185,0.0215179227714316,0.13925859765891554,0.17035714408805971,0.06419050151538996,0.017455822404187086,0.016898610516162198,0.01954255008543317,0.06744151062315178,0.031189969589521235,0.06303401764346023,0.1427698120163064,0.16889854211311203,0.09718700209558824
2022-06-28,0.07543596587884194,0.10135554228354698,0.05507646768816764,0.021740753711192135,0.1387440806315378,0.17068909817723604,0.06438098759731406,0.017641531304576574,0.01686946992392467,0.0195713070542532,0.06773274554063573,0.03131547949260671,0.06299474462989929,0.13992328423998412,0.16963016066144923,0.09754707742407627
2022-06-29,0.07608487768790459,0.10341904397744332,0.05638805070138993,0.022439342154508594,0.13931382329570288,0.17261054812584323,0.06532355078114002,0.017711037041661142,0.016625357439883748,0.019450341051407097,0.06765766155739143,0.031251016407058775,0.06321143000725928,0.13319168233536274,0.17047165427731903,0.09832083583976853
2022-06-30,0.07576304174313404,0.10416502102880862,0.0558559678374195,0.022783114000783287,0.13967426342131348,0.17294551120160762,0.06561388851981477,0.017701204027672588,0.01663729365280286,0.019581329149046485,0.06723607540652134,0.03137141197847372,0.06352514660561022,0.1314463156529668,0.171210165689826,0.09861629447028424
2022-07-01,0.076145240290341,0.10443368496492308,0.05420701337993701,0.023292537310615678,0.1402248629697255,0.17461378354313606,0.06729195572574373,0.01783695407985396,0.01671234221585531,0.01973877395961331,0.06738466034665912,0.031659046448013754,0.06364990051712152,0.12762646026796695,0.17248810429203154,0.09952071117018332
2022-07-05,0.11500029336120313,0.07809263729174337,0.033260159210178344,0.0843956567184779,0.07495521391469076,0.06283217611476856,0.14747982775468596,0.08187696810828868,0.10938555614120354,0.050658075780789555,0.10927376229774353,0.04984658657294384,0.06134344602081396,0.009898323953031956,0.08558313587391593,0.09611818088552092
2022-07-06,0.11383345218861307,0.07793729072775617,0.03227989624913059,0.08175664161661703,0.07484097943655227,0.062924200673124,0.1536683233919404,0.08067570118607802,0.11018071256761686,0.050519336025821426,0.10876435028219707,0.049521021534602354,0.06088671236085097,0.01080422040596226,0.0852392446652778,0.09629279954284596
2022-07-07,0.11315106494097336,0.07799691086710282,0.03202760578509721,0.08240320778632883,0.07369107940689244,0.06285288274771081,0.153908076459157,0.08089372233557494,0.11076599722778467,0.05083165942491634,0.10858992281117573,0.04981809831614536,0.061020722808263435,0.01055976922440879,0.08516528789902952,0.09640638061053537
2022-07-08,0.11371195408698705,0.07785558375118044,0.03287158299287789,0.07967891291123529,0.07355551284116016,0.06274532813151672,0.15077162339009334,0.08130066552539941,0.11213176887949572,0.05080910889437968,0.1099429445342397,0.049743298402466496,0.06131373968827947,0.011193937556060008,0.08513172778884258,0.09609656837812668
2022-07-11,0.08373869373070389,0.05328153775396833,0.057135645349808944,0.03438276290178917,0.1077886103341475,0.046303238230460564,0.10012897969598951,0.09539864837557521,0.06334189991171119,0.06698643018986392,0.07715796763465455,0.07830665145450952,0.09441779884644855,0.03575715618542673,0.09046704936166311,0.16540693004327925
2022-07-12,0.08353417242006453,0.05388693879341629,0.05802688114454193,0.03525399463523802,0.10799704274844502,0.04613983316025438,0.10111589542429208,0.09542650624408962,0.06289036534933592,0.06702579209987947,0.07671517548819348,0.07878829262508415,0.09426348994373415,0.033435364259012265,0.09043398006202122,0.1661969306509786
2022-07-13,0.08358191805514924,0.05355169668697,0.056448559841130265,0.03524331781924429,0.10870522310864342,0.04626281019906211,0.10326817377892172,0.0948545656617629,0.06252585818341092,0.06667714405487943,0.07705305019585927,0.078545912563618,0.09383104487290903,0.034106563597029294,0.09069725230617971,0.16677285905188938
2022-07-14,0.08372925938698111,0.053926079091812754,0.05693378073864712,0.03528152828015576,0.10955230889581143,0.046357933207693706,0.1031833360489071,0.09465664294486241,0.06232240868010061,0.06656019901074524,0.07669639374374583,0.07814702242506102,0.09359888277125782,0.03390472024616621,0.09047811916228585,0.16707068783454168
2022-07-15,0.08301531816037497,0.05441543670833895,0.0578119869379622,0.035624694396560526,0.10880627748761164,0.046344465751578856,0.10484133780336063,0.09441377217425712,0.06240322709936213,0.0664995903000605,0.07605998664144309,0.078276164458852,0.093028979284346,0.03325853911027182,0.09062763897711186,0.16738899019972414
2022-07-18,0.0627131873538665,0.06770364923870198,0.11585680306746737,0.05581630734655682,0.02075449792198902,0.06886138951197442,0.11193145486775503,0.039588975109856726,0.06817935511516036,0.0904054726168012,0.02945668767954929,0.09586092068870858,0.04166270161668945,0.10658856860352993,0.05818414668649682,0.21643588257489643
2022-07-19,0.06331478625588617,0.06847131370090569,0.1170750429293224,0.055420622044797835,0.020769060271901323,0.06926003497270602,0.11096380466366959,0.03940214148096261,0.06800543042892516,0.08969118207413738,0.029453724190842367,0.09573340192445903,0.04155604877960671,0.10676260070606697,0.05858753429661513,0.21673876316857604
2022-07-20,0.06303571026600875,0.06684677646414935,0.11509297863610381,0.05405084272404422,0.020609901352514146,0.0686617948638388,0.1104116830130449,0.03949592115851509,0.06891195049958874,0.08999583806250817,0.02982273066826571,0.09545058911218879,0.04164853553074011,0.10950835503026965,0.05805601445731404,0.21577107777807097
2022-07-21,0.06293102517136641,0.06673366688010987,0.11381871193232036,0.052356889753150816,0.02053224611681751,0.06827232350279551,0.11081228539811606,0.039124635616034555,0.06918015099249912,0.08921579907758022,0.029666216445761933,0.09466204625849202,0.04136184838239761,0.11433006745626093,0.0577700894079203,0.21504300039374255
2022-07-22,0.06295921332892358,0.06559343890984784,0.11306701347768992,0.05138786986793398,0.020717867216299396,0.06809171625156142,0.11010425054234889,0.03904949006834323,0.0695636512108005,0.0896907328879801,0.029590886952728736,0.09488562950944937,0.041264439760618526,0.11601812910779158,0.057817046633539086,0.21535935990499644
2022-07-25,0.019044296118971835,0.060631664430334534,0.05444883441342843,0.032780277298715695,0.06418109821129288,0.15814311817115806,0.12272164477862346,0.10465020106060278,0.05298726295952162,0.061286402297802814,0.059160820565891746,0.1270770305809506,0.1533537323081832,0.04093189417950209,0.06871461265914493,0.06988710996587529
2022-07-26,0.019003843123551658,0.06064170623406253,0.055073533889410005,0.032904413207797495,0.06376160217019142,0.15722320890916616,0.12320709229390386,0.10548451359983858,0.05266552929754839,0.060965058789049224,0.05915698918321893,0.12719674319176194,0.15345554998270364,0.0402170909449451,0.06823666993693943,0.06966912496592051
2022-07-27,0.019012289954488157,0.06147966682389599,0.055583889280315005,0.03354230478394607,0.06403003511556052,0.15765407674985304,0.12325717515023597,0.10577084540443982,0.05218606062835895,0.06113815528332797,0.058994878435016176,0.12776706964585893,0.15305539226452597,0.03847507825308027,0.0683886932002085,0.0696872843397864
2022-07-28,0.019057934517195337,0.06026602302733609,0.05436310768457103,0.03254403751281798,0.06425963305180775,0.15724341231037853,0.12084954679510651,0.10597615165327207,0.05301946295921542,0.06130099304198823,0.059511787068664036,0.1271229676407649,0.15358380356625573,0.040670989349543205,0.06832034224499778,0.06962000803870477
2022-07-29,0.019243083644023024,0.05943815492277452,0.05344626367946206,0.0322311419786249,0.0649057052083079,0.15696014928723825,0.11811344039811054,0.10657941322974071,0.053714527405822596,0.06199388580758124,0.05986225286968671,0.12809152864656864,0.15391395766465424,0.04038422295246054,0.0685310015601186,0.06962013074102445
2022-08-01,0.06750894253313515,0.07114431537603472,0.06724824255414685,0.08715544143760698,0.20267344273240395,0.07212352372302487,0.04279447252762539,0.09473526189712851,0.09006423105696942,0.0594454947970601,0.07149877969185443,0.05760714870932633,0.06656470069216763,0.04721402675295573,0.04006293252964767,0.11215904298891222
2022-08-02,0.0675905372686311,0.0705229602555844,0.06598906306653281,0.08725444754203346,0.20380074507186685,0.07228170057736995,0.04288389675124652,0.09434428900704409,0.09011816958518654,0.05943870092956007,0.07182861592089436,0.05758038241263395,0.06652723995686917,0.047950326797648164,0.0401890238784233,0.11248673397355315
2022-08-03,0.06762670374762594,0.071684021028833,0.06771846198620039,0.08623193760791749,0.2010646900533442,0.07264761479058693,0.04351317338820953,0.09424263740579229,0.08975089554267157,0.05932031768452819,0.07131941042724475,0.05759048745387839,0.06659263782913104,0.049448519694852845,0.040242560019876784,0.11290244847474341
2022-08-04,0.06694285168243991,0.07153795328048376,0.0672527529697372,0.08412189075676994,0.201456646122511,0.07224428235055777,0.04314567221139129,0.09371652039510989,0.09020608971299425,0.0595125076857049,0.07160932304328359,0.057325947812395396,0.06645489869357118,0.05204598769128747,0.04009492244524666,0.1122748745893595
2022-08-05,0.06737044802686225,0.07074188928917963,0.06572586438056649,0.08394999095585623,0.20259934220468226,0.07215838111158847,0.043387865257102066,0.0930237751322992,0.09080106669045328,0.05974706851932933,0.0714840299792583,0.05758783287304815,0.06646870364695119,0.05269591623090307,0.04047026841505214,0.11278377001627206
2022-08-08,0.0820109477686656,0.031225605697636535,0.02527218278105587,0.1572677767231319,0.05431383543840303,0.03410723433482343,0.022743028403542847,0.03906313637064275,0.09963191070162031,0.10076054713793096,0.07712326764596945,0.12411903451779761,0.0655091100560676,0.06341274802681236,0.04033806452749693,0.23310156986840289
2022-08-09,0.08231392660578521,0.0313280576777441,0.025143216081922253,0.15560853117411128,0.054781599042833445,0.03393720445128626,0.022813495250966504,0.039126366363108324,0.0993619453041858,0.10083033122573468,0.07715220498523438,0.12424602415912595,0.06551815290857423,0.06419968980266266,0.04041681719736675,0.23268778228376769
2022-08-10,0.08220369025442026,0.03131980980259633,0.025473645949472972,0.15970058881312396,0.05466103912856518,0.03439200772153677,0.02283924060462098,0.039343082932726335,0.0983769590093172,0.10074945600183428,0.07655042820014421,0.12449666152022597,0.06570595182436549,0.060683052524137616,0.04028243716514906,0.2326216152267827
2022-08-11,0.0826577934827992,0.030635998550350797,0.024724173382755156,0.15339532552750695,0.05446270118817344,0.03433431470651225,0.0225671266443634,0.03943287463053004,0.10023793429253974,0.10123414597337102,0.07756496043625817,0.12424279434344138,0.06597600563723208,0.06476202557345094,0.04029872905582668,0.23136612343868576
2022-08-12,0.08292984388500058,0.03089918512866713,0.025506985070709056,0.15342415505526216,0.054111430977833795,0.034277913944829916,0.022520740886065125,0.039583702742706124,0.10008641236211172,0.10099694546783555,0.07838791034216905,0.12435766444829752,0.06618738609275107,0.06280264159662449,0.04046700416701493,0.2317987463048014
2022-08-15,0.0926819630540174,0.047155037320059434,0.023944138264957865,0.08061480202467268,0.046419681497863956,0.05528488845526908,0.06176742364995282,0.05924004217269188,0.05520301056550388,0.0482432972221564,0.08285803161458735,0.0698916835688832,0.07860294614056935,0.03870027971512127,0.09623712650293997,0.31315564823075354
2022-08-16,0.09219054291286459,0.047311587519113275,0.023914213077983897,0.08080724424894722,0.0463120468414292,0.05525419085959877,0.061585997761725436,0.0592049203358861,0.05536121348733156,0.04854513310552575,0.08277779914685889,0.07001287679615867,0.07862213479946958,0.03880053792456644,0.0961536634479842,0.3129290815795323
2022-08-17,0.09197533236458878,0.047276723667256375,0.024077523157947294,0.0812374769841014,0.04625579475039563,0.055332558226140596,0.06206332291181034,0.05925447112311357,0.05536347912074471,0.04868502316259289,0.08286236125944438,0.0699665612605492,0.07914264479993707,0.037658469251249146,0.09579641776441457,0.3124107642283772
2022-08-18,0.09166073755488291,0.04754393029294387,0.02467982437237145,0.08329996630748522,0.04609107286187797,0.055433330501179004,0.06253814638854686,0.05943413562641439,0.05504210341436127,0.048500746413549456,0.08211252593185574,0.07001390781913427,0.07912046158979931,0.03574544353849512,0.0955420383753041,0.3132881801228532
2022-08-19,0.09157803470159437,0.047778399037387696,0.0250318287769861,0.08329945014287589,0.04619068440616216,0.05521263147161965,0.06239501870933083,0.059617282068452584,0.05510243686125068,0.0484496574003984,0.08246091566624364,0.06990194060003511,0.07935276164915679,0.03522122889636734,0.09538504718083511,0.3121513001849992
2022-08-22,0.05033379321599596,0.05480632634579923,0.0541721517736273,0.015486631467638227,0.04188727520821238,0.07467203809744821,0.08318084340069136,0.103398398633021,0.05103225369000253,0.08804718326425973,0.056057897977659636,0.13337426256217524,0.0913121891293171,0.04419545171257457,0.03832766356791694,0.26971563995366055
2022-08-23,0.05039668677091705,0.0555094671815482,0.05526510928435098,0.015873918306464146,0.041978123283987166,0.07546408729144717,0.08502403160590198,0.10344256736059199,0.05053409860953595,0.08770258509205901,0.05534709507764717,0.1338559425479696,0.09083326964755738,0.04358486069716519,0.03853583866289261,0.26930407824187863
2022-08-24,0.0507998082693399,0.05567936056405455,0.05559606431651792,0.01573194124042163,0.04217120197919259,0.07538731833440004,0.08451840605805536,0.10385412025267882,0.050482801856204434,0.08727711961661583,0.05544117579433619,0.13362527487017814,0.09102567042537098,0.043436808285635786,0.038630717230793206,0.26952913125608635
2022-08-25,0.050764769581709196,0.05543296631408301,0.05553910721648878,0.015517976702141986,0.04198255238270398,0.07538366747491064,0.08426712817951934,0.10396759454394411,0.050460295206421445,0.08708976516095385,0.05543233138757803,0.1333221292240787,0.09070808696655612,0.044413052972472306,0.03853555406657572,0.2694865880049787
2022-08-26,0.05072535999625654,0.05445179672024943,0.054629618931220834,0.015050357804391058,0.04216743338317603,0.07486835039412425,0.08356861840945251,0.10389977150796172,0.05086641716926426,0.08698638830273546,0.05590459263686008,0.13325703607323605,0.09051630586711176,0.04526494641953546,0.03839901381972841,0.26939736231216077
2022-08-29,0.0018735531642830136,0.08237412769076319,0.19916344786345247,0.06704808086820499,0.01890002491466889,0.0862266747178661,0.3419732023237377,0.06918593048107304,0.04000333128662246,0.03170812835735767,0.029895558765047885,0.029943771226005556,0.07320020249799207,0.06844640336838353,0.04535099650362869,0.06470656597091277
2022-08-30,0.0018651842038845342,0.0825821648292238,0.20097406407010604,0.06743529582362798,0.018615955994590087,0.0861193718613927,0.34310365309819546,0.06890351702328296,0.03954282795652517,0.03146666741817055,0.029694735141082534,0.02972937823811818,0.07286420588597162,0.06718605898714293,0.04520392780116632,0.06424514405689032
2022-08-31,0.0018452211217010871,0.08310375644395465,0.20119621002688576,0.06777034838244525,0.018540976666684736,0.08631193954442443,0.3457732440030692,0.06795372026234356,0.03921564070424237,0.03125344633713081,0.029452010250186757,0.029453311675592245,0.07227727834131144,0.06696364324417349,0.04515056801198743,0.0637503258532362
2022-09-01,0.0018396239934450938,0.08316709668902655,0.20170808214431074,0.0677243566034515,0.0182332593463427,0.08605326988934216,0.3487873050354615,0.06729559389413503,0.0388829975694911,0.031048208055543113,0.029153476457196997,0.029220824306042018,0.07166256131408316,0.06690410691623329,0.045002541188417094,0.06328498190569555
2022-09-02,0.0018142748910821396,0.0840104935320874,0.20143596889196516,0.06832822217907769,0.017900652704021705,0.08572760938028706,0.3483408890368377,0.06717642511956194,0.03874301569835093,0.031174763598776155,0.02903233215156499,0.02925138798898889,0.07144262560277122,0.0662711615394141,0.044747750773459785,0.06315546940349975
2022-09-06,0.05943074919273217,0.07547206898956436,0.22119652153132224,0.06508148176708567,0.07086378232593875,0.06352788999452356,0.03701151930222504,0.015950050585128425,0.09782820601828356,0.053711237042459975,0.08890210510361722,0.05512312122988905,0.050380638670072385,0.12331127809422662,0.08994915937817383,0.08226019077475709
2022-09-07,0.05929583019933402,0.07656004099225411,0.22350165266165886,0.06534235090899543,0.0697764648794698,0.06346292191922273,0.0373092596491607,0.01593415349217448,0.0978811618818742,0.053678640944614504,0.0882896342549149,0.05527684994266929,0.05036826485027655,0.12197507558724464,0.08961398733931512,0.082108907205377
2022-09-08,0.05944078051698568,0.0756904702029098,0.21554967974803582,0.06420887430148166,0.07036857060281682,0.06342201557420826,0.03648456336048098,0.01601447238028863,0.09918184959014956,0.05451622105863903,0.08908591456467806,0.05586037945116634,0.050510737575065155,0.1256164684234147,0.09012314527414154,0.08319515791975035
2022-09-09,0.05918055145189403,0.07535863369050529,0.21617677447965333,0.06251463361639202,0.06946171743499184,0.06309222580723234,0.036294311465495534,0.01597676025939905,0.09910650695428255,0.05429371614515844,0.08899516349086789,0.05571598219646199,0.050423496779529675,0.12826620818355092,0.08931149249822766,0.08302737324892541
2022-09-12,0.07741756797770859,0.12114420734455933,0.10072829306407852,0.10208088841420111,0.08431417600193061,0.03718707552711126,0.07833065031966487,0.03978103498346455,0.08148626668914599,0.07154417195686041,0.06560645547937059,0.07540590924603516,0.06740896098271593,0.1288347962720602,0.05979388768610289,0.05893565805498991
2022-09-13,0.07767756791256188,0.11946562519996529,0.1003222080171142,0.10061868022919081,0.0837685911364489,0.037033479532916816,0.07757812735807784,0.039931578729935496,0.0816191461719991,0.07164253969458606,0.06599206210371245,0.07545871405704847,0.06733852983264438,0.13136851142080153,0.05981511063433503,0.05925917714132716
2022-09-14,0.0776857306858776,0.12380423380420179,0.10491703969436862,0.10583457577806449,0.08422804019794371,0.037631143425437906,0.08102082874845458,0.039485708829605434,0.0795167095894558,0.07072824181203237,0.06448207467838134,0.07459803751620388,0.06691463442519346,0.1249760448208346,0.0602738041223146,0.05792014176726641
2022-09-15,0.07743808157113968,0.12309711073702449,0.10381532367599013,0.10498025742431209,0.08419641014264559,0.03753216195725754,0.0813136712974797,0.03961518622355815,0.07924808018063938,0.07040968594853199,0.06408636884249613,0.07453371857608729,0.06676834172155997,0.12783173768950856,0.060127205379895514,0.05787957086508223
2022-09-16,0.07682173687413901,0.12383107756755739,0.1041110932113465,0.10513376137384489,0.08379522936558,0.03758191009396372,0.08157277054727011,0.03942679326234218,0.07840789049279462,0.0698389040809903,0.06411504791402223,0.07419666081170581,0.06640057382111518,0.13109719860447652,0.060004971540723276,0.057428612962055446
2022-09-19,0.06653657979054418,0.08316390232335091,0.059241261276487094,0.038969988455675966,0.11010503202801561,0.0818809114417187,0.06938837801600371,0.08394305806997349,0.10376424430729297,0.07846737642533796,0.10581092755093963,0.0911911935833052,0.09988552776499693,0.03355838423662045,0.06825968177172166,0.07583355295801548
2022-09-20,0.06641468940782254,0.08297222135586202,0.05973253963395193,0.03866798855921476,0.10958484632809629,0.08151969862626439,0.06952797900667637,0.08384526917245651,0.10397107714245953,0.07848395594747694,0.10601063263407173,0.09127944877548633,0.09976501792483644,0.03332924262777343,0.06788983097811845,0.07582444942176794
2022-09-21,0.06653314096310547,0.08426319595745234,0.060452571624380204,0.03921572635682691,0.10976318059469108,0.08203397312251363,0.07005020717236535,0.08398775028861259,0.10337774228641224,0.07819353264559124,0.10475094852884832,0.09123038026043787,0.10008424981332083,0.03278282558790426,0.06815833274449917,0.07606304365089189
2022-09-22,0.06678292848619034,0.08555624301036571,0.06093491452272475,0.039883085052526364,0.11072945360446065,0.08266123153354422,0.07076564091144555,0.08364847516730224,0.10273567032509923,0.0779400458263095,0.10409894492399895,0.090954331797844,0.09993910643831906,0.032227715085277685,0.06844540796513414,0.07611526592813428
2022-09-23,0.06682881732684548,0.08618365194188815,0.06169747697629651,0.04103698490356856,0.10935951670047446,0.08332938702995726,0.07123121104995056,0.08425081358886805,0.102239693072855,0.07808686704786541,0.10367609736096853,0.09101821852868835,0.10004171486480955,0.031006822766987036,0.06848796667372091,0.07626768175997466
2022-09-26,0.06024033928063176,0.0714636370255398,0.05734821307635294,0.04542850751251576,0.12292954231201005,0.033658519419438704,0.06740823825172682,0.050808639706320664,0.142740293205833,0.10022756476168182,0.08760662391731498,0.09732157896533253,0.07829238983649324,0.07177666844758615,0.07740022681927644,0.0853490174619452
2022-09-27,0.06012536943380231,0.07318502462072526,0.059289506062013546,0.04602881592200359,0.12073280943099059,0.03381510322757201,0.06836133342654997,0.05068935262856972,0.14254103245576122,0.10012160151071665,0.08694355018315639,0.09731782224446475,0.07826392599162546,0.0717112015477672,0.07776482505325238,0.08554993726840583
2022-09-28,0.06041309410932369,0.07385944820122751,0.05961809776145558,0.04565921781647463,0.11936124682917379,0.03387894528533863,0.06830658461685485,0.05076271504086097,0.14265261197741394,0.09973034236815391,0.08703018061735032,0.09685756796104555,0.07800315122098128,0.07336712640661071,0.07788042427379632,0.08561752124550483
2022-09-29,0.060709614637605595,0.07113889829943759,0.05680694634714043,0.04425507661425235,0.12135762185385952,0.03346173535383308,0.06549876726836787,0.05103889797212154,0.14374715948359626,0.09992224788550838,0.08750252331893833,0.09699199672799128,0.07801137608277078,0.07557482301016728,0.0774248481774247,0.0855686344569453
2022-09-30,0.061357298632179216,0.0724131382026787,0.05847164275024811,0.045443592044311545,0.12131058817508034,0.03389141928163901,0.06675323616320085,0.051152017620128984,0.14314323206702226,0.09991834739040911,0.08722685332913821,0.09729930909027287,0.07849224392037622,0.07262971895024037,0.07796192243089142,0.08570742644797745
2022-10-03,0.07783655961418667,0.09813501909884312,0.05184367110544286,0.0630981856982777,0.0975219753045094,0.09009408473664443,0.006520886866399641,0.08366596122282874,0.09685991928104794,0.09065400944779396,0.09857279912933242,0.09353086082653156,0.09557698827372658,0.04188414030593209,0.0742059987849438,0.08999894030355898
2022-10-04,0.07796140843124215,0.09509714819468339,0.04977772061437455,0.06156977558949323,0.09827886705747614,0.08851573181158424,0.006335522321901514,0.08430069049721926,0.09762181570319624,0.09108752394349477,0.09962436827079309,0.09388692694589355,0.09603593915132663,0.041256681650537225,0.07352717908680176,0.09027289583529041
2022-10-05,0.07809182573539915,0.09149425497155576,0.04784546815755805,0.058980448266705954,0.0981212796346792,0.0874026716693615,0.006152592575458228,0.08466362613820361,0.09846003613110323,0.09118536778433209,0.101208573113943,0.09380268159945516,0.09606058360541157,0.04352496614181109,0.0729223575071788,0.09038776787180897
2022-10-06,0.07785963363329071,0.09249673309404903,0.04913447455665957,0.05908251840808058,0.09707699514538438,0.08714943186817906,0.006172961689772464,0.08487772530746014,0.09859848641491914,0.09091424421774359,0.10105435578583002,0.0936868774581385,0.09609195971504209,0.04277697882539281,0.07314034651878965,0.09048494231108696
2022-10-07,0.07812100005322178,0.09407666242411115,0.05060435608267012,0.0589619388878071,0.09666617159868349,0.08763617519032789,0.006289200138630773,0.08478391775407246,0.09830145887259252,0.09002837798641566,0.1005000100210195,0.09315781754363217,0.09593514718097437,0.04315555344017589,0.07336762665295754,0.09035703261337273
2022-10-10,0.045419195335300346,0.12667259572311987,0.06803249094805597,0.03464488683020064,0.1873923506252256,0.06761852203641086,0.06979268029270108,0.061854121666384876,0.06793770440537054,0.10141190286717748,0.07850946566077846,0.0961532228293533,0.08440154120051084,0.040359200090015965,0.05788899835792094,0.06191112113147308
2022-10-11,0.04521800772263668,0.12826654959392716,0.06886998461319761,0.03543004415666323,0.1861087466785111,0.06786441155031588,0.06989943299252563,0.06180288657971206,0.06785067764509484,0.10175540669737834,0.07817724386402725,0.09646363529184332,0.08460832492004058,0.03921598304350228,0.05784420573688803,0.061774059327761796
2022-10-12,0.04535319643728527,0.12883376563572654,0.06935503657277992,0.03585219111170033,0.18617358299243425,0.0679621882347367,0.06975869869563553,0.06202365955886636,0.06759806319088008,0.10190559331886222,0.07824605684208708,0.09643800124753957,0.08431712778982478,0.038593917178979954,0.05771526894052574,0.061545897087714296
2022-10-13,0.04525671142661935,0.12872654274173698,0.06920472512961866,0.035818811350978336,0.18720678707227256,0.0680860355383002,0.07012621655614475,0.06193222676048292,0.06743453141146444,0.10133429188562432,0.07801572680467317,0.09611064501157084,0.08431378309500377,0.03916146226669633,0.057864381915584934,0.06145740128647471
2022-10-14,0.044925685960876025,0.12669377198508236,0.0678604115733,0.03566220771432792,0.1850484229672528,0.06713393928416768,0.07011460833518707,0.06267596867352823,0.06782265075937455,0.10193185556796484,0.07911088802189868,0.09648080978470046,0.08515518795045503,0.03849141696905837,0.0571440458430156,0.06203576473938167
2022-10-17,0.04309995243099908,0.08138233268415439,0.07391070498343075,0.18890609333400757,0.10491092330684253,0.20735801503247203,0.06954836283162813,0.032004518457666574,0.05331878896892925,0.05158222980698918,0.04888765213979199,0.05041736422983899,0.0378067052650302,0.08607064864986282,0.08138773394035438,0.03940797393800203
2022-10-18,0.043359329564337655,0.07969707058578716,0.07165887930997873,0.18491532185749265,0.10487520931354388,0.20581933762542123,0.06832384759935936,0.03217808145035422,0.05426281914548477,0.05213578606138063,0.04923494746594795,0.05084608263790663,0.0381191078190072,0.09135162392008012,0.08108514334816896,0.04004492446884027
2022-10-19,0.04328410637822442,0.07902255454007928,0.07052041562967924,0.18440667986872636,0.1045648517257318,0.20485768843254118,0.0677305844516012,0.032364281800912414,0.05462769746677492,0.05248679891300046,0.04959691426504759,0.051095128006932326,0.038350678768435974,0.09239939574925612,0.08111214991956851,0.040329288587659676
2022-10-20,0.04318374342463062,0.08068718053041964,0.07156364246458317,0.1868085948463483,0.10383448705876396,0.20528362266033542,0.06850798620218614,0.03250816383502791,0.05436362270878883,0.052198215901513405,0.049377128391878855,0.05089569291059635,0.03844524474335454,0.0887225204595212,0.0809773787091558,0.04022081064931326
2022-10-21,0.043256937941812894,0.08128628799448288,0.07179306540575255,0.18707856321430008,0.10361270408442572,0.20620373646830895,0.06868564594738573,0.03242970790729704,0.05404012992647033,0.05187163711009698,0.04942585184919722,0.050504367140871864,0.03832469024589275,0.08856649271182983,0.08101652744905898,0.039957777313764035
2022-10-24,0.06344164137305294,0.09249158454112767,0.11116931817058161,0.168157136676869,0.17867843002847295,0.13664143509502769,0.03636949186363375,0.07894038387230787,0.03215569980610624,0.033799914766332116,0.06474017613256096,0.01573663841100072,0.07533959184154104,0.10591026203984209,0.03221190639799906,0.024216388983544286
2022-10-25,0.06339992506051112,0.09279540193819674,0.1105781510917271,0.1679442733891947,0.17797172659628482,0.13633788615452297,0.03646114658500557,0.0797891026620777,0.03247669265893707,0.03417601547545469,0.06543202994143715,0.015866391762559457,0.07569822732953545,0.10434961751169133,0.031877746119055306,0.024290290737638606
2022-10-26,0.06336649770335784,0.09094389499261338,0.1079984038070985,0.16267627085790082,0.1790731029818758,0.1359879559627024,0.03636032143501721,0.0796831904855063,0.03292295951256071,0.034318833713940546,0.06581322915052265,0.015879122080285923,0.0759255816058813,0.11050998088769674,0.031838574899939145,0.024244279360149543
2022-10-27,0.06378811783650097,0.08969322051101244,0.1058629055420041,0.16323353926854112,0.18060877340535358,0.1357284955910936,0.03600997267890183,0.08019086302671402,0.03278222701939354,0.03435307739529988,0.0662784383200195,0.015932526734144747,0.07612091000770288,0.11074318427616948,0.03198568869414449,0.024228878752513887
2022-10-28,0.06368602784969295,0.08990764242976797,0.1049513013200543,0.16406513786283727,0.18148029065471266,0.13543216928472462,0.03599996935822562,0.08019621014202837,0.03248917343175618,0.034328783994077426,0.06607820802574092,0.015990497131539615,0.07609759153601804,0.11065397629911157,0.031908844305151084,0.02420623031126561
2022-10-31,0.150476804807327,0.03932019017417288,0.044264027339955284,0.12842453243268154,0.07515704973783337,0.03597865733771363,0.06329294611767058,0.09746657505948486,0.061848655335602326,0.06562595583879166,0.0859771671192895,0.09595007409008226,0.09316928539531034,0.0501352624656205,0.07263856070650648,0.09027425604195788
2022-11-01,0.15034264224744417,0.039713899446115114,0.04495161766810842,0.12876422128526188,0.07476147326658525,0.03606242016545206,0.0639990604962148,0.09741423140963229,0.06143371494405476,0.06537710723060727,0.0857691298724778,0.09609824303466023,0.09338940912862931,0.04947940887606981,0.07257288060302176,0.0905318019361725
2022-11-02,0.15122640790693892,0.03944945681107934,0.04473753896643899,0.1285712448388545,0.07561260409107179,0.03608874091229703,0.0630172515561477,0.09719734737990349,0.061379081339692595,0.06526876713532415,0.08615853569606284,0.09595076344277662,0.0931554068651386,0.04946590006404506,0.07279179153296444,0.09045653571320277
2022-11-03,0.15109356420566444,0.04022174984191575,0.04569533906306077,0.13333352607336305,0.07539052282660567,0.03602481707442678,0.06484357230945431,0.0965686644842239,0.06030314424622569,0.06463893828079578,0.08528145718841611,0.095967665003495,0.09242151710731453,0.04757844584121421,0.07291776206445338,0.09092097652490594
2022-11-04,0.15138914394065878,0.04063710660162169,0.04663427269580703,0.13288349951670086,0.07493118953683363,0.03586347942713044,0.06529010145612676,0.09704014895993099,0.06000214419457432,0.06448122518052077,0.08471780504562582,0.09624328320841793,0.09259514806366892,0.04746310259504559,0.07301403423102254,0.09107673007535134
2022-11-07,0.05067099105609398,0.056722957966351815,0.03875474300501311,0.14095357040298803,0.030999600544797973,0.04052275522085435,0.06324864605012014,0.169223150116502,0.04101547867961841,0.0803168029401166,0.08547748104087531,0.10937111849420453,0.12371624554266084,0.1389076775459142,0.028571429136196286,0.051527352257692505
2022-11-08,0.05070180563588847,0.05646643739331336,0.03852425875294249,0.13995352767818478,0.030874048760427666,0.0401890450255393,0.06327194301342452,0.17002672775971783,0.04125249380881011,0.08046664217105645,0.08580579347948492,0.10947690564719924,0.12441897281163329,0.13721581799604887,0.02848946986649091,0.051444501347434606
2022-11-09,0.05101914763076907,0.055539090241979824,0.03797017471765201,0.13993647660232067,0.031090296132624172,0.04011434308916647,0.06211250400193346,0.17085989752531852,0.041433052920514205,0.08095993822914521,0.08602495058052846,0.10999466861961803,0.12475411015246994,0.13645658242204683,0.028515983641824578,0.05141483166993986
2022-11-10,0.05141895813305803,0.05684658959738431,0.03856138186154504,0.14467681768973847,0.03144211233891906,0.04076841668286602,0.06269922771468438,0.17028928150595132,0.04138320271731959,0.08160455913422959,0.08596602502967259,0.1109908058168171,0.12530473831444558,0.13006829640210177,0.02890953249729861,0.052207767804080596
2022-11-11,0.05136347565782156,0.05295410936207092,0.0354430107010255,0.13403857217881437,0.03182568879298786,0.039876143672512965,0.05974910205426515,0.16943522771158556,0.04270310186223202,0.08189471562853747,0.08705015383856428,0.11012428079573175,0.12490126789564264,0.14439363064563585,0.028570138077673873,0.051059182659316575
2022-11-14,0.08277586013232721,0.07281724917001715,0.07260490287836432,0.07625580414415616,0.05827723280750461,0.009647772628522462,0.08127191880917813,0.06874946065834424,0.06617421580593738,0.05999476796956915,0.0828880138922777,0.06949314683361746,0.075219793891209,0.061713018991131234,0.0784008154775301,0.08120605142231263
2022-11-15,0.08280622400671626,0.07327053202669181,0.07323993623482333,0.07713919862770238,0.05813769794744581,0.009668482041290796,0.08191792129113454,0.06889110836512133,0.06579443905047692,0.05998425991588312,0.08253983756174996,0.06974067619791072,0.07517462015876272,0.05958358460052624,0.0784043065633212,0.08143768264563764
2022-11-16,0.08302961612965727,0.07238701303713406,0.07217474195770396,0.07593493031744994,0.05867408718314057,0.009663402858461411,0.08114195890771853,0.06900515214115255,0.06639234426264393,0.06018176933393081,0.08285599801957004,0.0697194709422906,0.07520362445718437,0.06107703521529634,0.07880661178630836,0.08127557527291933
2022-11-17,0.08298353458060825,0.07238320162114999,0.07182171178946864,0.07799810900671215,0.059319761478213724,0.00974569249194093,0.08086190978508168,0.06917663244479497,0.06592709091702512,0.060600119996521706,0.08199701815506776,0.07040211004435373,0.07568414397075311,0.05834803725801353,0.07910370992976068,0.08187565283472292
2022-11-18,0.08248548114495716,0.07291001022056023,0.07275663831280584,0.07886585802006789,0.058699879297307814,0.009714637787064734,0.08086496808686947,0.0694304128047827,0.06578790986218866,0.06053885905516093,0.08213568534470014,0.07032860093936943,0.07595499392703323,0.057113880766744986,0.07875133002276612,0.08185791103775045
2022-11-21,0.08047710052200885,0.09879802878567973,0.06900929368973434,0.04485470718584781,0.08351798936731415,0.007816361381399429,0.09881730432826458,0.10248412137835544,0.08537291344830554,0.06405546058372616,0.08132789576968531,0.07003224119574974,0.14124488858207118,0.051033675332295074,0.07286152216010972,0.09829649628945308
2022-11-22,0.07988586161440757,0.09941479532944465,0.06928968712000565,0.04557564316917468,0.0836855931236811,0.007831037871983708,0.09903193741198545,0.10258546323451469,0.0849857745814584,0.06436949664364595,0.08112976636627849,0.07048768523588496,0.14153123668387485,0.04918056833676121,0.0728276485778636,0.09841829207461412
2022-11-23,0.08010400157657997,0.09796796688447275,0.06804605572485768,0.0452076522355082,0.08413348178081025,0.0077752172124852265,0.09819731356929946,0.10322775499960685,0.08567856426894332,0.064425393149614,0.0817953514615146,0.07030628855619107,0.14166575032353243,0.04893591670581114,0.07246513455167675,0.09827821099671179
2022-11-25,0.08004811579240663,0.09666340820280475,0.06605351161564785,0.04486795027856605,0.08510767019972743,0.007788714348049421,0.09844461213199225,0.1029925149276082,0.08607619678747518,0.06454755516848068,0.08184640640413128,0.07033294108287225,0.14184254942412705,0.05024747062428208,0.07248823140483024,0.09842727729149704
2022-11-28,0.1021064044470118,0.060130579446397166,0.04073992332061463,0.03189317876406501,0.053203344285209196,0.005499852052986136,0.06142324964468003,0.08393837760811096,0.06478002706621676,0.14743822938622653,0.10481745980040534,0.1673217309930541,0.14580715591415083,0.021756541695901358,0.08449852585472457,0.07464541972024567
2022-11-29,0.10181086815313614,0.06094289950762096,0.04161569281614699,0.0326052002186454,0.05346244200721011,0.005553023588046025,0.06221669893103339,0.0837501011197806,0.06451746170585713,0.1472418389921571,0.10393396149358422,0.1678931964958753,0.14564044155931957,0.021350588219087325,0.08496217333091072,0.07492036483357956
2022-11-30,0.10210404831259887,0.060993032474472214,0.041751508910362674,0.032560034226944284,0.05310515661721903,0.005554145105852235,0.06237416712436752,0.08371774274551783,0.06438974097659883,0.14689787574305485,0.10433431923795125,0.1676009122641574,0.14555887964032826,0.021205235456132888,0.085138459848037,0.07478203650599549
2022-12-01,0.10177278774276907,0.05910230011310587,0.04048489451851051,0.03152673568187403,0.053408951915433704,0.005464651695319872,0.059971630233436615,0.08385511743306197,0.06537834910703776,0.14809926391690098,0.10488220606326905,0.16680344242513456,0.14570305739671555,0.02247742711474939,0.08469019584776406,0.07446348697706728
2022-12-02,0.10274711569656347,0.058546152556830384,0.03955512941963125,0.03153293079850636,0.05458751871574612,0.005472758856613592,0.058644722824095115,0.08354069302419831,0.06543836478852812,0.1484688973862043,0.10466123407522214,0.1668492263911494,0.1458334690916326,0.022755804614412505,0.08516549213757267,0.07457418096902609
2022-12-05,0.073642202063107,0.08963755700488837,0.060152562881001924,0.06283297003464709,0.1114328808911805,0.06295845924224391,0.060723876861705675,0.056626173572581914,0.08818490109195151,0.09192823631912787,0.08030397672117336,0.10913044731973241,0.09625478396865073,0.047391009467803384,0.07507038439297233,0.08372957816723196
2022-12-06,0.07324483252794248,0.0915352659982246,0.061768668313928535,0.06450939202760535,0.11027599320256268,0.06363074011033137,0.06155282571998119,0.05637522446020876,0.08769058754545185,0.09162217668149993,0.07975160555927116,0.10985923674769597,0.09607732428423665,0.04528811935495116,0.075328118569659,0.08423952321479014
2022-12-07,0.07335591768634805,0.0922389355595357,0.06206142607000013,0.06526444728317085,0.1117099849439884,0.06407979181078372,0.06178748221735819,0.05617960317792724,0.08698221458681964,0.09165353409437985,0.07944849713737283,0.1100816373946821,0.09613560105172997,0.04382987255773767,0.07569571919216023,0.08435175924372981
2022-12-08,0.07360520221159277,0.09145642600417546,0.06146333552762384,0.06516319557823355,0.11278273856122271,0.06415315476458772,0.06184940854219022,0.05634275626635875,0.08686011435414018,0.09174143304714558,0.07951435175351249,0.11012734210449271,0.09607059595206167,0.043482639884726296,0.0759205419060763,0.08429149729479585
2022-12-09,0.0734382302323769,0.09086663799646992,0.061198216025651925,0.06452812769685931,0.11256266158896763,0.06394306265485665,0.062064115560864434,0.05610913025485228,0.08711438981308933,0.09183102287625411,0.07951367520065866,0.11007520975778402,0.09620328929005155,0.04426402806401559,0.07550438542606813,0.0842117361497978
2022-12-12,0.07248279822173764,0.09321240103692185,0.09324192826520764,0.05103337828850029,0.06255680412758993,0.1435341207294131,0.15674925563724507,0.02574279242892424,0.06000609436400274,0.05622103156519924,0.05404215366854739,0.05968873128273249,0.04277773928994073,0.04614364592651076,0.1835261406733863,0.04904098449414061
2022-12-13,0.07233170873341815,0.092500296223298,0.09281429074911192,0.05012850533691091,0.06244721734681376,0.14302681201750542,0.15546564502490415,0.025933147436377944,0.06061843157777275,0.0566820426227106,0.054449285249741255,0.06004586064508242,0.043000651551998136,0.04672355294119884,0.18323459279404283,0.049008195155520705
2022-12-14,0.0732140078986927,0.09183111123615234,0.09170633856159002,0.049759011886741276,0.06269179561095972,0.14319159660017272,0.15433261736750256,0.025892002322045426,0.06119722739312376,0.056757679321185805,0.054786256879117735,0.060192313165432006,0.04322534184190252,0.0467361702086012,0.1837009105453153,0.04940374171170587
2022-12-15,0.07325970305393259,0.0918063685900462,0.09175039495712606,0.04993983062093008,0.06247637112969024,0.14370382546682764,0.15396000104374996,0.0258934301910475,0.06105408301942579,0.05663957357025398,0.05459125988233991,0.06016527963153598,0.04328637268655349,0.04633734660051401,0.18457468884034506,0.049598500722084105
2022-12-16,0.07316065971229395,0.09281325540305813,0.09457450499889485,0.05092079205083422,0.06298736522110496,0.14487055572643395,0.155001354097909,0.025837390698542115,0.06014573956972519,0.056160093108429295,0.05388895215277846,0.05987077271469253,0.04305852163994179,0.044566756326419,0.18437733707852771,0.04961639100269575
2022-12-19,0.04906663573636848,0.0850167878741258,0.04478936101849524,0.18095672080152836,0.0874171594723766,0.13065017977586868,0.21135027013006352,0.08606982844035639,0.05554356495965895,0.025235637996359493,0.07495912435659571,0.0396321483229348,0.01560826204158433,0.08053616424425973,0.024695369024064353,0.058472785805359515
2022-12-20,0.04899996254348999,0.08537076946012448,0.04509590431714882,0.1830748166493225,0.08712284536624983,0.13111217329594818,0.21213940068798068,0.08630637118554282,0.05519389712250459,0.0252046265541112,0.07456330130570378,0.03958494255236749,0.015612556421427459,0.07836811056377516,0.024780514678821076,0.058592007485654365
2022-12-21,0.0492971680080383,0.08575652764801715,0.045120128328760584,0.1823714921448416,0.08663368458820675,0.131023018202229,0.21268303975380654,0.08647355100308132,0.05517412123011822,0.025169694597529758,0.07439375657880831,0.03953700018934748,0.015608470026134596,0.07809442962976416,0.024732357489577608,0.05856574268695456
2022-12-22,0.049304530708174886,0.08482669076611986,0.04490326842633272,0.1811515581968797,0.08709808102997416,0.13039337690398436,0.21046904088468252,0.08712481364389582,0.05578509322457583,0.025301368219664565,0.07487498635900408,0.039762074911075765,0.015704006825540042,0.07887414985891061,0.024745302586491894,0.05863927737536003
2022-12-23,0.04887292892429776,0.08579101492661136,0.045475473072767746,0.1844907900519143,0.08626370451478492,0.13078063104854834,0.21206346575516738,0.08656082829668746,0.05517590198280624,0.025230849278732096,0.07431460745051248,0.03965388492840227,0.01564889856010658,0.07654462402629889,0.024747069929410188,0.058476796362675214
2022-12-27,0.025817216253202557,0.0830751937944634,0.1038914551278053,0.12301976706394048,0.04868455575721555,0.06868004166744829,0.11685501999766365,0.06968017240116585,0.08314830811044845,0.07671277361112067,0.10715683715378109,0.053215260219594204,0.058493620370280636,0.18974747253808097,0.034978679433005866,0.006843626500783159
2022-12-28,0.02603043643136323,0.08369762449079557,0.10386796826689133,0.12495825035277792,0.04874095347506433,0.06917103705176124,0.11809075678780931,0.07021399266048312,0.0833738965377519,0.07730223820337909,0.10777477679304813,0.05365414373097238,0.058951550255934355,0.1835289347056291,0.035232753576837514,0.00688001578547775
2022-12-29,0.0259858931399092,0.08516352836196996,0.10131604858121719,0.1267963012097824,0.048885226238571215,0.06978695408804121,0.11946264680014239,0.07000486778271682,0.08299551870682517,0.07717299730006234,0.10707738748935955,0.05359352733005262,0.05895447636004138,0.18429263724590386,0.03532629911109404,0.006894168150008916
2022-12-30,0.025853007950955444,0.08355641692682038,0.09917466349726245,0.12369285814784274,0.048642820575955516,0.06899950997390658,0.11826070143907545,0.06943824239836374,0.08331112927015503,0.07694054323929134,0.10729404195076116,0.053411647619292214,0.058519258659923114,0.19119644311663997,0.03513134820607894,0.006870078327051741
2023-01-03,0.052139107476192804,0.03917778638666208,0.09722399628684816,0.1074524749534227,0.07001654367631541,0.08573513903777044,0.06035963496772218,0.1329454238927124,0.08443379742379017,0.08135933353000364,0.10228194144544357,0.061301889930356075,0.09679898297103308,0.1003699072544319,0.04569175007293402,0.03271229069436127
2023-01-04,0.052010315584523695,0.03919813874435635,0.09811542543589681,0.10919010918942341,0.07059871452256744,0.08595934680812559,0.060955514254898535,0.1312062233933077,0.08444350543650621,0.08167703059778403,0.10259300860861732,0.06145900812814178,0.09656834980724927,0.0981507300918505,0.04582568325487247,0.03278170448104654
2023-01-05,0.05195597670157262,0.038626284037743076,0.09637623875630555,0.10786356001778631,0.07099807637512841,0.08527118691777838,0.06047852850826039,0.13016111779274064,0.08452559405373795,0.08154935297258321,0.10346614450230088,0.061327225155448944,0.09610098725662905,0.1016805004751395,0.04586957282656726,0.03271063724364302
2023-01-06,0.051847636882784515,0.03888046541673413,0.09808440791100172,0.10894295367551128,0.07119107755971639,0.0855214305430974,0.06098007601515769,0.13069956570399566,0.08394840788836615,0.08118729379590425,0.10343884100630303,0.06099345001437373,0.09618768388625454,0.09972896295245653,0.045850479824491676,0.032682533051002424
2023-01-09,0.07874435366833751,0.09158642906135553,0.0945666742384361,0.2081903862792678,0.01639545680055066,0.11496867380401382,0.05270985874054451,0.08311772448582594,0.03130654826545193,0.012175076623776475,0.05623530407718115,0.038447416436769674,0.026826194427739827,0.15934072415719033,0.08674978632091976,0.098639392612639
2023-01-10,0.07875066362652088,0.09136114901243993,0.0938678098713103,0.20479562250321404,0.016439808233245996,0.11426432915320747,0.05216453693287305,0.08189033772573708,0.03123822477225923,0.012070208693294763,0.05601339090974968,0.03828194685979807,0.026706844382597034,0.16642030633975582,0.08680787466977054,0.0985747868037133
2023-01-11,0.07850399527255744,0.09121923491323233,0.09420178457396458,0.20181413513620566,0.016322904413191574,0.11403548865896951,0.05192820443294157,0.08181025820039338,0.03127266531119837,0.012031226652500233,0.05606810509816395,0.038166302003012034,0.02666943363903662,0.16949002015216685,0.0863089379712713,0.09828438738179417
2023-01-12,0.07855203453174107,0.0904130244771852,0.09218479690276829,0.19860698826790754,0.016448266441547017,0.1135284046533964,0.05126732868744838,0.08197333306593144,0.031640908693803683,0.012105427821271705,0.056378393021203635,0.03828241487265333,0.02675550728221206,0.1747884295413982,0.08629645678693772,0.0982700107617167
2023-01-13,0.07900831134024115,0.0899477039990081,0.0905377597378056,0.19694908946456408,0.016623205940730117,0.11339748152843074,0.05064581870455309,0.08194907187915697,0.031693638189401664,0.012035887031017956,0.05644782384585348,0.0382072033190059,0.026732740391414333,0.17791632967844584,0.08639031129900554,0.09825648305382165
2023-01-17,0.0899368733346083,0.05507592564663924,0.08210686161928528,0.07531167790510437,0.050164373691276916,0.03513867857333593,0.0537396120628822,0.19176500842745065,0.02415514602368725,0.0790883604369841,0.05258633051448276,0.008180324040379298,0.08626114246710113,0.09517668591021147,0.1464086910947233,0.12490430825184792
2023-01-18,0.08991298107400786,0.05532031705311268,0.08190821957613416,0.07447338286611584,0.0499160398109509,0.03508453706327042,0.0530163939771938,0.19145641810443165,0.02414351697876152,0.0788505895302919,0.05236390129792759,0.0081729457484246,0.08592813275238688,0.09811172400143416,0.14654470502308187,0.125200179638052
2023-01-19,0.09053755602646416,0.05560040579286007,0.08244397475110389,0.07542784457684044,0.050915895620834754,0.035521436619326115,0.052801472693619816,0.19044281731616006,0.024088352809730616,0.0783785182756779,0.05208266763096534,0.008175726940864672,0.08538977750185006,0.09634941413771937,0.14853025162122702,0.12667587613107348
2023-01-20,0.09086184047658959,0.056115341006659956,0.08279483481287046,0.0767047103633746,0.051224560430452495,0.03555499336124132,0.053670180148469485,0.19071080352261174,0.023941644745595916,0.07809678450092558,0.05182458588019505,0.008151634538146654,0.08534216488406472,0.09347626136084025,0.1484977122993271,0.12703455878716832
2023-01-23,0.11778604167517706,0.04586688301510443,0.22727288806353546,0.04938779847438171,0.09859157455661476,0.040078725704812135,0.06495314332781801,0.018784242929876703,0.06158816605060284,0.037846976604273073,0.06439040836330552,0.0598110705995986,0.04815264702298018,0.06115392503931443,0.10409322050128289,0.1502422880713221
2023-01-24,0.11743139249391023,0.04563367145839181,0.22511062285528552,0.04833515556941633,0.09838751100779765,0.040050994296422886,0.0652730021897778,0.018727741071248756,0.06208988270441892,0.03783667058345874,0.06503900874405424,0.05962596003143237,0.0479211681584309,0.06347674479553482,0.10363484387919658,0.15015449758482832
2023-01-25,0.11760784097157823,0.0456292418048491,0.22501293505450073,0.0485903963087542,0.09925493544947774,0.03992281766518148,0.06487340362777015,0.018791036458434256,0.06206440308938451,0.037841078066220495,0.06486571718862742,0.059716853269735325,0.04802704727990867,0.06249246751225837,0.10387389790451287,0.15022803475862617
2023-01-26,0.11780514509225387,0.045512923303250706,0.2248678907536849,0.04876739146520392,0.09951673884330638,0.03978629718726661,0.06426025383219906,0.01881345449272128,0.06187767635124422,0.0378283353493566,0.06529400764102508,0.059574153863053966,0.04808531127856717,0.062426947933687,0.10385895862053278,0.15005703738201526
2023-01-27,0.11749794816150849,0.04533332422510526,0.22547070445243936,0.047983314202240904,0.09914673466056931,0.03948482004599795,0.06415248404495126,0.018883177807762955,0.06218574902227021,0.03766974040253127,0.06540661687627412,0.05926709364413874,0.04803732485844232,0.06332909360526753,0.10344342316607194,0.14962677054751763
2023-01-30,0.08915264385223465,0.06517851015613554,0.1105310930470068,0.12639537733196796,0.10312957446189572,0.026725889875608824,0.09049846135943991,0.025528093379568927,0.08503575848339885,0.02625687795051321,0.08276216302459702,0.03843383615648763,0.04480100256242118,0.08741880913265052,0.10756351365549101,0.14058839557058225
2023-01-31,0.0890940219609921,0.06566477019794062,0.11241623993382975,0.12843440859617133,0.10301934758149027,0.02684015284785831,0.09124709570021051,0.025508595800426834,0.08451617081137841,0.026325416871901042,0.08243532564374664,0.038720569294931784,0.04484751093583724,0.08397162011787833,0.10759141761768255,0.1412324448507208
2023-02-01,0.08908144690729669,0.06456691845253838,0.11148012559846211,0.12702408473973528,0.10209326452995525,0.026667843946658987,0.09086378595952498,0.025615346317983477,0.08523670563403238,0.026421817521833545,0.08318151878934171,0.038725229258346,0.04473723990016209,0.08637203676150582,0.10717053400831383,0.14061407830411568
2023-02-02,0.08893825624289203,0.0645414515302356,0.11066601515699816,0.12399635887712433,0.1030871316259993,0.026637726117337484,0.08918709267246046,0.02530881868214142,0.08589339972519451,0.02647040313404022,0.08341036523450288,0.03856920246072335,0.04455802094662801,0.0897928799749958,0.10736736361911128,0.14035751997004037
2023-02-03,0.08885745665604577,0.06393352561984822,0.109352864670226,0.1206722764766573,0.10228979717808326,0.026478319034855417,0.08830770961075063,0.024731602068689223,0.08738258720087108,0.02633445658571312,0.08408315009122529,0.03835348739727654,0.04422941079778602,0.09528942710277143,0.10754192022708899,0.14000287263074557
2023-02-06,0.062427749185252644,0.08365502776830921,0.07504101709085212,0.0661366549842186,0.0774811533015973,0.06382401659619523,0.054776404266961044,0.040369224599606165,0.07071001196112763,0.040731453824890206,0.0694414045659092,0.06843218003787066,0.09264070884473714,0.07641163524711071,0.04788969530858288,0.20719330542902067
2023-02-07,0.06215447768153222,0.084075031176456,0.07566160518551565,0.06657526936389671,0.07680985693743488,0.06365311422519136,0.05597690311930661,0.04048838356333532,0.07018898772362082,0.04070716701803867,0.0687225930032019,0.06865750802703947,0.09298313853657884,0.07543397873368009,0.04782870683224255,0.20753315059670882
2023-02-08,0.06227610695507591,0.08422413993945385,0.07493338071698283,0.06546504466062114,0.07684951953834723,0.06374432023442116,0.055767007980555526,0.04075946954043659,0.0706964760105874,0.040695925895996146,0.06901067928013958,0.06834453331634155,0.09280881196886509,0.0763777577530432,0.04773996573939984,0.20678500532398764
2023-02-09,0.06241930266433681,0.08407938770459199,0.07584828091536365,0.0662045142242104,0.07728825268121706,0.06394791965710053,0.0557622287235076,0.04079451183153805,0.0701365559860688,0.04054553659869301,0.06872845145246137,0.0685208156851425,0.0929314266430618,0.07462419794416575,0.047882053542645214,0.20795666515647918
2023-02-10,0.06229211289302417,0.08485669640709148,0.07614225569044292,0.06724052305643584,0.07706273620787407,0.06409127452406632,0.056814355155329295,0.04084160256758811,0.06965402654106607,0.04042825888782525,0.06858612665725415,0.0685009236003364,0.09265697917682275,0.07263893853615042,0.04806813818732341,0.20842756461262743
2023-02-13,0.048351293782608405,0.03009681849110337,0.023109835021844268,0.13394929942447437,0.11214952841971158,0.15734209571606148,0.0618037752888578,0.014277822369430409,0.06920922813010108,0.039899942918564794,0.04857692939061263,0.029831788550563416,0.04022637511734758,0.21813486788236688,0.08055147003051677,0.14248892946583516
2023-02-14,0.048024129694128004,0.030011752521351406,0.023117757497876944,0.13188864492329405,0.11195023215234623,0.15677681859463818,0.061726547638416514,0.014243784496847049,0.06969699661965487,0.039937418948622495,0.04869824921288059,0.029768091804172465,0.04030775084671948,0.2202281340804123,0.080147862893924,0.14162810367611167
2023-02-15,0.047954951967206755,0.030103847363991274,0.023092327500070307,0.12970197404810324,0.11110944103164251,0.1559101825791828,0.06240451601534909,0.014140759366054887,0.06932691946695962,0.03946505825333798,0.048441962426376974,0.029591397989270563,0.040148703461195055,0.22486792372814973,0.07977704409190722,0.1411361005239532
2023-02-16,0.0472820462921017,0.029753956714784452,0.022913713590553286,0.12591131581936654,0.10938945449676186,0.15441704292282152,0.061997778419543376,0.013913961912598739,0.0686743639531219,0.03917139456586102,0.04807998667413722,0.02937333419947212,0.03957579742236365,0.235733812404667,0.07877178444614638,0.13976835171008842
2023-02-17,0.04752367924242585,0.0300613923586695,0.023225150002412175,0.12849737346658013,0.10928228716879937,0.1554329707256131,0.06235548517290249,0.013890967848732207,0.06826005903692973,0.039251890584901625,0.04809865622161136,0.029448401918223583,0.039554817719094464,0.23099042037281933,0.0799083401869958,0.14087010372410247
2023-02-21,0.0693163654397043,0.02865786645077511,0.12946183908525363,0.06423295254470453,0.07908604083357884,0.04635100372755042,0.16536918795625202,0.026074551864112318,0.09427695405618408,0.05553498719932537,0.15032439953550764,0.05903905066148518,0.040935460653443806,0.11379135916952787,0.011016541129036763,0.116531439693558
2023-02-22,0.06975934788527242,0.029068358731609196,0.13361724722349202,0.06574301640494187,0.07898924059780718,0.04702526239265791,0.1686363050778818,0.026214311142653064,0.09347278361353038,0.05555286617131042,0.14870246683142258,0.059178957293584473,0.04106100598264886,0.10827632867394782,0.011062976443681066,0.11695423446952234
2023-02-23,0.06954709555044786,0.028952574345943664,0.13255127746978834,0.06541500794201244,0.07897177821536545,0.04736046805940046,0.16871253445221085,0.026114436481182775,0.0932158842978209,0.05531744993557456,0.14828626744727427,0.058986906582055736,0.040890497793490944,0.11086680134879519,0.011069103865816759,0.11693384234194228
2023-02-24,0.0695149836635246,0.028815383743172,0.13144310008848661,0.06516347748267368,0.07940233934317427,0.04723470720729013,0.16915358314197226,0.026228572073766554,0.09414184449727156,0.0553428437709809,0.14882919621885454,0.05910642330129442,0.041083248337248524,0.10920705069830047,0.011143879746584885,0.1174268110898766
2023-02-27,0.1389302147782697,0.0268655583903702,0.10823944044475302,0.02111661841191361,0.1072532601139019,0.07156812438555693,0.1311097736233671,0.09991042678033552,0.04078613406077055,0.09697605492312902,0.07708792288208233,0.07452063416338224,0.07993547730042888,0.07853496152671642,0.06298629775544637,0.03417910045957622
2023-02-28,0.1389135206014362,0.026928300214506307,0.10824488058909945,0.020886891382072052,0.10758322017944072,0.07108787897493439,0.13087113692275062,0.09969718687028278,0.04073236162516837,0.09672063229672988,0.07682252155099481,0.07451044130204783,0.07992857047264161,0.07908018390368464,0.06306279370574976,0.03420089728812012
2023-03-01,0.13960080790616694,0.026769824018421762,0.10798562296425263,0.020827649350206583,0.10787284037129945,0.07102169188986666,0.13076514689448143,0.09898083925659203,0.040812068450353685,0.0963909749772114,0.07663673566219198,0.07445982468807145,0.07959639238113243,0.08096994708031416,0.06313555813448955,0.03424875194828756
2023-03-02,0.1401215702634073,0.027006310483338035,0.10870808734682677,0.020842724299970243,0.1081222056428472,0.07082307850476058,0.13162787351967709,0.09957876209591218,0.04072123013647563,0.09595549223695227,0.07678219219720374,0.07420801401531474,0.07963133283588436,0.07914701972124212,0.06278963819192544,0.03419014729733382
2023-03-03,0.13974756635227353,0.026974302410729685,0.10841269005661822,0.020664786723675412,0.1074100105082681,0.07046820660008184,0.13126925876114612,0.09951147534816984,0.04091072520002687,0.09630349047838067,0.07686966048518848,0.07440566044303888,0.07952588222010125,0.07972719350201032,0.06258325057369518,0.03421756757112422
2023-03-06,0.09943126425874978,0.04957954891438625,0.056254532552204944,0.03255906585103809,0.0679328413635667,0.07573358217770348,0.13942750917684982,0.077246319567727,0.07541644716751646,0.14165077601284362,0.10045595006020455,0.09005568137837758,0.04431919420408086,0.044963860246806056,0.08125350418014901,0.0737199228877959
2023-03-07,0.09920378972934692,0.04989410474389958,0.05691111602676538,0.032779557179906084,0.06744324037388226,0.07515603031457173,0.14056116087839438,0.07734728036110869,0.07549396936906175,0.14171580433271042,0.09992405734251339,0.09019258236234272,0.04438308753019477,0.044032094738726824,0.08114494150620552,0.07382704724528855
2023-03-08,0.09846639267395738,0.04962586183160012,0.057703082844332405,0.033210295686806446,0.06720714186590868,0.07560764550583592,0.14550436825170596,0.0769044029410481,0.07503011619578025,0.14110635397014862,0.09902446076824936,0.08981802935914619,0.04408456184337296,0.043643059772338594,0.08131169118759342,0.07375135620375475
2023-03-09,0.09858445857178404,0.049761270761171254,0.05777309567709569,0.03317322647269467,0.06701659108890348,0.0755518643912958,0.14533584353442933,0.07644220565245116,0.07527984617300645,0.14113317303536674,0.09934356801603887,0.08987689492043958,0.044017833909113444,0.04358300314241811,0.08121965706819612,0.07388289854434764
2023-03-10,0.09931077715713658,0.049988094509277985,0.058837758664071586,0.03415399631962298,0.06756015139752133,0.07639659931643382,0.14561730609679227,0.07636619020784648,0.07503754183095201,0.14141575923922836,0.0985352107602694,0.08996386499645462,0.04410279529943296,0.042331066843984806,0.08202826854382084,0.07372416901460357
2023-03-13,0.13817795376622355,0.03518440657615853,0.0227163369567368,0.05992378560926403,0.029272883549381016,0.04104493542109837,0.03473469613142033,0.09354548742056538,0.10323752723432675,0.12172967772754727,0.08901195840564083,0.0974701378328163,0.12005286265936464,0.10585118266257028,0.08743120095199652,0.07061496709488947
2023-03-14,0.13987113505483137,0.034264948412287465,0.02213388727843974,0.06000914275691648,0.029508386474270145,0.04094595312025223,0.030816958968783933,0.09334780099759177,0.10365417120957601,0.12268754843421631,0.08793926193190299,0.09802862765910715,0.1201575216848007,0.10914844179253227,0.08772247089984196,0.07085906852878567
2023-03-15,0.13841272117483022,0.03452540752999616,0.02214627544526439,0.059337288074682054,0.02894015536694442,0.04058458145592956,0.03120781236802315,0.09291372001626982,0.1040623385656613,0.12215024665053054,0.08792081294594438,0.0978601840683118,0.11983664939592026,0.1099614664104522,0.08676886162705504,0.07104611216040967
2023-03-16,0.13847689939215554,0.03356341714632356,0.022178918462094552,0.06006354527838019,0.029225483283993735,0.040894203574085346,0.030812284900021664,0.09208317453741341,0.10441858179710196,0.12298575310778369,0.08722354253745765,0.09807275862654834,0.11960666468693812,0.1117525481454302,0.08712212750917538,0.07124541885897989
2023-03-17,0.1370668756962299,0.033527270667616155,0.02199814170318621,0.05901102257894392,0.028733516456151874,0.0404724703191054,0.030715908119641828,0.09172997928952382,0.10485341153857061,0.12256254516004274,0.08754822384151195,0.09790438097118055,0.11896065509677868,0.11366881030550327,0.08621404201967572,0.07146655274832535
2023-03-20,0.1219137073480204,0.07948795428299227,0.051666033976934735,0.1246539894420682,0.06801577029585747,0.06694702686846803,0.11155092554331947,0.0800374324117479,0.058805958313203774,0.06747434426023168,0.08022883707841105,0.060555357650917366,0.07547313620889634,0.06974825967746769,0.127405762753767,0.006035503887696767
2023-03-21,0.121684713280227,0.07983751654380979,0.051277457134414076,0.1252450130810484,0.06776671063843366,0.06654977362855041,0.11067410626486315,0.08079767382334986,0.05884881329195586,0.0677189493117597,0.08053076924960452,0.06062834610718877,0.07571261504402792,0.06837706164016004,0.12636038693513335,0.0060250290244759155
2023-03-22,0.12072970284039784,0.08002256683661857,0.05137481810692368,0.12157252404989168,0.06720261534038251,0.06606317489005711,0.1110126614716168,0.08117005062949374,0.059008754598010645,0.06725358768222703,0.08086052866178443,0.060569155975642455,0.07580343855919251,0.07157277830254313,0.1257507674606236,0.00601586498195952
2023-03-23,0.12131124378313418,0.07950417044611019,0.05184412133537468,0.12431561467777384,0.06852218968918944,0.06662363015637461,0.11230798265027421,0.08057476947524851,0.0585613830485621,0.06693918453641794,0.07989414756994791,0.060389890745436554,0.07568444557710584,0.06873521068214464,0.12698742258694165,0.006034610585509148
2023-03-24,0.1222249781617845,0.07919339364852157,0.05156636762508236,0.12402608075771146,0.0687162338653028,0.06686781047380742,0.11242917957569895,0.08012923663848787,0.05902127413474637,0.06709807551446466,0.07981452128900161,0.06056963312107383,0.07565634519980693,0.06775188829037139,0.12738858039416123,0.006044295761639903
2023-03-27,0.0213701499183478,0.16373822056512422,0.16189588823576112,0.07602126251852392,0.06437037338813849,0.14069713962248614,0.11497574276780677,0.058220786316148465,0.03859333896490597,0.030313586108620158,0.09453566629037005,0.045663352644906105,0.05358039420761986,0.05976923217407917,0.05811543187523433,0.06813943440192755
2023-03-28,0.021171344034935705,0.16674502612520994,0.16206978505799896,0.07554412503569757,0.06324278575780785,0.14064538083051678,0.1134748071066416,0.0583852584142246,0.038319803809107364,0.030198232517144652,0.09458585934838812,0.04555916254341662,0.05343308623570106,0.05941254998927544,0.057642910541395934,0.06788053817097113
2023-03-29,0.02122460472031498,0.16656610626433654,0.162177670818818,0.07607635216836738,0.06360594495706386,0.14059268828595645,0.11329961487743107,0.05855488324663926,0.038188118140379326,0.03020282715369577,0.09453081900908271,0.04557009677673045,0.05351867432202471,0.058475093296891406,0.057682668773136894,0.06787218406132464
2023-03-30,0.021119061021198225,0.16610635351196018,0.16190025513796658,0.07482880373537205,0.06330984803252383,0.13984789069759726,0.11206566484383008,0.05852103604095648,0.038364180944262624,0.03022461931061061,0.09550669664713866,0.045549526818025904,0.053459131106806175,0.06014356105465923,0.057413312805559454,0.06759947999918062
2023-03-31,0.02115555788017894,0.16556845997006153,0.1622876150676878,0.07424163646314906,0.06345583573093228,0.1400881281218646,0.11199950765991924,0.05840186714339009,0.03843748595000322,0.030242754891319255,0.09563807574445812,0.045544211377997496,0.053458551329752926,0.059732831257679794,0.05728266431853397,0.06744286430348384
2023-04-03,0.10935609671856275,0.08972315164381103,0.038517571215736755,0.08291454184257341,0.1792845005617494,0.055652764174389004,0.13413292039796582,0.024905647417857866,0.06503133264369475,0.06626818993835114,0.03316794503575843,0.07378223002124307,0.05116605597304077,0.025930993453031043,0.06805649491925768,0.15210956404297693
2023-04-04,0.10978767102005281,0.08892723780872999,0.03809532033841457,0.08305555463571031,0.18006560545759576,0.055387788114679655,0.13342017429111508,0.02532448220367131,0.06511675698967896,0.06632045211850475,0.033258681616743634,0.07368982240699305,0.05154947446036954,0.0253614085049045,0.06793260177412591,0.15191058518855297
2023-04-05,0.11000817728827136,0.08846245234928671,0.03820439192784285,0.08347137835062526,0.18050894014329966,0.055517655945590764,0.13457917753751444,0.025106280445612243,0.06453460304787004,0.06615635396644727,0.03288437879404209,0.07350907214519867,0.051124634101145025,0.02523007212331565,0.0680341986735004,0.15190369913137236
2023-04-06,0.10974130148095225,0.08783320743084878,0.03808934825311554,0.08488840532614121,0.18075423334650048,0.05528869297593249,0.13422081611771958,0.025381712198908703,0.06440428930605457,0.06649160719061228,0.0328311486292907,0.07368215912636755,0.051218846223203184,0.024309344969904976,0.06806118437704674,0.15179800939506802
2023-04-10,0.12296847096344937,0.1006110483134659,0.04246858539951408,0.05194278375815931,0.15306392796129256,0.047260278743758675,0.10276803660166049,0.03521340333792279,0.06847261553039158,0.09683677626581845,0.04621502454183274,0.07580990641901422,0.07061650797327514,0.00202678756749622,0.0879324833024049,0.14579336332054357
2023-04-11,0.12260008801925938,0.10154535678363012,0.04228875409769236,0.05151706479258845,0.15213524863434744,0.04723256431434524,0.10317283099133673,0.03531037144756877,0.06861089579360748,0.09659629076645768,0.046625829372182126,0.07584690212040002,0.07058717095114195,0.002021581473038484,0.08779766862533424,0.14572809150156976
2023-04-12,0.12282723689323753,0.1012561987823629,0.0423699118230733,0.050942115248899404,0.15214242395025673,0.047014330778154395,0.10396746252466002,0.03529268521824265,0.06846368148244311,0.09644648182308453,0.04669958411573718,0.07575226732974209,0.07063959449831374,0.0020260546569283817,0.08759630322365866,0.14518405353074024
2023-04-13,0.12270146418322721,0.10165904876112976,0.04253686893766169,0.05123105500401918,0.15216510615388718,0.04705999594887032,0.10416263407648306,0.03533035912270085,0.06807538665617333,0.09642713465842112,0.046346582217653254,0.07580329620389208,0.0703609243564267,0.0019663299915019367,0.08751330225391438,0.14512985045152457
2023-04-14,0.12307538755080191,0.10139182333013484,0.04245237710587919,0.050965711144956655,0.15183862552508012,0.04697092266239942,0.10391594354701972,0.03538770766997408,0.06848375906607036,0.09648035717258506,0.046268152892939125,0.07563648311666074,0.07058795859270178,0.002033622826883138,0.08716639864562807,0.1444085765738249
2023-04-17,0.044847407677600246,0.06798540080768539,0.03541814785549693,0.09916645345198713,0.04121263173674586,0.05718559678903451,0.03594136257485213,0.06585145124310171,0.06019362496731724,0.057508357011457234,0.08969190608274112,0.08702354407268138,0.09009886804081776,0.01978837945290951,0.1087027815381496,0.2893840866974222
2023-04-18,0.04467695359535082,0.068309299601198,0.035255971854821176,0.09884049930472458,0.04092510305760638,0.057422475368087186,0.03573024361571833,0.06571035140937377,0.060221776122715634,0.05772237004437837,0.0900741628898897,0.08713649812440569,0.08994410525317532,0.019862492329146126,0.10867976184220614,0.28926518596162876
2023-04-19,0.044820574247339866,0.06837778022231811,0.03531574255829628,0.09835319812525004,0.04101411075072063,0.05730747833402961,0.035616905597181135,0.06578009414596687,0.060310574395155456,0.05760603587049545,0.09009195450522485,0.08718922715522474,0.09020603285977317,0.01981927376626506,0.10866637380331053,0.289271124486243
2023-04-20,0.04476586034466534,0.06841955040777571,0.035802063362927655,0.09832298163411565,0.04097511599144308,0.057446621196832436,0.03580134648993982,0.06558414517576007,0.06028859171547963,0.057587090846837406,0.08949122884076391,0.08738942330489988,0.09009824200927144,0.019845840115746933,0.10852613499561797,0.28993006849948455
2023-04-21,0.044757385722898536,0.06840379417772474,0.03607399525323766,0.09892489464796601,0.04107970969456363,0.05739340953930865,0.036206289514470136,0.06547927333357062,0.060360521059910126,0.057597782715533764,0.08864884461134326,0.08753249524595143,0.09003865677400755,0.019119419102982316,0.10862724957572288,0.29034918854596825
2023-04-24,0.04724021327773529,0.08439972141005361,0.045924903785369425,0.026775966082860626,0.02351872713655928,0.08743799324629696,0.03754727228084591,0.11860730131212655,0.13513811285601582,0.09009332884957463,0.04790286719011559,0.1293549004017271,0.1470407739144896,0.013649906836876544,0.096670807348758,0.11869720407059511
2023-04-25,0.047252205516608574,0.08426448394748932,0.04599407937301537,0.026783104530947184,0.023608317554449035,0.08724906895231042,0.03780066798745556,0.11901163433747763,0.1349240083927435,0.08997216648706599,0.04776993112215237,0.1291410218781919,0.14711212080736294,0.013423149751118548,0.09640386070863788,0.118514844205466
2023-04-26,0.047329813815070516,0.08414760175177458,0.04642759205699289,0.027422701677310236,0.023908440610636263,0.08779935258744398,0.03819160628703698,0.11932639373091378,0.13404118210840468,0.09021388075678825,0.04753556551009681,0.12937024415094697,0.14713586525019687,0.013125244105858715,0.09717490691690037,0.11875444342473439
2023-04-27,0.0474387130203125,0.08489656477610259,0.04738275089739426,0.02760120601763459,0.023906404602256907,0.08846866964381088,0.03868590004744988,0.1183094935338338,0.13395647860259274,0.08971689463351652,0.047358436096898646,0.12920194370172103,0.14669213745822968,0.012962997781850434,0.09765326145698783,0.11943317639439353
2023-04-28,0.047057443233632236,0.08437075905724421,0.04697127301419509,0.02725477589793525,0.023587572442390337,0.08746806851790134,0.03888355832112866,0.1178724648679122,0.13526970504838293,0.08967999037925063,0.04728484634285148,0.1292693166061143,0.14651312785261764,0.012962429158022214,0.09669896213588561,0.11909914731617752
2023-05-01,0.09086966623133674,0.02537308493036907,0.0864942289598788,0.06347819558335707,0.07045872208051278,0.07052930398850744,0.07189116535923872,0.10076451673635098,0.0728016582281672,0.082370815272788,0.04706623482836228,0.0907865328916505,0.10009182552738344,0.112056119312026,0.09435785352640925,0.07061007654366182
2023-05-02,0.09074073209097334,0.025633620510684244,0.08653526091950349,0.06390239069543723,0.06930711411103428,0.07058500992888843,0.07195978652923332,0.10101766979088732,0.07298050378659855,0.08266666658120697,0.046980592613039766,0.09098651481900177,0.10036126973488953,0.11154749055236589,0.09420968728917396,0.07070428743825509
2023-05-03,0.09122290395102518,0.02564248617592855,0.08778153088123133,0.06455752232142385,0.07050343976329151,0.07098297021450448,0.07289664145805956,0.10008475343650267,0.07254201641632914,0.08260768951834427,0.04656741519966819,0.091185631429826,0.10000395928236051,0.10978209867993803,0.09482070062982029,0.07090314738811913
2023-05-04,0.09165619469695671,0.02565666001448243,0.08872965187796017,0.06486746138539747,0.07099015362716929,0.07122246347836021,0.07207039452222758,0.09982242930813418,0.07238257537116129,0.08265992356585128,0.04645655942615297,0.09097801599968347,0.09953806062168588,0.10981468111376907,0.0953285014291886,0.07100161077959163
2023-05-05,0.09170382677869617,0.025630427013012408,0.088736274234935,0.06493572039408924,0.07089542492528152,0.07161311688649522,0.07175351445751135,0.09920339271249524,0.07170192415638069,0.0823723578552017,0.04594977164864658,0.0907243084653775,0.09892123096847785,0.11313658464567317,0.09555178881796876,0.07085209727955208
2023-05-08,0.07688348318446071,0.0980304608296566,0.2930116126994193,0.026467513993722776,0.07240435413838425,0.12816696933598404,0.20076194624210733,0.036079307212215174,0.03255949743733987,0.027974205837892813,0.04477209423405502,0.05368595397645046,0.0248900948985287,0.03739034971011975,0.0491619636224136,0.047760192647249566
2023-05-09,0.07707992040385782,0.09829271261131613,0.2922539229639134,0.026315555172900084,0.07217222299769481,0.12801056966597166,0.20114770055002687,0.03613834710040444,0.03262468042564742,0.027970830401297563,0.04478323051688189,0.05376944511674108,0.024902954013015153,0.03789302133007095,0.049172736820388245,0.04795251274149986
2023-05-10,0.07705418800122443,0.09862008897262799,0.29134502991901495,0.026360589927488718,0.07167948447781321,0.12794053124312774,0.20271833805219333,0.036070176339715286,0.03245551194627886,0.027869473333307252,0.04451619601520454,0.05355896533665116,0.02483177308469584,0.03827880506117913,0.04906479161936147,0.04782199083871554
2023-05-11,0.07682801569610796,0.09766921767587303,0.2911353360154842,0.026269857573288254,0.07204923736517455,0.12772676147711173,0.203237200679209,0.036009454490039804,0.03257848550013339,0.02796581701522287,0.04426057222907602,0.05363060953295958,0.024736103794108646,0.038778729738237115,0.04913052242531864,0.047919109527052584
2023-05-12,0.07631180704355033,0.09767897409528786,0.29097625182331166,0.026116598388355495,0.07229428654574788,0.12754622143946515,0.2044674159690593,0.03594560156668181,0.0326216459095986,0.027955921810434076,0.04410585225164481,0.05368891492349939,0.024675829492782915,0.038940790492565054,0.04914653918656893,0.04804477187271509
2023-05-15,0.07262041624973108,0.037304376395509826,0.0781641125690727,0.009105901329664785,0.07697569929602094,0.056118016018915355,0.21668905449423193,0.08182624869656899,0.04485735125285373,0.0553520405654006,0.13725819999616615,0.053121208746936,0.06625446802429472,0.036808394238116396,0.06866416239869921,0.15888034972781753
2023-05-16,0.07291941254722395,0.037513685175039294,0.07739748439914466,0.009024434959368048,0.0769949938633838,0.056304725071937074,0.21374527370342603,0.08191428649491922,0.04501657740399276,0.05528627571670257,0.1386135050849419,0.05314778007914112,0.06614655260852792,0.03764842334830628,0.06889170894457895,0.1592399269789058
2023-05-17,0.07261398863421908,0.037559259345297136,0.07805140559936996,0.00909174099142826,0.07667566143714609,0.0557954013264994,0.2180982078878971,0.08123439279572937,0.04493556135362268,0.05503085428314765,0.13735128809413408,0.05305232750698791,0.06604695443473478,0.03695916389785052,0.0690318044358624,0.15989637362654927
2023-05-18,0.07245489374835062,0.037395348946152096,0.07744883445033793,0.008951651308037545,0.07634122128614124,0.05531153302992093,0.21696002623383917,0.08134218566533288,0.0451489689379428,0.054801520039468254,0.13845057503105748,0.05306963155407629,0.06613626611814745,0.0376096922393791,0.06868601949965908,0.15937497524836985
2023-05-19,0.07234923492767532,0.03734683903398919,0.07716864163116263,0.008810209785229397,0.07569947486011669,0.05521910432817385,0.21665798316439205,0.08114802259774628,0.045550438735146706,0.054822539576992825,0.13927394047390318,0.05311655824472052,0.06611920745795886,0.038072379722230355,0.06850117007534992,0.15921069793656314
2023-05-22,0.0982644462757213,0.07445237993270387,0.05899897043391214,0.03658199168565626,0.08814894389329432,0.10477585445648432,0.11240849331113001,0.07455991749225828,0.04140124986731254,0.08990482360531903,0.06040874328575093,0.06280885323577177,0.0812709913046728,0.04896266935802382,0.04006374903117746,0.17698792283081133
2023-05-23,0.09821173224668354,0.07453171310594399,0.059043926151938875,0.03612630080321254,0.08783813120215783,0.1046193379935798,0.11209839529953214,0.07416376179816069,0.04140488867686153,0.08959062231991295,0.06045222346130756,0.0626094102679204,0.0807384617514371,0.051280989172815594,0.04005772160691597,0.1769390987746078
2023-05-24,0.09845622746425942,0.0747724620555137,0.059137824498911765,0.03628814334515938,0.08827306671886141,0.10519251816967927,0.11298135624851902,0.07420619631899077,0.04112971533276572,0.0892295324770727,0.060458772587100196,0.062435213903365414,0.08111142903086929,0.0504437925940481,0.04013986546038469,0.1768186718774967
2023-05-25,0.09832814175204305,0.07471017670654354,0.05933153035955194,0.03656222186419793,0.0879711122134361,0.10587853405203543,0.11419431262960719,0.0743976258187466,0.04106445363257486,0.08902973596128465,0.059998770751385676,0.062238676349795186,0.0811895911140275,0.050417252630501085,0.04022466303660228,0.17693214705335358
2023-05-26,0.09831192795675986,0.07505504965769451,0.05997586529957701,0.03654341566399605,0.08777080166459057,0.10569133768646699,0.11487996663774835,0.07369032280713593,0.04176741705081729,0.08876184051653101,0.05977573404358246,0.062314734416946564,0.08076298204498777,0.049060837766826085,0.0401748483750158,0.1780527508613896
2023-05-30,0.0423628798727719,0.09133486846484096,0.034693754022394746,0.12093903830926678,0.07421359126364445,0.17253467126291366,0.06108490362294303,0.09302945885336562,0.10093032880103846,0.07681752848285389,0.03820343891234869,0.05770496486286916,0.0665935278071397,0.06854807427193339,0.04275794651119852,0.10825102467847711
2023-05-31,0.04243836037304458,0.09147823048560606,0.03505312196343864,0.11973594782589482,0.07439539573981697,0.17238157662695444,0.06109207727942561,0.09279171571786135,0.10095393518778512,0.07653451456040493,0.03817640435289559,0.05761352445009531,0.06631158309304717,0.06979826266233359,0.0427905895618506,0.10847426684209249
2023-06-01,0.042440063381541056,0.09110658134682116,0.034894677175229226,0.12028349506670993,0.07427419980072994,0.17303462487919638,0.061305821607684934,0.09236114823014581,0.1001627655569971,0.0765873273989804,0.03788271210769636,0.05766967467454962,0.06602962039426243,0.07109913786389233,0.04281204382365413,0.10845824933526564
2023-06-02,0.04256707938314002,0.09054840817602242,0.03468845678253396,0.11881929709055251,0.07465122993422375,0.1719003464693802,0.060854015028076795,0.09284891640190564,0.10058478834749138,0.07648834850133591,0.03797207641554438,0.057685820921488315,0.06633416274155411,0.07185316959231945,0.04289113286317595,0.10855401109752194
2023-06-05,0.04571555859830484,0.04942660375772969,0.038087418735096246,0.19375982509628312,0.05225135127309661,0.07063544618791175,0.06766069364745068,0.04063079942206593,0.08992704655418689,0.03624411056533618,0.03823971660963309,0.04588714625206436,0.010374777659305095,0.2798054359665235,0.03899497172046741,0.15235909795454472
2023-06-06,0.04560636978983956,0.04916547491916688,0.038089975777181685,0.19316264177162293,0.05215407236229229,0.07039009895658985,0.06742391990442244,0.04048870496014165,0.08935290204968681,0.036113094280467134,0.037944013462130166,0.04584975968943515,0.010329336176620347,0.28232548668833496,0.0390007115914741,0.15221616688152284
2023-06-07,0.04565975292405459,0.04912721325961433,0.03786433648117785,0.19050568755998715,0.052273316620145706,0.07029018623996508,0.06711482821398536,0.04027860535351356,0.08928914755509301,0.035869538228628664,0.038313401519238226,0.04561869626182462,0.010271752314299575,0.28562091057141886,0.038856399435594303,0.1519041671667291
2023-06-08,0.04573303370020535,0.04938226581592354,0.03792075659717974,0.19174140737360132,0.052036334859462983,0.0703724945693091,0.06768469983860685,0.04009304111072632,0.08892223380158382,0.03597967220733435,0.03897495013292581,0.04579407736675354,0.010316791695821115,0.283256421320137,0.03891370914903991,0.15218769709670138
2023-06-09,0.04580035682606556,0.04902786224566854,0.037857392178577705,0.1909624742852823,0.05234517646360711,0.0699603792082976,0.06690272340112954,0.04027531584696106,0.0888938841052981,0.03601929430914183,0.03880082383427469,0.045668324350153326,0.01032798264496916,0.28482992851546285,0.03884086624366973,0.15165598243931638
2023-06-12,0.03801599043265038,0.045305152494835146,0.045670532222299574,0.14762081134843366,0.026719619256138173,0.1913371739327505,0.05997542744097309,0.0434435438513726,0.11376037646030158,0.05029556341329893,0.09514948669394666,0.02973886903926136,0.020135032969397323,0.08577394931965018,0.03184149402184069,0.2252169771028501
2023-06-13,0.037841628989226814,0.04537566566362769,0.04574933475268424,0.1455401735875855,0.026657837553018267,0.1907451731627746,0.05987628007004311,0.0437893668900416,0.11456712942187959,0.05033858986339739,0.09557996274822968,0.029652154665250653,0.020046866728571196,0.0869452172185865,0.03177726980406974,0.22442266181295484
2023-06-14,0.03780887990655748,0.045328804686311154,0.0455524611721685,0.14368219712081673,0.026482890615894292,0.19004646091885444,0.0600099010338703,0.04390839391807074,0.11482598163040551,0.05031056501862495,0.09631047538744901,0.029582772232595672,0.020017817328481555,0.08861974973069855,0.03180047134936466,0.22362588850722404
2023-06-15,0.03797176909757891,0.045205483253877785,0.04567004945561474,0.14276872528109816,0.026680771497651946,0.19010938040849365,0.060184866557064544,0.04431066167466981,0.11547935533906048,0.050359656080183564,0.09584824764198191,0.029557424236254966,0.019986485955123152,0.08826559197999764,0.03184221078506105,0.22391493571728696
2023-06-16,0.03801570405953151,0.04513730305970595,0.04451786146931212,0.14230415155565693,0.026840971746945917,0.1899231939878575,0.05902774480901029,0.04456947760999287,0.11627734404612283,0.05081076626684125,0.09645149045547159,0.029571208267267304,0.020103684167005944,0.0887762515843209,0.03175243473081897,0.22287795549278594
2023-06-20,0.08617327764583282,0.07485793728063504,0.040129756781825184,0.14716052257729464,0.04158498979032977,0.03617679321051924,0.044176343971793215,0.052063983450316015,0.08692704503155754,0.046509578000159264,0.09741801930508548,0.06044284529028333,0.05185242974229784,0.12261359892710329,0.08111812161686431,0.180794757378103
2023-06-21,0.08586876665839903,0.07495110523346095,0.04028588609717491,0.1477530794263498,0.04173154241693418,0.03617804779119941,0.044290503257396564,0.05207350887901803,0.08693683870627407,0.04636726309618002,0.09660352492905885,0.06051873182390793,0.051884562640278464,0.1230327840923681,0.08129566422857637,0.18136629200245788
2023-06-22,0.08611540300684448,0.07544563418259459,0.04003713976389252,0.15016542029137736,0.04197289006491649,0.03647905887650762,0.044291390312420874,0.05218465040894284,0.08710038576048773,0.046574979107927156,0.09632112986020408,0.060906549936757974,0.05202876230322488,0.11914888500389774,0.08168213121538596,0.18187756279040235
2023-06-23,0.0854523700225734,0.07594746004590715,0.04048879413031602,0.15000992320418702,0.041521722807251665,0.036499872801442824,0.04450210186612436,0.05227791884174075,0.08724655895601885,0.046564826217283486,0.09591876618959277,0.06085458973591371,0.05201875801123911,0.11905340925924654,0.08154256751822445,0.18217104218578906
2023-06-26,0.08715408224330352,0.08574667591274536,0.049732125217192516,0.1481168576533865,0.05922227868860799,0.03223966171664083,0.042015145678857266,0.0630690183582537,0.11334932365025856,0.052731687446137605,0.10448532223964191,0.09881718262598829,0.07264623950066483,0.0961126175202829,0.0703336824021067,0.0742280991459317
2023-06-27,0.08750485201414075,0.08587822234367194,0.04948904716426011,0.1483361216447793,0.059279130432960854,0.03237850346186616,0.04185177700884905,0.06272067575993068,0.11278976984956351,0.05287819397136144,0.10501316260354705,0.0991142208683016,0.07265784794369237,0.09560752706740241,0.07053166633195922,0.07407993395575976
2023-06-28,0.0872654633290569,0.0855283621027482,0.04975182511636605,0.14435124612011332,0.05882071227222998,0.03219305319091719,0.041743312926468976,0.06319542818858419,0.11348167997542002,0.05282923496775549,0.10562192957359504,0.09871209188890999,0.07249284949279218,0.09812422598702111,0.07003911374481969,0.0741295931222118
2023-06-29,0.08721271894319282,0.08584980980879119,0.04979457344181995,0.14264259973098034,0.059055600916008776,0.03213820334821233,0.04151516250153287,0.06315180911480218,0.11331466811420064,0.052601086471254284,0.10564433560826256,0.09861718057635596,0.07241589177886969,0.10015820587959991,0.07014665983281965,0.07423494598470454
2023-06-30,0.08693477793331814,0.08558917970001023,0.049969999359809746,0.14345198916010185,0.05827327366573359,0.03201879939755872,0.04181820151019193,0.06318132342587263,0.11343163243598813,0.052781185109633685,0.1058192376389236,0.09864057613840534,0.07253728919009014,0.09893696575148113,0.07009729205606044,0.07416796384433072
2023-07-03,0.06118021372891338,0.09564968634207012,0.05967321769159041,0.06047776493700545,0.03349019872650333,0.03391932469439429,0.023246399543528404,0.08260533741598132,0.09049143391649418,0.08988963056131866,0.17272290460542938,0.11864403386760289,0.07456118547078472,0.07031281042922834,0.10573382834942564,0.07740202971972936
2023-07-05,0.06117942420747896,0.09548912676950812,0.059959425585886926,0.060128279693535326,0.03350717694255518,0.03374841090313518,0.023201098288330942,0.08206200513410282,0.09008854974871638,0.08951257987619059,0.17345046330940203,0.118336030517544,0.07422517190196228,0.07164953026632212,0.10547443106290634,0.07720786969163493
2023-07-06,0.06116272968621499,0.09575556663861208,0.06020286508466765,0.06037091830041845,0.033223068392713516,0.03379776030576474,0.023348524147692912,0.08204382251861686,0.09022682966416803,0.08958488026713762,0.17282264065197953,0.11851552413475451,0.07419843166471803,0.0715688006826654,0.10562425725360454,0.07737805187322147
2023-07-07,0.06109547553027465,0.09654197336367587,0.06139289495137971,0.061569256343644005,0.03287733237538621,0.03410544756802892,0.02363341711387784,0.08181614374215505,0.09018609890790105,0.0897805654379374,0.17229912427084132,0.11885929939118689,0.07427419907223179,0.06934602145240902,0.10623637887172856,0.07768087677058222
2023-07-10,0.02765352255947468,0.07738287952810693,0.05938862561543508,0.0479796437971149,0.03919865416820493,0.07903060027578769,0.0564436349621384,0.09323047299570288,0.12167411537522711,0.17591254361742176,0.06577311609148967,0.09779823930398042,0.11740207536332348,0.03195580738546585,0.08821212273675973,0.07096394622436654
2023-07-11,0.02753736750734696,0.07688959328251475,0.05898792047686904,0.04686708850661284,0.039117215970827374,0.07900103761134075,0.056031579498099525,0.09385684371851317,0.12194714086689383,0.17591442020844392,0.0659891480049862,0.09790502981640443,0.11707370507587735,0.03301498028325911,0.08801846241213372,0.07079837402867169
2023-07-12,0.0277118840775013,0.07630389135246081,0.05848744251984523,0.04601627173065341,0.03908514379264563,0.0785816246569417,0.05603631082855733,0.09345773317789711,0.12192151077418922,0.1759358185191758,0.06637940409379059,0.0975669019118663,0.11705258579022682,0.03400149168107388,0.08814360434237513,0.07055230556417481
2023-07-13,0.027958172526355657,0.07539682580687518,0.05813708728982816,0.04543682342946448,0.039697162721042636,0.07853715741289231,0.0548858832631396,0.0942507659364831,0.12270113550082641,0.1757764070029284,0.06627089414892298,0.0976129349655662,0.11715053958185843,0.03421654570231598,0.08792697561556102,0.07058909920649174
2023-07-14,0.02809602931001013,0.07493670660621976,0.057785075412397705,0.044693428412914245,0.039982208591374725,0.07836318914174399,0.05399750941618491,0.09441275384090177,0.12347385901306332,0.17543236099411308,0.06642212751909184,0.09723346043519751,0.11700757198287359,0.03565273307632081,0.08779415296256578,0.07048083021530979
2023-07-17,0.05793327186328307,0.035063786956618714,0.011233647278943578,0.05801279885420868,0.037435605172674365,0.07817775157208495,0.04700186059029067,0.10010997677259395,0.09304859025320585,0.1396560464528711,0.03357027734365591,0.10927580567025086,0.13707698126156292,0.052475561292850886,0.10675172875786397,0.15317630990704062
2023-07-18,0.057847014555085535,0.03507302056841332,0.011215037490354612,0.05749684038473876,0.03740755738406039,0.07817189515404156,0.04678191463855864,0.10048407701593902,0.09335561429175651,0.13942891156362588,0.033478982146372856,0.10914297484222654,0.136383217692705,0.053551491599498964,0.10664776013671917,0.15295928205266884
2023-07-19,0.05811234123824588,0.03501597275743413,0.011101475996905372,0.05684258986291167,0.03742698849468306,0.07775750441364496,0.04674920049253576,0.10087900655772876,0.0935800885186976,0.13935382673323257,0.033675930625831046,0.10884559849189325,0.1366423249293747,0.053579715889582116,0.10656526789609307,0.1525282836113732
2023-07-20,0.058087394801331474,0.03490647164405432,0.010953531299431484,0.05660008528760826,0.0376007765068846,0.07737708667299535,0.046375655927326204,0.1003801437144048,0.09340996204951152,0.13972316162082182,0.03392469443145226,0.10878106557999345,0.13708049738574535,0.05431795854126404,0.106383690882563,0.1522482361266172
2023-07-21,0.05789021857614699,0.035077054811638524,0.01096337205850814,0.0581942084189959,0.03749289330255429,0.07732357269068461,0.04674849997328771,0.09961423332025887,0.09284396729832266,0.14075337335711977,0.03391333994167871,0.1092873728038878,0.1383429458837743,0.05128145382591155,0.10626777772300888,0.15246032064789197
2023-07-24,0.10250020951929976,0.046231291283803155,0.05175786959041111,0.0402563242801388,0.03563323141754819,0.0463383061456439,0.0209216321400366,0.05640036342471116,0.06254371182397521,0.22008813706647168,0.09562346480834426,0.17295518383194575,0.08284767234185282,0.040059924404933375,0.06385309895733879,0.11198957896354525
2023-07-25,0.10255646689578053,0.046146559159446404,0.050992510232033134,0.04024091839557161,0.035626552341024645,0.046270227593342844,0.021198483310346614,0.05627488345066096,0.0627280434629173,0.2200836547084236,0.09591951760692584,0.17282470896119081,0.0832431578384365,0.03956709341694487,0.06384362503854346,0.11211630669042716
2023-07-26,0.10288018570254102,0.045987060700507856,0.05092581494329562,0.040058558926100565,0.03567236070028321,0.046226048696530464,0.021252822822288395,0.05662103887757166,0.06303697143901398,0.22020838118333275,0.09571793935525952,0.17232658441893267,0.08309209923960394,0.0393999498174041,0.06382539668111284,0.11208319414109935
2023-07-27,0.10292390446904798,0.046009076020357205,0.051447957393343,0.03999750763064668,0.035582733073401686,0.046269616558427366,0.021026304090817315,0.05623700205219917,0.06295265210932918,0.2193563939582026,0.09594096849204085,0.17240450098573762,0.08276389733674618,0.04020238250228648,0.06384703877016659,0.11210831701207431
2023-07-28,0.10281828502174258,0.04628671183128077,0.05152215269768629,0.04052424710618462,0.035210625123710405,0.04651903343293628,0.021528685328127777,0.05643635622236841,0.06305074072391867,0.21899243989931438,0.09624108306203356,0.17279334527084933,0.08296421541917716,0.03926380050886632,0.06397835201830353,0.11244316097137505
2023-07-31,0.08595357623766321,0.04615374108631799,0.06651812251625755,0.05213254388242155,0.027545763965101333,0.06498510681304316,0.05059396924937055,0.07967342249276323,0.09811156691566841,0.08894936473348211,0.12863158892158652,0.09940069528712261,0.13006105176007982,0.059029864992890334,0.08663181924156296,0.08562780190466872
2023-08-01,0.08628108862079731,0.04595075971584417,0.06671553452053168,0.05133569904311034,0.02757381828729026,0.06456815199390058,0.050364810166838206,0.07961354750424735,0.09788546304254134,0.08864841771322811,0.12866877699559082,0.09924984758600985,0.13028999801218674,0.06007978649234211,0.0865782833052064,0.08554858434645872
2023-08-02,0.0858873352860027,0.04638946913147294,0.06752313486211024,0.05170140677849477,0.027276145959092866,0.06436386354793663,0.05051684015022168,0.07983367418503995,0.09814269384699784,0.08868087592093314,0.12867544432793665,0.09947487855113686,0.1301360407648477,0.059043660724381566,0.08666308346204198,0.08569928733560045
2023-08-03,0.08592381330836457,0.046867985718750865,0.06771061073268708,0.054051587328215696,0.027216877813056324,0.06519317844542576,0.05082076945754414,0.07929313990186972,0.09757551033890953,0.08932507380073502,0.12857646292731223,0.10010309706128244,0.1305717709352456,0.05630293469869936,0.08697769123951687,0.0859850996296078
2023-08-04,0.08617439827752833,0.04703335370307661,0.06828034250425219,0.05412512015810437,0.026908150068578173,0.06527452015046176,0.05143152395093335,0.0792935138927409,0.0974188563625239,0.08901663584423268,0.12815723985882563,0.10000477293269491,0.13078766053960633,0.055715692102110796,0.08708871710371137,0.08585628531666949
2023-08-07,0.15514456174490052,0.02795454223098765,0.038058514036236724,0.06376433147973824,0.027120372197002515,0.010676969861195375,0.01874871960794379,0.08815990970041458,0.10138996644396361,0.0881007907628012,0.10963185820064612,0.11682912441223114,0.07185101409516044,0.09581207925479074,0.12486935133891555,0.11188789463307182
2023-08-08,0.1543540401712208,0.027897271445712964,0.0377145942465786,0.06358430162977634,0.02689373159601906,0.010631825453297624,0.018681046021821024,0.08871203647467599,0.10179676802741901,0.08825267255573412,0.10985487097087009,0.11703113006619302,0.07197056137336576,0.09465003621622473,0.12431160112084892,0.11188950094359217
2023-08-09,0.15442033132118574,0.027993690498119964,0.03748675341842979,0.06424833695094705,0.027006695916061203,0.010702710658725145,0.018767479861747653,0.0888419790051984,0.10174234275136641,0.08833320742134027,0.10988072380374504,0.1170555545806668,0.07188375581563446,0.09447229893333609,0.12424706687330433,0.11200098363851724
2023-08-10,0.1546733020232112,0.028142947401885107,0.03766297877775763,0.06547346401393529,0.02720363430797059,0.01078083139365746,0.019020957231762347,0.08854540217808657,0.10168292511520155,0.08896698529733875,0.10985221017826753,0.11753106526043539,0.07235270542356693,0.09158311340155217,0.12491324973797303,0.11211670988372044
2023-08-11,0.15481040344063887,0.028281149749047385,0.038072333454275104,0.06542040243316229,0.02696524404980247,0.01078788268290973,0.018986819188943196,0.08870886469444184,0.10169527659054035,0.08903432550209521,0.10949990591422336,0.11785301946479212,0.07234680704790213,0.0910447495186651,0.1249916874806381,0.11232723023038794
2023-08-14,0.09688749305867028,0.12395275072860466,0.010565616950166546,0.08978914654912837,0.10620635144352833,0.050141019099907806,0.08361520012032052,0.056017895152925795,0.05929817340204171,0.05791149271701196,0.03614905437884576,0.13504520883307755,0.089947192222332,0.16095953601034507,0.04851114820857407,0.04500272112451953
2023-08-15,0.09675250195290185,0.12331204641562626,0.010555575172181161,0.08894625399579933,0.10558179675479175,0.04994945262004571,0.08405972965791135,0.05660819376742169,0.05984264829034999,0.05788066909478724,0.036155784017180476,0.1351697573277698,0.0898036761262469,0.1613417687886671,0.04844986913209625,0.04519138701390127
2023-08-16,0.09687814697089356,0.12423944663153938,0.01071305283509785,0.0902909681591777,0.10536258291736723,0.0503773547532371,0.085024740347534,0.056742076251454485,0.05980127023843095,0.05786129493295661,0.035903762477744273,0.1349865302018448,0.08972482422793146,0.1598294422229513,0.048833083160484986,0.04509050083093187
2023-08-17,0.09721481455844971,0.12525270538330663,0.010801738383799489,0.0915159612117919,0.10537444892707833,0.0506889886237541,0.08534807435152876,0.05661993767156678,0.05990510439254007,0.05814018766148777,0.035787001502973606,0.1352735455844717,0.0900737831758577,0.1575227719942464,0.049000754989607785,0.04510052400061444
2023-08-18,0.09773749325414106,0.12608113747647196,0.010928959013766315,0.09302768590882776,0.10589685146430292,0.05094274341816979,0.08581404405464851,0.05624759204613221,0.059905561824584466,0.05813904297827942,0.03577566869226414,0.13539825197159544,0.09024138629111852,0.1547197154256827,0.04939078833772351,0.045050886865701044
2023-08-21,0.07955413826449668,0.1712335761301301,0.03994443450395954,0.07212368877702689,0.11913983630615502,0.022610889300358764,0.11584950278753657,0.03452873920001873,0.04541011172710184,0.03892261711380012,0.04655140073829517,0.04527066877720893,0.06112623800512211,0.06594329558453448,0.05429928629772998,0.2374915764865251
2023-08-22,0.07953384951380513,0.1716106165045057,0.040097058101850096,0.07157476662480149,0.11826376933622756,0.02256704249793961,0.11530873140085819,0.03478267948004697,0.04568624454401075,0.03879066355088973,0.04649233747461286,0.04519384645931041,0.06068957150707717,0.0668825136224402,0.054125962154780015,0.23751912553040724
2023-08-23,0.07954096633600893,0.17131074955939296,0.04002672680193926,0.07206006781106802,0.11852584299053064,0.022649583733171507,0.11552541462117577,0.0346733753333332,0.045535532739129844,0.03874990355691742,0.04629372743194372,0.045161288934852065,0.06062083546776329,0.06681031023629234,0.054168092137454486,0.23774354969082556
2023-08-24,0.08009181614846105,0.1691552385734159,0.03945521896426133,0.07122685994556287,0.12064969857563561,0.02260752035088061,0.11204651351422679,0.03504490148057672,0.04593377252174678,0.038934472833601,0.04653259467092914,0.04541646958110496,0.06089927860266902,0.06823102612457467,0.05441060530389297,0.23829681768619884
2023-08-25,0.08017243789961254,0.1705234928737353,0.03971378786441232,0.072165715540166,0.12037951574107801,0.022676111969053628,0.11381731093776039,0.034674440077719276,0.04558100883027125,0.03887994780085673,0.04629956703323518,0.0453269032847896,0.06081415671472886,0.06619664588862173,0.054459341715677866,0.23872199378216832
2023-08-28,0.06831176591727776,0.10188286499150603,0.08096917928134043,0.15204663605625438,0.10826806546527287,0.07343726074484669,0.020562407116862885,0.044203399697379624,0.05824804254462372,0.054455431311935316,0.10549451549216263,0.044764627073241435,0.08858790553275127,0.095461810823715,0.049495390271081345,0.10381069767974868
2023-08-29,0.06836720994758193,0.10136460084978607,0.08064773848157564,0.1508691234046894,0.10828229911852859,0.0736551088681824,0.020367955353123728,0.04442032443347792,0.05841944361898318,0.05446820081073002,0.10601959383596858,0.04481233122225307,0.08883315489573376,0.09536848346542064,0.04944584042721402,0.10374541805873062
2023-08-30,0.06847835951164778,0.09996714468649637,0.07984080797775701,0.146821742763314,0.10870472415791278,0.07308035086130155,0.020117427617387832,0.04477507841056861,0.05879906969522617,0.05443626147568359,0.10642393137261974,0.04477306492734926,0.08858434269406411,0.09969823239787266,0.04932198380706078,0.10316533292968995
2023-08-31,0.06860502828317595,0.10037799163223915,0.07958625052874031,0.14591076828446295,0.10854262242955673,0.07275812778392181,0.019940528764460362,0.04487238854491051,0.05891612895393942,0.05445642797543073,0.10641220504690015,0.044850898541026175,0.08874549943386383,0.10029268466955185,0.04932350415165442,0.10316026512959366
2023-09-01,0.06863582576335303,0.10026960495233639,0.07946283072815302,0.1453044162249599,0.1090128535406106,0.07228218233563893,0.020060892702167515,0.04500645208043391,0.05912094293287359,0.05432203730982937,0.1068383030002839,0.044884085339455905,0.0885906305815737,0.10094268054611318,0.049288661440387294,0.10353340533323721
2023-09-05,0.05752187499727914,0.02838213907070454,0.04303485274692953,0.06173782241796177,0.03254682335826495,0.04418160208385405,0.043115972327521554,0.16970415001657085,0.11722205427551485,0.033466563565384556,0.036576320579980046,0.05626802180676544,0.04388244357410676,0.11605872335120143,0.0333911682149808,0.3329094676129797
2023-09-06,0.05716946967738391,0.028685322432624328,0.04381724776780524,0.061718635540554304,0.03229128773657634,0.04387520339036722,0.04379313516984618,0.16906924015930508,0.11670948191294231,0.03327305018089715,0.03623480799557588,0.05603533404136768,0.043646488912122736,0.11724749395762497,0.03323577218943066,0.3335206532112348
2023-09-07,0.057021258877713324,0.028745991377750867,0.04387662238863546,0.06178293303405814,0.03229864092533135,0.04393490518500938,0.044057951408437795,0.16877179819981183,0.11605718173852807,0.033195944891125075,0.03618009870345226,0.05609371076170433,0.04350888845066347,0.1177963511546916,0.0334470125779295,0.33381411673197103
2023-09-08,0.056993456741518476,0.028594967206387035,0.0439579376193362,0.0624066620751833,0.032322067354582845,0.043946505738105136,0.043703615475395134,0.1685226683269132,0.1157894058372401,0.03336348912777439,0.03609690150268146,0.05626170757455874,0.043661439333761924,0.11755037589264773,0.033421130290282645,0.33437694510769317
2023-09-11,0.047967680100761426,0.04573948130000071,0.16247565555952498,0.03913882014880732,0.12174296342650798,0.011897947955126916,0.018403438305737093,0.07144279370740976,0.05089520456269311,0.04774140775238903,0.0715337921630354,0.0948782668352621,0.1115525189207345,0.10348399624602328,0.047675617427952184,0.20343041558803415
2023-09-12,0.047761689775687934,0.045664146730001756,0.16219801852612334,0.038860300339152214,0.12112994324318338,0.011897276288862627,0.018440569738675753,0.07153109210824027,0.05083594821967354,0.04770480446782382,0.07125761496425588,0.09482824181132095,0.11126881154211156,0.10518848756202431,0.04760240701995688,0.2027065322843304
2023-09-13,0.04786565714071866,0.045868525897678154,0.16261897345171272,0.039142461868760275,0.12163197889208646,0.011939659939616423,0.018554684890383106,0.07100301694950167,0.050622292431671906,0.04760141284826313,0.07149699547084186,0.09463805848073745,0.11164435244298988,0.10400183215634619,0.047617775570024876,0.20311938327168685
2023-09-14,0.047821778309556334,0.04590792973355707,0.16247790372906962,0.039403234709359344,0.12173480995061375,0.011921017244838981,0.01851967771626681,0.07118890595638595,0.050808739969488044,0.04779537062190115,0.07144463113053816,0.09499239529169885,0.11173466580671028,0.10282914376221755,0.04767811574019533,0.20358965712282062
2023-09-15,0.04776122860662093,0.04591033375096652,0.1619531520472869,0.03931788004347937,0.12129281934275088,0.011872032822069067,0.018733271147532125,0.07131777938363174,0.05081497848880116,0.04784861563434244,0.07174934130794575,0.09492140726421894,0.11223943293023353,0.10260281352358942,0.047595866099958556,0.20233812312973523
2023-09-18,0.07824106958346642,0.13704872066606008,0.17536505875844668,0.06776381200033535,0.08102457031439461,0.06392130989354768,0.1353547618920381,0.028194530721420134,0.029247289150466815,0.045967171206008794,0.056117027295159355,0.06905025527324193,0.010634159312237247,0.12458820247062771,0.09577987353685558,0.0517021879256934
2023-09-19,0.07844279710929512,0.13715158631560853,0.17636870483030254,0.06852034828540077,0.08134936979207567,0.06396928777345952,0.13550668573228683,0.02827447965404799,0.029350979945674576,0.0460631356269645,0.0560755834367856,0.06921477103388787,0.01065104966053277,0.12164139557515842,0.09582016666930183,0.05178730286747593
2023-09-20,0.07815715165726195,0.13742059960915554,0.17653569449478468,0.06907151896605561,0.08076725385418931,0.06411518496460743,0.13735172384165387,0.028204935528450152,0.02927883983111818,0.046050205787099896,0.05594195132816074,0.06899319756488938,0.010587691142383629,0.12004774945147599,0.09567231759023129,0.051687976132976765
2023-09-21,0.07854423726210304,0.13754558531156896,0.17618755093985303,0.07010072150920899,0.08096289582442164,0.06440495212457914,0.138160977026498,0.028063148639591372,0.029146922995589703,0.04631235587643842,0.0558409488697189,0.06911015870227448,0.01061545062459924,0.11854472752637574,0.09594364373779592,0.05168826587690013
2023-09-22,0.07901693978244925,0.13925411596484957,0.17867907554381224,0.07141349383615918,0.07976160460758196,0.0647309099976532,0.13975449175781926,0.027729354085638744,0.02876617481467433,0.04601993202580121,0.055441566734136215,0.06855234460557616,0.010604338400028567,0.1156318805551118,0.09594671751303256,0.05138123349751861
2023-09-25,0.060606246620018046,0.0982819289460046,0.10468585676161983,0.09472896991584667,0.05654706976627123,0.03961516649737633,0.1581424310738525,0.07051968352810703,0.07307701642271662,0.03178828939768304,0.07716565354597046,0.04435979125799258,0.12636079400432232,0.13543278479325904,0.020619091636460505,0.05806922583249927
2023-09-26,0.060503609782683564,0.09875234004927519,0.10486251245249724,0.0948323862601013,0.05565846912879592,0.039577496485993596,0.15801518664277883,0.07062145625256198,0.07318033855372288,0.031766481741082174,0.07729663687420063,0.044381864613287386,0.1261566947747407,0.13510607186979737,0.020600462805353062,0.05821345922933692
2023-09-27,0.06051402617230806,0.09986030416653187,0.10564097309794689,0.0958278743998479,0.05558738904135782,0.039728130973043105,0.1591775567984185,0.0703398998084533,0.07271864298395879,0.03160571988808589,0.0767705804482871,0.04412401873111134,0.1260642830104083,0.13475289590796793,0.020661814556583967,0.0578951999027574
2023-09-28,0.06022630108330781,0.10039697246105797,0.1061028246050959,0.09451543225582815,0.055150199638827196,0.03965925098584994,0.1605083826186045,0.07024304083798008,0.07264947466101027,0.03139729531355915,0.07672021907009806,0.04389574872282148,0.12550567865502502,0.13518006187360534,0.020579620926971035,0.057706154370241014
2023-09-29,0.060223872812100815,0.0998756841749193,0.10553212100317162,0.09412228291306171,0.05539316466791043,0.03951928732627892,0.1590310842768974,0.07051865765063657,0.07286609885107657,0.03131402037162444,0.07687521022072663,0.04390108044897856,0.1257386905092604,0.13614908713115453,0.020555520203614234,0.05777907137693347
2023-10-02,0.05838061308364871,0.12484117829464636,0.12363415650208506,0.09629271871713571,0.0640712424050171,0.05349159942494594,0.10637831011126153,0.05974935497704885,0.07276798834947579,0.06714644495035951,0.06415506604934998,0.06429864919756414,0.04923002701498612,0.14801009168285642,0.04570527951564002,0.05184727972397892
2023-10-03,0.05805487695610594,0.12569421545662474,0.12494067800091388,0.09671641370918453,0.06333145508649084,0.05353988198683467,0.10692395201696245,0.06003802877031933,0.0732656362345074,0.06700399092154032,0.06384780732960522,0.06429383414873444,0.049218842776785836,0.14630046348958223,0.045829950377804,0.05209999098884808
2023-10-04,0.05814959129133682,0.12734005010886956,0.12615032992338515,0.09921103218196219,0.06273446757244913,0.053994426648736014,0.10780720497702925,0.05953357746905271,0.07288976292107505,0.06708605510152948,0.0636200798125966,0.06409297666579047,0.049259527413439363,0.14336209109033723,0.045928605248810296,0.051830933616692845
2023-10-05,0.05808692684156948,0.1257285829132093,0.12427873619370709,0.09866121396427813,0.06319636278722919,0.053981470928205606,0.1068725675936732,0.06004203943341883,0.07348873255304313,0.06753517861197501,0.06364521503995467,0.06465669066667656,0.04922159873289057,0.14553393085675365,0.045962157934443595,0.05219925938265244
2023-10-06,0.058258319033843396,0.1260210591813657,0.122615800599258,0.09997903014199558,0.06318653885622721,0.05404316669624857,0.10605641028063602,0.06014900557933436,0.07377026644884488,0.06763106478945087,0.0638024433014695,0.06456785585991749,0.049286826590287665,0.1460627666538612,0.04616358208562645,0.052350277486919915
2023-10-09,0.07419749362176326,0.08218902810542417,0.019129733599117505,0.07768090747221872,0.2136761903920775,0.03441898918604694,0.08976367648315353,0.056943989463354654,0.0552679383258725,0.07046839496629773,0.08876181982377683,0.06487089237076724,0.08001084938140965,0.10030319192411791,0.09330843629085513,0.04900846859374666
2023-10-10,0.07438588588423808,0.08086819262961417,0.018957841881934983,0.07734411114102864,0.21585382400090855,0.03423936505770027,0.08845975167650183,0.056890776731941206,0.0553158881159005,0.07056070585597665,0.08886795291528832,0.0647700024177003,0.08011274646709253,0.10000210214674499,0.09267381099847638,0.0489966993296632
2023-10-11,0.07422097786943921,0.08048493277968974,0.018770505074361114,0.07626108118139216,0.2159002601461669,0.03418117188359851,0.08790139635054499,0.056894283693367756,0.055193770944692244,0.07041729985669522,0.08891139146706191,0.06473557093069732,0.07994299863108464,0.10148529141021058,0.09253673226093337,0.048940766643561895
2023-10-12,0.0743373493876885,0.07968782273057055,0.018537575823933602,0.07622548366203122,0.2181032637039091,0.03408014401190206,0.08742889780735678,0.05691757733139523,0.05542211214283121,0.07033398421647573,0.08897100122411547,0.06474898614665096,0.079592357569028,0.1004552172326614,0.09220188390672311,0.049005381455201516
2023-10-13,0.07473021118999953,0.0810653679592178,0.01904264758237979,0.0773593306458066,0.2158153892701382,0.03437208707919469,0.08881839932706265,0.05709531821721836,0.05579893727870392,0.07052230774641326,0.08878149406891214,0.06503378570455925,0.08005277248524809,0.09783397687601253,0.09292383668610542,0.049225726433590675
2023-10-16,0.041186382557057075,0.0445584921084483,0.03372318652861526,0.10890723735883587,0.053350417189106415,0.01828109413634424,0.028006084714663832,0.15653891543675064,0.09457544346874902,0.0706108469090108,0.11010963611117482,0.10291258280368745,0.07809404987493063,0.11865376900938326,0.09287442574431934,0.09761743604892309
2023-10-17,0.040952641348763454,0.04443348958755486,0.03362549819541305,0.10721499080345762,0.052619121168930194,0.018172066846245248,0.02769719035439925,0.15684319604670086,0.09469071037624385,0.0705660673739323,0.11030468687651883,0.10280715283383088,0.07788890485362757,0.1198635024656918,0.09221581022489757,0.09767235562569565
2023-10-18,0.04091183601370491,0.04484349808311831,0.0338927029608551,0.10655320276877801,0.05224057196295239,0.018153366200578232,0.027851162005155257,0.15617166458434686,0.09423224013779523,0.07032841558305701,0.11033659694461204,0.10272190091754246,0.07768138418372983,0.12149164271915168,0.09197882152464795,0.09737819153279886
2023-10-19,0.041370410511993624,0.04522679413533223,0.03461049798902256,0.10943556754519118,0.05239966146032677,0.018268845168505635,0.028246498155243993,0.15621090823049683,0.09424217199825803,0.07071478501872891,0.11029009210806417,0.10306287088599089,0.07838251183080715,0.11758140731533823,0.09259264024039288,0.09735528570167276
2023-10-20,0.041654487537514606,0.045743796234834766,0.03508993485404225,0.11077384253837025,0.05237193358183915,0.018350466709040857,0.028481095355882582,0.15646582361261296,0.09406254481339639,0.07054075405282115,0.11018938232673782,0.10316184976674464,0.07876240110103036,0.1159606478839334,0.0931744939132062,0.09728375763841923
2023-10-23,0.06915061849762817,0.04428140162499421,0.04105550435932842,0.12305872194420595,0.10226284352296515,0.0364931786502193,0.07732214560620423,0.05383978738770313,0.04997366311710376,0.10221251594283279,0.17363201777151294,0.11790947479945385,0.06113084445618953,0.10222375228754021,0.06318687356773092,0.03226665646438757
2023-10-24,0.06919135197550146,0.04416676989423153,0.04068324116155766,0.12322053997688324,0.10274391473525754,0.036629800944389376,0.0773815717759838,0.0542575896607109,0.050182011626121736,0.10212054668705933,0.172645484500017,0.11805938674511113,0.06113398811485846,0.10293268732866283,0.0633772838355301,0.032449896546669105
2023-10-25,0.06872941692028034,0.043665275936084436,0.040237179211981965,0.12165591833912255,0.10301722667379751,0.036502701456656135,0.07659772455094314,0.05435750322185731,0.050149301292798744,0.10208095763367218,0.17279538566757077,0.11792983335522336,0.06084501996786629,0.10511717843202406,0.06317337386294854,0.032337715006730494
2023-10-26,0.069039007521951,0.04447671244325986,0.04119305462433551,0.12526386929474478,0.1024303047771408,0.03669319677046468,0.07761114462610667,0.0540187953927884,0.04980479385907847,0.10277683809420483,0.1724967854534532,0.11785062815013178,0.061414314328826186,0.10050534860424183,0.06346788633217221,0.03240767019765691
2023-10-27,0.06934935617194406,0.04446539706562654,0.04089824642133039,0.12648123793674323,0.10381671509087849,0.037009104791019355,0.07752108986980118,0.05347848210872021,0.049294522818906714,0.1030413140449961,0.17301554005371328,0.11767175701463692,0.06123205283771138,0.09982391145345354,0.06357039978008538,0.03238141576050715
2023-10-30,0.08823214290669376,0.032498935414520244,0.019960309193019,0.10211082914744413,0.06445272114941289,0.046714111349873036,0.05630961141141883,0.05052353685080751,0.05322008394602503,0.06348609708235298,0.11129751256209604,0.1911258659481424,0.114565738049618,0.11821140229837487,0.07639821900823048,0.06089288368197079
2023-10-31,0.08792083555002932,0.032147449169838915,0.01974464131261326,0.101288810536281,0.06397165414142499,0.04633805065920824,0.05558383700875254,0.05066100458648778,0.053453305838581655,0.06358190547531048,0.11117221147559384,0.1918323846566187,0.11509305283322412,0.11791313188606505,0.07629697735491375,0.0609881827899768
2023-11-01,0.08720240680717777,0.03211389506450154,0.01962576812544747,0.1006811264183196,0.06333982046303814,0.04610425966754715,0.05498982425976179,0.05052251768264958,0.053320391441948084,0.06359253601327135,0.1115484474386477,0.19232820743399914,0.11456190856768224,0.1197922644869911,0.0756652543017919,0.06087720733383037
2023-11-02,0.0866572401624319,0.03152199463337561,0.019358573068624842,0.1007184008258172,0.06379535278889821,0.04564383876653481,0.05499885123728692,0.05089021659203282,0.053434584946503196,0.06347333586319817,0.11161964119655046,0.19248320382556283,0.11399975248657894,0.11960155195500621,0.0752804558779525,0.0607952259207749
2023-11-03,0.08587063829008304,0.0306659380242378,0.01882011123655607,0.09702794253990606,0.06386025593240373,0.04470708605827941,0.05394184686310686,0.05081223208992776,0.053450276775047614,0.06307478855406196,0.11151736224067621,0.1909320514706615,0.1132970378726006,0.12712185054575761,0.07435175129246226,0.06003657267522923
2023-11-06,0.1322123967645779,0.09596718532150364,0.045978836806075736,0.059529549930678126,0.07179919869783961,0.03136289177995348,0.07953005751234166,0.09621061656166523,0.06267981906143898,0.08653058430288095,0.1328471647452247,0.07795676154879187,0.06363405236246146,0.05684263664035739,0.0668126021012004,0.09010564586300875
2023-11-07,0.13161251385948386,0.0964209853920394,0.0465706988171239,0.06008642659875825,0.07133107564413564,0.03101572081414718,0.07986654587998829,0.09668495808528461,0.06288005484727757,0.08664664847557374,0.1321120473705504,0.07812355406048183,0.06372518353539286,0.05588490763575526,0.06677131309572995,0.09019591493409987
2023-11-08,0.13066603426064372,0.09615860781036502,0.0462078507383106,0.059807318791483266,0.07162937790136148,0.030989939088075284,0.08005664259494309,0.09683816640886396,0.0631668631427625,0.08659935880233807,0.13191147008122167,0.07794469542314521,0.06340558280714101,0.057494372044729146,0.06682444834101442,0.09026057683385158
2023-11-09,0.1305037042842069,0.09612853884983656,0.0459230718218147,0.05991714922637408,0.07220531151232625,0.030987048067858323,0.08029366267812414,0.09742496366942059,0.0634782130415598,0.08685240698384743,0.13093129534945605,0.07814613532369083,0.06341249606728805,0.05679741386190075,0.0669471650648358,0.09047175935627563
2023-11-10,0.1309655132835377,0.09742745248923684,0.04676726967783191,0.060628195696200406,0.07127732036346893,0.031085859933915026,0.0814708242951462,0.09726449491703265,0.06333115281053452,0.08652875979298678,0.1301458370329307,0.07803211067112473,0.06345619117468608,0.055266288619885244,0.06700225584970616,0.09081200417657478
2023-11-13,0.09538554978494868,0.09478784131516968,0.05211014505211906,0.15448570293557476,0.05617511243040985,0.17202591920216267,0.037863699988187845,0.08188924811885977,0.05735412272684419,0.06497992627588092,0.02934336033622364,0.06259785457852714,0.06278180520933292,0.060960217459438776,0.04555630503597878,0.12170318955034143
2023-11-14,0.09551252291809874,0.0948590355587603,0.05224211133698909,0.15451098562721235,0.056061262903576915,0.17158326778775407,0.037732677058749026,0.08210870646790744,0.05724052733852472,0.06497722577201355,0.02922057968565125,0.06257831932107179,0.0627262259571151,0.061217292777925356,0.045617784879578044,0.12173345573132131
2023-11-15,0.09665844527418294,0.09229195716409128,0.05050045923004316,0.15079674089605258,0.05714013349647637,0.17220087768197723,0.035977295888565616,0.08311074889431218,0.0580145553583673,0.06544331046050099,0.02987872493684898,0.06278256663767104,0.06303976501772209,0.06407999287270628,0.04571538503123358,0.12125623025957386
2023-11-16,0.0966284056639061,0.0929092579960963,0.05089664472647983,0.14890339536555722,0.05677154110831664,0.1720431698081304,0.036279240053051276,0.0825747660735265,0.0579076071407658,0.06533091407631918,0.030074230428661083,0.0627135042469422,0.06305362059059719,0.06563900396686931,0.04576390068202111,0.12117004716517656
2023-11-17,0.09685191581415985,0.09233883303567667,0.05043326735021812,0.15015774623640182,0.057196162546677344,0.17153371340267715,0.036580321540589836,0.08311573704016498,0.05802005540799332,0.0654952384768745,0.02994263806393936,0.0628596467682603,0.06290720046270862,0.06458012667300815,0.04577329732760986,0.12149879223868733
2023-11-20,0.0490725706664199,0.07345947525066138,0.05936308797250443,0.026281269969223624,0.11202495557185617,0.02301323318026523,0.04696878524622064,0.12937503021351043,0.14412562514931057,0.1613310411340791,0.04708496850110148,0.0967436758035572,0.033244670488427205,0.047275924998487824,0.05000714854902242,0.15062853730535228
2023-11-21,0.048874554834530175,0.07276262184485636,0.05930046695121768,0.02589972165031848,0.11219599466086734,0.02284040630491007,0.04671180903839668,0.12986313510181688,0.14439463352519954,0.16088322703416483,0.04700760362310199,0.09612301123689708,0.033187856746135336,0.04824988019529569,0.04989184374361609,0.150255108942657
2023-11-22,0.049003206708237934,0.07287847558559593,0.05946937474552386,0.026213636518158792,0.11208496711959319,0.022868424795843518,0.04678701924294707,0.12959331763530982,0.1443052205540553,0.1615744735447955,0.046708031635806085,0.09654242043346282,0.03317209063769513,0.04722189707114954,0.049936660664090526,0.15038742397983537
2023-11-24,0.04871881794070281,0.07319544424266626,0.059269327516145484,0.026057473407518038,0.11188337746111403,0.022791421768570446,0.046795665498565724,0.12927902042866166,0.1441454962885336,0.16203906421173375,0.04674132319596552,0.09642048874159075,0.0331047497001585,0.04751506683193152,0.04975282765370306,0.15004006477031748
2023-11-27,0.04176245333802864,0.03575763363584349,0.13723249725632364,0.048023485677973946,0.04497360647101926,0.021391727642602533,0.02748161417194852,0.13050859204746051,0.08704828634235764,0.061776255655210055,0.08355397070969021,0.13341542570146214,0.06374062995898525,0.08763752517014915,0.13521755960154552,0.11047873661939948
2023-11-28,0.041826256897847094,0.0355573765861256,0.1370045948466541,0.04797376997771016,0.045341327057032706,0.021370403657916766,0.027455081851828277,0.1302584155755229,0.08686975506369637,0.06166259616087443,0.08335464873180595,0.13324608950348046,0.06354778184328207,0.08883287004087206,0.1352985567727506,0.1106323107333628
2023-11-29,0.042029032748076,0.03533762589164881,0.1360960684452914,0.04734470734042783,0.04550108179489477,0.021369844767478965,0.026904752296953504,0.1297730574004627,0.08677793171727742,0.061576101206311074,0.0832096826438406,0.13317543527342904,0.06363769282877839,0.09124434215576709,0.13551784813273193,0.11064979114524215
2023-11-30,0.042182107880401984,0.035179252369527333,0.13527072223043105,0.04702228689570463,0.045882209970985355,0.021377033892323174,0.026579021961208732,0.12974610691447527,0.08679177527191746,0.06155143697689957,0.08395214986094672,0.1331408899139381,0.06357108445654114,0.09169536339295938,0.13569575403710057,0.1106722744829789
2023-12-01,0.042153654215312364,0.03534786279185965,0.13498365943023719,0.04723574458196213,0.0454717400255228,0.021366241979586392,0.026695913884303615,0.129443742903605,0.08696656913922003,0.06207912434204393,0.08441768688434256,0.13343338333442842,0.0638568801045255,0.09001860369982498,0.13580711603112577,0.11066445993317983
2023-12-04,0.047625646431199056,0.03750671349396298,0.04107091345989807,0.03692855766726736,0.03903996130832447,0.07614494115019613,0.040019034205219066,0.10289244413725035,0.11634888456722806,0.09216486858131319,0.10233893310345485,0.12068804221508936,0.10325165996587099,0.049363054267886376,0.0961485817850042,0.14846776366083553
2023-12-05,0.04711955840240549,0.03788813587848364,0.0414735003557226,0.03680207107911327,0.03872447825442383,0.07603390797154294,0.040442484637221006,0.10202725586731157,0.11607308662071407,0.09236721767762585,0.10240247791525935,0.12114906066197548,0.103532203261626,0.04976290527191782,0.09603358977267397,0.1488473370390304
2023-12-06,0.04694324488119596,0.03768670406127945,0.04102078802593377,0.03719024533753449,0.0390886573461381,0.0761258160689306,0.040477687320451594,0.10230138716550566,0.11634286875774698,0.0923144066900407,0.10227196455693993,0.12097924556629493,0.10338660710135866,0.04946259637406612,0.09646175905600711,0.14933258699997254
2023-12-07,0.04695662662796821,0.03779898165124835,0.04091743755562096,0.03727331987204185,0.039410182711882,0.07634501856905679,0.040884431788395195,0.10155847988838326,0.11626399790069479,0.09242397883447874,0.10228483005438258,0.12136092791777511,0.1030911119238476,0.04934710132067744,0.09645665314011784,0.14957502586278998
2023-12-08,0.04691030566790163,0.037318897560748444,0.04038668637446709,0.03686611129405495,0.03925977310842915,0.07632299436827215,0.04077565977900266,0.10263273480321955,0.11670098829033734,0.09214343530557018,0.10281793994628659,0.121008810775769,0.10263937607590713,0.04941458936215567,0.0965280000784373,0.14926023878496195
2023-12-11,0.07068942890209409,0.032627308384239384,0.039142643007824246,0.1509261183813729,0.09454909209796389,0.04150674166626579,0.027070683587489063,0.05574181055566253,0.09206588713803886,0.1361692168479667,0.11744978451436898,0.0711032448935729,0.05483383267792556,0.09404905837561037,0.04943923521831421,0.12263591375129043
2023-12-12,0.07029214155164402,0.03264665924928163,0.03941467160841137,0.15067948946136292,0.09369241232483878,0.04141146973080182,0.026956755675884878,0.05609247498449241,0.09246968376858254,0.13697813331585007,0.11821700966780883,0.07120755523552218,0.054942887340081986,0.0924154547157902,0.04929524997976115,0.12223581771143557
2023-12-13,0.07011585936552293,0.03237790700404333,0.03893826930661898,0.15151112774370248,0.09343849936251711,0.041352034463786665,0.027262200793557644,0.05643970060179053,0.09293764207058856,0.13719000002231066,0.11749743556242162,0.07135210950051701,0.05488641134383707,0.09188013654632547,0.04914568028352282,0.12194818629554369
2023-12-14,0.07037918898934863,0.03193360741104945,0.03811295988399949,0.1455667992101686,0.09508317560061562,0.04138891654540083,0.0262052341609577,0.05642156401776634,0.09337761701428532,0.138006103877479,0.11852257299069952,0.07127260940546427,0.055236881657042984,0.09463958903641437,0.049307531670430935,0.12115119750000866
2023-12-15,0.07167484664809871,0.03159108763619503,0.03782655627634355,0.13855010882309568,0.09729325203477696,0.0418341356218975,0.025792464864682858,0.0560466302520829,0.09325425008239623,0.13653223471286355,0.12118464869899984,0.07098221851739127,0.0554156650062874,0.09806668247149337,0.04930774514019558,0.121095426652976
2023-12-18,0.044151288735110004,0.055780902006442465,0.17999860090861503,0.05417087661907059,0.05891805135506316,0.030719472627273352,0.04040009146438327,0.06474697157561601,0.1313672155371454,0.08249376012775739,0.05585910676933509,0.09168405906172987,0.06288032341265191,0.06216154512561193,0.07770082647828166,0.15696690819591297
2023-12-19,0.044062501490130544,0.055495416851282134,0.1799606724794014,0.054472547852449586,0.058568968971222504,0.030556198383890877,0.04027104509908758,0.06517741511580834,0.13170494978420536,0.08262154034794096,0.05552073107679883,0.09125015868583382,0.06305638912522063,0.061841416669273085,0.07766047901857748,0.15668688885338042
2023-12-20,0.044105702844507,0.05519094697501004,0.17953185521660817,0.05325145484950691,0.05849046979202488,0.03056165551988879,0.04012887768570564,0.0651974026913047,0.13157806873984268,0.08232659959763304,0.05576739414249845,0.0909144111369285,0.06295192056105527,0.06404314309960928,0.07735842192288252,0.15614339071180805
2023-12-21,0.044247210045743876,0.05568718273925204,0.1815385418616752,0.05439190231248237,0.05896031068212686,0.0307352427347503,0.04032848493879946,0.0647693986973294,0.1311804061183866,0.08202385033131589,0.05535479688311434,0.09131899037396592,0.06289271784539197,0.062052148064428055,0.07776625133097217,0.15680184290680385
2023-12-22,0.04427133776081687,0.0552441809951985,0.1793226798189072,0.053324479448508086,0.0588591279592065,0.03061952660271962,0.04025572843224408,0.06528033004738391,0.13163619638682625,0.08219410200953678,0.05570608607920422,0.09121273492731645,0.06305960146997239,0.06329396344406427,0.07782469622927565,0.15661004277630144
2023-12-26,0.09759880702956483,0.0783573925575198,0.10122191271026082,0.0929532694027009,0.09777001073860563,0.09451163190949724,0.05482035772577551,0.050593878816629086,0.0601591694828096,0.06880370837067161,0.09239532777800386,0.06814731585909602,0.074894604106806,0.09648827897568521,0.06169569889855487,0.059588635637818965
2023-12-27,0.09755678861761206,0.07790240149339245,0.10071846019734658,0.09217212468021803,0.09773293879045801,0.09434773302716573,0.05470886835421036,0.05067520950145878,0.06019206814232105,0.068701189012438,0.09294827122927692,0.06802696669510717,0.0748043024924767,0.09752282305375659,0.061492307639054916,0.05951394801521476
2023-12-28,0.09767478061709689,0.07766384402638114,0.10078641287579415,0.09182418971620941,0.09863118621443225,0.09404514735599663,0.05431457187366382,0.05060610698736232,0.06007520278919928,0.0685612210816938,0.09265578212873887,0.06787652356446039,0.07457060631581433,0.09799772926300572,0.0614132839226262,0.059364974188117745
2023-12-29,0.0975160211936716,0.07768837641772804,0.10044569593686703,0.09162984320023904,0.09831812402047088,0.09435823173239409,0.05432563558427992,0.05065202488590443,0.06014654023397003,0.06877744406414163,0.09284770288454518,0.06807351563812897,0.07476283073666835,0.0979256572451282,0.06149800995387232,0.05946288656252452
2024-01-02,0.056349216753118256,0.11210238295089864,0.04170439625851271,0.035434904149255056,0.05052944180725806,0.04039314929987524,0.024729391908781158,0.05705315393875954,0.07525808735107298,0.19973427945946168,0.06959877253924619,0.0665530956722416,0.19757377575373294,0.03165080381550708,0.09511317911230432,0.0962219692299747
2024-01-03,0.05619996813664823,0.11243900528209433,0.04150073968744432,0.03612814011616762,0.05029908294417266,0.040458900939628256,0.02507106744770533,0.05604713298325794,0.07476102532650325,0.20063693017238526,0.06974192593334676,0.0667674058299749,0.19824745948726605,0.030541144858190875,0.09511385808812031,0.09621421734061025
2024-01-04,0.05599321584234116,0.11273651454982876,0.04185299285368054,0.03763260560767631,0.05046994911524263,0.04060870895990511,0.025080034198799585,0.055847247538995594,0.07464993227373641,0.20117303771866643,0.06939051833020017,0.06672261175805214,0.19825650854631455,0.02948986160964615,0.09514276431061194,0.09636767635643698
2024-01-05,0.055935971304711785,0.11365282317016005,0.04176619992485099,0.037414850691954556,0.05003643446018549,0.04062337021895328,0.025310461876187608,0.05572473696557156,0.07441446007483962,0.20085938214086824,0.06904873558530322,0.06672236062449038,0.19870878090652702,0.0297376309782382,0.09527247956937916,0.09627627097701799
2024-01-08,0.07914208752098659,0.027721180639378555,0.07098446202323092,0.05701644665855868,0.08735711925994942,0.12486491729893268,0.010911294330389277,0.06792083085781214,0.07392786536572699,0.2245913198878197,0.06846917232041108,0.0997133063787431,0.07568088697977285,0.03604120662721937,0.09746534174787906,0.04819256210318959
2024-01-09,0.0787139554067173,0.027648867010830833,0.0705599074733011,0.055720331256131087,0.0871950284428098,0.12424609884699545,0.010856632742005011,0.06891957425815579,0.07436519558470081,0.22434414521481497,0.06856085894313031,0.09950985075680664,0.07541073296486399,0.036734454345926655,0.09693592708406772,0.04809361284678146
2024-01-10,0.07870479633974406,0.027764987783710313,0.07033280955477546,0.05637010728629404,0.08685727725727371,0.12438738855278804,0.010844329261524305,0.06936385956964358,0.07453571498169116,0.22459681775654827,0.06823348031963267,0.09974035411009909,0.07537180473548558,0.03627467714859105,0.09693999626354251,0.04825114324715057
2024-01-11,0.07848700039951463,0.02793212145160731,0.07042861804441106,0.05628764699310751,0.08630521161530963,0.1240729227304829,0.010856615633386127,0.06981935691437462,0.07474555344854815,0.22445871124287725,0.06786896496197628,0.09953335965587917,0.07542181527709901,0.03605043436579778,0.09734268910854982,0.04817278288230072
2024-01-12,0.07847258004102281,0.02773171396359034,0.07046414187757642,0.05664272549429922,0.08682555744071983,0.12422183383371206,0.010755124243775454,0.0703049811052817,0.07501771709577813,0.2244990927647606,0.06760501214904516,0.09967089693642284,0.075594787427565,0.03523798611476153,0.09678181371268686,0.048255228212947227
2024-01-16,0.048718171888569105,0.015099946369402416,0.05063363779563155,0.03256596867547184,0.10474726581474106,0.12678012788711673,0.10048959555508198,0.07904229576443181,0.14008360320358781,0.048079726352675024,0.09318561055555444,0.05969219496647214,0.09709292778890745,0.034148185890088,0.0358831641861918,0.1837575773060769
2024-01-17,0.04841107297197005,0.015237342014152706,0.05043136586959391,0.03315164458918633,0.10332746545819578,0.12691173058976477,0.1021137045469984,0.07947409167758292,0.13989059276239038,0.04808075097086321,0.09296276181871273,0.059716624727074244,0.09692737484849376,0.033800696338474254,0.03586903986283471,0.18443084090011108
2024-01-18,0.04815726148107053,0.015307622260610106,0.05026801927389835,0.03347763298115901,0.10282392495812175,0.12709279714090682,0.10423646104527809,0.0792354705714716,0.13970846379491172,0.048106400360399836,0.09241383290347054,0.05965004876147461,0.09694949229532361,0.033283201655595424,0.035857749647385286,0.18484632391761865
2024-01-19,0.04819129593912464,0.015289837833435772,0.04992242586699462,0.033206598969661494,0.10254848865675237,0.12667161554352985,0.10344321711240806,0.08005679843713831,0.14075455121904007,0.04821616703300878,0.09234466454757953,0.059771732117443986,0.09690240505509688,0.03300610117045932,0.03578568121518057,0.18462965323458821
2024-01-22,0.036453160702894706,0.28357371381236973,0.025174440011087297,0.14000575784344518,0.07492034817934504,0.046338629396838964,0.05124152064460815,0.07946910101248102,0.07286265555220285,0.09603382190717424,0.015413522321815445,0.09474471055841344,0.05258317297244291,0.07434461951528049,0.006854889091525411,0.09998593647807513
2024-01-23,0.03632543118200892,0.28381984890214185,0.025180017236247812,0.13852364075480475,0.07486389660125253,0.04612991519057031,0.050881539981361024,0.07944954603401301,0.07290581713513825,0.0959230854780226,0.015427223560142917,0.09480951264027747,0.052515621310798934,0.07580996235927813,0.00683949781795398,0.09986748163260131
2024-01-24,0.03633536546800896,0.28361660036036657,0.024934272732485205,0.1387312071295127,0.07460830880186499,0.04612637396244549,0.05057128356038984,0.07945999782790324,0.07268993635911855,0.09626423076848532,0.01547471448292313,0.09506504732584622,0.05260623926227131,0.07583570148053011,0.006830034074996555,0.09994421599184326
2024-01-25,0.03650174100478068,0.2833861538816779,0.024682874357601612,0.13986013572105496,0.07455894630645164,0.04621651024960993,0.05049136525766306,0.0804524695846168,0.07300889691120127,0.09609106946754593,0.015466995482795627,0.09495336301460308,0.05271420721260437,0.07426729254352682,0.006870646829620715,0.10021730336470007
2024-01-26,0.03651334588853246,0.2830204196419482,0.02480760493935984,0.13888326507900886,0.07497214519695489,0.046313712514104266,0.05028263759376285,0.08083173207841358,0.07307136435896894,0.0963888723355762,0.01564342246408799,0.09516772907920236,0.05296269339687691,0.07337860491759765,0.006861150934250763,0.1001300689437091
2024-01-29,0.07281779534101143,0.08779835350690868,0.046791764128907384,0.14559536402364162,0.06624968490876582,0.010032207289219637,0.0516448894113044,0.08377130801675925,0.08330439096732498,0.09379367580286346,0.022455847638261278,0.0888775189289915,0.06675540284778773,0.12328324050993131,0.046377367128757174,0.16045118954956428
2024-01-30,0.07269278780150604,0.08717956629950849,0.04701247757603616,0.14201256315427982,0.06634750686060546,0.009947086294084173,0.051190981712634614,0.08403644530765743,0.08337727160497987,0.09329502258467995,0.02234999734428673,0.08848242991551009,0.0664228604732037,0.12810774834358563,0.046074936655731716,0.1594281697757681
2024-01-31,0.072778446791553,0.08726384345736818,0.046583692096144234,0.14417199861697233,0.06649323196425212,0.009943438377186331,0.05144554121202785,0.08390203917280285,0.08342650481800958,0.0936643497042284,0.02248296370053743,0.08872388060517558,0.0668020087220046,0.12485291748905225,0.04599510983144411,0.1595743010869621
2024-02-01,0.07308238703212956,0.08737965506634512,0.04693322104155655,0.14779310660331244,0.06722943172886654,0.009980858252314664,0.0512360157237918,0.08312459462136428,0.0829413633293392,0.0936070334622017,0.022443980822761684,0.08902176223887834,0.06680193568140602,0.1220682721689488,0.04625091530795879,0.16042176436387953
2024-02-02,0.07269748531333436,0.08724529314626697,0.0467629837324287,0.14721664340097426,0.06763037633011984,0.009840319987074362,0.05031471859286874,0.08362253270385235,0.08301784985154234,0.09364286749923438,0.022391728135390667,0.08898570085466863,0.06676955620958745,0.12238526930894347,0.04583798858866451,0.1592246467072578
2024-02-05,0.07356513927266674,0.13124585170872652,0.01791640920113824,0.07416582821426537,0.02771476296833659,0.1082872213232843,0.03281259242102114,0.13615682976253923,0.13591787437992767,0.06296833689613592,0.028212431188265462,0.07410108609848978,0.09153047329976827,0.08038645914937245,0.0318314644421169,0.1431872396739453
2024-02-06,0.07341061030452344,0.1312551794888387,0.018035884667758788,0.07503050676724127,0.027499872916694625,0.10864175950079812,0.033235152651472,0.1371190972515802,0.13645925113923105,0.0628781598788383,0.028093738537304076,0.07409521640640948,0.09133582429032962,0.0782269506530856,0.031891606153835704,0.14393345145318476
2024-02-07,0.07367736896249878,0.13090656472146842,0.01794374216166041,0.07415799771322476,0.027623810159973866,0.10824271264503119,0.033107286724845246,0.13610424731119453,0.13628403668569197,0.06281324607799539,0.028134852481834616,0.0740028189030778,0.09127906666992658,0.08057811456107747,0.03193317977794943,0.14359235007008994
2024-02-08,0.07343224543043646,0.1302128235089578,0.017953316573078866,0.07358951416328238,0.027427412447358687,0.10783163649299281,0.0327585779813979,0.13746885317642946,0.13704744788159867,0.0627066208189373,0.02801498041388146,0.0737130542449396,0.0911889122836968,0.08089712211353382,0.031835254931556874,0.14279022601453437
2024-02-09,0.07323268260875747,0.1301423615059883,0.017981830733820797,0.07259688886600156,0.027178461178532957,0.1085473989987904,0.03282049149589603,0.13747526101745114,0.13678544831643435,0.062345711575557836,0.027906487556843506,0.07337222746541923,0.09077542232945832,0.0827205393969081,0.03170987040549301,0.14221449451247808
2024-02-12,0.04622320783123224,0.11912273980608913,0.07694154812277408,0.047955376266551754,0.03195906289668991,0.01791944411189362,0.07013765316143128,0.0905559416853392,0.0989875985391133,0.0724081047668324,0.033580594449226876,0.13066314466125498,0.0659583268417146,0.03582742802794467,0.011237220521235207,0.30052260831067684
2024-02-13,0.046254306248843795,0.11881917999185275,0.07707276190069544,0.047157414259962484,0.03204041498324041,0.01792996701633722,0.07054659082847836,0.08996101084949246,0.09891300740486823,0.07230409990230542,0.03392661468486385,0.13057295889845882,0.06601852354260791,0.03661853095934238,0.011229464414438272,0.3004626001721081
2024-02-14,0.04591604857862555,0.11888732952949545,0.07777558115833187,0.048882694795849585,0.0316840236334104,0.017966218607117102,0.07201917858948916,0.08944190961512367,0.09828842295699304,0.07220849406141006,0.033494287444868195,0.1307035554658262,0.06575397585171894,0.03478233967004231,0.011250430786668764,0.3023211129261623
2024-02-15,0.045841573565024774,0.11872928806007076,0.07726441615363702,0.047517057728691345,0.03172340366991815,0.017899245988355218,0.07169287114569271,0.09060231791367843,0.09859990406866483,0.07206941657713999,0.03356858748186758,0.13052061783706798,0.06563406457154679,0.036432112397613826,0.011194968566195219,0.30034859488984034
2024-02-16,0.04603699320138217,0.11891742055798701,0.07738423632575615,0.046820667707702525,0.03172966739597707,0.01783753803606154,0.07141136295930849,0.09034617570846087,0.09870246635404836,0.07223084014278476,0.03377072552483009,0.13032092465940412,0.06569228622018633,0.0370787181579271,0.011193890094279612,0.2989863664372751
2024-02-20,0.06818701507357026,0.06911230883964074,0.11869344310893808,0.02875850003502907,0.05323613461569672,0.043198422239049135,0.10671071869739425,0.11292692962519105,0.08428813251125694,0.06343421676803326,0.06108145029255202,0.08746517820598819,0.11296711101544457,0.06082707876967333,0.0833377641598311,0.0957755960427113
2024-02-21,0.06853040322398107,0.06918702671150975,0.1183746484378373,0.02932569058532153,0.05348919849068519,0.04334659167443919,0.10618016638425086,0.11246236176118855,0.08437645568647259,0.06394580065017896,0.061495520729540384,0.08826146151385193,0.11363123037298717,0.05934908811791156,0.08377423564283111,0.09641159160345476
2024-02-22,0.06859843259063374,0.06961689163491025,0.1179195220589707,0.02963229072147877,0.05346341183427131,0.04345594612596163,0.1066692815957778,0.11151498388814736,0.08456275523189812,0.06418321464097343,0.06165998630010559,0.08869137027489359,0.11415529703916844,0.05770171637241761,0.08390795737930289,0.09656027056575531
2024-02-23,0.06804979566389824,0.06925483536484084,0.11686155543753338,0.029227618595221546,0.05290486978339242,0.04284344669791352,0.10610399820285314,0.11419023077312468,0.08546413748161338,0.06388883640476914,0.06105699359749348,0.0877875971984508,0.11361179029165004,0.05825810113587557,0.08313741574924553,0.09593736348972193
2024-02-26,0.08104980943669968,0.07985371032117104,0.13573582401722722,0.0854483467548223,0.07092010680192733,0.031240867620882018,0.10090907905807689,0.05250140295887283,0.058735032804971235,0.07818774988822297,0.11042817293985185,0.1251389797126406,0.08424527012038067,0.053522700830192144,0.048484964138139,0.05359798259592216
2024-02-27,0.08082080438131142,0.07978553612271408,0.13581201301736393,0.08497829913365695,0.0706454929041694,0.03125709825315009,0.10081746006034085,0.052635073316397274,0.05867305379605902,0.07781521308510206,0.11000513063582237,0.1252120152268763,0.08408034190812366,0.055362465715970144,0.04847917581245949,0.05359098064739108
2024-02-28,0.08099182186610555,0.08001719375086801,0.13529553607210423,0.08338124265193333,0.0703889928361906,0.031244505995155745,0.10105523472803422,0.05264593223060004,0.058645763279991374,0.07781252192732323,0.1103705077249838,0.12511759216954607,0.08378442935509821,0.05695351265938281,0.04853945158852826,0.05362521201774357
2024-02-29,0.08094014906680862,0.07997596562554399,0.13464485392108197,0.08425852211323685,0.07069803095553429,0.03132716750864927,0.10062808076578354,0.05262377180779549,0.05861621799923655,0.07800114420644035,0.11031900547476262,0.12543870396915982,0.08392570180885156,0.05662892180187569,0.04855734344333803,0.05370718578635662
2024-03-01,0.08119377920355877,0.0801003438513006,0.13477329339231003,0.08336124089558483,0.07094097803297383,0.031229767412960175,0.10010107623498235,0.05305857091583952,0.058665270398051236,0.07770324359643879,0.11077879179609103,0.12517248342148618,0.08380692485166355,0.056588268461327224,0.04856486624500301,0.05363296607856408
2024-03-04,0.06430324215665215,0.08331464119457155,0.0658022462840541,0.05454049989701893,0.03168364116515532,0.041364042008045235,0.053247062914862885,0.07973942184631212,0.07400311400004625,0.05524535954243529,0.07461363193399408,0.09095501037414265,0.11658118665515363,0.14371023960995083,0.10334523621782163,0.11755142419978339
2024-03-05,0.06456463684472585,0.083469131275408,0.06557994631278541,0.05485654697797777,0.03163992230341889,0.041416556568651675,0.053229957973027195,0.08024814509132495,0.0739246571342266,0.05529514315702678,0.07494865074499725,0.09103779964953577,0.11645140135020023,0.14237183080885693,0.10331203787489467,0.11757332661211142
2024-03-06,0.06506371469988605,0.08354367139502505,0.06592177953302178,0.05589692361985198,0.03214367184187798,0.04188521964200274,0.053265944577077555,0.07958091860681328,0.07385638625300699,0.055495214427881495,0.07530169479546985,0.09175714283184533,0.11715324067423305,0.1387495137352393,0.10428016032990806,0.1185316896239485
2024-03-07,0.06513208679325946,0.08338017394987184,0.0653499603298258,0.055412064934472316,0.0321780298204969,0.041569897295098454,0.05290590456645177,0.07988415865641024,0.07395206839655369,0.05555140006514821,0.0755239808790502,0.09156456933130036,0.11657968247679505,0.14012384373454492,0.10382935925453837,0.11798754967378736
2024-03-08,0.06524403127023218,0.08312126968793344,0.06491215106638851,0.05454544012160184,0.03210897012787273,0.041371236145525965,0.05293310416776019,0.0806854551073943,0.07434089866698303,0.05540028367391638,0.07554517589746684,0.09122186665640325,0.11617630392031394,0.1408303840155981,0.1034728317203906,0.11741989395305853
2024-03-11,0.06830168236315236,0.04126497800136867,0.041385394151152666,0.058819264586409806,0.07507942760647783,0.14131656572264673,0.026409584071131358,0.04664583217053589,0.043333540890272526,0.07272115530982821,0.07421333196614392,0.09104699584240611,0.11309553985573664,0.17372162534035965,0.08349102602918511,0.09915405609319243
2024-03-12,0.06825324321474455,0.04104669573541421,0.04142084128913475,0.059344125384688286,0.07504027134373394,0.14142177048729415,0.026523089272461917,0.0460062866603641,0.043190341068205795,0.07293988016299341,0.0745205008609789,0.09098358491289932,0.11330502645794048,0.17328889921922946,0.08342026656727734,0.09916479456673835
2024-03-13,0.06810573539523294,0.04107847118682411,0.041472243317471326,0.05938919453113387,0.07463503878754443,0.14097389188769843,0.026627964101484436,0.04685394779804163,0.04370900329049024,0.07305502847522964,0.07450049773036412,0.091070778354247,0.11388062004975458,0.17148437507562553,0.0833715922606488,0.09902755330468044
2024-03-14,0.06852894955123878,0.0415613856564473,0.0417119777007455,0.05934581304533394,0.07465861744963304,0.1397118504638126,0.027113808238718295,0.0465619060694632,0.043612967766030485,0.07290464188663685,0.07438275938928038,0.09113132885551589,0.11388664101759277,0.17173422899725632,0.08322931562981715,0.09897768671764944
2024-03-15,0.06862103522020292,0.0419875852990091,0.04225913074526372,0.06055722743837532,0.07456186370050968,0.14063410328821463,0.027444296285088716,0.04661984706118691,0.043830950244637186,0.07312838418113368,0.07403806043226738,0.09166893259327542,0.11472821405126396,0.16730698820609416,0.08366948978414043,0.09964180111626773
2024-03-18,0.06445498672299457,0.09158329333612214,0.043303105387141785,0.04792145080886851,0.07227472615197818,0.02397974371273808,0.03898929700710944,0.03787936602484774,0.04276107928490709,0.09678828868469573,0.04216918186288937,0.04320112234085115,0.05974736183519051,0.024140388876843645,0.19448747703215913,0.3263191309306629
2024-03-19,0.06435327347223657,0.09184342482618699,0.04345458388425827,0.04755971326567854,0.07200476150777856,0.02387116974043085,0.03895284708703135,0.03802893380576079,0.0428618983037015,0.09669585376101932,0.042168548208684965,0.04318879392087045,0.05966175063474866,0.02412599461716072,0.19404365331310372,0.32637000305186725
2024-03-20,0.06424433890099124,0.09232330041647106,0.043413080318521424,0.0477167346070055,0.07197580088493985,0.023831246109847576,0.038278130496107524,0.038092042647349666,0.042999454342826225,0.097027302289507,0.04223842050335083,0.0432638309789291,0.05980051928582597,0.02392455321720792,0.19302867982900038,0.3263734847138943
2024-03-21,0.06427599379008199,0.09246970028501024,0.04301583089500886,0.04639418687030427,0.07207566892537444,0.02369995965931437,0.03793532885899265,0.03831520301298989,0.0431677127485717,0.09671812965008696,0.04250704901850674,0.043124190749786954,0.05990044778284906,0.024618718454240143,0.1933489925892052,0.3255160076056361
2024-03-22,0.0644077508058848,0.09278345713478038,0.04278960096967917,0.04571536558149676,0.07204834927260848,0.02361621219038509,0.03765813799570728,0.03861388787475142,0.04328520095698787,0.09665499855424696,0.04270171478495513,0.04306517508107062,0.06008500687086915,0.024711658513130133,0.1932884238073163,0.3250203120066887
2024-03-25,0.08639089615425656,0.08568994158664767,0.07264052291805471,0.039475768261265407,0.2047720475957685,0.02865727432734184,0.0552139160032917,0.08358374538032882,0.0667703022456637,0.08110893010121037,0.07620599511090077,0.08217579172563652,0.05384532764724077,0.0337561689832995,0.049021607188365075,0.15069176477072807
2024-03-26,0.08659219976033555,0.08577318179563113,0.07294898980798249,0.039407094674893735,0.20386347049639567,0.028737280678580373,0.05581258131858144,0.08347928564258861,0.06650511022862128,0.08084716120015892,0.07610628346443267,0.08205454647363736,0.053646051294985966,0.03432718370917838,0.0491451715507411,0.15073357521537747
2024-03-27,0.08635850255849854,0.08568616974427665,0.07274591913452566,0.03955620544226155,0.2042907049512514,0.02884652364658404,0.05581058010697594,0.08332609820397052,0.06635340704654757,0.08096409175594954,0.07619684289405144,0.08224047832417772,0.05368121517510504,0.03423048205614041,0.04914232113762349,0.15094157767496816
2024-03-28,0.0862629882124646,0.08517395645328664,0.07264508485730173,0.039264134740702,0.20496068825470576,0.02863352989996924,0.05537627583034901,0.08270643444935874,0.06620628980460672,0.08130235253588425,0.07695500675307447,0.08213084065790958,0.05389588033216944,0.03403206785897034,0.04881119513730591,0.15016573170169958
2024-04-01,0.13583755172766065,0.06568714031404278,0.05529603205194816,0.0502455352483686,0.07469617277606085,0.07390513000508912,0.0603848545073665,0.14470203876019982,0.08571363646409108,0.05667008603077851,0.07187939461710433,0.0684158330830685,0.0595068752625757,0.08423220892557026,0.06971601934904657,0.09311149087702857
2024-04-02,0.1360695865674347,0.06637917784747745,0.05587446692498337,0.050796619713126843,0.07401769611365713,0.07388917047214504,0.06135448752378731,0.14491730817810775,0.08549916408320671,0.05649036555339498,0.07162407133553049,0.06815298068413457,0.059302157731399234,0.0828541240469728,0.06967754242175281,0.093205995547503
2024-04-03,0.13718421850991497,0.06645989178365021,0.05645227762771558,0.051454930163011496,0.07432540059970366,0.07423525565163774,0.06171484149925385,0.1446412336271349,0.08536495197445006,0.05646192253197673,0.07123248211806722,0.0683287347455961,0.059256863349887834,0.08077400613503884,0.06986779424184132,0.09352156202039769
2024-04-04,0.13802624052890877,0.06630703532347391,0.05624637642938645,0.05113340088485207,0.07425078666001106,0.07420146667420888,0.061530281668526705,0.14543931285061745,0.0851357996932332,0.056163982091039504,0.0709862092387973,0.0680528730755936,0.05918701312247547,0.08076841618640399,0.06979455252436675,0.09330117114991815
2024-04-05,0.1390025532946813,0.06614621218925798,0.05679688329073614,0.05181429297560848,0.07509791381071584,0.07430929902969974,0.06186719387321828,0.1440095211793862,0.08472732837086408,0.05620115352178238,0.07090546416308904,0.06821496212704672,0.05935957700464729,0.08042613177358071,0.07029462569423447,0.09372042405905595
2024-04-08,0.09306468498581955,0.06429949383814451,0.42331037838992946,0.07593111687560038,0.0273405951174596,0.044861141747826155,0.06840004812930363,0.022437714776187553,0.02422283809911943,0.03584699134324407,0.049490415822756595,0.03186483647875433,0.06370932793995714,0.09412651145016297,0.07446661920547433,0.056627285800260246
2024-04-09,0.0929379939255033,0.06453178155769942,0.42264449815073274,0.0745603780880416,0.027327187526033327,0.044790157949638566,0.06877526591698135,0.022336543228282612,0.024161897613120972,0.03575708703990994,0.04935437121626359,0.031876680645965313,0.0635221760050267,0.09590141728959087,0.07442155309738288,0.056625560429904284
2024-04-10,0.09316189517855608,0.06407840658896516,0.42311253082407296,0.07361389852184962,0.027515805577615723,0.04489411913520619,0.06802901574843899,0.022169143594574663,0.02413600337313287,0.03572304834371305,0.04949545734270791,0.03184416422295484,0.06347924944053657,0.0968223741938365,0.07454962685074051,0.05660169330226777
2024-04-11,0.09253268899939975,0.06520641894512691,0.42600371479697957,0.07449171020474403,0.02702908419791068,0.04461823677872077,0.07011113830777138,0.02205068354557284,0.023868562217263238,0.03532743285451408,0.04842885417903318,0.031505972689651336,0.06293168445389147,0.0944426628029604,0.07396605891516013,0.056370458955671346
2024-04-12,0.09254435482028299,0.06524700651127875,0.42589254185517955,0.07347776728032848,0.026867711270620046,0.04443211768896124,0.07030973167781544,0.022175757482331346,0.02394957147000706,0.035061761713188394,0.0481743493195958,0.03140626515338302,0.0625889548548751,0.09533259761025756,0.07382664757592979,0.056242782456958275
2024-04-15,0.10466042347501361,0.10600149710301904,0.20016959694692188,0.03955555517817646,0.08685666946243573,0.0634197222406707,0.11893896057953464,0.03466067467615813,0.05169049079893247,0.09563364864997867,0.0701865102189017,0.0630751275736944,0.05019106310288995,0.07391982990744086,0.025228763289742214,0.06581146679648961
2024-04-16,0.10439672998008886,0.1074786944043352,0.20341115704425247,0.0404249764574343,0.0862580008305308,0.06327483005121273,0.12079550655821833,0.034116199190904674,0.051116698244818334,0.0951846997731527,0.06991956643639431,0.06258265682529755,0.05008271695780151,0.07062474493001346,0.02519502311406482,0.06545745767310593
2024-04-17,0.10459313694110806,0.10746556884101885,0.20347748594560594,0.04079648258445126,0.08574494642113327,0.06354041361585284,0.12151624871555315,0.03436300765164061,0.05128003649122189,0.09532679300648128,0.0695952724650213,0.06273440575211608,0.05011534568109474,0.0696189826807385,0.025144091102799103,0.06556936619798363
2024-04-18,0.10479769733276821,0.10646197527159615,0.20325260875698978,0.041300751506549375,0.08660999626086886,0.06373334412010165,0.12187992283283944,0.03410009980236814,0.05122450128427763,0.09589590884236734,0.06972721011589075,0.06297297594282127,0.05050820885623706,0.06902380826504922,0.025252617787644257,0.06563775933806751
2024-04-19,0.10465488092277182,0.10666257813439486,0.20385342718398464,0.04149727106927112,0.08633705235350189,0.06384171595091981,0.12218838196081895,0.033838456807635156,0.05103476992950519,0.0958436486137867,0.0696402346687728,0.06275128060707104,0.050470259058861114,0.06874098099354899,0.02524683327610462,0.06538781053788376
2024-04-22,0.09308945574602476,0.06092025452063313,0.05125510613262596,0.22351929772626783,0.05157597471302425,0.0456133766142153,0.14328426929985694,0.041391025542002455,0.04796774984658242,0.04833521363584326,0.0707987175462303,0.0931987737402839,0.047582051800426184,0.06632309458949581,0.06411475475521844,0.101030883791269
2024-04-23,0.09220671778764299,0.06070085161618897,0.050725153895389084,0.22155382447984578,0.05142916150671164,0.04571703168345032,0.14338814775883474,0.04169575385520037,0.04825266074521585,0.04843215638683721,0.07113926813457941,0.09374636696046734,0.04764697396665584,0.06709708848341135,0.06415977878833698,0.10146436713439184
2024-04-24,0.0921652411777233,0.060927457822018576,0.05022236213652125,0.21868498691964577,0.05130886891389306,0.04538252869217118,0.14264266428818076,0.0424152784828749,0.04860648311194015,0.04841234664714944,0.07141004033858789,0.09409631216943692,0.0476383471181121,0.06881388148418541,0.06404316653277284,0.10156218412520518
2024-04-25,0.09205669443664315,0.06100851351114293,0.0504680041611756,0.21836595128136707,0.05119372081191671,0.04527976288971317,0.14226375279477946,0.042248539307830464,0.048604192267586846,0.0485512986867174,0.07167895908112513,0.0942578120968202,0.047769075131285886,0.06890577373338237,0.06416871566336206,0.10167305596543201
2024-04-26,0.09196023855544963,0.06095409368495284,0.05069382771739627,0.21924933668545063,0.050996072801539935,0.045209353466420826,0.1443922191048269,0.04200243133035586,0.04839649138904944,0.048414051550892116,0.0711603036083877,0.09362454209904501,0.04743637284045899,0.06836633950365714,0.06392223946935152,0.1014100704479976
2024-04-29,0.0728142588337383,0.06282312352674864,0.17315930174315322,0.05140977331005099,0.05718002123724649,0.05871344454853391,0.10663031227056101,0.058706650705194874,0.05311027683879997,0.13167946678948284,0.15231019421534026,0.05812444003062841,0.052978432384138886,0.10205102422409404,0.02326685364208962,0.03504242570019851
2024-04-30,0.07299589519332385,0.06183360365371524,0.17111249258043132,0.051368115497389774,0.057463251160936125,0.058660162293996065,0.10577631023728515,0.05861619147941399,0.052984064745146504,0.13200106595343558,0.1529769821652312,0.058180413322861065,0.053004258191506906,0.10430974081468704,0.023208102575767046,0.035040754510428214
2024-05-01,0.07249290154585541,0.06280230973103237,0.1748897996044997,0.05259245802746103,0.05725797865358783,0.05914743493994053,0.1065419350665226,0.05838895895111372,0.05288518000104899,0.13207926545936977,0.15184900112682723,0.05828402791095444,0.052894244997899034,0.10154629860638283,0.023354301158538242,0.03524907274377106
2024-05-02,0.07267947768239157,0.06244416074341031,0.17446356236466984,0.05292511353256474,0.05759287069403903,0.05938469818437968,0.10646623110917106,0.058002007203413086,0.0528197580573845,0.1323849307449732,0.1512161637060318,0.05838947760302631,0.05289179618651237,0.10276493587917647,0.023394320861253242,0.03536567122082434
2024-05-03,0.07292719107121703,0.06118224619131103,0.17021361854610395,0.05219681216193212,0.05793216307562181,0.059537375992278,0.10647398375143768,0.05859861886019719,0.05318368044092576,0.1327916044447686,0.15206685009711013,0.05855071565872882,0.05311057315408469,0.10529852371367002,0.023470983057043194,0.03548313594335222
2024-05-06,0.07240513415226615,0.04459032945973076,0.08115331355629392,0.06495693278337011,0.0589084294107843,0.07997111755616347,0.21366995292970165,0.07046445127126419,0.0522221548722416,0.0828220571918965,0.14327732278128968,0.0504833778923387,0.02488386503419772,0.0707564811601633,0.048506210478097236,0.09092886947020062
2024-05-07,0.07265188022552396,0.04457097345942076,0.08029129228389796,0.06390945673529315,0.05887452373392764,0.07972431093524338,0.2121028329355239,0.07142160573429916,0.0525779151150298,0.08277210038527918,0.14349564302395748,0.05042728378884315,0.024823358800811306,0.07188138945569486,0.048342711730372606,0.09048163177737162
2024-05-08,0.07252921984311299,0.04486909185170372,0.08022386622286687,0.06461742269627627,0.0590360589949984,0.07979237468532976,0.21134736362167542,0.07143979507741817,0.05279241069332623,0.08337069912379881,0.14346368948849117,0.0507210289804185,0.024954979054927287,0.0704729579483639,0.04833689154028799,0.09059308543705817
2024-05-09,0.07234108946996365,0.04505873629343,0.08113221609915695,0.06534839322296332,0.058889457789884116,0.07970071317468,0.2110636313341302,0.07155056225247784,0.05279952379681376,0.08340221943989265,0.1437498532515777,0.050826365460645125,0.02498431829243942,0.06874940665615441,0.04835910177847862,0.09063883736070831
2024-05-10,0.07294088152534399,0.04519390772347552,0.08051539198241274,0.06480040543794231,0.05919868096714799,0.0794580563971085,0.21039032850947972,0.07154906995665569,0.05286206186231848,0.08371486357565065,0.1444315245586448,0.05096177022245187,0.025159170221608608,0.06818928647796305,0.04822703667180345,0.09048418090370867
2024-05-13,0.012222800020245308,0.024870561950512002,0.07791769242488975,0.07196894871241513,0.046779291824392735,0.16530702341459566,0.05128896065251513,0.21062295096838962,0.09115388206086317,0.11009284692328311,0.05383432963939235,0.07034295799713859,0.061990323897188414,0.08844150130616178,0.015868038637889343,0.09729788957012807
2024-05-14,0.012144974021009352,0.02492908001537369,0.07770704096760364,0.07124337427091997,0.04667796699987727,0.1653983870798377,0.05172438434479581,0.2091949237143987,0.09094333286048913,0.10990599987077276,0.053883504096272995,0.07017437007119948,0.061773599565415865,0.09086279499714965,0.01583083496311801,0.0971811379007581
2024-05-15,0.012159650619595282,0.024770519233839744,0.07718695968167326,0.07020622458490959,0.04683522063043425,0.16515802860835002,0.0514610673778446,0.20970533366896432,0.09097887575519156,0.10957058512540502,0.05389020975898712,0.06994178299067957,0.06165264213775496,0.09244460360127994,0.01580823691394533,0.09680427690917687
2024-05-16,0.01216050879473193,0.024323466565571293,0.07574277152548382,0.06908919355394258,0.046937062863570904,0.16440285727768553,0.05044449103356465,0.2126591791673915,0.09161921892065034,0.10931521534142619,0.05395394773357136,0.06949313937494564,0.06158406962215731,0.0929307146554947,0.01572652111356441,0.09595028027973838
2024-05-17,0.012160293380406823,0.024472159110308853,0.07602460694879996,0.07010703265255157,0.04701606046331795,0.1641691440013128,0.050910622596710184,0.21156187539811663,0.09157484601124202,0.11011783422425646,0.05389914536461796,0.06975232749523204,0.06176063676775663,0.09159457930329148,0.01575422910161273,0.0962896661771758
2024-05-20,0.04310350801835015,0.04232862018996296,0.08552856218267935,0.03698610320905633,0.09006158543403192,0.0485062403417445,0.05280396896311024,0.06573238566087772,0.08909088631793655,0.14154439018044496,0.07165780633329155,0.13602105229489347,0.09576082896131156,0.041857945918588754,0.07680231143259149,0.13221380456112838
2024-05-21,0.04327318341087821,0.042570762746735685,0.08500797146515193,0.03678446026689716,0.08986764082910427,0.04864511834403054,0.05339270997163735,0.06624917592473453,0.08933235693404507,0.1412307651250988,0.07142504869990557,0.13576411224669885,0.09518488201748139,0.04196793747748291,0.076849863748606,0.13228642752560182
2024-05-22,0.04316116600219553,0.04248784036933046,0.0850419335589542,0.037238603826316136,0.09008023286683184,0.048570075544555266,0.05324453626028417,0.06628813458087045,0.08941830051617161,0.1411549433778544,0.07143610949490577,0.13553526497692106,0.09536110229381338,0.04160225204004572,0.07673058870060641,0.13249605972082823
2024-05-23,0.0428620056094977,0.04242418507957036,0.08458802345825346,0.037370668091358916,0.09000674444834235,0.0486797743927865,0.053281514808226314,0.06640009388936374,0.08946013018161154,0.14157110786680882,0.07154525656078548,0.13611097982160117,0.09528354404039274,0.04155582227491378,0.07677908166135995,0.13281427844844113
2024-05-24,0.042839602407155536,0.04266059293475885,0.08534826440611447,0.03800564149784734,0.08955732882772116,0.04909824929268366,0.053284141002360744,0.06690663463004386,0.0899536399523281,0.14106252104300468,0.07113121605403985,0.13637830320191927,0.09517814144423067,0.040601350241425284,0.07728921290034597,0.13343142279851172
2024-05-28,0.058837724674245015,0.058651892955105873,0.18104303737864996,0.05316335121823188,0.07233778184916306,0.11455324097472172,0.03782515923760978,0.12258914775906185,0.11548553377723667,0.061365548495614916,0.03252857988657563,0.0873665232265146,0.06251023509677818,0.031650039535406856,0.09086573066397086,0.06922647327111316
2024-05-29,0.05930029983436015,0.05922854535394539,0.18211007255285386,0.052836324739593606,0.07185400674407381,0.11418915749480342,0.03832360152049301,0.12300088141980228,0.11566108348295402,0.06072449605438442,0.032252916027654115,0.08677836879659236,0.06209645527687719,0.031370925284550835,0.0908097098900908,0.06922823332415709
2024-05-30,0.05916739189901209,0.05922461490374936,0.18568587127896263,0.05304736392801727,0.07127272081625415,0.11437817349005695,0.038323761190149616,0.12246695536780748,0.11507720814239972,0.06038471346662733,0.03199483335920434,0.08655693027636434,0.061680344942165205,0.031070208561287137,0.09098856471567521,0.0691803249898373
2024-05-31,0.05941074398073864,0.059030787050771236,0.18489221750865373,0.05357247113758787,0.07197705924540992,0.1154020083376431,0.038063584552642006,0.12080919803722943,0.11491550753328261,0.06073719138836416,0.03243022423009672,0.08689748431004694,0.06210371877020864,0.030702907090049962,0.09136279545200145,0.06922237472640577
2024-06-03,0.18827831893031194,0.006272145399229816,0.09404184270773795,0.08590738460780332,0.10398858810141319,0.04256945218929982,0.03286447324768121,0.07502961915033321,0.08590026541144892,0.059025076596493635,0.07986756954860973,0.057939467795029675,0.06805130769503448,0.073401164835442,0.14718287757183082,0.04968044621230022
2024-06-04,0.18871404543876633,0.0062204793553975474,0.09282083021027399,0.0857152389053673,0.10482806198330236,0.0427434613219548,0.032845187723172985,0.07496684233961166,0.08605364675446289,0.058920034202012195,0.0794310679081882,0.05771317068793819,0.06773956487163277,0.07438297775014566,0.14735999800615318,0.04976533097073998
2024-06-05,0.18784842621587972,0.0061280220825201265,0.09206877673288145,0.08646983089130905,0.10521377499315313,0.04271203773320895,0.03242399993685921,0.07487811528035151,0.08639093555545088,0.05929451565542034,0.07925837287650378,0.0579337121896429,0.06807188965165527,0.07492820650785148,0.1471047091408057,0.04987109635833004
2024-06-06,0.1881329423575044,0.006148842409532574,0.0910850736328715,0.08523656597543876,0.1051527381730399,0.042509796379765395,0.0320699530070331,0.0760053537179046,0.08682265944598418,0.05898600293887911,0.07916009436978687,0.05768762385725915,0.06774831976209401,0.07594160844807797,0.14627147868628326,0.0497340992458634
2024-06-07,0.18889603579469139,0.006153459578438866,0.09077777710688381,0.08460961886834238,0.10514682820784356,0.04250776366353099,0.031826026392690436,0.07552917624097003,0.08664409521091328,0.058931643488221996,0.07882441652537715,0.05765407339175766,0.06777761269981578,0.07686446015940031,0.14645668249615826,0.049685213648441126
2024-06-10,0.0414950795099442,0.03451751358555967,0.2611236779166306,0.04996626705364832,0.02926481317123019,0.04163009888552518,0.02239595107776291,0.09739813494706476,0.16505591474151898,0.10348495732422236,0.10181319683818568,0.04850459867685637,0.03646556532166885,0.027679255067688903,0.031588587081667535,0.15761638880082532
2024-06-11,0.04168834477311448,0.03461631644059617,0.26148088653456353,0.04969752406875402,0.029109026582759077,0.04134502819591539,0.022371482955274583,0.09789830447843596,0.16474676173421343,0.10311033336489,0.10164454442297642,0.04831259231275993,0.03626951426422461,0.027736010956837844,0.031575301972009244,0.15692469143116874
2024-06-12,0.04177128606023465,0.03459816982658612,0.2605999606405433,0.049624812089325544,0.029234463075706114,0.04132848612416898,0.022270792558554253,0.09785806220419084,0.1658633361292671,0.10324796547506872,0.1013619530167831,0.048306186842524045,0.0363386883928554,0.027802435043212705,0.03146031560097568,0.15739853598147246
2024-06-13,0.0420397608107446,0.03442140537222924,0.25887990682893086,0.04902338572378604,0.02937759986068214,0.04140198562918031,0.022049841743884583,0.0987883760580356,0.16668862471938645,0.1029555934446883,0.10131299761891205,0.04814493339575662,0.0361996935953397,0.028332046612380347,0.031568099509369466,0.15744586729373075
2024-06-14,0.04186281034547149,0.03424447674961724,0.25776317756581846,0.049077411200061906,0.02960172193842711,0.041416291596656066,0.021886832903201068,0.09984707034785975,0.1674106374749138,0.10311073094007897,0.10109258599275925,0.04813780942760352,0.03631532533532156,0.027937506153675247,0.031558341226562446,0.15777207206338933
2024-06-17,0.027165334071658883,0.0166527665440224,0.07000122339133777,0.05327056459853589,0.01140251615067712,0.06479132322890943,0.06395478899314452,0.0580572634586653,0.13570630270685405,0.06677302901946983,0.08565279784931909,0.23914496323782586,0.081731481642309,0.06622906134259834,0.04226139354902039,0.16720519021565194
2024-06-18,0.02701240455464134,0.016719684567396937,0.07005933998217184,0.053227633754010545,0.011306640374457142,0.06450005349317958,0.06390959401574729,0.05852959489479548,0.1360388558866339,0.06692977346298956,0.08571381616607156,0.2383486461107701,0.08158223814769953,0.06625826656869357,0.042098895082538536,0.16640122367613303
2024-06-20,0.027122713609247357,0.016699199316647352,0.06968062413795773,0.05318989453626252,0.01136996029400383,0.06429706194550938,0.06372059429630324,0.05889037381513177,0.1364235810608583,0.06697582723209625,0.08596881994253407,0.23826795997886366,0.08188407148983504,0.06550226732464884,0.042101623096392767,0.1662374546644937
2024-06-21,0.02718758854296535,0.01687643380218393,0.07033267903368143,0.053668445468374786,0.011340464494697156,0.06417939094557983,0.06365200488307692,0.05828289091141962,0.1355684801435705,0.06722075496149094,0.08603713147691215,0.23850696156513812,0.08217751223500003,0.06491836523129735,0.041943260244968056,0.16598518670125897
2024-06-24,0.01326895778408681,0.023258330391045023,0.05138906924195835,0.12609161422390106,0.034821717401759066,0.017998174895164094,0.15736926579196425,0.12218368494526152,0.15257609601069022,0.04682763440991054,0.09699659504268382,0.09219652793308836,0.023624741546068077,0.10768018338855488,0.03351937584491943,0.15019803114894448
2024-06-25,0.01329282123581074,0.023343821191049073,0.05094482945823399,0.12611417141644327,0.034971190544603604,0.018009573352255837,0.15855856974933843,0.12070598135874142,0.15197630550928423,0.04709046416639069,0.09754773575134107,0.09257259685144982,0.023774910967907858,0.10744602659798284,0.03347588405789878,0.1500929957428563
2024-06-26,0.01325191474336935,0.023250734484819752,0.05123335812766589,0.12609592132864147,0.03495760942725722,0.017852862496337437,0.1584727086992951,0.12161580094519492,0.15241375158076642,0.04678433884147242,0.09680335816855,0.09209399380908526,0.023614057757099936,0.10749047534231335,0.03340936529293578,0.15016169829153905
2024-06-27,0.013204800091135113,0.023365553078449373,0.05146280800333526,0.12562183158545578,0.03460969652416793,0.01792055864100354,0.15989971995954252,0.12117876167208183,0.15197639801825893,0.04655626140452961,0.0962925404167258,0.09197882268560373,0.023560643521728486,0.10803256014722237,0.0334284319603243,0.15023231889816083
2024-06-28,0.013216268616374885,0.02337503206704138,0.051379113153581527,0.12489233460993966,0.034737559574397184,0.01807430787576734,0.15919063042005896,0.1215389869889891,0.15177714578465012,0.04662213745658051,0.0961754313341717,0.09194411674128562,0.023480226187772634,0.10901890986842032,0.03342563054969797,0.1502919908948707
2024-07-01,0.11187189824866578,0.08746240780541262,0.06218485239607245,0.06974324923084795,0.040876668267074694,0.07198317809979286,0.07980589232034636,0.08499530403283209,0.08933944763608626,0.11227311834144141,0.057901236347110245,0.10961689916878414,0.07847335735195389,0.03680325633537012,0.06430111308170802,0.09236812133650117
2024-07-02,0.11155636399178463,0.08873174662782078,0.06241606761561451,0.07004637305778266,0.040375493117068256,0.07181107136725998,0.07990226770201589,0.08498946880044654,0.08900993200344111,0.11180866345691856,0.05762060816108302,0.10895805342795731,0.07817339220500259,0.03715647315726942,0.06458102700236304,0.09242321895216299
2024-07-03,0.11141947166215267,0.0882232219364717,0.06213474728002449,0.06966126357666187,0.04055927341025849,0.07174740911722542,0.07991187604106298,0.08529674301745661,0.08932705704905017,0.1118791353823241,0.057634560820464066,0.10886369512227166,0.0783036876493998,0.037373375298632654,0.06417416368186704,0.09243515492925547
2024-07-05,0.11231413339073078,0.08800961922222197,0.06194279031490399,0.06908150017234234,0.040898203216378125,0.07168593866161073,0.07919175851009884,0.0857812997352465,0.08947120093884067,0.11137246831232615,0.05737611765239423,0.10844856998723548,0.07818915261249762,0.037927589181676,0.06426529486640281,0.09230496811994639
2024-07-08,0.06412802939549879,0.13939837717901127,0.03943259425971014,0.038072217154779216,0.056766346280949134,0.16782117720535378,0.022483745363833338,0.08801201729654214,0.10414886688606123,0.04873973949395577,0.03828730179766762,0.02865769697225349,0.11134741499012413,0.06331521093593055,0.04180339789648015,0.1975858668918493
2024-07-09,0.06387574467923178,0.13876992045677575,0.039609980825850696,0.038029582952930054,0.05670272582461738,0.16773386618023506,0.02250176405724248,0.08846174877305299,0.1040849333468674,0.04879522938325327,0.03864223242226671,0.02859868803160989,0.11142339304337477,0.06325939182286841,0.04176757266400626,0.19784941177366228
2024-07-10,0.06385497569783327,0.1392718254817272,0.03959661898527386,0.038023499875224014,0.05640143369320358,0.16772630134723865,0.02247811207864527,0.08859697571853622,0.10405071387869529,0.048663812725988465,0.038731442115247844,0.028523478001815875,0.11106179515605805,0.06343710226675954,0.04171260681649762,0.19780666885264744
2024-07-11,0.0639141947635766,0.13925174768395004,0.039623803520170586,0.037794238245112625,0.05639542003333421,0.1674501183558702,0.022359415840153527,0.08878064183188615,0.10424099124939772,0.04875039912847338,0.03888976565645263,0.028407065107752642,0.11135999837141503,0.06291768571200569,0.04156755108540638,0.19672733576140058
2024-07-12,0.06446998574937937,0.13771984021401715,0.03960028851735052,0.037176546200519585,0.057119713655561885,0.16859871820788166,0.022168134777313834,0.08776806878131443,0.10356635527762711,0.049087579311312225,0.039238511486114,0.028688390688230283,0.11198264053889945,0.0627625262702559,0.041882896915187595,0.19728870313946387
2024-07-15,0.08523688466881163,0.04292196806718408,0.07781756636964547,0.039883037337135226,0.07184798644635873,0.04928871693462676,0.09027853309291012,0.050804243757088724,0.04209714517263499,0.09694219521541936,0.11885667755932659,0.07214907862381024,0.1037720366531282,0.04443408982616533,0.09183369931844157,0.17183614095731295
2024-07-16,0.08507913747248219,0.04278983836028882,0.07813878719129005,0.039754890412157205,0.07117914322671981,0.049135180148814885,0.09104737987157754,0.05086559095845787,0.04209846776065993,0.0967149057408262,0.11877796413356813,0.07181605743401762,0.10388196093905751,0.04512883675065161,0.09137391880401854,0.1712828402005931
2024-07-17,0.08491632902617816,0.042684010736068284,0.07748248981103831,0.039087261380119705,0.07137475644480025,0.04884475226548188,0.08963116980056467,0.05070527107411136,0.04200730894702888,0.09684170862929797,0.12000116907619172,0.07166374809708048,0.10443901486267491,0.046344651126519865,0.09106770464081411,0.1698816264575252
2024-07-18,0.084547897427941,0.04212278325598771,0.07774716462961054,0.04020280411778212,0.07147293505863504,0.049045333938587544,0.08992410366904832,0.04901748582096909,0.041507691196115686,0.09746073113706874,0.12039915896789075,0.07211891409381854,0.10531847118753988,0.04563549826106289,0.09089118654754538,0.17065261534395432
2024-07-19,0.08474676793256498,0.042374495725234745,0.07802880801579987,0.04062650099502769,0.07123266267768569,0.049336147749924605,0.09089580723293807,0.048903553815280706,0.04145066322105995,0.09743541246922927,0.12037122068656822,0.07215970158632516,0.10493180646450423,0.04411541265833446,0.09119827142134455,0.17157234473952032
2024-07-22,0.03808195062675626,0.039290425742469076,0.10121283639968705,0.02713059471193761,0.01830862121583457,0.25427013604182624,0.014506068268970855,0.06966200359792668,0.07489082933004163,0.08529817866179548,0.080960913835769,0.08393457941771607,0.0845130750588905,0.0420178525893681,0.056941111198676835,0.1789808233023341
2024-07-23,0.037942604677876,0.039274908837093434,0.0999537964508156,0.02660417290671205,0.01818774241435281,0.2537484004183585,0.014264235981954705,0.07038934285035495,0.07544159030761025,0.08516476764989239,0.08079074762478407,0.08405533805436713,0.08412510174039337,0.04268444711755594,0.05692076404958729,0.17892961671204127
2024-07-24,0.03807244696596693,0.03908595326956347,0.10031332208820441,0.026630156644364873,0.018187232861121005,0.25410629787609,0.014277032118905636,0.07075517940477398,0.07545049633894794,0.08505386455634954,0.08025244589454963,0.08392998407260721,0.08377060977682228,0.04292786067257652,0.0570163074662295,0.17954214132786506
2024-07-25,0.038227585224568726,0.03909478813370272,0.10150301707827558,0.027599513648863924,0.01818651466284206,0.2573743182986789,0.014444997020385835,0.06905219669118395,0.07461653752496321,0.08580906348668853,0.08085481871006213,0.08413169874554288,0.08415614521614778,0.04069058794784878,0.05732619229068577,0.17943173616556735
2024-07-26,0.03803291750532928,0.038916077674466594,0.10152737711095595,0.027445622091058407,0.018282412453839426,0.2583479421732173,0.014401105205278559,0.068410567366428,0.07417229055419476,0.0860871204771715,0.08082343736108522,0.08423613129352027,0.08454851126544477,0.04119310426947557,0.057399266048483895,0.17907899656041412
2024-07-29,0.04884559874006994,0.08934075951575712,0.08958034180097307,0.06545454887986643,0.0503956604765304,0.20682112989013263,0.06319443135152769,0.05754516923391079,0.04232199631724078,0.09354950840574612,0.08851997564309029,0.04843329680199889,0.10378259710636328,0.09011658906952191,0.06883072347892263,0.04326767328834796
2024-07-30,0.04874527643143331,0.08910096495459971,0.0895866203275735,0.0656161864403666,0.05048399761056435,0.20671212635495945,0.0633889833802698,0.05735432620362548,0.04233420903969116,0.09370674486200505,0.0883577497896767,0.04850403289046777,0.10369388748672283,0.09044863458545428,0.06872655090546333,0.0433413875902395
2024-07-31,0.048962569172779476,0.08889347498376446,0.08956762642103543,0.06641130183572752,0.05067736757941995,0.20727997868904857,0.06379375166232562,0.056713104495161946,0.04223806907407681,0.09418035739121626,0.08865843205975442,0.04860891670797129,0.10377110375214912,0.08869879321585267,0.06882895632809358,0.04327084111978484
2024-08-01,0.04929516511528927,0.08845602774529192,0.08927554478307108,0.06513096498025343,0.051123461135865654,0.20656633710993264,0.06199423737775838,0.05822749256306272,0.042780680057053794,0.09394355442718338,0.08852320427985659,0.04870916518999813,0.10350333631854401,0.08931952421034234,0.0688598503556264,0.043440829616207
2024-08-02,0.04949348974124896,0.08782559703044715,0.09041294594132643,0.06765175109846445,0.05144609066896413,0.2081983220216985,0.06289725681119523,0.05726112114685369,0.042769509173029685,0.09503518890195631,0.08790326489993283,0.04908241270851404,0.10356031904910844,0.08570400051645863,0.06908755163439703,0.04357101051539078
2024-08-05,0.04426710293170616,0.11269945037774795,0.03318766202536305,0.09655108621882806,0.06890806130146618,0.08099025345921054,0.09435797856228918,0.10678219841151132,0.08187611625657351,0.15573785770215043,0.0342868864927822,0.04768567219914331,0.04930021379303563,0.11375186716683822,0.07395300673482286,0.05566458636653137
2024-08-06,0.04459312831588007,0.11232743030163271,0.03348917844062791,0.09922637989641617,0.07003110100065046,0.08245226358532493,0.09737200032018813,0.10665383688087368,0.08117827335059835,0.15549256441453677,0.03408798941766094,0.04749703378341958,0.04918122333071389,0.11159977984478273,0.07478713069687268,0.05533721111735653
2024-08-07,0.044475402879173696,0.11170446519018311,0.03306831366539018,0.09861021690282476,0.06878772925994206,0.08213855594197984,0.09721140221653345,0.10755275798063987,0.08138427950709211,0.15522623240323435,0.034011545412038324,0.04757338822462547,0.049166470422596475,0.1123974917017087,0.07451925715342282,0.05540218948340594
2024-08-08,0.04443631773705921,0.11255694498512603,0.03307349617475328,0.10040057429744083,0.0687407405579273,0.08247361788431548,0.09726962225505392,0.10665610359366884,0.0811207472086265,0.155968262688764,0.033918680703074446,0.0476052972383993,0.0491936132170535,0.11090990913105413,0.07486854278067288,0.05530723798361127
2024-08-09,0.04434663108276078,0.11186660317405193,0.03248380047871411,0.09722313480447965,0.06792295368736365,0.0811733384128126,0.0953774633199384,0.10870802408162525,0.08167016405146807,0.15508687608707175,0.03402284561888384,0.04751859372347057,0.04897981530203217,0.11387634926758296,0.07403443381068472,0.055497635698440795
2024-08-12,0.05003444634950573,0.14312649539839856,0.12867420525245016,0.12545944980346896,0.05345050828280663,0.08981973562887892,0.13023084244570224,0.07710155266232774,0.05708574371177191,0.07124647315570205,0.06904606539922464,0.018041074190390617,0.03890442355361967,0.07203747402266977,0.08261174869768903,0.04312976144539329
2024-08-13,0.05029868353677122,0.14391477243563228,0.12898751692692328,0.12509649190915592,0.05370597763887067,0.09004386760794703,0.12998279069662147,0.07731999363451894,0.05718171016552408,0.07114920476726841,0.06857720519615704,0.01802538914257027,0.038854892391208325,0.07110041738845169,0.08258643387482283,0.04317888764073729
2024-08-14,0.049993911201672826,0.14309526093142053,0.128616619608943,0.12229295411039927,0.05348724662735586,0.08908187544640918,0.13007030520918544,0.07816638265942144,0.0574310407044093,0.07099556521621253,0.0688295418772062,0.017987086253536733,0.038680132846378244,0.07323415144165696,0.08204657273517398,0.043401115992795385
2024-08-15,0.049811101222949884,0.14294862189562696,0.12834785923157327,0.12334142570430427,0.053407255480519646,0.08925601451290063,0.12949680900980032,0.0786525946668438,0.057471415718498,0.07132545231398345,0.06876305724907916,0.01802831035220865,0.03877117849290836,0.07193889621228564,0.08192951863203464,0.043487728485221075
2024-08-16,0.049784921754360875,0.14312751320440015,0.12743425550687018,0.11959204448843265,0.05299885200134415,0.08857531089977362,0.12836059639927588,0.07971892109418487,0.05796165658191222,0.07117069300659704,0.06926061017224745,0.018019843690677426,0.03881916193890212,0.07469910195312707,0.08154571745305825,0.043647657988386164
2024-08-19,0.05938950212059793,0.1298887988923437,0.18122412388346887,0.059313521269661856,0.09352209653171852,0.16954525886803948,0.04142463364361009,0.037620999841267135,0.043472682937292714,0.12323902854995353,0.07738627345656902,0.06171254771092917,0.033953108775059075,0.04450093522416937,0.035891990460174106,0.05791449783514552
2024-08-20,0.05945646339258077,0.1296069704220853,0.1806813593612079,0.05852705992265174,0.09358179990911841,0.1688428535476932,0.041031528952768605,0.037837752791532425,0.043556371647412544,0.12335000657169681,0.07772328961215433,0.06160516841581391,0.03393297462561398,0.04526606728682235,0.03581350298043935,0.05784543891590028
2024-08-21,0.05935729155384656,0.12896422798960283,0.18167113232458973,0.058607901237142296,0.09394041403360091,0.16895900225438557,0.04117144117977932,0.03778300618230437,0.04356304614247245,0.12349356328371826,0.0773176073843369,0.061649955668771315,0.03401413887280678,0.04473095230565661,0.03572442101851308,0.05780522297314332
2024-08-22,0.05924900414419063,0.12822018611335673,0.18148535800140705,0.058777516265986464,0.09386584467151309,0.168465574236374,0.040870480441188906,0.03777539768219836,0.043655724121286196,0.1234729141534018,0.07744040616462089,0.06150784987924564,0.03389305606285738,0.04557388112734049,0.0356686624889425,0.057573417111672034
2024-08-23,0.05916895282191092,0.1290202781951598,0.1822991005886766,0.05890517086244542,0.093343757146244,0.16881644318919287,0.041118674291046056,0.03765143567069635,0.04354162618819028,0.12380656790369,0.07747849216335473,0.06168666840082712,0.0339826240071791,0.04444312158491273,0.035795651981840225,0.057713866540968495
2024-08-26,0.06693866746088997,0.17191056252800122,0.07578358939126921,0.04574370013466612,0.0671402654944272,0.08017898446317492,0.06319866496301665,0.08524421923553292,0.08350027876020961,0.11473257257391897,0.032772881814376806,0.10604565958840739,0.06693411824542991,0.028822562115278984,0.059602799255214396,0.10145047397618574
2024-08-27,0.06702091123338719,0.1722191268684027,0.07537758036016304,0.0460085196832566,0.06714864073585525,0.08023669121602856,0.06324415056955206,0.08452956319727407,0.08343790018499984,0.11490418731227647,0.03275657377603935,0.10645069075016642,0.06719905383179908,0.028525180385779635,0.05955122995898931,0.10156993097793629
2024-08-28,0.06703831158292045,0.17180670326775993,0.07510304813489452,0.046275295219306,0.06713195141030054,0.08031517666317771,0.06296355568954987,0.08478870677077426,0.08371858752973606,0.115104583380885,0.0326840016534967,0.10653378332292092,0.0670990012513697,0.028324767945281104,0.059593092709365136,0.10163718403606375
2024-08-29,0.06687808243319623,0.1722388242227389,0.07534459934552445,0.046966340663484735,0.06701459961435612,0.08064477237187118,0.06314455937518522,0.08424574901976879,0.08331689933438648,0.1152951587249252,0.03269488617217755,0.10674848436853267,0.06729189325684716,0.027686972292929938,0.059612865620910345,0.10171208659203393
2024-08-30,0.06693099511867162,0.17249108169260902,0.07469998035475583,0.04662846924414771,0.0668568183343315,0.08067544066421654,0.06308178030913109,0.08393800185797379,0.08317985806942922,0.11547448116990854,0.032763338482475896,0.107017794191225,0.06742662648986182,0.02789426872799254,0.059678258858429825,0.10165862900599314
2024-09-03,0.07328668026296395,0.10674161141934103,0.06171016785057941,0.03682709958625103,0.06415545367605056,0.07851281102655083,0.032612474603869325,0.05699281862233515,0.07048329443068659,0.10170910921582402,0.047094605863383834,0.13828200273464317,0.10585659322908303,0.06470157904293522,0.09678264791439231,0.11425105052111048
2024-09-04,0.07305739054122606,0.10725467266801753,0.0627737610477766,0.0379531904121106,0.06463414517671255,0.07931105895420408,0.03335930613442376,0.05598013169468673,0.06979395838553917,0.10235704145799497,0.04686666526575881,0.1391301329797261,0.10593893060581494,0.06279131059703269,0.09701691895459814,0.11478697672086431
2024-09-05,0.0730633774034662,0.10697695582857872,0.063260888696439,0.037973568691254,0.06493094761215855,0.07934928678032475,0.033256121639466826,0.05588269699646868,0.06967130360327325,0.10238001760343168,0.046678666271019444,0.1393089111875485,0.10602494378792121,0.06260330195716414,0.09691270072563989,0.11462160399945649
2024-09-06,0.07322037113521039,0.10721148770153603,0.06361021037532816,0.03816363699822058,0.06510399531416103,0.07955896912024991,0.03334379991523829,0.05561438549228489,0.06934325139219576,0.1017494173315472,0.04634647049886931,0.1388406586106105,0.10550757187756919,0.06374011163723628,0.09711343598894345,0.11470868704643356
2024-09-09,0.05111830474519941,0.04851343633294602,0.16674493468802443,0.06572353398766524,0.05604255922840532,0.07014385763818003,0.09406087410002703,0.057377008483791576,0.082097538366421,0.10668970139942495,0.09421819843080509,0.11747469006240692,0.09812242319168465,0.029926716982171746,0.042937710853453326,0.06880851150939322
2024-09-10,0.05099222171226184,0.04828504514547573,0.16518572266226322,0.06576042136336374,0.05586978019530816,0.06963884298992545,0.09310646406925209,0.057828487906983396,0.08226295179639496,0.10667452787596966,0.0942962871035131,0.11756874128612048,0.09832070608288547,0.030405569104666994,0.04272830820513909,0.06882143737946118
2024-09-11,0.05087414438413889,0.04828032792862138,0.16678845954957797,0.065298023901686,0.05583331403550103,0.06938166182083384,0.09311518639607137,0.05773064801473561,0.08216338623287467,0.10652824487064196,0.09352626754900162,0.11733615761404033,0.09781048451105945,0.03075506807213487,0.042625018401296844,0.06878417990017853
2024-09-12,0.0509619234980829,0.04819123619139112,0.16569454180904253,0.0639815187341882,0.0558257234821998,0.06934793942009498,0.0931244255023101,0.05848200627558931,0.08277581193986117,0.10611126077859862,0.09344097968231631,0.1172949437249513,0.09794049925299175,0.031331098084538815,0.04264996892124298,0.06895571185855759
2024-09-13,0.0512767999231365,0.048164108489256695,0.16430609313171385,0.0635668867457887,0.05585918803373242,0.06909296206660837,0.09220774399298032,0.059074367964154766,0.08312132507033919,0.10640681888397155,0.09372504873065705,0.1172355056796443,0.09788363759466812,0.031764568218272234,0.04264095476995048,0.06902811557425598
2024-09-16,0.11465948480251632,0.10947861789710091,0.04121632859760505,0.03822386375235787,0.08559015295883218,0.05381622605614513,0.018321393735341245,0.055818810848697824,0.06956932081491694,0.10077487255955224,0.05783256098867945,0.07764003964572591,0.05537496807068446,0.19939317577252025,0.09679847541787875,0.07549170808144545
2024-09-17,0.11465739739743155,0.10944086614506329,0.041317059657242444,0.03797541730282309,0.08605561352873571,0.05370681584031379,0.018117489801799808,0.05577338646744039,0.06945574362840051,0.10094495150253248,0.05828871379550025,0.07765382420148764,0.05543725719668178,0.19838164587532256,0.09660757550507755,0.0752990529981978
2024-09-18,0.11466050619211257,0.10923058736160941,0.040981950682263214,0.03759412223981531,0.08586277084950392,0.053813431655039067,0.018031616775496737,0.05573159512371069,0.06943809565753961,0.10034813919958094,0.05837805855830211,0.07759027407851066,0.055402196871421484,0.1999599586558269,0.09674654988709284,0.07530782496970918
2024-09-19,0.11497160584027954,0.10901897598979778,0.04073545238930706,0.03754533897827166,0.08545096951347518,0.053910366408808114,0.018017878897393196,0.05570709972629495,0.0693238458113763,0.10012440172342302,0.05846036045057986,0.07758984589645332,0.0553476746090006,0.20102485880469573,0.09694784223199608,0.07557696504596093
2024-09-20,0.11471996407427594,0.10872072108981455,0.04015923718634757,0.03632619787962674,0.08510693995032101,0.05322868310030548,0.017741933135594454,0.05607163060695284,0.06946016438238826,0.09933718051828722,0.05842415146179688,0.07707736548595377,0.055295019055242915,0.2038124948957132,0.09641690416596217,0.07469682404322417
2024-09-23,0.07593106445187581,0.06043702237300255,0.06286309432520726,0.05194355058161397,0.042790233769406355,0.08872466187700594,0.08632781803533587,0.05532261838644169,0.029306227654117632,0.07745930084478857,0.05711278686040849,0.08589559292797419,0.06143185629850287,0.04168181770368171,0.05218532301106125,0.32058703089957574
2024-09-24,0.07596911140098847,0.060217272352836346,0.06248508523691347,0.0519398971711241,0.04284384638293312,0.08837518186327105,0.08669526391195523,0.055430470667684216,0.029302778944800874,0.07749046080981768,0.05715192223367325,0.08582923547820806,0.06146298795660495,0.04156567961777879,0.0521425940030635,0.32018920780360666
2024-09-25,0.07636320386455048,0.060402542569716604,0.06234603266696584,0.05180660756269883,0.043053149844160504,0.08828239382287938,0.086456217928227,0.05537005680311963,0.02923737993664106,0.07713137070784287,0.057130957449892515,0.08550799013728683,0.061454563042311706,0.0419094639489226,0.05212283537655773,0.31987700593344276
2024-09-26,0.07632812522771885,0.06046851965098667,0.06192568132414439,0.052227271952981165,0.042819913209088886,0.08836895538275777,0.08721047189293886,0.055615477127716965,0.029266702895044888,0.07700849278024524,0.0568712084519155,0.08554832036347505,0.06123411066198373,0.041491917322218595,0.05215525408189381,0.32053302378409615
2024-09-27,0.07605676845841405,0.060429887157804105,0.06245353797557447,0.05158758724941906,0.042957102112356975,0.08809718086434823,0.0876271959854227,0.0554220925630943,0.029247013060094244,0.07683669435393324,0.057165492536773714,0.08537753446876746,0.0613330728892356,0.04163760920868614,0.052209419918591474,0.3193418941062281
2024-09-30,0.1152297615199771,0.05480743753526641,0.014382402336981306,0.09142114010009639,0.08897174725236093,0.05735044164888619,0.03370933049916183,0.07689456439823271,0.05664635986011564,0.08467836039321483,0.08294822469382346,0.13242065452318946,0.08780748857536183,0.11936383377055369,0.0585909650066229,0.09477728788615512
2024-10-01,0.11499855620871277,0.05473692957796067,0.01429142855739504,0.09166721108031523,0.0888758482694968,0.05727102235729095,0.03354482442369473,0.07721712357648274,0.05684733890061784,0.08491287182438038,0.08292889473823177,0.1326612651180565,0.08796875828622182,0.1185071330825094,0.058580541014627896,0.09502368928889812
2024-10-02,0.11579120284489039,0.05496444997602919,0.014301212767095567,0.09363905484997856,0.0896692456733284,0.057447806129043724,0.03338953956599885,0.07702381692979478,0.056653899761852054,0.08502574241500539,0.08267374529624247,0.13305276495630286,0.08813313976467384,0.11549658211505152,0.05861482679643786,0.09492820784045927
2024-10-03,0.11594311779563622,0.055068040274882706,0.014146033005994398,0.09319923344959011,0.08944827547273382,0.057617233963788095,0.03380543762801409,0.0773124229828799,0.05679576578218132,0.08493662376952281,0.08267270058350933,0.13334192372762568,0.0880551991886046,0.11481517234472505,0.05877279991191037,0.0950805571961469
2024-10-04,0.11695963539351358,0.05467055763783021,0.013919234445204412,0.09402664132457743,0.08901216543456349,0.057556530805790894,0.03390860091434208,0.077446636355358,0.05698721350648264,0.08497064005300438,0.08276631914456725,0.13321818612589442,0.08824100517077678,0.11404780550510674,0.05886854202690356,0.09536989225958517
2024-10-07,0.15110421514062738,0.03813274862361235,0.10209286213816485,0.08023187261013177,0.09577032625839955,0.0294352172560698,0.0451974268140655,0.09310495152544089,0.10447910485163102,0.05006413797851005,0.07796636716241581,0.06696895024649863,0.10318768811302936,0.05175710369546305,0.08249124236384484,0.07801578522209514
2024-10-08,0.15210507414596391,0.03813250005015697,0.10183818613171407,0.07982634705252978,0.09609190325539746,0.029542142617830353,0.045211004905344666,0.09314131851357563,0.10432258557215263,0.049896949805291545,0.07834310625993107,0.0671249562870419,0.10346725879672534,0.05143399099187268,0.08306721106524086,0.07835806717770509
2024-10-09,0.15083802393935863,0.03800603363223631,0.10256587470186002,0.07963100684867118,0.09533107376208724,0.029517713264472428,0.044852032101026014,0.0937888083473095,0.10506275225922727,0.05015253922367169,0.0782268005932713,0.06709724387957623,0.10293466246423506,0.05209743387784801,0.0825892631199352,0.07846702798166592
2024-10-10,0.15037042579837342,0.03782608437725424,0.10156839102437262,0.07973797972665125,0.09464474582005154,0.02937795412617048,0.04476045468851411,0.09409401427700959,0.1052473168440824,0.05034917504534243,0.0786517445487373,0.06703992923991087,0.10372694016107958,0.05186188490215328,0.08242962632679651,0.0782824501390266
2024-10-11,0.1512500426427521,0.037788185872617515,0.10139570088901761,0.07944547382585918,0.0947780661689511,0.029442915983553024,0.045485454392966244,0.0938385403179345,0.10527858416157297,0.050291011017752386,0.0782919912231228,0.0670883293595104,0.10354763714230854,0.051426104783062095,0.08261252713642797,0.07848508606178561
2024-10-14,0.10424010158431851,0.01450938210086293,0.09625054626037062,0.11080513485984371,0.04602245731514729,0.13304468769858915,0.06888302430394555,0.06959893044251356,0.07132382577866832,0.046856547190150505,0.06437172725004153,0.06644072533393537,0.06147878668092435,0.04787904443267091,0.0808249372114845,0.16747014155653317
2024-10-15,0.10364784136850241,0.014443856992324984,0.09640067977635851,0.11077371964841676,0.04577531164263111,0.1323556563783194,0.06872785583918067,0.06979394031768378,0.07166454185960008,0.046937187257709595,0.06451720348389486,0.0663947060956468,0.061561716016052724,0.048391303780141885,0.08053064383367046,0.1668647266722822
2024-10-16,0.10353868584807305,0.014440665229662654,0.09772901517996946,0.11107083544414376,0.045829760121935605,0.13287209574065456,0.06880864406272515,0.06926779862263165,0.07097419201471898,0.046869989839590794,0.06413635025107838,0.06641670631906106,0.061313562329130905,0.04843915630842494,0.08039622256991283,0.16734448787356068
2024-10-17,0.10367395806961154,0.014436358463540189,0.09765683817036286,0.10988520229212198,0.04585982848629926,0.13244017123641205,0.06861573509962453,0.06962901226850389,0.0711011213756438,0.04693634695329196,0.06457076754060749,0.06640289980006303,0.06143396136626434,0.0486752929428467,0.080434774136131,0.16680950275979786
2024-10-18,0.10385965579051959,0.014378492495037986,0.0972767448842456,0.11076969637694477,0.04570488277170868,0.13248448953422795,0.06869030012336605,0.06965231214250385,0.07100761791340268,0.04702802902863361,0.06445288961608879,0.06650291760650884,0.06149866326275457,0.048027932174670614,0.08041179260631555,0.166898530565546
2024-10-21,0.08400870923439768,0.0311430499012662,0.04273902824826013,0.00835746781042154,0.03797694139947339,0.05435769286281386,0.0799419786454777,0.10578593876265938,0.05653083092286188,0.10231622925332479,0.08437993985298498,0.15766210597670552,0.12387406502031398,0.019342468864617476,0.07800246470763658,0.18358108853678495
2024-10-22,0.0845303560767189,0.031062155487914564,0.04239897238530577,0.008484528134065809,0.03765391492220135,0.05453512161437305,0.08016404833549551,0.10604238527919176,0.056696002698142976,0.10240369544805264,0.0838560576705695,0.1578522194218961,0.12367957694898225,0.019183776949400762,0.07822928549487211,0.18457838830612977
2024-10-23,0.0850027548241209,0.031109520682646778,0.04225332666104305,0.008513524547356946,0.037857856861768985,0.05470474023357208,0.07971507807599579,0.10591194522896363,0.05661900092604657,0.10219776578837637,0.0837845301625826,0.15801799098368166,0.12382384127809976,0.019126738649038123,0.07825534685647909,0.1849316457523359
2024-10-24,0.08470182776602635,0.030977887763769394,0.04229571301707111,0.008649842192548472,0.0377515509144835,0.05494456043681739,0.07971506874941219,0.10622773284543804,0.05643899700126023,0.1025275333648919,0.08423635823139963,0.15866908153294826,0.12394031808815478,0.018661272463407774,0.07840074954088451,0.18502199853960702
2024-10-25,0.08495537003915825,0.03112977300411825,0.04227142170397368,0.008573414326900883,0.037990293621337795,0.05501141589788939,0.07923787500120216,0.10604443530255214,0.056466831905220255,0.10228367955585187,0.08416133353970434,0.15848854986991912,0.12346046833884289,0.019345432337074715,0.0784961460317705,0.18555209268333664
2024-10-28,0.12338043109928301,0.11054543720135943,0.1981014838480248,0.03407451681500039,0.0854556598217561,0.06420638847058671,0.031673698673523515,0.08600984745673754,0.05691650832599309,0.021766114798820107,0.019836641505409036,0.13631900032317798,0.11108802000239582,0.02625539992420819,0.06918610239083231,0.07518474934289195
2024-10-29,0.12274137627041272,0.11025284574619151,0.20016868930364728,0.03332734166446682,0.08496022218022309,0.0638992945769968,0.03223779536503179,0.085792120983672,0.05666183819672109,0.021664672773222815,0.0198697926383721,0.13575764241514435,0.1107662251141326,0.026489558850732474,0.0689434962656597,0.0748924068171047
2024-10-30,0.1231801411557327,0.11063325006518482,0.1993552762465807,0.033671225263941576,0.08487575581002921,0.06397142776358843,0.03252909331977123,0.08574939080065094,0.05683607794648157,0.021654518988954385,0.01974738751393309,0.13555359880532022,0.11033755962996417,0.02650879367445163,0.06893635452526434,0.07501451077121586
2024-10-31,0.12369574886155783,0.11010870063489497,0.19916197279999986,0.0337408412528868,0.08539123512697022,0.06421452985082124,0.032529221638199206,0.08546636673448935,0.056689157475272166,0.021610240791114607,0.019730875818529253,0.13569675462733488,0.1105242991288534,0.026478348455464748,0.06904957834432676,0.07510759742192512
2024-11-01,0.12349628071733064,0.11013083337851977,0.20123242890457124,0.03452590162736974,0.08571651510805602,0.0647292387444623,0.03233018290533515,0.08517686221527129,0.0562280862192477,0.0216667642450707,0.019811243800767136,0.13596871600674898,0.11095480585956988,0.025442034550684108,0.06933886507273272,0.07490318610999228
2024-11-04,0.07982395661179623,0.14366481847458334,0.07423854522193217,0.05931286369750413,0.30941081375258517,0.068878655379436,0.10139121327164313,0.002982335582261386,0.04635687347835428,0.08644790704359284,0.02020930353026148,0.025479395429909,0.11011895771344796,0.05789744931761633,0.02785179334073288,0.035935118154343755
2024-11-05,0.08014213441680965,0.1431697491081178,0.07370507096773897,0.05893831989043589,0.3116712496610644,0.06891774094135712,0.10066436235202468,0.0029774993870829228,0.04631668587614734,0.08644179562840426,0.020179015464683002,0.025468654460220595,0.10973902839138013,0.05796233527810054,0.02785039691956825,0.03592166800784604
2024-11-06,0.08026739641638177,0.1423742014355453,0.0732345901943046,0.0579012647458147,0.311054643361282,0.06847699593978247,0.10003198822730551,0.0030023157756018126,0.04638989842666288,0.08645911322679511,0.02025625074656743,0.025446432475999207,0.11007555144256555,0.05932815941701243,0.027708498544667535,0.03593068880521118
2024-11-07,0.07994779291951348,0.14196365033486585,0.07244304523558026,0.057098592525729824,0.30423983660000137,0.06809362483839757,0.09870622770660012,0.0030526244591064975,0.04702322550536354,0.08755169130760496,0.02074169246387495,0.0255935423638253,0.11218603435952296,0.06379297886701112,0.02772559472274364,0.03623999934076944
2024-11-08,0.0798891053331666,0.14209197057840184,0.07197231230360902,0.05684043226486206,0.3061804062118281,0.06744458943544143,0.09803854466902938,0.003040588260319573,0.04705742458361012,0.08696527031091904,0.020573707377586507,0.02540677138883115,0.11127131371063112,0.06390966280081374,0.027580033073681145,0.03601198487660207
2024-11-11,0.08957649825366928,0.039227950231672304,0.12383055734568076,0.06212510605479206,0.04243331254988064,0.046769610943867876,0.026543529868308394,0.0888498286791917,0.07733134607663383,0.08056280152223831,0.09799853163230501,0.0953622406885988,0.08634162154290899,0.1281835611360245,0.06054541939739122,0.10431808407683646
2024-11-12,0.08823177491655752,0.038795377109604935,0.12267281391106022,0.0612372115811827,0.04181352470807804,0.046432649723793164,0.026238419898102598,0.08803017328509447,0.07663333365451606,0.07979813355280634,0.09792825553121447,0.09466745045495174,0.0857637095087953,0.13603227296096676,0.06014709576677298,0.10354980407017265
2024-11-13,0.08830282803245063,0.03891810877011553,0.12341846184428885,0.06235732940578398,0.041336863603375504,0.04670512276953594,0.02673112977663012,0.08798769726324894,0.076914013730049,0.07999695014668715,0.0974036415093935,0.09493297584396035,0.0856697624620202,0.13420715494731922,0.0601839766511707,0.10405760733297247
2024-11-14,0.08825354017384063,0.03905429736130443,0.123981155462778,0.06229450871002848,0.04114577162951629,0.04673724656211437,0.026865039927331778,0.08803875434359595,0.07696606518771054,0.08024727547397693,0.09795187945106207,0.09530943339198125,0.0859995745722791,0.1323284261428294,0.06031618330435975,0.1044140265225611
2024-11-15,0.08858086871596871,0.03912223082069178,0.1264853221787361,0.06259693386387183,0.04152164596260481,0.04700416744291988,0.02735520020745706,0.08773378507557976,0.07704855836300836,0.079927924563329,0.09805380632974209,0.09558707356339469,0.0863063118094628,0.12849812710024605,0.06065939094781017,0.10515602765358992
2024-11-18,0.04387244181740109,0.08131631873495881,0.01550921127022874,0.02105009347064481,0.10070645207029362,0.09495979015988465,0.03572081263031005,0.011306524928980178,0.03690042617162929,0.09654688704692632,0.021721505177611025,0.02860093602889691,0.049692733188731325,0.08297357546256566,0.12405830962506069,0.40506398221587664
2024-11-19,0.043961814503778056,0.08089972444821876,0.015217289866553033,0.020762712576362346,0.10091400025245793,0.09438045101628506,0.03544550869587161,0.011298381987041816,0.03678359744416643,0.09637477699795587,0.021732632716569607,0.02852063256508263,0.049610577137985654,0.08506472064996165,0.12368387459147348,0.40397626180509116
2024-11-20,0.04411297132072839,0.08069623198854296,0.015184645377586636,0.020600332978653258,0.10096783179495657,0.0940337514930717,0.03565895587655482,0.011359206212739349,0.036790345320905825,0.0960418996715867,0.021567518209067313,0.0284498791258153,0.049527950846451764,0.0861298227201783,0.1234950900921785,0.4034771638158022
2024-11-21,0.044194508376398496,0.0809437300478428,0.015136761074349796,0.02067583427363577,0.10083465328397276,0.09414044341478224,0.036096139350620886,0.01138107375443807,0.03685299638602569,0.09657489301827855,0.021607822724083608,0.028454615315237,0.0494779054627887,0.08505804098463783,0.12348503666476911,0.40292845721060555
2024-11-22,0.044325375925525004,0.08081690829231443,0.014960630956179133,0.02046228451787745,0.10069618062546425,0.09406608221132315,0.036352400801207926,0.011451756685262233,0.03694175731559066,0.09721004059807212,0.0218101065005352,0.02854158603990984,0.04967534299769115,0.08392417673169482,0.12339236997307707,0.40218910561433
2024-11-25,0.06164180623171547,0.008317434551183087,0.010046230474754208,0.0720458533256815,0.1317198845050138,0.0219467731486863,0.14123255763310133,0.07371396838086361,0.06672423363817394,0.053786918670646625,0.10237602156547503,0.06779785593551702,0.09883847008683376,0.060681500080365464,0.09878061642231531,0.18034987534967364
2024-11-26,0.06075857504237219,0.008268708706537653,0.009966693689065576,0.07054038727279108,0.13290840561767212,0.021961476785627754,0.1392646439188563,0.07345213348199597,0.06699132755007006,0.053949699244640624,0.10334607277661548,0.06808140232780809,0.09948621780986198,0.061476778556036206,0.0986969278490014,0.18048528663405494
2024-11-27,0.06049414956425715,0.008278262379315834,0.00998476923535157,0.0710680974504898,0.13194983418253092,0.02185415299824136,0.14072233382532762,0.0739090372866685,0.06713801031978939,0.05422911355461508,0.10235474682873096,0.06813682600074335,0.09969032827881208,0.06045152436206545,0.09845400876598252,0.18038164245213767
2024-11-29,0.060696116148720065,0.008221627511789745,0.00996440615867371,0.0715160890948401,0.13244170140362727,0.021881023220145082,0.13993523965885565,0.07351973179164673,0.06698867473841207,0.05412208806922576,0.10192713717881052,0.06810717596976554,0.0994929107725714,0.06143652060516448,0.09845541171904051,0.1802415742387291
2024-12-02,0.10400916886240102,0.00818808566745326,0.052532467802828345,0.051040724743288246,0.016729197848014965,0.026363725360799964,0.06697311586553135,0.06709339644140921,0.06154182518118105,0.11105842027536711,0.07857652248309169,0.11791232941209384,0.09201911796972861,0.14760685586055153,0.12007825273042652,0.1282767934958332
2024-12-03,0.10321259594596287,0.008216056020611697,0.05286227800688452,0.05035977002920079,0.016707830000918533,0.026339244704258052,0.0663053525447304,0.06651577718943096,0.0617324545009471,0.11053130574034283,0.07825331862685557,0.11758911714631488,0.0915109172650182,0.15130564872439675,0.1200768864555708,0.1283254223161871
2024-12-04,0.10414886121087072,0.008226201717533908,0.05317666289034591,0.05054019157409626,0.016732299210629957,0.026415213503702472,0.06571215383946465,0.06679565295061367,0.061867269121733376,0.11034897893700595,0.0779472225776479,0.11741026731994439,0.09164802102660477,0.15037984406442653,0.12035010602355935,0.12863682334427012
2024-12-05,0.10291754703559869,0.00821209596007755,0.053080381361226,0.05009899850768175,0.016720778745776373,0.026259267911115124,0.06533593045910457,0.06689115638766745,0.0618329160085612,0.11009034487893772,0.07718204612767579,0.11697933292481993,0.09116884816047041,0.15429587692342528,0.11993235126561576,0.12808747336802512
2024-12-06,0.10276920661727784,0.008184418437472751,0.05284296725113953,0.05050389827752695,0.01675280883900746,0.026400076451736604,0.06566686997928757,0.0670850263706789,0.061769892848515175,0.11021030705109627,0.07706743161222801,0.11700523245672739,0.09120497991758483,0.15364799081830438,0.12024524239062506,0.12853168220215513
2024-12-09,0.03987292547645817,0.03524084179053736,0.013242477080696487,0.06143340344148985,0.11971641502052519,0.030867458650291106,0.07097731449251751,0.100193846514058,0.06725298037493972,0.08329896981768065,0.012932812104547657,0.09195048694397086,0.09114922255796347,0.07043416563921134,0.09630631557755456,0.2651303645175582
2024-12-10,0.04012604176961528,0.03542059720206429,0.013229075089171647,0.061624086002214286,0.12024081919473738,0.031070241941896157,0.0720744415057115,0.09855802430876343,0.06724878819440083,0.08295949269852095,0.012918856047246187,0.09201562135891475,0.09155899433710764,0.06897867467625893,0.09673258561144878,0.26642698807147014
2024-12-11,0.040057048440512104,0.035447604458752675,0.013286945947015051,0.06255154930417538,0.11998534294665193,0.031078835234829707,0.07304961355133635,0.09777384779820095,0.0671968554013652,0.08280567406673416,0.012816555218828704,0.0921068190327541,0.09171753645351852,0.06827050009807062,0.09658099443799863,0.2668330234756667
2024-12-12,0.04004641478155846,0.035582579195654544,0.013276573101731602,0.06165744273199531,0.11946397557198621,0.031072315332764756,0.07303230961819025,0.09867119111213919,0.06741160920394826,0.08245849310895884,0.012750049032677464,0.09188878207494394,0.09107638213558775,0.069503590238748,0.09665069929419066,0.2665050212172877
2024-12-13,0.03988382839347311,0.03559809576255356,0.013347740699242402,0.06242377664918577,0.11855493748699877,0.03119364895866741,0.07370067882452175,0.098421919387935,0.06723435533271026,0.08262236698930778,0.012788287345423465,0.09216139236871367,0.09094972985465405,0.0688330461549034,0.09673053689141885,0.2678133393860757
2024-12-16,0.02801859524136217,0.018207804503842573,0.00823654436388646,0.08014228394848011,0.04021057559985942,0.05670905063276521,0.09043722778730948,0.025446086465823754,0.024044097741411613,0.2263739083356991,0.15204131510836177,0.07645920053250893,0.02672246915776623,0.06990543211619915,0.05713377607844159,0.26991163238628246
2024-12-17,0.02803318827023441,0.01821946874137631,0.008268347317938988,0.07910954517439815,0.040120710542125584,0.05678355811537073,0.09088062244705497,0.02568097413530032,0.02406182266447649,0.22568763140950723,0.15121054046857746,0.07627882221244636,0.026595851559041307,0.0718129501936451,0.057209019233665136,0.2702992610991441
2024-12-18,0.027941699742491725,0.018252825218815587,0.008327869809232809,0.08021176108228222,0.040081909623790615,0.05688386089599543,0.09146230852946394,0.02540889135770978,0.024008684278418256,0.22501769619060963,0.15046426873494137,0.07623555796265262,0.026506560201427068,0.07196363854975946,0.057134194602255294,0.270716424559646
2024-12-19,0.027994297932538506,0.018445164151191344,0.008599495250527228,0.08317934517870638,0.040062147721443335,0.05783723520867193,0.09468849845134673,0.025009270278655075,0.02383893238848487,0.22454796440593625,0.14918730493630436,0.07595079426647834,0.02640402231355066,0.06822130597862457,0.05774852628702158,0.27380340869576003
2024-12-20,0.027826670451272094,0.018424956312177325,0.008654858863089348,0.08426847323576428,0.03980080151898524,0.05788923033596255,0.09348934880391792,0.025027510127618613,0.0238467459137113,0.22498853406167815,0.14845624214134492,0.07590742881920429,0.026443883968743156,0.06786926604477529,0.057584017538298365,0.2754254955882572
2024-12-23,0.07901860586955675,0.09264511393276884,0.068712486367668,0.05216751844066983,0.09349031966219654,0.09107957814395924,0.1068144747645415,0.03749289919587326,0.0398308121391622,0.09664426701203384,0.09570379001058074,0.07096108366399012,0.09876383903776619,0.10332229098413595,0.05454605200231724,0.06880686877277982
2024-12-24,0.07903009493870154,0.09274638473090924,0.06916836661593971,0.05184296395642303,0.09310228455372946,0.09108046190523862,0.106073516015217,0.037583114710818516,0.04007215034058253,0.09646604918919953,0.0959484662013651,0.07108529285391656,0.09905135129523461,0.10288847611460286,0.05453153095187967,0.06895221512501162
2024-12-26,0.07876871258227493,0.09237031887617976,0.06851233814743343,0.05117069906459664,0.09287181696342246,0.09056774208876274,0.10506333875213084,0.03777188358947175,0.040058935578928985,0.09642605043781341,0.09593320613796438,0.0710545938156952,0.0990548670762717,0.10505637361038028,0.0542945138007981,0.06871541824870439
2024-12-27,0.07890624166323763,0.09207966186901227,0.06854646545154167,0.05106086588958093,0.09291791248551068,0.0906543553194315,0.1047777343014932,0.03780405175113347,0.040060747020860085,0.0964149991523294,0.09617578034301943,0.07106320847545967,0.09911981782982553,0.1049977096216836,0.054264195480886214,0.06870875036655391
2024-12-30,0.06662299535402874,0.08930252985886877,0.21298464191711036,0.03853926310345102,0.08200110402339267,0.08536544208900093,0.042247460226179166,0.047390141229594326,0.049868773181986494,0.10768228915633117,0.09892337920039862,0.07345684088040538,0.09169319170829787,0.053303671293317,0.06545190423278827,0.04516637254484937
2024-12-31,0.06696850758329995,0.08992215825329729,0.2120186300347905,0.0390419123807532,0.08283731469308572,0.08606555686052214,0.043121750783984676,0.047305953539411576,0.049827929706318955,0.10761067397295297,0.09876239745522486,0.07355945150071308,0.09174019591558645,0.0523307267409592,0.06593854601894335,0.045457202329966355
2025-01-02,0.06690928945682172,0.09040589160947232,0.21261790673512868,0.03892155329376737,0.08269474245277915,0.0859802138686567,0.04329139862240664,0.04706707323955907,0.04966927083477179,0.1076540792483846,0.09902438568556828,0.07348638452522703,0.0917728367630981,0.0515478286528838,0.06597615112586043,0.04539258568822164
2025-01-03,0.0671885529599416,0.09077775840556788,0.21338620701994607,0.038652880046711906,0.08272293923684122,0.0860234245798682,0.04329530388033509,0.04716025991021589,0.04938327722370582,0.107160316952734,0.0985745427605894,0.07320567551748204,0.09148587138654128,0.051495262978906844,0.06591642006032011,0.04519363061961276
2025-01-06,0.1295662130669068,0.024531733497237203,0.1570029973292703,0.0899378816803806,0.10242623442586477,0.10681728516636067,0.10839969755549059,0.03706621452144665,0.05625405682138467,0.09226654548928695,0.07654588026034434,0.059868059892134555,0.10831132881216685,0.02241540631126356,0.056567828253650705,0.022022636916810827
2025-01-07,0.1302492213375841,0.02452845024718856,0.15586035649163113,0.08816320362657613,0.10270871015645179,0.10681408824476238,0.10891254799856251,0.037300978049675554,0.056659719549673616,0.09206142192661478,0.07720907485787183,0.05999275599952961,0.10842750865682396,0.02298926082457834,0.0567900414575225,0.022156224877194704
2025-01-08,0.12995623771159506,0.02464075246384613,0.15687401473673782,0.08963112751127543,0.10226003450282281,0.10726807453635503,0.10900078645715731,0.03681667665926312,0.05631744673272227,0.09203543993659553,0.07709580314968827,0.059824942525296514,0.10845913723505413,0.022177172382886332,0.05675100533588763,0.022097728535134423
2025-01-10,0.1297043315037097,0.024718033162844925,0.15774153833020346,0.08946763837740741,0.10218067640370151,0.10737361617513107,0.1081378110218838,0.036876061416589535,0.05626286231344896,0.09233707044828708,0.07665444629217043,0.05988802940808062,0.10851589855766894,0.022131126010144272,0.05642397806725256,0.022059062448112173
2025-01-13,0.16715607600333732,0.05656389459509163,0.0630931933959028,0.07023600032850395,0.09604207882083467,0.0671943388293198,0.060515071630784165,0.04498315171922601,0.06601478863159452,0.060829692292441624,0.08743511049090226,0.05601593279196903,0.06809812908202245,0.0581245937746287,0.19465612094947893,0.03304182666396192
2025-01-14,0.16636846781651907,0.05667050669438499,0.06255856690187288,0.07031164693242586,0.09598842572575413,0.06712040211800281,0.061194773016245506,0.04492062227877506,0.06605433434992586,0.06110232340719429,0.08797094390894142,0.05616023840537149,0.06856507115045817,0.057282722906126377,0.1943800135270869,0.033075855516654054
2025-01-15,0.1664187679464986,0.05607779161089618,0.06228177897763915,0.07020097816753292,0.09588888354894522,0.06702236839702512,0.061138406687619204,0.04526688606811793,0.06587499485042529,0.0612647358444537,0.08859968015800211,0.056235868917192296,0.06861924144273686,0.05683822862430596,0.19429554101614518,0.03303684366598823
2025-01-16,0.16673191621138073,0.055534251992978866,0.06062526369999523,0.06819759835181247,0.09644381329348935,0.06643728699659146,0.06110878411787478,0.04563259517454865,0.06619972817920958,0.060971871403766545,0.08888112695193716,0.056111875668271916,0.06884666995160102,0.058476551507759426,0.19311227306695183,0.03305790532206531
2025-01-17,0.16720161560994148,0.05536735216739339,0.060423873813990565,0.06776801691168143,0.09656962623941101,0.06625266794836768,0.06067879248310654,0.04585035627358488,0.06608246408914922,0.06121875825557037,0.08905773467723588,0.05624763828061795,0.06885045127021164,0.058436102603302495,0.19287065687617072,0.03302957951701348
2025-01-21,0.09427187240766263,0.09314368753052418,0.013320944296322057,0.06178525123906588,0.10882700109677075,0.12836521029763692,0.1340421490605239,0.060877523247582846,0.06787667285594252,0.07507663977372374,0.07994652813074582,0.10272416084176628,0.046418492935868076,0.08558866685246815,0.021216600664325937,0.07651859876907038
2025-01-22,0.09414118617261488,0.09149491057185453,0.01303400984864327,0.06085513962889536,0.10898555575269528,0.1276183676622937,0.13301686472135532,0.06138385390604484,0.0679217115183163,0.07523340750436126,0.08025977512324527,0.10275842218067618,0.04634573527305789,0.08765749127727891,0.021114645745767793,0.07635321681816433
2025-01-23,0.09404803489266114,0.09147987961714044,0.013035482842165644,0.06043443411981514,0.10845339362115211,0.12723256727159216,0.1338969499924979,0.06157048206035308,0.06834461502383128,0.07500116688938854,0.07983402618992662,0.10236988383183869,0.04625536933220157,0.08824098064615717,0.021050184347884405,0.07632448838701525
2025-01-24,0.09371710360858349,0.09136948445175523,0.012999597567171662,0.0600665599436024,0.10806559657435516,0.12678222753918078,0.13342925742725226,0.06183156620643479,0.06841217965173708,0.07496890047754923,0.08004530586130885,0.10244476541810542,0.046485744627580844,0.08879470924826896,0.021054969682977553,0.07615396754012205
2025-01-27,0.14823452440827972,0.03876059153679368,0.0677316570515718,0.06636061893723015,0.07437691937561815,0.10210736401012707,0.09639404743740156,0.07900678503644873,0.06032417756260665,0.07305530720975757,0.07863412295082502,0.06920691248283928,0.06665679062052726,0.060555091358634495,0.056653745956578544,0.11194134406476029
2025-01-28,0.1466685557669009,0.038721574111995706,0.06797942408659179,0.07001540449222644,0.07504729092752763,0.1027053791000434,0.09531351763114851,0.07623028777234327,0.06016661723557199,0.07425888908364801,0.07893795530717225,0.06983604300383443,0.06757246033272232,0.05931688632630532,0.05673576720487421,0.11195812969571699
2025-01-29,0.14728077602053577,0.03892451738630388,0.06819049077551632,0.0690513608610588,0.07481937923363807,0.10204207792556556,0.09542478765254185,0.07692096785565522,0.06042805772324416,0.07390097569966414,0.07801260578364828,0.06933221047292544,0.06732635796695007,0.06039804248421332,0.05671153536107068,0.11219802958167259
2025-01-30,0.14712911691449063,0.03889900337667598,0.06812314936326067,0.06872119224969934,0.0747450103202315,0.1022052893637978,0.09630581522637603,0.07694662374946157,0.060250027630061126,0.07381174266332495,0.07809168346382477,0.0692922784122865,0.06725379907615534,0.06033594707248411,0.056824182072527644,0.1120529892945417
2025-01-31,0.14781173806999723,0.038756554177561284,0.06739860575853408,0.06735740433537608,0.0747825327014227,0.10134889669532764,0.09509973478502871,0.07771657535302116,0.06042946225077848,0.074052023668934,0.07839806274284987,0.06907772889131455,0.06731992636532591,0.06155505933367868,0.056643163267287126,0.11165924399044176
2025-02-03,0.06768319464914638,0.14462433911562395,0.06451324897621383,0.048922402685662614,0.058890172575562956,0.09493658024494545,0.1005139227427872,0.07277635346975814,0.05456162623668579,0.0693724504736717,0.06688655537398996,0.08901516777474956,0.0869318637078083,0.06965632368117225,0.07398199684254292,0.08673380144967904
2025-02-04,0.06777748937293726,0.14488983011822362,0.06469754753815418,0.049918165162735416,0.058948538412718535,0.09459044770764224,0.10139023547612609,0.07275254551284341,0.0542909308262649,0.06968561831926443,0.06648170059689387,0.08888291376396304,0.08688610811424441,0.06844502307219391,0.073885352941475,0.08646424577958438
2025-02-05,0.06855201308909654,0.14373710149884025,0.0633520494671911,0.049423443215043286,0.05926632481954118,0.09483093675774608,0.10114622615815866,0.07293203745516676,0.05435882115114566,0.06942288468566812,0.06645253175609994,0.08866732221652247,0.08699663154617089,0.0696885742739338,0.07374618767712933,0.08655202730463524
2025-02-06,0.06860964984569819,0.14257472035514174,0.06270443315435155,0.0490203770078819,0.059491931323901494,0.09422961845886943,0.1014338672711416,0.07366684830462912,0.05429850014884936,0.06962029969082877,0.06663274828093031,0.08866549521109322,0.08690986411123043,0.0700664403335473,0.07355101905482775,0.08629161524183548
2025-02-07,0.06868252862752118,0.14294301670852125,0.06258477568776262,0.04851024828649881,0.05955512505091998,0.09430150513697015,0.10164658899461541,0.07449964981415658,0.05442703527598661,0.06970173185169203,0.0663656948212049,0.08891027868494933,0.0867776738435972,0.06894272278815784,0.07365213957517228,0.0865298970293117
2025-02-10,0.1605005778410071,0.04424302510372666,0.08970404943512063,0.02189600299590044,0.08557896175636187,0.0453222821216229,0.12903991643470858,0.0674318988619517,0.04971468823931082,0.09228753705455832,0.08500114024844839,0.062454780856853825,0.11112197096946694,0.06060753007901813,0.08091758187173184,0.06417805613021182
2025-02-11,0.16108452745743232,0.04435372844759942,0.08961649615173908,0.02132584976113754,0.0853110882354645,0.04512193912087341,0.1297008797653502,0.06765161296268898,0.049753094698484206,0.09207282842852663,0.08479545215774925,0.062365103659149865,0.11045125277952161,0.06017486193741007,0.0805922009027806,0.06400265981187044
2025-02-12,0.16102646263569792,0.044471898126587264,0.09002049171121568,0.021791439888648522,0.08537914544118955,0.04515756085068259,0.12840540594968813,0.06747203039717568,0.049912985486200635,0.09241244919874714,0.08536084290682681,0.0626242127646234,0.11107038249831883,0.058995182676846954,0.08065073600327063,0.0641908685687154
2025-02-13,0.16052699627339612,0.04450290118620723,0.0905763642406908,0.02160320698831946,0.08434491466757636,0.04515534571299115,0.12992937631848808,0.0672276570896914,0.04968183890785274,0.09189357650015695,0.08528302705060914,0.06235845886282522,0.11074201115058314,0.06018100703299533,0.08047582692782254,0.06407495385200107
2025-02-14,0.1603607054575833,0.04401470704062606,0.08870217686307176,0.021253327690312632,0.08488189669161794,0.04479381122249152,0.12941484151711402,0.06734596866209473,0.04980679520436978,0.09198253796884934,0.08573413900057672,0.062110644853334604,0.11052919665569438,0.06169930045464661,0.08020571448291586,0.06373163349656162
2025-02-18,0.09079014896386829,0.03942032903910261,0.08277230996069057,0.08089404924038263,0.06804668136654314,0.0399544308559022,0.04187063218540738,0.1151541091868339,0.05498234050114377,0.05818430421291891,0.06126149320912767,0.07715696790532753,0.06282058052964357,0.19613062719007796,0.0706228274367446,0.10993816821628526
2025-02-19,0.09114320520191824,0.03987556242510573,0.08352551125850763,0.08042763818702746,0.06761933899711889,0.039932164036643035,0.042460667492043004,0.11534038508758954,0.054927216365160354,0.05810975246431454,0.06184077162714601,0.07711826285619378,0.06262816772168871,0.1938630805141159,0.07063600450065417,0.10966910193101369
2025-02-20,0.09059084688835058,0.03969865447600651,0.08451356244845502,0.08068656677930655,0.06774757078639455,0.03999614136979679,0.04288982703903093,0.115246980384232,0.05513632278140027,0.0585017923189093,0.061915237627611905,0.07761791162319523,0.06281627844469437,0.19169637963042732,0.0704241456847078,0.10974095041254484
2025-02-21,0.09144314273297023,0.03977303781289049,0.08397238454247903,0.08311516283735843,0.06846736532766963,0.04044126519609921,0.04262649594993772,0.1140736114258104,0.05539957596930762,0.058929973925836134,0.06228284488587338,0.07820269081447963,0.06290281667336232,0.18805566709568786,0.07082234177004286,0.11058842771997307
2025-02-24,0.07772290727563197,0.07967499018892579,0.08712145824603752,0.16576405714176656,0.16583278668018925,0.0869799811696477,0.09433170096229102,0.05990802707176317,0.03859636691482869,0.11635018834492325,0.05141783843888179,0.06144307035610793,0.02905678917069463,0.052869130817302185,0.029046651016938388,0.05388405620407026
2025-02-25,0.07715134613768829,0.07949874722085026,0.08765943523531863,0.16839134015934018,0.16603520218242998,0.08674684772099295,0.09347862167077399,0.05927404790656568,0.03846187455070938,0.11688913654108589,0.05130524819555983,0.061392899702419124,0.029033864283124298,0.051869470382106715,0.029001244932036596,0.053733341152833965
2025-02-26,0.07676017894734805,0.07871567323990089,0.08687550559982193,0.1725764103575572,0.16693953449417878,0.08686342127550534,0.09256982242436784,0.05908015044920364,0.038439088413859825,0.11764222522721919,0.05122248689448009,0.06156613853196664,0.029074863307249916,0.0491875930034196,0.028941474767609377,0.053581050880456005
2025-02-27,0.07743487985950029,0.0789747835015114,0.08709551750449773,0.16985272857477887,0.1679676670902378,0.08716751692028848,0.09242542091768424,0.05962066481537727,0.0384892791302092,0.11710613896290462,0.051297385945097404,0.061588672960945744,0.02918030365869109,0.04973571097139206,0.02907123688538032,0.0537541348541471
2025-02-28,0.07709700789826054,0.0792388918166903,0.08859409279679563,0.17340757797119852,0.16683186279036238,0.08748226068414022,0.09233081567569222,0.05886274531610551,0.038108956668882275,0.11754553473033472,0.05104586461377604,0.06144733065368127,0.029182765544753422,0.04830506823325861,0.02907372435843801,0.053337247712600566
2025-03-03,0.08601251358342872,0.20817382042421426,0.056227667845378054,0.17280786948474053,0.08091832787122255,0.15290136042851193,0.044423004348848154,0.03509741516192243,0.03333555016614949,0.09407498977824427,0.050161421988176615,0.05349646114254377,0.019755547606792115,0.08707387636590222,0.06131866358726263,0.014221510216662278
2025-03-04,0.08603611908661025,0.20788482243424497,0.056646176330003344,0.1767355987888547,0.08121690132267884,0.15411021130976726,0.04484141113496429,0.034621620216322105,0.033053708815225576,0.09441606500827908,0.04970655423023622,0.05341890524674843,0.01968808420032511,0.08351694035084739,0.06130849997725553,0.014103361785730604
2025-03-05,0.08623673390564798,0.20694540290841473,0.05712527531769403,0.17963876753913366,0.08102880787619608,0.1549380178050472,0.04530090383848796,0.03402095079126487,0.0328218186899753,0.0936333357310895,0.04878248685483462,0.052937277958873485,0.019434382236995982,0.08391812738522596,0.061373888976003654,0.013996063871427286
2025-03-06,0.08646290403753454,0.20573313677683847,0.05726324045417519,0.17666410891964018,0.0808551312075953,0.15443976112792673,0.045507678394508935,0.03429377031783722,0.033016315790217465,0.09355400828010939,0.048993252012675195,0.05317090227205148,0.019579890358676126,0.08592833409517207,0.0614160404905928,0.014072164605675523
2025-03-07,0.08640618718931019,0.20651208439775595,0.05709286651996592,0.18102255384020935,0.08107884741941707,0.15572814168874585,0.04564818840212234,0.03326261409249367,0.03276659784970911,0.09377560476420385,0.049088371091601746,0.05305922859132223,0.019540059646589968,0.08263888322158978,0.061612661527959606,0.013960674979622101
2025-03-10,0.054311197473204044,0.13064126465272669,0.05223685447842301,0.22609947331734243,0.015859399244486476,0.10712639001442778,0.042300170017418634,0.08480353372303946,0.07881024182541072,0.04157771896235559,0.049853066244418265,0.03516710405168691,0.07657868088041869,0.10497172785448114,0.08598330314242265,0.06367987411773755
2025-03-11,0.05465471474094251,0.13062392253882665,0.05317879644144687,0.23493633765494484,0.016150682111063665,0.10850348492987237,0.04334748592925211,0.08294669544737997,0.07852525379567099,0.04207130831123639,0.05004160449555438,0.03534172413079367,0.07696407147513795,0.0976197019395486,0.08665648843313656,0.0632251230139033
2025-03-12,0.05500534375097691,0.13113410561500158,0.053564289022425646,0.23425125652114948,0.01613713912577006,0.10932579459562065,0.04372789416846405,0.08358447036317738,0.07789198428316632,0.041662918982288306,0.049379900623384175,0.035098201298762094,0.07636238069502045,0.09871635988609274,0.08705784178341146,0.06298544458833381
2025-03-13,0.05540100926448201,0.13221312791974546,0.053240418415126195,0.22854495127836408,0.01609384804348612,0.1100121370199899,0.04334643431092735,0.08488336758498867,0.07803978746554457,0.041332173658146044,0.04925224816272847,0.03505371457737158,0.0762511031231139,0.1016038391849535,0.08729085412950757,0.06327250384714504
2025-03-14,0.05544586488747391,0.13308492068407776,0.053764948945647005,0.23373776398565232,0.01623053837565007,0.11022775430260932,0.044151637376819486,0.08403382222715733,0.077138578450583,0.041484910105059704,0.049485621696488014,0.03493334619996748,0.07586912497440894,0.09733093159683977,0.08759984191285586,0.06279369100418171
2025-03-17,0.045765054324158894,0.11908294981096564,0.0185565504987154,0.08631134700377924,0.06826730504398669,0.09136458876737674,0.02497799446057216,0.07591142263538755,0.06570433296545229,0.03727406621428367,0.06188303565687551,0.05378284095044121,0.06432184683363622,0.07678331690910083,0.0672698425410525,0.06098945280112401
2025-03-18,0.04562463033785406,0.11865868569531003,0.018350390578978807,0.08562349115853725,0.06784300025362916,0.09140104621338256,0.02489298464532585,0.07622776770543342,0.06586748822311721,0.03750205723943712,0.06234660673282823,0.053849227348876295,0.06428528507432182,0.0774330538986339,0.06719191909847823,0.061011867494225505
2025-03-19,0.04588430222877318,0.11958666742711847,0.01844317718963114,0.08699414719380316,0.06823802104350582,0.09167567516838371,0.02524048543721622,0.07530782964809128,0.0655301312190679,0.03749496248662318,0.06255070676608035,0.05378242090208031,0.06448270475949476,0.07511520909647677,0.06721120354539885,0.060663426170735044
2025-03-20,0.04580006837618448,0.11881365939357248,0.01841095556900291,0.08491635255151982,0.06825222548346803,0.09107399773728103,0.02535534649497144,0.07621768670427005,0.06569773801362921,0.03740718771433734,0.062474566451845015,0.05368511820834612,0.06448442492928054,0.07739948166674225,0.06719615718635052,0.06089136669540647
2025-03-21,0.04586070495591368,0.11870067804524816,0.01842380511088837,0.08515368443308988,0.06830585414860268,0.09115760901385209,0.025375437116775045,0.07624612622296087,0.06556784399446179,0.03734523196391525,0.06227991537489342,0.05366908526477981,0.06456849919349157,0.07749201805257915,0.06710428629297424,0.06085801947043866
2025-03-24,0.046090469430975306,0.1072840490303504,0.05814840640053291,0.11472133191115368,0.01829954470840499,0.10212668511049001,0.016720587317613875,0.09183972693479178,0.11873938818958886,0.049511187854613455,0.10542610224815749,0.1086156695733127,0.1087739602644879,0.06564272408715352,0.03943388547122662,0.09862628146714655
2025-03-25,0.04599180198133893,0.1062561531998751,0.05750245163959666,0.11037527389548774,0.01805688681843755,0.10117704799454068,0.01633461758505156,0.09339551282217763,0.11949631691353284,0.049307666657721766,0.10580443989670883,0.10872775009656065,0.10911233184916248,0.06831652221653337,0.03915799794261961,0.09830048086147739
2025-03-26,0.04609213072813921,0.10632166025058044,0.05757379019366199,0.11038331618336834,0.01811046145195258,0.10111029113338123,0.016424893157703457,0.09356818712519657,0.11956721088795165,0.049160132865977174,0.10561606229296042,0.10836109643905834,0.10911417183056556,0.06820110373023512,0.03913303726031913,0.09834029610200941
2025-03-27,0.04608672512312712,0.10685197042804179,0.05780873163802167,0.1139580748812252,0.01808102859228848,0.10154510705265754,0.016432931758339084,0.09219869158025161,0.11909973849607158,0.049540230153987876,0.10577831013390546,0.10859454973514082,0.1093765823005307,0.0653759698756897,0.03905303801522202,0.09843124189428484
2025-03-28,0.04612715188497319,0.10729580477186881,0.057898111019169196,0.11561136891785309,0.018088595159627234,0.10203653418409404,0.016449929380872114,0.0913176727363044,0.11902349280127938,0.049767178170694606,0.10520199563205593,0.10846115231160026,0.10925059732805634,0.06432879502846423,0.039155350773752054,0.09845593391013795
2025-03-31,0.05711164092824965,0.06416083770264078,0.11631683872713473,0.18571114446509593,0.03732596154067098,0.08895945456479244,0.07870974046225707,0.11015834856207281,0.06998621331912779,0.01775959621965047,0.08141515129837677,0.07142920897440416,0.05400770395261725,0.08692784563610335,0.04291775671669663,0.08710255693010911
2025-04-01,0.05711959997649609,0.06377101350002008,0.11525452604902042,0.18688788744489798,0.037491409945858284,0.08863814311128777,0.07890147072531528,0.11048667811118498,0.07028017412455857,0.017876205743271357,0.08177346680398317,0.07176975479886442,0.05438862641054624,0.08464660923571234,0.042720634036967874,0.08716346691148147
2025-04-02,0.05716360452358319,0.06381598933977671,0.11464381939317615,0.18593373390171886,0.03755783622013151,0.08865447368881853,0.07925372479498147,0.11111590719354834,0.07035510123124024,0.01784013037951458,0.08157759173912589,0.0717264938154767,0.054252849754938,0.08492985759858215,0.042802582857559335,0.08722912351084187
2025-04-03,0.057353877930611016,0.06347273967587154,0.1144275948681831,0.18160538095498813,0.03745942330678736,0.08857662485055946,0.07939122656177003,0.1122186462970744,0.07056812000120842,0.017829506060936737,0.08190610395175901,0.07182838278252963,0.054416339920002256,0.08709968115145812,0.042771973960828755,0.08727512786173573
2025-04-04,0.0570511784806151,0.06435487527166206,0.11583927554615976,0.19622960065250367,0.038033992752027075,0.0905380432739358,0.07998988007223119,0.10867830388610125,0.06902776092477025,0.018036761508316797,0.07965112596730976,0.07121679165194193,0.054001923000993365,0.08184753314397951,0.043073185165708856,0.08649578264886101
2025-04-07,0.08170182397613981,0.10835193141696987,0.05199808330115071,0.04724611662475617,0.04535810934480701,0.016134140229109785,0.04130263349356285,0.09704937938873096,0.11997279287304588,0.05253334968927874,0.11164546415690639,0.08741145488098657,0.0847273115650523,0.12835923844501795,0.08724472517747431,0.08896344543701068
2025-04-08,0.08211569921440447,0.10875285143469278,0.05214064575898803,0.04629245903263357,0.0443743619495794,0.01610227154772865,0.040474071784740266,0.09844117652211129,0.11996252880254167,0.05223484449687009,0.11186412618349996,0.08759249747085181,0.08446742217542125,0.1301420682991488,0.08719165925882293,0.08928532923434847
2025-04-09,0.08291600390761768,0.11029667521336711,0.05280859645700063,0.047636644660211294,0.04422692159004026,0.016449757026081067,0.04107145973852049,0.09897739947169298,0.12015264824545215,0.052576203534308044,0.11126835181210312,0.08759293740521976,0.08536946017806207,0.12666949431605193,0.08807004656782448,0.08933516491811949
2025-04-10,0.08004296289573917,0.10403953856459913,0.04937060517193581,0.04196503818492817,0.04231490916741295,0.015465412559030662,0.037660514596278546,0.10113213181252265,0.1207693461166516,0.05115287123061143,0.1109306084283248,0.08680861620249901,0.08400853961060122,0.13664241883087205,0.0840248212433936,0.08989620824745974
2025-04-11,0.08188848532195331,0.10649507453508378,0.0499346687507719,0.04485452114050584,0.04242994125068316,0.015937727619116385,0.03857065694817685,0.10069726243694599,0.12059837812743479,0.05192728301677135,0.11012987247370813,0.08717090013554812,0.08500907637315501,0.1325551600687191,0.08522260706515448,0.0897345267247718
2025-04-14,0.050363491726205675,0.053805999312507576,0.10318873970230491,0.06503466703295477,0.07316355399479951,0.14523249614832542,0.37838786957384013,0.03448416962522104,0.04602795687964159,0.025323852983900857,0.07515335699813883,0.0644962831007852,0.021842872136854236,0.006502457903378434,0.08330687216405058,0.023685360717091174
2025-04-15,0.050130301065628095,0.05314375518587283,0.10236821064652092,0.0645790956835998,0.07335873829706516,0.1437032020635833,0.3793390314675296,0.03451357001274533,0.04605306729905374,0.025437980615783014,0.07547994738663204,0.06480129079093759,0.021856268092128695,0.006502762818801768,0.0829979717410804,0.02374687419098966
2025-04-16,0.05020494477604708,0.053351801942278516,0.10192962708720288,0.06412165844542772,0.0733751866453965,0.14299300032739296,0.38077403218726047,0.03467452960530026,0.04589752596329637,0.025342750090048664,0.0753368903525491,0.06455398822965511,0.021809275756133097,0.006537688073775413,0.08319560357190442,0.023692211922022744
2025-04-17,0.05054559585958509,0.053626172508200703,0.10158486239342138,0.06489840338043568,0.07364487651390453,0.1432972835021734,0.38436870038425575,0.033994807028676556,0.04500962881210854,0.02509695361810668,0.07435420892614467,0.06358628242110623,0.021529131118947588,0.006341021711329184,0.08310650174984768,0.02318931057910928
2025-04-21,0.018350574611870684,0.05283708419622003,0.15621987604557405,0.05471628984196274,0.21959350411652306,0.08616899962662976,0.09795500906448051,0.045452624600340955,0.06218370557187904,0.0551901490117335,0.07963025579382793,0.06464631295950123,0.06379263222652377,0.06022848620476373,0.0854788355945397,0.04755566053362942
2025-04-22,0.01854193633949532,0.053387661127758806,0.15809389343674085,0.05610080160314234,0.2200811189769043,0.08700981602977614,0.09908982959767973,0.0446899368744423,0.061491112022615285,0.05466916322253835,0.07912013589855085,0.06409516553621315,0.06300465273174352,0.059986661729941104,0.08595906085414699,0.04748529953982361
2025-04-23,0.01842299628157583,0.05293674292130255,0.15558583888463284,0.054991285196796635,0.21931661740016484,0.08604340899186712,0.09773111093639009,0.04536547200651396,0.06206176971177963,0.054960045632718134,0.07961255163951757,0.06446777612416481,0.06327327314086208,0.06131347522635046,0.08543733741799565,0.047465643411152884
2025-04-24,0.018276052127850575,0.05255902097449955,0.1547771392943859,0.05357153822263661,0.21916271589543593,0.08493682749477546,0.0962859528639434,0.046145677909212854,0.06241672679971,0.054839039231442406,0.08030514469172867,0.06453619900750013,0.06347896421932411,0.06336668618646017,0.08528730914165501,0.047557465566260206
2025-04-25,0.01829723069510143,0.05210099818952192,0.1521280741589998,0.0517034891836548,0.21998255125637384,0.0841264277918543,0.09644179313281216,0.046621089735612006,0.06286443801392469,0.054513268577592304,0.08059369216581017,0.06448935372046082,0.0632547046258844,0.0652800545761319,0.08484982683762819,0.04732374823824056
2025-04-28,0.056399411103086536,0.07135626136967443,0.1891088034446582,0.022818036330537143,0.0329494073686317,0.08808073953750209,0.07946802899966027,0.04589571200386475,0.06722641766567566,0.08573256644694231,0.08034936584895827,0.0978204968778225,0.10792693533619677,0.03914664946790491,0.07416033277758782,0.11156083542129672
2025-04-29,0.05656072120741088,0.07072426126104715,0.1902758523967937,0.022663994521241942,0.033029032607774254,0.08785049956942352,0.07902871213670958,0.045937248292537154,0.06703300008185051,0.08572930772620171,0.08048816893528059,0.09764686845458245,0.10765583482661721,0.03918267001203647,0.07395204597536989,0.11129977213067657
2025-04-30,0.05630473887236949,0.07023113737822256,0.19026481667349807,0.022692609965515476,0.033024936061175826,0.08745449434426503,0.07861166955103659,0.04608467701111852,0.06715172072374247,0.0860325136069509,0.08039192163513606,0.09757019858852739,0.10811793008141496,0.03923815204858636,0.0738053135970538,0.1110302054581747
2025-05-01,0.05607221748985719,0.07026047028922186,0.18947705302509796,0.022885130756811707,0.03292250155259656,0.08743108082370414,0.07816764526806014,0.0461561377762372,0.06734403829556282,0.08667125070379429,0.080527146382942,0.09811946887150606,0.10839137815597098,0.03871358407238216,0.07375967776980558,0.11111363552245923
2025-05-02,0.05596126729714681,0.07000620344230726,0.18920395220048164,0.022594213741334683,0.032789829593017523,0.08765415436913798,0.07746236908667163,0.04671814433971117,0.06757092117094014,0.08635083356493317,0.08086600540143941,0.09842320253536364,0.10878528555776884,0.03878136939281347,0.07403808704891092,0.11158338245835446
2025-05-05,0.05431217298276912,0.0558481545407252,0.07576467933377215,0.09478133943821229,0.07207504520514223,0.07134904542861104,0.2531509251812847,0.10251003252174776,0.03535777722802647,0.030175650901313127,0.053346135235883996,0.04794201227512983,0.018691055670740236,0.09045808360642882,0.022402507895786232,0.17183538255442696
2025-05-06,0.05454442953449995,0.056049149395378556,0.07599933856727763,0.09513574035290677,0.07219520962967686,0.07151732749738161,0.25401198647197687,0.10247194722827929,0.035281086781758425,0.03018587876082171,0.05320570616789519,0.04795650520215543,0.018690427106692043,0.08845530723971726,0.02242230224493889,0.17217809741544562
2025-05-07,0.05468064813159478,0.0566147046132812,0.07597979509148792,0.09607295867821176,0.07252319940364094,0.07166396964555241,0.2573796373509851,0.10151143300690575,0.03492895427876946,0.030047967401041497,0.05290063091657598,0.04775450272600459,0.018611745765917644,0.08510042056545733,0.022388035537298435,0.17207747091624956
2025-05-08,0.05457433081904227,0.05630425732564592,0.07580341475111452,0.09598214979093948,0.07218879099995229,0.07146286012920901,0.25604582952744015,0.1020760330913569,0.035053768918693676,0.030142167339328736,0.05302226980236842,0.04791118182844397,0.01860320240956854,0.0863453186209733,0.022351618136013874,0.17188233863048405
2025-05-09,0.0542930272375856,0.05602851580741351,0.07527226106734983,0.09465503545648692,0.0716832525600001,0.07142854235001157,0.25449962623342137,0.10286527136808193,0.03510904766321051,0.02996547032631924,0.05350134000205638,0.04783822167378051,0.018651842541165167,0.08949834948197007,0.022342894466332513,0.17178131133871105
2025-05-12,0.07069487905514321,0.026337991794614178,0.052893274331308616,0.048297856719541885,0.04626866245950649,0.10112463964358362,0.015079905887674208,0.07116813555637971,0.05819618024122321,0.08133566841013086,0.054247349627013636,0.10823066921866903,0.06519070979255574,0.03852288429004242,0.2825941253659737,0.12981706760663927
2025-05-13,0.07026952857667836,0.025985503708414345,0.051976316727720864,0.046261010215744525,0.04576661184723995,0.09996890568972265,0.014933314745447849,0.07254076109098453,0.059543908272100134,0.08128305657060593,0.05532859753022617,0.10835571518945003,0.06565571945748902,0.040532215291105775,0.2806965277664071,0.12882991683470096
2025-05-14,0.07055751773319233,0.025848722955310807,0.051622060743894034,0.045204116292450004,0.04583115870282467,0.09933509400101344,0.014939477333114135,0.0734645700290305,0.05928751647814288,0.08019928364990864,0.05512090550318854,0.10741224582363852,0.06508379934981037,0.04245354206272095,0.28200499655850847,0.12806184681527977
2025-05-15,0.07047911815676441,0.02584969369628449,0.05178767215622331,0.045234349584095494,0.045717217188253265,0.09938540158144522,0.014857927459186866,0.07400556009023651,0.05947845636112345,0.07983228443974738,0.054807000434429716,0.1070618605006374,0.06514030139291423,0.04268463120706535,0.28235760102818913,0.12844347964429184
2025-05-16,0.07037169175156514,0.02581133668437004,0.05148610471228268,0.04588410111200804,0.04585142820367537,0.0988732139167555,0.014654024305140352,0.07374459158738307,0.059559827447399544,0.08078656906656732,0.05523460187284875,0.1069955354510051,0.0653079161277106,0.04184021074944458,0.2816151926215337,0.12776149874171208
2025-05-19,0.06500343786509533,0.012772623456340644,0.05840723791251141,0.05468626063510368,0.05013695114154945,0.03765050163404678,0.02920304975265272,0.1241161941008149,0.18148739472022968,0.05084149923572384,0.08637076523917082,0.10200128598667847,0.09671802975993665,0.05592073754440343,0.14191266730956312,0.10277136370617909
2025-05-20,0.06510078737862715,0.01276840500263978,0.05865494793253991,0.05486181942351783,0.05008383673460619,0.03758244760869751,0.02937066057272169,0.1242123605860166,0.18174780006921196,0.05099114394254309,0.08617656800106623,0.10193684293924223,0.09685038059779254,0.05490789239410052,0.1416970561119529,0.10267721992270515
2025-05-21,0.06526682561248255,0.012807060175074702,0.05903045752321468,0.05520670846005141,0.049969341085671005,0.03784977319032459,0.029273960612815276,0.12387397589135718,0.18121834424833652,0.05096319600268819,0.08610880006674226,0.10206124213462645,0.09681156679508528,0.05502259413292475,0.14171180925008733,0.10270477828887405
2025-05-22,0.06576991714046891,0.012954752819217024,0.060123274457739295,0.05663811087814854,0.04997190569260055,0.0383647763158152,0.029668242665298782,0.12316388685477737,0.18061360058274586,0.05093307754455936,0.08539373916801647,0.10266331363639056,0.09695897218048052,0.05399708054620568,0.14275329123637842,0.10309459307900086
2025-05-23,0.0655715752492502,0.012944886441814744,0.06024226205875142,0.05647394800348687,0.0499575417513835,0.038378604156978705,0.029715251572116748,0.12338525671517045,0.18052625449386095,0.05075403134601434,0.08508255761214292,0.10243951427092582,0.09698292735886502,0.05474272612289058,0.14288277156022006,0.10329161413662369
2025-05-27,0.05063864913699049,0.0050252261722676635,0.06976113060322787,0.09078074372347977,0.009560156428287992,0.07278584183017972,0.07200794667805233,0.14730186435548057,0.07370056907901378,0.0657961284766717,0.10202838721411733,0.16476051254692992,0.08552839299762664,0.08327427947051629,0.13378537304339722,0.02326479824376067
2025-05-28,0.05005714057355879,0.004952296392553794,0.06847254495209501,0.08841304506725255,0.009538432412026374,0.0719694967994045,0.07061557572258215,0.14869401932809778,0.07432647754055641,0.06567522984424652,0.10250041946015447,0.16443227775387326,0.08580510910819751,0.08519918370181878,0.13308332551267457,0.023319997151804057
2025-05-29,0.05017775286714345,0.00497061225277858,0.06880872811085992,0.08930025464560266,0.009513716521280968,0.07222600986325237,0.07096312692572901,0.1491824623860715,0.07421899476494978,0.06552759038535574,0.10221076988613384,0.16480102020112872,0.08588419644648969,0.08407119247454353,0.13311783442866462,0.023387335481062567
2025-05-30,0.0503141639804393,0.00497697400832732,0.06886585981949928,0.08862065265347731,0.009578104000545122,0.07230742830193826,0.07078522463192316,0.14926646502928742,0.074406609867601,0.06573381689042956,0.1023037870382343,0.16504534004858695,0.08593108833299529,0.0835144866360941,0.13320263633729185,0.023433022779066302
2025-06-02,0.048518201705079124,0.01759383580926851,0.07794314229896013,0.041758520817326596,0.015215141535389054,0.054920749638168655,0.15117025702584702,0.11922883374432511,0.1027685620795863,0.043126172685575614,0.10534626203229576,0.09789711066535459,0.11019308637501396,0.12738656097843673,0.08586620412443997,0.05106735848493309
2025-06-03,0.0487629316055273,0.017598747552348134,0.07826549464441418,0.04100551382524115,0.015126301585241152,0.054752098009036416,0.150540187662195,0.11956056585361521,0.10264539988296205,0.04295653059640466,0.10482117255116595,0.09748565151015531,0.11034379991182507,0.128376523394618,0.08538234058520495,0.050967969054907636
2025-06-04,0.0486099027256564,0.017474190156969868,0.07748912010046753,0.040441363689243295,0.015026823272433064,0.05445268436170164,0.15032995184247283,0.11945070409133383,0.10283879148859988,0.04277508176583528,0.1056345740798177,0.09725542059947194,0.11002490476082717,0.12963287747331925,0.08517285922589495,0.05090551060826961
2025-06-05,0.04870110990628423,0.017562806673474325,0.07736730447859426,0.04020242995611992,0.015249741598655409,0.0545113670964066,0.15043034500637292,0.11914704226584782,0.10321692070465797,0.04258959745493252,0.10538382329247277,0.09728382007798467,0.10983213204045383,0.12971371397234363,0.0853808240016382,0.05092525791532267
2025-06-06,0.0486649455691181,0.017591368517281974,0.07799698801414374,0.04058422337037215,0.015296883226099208,0.05469194293192717,0.15252307613079039,0.11839407470790062,0.10331740732595264,0.0426650004625459,0.10566532489965016,0.09765152166260525,0.11004134644703648,0.126543288909275,0.08574175965693306,0.05101995775247547
2025-06-09,0.0862544045219693,0.031084281258895414,0.021825675565153663,0.09162246801462486,0.04223696087655697,0.0590532156842724,0.06684268848285267,0.10596698405885648,0.11440636795080882,0.051370858947933716,0.09468414890235888,0.08956839383112705,0.09859332436852036,0.06619975075912797,0.15723114523861498,0.07305933153832661
2025-06-10,0.0865007951923579,0.031055371960922982,0.02178031495313537,0.09110692447686079,0.04229962202177753,0.059025741131027716,0.0673279710266369,0.105240061273599,0.1138368325894773,0.050963535819697786,0.09500869131900819,0.08943381119235318,0.09832091725904352,0.06749638568673395,0.15721874232841576,0.07305315078514267
2025-06-11,0.08628180128524364,0.030956721225428217,0.021620594705587578,0.09083074180487637,0.042395710083248,0.05886555682665218,0.06701611470988511,0.10482354349461734,0.11432021483700075,0.05085247046947855,0.09585068578890926,0.08938490599571529,0.09818183983904022,0.06782655035906969,0.15665742438753746,0.07291260065500985
2025-06-12,0.08642323186347024,0.03114938658455721,0.021487712568923702,0.08997397587439344,0.042515909602835675,0.05900122642856923,0.06710772541980671,0.1053127491347801,0.1139883905619772,0.05076409299420424,0.0953619878482447,0.08939584528396914,0.09832910270484044,0.06848290510185001,0.15665562551820886,0.07290227601423657
2025-06-13,0.0866543275605638,0.031238896401829,0.02154641517803663,0.09104858662796628,0.04273261743726005,0.05893769535319462,0.06691138360418317,0.10504307578659856,0.11412619097652324,0.05105427734999505,0.09532266021249886,0.08961044919591386,0.09834615277081689,0.0667069584590992,0.1562109292800467,0.07280979102889226
2025-06-16,0.15165039938201796,0.17387802644498146,0.014118166168422739,0.083223131772188,0.06576218681142014,0.12419910894620025,0.0682965213237359,0.05142667033477756,0.03711124710487547,0.0544412303142735,0.06507634407374178,0.06243868187459602,0.05470266201249377,0.09509896897612861,0.046846784831577046,0.10172986962856975
2025-06-17,0.15077725223252242,0.17244767373195202,0.013997138896203633,0.0809743105399893,0.06524169768086663,0.1237127312368523,0.06879268448047525,0.051552640435917355,0.03722767799168786,0.05414606438343281,0.06548689970432309,0.06231369580342216,0.05477401502247518,0.0987026614862306,0.04680355011989757,0.10157323239046599
2025-06-18,0.15129565956719626,0.17345713741904764,0.013873382182049027,0.08178223324293485,0.06593119432695234,0.12416261600799759,0.06811528854000194,0.05142043939849896,0.037057893493259046,0.05405669527705142,0.06518508561676924,0.06219543218034591,0.05485352296860899,0.09764462658922976,0.04686490723367253,0.1018876925639215
2025-06-20,0.15086002367493667,0.17306001125491952,0.013712106520219492,0.08036137762983236,0.06570402529576223,0.12370148322673725,0.06771559576701429,0.0513718732683481,0.03672141995512105,0.053733848524612514,0.06525060865547687,0.06190865003839962,0.05466204909309594,0.10178070143379622,0.04677223822529327,0.10189591970973914
2025-06-23,0.06818853737517912,0.18152345014378996,0.0867448884452867,0.06348395620886135,0.11864504563708517,0.06766071012591346,0.035310101456007395,0.04264137005308745,0.11396652516289729,0.09262037446473852,0.07639459730579329,0.00455605339135086,0.05300334906683436,0.09584928671002467,0.03287617579785545,0.1165355786552947
2025-06-24,0.06785905396564543,0.17994399502973887,0.08761814241210891,0.06298065450701446,0.1179898909352405,0.067124295059995,0.034687967562284636,0.043025198345951816,0.11432469242648352,0.09275689007636072,0.07641091134268475,0.004550742046091686,0.05309082000205298,0.09666180694110073,0.032738147894026196,0.11625478792074036
2025-06-25,0.06742812738434657,0.17942867589896927,0.08753379986100496,0.06152117931597554,0.11772524204235829,0.0668509201110491,0.03388840197007619,0.043237484901692255,0.11488435884098762,0.09264526604887781,0.07694882100623072,0.004557289896666773,0.0530185177849278,0.0980707769779618,0.032652086478536624,0.11605205476607333
2025-06-26,0.06763270249884919,0.18000621584914347,0.08811918496099028,0.061465711874443794,0.11813096509821622,0.06709066140190063,0.03390738010259269,0.04303376096482293,0.1150107764050476,0.09207369731093293,0.07668913720320385,0.004551449496790205,0.05299616576900579,0.09719130489614458,0.032701220798266414,0.11644396024111395
2025-06-27,0.06766565612266336,0.17954077053986725,0.08812088988943464,0.06025089399793794,0.11817455689912064,0.06673326326550898,0.03383956217824061,0.043057405117999374,0.11477369991625842,0.09172077120805291,0.07679670374420958,0.004520090937462529,0.05300773280606096,0.0985765817840691,0.03259428994543126,0.11579534822886743
2025-06-30,0.03533703945545127,0.06614572298750217,0.026057668662967506,0.11584728542450759,0.05392068195036544,0.11338611223076,0.03692120327454903,0.07423036472622654,0.11542181476605712,0.04995518740939717,0.08717909240031108,0.07247418768785514,0.08244432829528539,0.0734047917054558,0.06291839333218874,0.18435612569111995
2025-07-01,0.035303803478919975,0.06583881755141162,0.026088534581208852,0.11576397913720321,0.05403861636837302,0.11295261710599636,0.03670705034090545,0.07461011268504644,0.11552961727028167,0.05012465334640204,0.08714297147853847,0.07229544052527671,0.08258722216894578,0.07344925460118151,0.06261156596823556,0.1835056759873688
2025-07-02,0.03529093785336479,0.06576904088828059,0.02607618667287386,0.11711825350471115,0.05412867206817966,0.1124895229303137,0.036667064956360414,0.07338541661114298,0.11570229282365532,0.0502458298379187,0.08826610552751138,0.07258457845060828,0.08276495888935462,0.07190633116980348,0.0624772887935968,0.18322116532241797
2025-07-03,0.03544173833767762,0.06588054314993828,0.02620739616614853,0.11452051319967417,0.05426250902489593,0.11250248375572564,0.03699923071212186,0.07333840249481043,0.11590560688954556,0.04972068277778402,0.08840631856158239,0.072548836669981,0.08281599741964346,0.07354178206176826,0.06258739599403693,0.18316107052234384
2025-07-07,0.04928102489487999,0.05347512750482737,0.017070897530721253,0.049333503260789516,0.06646795399252844,0.0523367599641033,0.017094566841877813,0.03310667821786453,0.08164784218687843,0.016447736759461606,0.10381946618880508,0.0824775934216001,0.07732253595278334,0.07957164634220872,0.10419055491722617,0.3663561120234444
2025-07-08,0.0493615957526389,0.05355299542302333,0.017135970550727395,0.049729505775918975,0.06594986191117716,0.05224879506434991,0.017267890263780762,0.0331469835140259,0.08141387217183443,0.016466825765454027,0.10305152516878162,0.08249125754241957,0.07749567378534146,0.07920479668649635,0.10440931863568158,0.36821682603056943
2025-07-09,0.04934719388301094,0.05353976052064879,0.017359057052157123,0.04911143571541309,0.06583905620404552,0.05228444398460088,0.01747825537464979,0.032815983721464353,0.08142345484794042,0.01639911712602527,0.10371967406462991,0.08255204308229407,0.07694718165069662,0.07964033377133037,0.1043667248402841,0.3680626055614998
2025-07-10,0.04931569651838939,0.05346068557834242,0.017273846648207213,0.048491577557182926,0.06584617928955153,0.052298491747277624,0.01744381912609183,0.03290587133990923,0.08164425342621101,0.016374557313876544,0.10349099940393215,0.08232804267402745,0.07677429588559931,0.08101393667204634,0.10436332156312465,0.36700395487136955
2025-07-11,0.049322022026559664,0.053252122316538246,0.017265550812949323,0.04787007001675166,0.06603844203841934,0.05219026708480147,0.01731461272967086,0.03278983270153552,0.08144781283126257,0.01628724193521395,0.10379324759171897,0.08229332161584083,0.07698834367847553,0.08215238380559081,0.10421390253150142,0.36622227517215084
2025-07-14,0.1914754984893819,0.08411398729373432,0.05280179293712336,0.061121911014633226,0.033777904207654995,0.04371799542631786,0.006957021378875844,0.06037903732802466,0.047691746122573285,0.01659329301301206,0.0506214908542966,0.05109941120987092,0.05347449492072465,0.058416460770341225,0.050505129152121964,0.387252825881313
2025-07-15,0.19129137168328847,0.0838537251923995,0.05227934380064113,0.06070621006630094,0.03365435270149755,0.043799303931201655,0.006859084598400555,0.061041194623650104,0.04762851328413273,0.016657010971986973,0.050499458226392804,0.05108349372653434,0.05350433962500956,0.05942361841921789,0.05048931426572623,0.3868438896480489
2025-07-16,0.19090839734592907,0.08388926764045215,0.052772378162090974,0.06142343877467159,0.0335740882024357,0.04384422281628974,0.006921516697406868,0.060821821333157076,0.04752036935478308,0.016545416055991545,0.05008044169793416,0.05099056878109805,0.05330547528078376,0.058844958674767585,0.05063413215328343,0.38871655027583285
2025-07-17,0.19073530862473778,0.0839519962368756,0.05225231583616982,0.06084886147561459,0.03363249885940563,0.04372651372038058,0.006904540112028669,0.06084447686907428,0.04754950048712418,0.01659783490390808,0.049841901803407675,0.050990359937417434,0.053267075680922434,0.06078571141933578,0.05056403478164335,0.38741382545165853
2025-07-18,0.19084880920747108,0.08376942404666321,0.052451947314904906,0.0595749733896241,0.033640906961356284,0.04361903808556002,0.006909435251644045,0.06099511748664891,0.047730694577427,0.01660278834815211,0.050014313258426424,0.051202753358971974,0.05336324274346655,0.06145148428720605,0.050562675911287755,0.3866256744376199
2025-07-21,0.09112921902278749,0.059001246841538506,0.06277871105050437,0.06967569001693168,0.047538120918638495,0.05266944591727899,0.028042507945477243,0.0762191231703386,0.05796877257782004,0.044942983788471315,0.07950200946830607,0.05499512290103572,0.05777022558282634,0.1509848838130961,0.06929447146560831,0.24748746551934064
2025-07-22,0.09134726851716267,0.05917381842273025,0.0630476676950161,0.06952600006463414,0.04790091100003498,0.052738670597080185,0.02834937923046461,0.07629956403073249,0.05803641066124255,0.04490993199507178,0.07946826272790213,0.05482713106405712,0.05789126903494839,0.14924806221963366,0.06933491911559166,0.24766313433741322
2025-07-23,0.09133578141449498,0.05916626624596826,0.06298746469433522,0.0706052414919838,0.04814790567931565,0.05255047631178516,0.028310439921615162,0.07548106999408137,0.05802349850855671,0.04520029893027415,0.07985135646829045,0.05498194411193529,0.05804704967122411,0.1480697427064521,0.06920814100966094,0.24718621082265851
2025-07-24,0.09084261126229266,0.058948805538521096,0.06347233079488679,0.0687764245268945,0.047760291696707535,0.0522069309992378,0.028492061589326184,0.07591443869268834,0.05811993373167668,0.04501166885916093,0.08051450659958716,0.05472995105811273,0.058196840996522566,0.14901548302766973,0.06900546603323889,0.2466565255672558
2025-07-25,0.09116093709955574,0.0590928816934862,0.06332926301410939,0.06970080130778247,0.047921464211148686,0.052524462730960404,0.02847581147378386,0.07600552171673593,0.05834290031782589,0.04522305102719356,0.08019355328044664,0.054911800755265784,0.05812796242481505,0.14668733333131245,0.06913800594814908,0.247912194190116
2025-07-28,0.18947298801738766,0.07988973767523291,0.0627738625345547,0.048704968631653675,0.09315890754296535,0.11560415296933386,0.0812643850483618,0.041479450603752105,0.07796256423290458,0.0769035782687203,0.05151141693134847,0.06664891193417558,0.05319795261998627,0.04603523659570685,0.05822200789069024,0.10716987850322568
2025-07-29,0.1896292387307378,0.07982455022246422,0.06247755594488711,0.04848842207502256,0.09290142384957657,0.11537984870650009,0.08224097074030864,0.04152729841151862,0.07818476963345342,0.076488618285271,0.05146511245518333,0.06670322587696996,0.05328224282441637,0.046223710771737946,0.05840446030145798,0.10763875654737244
2025-07-30,0.18967061150698458,0.0797453715741796,0.06225444062940493,0.04853696926294007,0.09372941514782625,0.11633678656049241,0.08242631933850239,0.04150965009297995,0.07785390112940838,0.07676667789574707,0.05131535301847984,0.06667705403114275,0.05314723290925698,0.044950666638577975,0.058356020971830826,0.10752920349801033
2025-07-31,0.18946783608531448,0.0797021194552396,0.061579338034193916,0.04886212900982828,0.09325903893304045,0.1166826473660053,0.08193489326072999,0.04187683028067291,0.07801199916646598,0.076871577741293,0.051402845953851854,0.06670736772373395,0.05336101217398336,0.045774908619670665,0.05863929832860944,0.10819845815453204
2025-08-01,0.19021138434706392,0.08005781863918586,0.06157280687381452,0.04920814612840177,0.09363997888515192,0.11706315805251068,0.08066174139110287,0.042086100489009445,0.07793036074657672,0.07667057748070069,0.051062259062714804,0.06663267484472832,0.053565814475571,0.04582045284811018,0.058820453155653145,0.10865260045065758
2025-08-04,0.05662239195806779,0.08518984184424944,0.12460080615213417,0.07403138785625007,0.05520588347532652,0.0669501271477022,0.05913627658826434,0.04858816122507867,0.08274284136887965,0.08134554958341,0.20788719087851015,0.12250619259500425,0.04725940593475028,0.026392557865492897,0.08099140015570522,0.030549985371174284
2025-08-05,0.05662636837923125,0.0850589996005939,0.12413138951924732,0.0717148735087798,0.05512367574217666,0.06655772259759293,0.05847495408384293,0.04887167992717618,0.08340628725238396,0.08151753403129376,0.2081340818286638,0.12276454072758587,0.047400387708249,0.027049795000224298,0.08036598786793718,0.030566567125059816
2025-08-06,0.0569097358731041,0.08510497185949904,0.12431813086893151,0.07204316172980463,0.055293039931253285,0.06658218399076733,0.05930360372537604,0.04867294838290191,0.08277718331009927,0.08089433831963276,0.20897492629831874,0.12215769808777623,0.04730074464276084,0.026721783415775906,0.08039143079311778,0.03054967559867323
2025-08-07,0.05677530942454555,0.08489280312351333,0.12379222834259991,0.07204001599096453,0.05495118089116646,0.06633849049919795,0.05957140910825126,0.049084064595540836,0.08315148864115224,0.08104231161403934,0.20828374629014673,0.12190653583948546,0.04732596717688546,0.027184835107766,0.08019562629677338,0.030551870098051864
2025-08-08,0.0566975580639082,0.0850910643294573,0.1241645381631445,0.07272323963702935,0.05492065175812255,0.0662466697882578,0.06020332359415323,0.04895039253544869,0.08242111766641896,0.08045875366067728,0.20817244665792303,0.12147368970819385,0.047145860216161004,0.027201431430317835,0.08023599786326054,0.030500198347831554
2025-08-11,0.10947537548278473,0.023658595207511204,0.09662821718602274,0.04171004177383826,0.12338431623341196,0.2679198461602035,0.03426030516107678,0.08717240484440376,0.023040745789189916,0.03763913340229384,0.05072754943888602,0.06189374426502593,0.04824146550083527,0.08720209395895426,0.052727841573256204,0.1043183240223057
2025-08-12,0.1088395298629578,0.02366429571943258,0.09599453709913597,0.042145053717702934,0.12328214052439465,0.26822151266550187,0.03423217978749421,0.08730933142299753,0.023029681043904387,0.03761092242803629,0.05075457066954512,0.06195876221975088,0.048129580008672054,0.08787384744871483,0.05281823376875494,0.10448776142672661
2025-08-13,0.10864780845682052,0.023672291230830905,0.0965230207674544,0.04043951913810133,0.12246347586632121,0.2675909929270516,0.03435846762220501,0.08742679267942335,0.023097799068685306,0.037409887654625947,0.051336092780031296,0.06183069101151755,0.048075503996128525,0.08902239672177645,0.0527171618875647,0.10389221152904968
2025-08-14,0.10860220421891334,0.02370120950510987,0.09546959181737329,0.04051938326622836,0.12286335873608248,0.26715037559273186,0.03412758368578865,0.08650133503825233,0.02318237143676217,0.03755134548610997,0.051657996441675263,0.061945224717804996,0.04810891709510121,0.08995705317196266,0.05264179345327559,0.10349130330567027
2025-08-15,0.10846835375284153,0.023675361038797624,0.09644772510506265,0.040963448047729334,0.12226178144615414,0.26718524453968634,0.033981542015976564,0.08660081383170555,0.02322625860118527,0.037511661257662685,0.051864046888235184,0.06202638605442624,0.04824526425771756,0.0891750183622841,0.052670530808994566,0.10375439806604458
2025-08-18,0.06326059337736137,0.06254418668246213,0.03087326022923182,0.005112755109804838,0.05615896789477519,0.10330947642349826,0.0331662392293333,0.09018217323958003,0.08187761270789505,0.03177580456401388,0.053048771227274374,0.018627992794364463,0.08163687585979242,0.03804218152126163,0.0844578732618633,0.4159252358774879
2025-08-19,0.06306933523814275,0.06255082801246142,0.030909850082284716,0.005025790632636961,0.056019716087882046,0.1040008916100982,0.03344680032288716,0.09004542240387776,0.08175578389152065,0.03171324994365899,0.05309948749191496,0.018617669859091784,0.08112403103508774,0.03803692639686717,0.08449068440529826,0.41573483530555483
2025-08-20,0.06297138233706119,0.06248796676283641,0.03112745633680577,0.005204846996030317,0.05627246425541894,0.10376177036247995,0.03350890603935886,0.08943423344797097,0.08187636262040747,0.03206785161267425,0.05362491512009325,0.018762425961524585,0.08170905042188578,0.0366787239930803,0.08468298135247361,0.4165713098630651
2025-08-21,0.0630719081187439,0.06243312074522076,0.03104343932151377,0.005264791717618305,0.05631655087546049,0.1037331163511279,0.033762656735754445,0.08973680101336586,0.08172498373650809,0.03224060439026347,0.05326245929238049,0.01882380815280684,0.08195950526239747,0.036565261595664034,0.08475864654139104,0.41611634459421737
2025-08-22,0.06315821938212728,0.06259142269593117,0.031157068789261066,0.005278140830861963,0.05629047403805318,0.1038503222679967,0.034056371191820416,0.08947165077955507,0.08167390032046538,0.032236914240397825,0.053274326449128155,0.018798828316702952,0.08211035291532395,0.036523825210338715,0.0848960028352443,0.4160821282145627
2025-08-25,0.04912235626935485,0.054051361534319664,0.12428080179446381,0.04053996528625012,0.061041727808581026,0.11286357583959494,0.13641654384055707,0.0791703314986511,0.07032699339768797,0.07985731532052877,0.08237747077996913,0.06486429533574903,0.09096850103700965,0.04055360174850395,0.08766439159472231,0.07590076691405671
2025-08-26,0.049192158348148114,0.05400409427214364,0.12446567105811239,0.04061736012346263,0.061112656200643475,0.11299885319202443,0.1375633218706032,0.07919818189240864,0.07023144994939455,0.07942601920916972,0.08234546758570309,0.06473172404241317,0.09093178347481333,0.04024738142483542,0.08775232379473426,0.0761139826111194
2025-08-27,0.04930323888062397,0.05386962405773719,0.12425258297020664,0.040071578893839305,0.06101575257824355,0.11322789302754019,0.13659207652951538,0.07985098182093878,0.07037934594470707,0.07931116613655659,0.08238036746982087,0.06470168072714445,0.09126892936105584,0.04051752447803166,0.08768782941303707,0.07616575108594745
2025-08-28,0.04929586754681249,0.05377138619767718,0.12425894072700903,0.04011202276236453,0.061003045648158595,0.11328644143943557,0.1364936508630721,0.07960592086557217,0.07038581548960979,0.07952671544877124,0.08271052372431736,0.06465380006299339,0.09128335486376873,0.04006133360196835,0.08766751312491536,0.07611918952801092
2025-08-29,0.04952243754253242,0.053957929657379056,0.1233799285869032,0.03925365423514132,0.061334163972822035,0.11331895692329275,0.1361999964452578,0.08011063642033223,0.07051274110983971,0.07950195763067809,0.08290446681479564,0.06472219175274921,0.0911899524023365,0.04035340446733039,0.08769468353795715,0.07628033649684364
2025-09-02,0.13512592745100407,0.04488327448940854,0.0531788139858588,0.009336806552102795,0.06027003488034477,0.16618281339263546,0.05604617972732339,0.028903296029282984,0.0775987145872588,0.09217244266018117,0.11356580782179347,0.11719350843928197,0.1455674305779584,0.002633942495899982,0.08365434478213794,0.0636866621275273
2025-09-03,0.13563014566626533,0.045044016277695706,0.053643851353190705,0.009379287726372688,0.0600443669088484,0.16632929257659426,0.05685933597495393,0.028781593096563394,0.077116309762972,0.09201878495463976,0.11308655936142437,0.1170241400256681,0.1453951273445321,0.0026169213832214107,0.08370273839549414,0.0635478876946007
2025-09-04,0.13594240170292346,0.0452377473805916,0.053688231826974846,0.00934358594947725,0.06050199534775283,0.16528958198275498,0.05642277302514847,0.028816091073920892,0.07758737532137208,0.0920999216689492,0.1128055710484165,0.11693282461372334,0.1455282667291924,0.0026314848726180684,0.08371554254715835,0.06379106165221525
2025-09-05,0.13564287602996325,0.045331064012199954,0.05324128175062044,0.00917502748585307,0.06057389675374802,0.1646221376359669,0.05575434888909576,0.028968197484347695,0.07795396971370645,0.09187429636119053,0.11355191632560037,0.11683116434244015,0.14583922106111638,0.002628918575172515,0.08355431476164896,0.06378096742926105
2025-09-08,0.27801548894537154,0.09892359847087495,0.06914738107062965,0.047389382752566725,0.06306292660627241,0.03466379835478593,0.04207134257420746,0.010410894914448562,0.036196588737059256,0.04819766875299929,0.08998481837423256,0.08192018305607772,0.03513999533976382,0.0987612033670015,0.15723301037510445,0.05888171830860418
2025-09-09,0.27824455182717883,0.09928456517289114,0.06895366107488873,0.047491257175280084,0.06317754799233348,0.03447343648303777,0.041799028262397904,0.010454900862003746,0.03612139526031203,0.048014142545189,0.08920892102467619,0.08158192502675314,0.03500856526758203,0.09929269050754562,0.15702055555535085,0.05870909657935775
2025-09-10,0.2777719305698605,0.09939516471099438,0.06890141419363668,0.04740263268887408,0.06294686400742246,0.034434276610519454,0.04167608347533528,0.010537887743924444,0.03617609449395214,0.04810022619174116,0.08931177659566567,0.08149460435024221,0.034959844309567646,0.09989122382783211,0.15706555028696506,0.058767125947310685
2025-09-11,0.2789946992919243,0.09977312446854271,0.06869927118966275,0.04656098182405405,0.06316909331294326,0.034387579668235475,0.041875691358269976,0.01077780923427957,0.03605539744305646,0.04779355802562413,0.08944603236359515,0.0816221152989891,0.034890124213666586,0.09844185462741442,0.15732113911404186,0.05875655278814847
2025-09-12,0.2770037526419846,0.09959286137574028,0.06802818993916986,0.0461609610131738,0.06310471896456188,0.03413769094749863,0.041323322765431,0.010661285901464913,0.03610005186191839,0.04794419849426168,0.08999838076157109,0.08136744780739304,0.034878840882388094,0.10107163598212107,0.1565725901535288,0.05832870500181757
2025-09-15,0.18650143408401668,0.09687994358554083,0.09292954209386776,0.08761094874015808,0.09023242400350606,0.05237967433569146,0.06191037913490398,0.10111441882871813,0.04188572658199334,0.02611551615470878,0.06005323816417246,0.04327426006489856,0.05129091996472038,0.027533412209221467,0.08662667883607042,0.14366148321781155
2025-09-16,0.18667669370413728,0.09735553873494357,0.09273241417532152,0.08639829329417699,0.09027421356862567,0.05231310676513565,0.06240777187342403,0.10122503539494104,0.04188825337986975,0.025950951079686896,0.05989366549917306,0.04307380500838365,0.051288880218207746,0.0278461522272548,0.08655306197543076,0.14331446374418275
2025-09-17,0.18696926894002064,0.09718014563082866,0.0929044910874753,0.08590953585195478,0.09047006876628975,0.05235916902567683,0.06236523472285689,0.1009835389486974,0.04185019778680241,0.025844264974334025,0.05991581344158027,0.043037591393932234,0.05126751320193247,0.028304847743416503,0.08650489527354226,0.14333553259331508
2025-09-18,0.18621979981502476,0.09709210295245091,0.09292654067410239,0.08656041196473631,0.09030788376009055,0.052271637125138326,0.061883055903660174,0.10092949865143028,0.04198381035103626,0.02598677463049365,0.06014800651827153,0.04317592262196214,0.05161262268281738,0.028195170029620763,0.08655424347960128,0.1434967898537111
2025-09-19,0.18592394485732353,0.0971701789902489,0.09283017703037139,0.0845730066565231,0.08943150092042015,0.052730610887001955,0.062064803191065325,0.10133372744834053,0.042053641017969656,0.025967068117064413,0.06124902158940483,0.04309088707399227,0.051548614433506466,0.029003116832982092,0.08660029294323693,0.1432388720171527
2025-09-22,0.11546215898341475,0.11858907915937222,0.06468183661367803,0.052008856583724214,0.05713456446231853,0.008275195585858316,0.026061622921415728,0.11307006049396758,0.2288327214503611,0.05341495656221652,0.03808765971892779,0.03152804439763205,0.06544073400836488,0.09494084801595737,0.08385150566069838,0.09862015538209257
2025-09-23,0.11569177201898935,0.1187125138624252,0.06496513713935627,0.05131944866230945,0.05698500924500603,0.008280420184470064,0.026302904922178863,0.11311747250379518,0.22941361930547285,0.053311627229696686,0.03796117284825688,0.03141144675607699,0.06522992221965312,0.09435549221920903,0.08367472723506324,0.09851804445241587
2025-09-24,0.11639259258729116,0.1190365295328847,0.06514256339214672,0.051603372504408884,0.057273237593320495,0.008328599811220977,0.026270445532002695,0.11290587308219026,0.22870790902742894,0.05351207603086992,0.03815273616369775,0.03147364232929357,0.06538021327024646,0.09327036485705081,0.0837113722193337,0.09849487019517111
2025-09-25,0.11587406341929085,0.11918542644194259,0.06452901936808107,0.05274847214024011,0.05725207959677751,0.008346614678291606,0.026483422729933655,0.11248993766407463,0.22853337203046684,0.053669038610674506,0.03829679527005248,0.03158146453273403,0.06548430564768597,0.09338978857591147,0.08376440918846469,0.09870727664437873
2025-09-26,0.1163203637877523,0.11974996804073097,0.06468987477157363,0.05295044425479664,0.05756625657271108,0.008344926020904551,0.02667572893169664,0.11237295525709276,0.22862451087567598,0.05362794205936345,0.0384144557955822,0.03161434010837698,0.06574448136685852,0.09180838941267065,0.08406665070090424,0.09904224046526597
2025-09-29,0.08724726663512591,0.16519923973982806,0.032940519454658694,0.08113050648460933,0.2379200106206224,0.01990168765682759,0.09596735995031852,0.07756509630259906,0.050253494987672495,0.02944058114565283,0.07369404014707535,0.022869969979928618,0.06544918560861249,0.06056105660087695,0.08621861403977331,0.0636413706458184
2025-09-30,0.08709512385024201,0.1650383693345144,0.03272596567822908,0.08051747645906711,0.23847641848385767,0.019757220651808318,0.09490756856664276,0.07747125339091726,0.050197574632471854,0.029348008558462726,0.07345214229753508,0.022762726506594087,0.06517359566164888,0.06248196100811496,0.08588641223166014,0.06344847973241116
2025-10-01,0.08713274231543017,0.16477000562449026,0.0326126415258259,0.081062022743842,0.238165921773757,0.019775036450829373,0.09454774983499672,0.07750511651244352,0.050356048750096576,0.0293978781142383,0.07336950009412949,0.022756543975640888,0.06511301183073914,0.062405849596067375,0.08572904115882538,0.06336393437602103
2025-10-02,0.08736236286545274,0.16519763658930034,0.03244492295080924,0.07965342953553035,0.2383867067973019,0.01973751848996314,0.09387326539952791,0.07725672705465851,0.0506491063337566,0.029314175480923202,0.07432307828808904,0.02277683996943296,0.06492709375900989,0.0627874084545428,0.08571435574938378,0.06339487488571122
2025-10-03,0.08710698102585426,0.16524853716551594,0.03220220703930516,0.0795110524861734,0.2385633889032428,0.01973681395404074,0.092719756707734,0.07714077710331693,0.05072521294064949,0.02923730951144602,0.07431374852490623,0.022750656241436462,0.06476499478234518,0.06437474655664047,0.08576844089445342,0.06335001419413855
2025-10-06,0.07928607121787667,0.11180293970755473,0.0164637506487487,0.06489502652523986,0.16923207364107493,0.09102875684681129,0.005025424035029842,0.06492944897282228,0.08882243099253027,0.041154999400590545,0.10281311764068427,0.046060301012946774,0.04734641516673559,0.0522978358424782,0.08036035095529676,0.1884810573935793
2025-10-07,0.07933637703945987,0.11347673252787249,0.016474978131692783,0.06422930114543865,0.16835352181101707,0.0906412320949047,0.005062130325808255,0.06461981804133479,0.08857273404272864,0.04093826932343443,0.10218631334122291,0.04580323445035825,0.04694165177871866,0.05398824224958148,0.08023323380170493,0.18800876214849438
2025-10-08,0.07945913202529742,0.11395695453373175,0.01650944640395431,0.06457049732457087,0.16958193782254388,0.09045220140602071,0.005096205997189384,0.06482888393961968,0.0883070599088523,0.04109295536737624,0.10159513937668742,0.04581849001656339,0.047029278632615024,0.052636288282056624,0.08021091453552207,0.18824181501359252
2025-10-09,0.07957114027162915,0.11473387604857346,0.0164182978463678,0.06336768874908216,0.16929556422733466,0.0898942402883055,0.005121856413760507,0.06480655435723537,0.08818136808352907,0.04093236626351172,0.10157279572009312,0.04558061327740692,0.046668068833652106,0.05433445866750145,0.0799038198029011,0.18753533592433155
2025-10-10,0.07934431625849146,0.11403759134855528,0.016528122195681713,0.06392717232044436,0.16937799302793008,0.09016751246750272,0.005135920399329681,0.06519786191381352,0.0882574698997791,0.04092299201201468,0.10126109402027049,0.045705474962321135,0.04658932555568678,0.05412319770414108,0.08018224933161906,0.18853978295157786
2025-10-13,0.1487471124833361,0.055204982098770596,0.12036641682863293,0.028571687301150707,0.15029641656170922,0.05872758394269931,0.19648504307772036,0.05374071704415022,0.0017209581598815137,0.08276267955489278,0.04163098200405392,0.08928577722193204,0.050296592720430154,0.10665118066084553,0.04947045073265933,0.01604141960713543
2025-10-14,0.1490921747334555,0.055987804649343186,0.11937225554270889,0.027382113020885446,0.14932317084427968,0.05802390056323015,0.19734312525259548,0.05397403669141248,0.0017126698886396833,0.08181721949655175,0.04163942059585597,0.08885851771369091,0.04998971302478838,0.10662706968485434,0.049237315381376885,0.016003337330926293
2025-10-15,0.14919064324150264,0.05598394252536772,0.11897421320487174,0.027393970720726097,0.14963634822165003,0.05783998985119701,0.19766348572011883,0.053762071342240474,0.001711435814840678,0.08205867527373296,0.04189533573125658,0.08924324190033538,0.05013057887045646,0.10536359890964357,0.04919279954583604,0.015974678011629447
2025-10-16,0.1492121864351213,0.056047083551496624,0.11848038454038022,0.026907251110557095,0.14933644596562215,0.057515082023506206,0.19709739497467135,0.05361574701728691,0.0017078172629763889,0.08120997973720262,0.04209638635798504,0.08872632951578205,0.04996185906250915,0.10771489873114998,0.049076135357473565,0.015928073297330356
2025-10-17,0.15038455940687714,0.056499798302028066,0.11896390230427933,0.027057840488058277,0.15051827747487898,0.05751526358207057,0.19906488568734018,0.053290892720988026,0.0016981523545720294,0.08055267059223847,0.04181690076382796,0.08831312491012032,0.0496163065687565,0.10473066067460995,0.049086066878748814,0.015935657018699017
2025-10-20,0.10592239068867762,0.12855799797224293,0.07107523136787719,0.06332488826485222,0.12743159302783727,0.06414264509907497,0.07017846739932738,0.06409010059709602,0.05199137684987845,0.03263346188331574,0.0750088655544288,0.043764816270959524,0.04163624405161402,0.08643236102895481,0.10255486360287148,0.12125469634099167
2025-10-21,0.10587447688725497,0.12912523400594594,0.06994948713378994,0.06217971645165921,0.1272633472278658,0.06327743414343354,0.06996559978514318,0.06365180272308184,0.05191804055385233,0.032421135058603306,0.07488602421301385,0.04345838456795293,0.04155709596988866,0.08909339890741837,0.1017649051295982,0.12051734810483308
2025-10-22,0.1045490568884063,0.12866465706824268,0.06994619694635298,0.062143080143263585,0.12713451182469146,0.06372167469408975,0.06966897699793347,0.06386340572671814,0.05236299505471683,0.03265021511328633,0.07603793577938399,0.04398225313805796,0.041876870250128054,0.08826462953766097,0.10218375318840656,0.12130902897580384
2025-10-23,0.10484716639412943,0.12906962692366847,0.07020752474412419,0.06369104056656957,0.12798887660508235,0.06401315594204995,0.0693966700464728,0.06357378256216221,0.05233225080147137,0.032828066795216555,0.07587913645529788,0.0440682718181583,0.04208022277544656,0.08548699276901196,0.10255161007097953,0.12182958578675936
2025-10-24,0.10531438037424815,0.12875219858786902,0.06993478620598037,0.061890674462344614,0.1275802989516672,0.06387737662553032,0.06851548427478127,0.06386544683553125,0.05248023380370827,0.0326263425836985,0.07609911529096776,0.04404373263346815,0.042044753855909923,0.08776167847299876,0.102433436013123,0.12174616044169594
2025-10-27,0.06935958119204108,0.11621791667154964,0.027702030487068603,0.05935677830508264,0.16741941265960553,0.054742871419183214,0.05236616707206269,0.0379496528822945,0.08857275810163315,0.052681418794945895,0.08051239978829422,0.07974218130106099,0.06416210610496612,0.06924624744479425,0.07783901355594611,0.15212946421947138
2025-10-28,0.06889792847448858,0.11619602285808896,0.027700715525281076,0.05829487287718569,0.16723115883292128,0.054522410099094115,0.05139328271937105,0.03820804206853147,0.0893801778770476,0.05278152571088867,0.08094942278974733,0.07972557444966244,0.06434639154363105,0.06977484942370006,0.07777079007227031,0.15216732295136468
2025-10-29,0.06898734140940799,0.11612120667938308,0.027657304945730092,0.058401973656494896,0.16788251063192783,0.054629001403052185,0.051350692960375484,0.03830855770658083,0.08958241002501238,0.05252404715687845,0.08109714380822924,0.07941262147164294,0.06442309990918672,0.06919845546708832,0.07780594262077525,0.15258506745428482
2025-10-30,0.06931536122121401,0.11616957363958734,0.02768377597037592,0.05772099910267343,0.16758599794701212,0.05481371757003308,0.05199388963023467,0.03846999035811378,0.08956968525057672,0.05206515399004776,0.08111177428317365,0.07926593003395668,0.06449200774462102,0.0694323114111455,0.07808963433153028,0.15317286834540741
2025-10-31,0.06956221773627033,0.1168957506892404,0.027754806053901362,0.058617806561815526,0.1675233464578404,0.0550211744836786,0.05249482550781276,0.03800115995524754,0.08929893963954454,0.05244778672598578,0.08107582940481356,0.07969119221850876,0.06477202889718724,0.06701586384165467,0.07830982197281011,0.1537721511268519
2025-11-03,0.12467892271012918,0.17693933591305636,0.08196306155084823,0.09915603872463317,0.09328871398103433,0.05220165709220772,0.04318120007703759,0.024782904600910673,0.011516910916676905,0.09730482812384643,0.07208915096192538,0.03475284427816384,0.10920049184266199,0.01293595703267681,0.06910037859690622,0.14690760359728516
2025-11-04,0.12499376663144068,0.17767478224459937,0.08135920478070457,0.09898622520081651,0.09301684149172067,0.0523410339126872,0.04336388351418341,0.02477372998949844,0.011527968876147396,0.09708727630890893,0.07235009469683969,0.034747168861497126,0.10873042938436675,0.012851747626946106,0.0693064320592994,0.14748689248829805
2025-11-05,0.12419163744334166,0.1761242294737844,0.08138674771809407,0.10319862220567771,0.09300113692942864,0.05261676913953625,0.04307290186063963,0.024467186307410335,0.011493599674986572,0.09761786463910216,0.07141019473940889,0.03491072051801873,0.10907081421240312,0.01222555818458491,0.06918048717828773,0.14780854660859527
2025-11-06,0.12420034718372157,0.17659658321768035,0.08114921633918487,0.10122636755471422,0.09264563505625112,0.05244786273231768,0.04338867781728728,0.02449430745562122,0.011508477235072069,0.09749520437678197,0.0722812166071149,0.03486748599553487,0.10936745245788343,0.012410696362326347,0.0693454007457525,0.1476840200672367
2025-11-07,0.1244696486587617,0.17637021509608344,0.08191104489512183,0.10248277232464084,0.09325833104695204,0.05242828305033055,0.042943179958152174,0.024251250601074796,0.01142346922393067,0.09714475941080203,0.07206837105992972,0.034835415231092695,0.10957176576789929,0.011851677983178991,0.0691619563403696,0.1476870716587021
2025-11-10,0.055252230119154117,0.005232291458119469,0.10976727434740058,0.08980781683116007,0.08924142401289713,0.02584649218520876,0.10284130622656962,0.08292745666668531,0.07113032117657714,0.07714818342082837,0.10696532160115374,0.02459199340655332,0.1521874642525164,0.10213674649921475,0.030624242254018573,0.12429943554194273
2025-11-11,0.05543389107362719,0.005234561326065793,0.10895684582021312,0.08667443729719689,0.08899880368742492,0.025609967880908763,0.10447895844979892,0.08349849318468149,0.07134459803697292,0.0766424121911181,0.10677539652622393,0.02444248201682837,0.15151516962142553,0.10364751523772557,0.030500038102668766,0.12354371216133332
2025-11-12,0.05533616372661047,0.005252044744537555,0.10927816674496293,0.08793262653229666,0.08911766881240407,0.02554832148368507,0.10308028191523066,0.08297090038750804,0.07135463083205226,0.07715985967176875,0.10645893236854752,0.024537604336123463,0.15247107136893354,0.102354829510123,0.030418606462871225,0.12329262653224198
2025-11-13,0.055645419533128446,0.005294645704517701,0.10884791439968722,0.08767400007265828,0.08943950599384345,0.025502558619921505,0.10279424712422383,0.082832400622779,0.07146422973912944,0.07729870102553764,0.10732805179712432,0.024587139176922762,0.15265962670500857,0.10139714528630846,0.030353722579133435,0.12320955622217572
2025-11-14,0.055817316069697843,0.005297671642426959,0.10976100706552762,0.09156013744940109,0.0896332938017669,0.025736093598647976,0.1040437399929185,0.08184671694107613,0.07150966506620242,0.07780915988688408,0.10697423901668235,0.02468551199256459,0.1526448924038421,0.09717241804865735,0.030428424057768497,0.12422088602951512
2025-11-17,0.0785618353615137,0.024995862145675438,0.20503472683906596,0.01804528047398344,0.0695775051194083,0.08795429884702397,0.15062745081739817,0.0493544997519326,0.05601920928277954,0.06102099423816468,0.08198660208255494,0.06540452634739288,0.08571299046436108,0.0702680214891085,0.041413047516780176,0.10402314922285671
2025-11-18,0.07843516975829469,0.025098942003876717,0.20592803522569803,0.018428184463977305,0.0695879717644795,0.08855356641491262,0.15240242541611376,0.049115967100003106,0.05577188674732215,0.06108291761605286,0.081071963567785,0.06540726810160118,0.0853109323585966,0.06939262635429765,0.04149794951060327,0.10447643768582315
2025-11-19,0.07842254455353571,0.025124953323566877,0.20698650684751504,0.018425008393956218,0.06954578510499665,0.08880739716090554,0.15272374527707352,0.04893470994173881,0.0555059742214065,0.06115674176722291,0.08097292823133057,0.06540508938218402,0.08503789418583868,0.06903475097529624,0.04152050649377581,0.1043961908178291
2025-11-20,0.07865298959513778,0.025343097511638518,0.20625237201524965,0.018226387133316382,0.0696557744597701,0.08899426101323558,0.1523492912718844,0.04924962448940142,0.05585200245616072,0.06100550605436993,0.08106193766702151,0.06561439594826189,0.08507235568134068,0.06868327055212903,0.04164367044052516,0.10501555387703083
2025-11-21,0.07896380246235442,0.025643965418099587,0.2084858497246124,0.018865881782522097,0.07011310548032973,0.08971652608181659,0.15195806849417118,0.04880593157752478,0.055791074130167644,0.06134386440243238,0.07997481408163594,0.06581618880282647,0.08576048451191129,0.06700873741234742,0.04178255279135634,0.1055516317330121
2025-11-24,0.08098651473591603,0.07840476939384045,0.2135047810887194,0.06962588632017913,0.11464707485805983,0.02211910216335541,0.10047608513231229,0.11688537335522503,0.05861670497439536,0.04272347445495919,0.022373388323358754,0.042429212408041164,0.04472294332108705,0.11483263896496354,0.08235138896991893,0.04530066153566854
2025-11-25,0.0807526265188626,0.07829650139529244,0.21150927142544815,0.0669568110060882,0.11451387238946083,0.021911539033487498,0.09934767024146894,0.1179647754522974,0.058580832061342576,0.0422819113124245,0.02243832926082049,0.0422167432592065,0.04451253186894162,0.11909000057330539,0.08206960549858491,0.04521100723976162
2025-11-26,0.08061083431236633,0.07792659455232015,0.21111145653654556,0.06595625217611364,0.11432834138977567,0.021767115767885828,0.09926412300682808,0.11804504857867291,0.05885590989347826,0.04245064103635925,0.02260100409677268,0.04235751750713181,0.04473860008285376,0.1190242659364587,0.08180000655314168,0.04504657362898038
2025-11-28,0.08057449673001638,0.07777869093871435,0.21053234283429048,0.06434419719972675,0.11411362199911958,0.02161771136604676,0.0993323671221938,0.11883423357978441,0.05882171064146497,0.0422514677828708,0.02264080920682725,0.042211652072081975,0.04469680050599435,0.11992949203748605,0.08158029497998963,0.0448003921543438
2025-12-01,0.07905480981732098,0.052257772896900194,0.035339358872380155,0.037143778963769136,0.022466566416584708,0.10660722164329745,0.0615772152636586,0.08214592943611512,0.01125587885194521,0.09707777911018282,0.0894346257728654,0.11603831182503863,0.09967004494350382,0.17935572080139683,0.044703062760446735,0.1358719226245943
2025-12-02,0.07991292124278913,0.052330866095223354,0.03556479286422628,0.037507102840912465,0.02253928160184507,0.10746984588067617,0.06192909449598263,0.08208763009839955,0.011342452608412372,0.09723555127007376,0.09001891369039372,0.11650336696073105,0.09958624923564961,0.17622321358600435,0.04499355087888109,0.13720055513260387
2025-12-03,0.07960627103664472,0.052358896600277836,0.03540484525663664,0.03739761707047879,0.02249803572585731,0.1072581564396188,0.0617671252045535,0.08228669402923207,0.011360460616160254,0.09673990561786078,0.09034905374291725,0.11613981644827923,0.09934031300718862,0.17739180469517174,0.044958947026225875,0.13701982522659184
2025-12-04,0.07942559082849218,0.05195873788630312,0.035275070515780375,0.036437555488184246,0.022477879797502452,0.10642384782508228,0.060824419537230154,0.08192572335664237,0.011304973539084578,0.09623904744976944,0.09049197122421829,0.11581684553427611,0.09890538839453525,0.18160354974949444,0.044676742119661446,0.13599164629604846
2025-12-05,0.07912141039616832,0.05155129109451495,0.035020874279217795,0.036141542444351867,0.0223872111467058,0.1059057986574794,0.06046689797152169,0.08218322223708827,0.011268420314565496,0.09576979272566911,0.08968753908555838,0.11530954872021441,0.09881071508263815,0.18512681061290245,0.04450967578336295,0.13551070962444625
2025-12-08,0.0988322232170861,0.052866496691441556,0.046653772938955,0.04762991809239656,0.03457799768392099,0.01817975425698761,0.03560941635069034,0.058303444579597304,0.10120262477714637,0.08594349894420367,0.055169070611152775,0.10473489628769553,0.0762366173682224,0.025299336930710688,0.03908836020398733,0.36967257106580576
2025-12-09,0.09886521876727632,0.052955409591754085,0.04702955206568928,0.047349823540174585,0.03450083422738702,0.0181620402454923,0.03573441946127865,0.05857866172830327,0.10082910079509741,0.08551962524902496,0.0552922438554375,0.10450895342648288,0.0760653350630804,0.02537504929658893,0.03916986509341824,0.37065907727031533
2025-12-10,0.09912944050076872,0.05325930283430765,0.047161679651431844,0.04711125253202657,0.034565082401983416,0.01820937895298689,0.03576779025596163,0.05859516397596104,0.10073867034003021,0.08529376297411828,0.0553633628773843,0.10421476124503873,0.07569804180251746,0.025546621238506966,0.039208583926200385,0.3706842421017639
2025-12-11,0.09921996155518037,0.05322172714165912,0.04701953369376484,0.046246336885821,0.03467557890421998,0.018188078445214407,0.03551327459878459,0.05888810888577848,0.10075503021834703,0.08509093211037816,0.056244851531049155,0.10445499504311472,0.07585870474201482,0.02562570021464292,0.03918159233197551,0.36923431966304293
2025-12-12,0.09962025046226831,0.053121077778773014,0.0472045570378102,0.045885879890686224,0.03456811516024289,0.018162844910809474,0.035641647534886,0.058626576149569176,0.10109259881648508,0.0853793314255906,0.05608991604316592,0.1046221731886108,0.07637889097663648,0.02516066701043698,0.039066396209257406,0.3675543259452459
2025-12-15,0.061959442620146486,0.04555321022066525,0.05578749371464218,0.06176877327698887,0.07408533379495777,0.042863780853627555,0.0902921517718707,0.03521244036055421,0.06301850367682131,0.0242531232156392,0.09464488404855127,0.0947624692412776,0.05027827414096769,0.05606488845782211,0.03499067237970568,0.3644645582257622
2025-12-16,0.06197989075460647,0.045474569453401455,0.05586138999914028,0.06208596271907286,0.07394946635741909,0.042860873905978855,0.09073309912112207,0.03504221152265643,0.06305352226494922,0.024280594857201656,0.09474355357695238,0.09479529566051426,0.05038160937446827,0.05522281945767985,0.034916724341447984,0.3645318721829678
2025-12-17,0.06195597499418011,0.0453892506180175,0.05596169256318732,0.06199337160562807,0.07388931496830015,0.042997570939031386,0.09128451837588455,0.0350914289069728,0.06284970637456491,0.02413577071442281,0.09416629619618598,0.09450198642434489,0.05008134614166872,0.05594039424325336,0.03493933919195643,0.3650450566877117
2025-12-18,0.062418356740335815,0.045600804074572676,0.0561369876686608,0.06376737449083911,0.07405885046638164,0.04312026650056511,0.0915873052186471,0.03435376757746555,0.06242973043372956,0.02421600037215344,0.09362646480607377,0.09428412750906065,0.05003400936104697,0.05437685729546741,0.03491551185831199,0.3659409538703332
2025-12-19,0.06225665085251606,0.045502691064136604,0.05631170652351886,0.06252623418880039,0.07420392949120064,0.04293222478018367,0.09187123623527335,0.0348254697927848,0.06265601469787062,0.02415108859950953,0.09405456703830535,0.09423027108701447,0.04984637649975432,0.05487525695955247,0.03492624807788147,0.3648116549868251
2025-12-22,0.08409762253550793,0.044150969390742936,0.04097309174229743,0.06540519491335918,0.04004475503636637,0.12541843542352982,0.008997260796768712,0.05046393256588941,0.08726361209236867,0.07268277716022357,0.10240495494220056,0.10626491643180791,0.07708129650139103,0.06580112621587897,0.08430913275439425,0.19464092149727336
2025-12-23,0.08438039408980363,0.04406487956819312,0.0410928317103715,0.06458745450784792,0.039950415931534,0.12449763236451776,0.00899546403109651,0.05060452931903087,0.08721716238993592,0.07273811338733417,0.10256846635445455,0.10606500672217811,0.07724858809590789,0.0663967756931414,0.08392852367769223,0.1942430429966853
2025-12-24,0.08486379367206126,0.04412111707487008,0.04100621072427382,0.0647165058593318,0.0400863728574631,0.12436806849039111,0.00902819054122705,0.05075154649593875,0.0872771334348224,0.07269801343124968,0.10225191941241782,0.10609424312267568,0.07720650543788887,0.06554828526404291,0.08396297010065405,0.19440891421796797
2025-12-26,0.08468854185136716,0.04394466222781772,0.04080822407659805,0.06456780464317335,0.04021929263197915,0.12416965217934818,0.008968359383988718,0.05082888961571856,0.08737750190192767,0.07272584320735337,0.10263743509789824,0.1060520321162907,0.07729438085017089,0.06546630759135448,0.08383507209278909,0.1940645054109466
2025-12-29,0.09969815719241007,0.05889546841800263,0.09045055254888612,0.08330474738621883,0.0493374284068691,0.04803318881300298,0.037594820978809396,0.08076681666053244,0.07988036457919209,0.05176843204452616,0.09226951245620978,0.09175644794914084,0.06705200744148254,0.046623709861151205,0.11654201428933329,0.15602633097423252
2025-12-30,0.09847107822876768,0.058500528385482364,0.09039201856476053,0.0844301295496322,0.04950569071608482,0.0483082709081165,0.037025676885410745,0.08069395067740312,0.08008146543814962,0.05201405939251078,0.09266582065613935,0.09216702329774658,0.0670769294924929,0.046223707917682266,0.11690434049670627,0.15683119581684268
2025-12-31,0.09923431702706086,0.05850675632468321,0.09097730159351404,0.08511432185315242,0.049324944824213277,0.04817139520106797,0.036924680621611444,0.08039961661389222,0.0798506903323727,0.051902250101691395,0.0924695500966881,0.09208513187896405,0.0668577525766157,0.0457478958419085,0.11681437765540575,0.15668762826285068
2026-01-02,0.09863309491710165,0.05872274116610072,0.09150297053109889,0.08591089429061063,0.049212264933751,0.048351971708185976,0.03737229822523541,0.08013255804322675,0.07977948773461407,0.051807712912134124,0.09223899848831921,0.09218449675204317,0.06680050892401868,0.045485911680985244,0.11723003379694868,0.1573479526653071
2026-01-05,0.0999742283618371,0.12500871058050034,0.15316073634472177,0.07251485127868029,0.05792215995933401,0.04344886561961743,0.04052041078548812,0.06930570496029619,0.057796828254281396,0.06215615066575257,0.08787474298648805,0.08534847219637112,0.06798579054202328,0.024618344713916017,0.08257357293475957,0.11979042981593283
2026-01-06,0.10058725255759496,0.1248331976223164,0.15309281934481928,0.0711094677565308,0.05791156753829453,0.043126617158512515,0.04069626385786844,0.06934556672404259,0.057860642938020256,0.06183952421330532,0.08781415093218195,0.08481893059460102,0.06808109391958456,0.02534590459653357,0.08225944480295448,0.1190779638920167
2026-01-07,0.1008219502779015,0.12439925597944164,0.15288291093422085,0.06944286774263164,0.05784598946554944,0.04267684902772828,0.04070522795246742,0.06971775001617392,0.05799175362091059,0.06181077256495736,0.08887145708452117,0.08499028889422967,0.06793822434603783,0.025347766862611452,0.08229734191191629,0.1185039753671856
2026-01-08,0.10064948588684902,0.12471279198323347,0.15182734535389295,0.07024634078019582,0.05813731006393343,0.043190684207815626,0.04067048311267232,0.06971903090284716,0.058081770074676346,0.06196373042321556,0.08859748562992834,0.08525489178042417,0.06784622426744183,0.02528594512978711,0.08241269045631266,0.11922733300576738
2026-01-09,0.10039280002414384,0.12420780491824507,0.1521183266327935,0.07136173317623741,0.05785330632767879,0.04310382725696756,0.040636440209488305,0.06870786256079367,0.05808661023340363,0.062045114290206704,0.08876272708617894,0.08547214438488492,0.06820240445272076,0.025044640435688676,0.0822725133103518,0.11898818374462725
2026-01-12,0.07951511896289841,0.06401775142133556,0.10137719286012772,0.02180081815070104,0.06548378386786424,0.029680967226019823,0.07888287310204674,0.03021405969956583,0.08104883719111455,0.08670010590975134,0.09396051901688525,0.1359888819601921,0.08935855042768365,0.08878739085734713,0.08154190617938191,0.12164124316708488
2026-01-13,0.07999097765364283,0.06440378921804744,0.10137453485893778,0.02175999872245429,0.06533104762103108,0.029473044591170085,0.07876186336721129,0.03025651357554811,0.08061153496823241,0.08636505887594217,0.09303074766047006,0.13526519377918625,0.08892395303673915,0.09071191918970659,0.08122831164182649,0.12096784002650485
2026-01-14,0.0802409233730768,0.06434996186955258,0.10143044401322975,0.02159995128803635,0.06548555942061002,0.029464636818765065,0.07880530138818419,0.030268524431236492,0.08037954958981043,0.08588433717307496,0.09306261971589201,0.13522372971496155,0.08862133421516706,0.09149868559771261,0.08122560849376347,0.12105218804074186
2026-01-15,0.08061792745657603,0.06434852528391316,0.1016873816390174,0.021836482153882553,0.06567079306778158,0.02947675662536362,0.07959788496484287,0.02979267728053573,0.07973765299893014,0.08590306717492491,0.09275155594165878,0.13496118408598196,0.08850749893589321,0.09116919102900167,0.08101383736567176,0.12065551104413191
2026-01-16,0.08077310316571314,0.06431997161946579,0.10147475223426189,0.021724147693274784,0.06583812104025856,0.029531126868130825,0.0787445562004134,0.03000368983525014,0.08018712504345021,0.08596826547111829,0.09340098664839103,0.135343470868187,0.08866047451271979,0.08989317579756549,0.08133145881671822,0.12085255482760887
2026-01-20,0.08580917196353179,0.08958466554564876,0.0730263272106636,0.06807297969765591,0.07414232186126883,0.012437511870731714,0.05029063400528147,0.09367347193815503,0.06595441624893879,0.06237265212699784,0.1018059770881114,0.10286951268549659,0.11727179517540187,0.03989926431735352,0.09849033111894076,0.11429896714582208
2026-01-21,0.08739308591475026,0.09055208490961753,0.07371451312496595,0.0699825989371999,0.07418185079953751,0.012525555965063603,0.05109517354159574,0.09249377761335961,0.06531341229729479,0.06239668565497032,0.10155337522508086,0.10239572277111775,0.1169815386129175,0.03905241503607454,0.09868587500976009,0.11394273062818179
2026-01-22,0.08709862692010728,0.09098549082153921,0.07242359570133959,0.06829618221668754,0.07448420726371649,0.012462247265400206,0.05038293348027789,0.09249454173201167,0.06544997935088594,0.06225347462361867,0.10316864994893092,0.10237298631247957,0.11665843428405268,0.039178532002754715,0.09824217559469542,0.11378187022538995
2026-01-23,0.08723504360758862,0.09138618351041301,0.07241461349622166,0.06780114472880552,0.07431678242553415,0.012365769634525691,0.05043433895573441,0.09219803803181524,0.06528210633252352,0.06215396442757993,0.10309364671228005,0.10204017854931997,0.11610803253881419,0.0398919005970146,0.09801301598799515,0.11354726129067837
2026-01-26,0.20747587772175258,0.06923566000423839,0.05716368967323423,0.017748190263330157,0.16074636381293791,0.054457479381857486,0.0925020077010668,0.05386916342270905,0.07835338876330976,0.03216035362433999,0.06630898400490888,0.1051224251463222,0.05928712366437132,0.017188411672752795,0.10922386018819008,0.06915702095467821
2026-01-27,0.20932439588479837,0.0685655930747355,0.056812597789466665,0.01773768140031123,0.16091205189341232,0.05419090572053447,0.09283600742188802,0.053762545384919695,0.07815679410129327,0.032129598708776616,0.0656656245693872,0.10472922273158133,0.05914513946580499,0.01689205756934406,0.10838829394277595,0.06883898183784984
2026-01-28,0.20800765842906466,0.06962908044943404,0.05708662337880206,0.017369592213726873,0.16105164784665832,0.05413073513602922,0.09228165780949579,0.05423612377144637,0.07801114527136749,0.03194165423583541,0.06602618596117098,0.10428850990528803,0.05907152589297542,0.016795132911703172,0.10850275039601286,0.06869780400934576
2026-01-29,0.2097066832029721,0.06963247714794898,0.05692297619490606,0.01725490701418179,0.16079435957890267,0.053639712271017805,0.09338554835933664,0.053851101572293315,0.0775454142405433,0.031674169112982285,0.066420728119486,0.10329933431237595,0.05861727030117945,0.01651064377535741,0.10800466186659999,0.06823614396755755
2026-01-30,0.21019739151516223,0.06972227899326912,0.05653586084395096,0.01724557204810749,0.16064838028364764,0.053732303838867825,0.09352115987739427,0.05391891098026294,0.07751473427156934,0.0314296152221286,0.06647035953659557,0.10325065987698738,0.05875927806544897,0.016195054459378064,0.1076829796766131,0.06801111891078393
2026-02-02,0.042973736139706176,0.05870581952650801,0.006336542808065693,0.03810249852932762,0.07285240187889903,0.05965411598791936,0.05902701378004787,0.043677784886411664,0.05507289500234106,0.016614028296257362,0.1321143221273453,0.1671967104900884,0.10655621429017803,0.07872436713711171,0.0855699131644175,0.22682163595537508
2026-02-03,0.04252651622165578,0.05827949255671787,0.006428419535340472,0.03763470754556258,0.07220163969323826,0.059317409415089985,0.057959216359685574,0.04395985505677487,0.05525393084265436,0.016629456453507475,0.13388856886672326,0.16725174269181065,0.10740677026698468,0.0779407195572178,0.0855479210492697,0.22698262439559755
2026-02-04,0.04335357574096047,0.05927083129312754,0.006481461913931276,0.03772293945073587,0.07312238599587369,0.05929549233070265,0.05876964516554847,0.04358251162870199,0.05454833616597181,0.016522432617255636,0.1336742790738032,0.1665935238859185,0.10774310833699362,0.07688405269326075,0.08559434768062373,0.22575103013904832
2026-02-05,0.04344293685331086,0.059666117012429534,0.006494901726725367,0.03859531996233351,0.07321715234886568,0.059447621811488494,0.059612120075279065,0.042151104409515375,0.054832104208901215,0.016631498513674955,0.13380827131980336,0.16817118398506373,0.10870641984586703,0.07356210161985138,0.08563360753134165,0.22592211355374456
2026-02-06,0.04330071748171129,0.05943794715803626,0.006472661414521287,0.039405182392178224,0.07385057191185602,0.05997676450532796,0.05987047188787576,0.04217570369098956,0.05486493965236548,0.01680484248859663,0.13459737546556172,0.1692936497077547,0.10945605648423674,0.07059033184975143,0.08617801545393276,0.22675586289058838
2026-02-09,0.06366114576223231,0.061659429426967886,0.04343756083910194,0.04573079812519638,0.08723785697402606,0.04118862234013067,0.07986387175105643,0.022459151572006366,0.02804108394373347,0.0643813578558956,0.07960322888470478,0.06404831243571717,0.07904402298717768,0.05807893739800725,0.05113684835958752,0.032812467635099915
2026-02-10,0.06439198731798933,0.06225797345806635,0.04362866451400644,0.044577869195728044,0.08756280797249477,0.04108811370582601,0.08038095169797049,0.02268366837940637,0.02794134975922822,0.06394306415057752,0.07888178844087917,0.06364464504185117,0.07869576151571192,0.05942707664083334,0.05106376461195677,0.03274833240427085
2026-02-11,0.06425622278333341,0.062062411143970084,0.04355299037660859,0.045067350309295075,0.08771879684116042,0.041195083095286356,0.08055924526062566,0.02247764592490408,0.02788868795060161,0.06397107164101294,0.07862057448242836,0.06381425975481476,0.0785720962990374,0.05928682853469264,0.05112907683479953,0.0327333300098787
2026-02-12,0.06459004171415962,0.06217671124799614,0.04341170947720424,0.044827187230774106,0.08835341963822048,0.040987207102095,0.08100558669667988,0.02244608856658778,0.027862957109830774,0.06392529293516865,0.07957014710967154,0.06376674486381878,0.07828418060686049,0.05804426810575384,0.051127515195670915,0.03269712636966634
2026-02-13,0.06383865379340828,0.061831356020339207,0.0432543948662961,0.045955880503241626,0.08903948474470308,0.04134909728322873,0.08110425779386025,0.02222946851574677,0.027718833755201944,0.06399614665132151,0.07876876313921677,0.06411824508500007,0.07830537851666539,0.05661962617709522,0.05129428842959609,0.03268863772139489
2026-02-17,0.05349317305716479,0.09711664794356231,0.03227884446653131,0.03910523747222342,0.22174736703013115,0.1039223671433989,0.0818593859953449,0.04894086151939921,0.02641065036998706,0.05963123787418001,0.08539449144324503,0.09937281121409314,0.10602675708096648,0.10418625061883,0.07320658953756425,0.017307327233378203
2026-02-18,0.05299172943648049,0.09668326543386892,0.03234775101133342,0.03896605355672781,0.2212608146414951,0.10425884887290411,0.08280241167889058,0.049078491912309334,0.026531311381422167,0.059541087743547584,0.08517589944013425,0.09940024550415603,0.10632151313664097,0.10448297664759758,0.0732992955861594,0.017391985952139928
2026-02-19,0.05316568186133417,0.0970258774823989,0.032250538969135066,0.0383821968993525,0.22046909951402296,0.10358841496348091,0.08338706910495469,0.04901166325802718,0.026465435977463342,0.05914543083947569,0.08525417397471736,0.0987607594603702,0.10594866158187372,0.10518937812713205,0.07300428677280346,0.017327793722728482
2026-02-20,0.05330272312460131,0.0971276777965207,0.03222109248432858,0.038292017154195356,0.22053400312752508,0.10312482835988698,0.08390278591014096,0.04893021035400066,0.026381499201361135,0.059103741632231,0.08466180649760527,0.09855415645257685,0.10546792195359034,0.10634461868089339,0.0729166441909921,0.01728395445699043
2026-02-23,0.07233948614804404,0.0965402635161117,0.12343823226708484,0.027986170536501466,0.07825819430133218,0.044546311572688936,0.1301048813726208,0.005965186964054263,0.04586485075057191,0.15040631759072098,0.06829522659030576,0.09117645621010004,0.08156720313996482,0.08381813398046187,0.08295389428519606,0.06673919077424037
2026-02-24,0.0732369300951179,0.09692367052774427,0.12452020763892638,0.028460572059826307,0.07806834214622897,0.04466634584784271,0.13162708664228223,0.0058744351594100745,0.0455965751355346,0.1504885713048977,0.06762945307222946,0.09107421052144246,0.08089619123462774,0.08245037789280034,0.08293074706655558,0.06671133377417157
2026-02-25,0.07294449101628217,0.09678759361177681,0.1240755606210029,0.027891268562539314,0.07769059563463773,0.04424032408412628,0.13081007575000836,0.005891866299166033,0.04568135960117871,0.15042516065770645,0.06759412598666503,0.09093749446934585,0.08080091613733349,0.08433340258245119,0.08279215324093275,0.06661616915502944
2026-02-26,0.07298422708639873,0.09697448597226006,0.12352760134023512,0.027336268650013602,0.07765241142355249,0.04407700964473037,0.13044537578582655,0.005962265085640309,0.04579255792678954,0.14973615513068667,0.06764440148739907,0.09059351713852323,0.08060405591569729,0.08564160030976911,0.08272673265746101,0.06661947514071921
2026-02-27,0.07255047929284693,0.0964908330297284,0.12373090933942509,0.027629975607554775,0.07752561412583679,0.04407826302854507,0.13038803188336284,0.00591315451943009,0.045536325934242304,0.14997511776784422,0.06709312381582862,0.09049400974035449,0.0808155765013324,0.08667572155267178,0.08247776924808324,0.0663374831224581
2026-03-02,0.0023124113510274483,0.09523524478723823,0.1612962095008463,0.0468804548834734,0.09823737450818862,0.03377696333124828,0.12295739939157557,0.08607232021185308,0.04194167167721914,0.08762303177148248,0.09637050837314677,0.12664527686109675,0.08385300194370525,0.05895062301638124,0.08016926186881737,0.027678246522700078
2026-03-03,0.0023136257711689266,0.09463764490344793,0.16233802483191695,0.04665461023424656,0.09762715137117697,0.03376739921593766,0.12313254079039011,0.08627590130051106,0.04183844893315871,0.0874577013676768,0.09599731973422457,0.12625773448237956,0.0840219863825056,0.05997629163053916,0.07989489800605261,0.027669092832738707
2026-03-04,0.002311706787686615,0.09327802304535295,0.16376127737268567,0.04823398809676211,0.09758303247411718,0.03425242672050763,0.12284876572232753,0.08544277349908967,0.042102908926255796,0.08853094026532143,0.09557261540028462,0.12723553622156314,0.08515331007483105,0.059394795622189155,0.08044903108191681,0.02799830549112284
2026-03-05,0.002296927402872076,0.0931458926140868,0.16398792638415724,0.04727409803710746,0.09658415673146241,0.03405768036542254,0.12322972323079959,0.08577934342850713,0.0418816989310858,0.08770310757252403,0.09592116880994324,0.12638638951230172,0.08442611593429285,0.060919510822812835,0.0799435518359849,0.027847732930977646
2026-03-06,0.002302401471405125,0.09291574345856485,0.1650455124286262,0.04802265968602526,0.09642723926216522,0.03419835124811498,0.12414055195755343,0.08531478879118194,0.04190967902911019,0.08802746693267655,0.09576553884045225,0.12658120411225945,0.08410567740386192,0.0607207685301855,0.0802520708010045,0.028018548478908036
2026-03-09,0.10325607573915993,0.064523339043683,0.10029413308103224,0.04153086544863686,0.0711999412995107,0.04484056420719862,0.17663357375782607,0.07349097530871665,0.07438713562360119,0.1128180872048665,0.08490083050952459,0.04450822711727634,0.0595464718413158,0.08851554599691967,0.05156591899586036,0.05798831482487144
2026-03-10,0.10280791038219311,0.0642816912362076,0.09947028074951798,0.040725714416140285,0.0713978008479882,0.04479546897393886,0.17475825810117604,0.07481645158247362,0.07472775344291267,0.11216550276580978,0.08487395298864574,0.04447628562053992,0.05931142910413453,0.09031020828590217,0.051482527162176474,0.058178379677694056
2026-03-11,0.10337119782370453,0.06439675950689575,0.10025329119354866,0.040264188420902604,0.07100189908046178,0.044554305916003595,0.1768233786863941,0.07511964576955885,0.07455622890284695,0.11131277115140312,0.08508283178974149,0.044324741929350195,0.05921199460700298,0.08859472886493674,0.05156444902677702,0.05810911773993213
2026-03-12,0.10303625286030374,0.06442675663080111,0.10115683423956665,0.039993042201960656,0.0708781512014703,0.044620424116712035,0.17620344796098497,0.07540653468124486,0.07440413419449814,0.11092757332500335,0.08561287471830391,0.04422731043677735,0.059174074795656416,0.08896994034992466,0.05168525956194005,0.05825667937804749
2026-03-13,0.10316792144777646,0.0649912983538568,0.10281660205381275,0.04127903890344209,0.07081745505835922,0.04489718657867946,0.17898135684719624,0.07454803900512899,0.07379080690763208,0.11135926195073137,0.08481331514666335,0.044000203813791605,0.0591908684512855,0.08673677084162322,0.05171301839526581,0.05797655227507863
2026-03-16,0.07304754668537092,0.022797049797545658,0.07394094222474012,0.05765074196482142,0.1540165590989699,0.09251753453280039,0.11077741025139518,0.07039935838970218,0.08677047919138363,0.05873105549052034,0.06653484467814186,0.07186161225542732,0.13917819468778664,0.01634841524794063,0.07614512481405612,0.07928313068939771
2026-03-17,0.0727502685939838,0.02280857431461765,0.07372625193846814,0.05666318945766751,0.1543879520149135,0.09223715081762177,0.10822961224848902,0.07103063820026213,0.08717351507003619,0.05880616946002165,0.06690942497777017,0.07215110746175088,0.13932266118921416,0.01668869303990715,0.07620990353622009,0.07973274516726082
2026-03-18,0.07238684632394014,0.022836146178584177,0.07400791005001253,0.05576073159075248,0.15414530808706342,0.09196103328221289,0.11022251056492952,0.07102237366057529,0.0867175692722949,0.058306626656680835,0.06711369292519852,0.07179394203698865,0.13864266860739988,0.01680676121843383,0.07595264012976714,0.07944731261049218
2026-03-19,0.07238660220217108,0.022917939770167747,0.07474057558479398,0.055992124147499336,0.15424433284978095,0.09252962537079854,0.11224252803848908,0.07130202403082526,0.08651443467041925,0.05801637040095029,0.06721556635405372,0.0714880141953618,0.13821829511832362,0.01662515690514554,0.07639936289963596,0.07926916827741305
2026-03-20,0.071694615527442,0.022631284642602233,0.07431600388202574,0.0561728000143824,0.1543498140453221,0.09324968358863331,0.11109636539998646,0.07191798204919171,0.08710095583515852,0.05823947663101359,0.0675701746199585,0.0718104481391793,0.13847319940719602,0.016647021350309266,0.07682092034700386,0.07953837521572349
2026-03-23,0.09043889970654646,0.09269918218053862,0.06865259569037749,0.0418926284818007,0.07097731991176547,0.07262829817301786,0.049023141213494596,0.05451036530858107,0.08289707647311312,0.08434358308228487,0.07450256879407086,0.09374150820481236,0.1430720352024204,0.05305962226840107,0.06363396020557593,0.1139272151031992
2026-03-24,0.0900461061305382,0.09165672080917205,0.0669598890691842,0.040929579608000276,0.07134945541197765,0.0730256594668429,0.04646709665895976,0.05504695003716863,0.08357368289859633,0.0845023488937265,0.07467640128963454,0.09431967780336735,0.14422047212185832,0.054279214972439344,0.06386572432745763,0.11444452397540991
2026-03-25,0.09015883787003288,0.09220892071816661,0.06739248186241484,0.040658932610986825,0.07109989520063163,0.0731101567866883,0.047075277258550215,0.055310119223731864,0.08334413906843084,0.08414343360023847,0.07529849597465042,0.09434355388508393,0.14437240623209324,0.05284177537680153,0.06379190412543463,0.11436449761195092
2026-03-26,0.09054921953895065,0.09232747075489223,0.066954814126955,0.04026264708655108,0.07175090993443249,0.0726946760598504,0.046548210362767156,0.05537833455592271,0.08324491772423884,0.08397835690931545,0.07522708533981076,0.09411521354331226,0.14400777675051396,0.0532414317987298,0.06372672603537446,0.11415724327248251
2026-03-27,0.08994688002495894,0.09324960081056312,0.06837765269362357,0.04165456015190725,0.071672101900495,0.0732606477937381,0.04787398842839162,0.05399197715790057,0.08249477073221619,0.0845739060496485,0.07471486756766657,0.09430803710483635,0.1447498910246425,0.05192908146385521,0.06384797479297034,0.11441736470436428
2026-03-30,0.05514639981787345,0.04712819376661365,0.09956174312313244,0.032630198456653374,0.0914640934554703,0.05127969754773132,0.0326664466817289,0.05299342500622771,0.1076737743732535,0.08236717468430124,0.09334446567547214,0.12405221735709032,0.10361921836270398,0.09715978143909787,0.07368643917897927,0.10522673107367042
2026-03-31,0.05506805213344465,0.04736330464129469,0.10047665213917807,0.03335968574207089,0.09228434798684916,0.05135244174811177,0.03326501702968795,0.05195973103303894,0.10738988812133886,0.08302293817198489,0.0917795303709478,0.12448624443363829,0.1037218307994649,0.0956529879789538,0.07378947099295388,0.10545171356331334
2026-04-01,0.05488102399309136,0.04620749688108363,0.09794194165412075,0.03172409974477695,0.09161076370672608,0.050420921422659526,0.03209304407529393,0.05282196290569109,0.10797243541493767,0.0820875020498371,0.09212165089704111,0.12394238097267427,0.10335078360386046,0.099495701944304,0.0730310162546897,0.10509620400198615
2026-04-02,0.05486988203526867,0.04609605312179065,0.09678551833271964,0.03124535583392505,0.09174097201544715,0.049867979552602526,0.03115906917947531,0.05374036171478516,0.10803612761665647,0.08166519835818356,0.09337467285185531,0.12372909617424623,0.10308028767787601,0.10024573507846339,0.07298721743814823,0.10509997532687614
2026-04-06,0.0948205234183937,0.07961493379154819,0.0641723015791869,0.026835889983388272,0.08750766995860265,0.012798840225841908,0.03113838162091671,0.04070303378288961,0.12400316854045795,0.10225213352827356,0.05559646174830991,0.13326985121277352,0.12777087925561678,0.10205545163329825,0.08075374128540835,0.08670673843509362
2026-04-07,0.09448828986689323,0.07961523863587146,0.06423669076061667,0.026721384057134753,0.0872671365909554,0.012737218139029876,0.031227414936853628,0.04083268916921753,0.12403018351523262,0.10188127077926455,0.05575188371671012,0.13328889153566525,0.12773460376354395,0.10197572914537249,0.08050281082997143,0.08664184079403914
2026-04-08,0.09476761325349674,0.07972261415234144,0.06443480393895776,0.026651339705456155,0.08735875088038374,0.012776146698630792,0.031067637741177934,0.04116375213888152,0.1238284809059891,0.10182279617161262,0.0558683288792034,0.133088666105224,0.1272692373922881,0.10208742716471807,0.08075511077810554,0.08668821149493028
2026-04-09,0.09429676023119876,0.07788060395774253,0.061976969972112786,0.025553453217069918,0.0873579941554341,0.012636224382664402,0.02899900946050761,0.04223083240668568,0.12551391923286923,0.10127329015609197,0.05703803371512473,0.13361872034232172,0.1276737954764033,0.1028946278746172,0.08048966952072117,0.08617350255235534
2026-04-10,0.09391631523964435,0.07807354262732324,0.06243494303762902,0.025484047264264155,0.08715990238320126,0.01256417553734648,0.02928281274195585,0.042659897913840186,0.12623243146399862,0.10094270999016687,0.05745293197431139,0.1339919284947639,0.1278325868010906,0.10073804601811409,0.08044916548665765,0.08626837505157407
2026-04-13,0.14299592629830263,0.13739604247440215,0.06916242726597506,0.11112480702351364,0.003239136929989461,0.06522988274122771,0.06645569099748862,0.14263706185711844,0.03216921252870192,0.09262405546211011,0.10383099866900436,0.020181584801583996,0.012636585142010472,0.08204193780837085,0.12680677428033743,0.04146787571986317
2026-04-14,0.14219470072832885,0.1366381547035617,0.06923913883009837,0.10903375967690018,0.003216682983009939,0.06467133248943369,0.06706682581683368,0.14273794973152654,0.032160607530206324,0.09253232507042669,0.10377777621586487,0.020108949028926876,0.01256547076504722,0.08442712896568326,0.12622780642183545,0.04112393867441475
2026-04-15,0.14279257568731257,0.13538800626241027,0.06841317800328409,0.10605737133553976,0.0032230450079241105,0.06444674633192962,0.06581838846714257,0.144371225050283,0.03233492734537121,0.09226694068680472,0.10435351359370974,0.020010108398337657,0.01254909542647015,0.08739303995121392,0.12622438255397544,0.04094762397350409
2026-04-16,0.1427057306886843,0.13480727576490112,0.06845164668205055,0.10557733027295159,0.0032148621955563144,0.06420201044977561,0.06551090447859113,0.1437609545331477,0.032413246764893024,0.09225778561246542,0.10367411297005028,0.019871281899537015,0.012484489831266708,0.09020725853849665,0.12588484194114866,0.04083327289238439
2026-04-17,0.14217515445475984,0.13488180453701268,0.06863481570216588,0.10532599641571815,0.003180210636060917,0.06407586902452883,0.06591447719758696,0.14352376071342704,0.032252699989074284,0.09226313879686981,0.10439491435942967,0.019770826597698774,0.012450141899257033,0.08963174337265897,0.1255765487571656,0.04064699220149837
2026-04-20,0.047697224588363375,0.03274575538267112,0.016854822165392795,0.0639905795052771,0.04120192075071619,0.10071577207494341,0.035484051076482524,0.09829528312803237,0.06885778674915409,0.1539522470711376,0.14130589588205578,0.0759876966122865,0.06294920511611365,0.06333103293413174,0.11588173051629522,0.13074899644694654
2026-04-21,0.047659148550598295,0.032978656994780954,0.016995232614390097,0.06345870958034525,0.04121989028676733,0.10084266953617949,0.03614997517424478,0.0980156820314715,0.06877795122937824,0.1538245468055293,0.1412692354977521,0.0759813666778055,0.0629494464696152,0.06343062199308197,0.11583419295716067,0.13072170696465843
2026-04-22,0.04737640677595277,0.033310754539459905,0.0173675042277495,0.06411751935436431,0.04107336010187231,0.10115409874008396,0.03712573825738663,0.09777125365644926,0.06872609282042609,0.1534935477177558,0.14204680114169005,0.07599800217375581,0.06266014756073468,0.0621726499957405,0.11605495396992997,0.13084613007679097
2026-04-23,0.04746440719559786,0.03321184239777971,0.017303615983211826,0.06299629125214969,0.04113003867377413,0.1004226078617839,0.03714307627652708,0.09879961185099999,0.0689105505638816,0.1526351688746759,0.14203802755705844,0.07531014267611624,0.062336918254499225,0.06335900672690893,0.11592858393895919,0.13089975932942893
2026-04-24,0.04707691332964614,0.033315358154287926,0.01751393554511206,0.06362813106747094,0.0409727188731889,0.10042658080133303,0.03793619566897254,0.09887297994092081,0.06856296511331315,0.15316671077819008,0.14291514218135806,0.07577769899974067,0.062271995032054314,0.061191638402043926,0.11570119459905921,0.13084475480920457
2026-04-27,0.04971678965744678,0.2010956963271451,0.0680193297066532,0.079708300210824,0.08142467548672898,0.014302998952237887,0.05431023230477158,0.09602357923147084,0.08088484541164512,0.06583101618370735,0.11829217648886678,0.04966670654105779,0.07052744053106116,0.059748679349168755,0.08300223805470068,0.07744529556251417
2026-04-28,0.04947712364925599,0.20129967056988568,0.06866649290209793,0.07956688332618736,0.08096974957901569,0.014321001848047687,0.05532181147531145,0.09572452423388007,0.08059433416479865,0.06530510818718999,0.11885897657634703,0.049305138134230715,0.070113348679684,0.05963337631381668,0.0827879472165272,0.07740907621576966
2026-04-29,0.04908435964293868,0.20207127101277156,0.06931687132664865,0.08147979052876349,0.08062165565581535,0.014317322822783073,0.05646952065387004,0.09422982367152818,0.08014172550500855,0.06548868202048087,0.11789350106583966,0.049402195763396876,0.07029227179624173,0.058809693542500666,0.08250845662459595,0.07736841945061601
2026-04-30,0.048542100387104645,0.20336384078712164,0.06996186600895835,0.08139491349559955,0.07957272092589494,0.014188598554113632,0.058193281636577165,0.09412201517420725,0.0795596603351517,0.06512981545701321,0.11918888874447209,0.04907055592193921,0.06966437562640078,0.05693836637767952,0.08210784557401843,0.07686522539006295
2026-05-01,0.048748332313456266,0.19896548653384008,0.06900460198987372,0.07943620235283573,0.0800264328708968,0.014151647345779953,0.05765717411358259,0.09589099005978963,0.07983931403474302,0.06541416430269838,0.12025955452304671,0.04929128413473541,0.07045243426047477,0.05850985630049301,0.08233467059297399,0.07696491514844252
2026-05-04,0.05021131040368779,0.02819979958668745,0.09446769718386347,0.09641693958319013,0.04447007441698368,0.05270334633558014,0.09694972658522841,0.10116411483233972,0.1090353741275554,0.05454310731502278,0.17915258943361256,0.037271268152587016,0.036295372083555565,0.08755163790670929,0.08720300289835356,0.09436463915504281
2026-05-05,0.04977802523995937,0.028325257698208147,0.09478078056462239,0.09623181437963195,0.044201981814837935,0.052543299713224204,0.09856465869809929,0.10076793197179224,0.10835670992721186,0.054355660281908344,0.17858104529595478,0.03713149336526591,0.03588153549121498,0.08894358778448871,0.08705710340123522,0.09422082067137943
2026-05-06,0.04943549803924448,0.028167000047536722,0.09428834549322354,0.09433348827090014,0.04416724152733447,0.05242625929688775,0.09674574848703728,0.10247176733080944,0.10834207105925249,0.05403884098234178,0.18363492967485057,0.03676536927094213,0.035831899338141106,0.08646849850904878,0.08703994207781615,0.09384644871043317
2026-05-07,0.04978566681996038,0.02777601471314274,0.09237007846669544,0.0910642303455423,0.04451309504127061,0.05234840061996627,0.09215775477596816,0.10484324455231991,0.10917593496492278,0.05352856469106138,0.18643707124030245,0.036587358031196775,0.03591454944800568,0.08945247776428503,0.0873249965371232,0.09361052155505561
2026-05-08,0.0499595444170599,0.028003034393760496,0.09326769438444933,0.0942903394703892,0.04428599108483981,0.05221502078310837,0.09260685758369763,0.10349838061837895,0.10940503530734154,0.053955387322430055,0.1846520573738483,0.03663546460203278,0.0358843320569006,0.0880246627561328,0.0873139777375731,0.09409532285377836
2026-05-11,0.0744337798659992,0.07584979196181416,0.09713145097691027,0.0618056276492055,0.03895732412148027,0.021669863525388952,0.08546738539550941,0.06939217053413646,0.09920250505716116,0.02310999267632952,0.06783834213370447,0.12075676227999184,0.04765060625019711,0.07699897460503044,0.07937975014970394,0.2103556728174375
2026-05-12,0.07442809319171623,0.07617433391007428,0.09766690250016347,0.06064341150950551,0.03869437209394985,0.02151336108991438,0.08646799588076994,0.07005800988278167,0.09863268665804546,0.02297906505272128,0.06836364032059045,0.119747456224486,0.04740802338341958,0.07738572064661613,0.07913327451037613,0.20910238918065743
2026-05-13,0.07420007497455051,0.07606368432078939,0.09963867895016194,0.06132055634192896,0.03848396864519625,0.02158230096898359,0.08830219851188813,0.06917605587635975,0.0984052197908864,0.023040786147908332,0.06717322202476046,0.12006594306359791,0.04752676825482233,0.07551600284075044,0.07869135109951361,0.20885110428985615
2026-05-14,0.07434027112348666,0.07635815522942978,0.09874463250028351,0.0613090921424524,0.03850377875538134,0.021460593722830528,0.08753058544469054,0.06971377798105076,0.09874020766630943,0.02301173851774292,0.06781782406537788,0.11982209146798596,0.047380156225686226,0.07541016742625221,0.07902571144319147,0.20902925267039507
2026-05-15,0.07416870855711308,0.07656124139030097,0.09780176002619227,0.061134048704440475,0.03849642179366344,0.021435017734343396,0.08745385037078107,0.0700524931797007,0.09927698502929218,0.02319634284884143,0.06784752756373266,0.11980768575907437,0.04752160532789148,0.07527204196000724,0.07906225175818987,0.2088142605997868
2026-05-18,0.041877705984911015,0.10848795655883386,0.07410982602539462,0.07538668383393066,0.03142724543075476,0.03089029315592478,0.12227744990142092,0.0714191373242711,0.059314860482499315,0.021277084945100066,0.10022098074689338,0.11920927021037847,0.033166307853217614,0.03539949485699938,0.05274417385247618,0.27279152883699376
2026-05-19,0.04182551403059832,0.10853432253701825,0.07412553996217375,0.07714239437732837,0.03138672913177915,0.030866979449664683,0.12243631237503398,0.07032331276435061,0.059320776726696,0.02152325020660555,0.09905640170493044,0.1194663243874949,0.03327077353808948,0.03514020579038205,0.052514701505091424,0.2725342603540257
2026-05-20,0.04161526440020666,0.1086541450588574,0.07425808744738398,0.07813082250743672,0.031008279451033773,0.031018626299853615,0.12333320836297355,0.06996478119742477,0.058984508327249115,0.021493012751191417,0.09925656095515321,0.11945351782793202,0.033216562506459636,0.034851533145819125,0.05246793428535185,0.27195661938715443
2026-05-21,0.04186358231916047,0.10778951962789578,0.07287634963108067,0.07642592834747951,0.03137312476000282,0.030979510123664383,0.11944502401984901,0.07154829783777734,0.059660699616448064,0.02149055936305061,0.10157785257858361,0.1195156104089317,0.0333569551795411,0.03575036746307169,0.052694599584539585,0.273000643832576
2026-05-22,0.04191981027587658,0.10778483758299671,0.07230347646090406,0.07561946005829419,0.03139813442419179,0.030986651125797363,0.11784019401387542,0.07215893388408869,0.05980147026224391,0.021520997999006176,0.10281329516308013,0.11929769828993451,0.033464868156367705,0.036116487385972756,0.05278015203402882,0.2735313266403647
2026-05-26,0.04477481496527089,0.1046073495931254,0.030449114657845663,0.04759373225120905,0.04883890745550228,0.04985208974506046,0.04813953220464534,0.1191812393626669,0.0807858829140838,0.05651470494791266,0.21274150112418244,0.04473938554263323,0.0665671363975692,0.012765012554588888,0.13675531018844575,0.14569428609525825
2026-05-27,0.04431975900387402,0.10362787597191664,0.029751894558236815,0.04563940396518226,0.04868336247851639,0.04929907511379224,0.046460917175016145,0.12181568589429191,0.08034906002059447,0.05561705287369144,0.21831039838001012,0.04412039722699772,0.06563214063678986,0.012750060620309405,0.13617462527927843,0.14447182194476102
2026-05-28,0.04422980960417381,0.1032502558328401,0.029497330215390645,0.045476089680640666,0.048777561577659126,0.04938639183313422,0.04557926864890805,0.12171832579645664,0.08026423991994094,0.05544053347507024,0.21982840800582204,0.04423359423703971,0.06573038058379746,0.012888188401112879,0.13626604556805327,0.14482685920471844
2026-05-29,0.04447249461474154,0.10312336379518405,0.029370856955099195,0.0446829462605752,0.04877693583412005,0.04943999070709984,0.04532366356071495,0.1219628973810208,0.08032624681880327,0.055485917067303166,0.21972728800279048,0.0440737955947744,0.06572049883657485,0.013364735910501089,0.13615395101726852,0.14484483592936176
2026-06-01,0.05014478268083335,0.029589543410363014,0.06879479380472678,0.07231544588971338,0.06611574770290568,0.011946396740820568,0.10645590566875304,0.18111875100150782,0.07736647020277525,0.09581924566235386,0.10986543217028592,0.06322661434891076,0.06751941378726227,0.05025750588831128,0.0976733516104522,0.10179059943002493
2026-06-02,0.049747114026350486,0.029666486952198548,0.06901124149855092,0.07245343326547116,0.06581657162767895,0.011853363317196679,0.10830655594821517,0.18054474057989137,0.07701991986050824,0.09552288246948287,0.11098101605258391,0.06242996913421965,0.06680650580078278,0.04950086652989334,0.09744607517095916,0.10122028540818637
2026-06-03,0.049535563614233384,0.02957607882470371,0.0688981816723877,0.070906662162493,0.0659059940914229,0.01180134518756478,0.10814579761266233,0.18445531735225984,0.07642456167322378,0.09484838485358996,0.11143455205934735,0.062013142053720854,0.06666536498532641,0.0483447407163142,0.09706906320945573,0.10059968473779386
2026-06-04,0.04931210043387568,0.029595753144754926,0.06904213956323826,0.07142554475357088,0.06561570995069846,0.011782677682564899,0.10876531136238513,0.1864831496033166,0.07639791179634951,0.09422542889542719,0.11100803720705343,0.06212433239771352,0.06632823213454168,0.04730240216076411,0.09675856531408972,0.10054264108327879
2026-06-05,0.049557495114895066,0.029549718602232235,0.06857107307241771,0.0713009997348027,0.06587146035406168,0.011832785174127992,0.10751554181552019,0.1849068990908351,0.07719986884579903,0.09486229566570163,0.10986385236112615,0.06262263128746363,0.06719367006591548,0.048583973069428535,0.09695635523255325,0.10096098412404027
2026-06-08,0.0667892035200074,0.04733586113869899,0.13729477157329492,0.040059712954452015,0.06762511045710308,0.06499135483493645,0.22650747167969454,0.05360226009602156,0.05335313490009305,0.07895494957857817,0.11925093707350086,0.0765807861875091,0.054814673968541096,0.05725282805046403,0.047590128616480584,0.05799681537062396
2026-06-09,0.06650103738068322,0.04739990283761777,0.1371226311742358,0.03894235263732004,0.06689867028288461,0.06458337988888167,0.22643453022324686,0.054807327157885236,0.05323365223880301,0.07818730759652955,0.12085551132664507,0.07592951475172081,0.05434972932600537,0.05800279827441123,0.04752808640111192,0.05785879897121072
2026-06-10,0.0662731598280292,0.04748179857313039,0.13698779274858258,0.03905682414614986,0.06729395853289051,0.06495537796281797,0.22507304401478898,0.05445964713806954,0.05355408263895643,0.0788401079086032,0.12094646815394405,0.07690329446455388,0.05466228582841943,0.05759710362279818,0.04769643415240236,0.05801170311488259
2026-06-11,0.06580468250319081,0.04779834084613369,0.1386867999903636,0.04026723524031581,0.06696738187807001,0.06520260755711112,0.22846486752995138,0.05360743632456344,0.05342571095334829,0.07901543936743723,0.11905050550222526,0.0766586103326196,0.05451247328444251,0.05640600245854413,0.047716735919249645,0.05771025127132429
2026-06-12,0.06576202647989007,0.04737151354385797,0.1364611562183073,0.03841552549614267,0.0676194428794305,0.06479986809332014,0.22266257424670263,0.05569224532007384,0.053943966106324244,0.07880878383778263,0.12254055090819645,0.07682451210325798,0.05474883321510983,0.05789099882204179,0.04796513680224288,0.05803005219120828
2026-06-15,0.09406930848914341,0.06450281296277938,0.15962894607177716,0.04608212624495663,0.03717749082513552,0.06874347283917463,0.1627402308062363,0.06591660182425238,0.0678042533697266,0.13664931292379032,0.07003916459440715,0.05566736307304373,0.09481715091544929,0.0396308898863615,0.02912663844775866,0.05740423672600742
2026-06-16,0.09438340748972365,0.06426720426073981,0.15811567430941578,0.044548364795970304,0.03728667482132163,0.0683780473701977,0.15959662404188835,0.0674877144431571,0.06825862538688504,0.13672294269001375,0.07128850000969512,0.05568223224912852,0.09442944944909751,0.04148276400372686,0.02922673356351784,0.057447895395454154
2026-06-17,0.0950099053508499,0.06428444555815749,0.15799684611791817,0.04532619963712508,0.03750273911435313,0.06889791052088415,0.1581117594054448,0.06651055766791404,0.06838201179273408,0.1372604636597927,0.07058216254609448,0.05633106865004299,0.09569682391673552,0.041543629659569266,0.029336624471405396,0.0579260200889137
2026-06-18,0.09508038775475217,0.0648372248362081,0.15929101682644908,0.04573735400430843,0.037544746876655016,0.06915214991982661,0.15815778581588155,0.0674511414938028,0.06783308098351803,0.13642941125373806,0.07029817393174713,0.05617946162421154,0.09527968619016712,0.04153400461380487,0.02949365740421328,0.05822585329346538
2026-06-22,0.10493032986261602,0.04856695732254664,0.194290935186596,0.08003931541882853,0.05879733317353587,0.03952884907232393,0.16698214061383282,0.0910893475981274,0.04687138838893604,0.046233046256007576,0.07792737103929112,0.03098542390246714,0.05734074642967059,0.06714620769610262,0.06277558139870108,0.07649502664041645
2026-06-23,0.10434348918181457,0.04859006451281293,0.19524874300530093,0.07968206434387261,0.058324805441191355,0.03957264213347812,0.16543491290192308,0.09281632075995667,0.04682008880860338,0.04621489131926356,0.07951898658194075,0.03094355795159089,0.05744379800744642,0.06561884854027604,0.06280969101687958,0.07641289690249375
2026-06-24,0.1048047036409015,0.04861919346257644,0.19630247898770672,0.08326109344211856,0.058567225866713105,0.04014557544192608,0.16590543084655943,0.08984463769244724,0.04682590449907716,0.046966661455331515,0.07779529754324095,0.031222892261642262,0.058186201710297675,0.06501211121786486,0.0628876905760588,0.07678715066531315
2026-06-25,0.10445144606032458,0.04877301179972471,0.19519985717313218,0.08380672183343908,0.05899292043050815,0.04040019328175797,0.16413516002614947,0.0901432417296032,0.04721452757339008,0.04747160181404866,0.07818783200405452,0.03158502361965364,0.058415544386152235,0.06553048539372597,0.06335607532822646,0.07735593960609434
2026-06-26,0.10378716091380003,0.04848109013972972,0.1948648742870777,0.08220049249072725,0.05871267606455181,0.040152126431319525,0.16391061723728645,0.09233227969271593,0.046822087666201224,0.04707866367200338,0.08065004638760252,0.031319265144098114,0.05781256354774986,0.06481509573564215,0.06314019508248178,0.07674951094234024
2026-06-29,0.17462418626997506,0.08529547740362264,0.09282582438888162,0.05707784511886205,0.1005988222015723,0.03486745453875986,0.1366234032328077,0.04704986472779499,0.0930427915927675,0.02959652439820189,0.04102853364876141,0.10367393741630682,0.1254123594302316,0.03755126816765868,0.022243493098047764,0.06848821436574817
2026-06-30,0.17344630795225746,0.0854714570129826,0.09248233645339096,0.05590240717831984,0.1006840391035842,0.03467482206181192,0.13603386477339305,0.048210802898584794,0.09399765385982468,0.02945282721281684,0.04091602875322598,0.10350164907945025,0.12483748041756612,0.0384964986464945,0.022218139048749495,0.06802004352847389
2026-07-01,0.1733174271183899,0.08587959295782384,0.09276843473016319,0.05543066429166938,0.09974430735541898,0.03454828841724715,0.1354029651974197,0.049038166537662554,0.09462886077735921,0.029453038664530872,0.04057382542825272,0.10325362483151898,0.12475039329025459,0.03846748262166774,0.022215965894437282,0.06810272768738675
2026-07-02,0.1740665401387906,0.08587325345823629,0.09310274479532259,0.05653729597044412,0.09938395205361503,0.034676101670621816,0.1349023087378124,0.04706612060283391,0.09465871261722054,0.0296693853677875,0.03980664720429057,0.10360030268731103,0.12535542114337775,0.039069723686603004,0.022164174063257092,0.06835482597884239
2026-07-06,0.18847630671897725,0.08479443768944167,0.10003558343500198,0.043795518271360814,0.06473329811347223,0.0362243344728539,0.21903259820604068,0.036613396799730635,0.07401923604519672,0.05111890672344509,0.0769950554796153,0.06081603224389994,0.027369282101038513,0.037448699150743746,0.05459204973140432,0.09393526481777725
2026-07-07,0.18791717517355186,0.08500186315510103,0.0996674402585575,0.04310663775846086,0.0644749498754372,0.035677362697460156,0.22048990816955247,0.03691413632491284,0.07344579213078951,0.05070894479513897,0.07678524652646707,0.06037085474741125,0.02714978672475438,0.038227386682130715,0.05434796289151925,0.09370960932597236
2026-07-08,0.18808868672675977,0.08534016224594482,0.10072825529137382,0.044176606454133086,0.06382538577536179,0.0360316631893251,0.22081164046652188,0.03595795032067904,0.07341312412460398,0.05109998092668986,0.07616987632671646,0.06066922676660011,0.027248779640477446,0.037232231852337754,0.05412228689782055,0.09382272715645339
2026-07-09,0.18674575431843513,0.08566466045550367,0.10218673037672688,0.044548066402926204,0.06366734934285974,0.03604753971958802,0.22189036638149337,0.036231381092945616,0.07312871734367209,0.050730777973774545,0.07599887145139315,0.06029990900267504,0.027099213403394832,0.0367559059659769,0.05402674870131951,0.09368961039514684
2026-07-10,0.18742225170719218,0.08533731762929064,0.1016933890298645,0.0434597644553438,0.06373263937912281,0.03611436688248212,0.21955317755249015,0.03686874863549417,0.07347531668546567,0.05057672921380757,0.07724813760816945,0.060264659867438196,0.027065864828103366,0.037289666609083116,0.05411389442061882,0.09386747632521968
2026-07-13,0.05529834769176913,0.05945312426213086,0.05332504303172701,0.005568461300588816,0.07491618268070976,0.03593502559213689,0.16863706940844644,0.05912729126178643,0.12074740709143092,0.11529183862076395,0.030386496654961768,0.13412002081993765,0.08000906752043303,0.058829971756789064,0.06836969269379092,0.12998495961259748
2026-07-14,0.054760350284820354,0.05975923576966094,0.054389483040348,0.005672828432460745,0.07417113462086453,0.0358005123106388,0.17302276202750125,0.057756660027859084,0.12005395595867023,0.11524564045553921,0.030108644297334952,0.1339840489955072,0.08013440190004749,0.05730189168660997,0.06798086333487434,0.1296041350914506
2026-07-15,0.05497214157193599,0.0595633520342768,0.05438529562647396,0.005558270779231377,0.07433675889254582,0.03579515463002102,0.17429821147042282,0.05844938568400047,0.11986728778823494,0.11365402880445337,0.03021609734417406,0.1329926267158461,0.07933195716449576,0.05799230238827784,0.06789836576172435,0.129375923647695
2026-07-16,0.0550451038231878,0.05966246036292279,0.054566379589698275,0.005525154721098768,0.07457322692913163,0.03583066861241874,0.17430233192126238,0.057303914478539345,0.12048994990631921,0.1130241239326972,0.029667422732121584,0.13343713808051288,0.07983287009336815,0.05820352836461532,0.06798336252670885,0.12989446716500735
2026-07-17,0.05496362849209619,0.05969758772510592,0.0550400676642168,0.00569675389774186,0.07433813340002014,0.03591064387484716,0.17300316224798268,0.05583774488504488,0.12146374506013799,0.11472188275310723,0.029581904792580164,0.1348432533798558,0.08054385787152402,0.056293937042167314,0.0680019103763239,0.13043942288672702
2026-07-20,0.10751743621282785,0.09375009381128574,0.16124271577161015,0.12364538032384029,0.08495481129913765,0.04811132423061279,0.01323838705574158,0.07606899331806755,0.01174305894356352,0.03164072692177034,0.1264746892462133,0.03294469983183918,0.02447165761352744,0.07311381172412362,0.1960974283118324,0.04498478538400658
2026-07-21,0.10730187527932582,0.09390984138196681,0.16262540131095077,0.12357585251372591,0.08451892737628822,0.047965965598508395,0.01334315266782495,0.07616464018947926,0.011686357782926276,0.03159019936757665,0.12614989224182904,0.03283301468294482,0.024389311617263126,0.07282977077323796,0.1959871595357255,0.044988058610807694
2026-07-22,0.10686019888162639,0.09385790914513215,0.16160643889160867,0.11928876115814506,0.08398759807618818,0.047461624716649886,0.013347378083220226,0.0781409033222455,0.011601476980866193,0.03120582590437591,0.12857753780551587,0.032548941711004226,0.02419467040498504,0.07453988679543536,0.19484710733669824,0.04462517229125116
2026-07-23,0.1073741337985959,0.09409106845066642,0.1617564260084474,0.11972152273982689,0.08408896979167071,0.047408518654333,0.01344705632513501,0.07810067742701596,0.011562333604321993,0.031116596940443282,0.1288798077593282,0.0325742868231445,0.024304888821821902,0.07296063579025268,0.19473411246555036,0.04463173189488507
2026-07-24,0.1065812579370662,0.09450268612143421,0.16414702971848075,0.12077146926675224,0.08350173860578061,0.04754268843796195,0.013824772410672136,0.07812854763949699,0.011504665448867921,0.031108161057435673,0.12910515616603654,0.03248048096592578,0.024245017181114135,0.07093342139673157,0.19426457413914597,0.04440354166887456
2026-07-27,0.05133480195307568,0.10842931587001996,0.08268166299607034,0.11970825452469169,0.05312010797716109,0.08111735338091453,0.05616656567757456,0.06988255980509757,0.05689958451261406,0.06286137468923385,0.04871240995227032,0.0591628836566022,0.07469039138914685,0.152192135219684,0.10976617191914119,0.06327442647670219
2026-07-28,0.05141240275787672,0.10819409449291806,0.0820882758447373,0.11998335012568914,0.05329099870625415,0.08108156639215483,0.053633009668296774,0.06911499927955238,0.057148711152402984,0.06339576507228158,0.049004961797915754,0.05960160533918226,0.07500639586109147,0.15389988168385454,0.11023246280179409,0.06348603162149957
2026-07-29,0.05119998004687252,0.10748904255649738,0.08184961311456612,0.12205656220887265,0.053379998187801224,0.08135022712855085,0.052993752863451773,0.06688310459996845,0.05751292015948248,0.0641062605404775,0.04860701970361443,0.06005946369856084,0.07571194793333443,0.15386002103521537,0.1100807813063424,0.06364553928430713
2026-07-30,0.05142819801944484,0.10814671549455074,0.08327878419544955,0.1260182020821816,0.053246934401772514,0.08138193440467767,0.055118422553274524,0.06519317770391483,0.05722635496732938,0.06438181229143805,0.04754563671214606,0.059857510116069115,0.07523028135829075,0.15085446225042531,0.1100815913538299,0.06341197184336023
2026-07-31,0.051373392520721047,0.10661137557693352,0.0817357201867668,0.12095924651433014,0.05326066497500293,0.0809428341310087,0.05432897951086307,0.06824039950498777,0.05753413903806492,0.06352766521510808,0.04845260915201098,0.05970504591406728,0.0754687795518046,0.1545473845322707,0.10995111150502276,0.06371226915072041
2026-08-03,0.017230813498728584,0.07449154965942564,0.1327058999576653,0.09885789556273021,0.06805091002699999,0.025254972392588157,0.13083971270133307,0.07615836731628808,0.027004779141785507,0.08094958900741162,0.04366435701144512,0.14533393057711025,0.09244424089043608,0.09365744221853778,0.08044068582064862,0.06291485421686607
2026-08-04,0.017325199911124998,0.07398364621360495,0.13032532700617816,0.09757618159058144,0.06841844942099917,0.025361858215766003,0.12677956160749002,0.07691339707415677,0.027373331421090285,0.08144061735039716,0.04418261961410202,0.14644247337576416,0.09307853711032726,0.09693112423872843,0.08107332755014508,0.06344061038376102
2026-08-05,0.017490176479875785,0.07367826352206136,0.12790939743858853,0.09521424837354986,0.06887705590318784,0.025262919928360633,0.12226228081122868,0.0793770560806897,0.027586182499996486,0.08212379311026212,0.045072914592723196,0.14555287719206714,0.09380974865595754,0.10056071124766458,0.08113625366610804,0.06320977815526914
2026-08-06,0.01761246960205097,0.07369574497659213,0.1280334074045678,0.09552745809862741,0.06920188990155439,0.025240012143551403,0.12258771041228901,0.0785164239128745,0.02758373973877041,0.08210828919712412,0.0449186928001825,0.14594602815564428,0.09415503944404703,0.09979203286502228,0.08095134521444809,0.06323131384732084
2026-08-07,0.017433055867154542,0.0738931538221506,0.1284128992796069,0.09736037025879975,0.06858190520976327,0.025145589289281154,0.12454333917505891,0.07765994132638242,0.027460178257242382,0.08194364073968975,0.04443148705365448,0.14540383601740683,0.09359676284301935,0.09869672336403935,0.08033965716059532,0.06292888422115754
2026-08-10,0.054077010446206754,0.03659231025708231,0.02041295284491651,0.03661833611206812,0.044834745968799744,0.05525798908976337,0.020441213932397218,0.07632199324344685,0.14974099188220302,0.1293429641919231,0.046158938829795056,0.1597237651647079,0.15496676659364345,0.02535035457041755,0.03978776106638791,0.20037190580624117
2026-08-11,0.05411524335289662,0.0369298775250797,0.02077023687301295,0.036985840542002324,0.04464474685673634,0.05510335373080225,0.02125491348864528,0.07557510165123531,0.14927364186495,0.1291797598228753,0.045972092249626346,0.15935586254881612,0.15496371664425293,0.025586905309604516,0.0396547954655284,0.19979844409775535
2026-08-12,0.05417293276997457,0.036953014446813814,0.02079825861971369,0.03647654341931927,0.04457810301569269,0.05504518244174229,0.021411115371081726,0.07584922153096078,0.14892921369767748,0.12909127964991693,0.04605140982720442,0.15981963665075782,0.15485037779468616,0.025645671805374744,0.03968871004824034,0.19988038419559992
2026-08-13,0.053961082021460015,0.03693532645733193,0.02077247518012724,0.03640411307751293,0.04463517046596885,0.054813852711429877,0.02130922965806669,0.07713784477377622,0.1485820238185597,0.12867002349829598,0.04646059700299655,0.15937265284738,0.15463656807156118,0.025795945812543235,0.0395868086268696,0.19925541202420702
2026-08-14,0.05377814640299949,0.0366673758736676,0.020622599733526533,0.03590214838834229,0.0444071703048197,0.05478621092686383,0.021064735908555638,0.07716461216500066,0.14915803096219077,0.1289484478962199,0.04689109315459148,0.1589917466472396,0.1547567612963677,0.02608405437126219,0.03959945296497567,0.19857085599271085
