Date,PRPFX,DBMF,KMLM,BTAL,RPAR,MNA,CTA,MTUM,QUAL,USMV,VLUE,JEPI,DIVO,ARKK,QAI,^PUT
2022-03-23,0.0,0.0,0.0,0.0,0.0,0.0,0.0,0.0,0.0,0.0,0.0,0.0,0.0,0.0,0.0,0.0
2022-03-24,0.0,0.0,0.0,0.0,0.0,0.0,0.0,0.0,0.0,0.0,0.0,0.0,0.0,0.0,0.0,0.0
2022-03-25,0.0,0.0,0.0,0.0,0.0,0.0,0.0,0.0,0.0,0.0,0.0,0.0,0.0,0.0,0.0,0.0
2022-03-28,0.0,0.0,0.0,0.0,0.0,0.0,0.0,0.0,0.0,0.0,0.0,0.0,0.0,0.0,0.0,0.0
2022-03-29,0.0,0.0,0.0,0.0,0.0,0.0,0.0,0.0,0.0,0.0,0.0,0.0,0.0,0.0,0.0,0.0
2022-03-30,0.0,0.0,0.0,0.0,0.0,0.0,0.0,0.0,0.0,0.0,0.0,0.0,0.0,0.0,0.0,0.0
2022-03-31,0.0,0.0,0.0,0.0,0.0,0.0,0.0,0.0,0.0,0.0,0.0,0.0,0.0,0.0,0.0,0.0
2022-04-01,0.0,0.0,0.0,0.0,0.0,0.0,0.0,0.0,0.0,0.0,0.0,0.0,0.0,0.0,0.0,0.0
2022-04-04,0.0,0.0,0.0,0.0,0.0,0.0,0.0,0.0,0.0,0.0,0.0,0.0,0.0,0.0,0.0,0.0
2022-04-05,0.0,0.0,0.0,0.0,0.0,0.0,0.0,0.0,0.0,0.0,0.0,0.0,0.0,0.0,0.0,0.0
2022-04-06,0.0,0.0,0.0,0.0,0.0,0.0,0.0,0.0,0.0,0.0,0.0,0.0,0.0,0.0,0.0,0.0
2022-04-07,0.0,0.0,0.0,0.0,0.0,0.0,0.0,0.0,0.0,0.0,0.0,0.0,0.0,0.0,0.0,0.0
2022-04-08,0.0,0.0,0.0,0.0,0.0,0.0,0.0,0.0,0.0,0.0,0.0,0.0,0.0,0.0,0.0,0.0
2022-04-11,0.0,0.0,0.0,0.0,0.0,0.0,0.0,0.0,0.0,0.0,0.0,0.0,0.0,0.0,0.0,0.0
2022-04-12,0.0,0.0,0.0,0.0,0.0,0.0,0.0,0.0,0.0,0.0,0.0,0.0,0.0,0.0,0.0,0.0
2022-04-13,0.0,0.0,0.0,0.0,0.0,0.0,0.0,0.0,0.0,0.0,0.0,0.0,0.0,0.0,0.0,0.0
2022-04-14,0.0,0.0,0.0,0.0,0.0,0.0,0.0,0.0,0.0,0.0,0.0,0.0,0.0,0.0,0.0,0.0
2022-04-18,0.0,0.0,0.0,0.0,0.0,0.0,0.0,0.0,0.0,0.0,0.0,0.0,0.0,0.0,0.0,0.0
2022-04-19,0.0,0.0,0.0,0.0,0.0,0.0,0.0,0.0,0.0,0.0,0.0,0.0,0.0,0.0,0.0,0.0
2022-04-20,0.0,0.0,0.0,0.0,0.0,0.0,0.0,0.0,0.0,0.0,0.0,0.0,0.0,0.0,0.0,0.0
2022-04-21,0.0,0.0,0.0,0.0,0.0,0.0,0.0,0.0,0.0,0.0,0.0,0.0,0.0,0.0,0.0,0.0
2022-04-22,0.0,0.0,0.0,0.0,0.0,0.0,0.0,0.0,0.0,0.0,0.0,0.0,0.0,0.0,0.0,0.0
2022-04-25,0.0,0.0,0.0,0.0,0.0,0.0,0.0,0.0,0.0,0.0,0.0,0.0,0.0,0.0,0.0,0.0
2022-04-26,0.0,0.0,0.0,0.0,0.0,0.0,0.0,0.0,0.0,0.0,0.0,0.0,0.0,0.0,0.0,0.0
2022-04-27,0.0,0.0,0.0,0.0,0.0,0.0,0.0,0.0,0.0,0.0,0.0,0.0,0.0,0.0,0.0,0.0
2022-04-28,0.0,0.0,0.0,0.0,0.0,0.0,0.0,0.0,0.0,0.0,0.0,0.0,0.0,0.0,0.0,0.0
2022-04-29,0.0,0.0,0.0,0.0,0.0,0.0,0.0,0.0,0.0,0.0,0.0,0.0,0.0,0.0,0.0,0.0
2022-05-02,0.0,0.0,0.0,0.0,0.0,0.0,0.0,0.0,0.0,0.0,0.0,0.0,0.0,0.0,0.0,0.0
2022-05-03,0.0,0.0,0.0,0.0,0.0,0.0,0.0,0.0,0.0,0.0,0.0,0.0,0.0,0.0,0.0,0.0
2022-05-04,0.0,0.0,0.0,0.0,0.0,0.0,0.0,0.0,0.0,0.0,0.0,0.0,0.0,0.0,0.0,0.0
2022-05-05,0.0,0.0,0.0,0.0,0.0,0.0,0.0,0.0,0.0,0.0,0.0,0.0,0.0,0.0,0.0,0.0
2022-05-06,0.0,0.0,0.0,0.0,0.0,0.0,0.0,0.0,0.0,0.0,0.0,0.0,0.0,0.0,0.0,0.0
2022-05-09,0.0,0.0,0.0,0.0,0.0,0.0,0.0,0.0,0.0,0.0,0.0,0.0,0.0,0.0,0.0,0.0
2022-05-10,0.0,0.0,0.0,0.0,0.0,0.0,0.0,0.0,0.0,0.0,0.0,0.0,0.0,0.0,0.0,0.0
2022-05-11,0.0,0.0,0.0,0.0,0.0,0.0,0.0,0.0,0.0,0.0,0.0,0.0,0.0,0.0,0.0,0.0
2022-05-12,0.0,0.0,0.0,0.0,0.0,0.0,0.0,0.0,0.0,0.0,0.0,0.0,0.0,0.0,0.0,0.0
2022-05-13,0.0,0.0,0.0,0.0,0.0,0.0,0.0,0.0,0.0,0.0,0.0,0.0,0.0,0.0,0.0,0.0
2022-05-16,0.0,0.0,0.0,0.0,0.0,0.0,0.0,0.0,0.0,0.0,0.0,0.0,0.0,0.0,0.0,0.0
2022-05-17,0.0,0.0,0.0,0.0,0.0,0.0,0.0,0.0,0.0,0.0,0.0,0.0,0.0,0.0,0.0,0.0
2022-05-18,0.0,0.0,0.0,0.0,0.0,0.0,0.0,0.0,0.0,0.0,0.0,0.0,0.0,0.0,0.0,0.0
2022-05-19,0.0,0.0,0.0,0.0,0.0,0.0,0.0,0.0,0.0,0.0,0.0,0.0,0.0,0.0,0.0,0.0
2022-05-20,0.0,0.0,0.0,0.0,0.0,0.0,0.0,0.0,0.0,0.0,0.0,0.0,0.0,0.0,0.0,0.0
2022-05-23,0.0,0.0,0.0,0.0,0.0,0.0,0.0,0.0,0.0,0.0,0.0,0.0,0.0,0.0,0.0,0.0
2022-05-24,0.0,0.0,0.0,0.0,0.0,0.0,0.0,0.0,0.0,0.0,0.0,0.0,0.0,0.0,0.0,0.0
2022-05-25,0.0,0.0,0.0,0.0,0.0,0.0,0.0,0.0,0.0,0.0,0.0,0.0,0.0,0.0,0.0,0.0
2022-05-26,0.0,0.0,0.0,0.0,0.0,0.0,0.0,0.0,0.0,0.0,0.0,0.0,0.0,0.0,0.0,0.0
2022-05-27,0.0,0.0,0.0,0.0,0.0,0.0,0.0,0.0,0.0,0.0,0.0,0.0,0.0,0.0,0.0,0.0
2022-05-31,0.0,0.0,0.0,0.0,0.0,0.0,0.0,0.0,0.0,0.0,0.0,0.0,0.0,0.0,0.0,0.0
2022-06-01,0.0,0.0,0.0,0.0,0.0,0.0,0.0,0.0,0.0,0.0,0.0,0.0,0.0,0.0,0.0,0.0
2022-06-02,0.0,0.0,0.0,0.0,0.0,0.0,0.0,0.0,0.0,0.0,0.0,0.0,0.0,0.0,0.0,0.0
2022-06-03,0.0,0.0,0.0,0.0,0.0,0.0,0.0,0.0,0.0,0.0,0.0,0.0,0.0,0.0,0.0,0.0
2022-06-06,0.0,0.0,0.0,0.0,0.0,0.0,0.0,0.0,0.0,0.0,0.0,0.0,0.0,0.0,0.0,0.0
2022-06-07,0.0,0.0,0.0,0.0,0.0,0.0,0.0,0.0,0.0,0.0,0.0,0.0,0.0,0.0,0.0,0.0
2022-06-08,0.0,0.0,0.0,0.0,0.0,0.0,0.0,0.0,0.0,0.0,0.0,0.0,0.0,0.0,0.0,0.0
2022-06-09,0.0,0.0,0.0,0.0,0.0,0.0,0.0,0.0,0.0,0.0,0.0,0.0,0.0,0.0,0.0,0.0
2022-06-10,0.0,0.0,0.0,0.0,0.0,0.0,0.0,0.0,0.0,0.0,0.0,0.0,0.0,0.0,0.0,0.0
2022-06-13,0.0,0.0,0.0,0.0,0.0,0.0,0.0,0.0,0.0,0.0,0.0,0.0,0.0,0.0,0.0,0.0
2022-06-14,0.0,0.0,0.0,0.0,0.0,0.0,0.0,0.0,0.0,0.0,0.0,0.0,0.0,0.0,0.0,0.0
2022-06-15,0.0,0.0,0.0,0.0,0.0,0.0,0.0,0.0,0.0,0.0,0.0,0.0,0.0,0.0,0.0,0.0
2022-06-16,0.0,0.0,0.0,0.0,0.0,0.0,0.0,0.0,0.0,0.0,0.0,0.0,0.0,0.0,0.0,0.0
2022-06-17,0.0,0.0,0.0,0.0,0.0,0.0,0.0,0.0,0.0,0.0,0.0,0.0,0.0,0.0,0.0,0.0
2022-06-21,0.0,0.0,0.0,0.0,0.0,0.0,0.0,0.0,0.0,0.0,0.0,0.0,0.0,0.0,0.0,0.0
2022-06-22,0.0,0.0,0.0,0.0,0.0,0.0,0.0,0.0,0.0,0.0,0.0,0.0,0.0,0.0,0.0,0.0
2022-06-23,0.0,0.0,0.0,0.0,0.0,0.0,0.0,0.0,0.0,0.0,0.0,0.0,0.0,0.0,0.0,0.0
2022-06-24,0.16965341013744825,0.16250291886610777,0.15177373077428527,0.10447467978857014,0.22376762084935478,0.2545181846867634,0.09382704807448627,0.15747083093554295,0.15504280715128232,0.07792201072290232,0.2836088765127361,0.15383129021807238,0.13131656370054118,0.11796909476456358,0.1385760134830917,0.12374491933425129
2022-06-27,0.05800246646310228,0.13998469919583825,0.07834823748350007,0.024659344450165863,0.14112686659260182,0.07547394982072445,0.03927674708520084,0.061094979607501716,0.029454745014971532,0.011356466825933914,0.07126573306411044,0.04049317901058205,0.06888956647040421,0.07944001715376227,0.0891601502610521,0.10722967701452063
2022-06-28,0.05817145788321424,0.14137124869904227,0.07889695372688885,0.0249016253952094,0.141084823659786,0.07556761675066731,0.03949854244802995,0.061843346890606,0.02944202574768085,0.011384018279948708,0.0716154644893993,0.040681494083120745,0.06890388248026573,0.07813703294426486,0.08955743954087973,0.1078700461384605
2022-06-29,0.05888134798812682,0.144357852123842,0.08037738586569285,0.025634366556009387,0.14218782029819996,0.07656771458362523,0.04023877337709597,0.06283865152810802,0.029344809762249943,0.01139571600425639,0.07229010144351235,0.04088922824077261,0.06973231234363489,0.07561485312476168,0.09024512241557771,0.10935365726197906
2022-06-30,0.058810693282370596,0.14566666159428118,0.0805127256134576,0.02595752634008773,0.14241758402044472,0.07679368399730603,0.04013963436598513,0.0627157795738583,0.029387924269044043,0.011479089794434355,0.07212393649300286,0.04106542537855266,0.07025554155609176,0.07436790369785232,0.09065439025130904,0.10965181321279509
2022-07-01,0.059639521512509994,0.14766723010802857,0.07994059924303358,0.02654643442270197,0.14389141843569214,0.07797453455557216,0.04173686605475729,0.06375684240156587,0.02978190613056614,0.011657911301344767,0.07309693885748117,0.041720414149978076,0.07103487075376433,0.0729741845572802,0.0917924369323451,0.11169814577402923
2022-07-05,0.168401665392445,0.056065506396121165,0.02677228416270341,0.06626427452978602,0.07492777861566692,0.0400484982621076,0.05254434746263448,0.09886452028145132,0.17207646848780406,0.044619425212870024,0.17257159533074864,0.03517242020091005,0.02557061501236699,0.02673289975854246,0.08448976309206571,0.010737107252611441
2022-07-06,0.16916763333270948,0.05661902977212859,0.026705689164732795,0.06423866397108632,0.07586621766144355,0.04031522938692483,0.05435073729771806,0.09736411461578925,0.17378159549955313,0.044614635972296875,0.17314178862256996,0.035037930504857095,0.025541677388765022,0.029139400060874402,0.08455735759868636,0.010756657481196176
2022-07-07,0.16944377187960416,0.057060231735330084,0.026633198954899615,0.06502297385034177,0.0755739698733928,0.04039143910819622,0.05488708007207382,0.09782182472149879,0.1750091378782717,0.04500706783446554,0.17308383745101955,0.03532769665362226,0.025661640573181006,0.02859205494883589,0.08478482339729539,0.0107862609525488
2022-07-08,0.16744557946863067,0.05611048514125999,0.026679677575792007,0.06270054136921739,0.07430675736743096,0.03981190882683658,0.05321438907618146,0.09613789534482536,0.17305597515208393,0.044151820708067356,0.17066418202190733,0.0346531713513212,0.025203123436054638,0.029525110287546234,0.08362752811441326,0.010532902420423039
2022-07-11,0.06935440517159533,0.08864354230134604,0.036708977318423874,0.024417723023119644,0.12280222063604235,0.04435747156239258,0.07622648607178327,0.09346197297566125,0.0793448062240371,0.03188448542220683,0.11433320077915418,0.05812474120394265,0.05206540158789444,0.045982760312216264,0.13220161634066874,0.03217746395618008
2022-07-12,0.06986171647228497,0.09025358650855499,0.03753144732987129,0.02504904235490443,0.12407325517388267,0.04451650392211525,0.07651306480363144,0.09479684035380785,0.07984446068231811,0.032177830246604706,0.11534043748914122,0.059025828827601975,0.05259068343901059,0.0438270819110997,0.13316626739193466,0.03251730531960048
2022-07-13,0.07031192113996972,0.09043660779243382,0.0372258087466837,0.024985607960124608,0.12546879863285265,0.04475675382742157,0.07851940515156108,0.09451324948757227,0.07966892857954598,0.032113107975573055,0.11653009815111572,0.05898648858729676,0.05259689905239065,0.044935052664866894,0.13386996855163905,0.032785026061053366
2022-07-14,0.07041971172199253,0.09094818048107377,0.03757951372038726,0.024999140542573954,0.12574916409185707,0.04492636817334512,0.07863771262520598,0.0946321682966567,0.07972914863700088,0.03214757250472925,0.11652228285184911,0.05881963954850099,0.05266851046670537,0.044827877627972294,0.13367137046875774,0.032952033162896674
2022-07-15,0.0704224406985052,0.09241274559249658,0.03825960669302374,0.02531874128786221,0.1263974211701497,0.045078631900057536,0.08054345063902502,0.09496853478930045,0.08027998217650359,0.032292071703252004,0.11618176012018258,0.059246540933340155,0.052627653220306804,0.04427607106473128,0.13445522474995217,0.03310539454223237
2022-07-18,0.06720489769267426,0.02709451317661727,0.05268421029614344,0.06533567782281124,0.09188488027102754,0.06534827295146825,0.06760299870271158,0.12090701319500358,0.06593738323351467,0.0992930029628384,0.023342508464246247,0.10529607068891718,0.024327434779348754,0.10440714064973597,0.06488438295068671,0.06323566517554412
2022-07-19,0.06816233235605189,0.027500198763638333,0.05312849017216439,0.06532865231138447,0.09240186600117108,0.06608755496627702,0.06848372896973326,0.1216469565177598,0.06645024361194779,0.0995099115009881,0.02354477369430777,0.10614476089700994,0.02448283423183263,0.10563118937784767,0.06570405653907249,0.06405796169314652
2022-07-20,0.06664957075011194,0.026471825945641896,0.05185080995607906,0.06347637040025025,0.08999529161253457,0.06464294443380948,0.06687024425327052,0.11836299939924848,0.06541887697933702,0.09752178027972659,0.023156885871759864,0.10339354453675516,0.023913681487190395,0.10474032930916742,0.06417023625884641,0.06244341535441955
2022-07-21,0.06651671670268805,0.026405973173266352,0.05121913362978007,0.06148174870513087,0.089651309545025,0.06413748585920173,0.0670322831536876,0.11659066980988031,0.0653111469884497,0.09627539391626205,0.02291294143894962,0.10214931042947889,0.023638221464849465,0.1085470041020424,0.0636923580956552,0.061868944898712946
2022-07-22,0.06589971589290348,0.02577874539328974,0.05131480764403773,0.059953400077609714,0.08897822221918762,0.06359827631963992,0.06542003720370648,0.11456094712964075,0.0648255982582248,0.09577003666396813,0.022635409221321304,0.10131064669043251,0.023347655762361127,0.10792368276347367,0.06326423496488953,0.061434223466568426
2022-07-25,0.03777730863294152,0.06283346302206445,0.053864634336827574,0.056915159065818864,0.06918426292984753,0.16580691067841705,0.10387502087835841,0.07499641240371598,0.061913992263946255,0.050877045253024125,0.013200835777093486,0.05328414095133077,0.0471804009069818,0.05364924135809894,0.080304034092612,0.12509996001251802
2022-07-26,0.037670301738679655,0.06281471181297868,0.054117604530679674,0.057342520411765706,0.06885227155276467,0.16485129080392222,0.10511784712441515,0.07565494946998177,0.06150751054771658,0.05061927952967207,0.013166843686206658,0.053349703187736096,0.04714596680095101,0.05274925091735583,0.07977710781015071,0.12476517630650502
2022-07-27,0.0378240316089741,0.06377537082432888,0.054530297978263344,0.05839893185712545,0.06950088100440467,0.1657291737386959,0.1043062620450133,0.0764986566497148,0.06142087188430114,0.05096827698533847,0.013230243809459879,0.05383835197307301,0.04730174491868398,0.05111873522164192,0.0802470213678617,0.12513205621679113
2022-07-28,0.037470408321358506,0.06191279590356459,0.053017490671469235,0.056850350050088615,0.06861343438928778,0.16433097758578522,0.10208755234412313,0.07511673558432413,0.06129258949033753,0.05052544919506445,0.01311232305086742,0.05295933967645884,0.046768645435724836,0.05246287548881286,0.07953078659695705,0.12375360101222821
2022-07-29,0.03752315411903573,0.060713580818264376,0.05236440403396978,0.05624505628841352,0.06851214182931559,0.16358215257044748,0.09715049346374965,0.07470702598244665,0.06143473927080006,0.050555543733561026,0.013068514267743886,0.052864902147382695,0.04641404933188774,0.05142743022826192,0.07951174408540801,0.12266929682776617
2022-08-01,0.16852634558807647,0.10695812642042092,0.06024705819499052,0.193179029070159,0.06584589314171689,0.10172087562848069,0.025931170374693367,0.07748937672986743,0.1200432814815788,0.04670241122780202,0.05388111828175764,0.034926319875792776,0.0396450221073831,0.020714506976942743,0.038101148823151076,0.08381640653991623
2022-08-02,0.16928060855023072,0.10640383830777382,0.05991440830468949,0.19319988163695562,0.0660961054280688,0.10229938754440693,0.026069684359065048,0.0774442831192055,0.12077442862938678,0.04693250679183831,0.054553728341976644,0.035047843839619446,0.03988955736094184,0.0211124108573222,0.03832212307234984,0.08463876524779866
2022-08-03,0.1705637304759318,0.10879395098371256,0.06123912328466526,0.19147678360110545,0.06622097401146156,0.10318571118934637,0.02649578641235267,0.0779660895528938,0.12113867308526365,0.047140685039680046,0.054445800676564245,0.03527791308098163,0.040174092390738596,0.02204375689098562,0.03858781746605064,0.08535182338050488
2022-08-04,0.16895450781796595,0.10859081435124837,0.06139326421939289,0.18767026597924927,0.0660198441024276,0.10282876677836032,0.026048831052971105,0.07677837392418149,0.12093626027921309,0.04713092713425155,0.05444660537276207,0.03499885371927195,0.03996333258314728,0.022853727770649427,0.038461382521739695,0.08451215853244978
2022-08-05,0.16991200595631217,0.10761054386465937,0.06057764148707973,0.18746130596738367,0.06622812110324289,0.10298314066692892,0.026163768504878802,0.07623438932802125,0.12197645254578084,0.04746960468798555,0.054533606565119117,0.035251195031007966,0.04009845606817822,0.023114769279938944,0.03891314179195822,0.08543064110261778
2022-08-08,0.07140464616628822,0.05806358179207147,0.003452994948537134,0.23566689163915952,0.036863366485682156,0.024512208671007674,0.11812333533682184,0.06486991991721908,0.06388315369782122,0.09556075091901015,0.08584959548952913,0.09299534160498371,0.05494853141011974,0.02987207261425416,0.024835309389214185,0.03745093661074156
2022-08-09,0.0712995389495403,0.057935524115658915,0.0034267850969438942,0.23280382668281496,0.03684979117656321,0.02435158240844289,0.11743123240003057,0.064826780876546,0.063580895101819,0.09533161145998342,0.08575414403350318,0.09283760904509086,0.05482752798130188,0.030142433568841047,0.024832868219249012,0.03730386428362674
2022-08-10,0.07067936189128587,0.057473419468457236,0.0034352687019916627,0.23706264764401752,0.03656340311168989,0.02451825951293833,0.11660827382278516,0.06508308751463769,0.06280530426094993,0.09482029331633453,0.08480129840819788,0.09259283380318874,0.05476805921559988,0.02856283382763912,0.024613484205210697,0.03716595055350751
2022-08-11,0.07109759515353112,0.056538338474687956,0.003366936040592068,0.23047023969519853,0.03638190638017851,0.024571185507574547,0.116915773918596,0.06473566066089224,0.06346029866408585,0.09495768391829376,0.08512311876509591,0.09209843931734303,0.0546289336037976,0.030143999125750602,0.024678048196881252,0.03691425040375022
2022-08-12,0.07136624366949355,0.05701780864810614,0.003440535415109482,0.23141689919193323,0.036342585608973924,0.02453772839100942,0.11754967125090277,0.06515379078888484,0.0634543285789459,0.09492960381307197,0.08595367518167608,0.09240334571210272,0.05481367160230345,0.029294987343743972,0.024810388528492846,0.037036682183075105
2022-08-15,0.11207123246306545,0.07363536775988143,0.0347492230976716,0.09601961833822993,0.0656401185691748,0.0705355026838991,0.05964991385424342,0.060154754166647756,0.06426804730284266,0.04736686137725726,0.10439906996652999,0.031962610844866,0.052121417241387975,0.039054447009171,0.09728009709152101,0.047276834945877776
2022-08-16,0.11404607108400519,0.07543813231885739,0.03553807458517659,0.09809155721933446,0.06703371184387255,0.07182294302157777,0.060340276623568605,0.06110978310832665,0.06554370193759297,0.04847284734104268,0.10622681917482622,0.032582936643988036,0.05306747224218386,0.03972969878059099,0.09901489434598958,0.047938377134808134
2022-08-17,0.11376653508879023,0.07527468937204486,0.03584571590419026,0.09844987828277268,0.0668529145681236,0.07183128854846983,0.0608904646046289,0.06105713906664247,0.06551575522641725,0.048600060694444266,0.10639435346187931,0.03253388554827684,0.05344118116139064,0.03845322140753065,0.09849538562950631,0.047877986006865485
2022-08-18,0.10856965687801262,0.0723536042199098,0.034881972837859966,0.09630772996243395,0.06400303323267094,0.0687246142152823,0.05916700863925772,0.05891899596074309,0.06260935953135498,0.04646033785171639,0.10121345981496617,0.031229770905532084,0.05126388974899275,0.035216636137456084,0.09390651191116188,0.04605043942144251
2022-08-19,0.11053125973108537,0.07394461054703282,0.035809597106631834,0.09820985965583388,0.06532818449440374,0.06972035830157097,0.05992309433863148,0.06014097066882248,0.06378262527766046,0.047251588147984996,0.10342859692415864,0.03177297989116849,0.052313363911562556,0.03519610631369329,0.09546293418273044,0.04655778053890919
2022-08-22,0.031033327547776466,0.054341470512837685,0.03917872611706396,0.014458713023984009,0.028689219961634687,0.07008327711690886,0.0751174004507984,0.06710011181762882,0.030667420198303506,0.18585172597336164,0.038708767087333666,0.05577910735205874,0.2014091444584426,0.06370285698688424,0.024561242683208945,0.03082320417474319
2022-08-23,0.029696457856790457,0.0523844028649465,0.037601302318399484,0.01403887826617322,0.027551441977198207,0.0674233254545367,0.07364382961967209,0.06474277633685648,0.029257503484643264,0.17764498491632214,0.03676618412991239,0.053702395980953145,0.19242067305731694,0.06086768020700641,0.02353735093866409,0.029445018706488094
2022-08-24,0.030836140978126387,0.05418078743992689,0.038806225991260636,0.014376971728054034,0.028502601877475546,0.06954344734418928,0.07622935452575806,0.06720275558007478,0.030211742609432008,0.18297194141945483,0.0380206653390272,0.05546840693767013,0.19920880342697322,0.06261370216449323,0.02435537262735971,0.030503103513357263
2022-08-25,0.03164565942473021,0.055413898555882614,0.039701815492259665,0.014621926530909197,0.02919331151506887,0.07154781031237267,0.07776487320541185,0.06910814970624206,0.03100818531490685,0.18752947552552418,0.03899270243525848,0.05686530790847169,0.2037894630634454,0.06580917665910142,0.025008298513486824,0.03132920060140278
2022-08-26,0.031437417659441524,0.05418469211143919,0.03942156264331793,0.014171747927728658,0.02897756895306552,0.07080051101436977,0.07628688189080916,0.06801880369648443,0.030857497924521946,0.18541616953080703,0.038930243867651565,0.05626106099521505,0.20141592742099332,0.06573285320044467,0.024785946752838177,0.031060876852769696
2022-08-29,0.03297974335372889,0.02597087120364966,0.1686489957199367,0.033924498194528904,0.05303272811143799,0.07726227699319194,0.03321833481430359,0.07232881405540821,0.021389654357435513,0.022229560082378245,0.007654250018560455,0.039991631582877586,0.18580366544559607,0.05062359236356323,0.0217829306272306,0.05004454197424903
2022-08-30,0.03383167929975716,0.026826618584175312,0.17385232058621997,0.0351411497628862,0.05401936265783687,0.07951054335710706,0.03453389305779423,0.07462902695614312,0.021879062723341284,0.022808889860108716,0.007851062758945815,0.04104832905930711,0.19104291293505413,0.051615824310715146,0.022392729297101045,0.05135049751886484
2022-08-31,0.03284849246461482,0.0264751538328063,0.17152487757700297,0.03429164245566083,0.05271572734242917,0.07784063089034252,0.034366322990187326,0.07233900652352102,0.021334681028056676,0.022235414176719186,0.007668218243361013,0.039866744942512106,0.18631368886280444,0.05068985802428414,0.021843805172942654,0.05003265343703015
2022-09-01,0.033201471572804335,0.026881380687540077,0.17467890203220163,0.03454736187853443,0.05277356111899809,0.07836627794993417,0.03533426229437499,0.07261841026417556,0.021435908745329416,0.02237617970006287,0.00769317289206376,0.040041066223262194,0.18715619281768936,0.051439197327813296,0.022002416812692323,0.05037519317802107
2022-09-02,0.03359163834142363,0.02788909733276731,0.1789282184889949,0.03558152343255171,0.0535257162202391,0.0797683633327892,0.03570240350452751,0.07396410345385675,0.021778641042582945,0.022912911383884727,0.0078107439020469755,0.04090444684999051,0.19032096726815081,0.05217741306182623,0.022383509481441737,0.05117902459115491
2022-09-06,0.018995514556595868,0.057162464721479844,0.09325335029640484,0.04657820869177666,0.005451393767147045,0.07151427826113818,0.06397405259978439,0.15573219557305434,0.07913618052579371,0.016473691503405555,0.03198310173353136,0.013780241662435815,0.1142041387004162,0.08471649642801116,0.03987213551615081,0.07191225733332991
2022-09-07,0.01953111088005213,0.05983449695140696,0.09657283144047384,0.048081563398123535,0.005584482858593313,0.07346090226610091,0.065842005728438,0.1605015123039393,0.08151045614624314,0.016922021059759235,0.032625840677186706,0.014211629208883431,0.11735420682081402,0.08706811208284311,0.04094020196296434,0.07376727123214212
2022-09-08,0.018422204387345195,0.055923381415401444,0.08970400499844985,0.04470934055326321,0.005269675460757397,0.06937548021167739,0.05998208946717715,0.15042159860986984,0.07718628209139519,0.016109824757084418,0.030858080007083007,0.013461353991625265,0.11036701038471715,0.0833688823205528,0.03884480856475979,0.07030856394452378
2022-09-09,0.018852505951337896,0.057303776263730406,0.09229096033427281,0.04483209339136376,0.005364075300178853,0.07089811691238945,0.061229736793231286,0.15372570423406912,0.07892734878284093,0.016437367763878916,0.031507352499003737,0.013761253026043209,0.11276396300185865,0.0873106866069787,0.039559511216648184,0.07182830085496798
2022-09-12,0.034301189588552126,0.06549929886110947,0.06024194378336922,0.0528203141300804,0.04973063748322296,0.06079290141653299,0.05933711743907017,0.12055335026253235,0.04792707181476653,0.031224291711267785,0.019438344049771194,0.08250314126383965,0.07774701288285295,0.15725262306785262,0.027212129635230523,0.018151112438404452
2022-09-13,0.034772822898199704,0.06537617700561715,0.060762804453408134,0.05308062450065225,0.0499323104401527,0.061379487028787955,0.05968523527780737,0.1219365916808357,0.048383753627595526,0.03160305775984515,0.01969259114338933,0.08345107291609748,0.07835877011408379,0.161082648748407,0.027589207789493284,0.018483786034074457
2022-09-14,0.029174778684193502,0.056429593216778644,0.05214824284523261,0.04583544287703288,0.04225032039515106,0.05188597319458189,0.0523238408988929,0.10295084242922349,0.04018014639159412,0.026341092650906745,0.01637453321791444,0.06958925817686273,0.06596678344753691,0.1326193110866943,0.02318137529882165,0.015186957011651415
2022-09-15,0.029526897281948492,0.05690040117318409,0.05235293701823171,0.046215557349272324,0.04270214110795073,0.05252701483341271,0.0539115551431646,0.10462876453133038,0.040600117573861776,0.02663405244762965,0.016505654048734046,0.0705709371146976,0.06680629974127415,0.13693298668452591,0.023442045951365943,0.015404909973732967
2022-09-16,0.026780624601126318,0.052285001986703994,0.048015259724339725,0.0418329822209247,0.038884249349819974,0.04773838404419006,0.05006400434704159,0.09515437771013946,0.036687305663699786,0.02409942599279153,0.015088624183797647,0.06400634066329884,0.06065358902090879,0.12864125213776514,0.02123326075112365,0.013935515998270084
2022-09-19,0.039702905461675916,0.06560299145036715,0.03518448385191145,0.029022559807807425,0.03073608804661719,0.03256132504268447,0.04404435587502584,0.06894967162544557,0.125924891428352,0.07072433918439391,0.03742565724544447,0.04806147741847105,0.043930195538048195,0.00907078383589597,0.036418213618551194,0.05957567616577079
2022-09-20,0.040630803479695395,0.06715963826253353,0.03642961079368116,0.029623087265702827,0.03135355738988817,0.0332749150024252,0.04522106892728227,0.07035521462877385,0.12897422432116984,0.0724429507246158,0.03832354283443674,0.049260902731003135,0.04490329593209435,0.00919259533587591,0.03716632892028577,0.061014361310657884
2022-09-21,0.041179223165256754,0.06877693581816674,0.036886902812003,0.03020307838117207,0.03185437193398153,0.033743061383844614,0.0463653902449687,0.07154347637555801,0.13022991867397682,0.07323273942032082,0.03844016623978814,0.049932212793279564,0.04569524535623701,0.009179909127320201,0.03762773927111181,0.0619606651056482
2022-09-22,0.04265469605601275,0.07186948546346905,0.03824315499428214,0.0314205288352799,0.03309006095437148,0.035055260384306425,0.04765985367198183,0.07396125568361746,0.13443409677506438,0.07552229125347615,0.03972466985984169,0.05150395776228441,0.047338750092904044,0.009407987439668973,0.03897549728267784,0.06400644904873723
2022-09-23,0.04327687016934164,0.0734813982386209,0.03887621737733381,0.032709132259145575,0.03341978469456462,0.03576990953412943,0.04887814221008658,0.07584579328014548,0.13603508126323183,0.076927389476418,0.04011643255030643,0.05238081958090636,0.04810576182815215,0.009263595892075644,0.039550871402798414,0.06520229055763983
2022-09-26,0.03845681377994618,0.05881955659381945,0.03251977451699852,0.021163381701744557,0.042324852400456234,0.016406517574589392,0.08257259775036865,0.012966499175300477,0.09121911964441241,0.05265715784160452,0.19950979449513773,0.05306255217865948,0.05516534262049277,0.023498424774183607,0.04352403110995231,0.03641299526541004
2022-09-27,0.039065861450232095,0.06115937962508013,0.03387178131163794,0.021606472973223934,0.042695365616295604,0.016651274077838823,0.08491443371739536,0.013134167207046417,0.09254618091310549,0.05345155628411801,0.20107859051819138,0.05388879837907693,0.056031878724910916,0.023904569366840097,0.04425986171852601,0.036990873774708465
2022-09-28,0.040409253974963345,0.06358672030495324,0.03476975279539231,0.0221121933791351,0.04371608789346551,0.017174832616837606,0.08776711863355123,0.013566983220207036,0.09547478633480232,0.0549648575484009,0.20708922112671937,0.055380336548872255,0.05752222414415327,0.025207598325778784,0.045681327156335896,0.03819541176701936
2022-09-29,0.03688026046368522,0.05579371383884325,0.030600409269202662,0.019771513403402826,0.039880635809723404,0.015569564837152966,0.07657264850482472,0.012357028077984868,0.08728583628902868,0.05012637333381489,0.18927419381422603,0.050509006862065484,0.05230656100262461,0.023317096090620566,0.04155252044478822,0.03485138971521132
2022-09-30,0.03670504261234932,0.05600704406021147,0.030864560584180665,0.01978986748312369,0.03941899418175957,0.015487886287008569,0.07769562125763987,0.01232509599044014,0.08637747798023257,0.04966678626767589,0.18718525540472108,0.050136929093417076,0.052153091345210324,0.02249859705920595,0.04114952376194577,0.03461453757762917
2022-10-03,0.05833061312451771,0.08358655210059492,0.048786925580291005,0.036834257298199745,0.10254749042942489,0.03133361166870341,0.030491341217638978,0.010449331952054362,0.06666423617641871,0.05763125730541131,0.1069053699392578,0.04614321056363819,0.03944756169619652,0.006190920106846616,0.054070944759032555,0.048172357868816025
2022-10-04,0.055289046065714526,0.07675845280656773,0.04484073497414304,0.03458569128851475,0.09699715307047029,0.0294224629151714,0.027711768970897208,0.009894514781710266,0.06333496951974253,0.054838037554630854,0.10204834333820725,0.04390111634338952,0.037495691103884995,0.005671281695407533,0.051095055347434394,0.04583258309358173
2022-10-05,0.05198087375604551,0.06961641873090747,0.040860068813407736,0.03178983105458935,0.09049770231459572,0.02751294756027756,0.025520670405090932,0.009233074817576483,0.05943055141133506,0.05146744850819361,0.09640941447201966,0.041130127180436446,0.03501716239728825,0.005512399977815492,0.0478845523479115,0.04316974333520974
2022-10-06,0.05319794511085971,0.07205024502189317,0.042477977378837566,0.03266684553021186,0.09227497837370355,0.028097850962518857,0.026292511255323097,0.009499111294947517,0.061063966263950005,0.05269073604924871,0.09861552812328633,0.042195132109119016,0.035920536465121194,0.0055547636274454115,0.049226236469692895,0.04421889924877998
2022-10-07,0.05483529601210169,0.07508240982178527,0.04441823701416329,0.03333318412877969,0.09462267102746705,0.028963186115264467,0.02742506163630324,0.009770828888875958,0.06270639902733563,0.05370926329117778,0.10093890157102767,0.04319059906087149,0.036906759779496756,0.005775692336027335,0.05065264093256921,0.04528792815298868
2022-10-10,0.008548526359451537,0.06579221072243029,0.023655655387284945,0.02036206890669671,0.0736917076692144,0.040069055952713095,0.04478381458780831,0.03025748068075172,0.04759424020765536,0.08527813172831494,0.07184846091252596,0.08152692248440767,0.0803142930074724,0.020058136030886173,0.031492135780689,0.039212935756085095
2022-10-11,0.008534469350539172,0.06670804438017196,0.023904194931533562,0.02074537867225323,0.07366390687550115,0.04011188211118304,0.04521574131725657,0.03031543148592838,0.047624657829619374,0.08564415993634827,0.07166260891682338,0.08184484714120431,0.0805981781174898,0.019580299094537835,0.03141023442119204,0.03912248694051156
2022-10-12,0.008836448465751455,0.06927417457883703,0.02497460852658306,0.02159001869995999,0.07612133736767417,0.04144703496161476,0.04623506468719475,0.03147865871025144,0.04902718910388937,0.08839566399493767,0.07413686853705805,0.08436558832208062,0.08290018394217095,0.020026552272967894,0.03235244706578933,0.040196788940089656
2022-10-13,0.009092140687864292,0.0713673507494324,0.025726055313737995,0.022240617691367936,0.07879335331466011,0.042850391513674514,0.047980359733803456,0.03242555080131874,0.050502583974733166,0.09082690238122527,0.07638299899741266,0.08686391907917881,0.08563784819329538,0.02091718737168695,0.03345945519137384,0.04147250872402057
2022-10-14,0.009213989700414522,0.07174777987101952,0.02582083200012806,0.0228665176885547,0.07936223490204719,0.04323863350917993,0.04928721564341555,0.03320925690197337,0.05141647867434842,0.09284949129903637,0.07835414072716101,0.08860891636743311,0.08776070063566527,0.020713332843100098,0.03377787439340351,0.04260211534388895
2022-10-17,0.026963859603841567,0.04608435027752024,0.03628430450251943,0.078856573208832,0.06784446150367603,0.03578853860377824,0.060097029808431526,0.025099688082721634,0.04043616118411666,0.034004666280356276,0.038023840779936084,0.031380819160047306,0.009745440591451889,0.0866177085677855,0.11971248496502933,0.021591715143516536
2022-10-18,0.02702147742495042,0.045133367977221506,0.03563325059386837,0.07798090454278234,0.06736905077994498,0.03555150620135342,0.05886788049696127,0.024859486872377205,0.040584085626099047,0.034056665282375866,0.03780206722080306,0.03137270070079962,0.00972139877347433,0.09007731254683313,0.11918664100192423,0.021830262982898144
2022-10-19,0.027579257445360404,0.045874223884158655,0.03623340515936124,0.07973441010052505,0.06860998859448157,0.036230714767708776,0.059192511316140096,0.02540759908139249,0.041547785761617884,0.03492786040340388,0.03877231026174434,0.032124979018627535,0.009964496769365751,0.09248201519243153,0.12201225726516589,0.02242353292953359
2022-10-20,0.028056363600113276,0.04762158461929762,0.03698606952338246,0.08183840820750453,0.06981626616648251,0.03682245006697163,0.061409098612632995,0.0260474797107654,0.042181017730398764,0.035424677985241904,0.03932281384678506,0.03262245051276778,0.01017945626120537,0.09081001845322727,0.12366554865876964,0.022735364082576565
2022-10-21,0.02891559357588523,0.04932179137391604,0.037972044116920615,0.08430582710851338,0.07186440774521502,0.03802382581038726,0.06369265633612499,0.026797669853569933,0.04322853735331232,0.036286388766299416,0.040538183111736896,0.03335839914483576,0.010454122122382252,0.09354920359706595,0.12727278203042167,0.02328744299281865
2022-10-24,0.05443389531214396,0.05052983219309114,0.0781271805571513,0.15208148515710948,0.09607055176610213,0.05603596991877543,0.027166959857674266,0.06642236930015767,0.021289337881633202,0.02374945376588173,0.03283431530374339,0.009106873028454096,0.049614530553163665,0.10646378406017828,0.019405182269458802,0.03434169719370032
2022-10-25,0.05611504031847682,0.052347164361878876,0.08008444856403893,0.15672544596217444,0.0988631586565367,0.05767369523779106,0.027945177154653982,0.06911095981242649,0.022123661585790346,0.024722763600577947,0.0341287241560089,0.009457277868184493,0.051298939257921825,0.1080704025055876,0.01981216661257972,0.03541551712350502
2022-10-26,0.055984298712792535,0.05134267369686796,0.07951362117470369,0.1529270165603897,0.0984802498208809,0.057724060493381454,0.027804073273073215,0.06857964981297934,0.022294040690133406,0.02469489621779599,0.03418172276127459,0.009416787938344162,0.05122878634043634,0.1134930206606197,0.019817047320678283,0.03530147781489554
2022-10-27,0.05790095928564671,0.05212594132236515,0.08029844582331622,0.1582752480859748,0.1016630808570685,0.059412192905069765,0.028731410187828602,0.07137200633064053,0.022928248544590142,0.025516263656113498,0.03551977743195333,0.009748151921031241,0.052977241925928294,0.11763635313925687,0.020514180626391848,0.036511637448392815
2022-10-28,0.05966136722467322,0.05393186459067004,0.08217740423723785,0.1638140145490827,0.10531296366952293,0.06117423752765396,0.029390549210589742,0.07373552584772305,0.02344891925056802,0.026268089190827026,0.03655764997872103,0.01008983852726278,0.054599014555547436,0.1215186766513846,0.021114831535954236,0.03750053387199915
2022-10-31,0.127677271867818,0.03107163412142951,0.03147967669255095,0.0824368378617795,0.06912644448840316,0.025604148504619017,0.019343963056124854,0.12708375806028513,0.029592323840114586,0.041273455440739855,0.06901256140246564,0.13131126489666406,0.07733350484663971,0.06568741012538246,0.012283636431199695,0.04962783089141191
2022-11-01,0.1304600239844652,0.031970846601535,0.032524963047524925,0.08417182618442169,0.07041753592658295,0.02616306295190719,0.01988515362772734,0.12995916143924785,0.030090015361740444,0.04200097246351418,0.07051248999338279,0.13434969361072988,0.07931344773093418,0.06640402136963693,0.012520788262204277,0.050787591481386285
2022-11-02,0.1325595272950472,0.0320929921603813,0.03268805221842992,0.08528444475776288,0.07175128090066213,0.026554843595932458,0.019772011279468094,0.13135545584452976,0.030456034735085888,0.0424760987907883,0.07171488973439492,0.13588142838848455,0.0801300312793047,0.06726274442189738,0.012732575606914525,0.051439919110763115
2022-11-03,0.12937041019542483,0.03188775140108617,0.032198742456849984,0.08559682872921108,0.06998293372408713,0.02580014757629119,0.02011489842343644,0.12886643314988563,0.029493417315343662,0.04130438289745777,0.06983624863391179,0.13335009895203048,0.07807671015801378,0.06422762512136355,0.012423556779328722,0.05065535983088265
2022-11-04,0.13360595028786612,0.03316479874310468,0.033720395311323745,0.08761826948905911,0.07194747352162738,0.026426880924604986,0.02071004960767147,0.13373868611093753,0.030289856066744225,0.04243462715296358,0.07156211826827484,0.13775522108124655,0.08065210459326658,0.06645541237188422,0.012815169944164274,0.0522284411519897
2022-11-07,0.02556564583475651,0.020064617178457974,0.01970357479825673,0.06471819092684367,0.16783657926826012,0.03170755978779903,0.051053587089866896,0.053424285133041226,0.03215559852679133,0.03981371183312981,0.05123174925290649,0.09539423490484869,0.11494241842830262,0.050702090319676416,0.03389894040303648,0.027041512115942624
2022-11-08,0.026149104075764325,0.020428310460257875,0.020088413766345653,0.06581683856254847,0.17077721949502112,0.032126314737200116,0.0525719805299632,0.05463059233553115,0.03294150763507907,0.04071903596163959,0.05240189385869079,0.09742066946562418,0.11791233901932903,0.050842568338178566,0.034513616445618706,0.027588825018519753
2022-11-09,0.026186512237577668,0.020014222840513227,0.019972776299591582,0.06572052710287717,0.1703220268486627,0.03206273014005541,0.050781409473676854,0.05450764098608718,0.0329722733444598,0.040893927235013915,0.052515588586522506,0.0976541702216677,0.11815211612254775,0.05000081916312259,0.03451484688053106,0.027608539681396864
2022-11-10,0.02681782490757554,0.020785774909931224,0.02064018864534363,0.06814084625259514,0.17517770100225433,0.032952016880568126,0.05184215375313438,0.055513363847656774,0.03364527443572173,0.04192908027407912,0.05370200479936952,0.10020692561612111,0.12103808116332533,0.0489519147126228,0.03541465165587247,0.028501742717750408
2022-11-11,0.019697855718841296,0.014321070368623796,0.014504908197155256,0.04767385094345739,0.1284341866760203,0.02403939065140731,0.0358716355301143,0.03989351749401167,0.025212849318023846,0.030775802915165653,0.03966054626574245,0.07277226989387871,0.08814528162020177,0.03886170151251548,0.025990061582028195,0.020518294150647
2022-11-14,0.0531488820970157,0.03750672162473234,0.043574914920637295,0.03393969664248861,0.02596692343894849,0.04960548792564659,0.026015708519416755,0.037739667668718446,0.0319047386153444,0.027987405739394042,0.05291220790597359,0.04224205433081809,0.050136747951024935,0.019313140960201473,0.046504821511697304,0.006623116596817388
2022-11-15,0.05370083031075683,0.03807138178793733,0.04433417679806463,0.03444325889987886,0.026201300793680535,0.05008077919973554,0.026400340108032192,0.0382270043303265,0.032112031628888066,0.028312421249412942,0.05338645868463736,0.04286154162825372,0.0507397600014205,0.018876106459972654,0.046878117745645306,0.006716072875819005
2022-11-16,0.055251006895556204,0.038584595379854474,0.04507343005907864,0.03500192747033713,0.026958794983282956,0.05152227270263618,0.02689523986475749,0.03917793360269121,0.03318271036100219,0.02912608164116753,0.05493636800561522,0.04394373870132479,0.052039627957854794,0.01970836469753514,0.04842085264560447,0.00687558514816577
2022-11-17,0.05674779845693982,0.039632210310272684,0.04634361106452775,0.036684091150446685,0.02786456480830024,0.05332154905739842,0.027637905499843407,0.04048614675794905,0.033976211381452556,0.030170852633275003,0.05614549415897571,0.04561004652905721,0.053979490321574244,0.01945894804086947,0.04983611615751878,0.007127282188163248
2022-11-18,0.05722592612900601,0.040482553773258725,0.0476314631224027,0.037471671939236686,0.028044292052621815,0.05373864472119103,0.028043887627652114,0.04110794719111341,0.03431315245962922,0.030513487927725975,0.05693822619668676,0.04610568776290176,0.05485783947788315,0.019290948493196607,0.050183857763670896,0.007212572935791845
2022-11-21,0.06277409239005319,0.08077209095977901,0.04054675313130699,0.032141490798856164,0.061138412693173806,0.02580730088164036,0.0596174366752525,0.0330382953380068,0.07756927333746429,0.05261360815151654,0.07343298864654153,0.056362666717913935,0.0505594912022499,0.042778163446520495,0.044640710760749804,0.011436328999981649
2022-11-22,0.06438292529085876,0.08384994513195379,0.04194207789952078,0.03362719833931271,0.06333507195197825,0.026670960894585177,0.061209383491366585,0.034201544688294325,0.07979718210490949,0.05451564058919916,0.0757055014265685,0.05852949863785351,0.05230344826321931,0.0427443279276239,0.04604781978825009,0.011786991832193713
2022-11-23,0.06646949805824244,0.08513417531623502,0.042626068871645925,0.03453088884963488,0.06522196421957577,0.02733175045948644,0.06287019839176007,0.035313162169792744,0.08259557369927181,0.056135231817701,0.0784129429834115,0.060054749613712405,0.053820849473921,0.04345194635684898,0.04721701746669936,0.01211561280295813
2022-11-25,0.06843798425206016,0.0866726964064711,0.043192434747196855,0.035349388674745796,0.06752655772104028,0.028259911084848946,0.06536162684458757,0.03620054154631018,0.08541871604904096,0.05798860942551033,0.08095129874556026,0.06188390683358956,0.05558564441014833,0.045694881518271606,0.04866857827372232,0.012541673407869826
2022-11-28,0.05223255497689092,0.0557414809933946,0.025839163588273317,0.02721350691933688,0.018635394013665738,0.023532898608818825,0.0490552758204913,0.027493737103221776,0.03882882538724152,0.13466976902220654,0.08452270965109707,0.06797571156870283,0.08995026015233971,0.041551954266183716,0.14001608395745163,0.03219414886729792
2022-11-29,0.051155068374163726,0.05529084115325776,0.02572874351526565,0.027076311991119668,0.018396785016523493,0.023225129595669188,0.049088163836310365,0.027048413835281657,0.03814397439374619,0.13239600783828073,0.08271113490196125,0.0671037908011806,0.08852050264499631,0.04022880692995027,0.1376565599043377,0.03174253045216523
2022-11-30,0.05251406781487599,0.05672287609490471,0.026349251640924144,0.027832660957372572,0.018779783905805578,0.023837335455855053,0.05015805143988491,0.02771930500047883,0.03897167714401277,0.13519815718117095,0.0848513834245964,0.06862204288915935,0.09048021324108767,0.0410292431443601,0.14168428803791758,0.032456894210629805
2022-12-01,0.0512527761434048,0.05384303316258474,0.025221140256566788,0.02683638791434844,0.018358206366703118,0.023126282518117918,0.04724381830255022,0.026928177454876082,0.03848273325042193,0.1333125472839253,0.08306888399569415,0.06684219100236997,0.0883770182127529,0.04172048350046292,0.13863097680999753,0.03163138789991329
2022-12-02,0.053187106614829664,0.05489280402624006,0.02564557037771567,0.027599999929194197,0.019125571471887818,0.023909980972912085,0.047641614742374605,0.027680048313651763,0.03981792588887431,0.13810567649457853,0.08589483445650058,0.06903085537741367,0.09151789971642926,0.04348700706425777,0.14369767445608464,0.03283017513798541
2022-12-05,0.08091593600174185,0.07027179275850935,0.0390870348110736,0.04820189667982064,0.04735836620385561,0.02008820464399884,0.048758611807365605,0.028727549193881863,0.0763163172559913,0.0817811032087532,0.07919148815399299,0.07629824843991206,0.10924245225299814,0.042983442967912615,0.04934163155603389,0.04870232297560206
2022-12-06,0.07864298572578016,0.07000176464950104,0.03899977347560195,0.047728603396400594,0.0460300607966727,0.0196894085779572,0.04839605248869417,0.027999052543485857,0.07422200506753315,0.07950523883278426,0.07688706326565338,0.07484822194915818,0.10650380707749074,0.04051630235750999,0.04808118438012679,0.04772448473065797
2022-12-07,0.08112938400656931,0.0726520949616883,0.0405513267009832,0.049374243817016876,0.04793053664276326,0.020394447635097575,0.05003398903742755,0.02886171718122562,0.07618369016872786,0.08209843070172283,0.07937143812833723,0.07737506005112416,0.11019813603283127,0.040662813139873744,0.04969423854246032,0.049367784782310006
2022-12-08,0.08391354066717613,0.07437089755859144,0.041772363685124506,0.05073745759756061,0.04966057399043596,0.021091158472970262,0.05139576355757379,0.029889181796501144,0.07859474490479301,0.08481317178876478,0.08219735024398733,0.07988884867653641,0.1137908409968613,0.04166613260885374,0.051446366919541374,0.050964325246904
2022-12-09,0.08614188962834424,0.07602380201782409,0.042859751347221225,0.05190989324022473,0.050997257248604856,0.02164765814353351,0.05313101905601822,0.030518942196474014,0.08088644183482334,0.08726437112037551,0.08435181841507747,0.0820654886649848,0.11706616623305538,0.043404321173514095,0.052676678270933544,0.052389980594398755
2022-12-12,0.04531264614943323,0.08195843494879065,0.07080049092377744,0.07015432027920278,0.04529525302210514,0.15852637959884663,0.14126680939915232,0.057852043432069324,0.053531283843705466,0.04850148270156642,0.04783655277512747,0.04522320278147192,0.030599108720696416,0.024110174512985354,0.07239348678786132,0.04819198135579448
2022-12-13,0.04663623724391825,0.08383730583176535,0.07252898754152194,0.07137910253387175,0.04662066394511832,0.16291160162568752,0.1446440592905756,0.05982889185125078,0.05549465613709807,0.05025517084368726,0.049432246543341704,0.046776863272696124,0.03158410489600436,0.025009090271043595,0.07450653523659766,0.049436489774611125
2022-12-14,0.04468953652205811,0.0790771960282146,0.06840247762417936,0.0676363362574272,0.04419165177309516,0.15537726056334047,0.13563236289349642,0.056616816691605,0.05309504976048063,0.04774296535965735,0.04713961041692339,0.044515825807148086,0.030095380117092726,0.023658744197195426,0.0711127956684517,0.04739354384878701
2022-12-15,0.04446541522786239,0.07855593645980098,0.0679134775553044,0.06738135923411687,0.043718909698322136,0.15497888399849388,0.13596722180169252,0.05654185434698141,0.05286964696367791,0.04750018193590235,0.046865138796045334,0.04433793153775707,0.030047972439524555,0.023436301061487596,0.0709964515134069,0.04745838945340654
2022-12-16,0.04323797023182401,0.07723248501195148,0.06773656879323148,0.06590256146143471,0.043007620616955955,0.15118182606633843,0.13331016722571828,0.055393923612264695,0.050993656658549325,0.045839693232749855,0.045263658419126544,0.04294399029702442,0.029152648300026625,0.022340293465714704,0.06870107035666184,0.046080821350212665
2022-12-19,0.04156533438977097,0.0632338628411937,0.06021970219969135,0.17130438166214892,0.03614162670944613,0.1050485682985469,0.09619963395584842,0.04122004865525366,0.032501442694137496,0.042633768768202907,0.03559908485775525,0.055026827978069556,0.06549684200316966,0.07342532854855263,0.01899347055055663,0.06606204954770861
2022-12-20,0.04210016251007047,0.06437520439097343,0.06107842800003513,0.17530811788901665,0.0366703547378097,0.10670856158818488,0.09867843092224284,0.04205893437263738,0.032840353164205825,0.0432774617250839,0.035955414025854913,0.05583312532166058,0.06653902479272787,0.0728766355411725,0.019308397031844966,0.06726568532485318
2022-12-21,0.04353530822929542,0.06657767200604582,0.0626917723134979,0.18043028403979472,0.03762680757459703,0.10998128239976362,0.10166397404756002,0.04343700771973742,0.03385552528344533,0.0446303637443961,0.03695313620591874,0.05758431035993982,0.06859801655946036,0.07482509574967579,0.01989431150352162,0.06956920271338157
2022-12-22,0.04433017559430549,0.06703628154600376,0.06353074282477333,0.1838305697253836,0.038432779875379346,0.11163093673374466,0.10228297862859824,0.04426078824132053,0.03463266026185276,0.045518200109684555,0.037631822079295475,0.05880557118812314,0.06993059391337639,0.07601866335036357,0.020279350281657945,0.07057112398483653
2022-12-23,0.04316636625680801,0.06659287609315508,0.0631817400466563,0.1822765105372665,0.03744786440111775,0.10952577531589747,0.10165105166492619,0.04338318276967136,0.033734528776558206,0.04455102149794041,0.03677166580452549,0.05753550297493328,0.0684929632262884,0.073232866748084,0.01985207332677294,0.06907695872318717
2022-12-27,0.010866487237400213,0.025166494772694916,0.051712491496457014,0.11624948004977459,0.03834252606348873,0.08604177123616288,0.06344744302633651,0.02201892444355913,0.05671223647363607,0.032040425820938835,0.1201254463250184,0.041473870509958634,0.043568963805450125,0.18792905405446741,0.06894828236845374,0.12079020756581575
2022-12-28,0.011227102371904926,0.025952797669861336,0.052605847268899046,0.1214169934357306,0.03949078524678585,0.08892974802258428,0.06576284552557513,0.022823035376255633,0.058507429944618,0.03321322136891082,0.12413121546848234,0.04301110852752219,0.04514331699060284,0.1870749442079164,0.07135601918791712,0.12507417618969519
2022-12-29,0.011078767134371694,0.026043803693285506,0.05052465171204501,0.12073297255697744,0.03918934653301466,0.08835070455292243,0.065862832386056,0.022583995418413876,0.0578195486878734,0.032842478010005935,0.12250298777386688,0.042530108684235214,0.04477005824540818,0.18681750574770606,0.0704961690697862,0.12402867358063051
2022-12-30,0.011155888710539104,0.025915641023040635,0.05065227379704615,0.12028136693015973,0.03930738033221873,0.08874653001464171,0.06576455126768067,0.022489928808582107,0.05835290115111027,0.03302327284580252,0.12358661783251078,0.042762529591092516,0.04479407886562875,0.19375827728253503,0.0711264488018965,0.12489225090542587
2023-01-03,0.027277767866781228,0.04093378891040073,0.059888958423025634,0.07351029255997298,0.12121415816372497,0.16936519699604607,0.058750459692602064,0.012801321318858394,0.06494428022291025,0.059379656273678576,0.09464159087890278,0.041698760068732584,0.019567767181106945,0.0815450979239482,0.01938547687644163,0.20296036792415884
2023-01-04,0.027467003227358955,0.04128418199130879,0.0616168066338744,0.07513826955945078,0.12283163813275243,0.17137729178584285,0.05885777589895512,0.012691775441500667,0.0654444931653775,0.06004529160548203,0.09599718309174,0.04211173845238936,0.019713802701346702,0.07993491176389664,0.019609204212711395,0.20485368309324503
2023-01-05,0.02778843482269603,0.041308579265753965,0.0623605465404991,0.07551867474729022,0.12460814646432607,0.17268188657011882,0.0586698114218147,0.012668235647970951,0.06602468366835187,0.060522832291599896,0.09782843338074014,0.04242450834376196,0.01982327223348906,0.0831407329745584,0.019916660328925844,0.20702845716780335
2023-01-06,0.02790325097545472,0.04169925004861936,0.06330713817025527,0.07613463919127471,0.12563424766421838,0.17341485539134668,0.059867488889752046,0.012813369254797796,0.0660436426104163,0.06060631713395531,0.0984895379309389,0.04242047229769752,0.019966461821064232,0.0822336130710663,0.019931767650362617,0.20736012806980592
2023-01-09,0.03690802426945708,0.040309390589187165,0.04930307529778287,0.15666072403142495,0.09256479319725296,0.1167668512895371,0.02885579452918838,0.0787700210169026,0.04417073095444862,0.027902625632257393,0.035209829517880216,0.010369285306971872,0.079597659594907,0.15634049788298207,0.059353965973615176,0.0867418010003933
2023-01-10,0.037821321522600156,0.04122470211090192,0.05014434854356744,0.15838240902540401,0.094887392359493,0.11911256047469704,0.02952979861006012,0.07965696497520233,0.0452197396113317,0.028397384480803062,0.035966330371694874,0.010597885502947015,0.08127639971277723,0.1673064514584872,0.060919002048416576,0.08903220419934763
2023-01-11,0.03877902289933118,0.04234841560908233,0.05171133555617549,0.16119165126658572,0.09718547773040626,0.12236899608958346,0.030087284609068423,0.0815467454919981,0.04642313841455654,0.02908259757693149,0.03690708285365762,0.010858617057074313,0.08331940426882502,0.17436535190095837,0.06237771374619664,0.09122629665326111
2023-01-12,0.03811770303881649,0.04123923955107972,0.04990966445959533,0.15699774650548823,0.0959138215437372,0.1200813438109464,0.028928335252149318,0.08006607377031408,0.045990515645295715,0.02863871546206235,0.03633992553026701,0.010672731176342615,0.08184858008583104,0.17601582700776613,0.06143743746536844,0.08929668384986533
2023-01-13,0.038914789971121994,0.04171138459661004,0.050193602773458704,0.15897193476283566,0.09782710117297223,0.12231395478290069,0.029083155496813704,0.08128337385677788,0.04680715177611887,0.02895275422211001,0.03700563763207107,0.01083163797093185,0.08314788389597541,0.18137587524454202,0.06263767423341425,0.0909853493521895
2023-01-17,0.039738992107073025,0.06968440474683638,0.08272302607586146,0.07780393284851479,0.026050434191343848,0.06007090763005461,0.06824231613278563,0.1878692108615408,0.10349882325122732,0.06600626368259045,0.040658764702695575,0.05706670692022254,0.07107772238128059,0.03164300676495191,0.12750163846670573,0.0842020285087537
2023-01-18,0.03994142521689373,0.07033559597661473,0.0825682457438867,0.07727116805328689,0.02613019951202042,0.060199863650242345,0.06784852061550414,0.18881713875195338,0.10400687099969697,0.0661134480353034,0.040667018785040636,0.05730184498660742,0.07110431149189998,0.03286029041161435,0.1281599240245581,0.08472065844293192
2023-01-19,0.04053560352321619,0.07119158815520331,0.08416093162469365,0.07813229178710727,0.02669306290304345,0.06128378287879497,0.06861297832770291,0.19021056815806933,0.10508446482070724,0.06636891542517548,0.04104136285811961,0.057847556893877994,0.07148940109634809,0.03271019523994864,0.13045882580177676,0.08650888106711045
2023-01-20,0.040513092118725544,0.07146400782710216,0.08373124346375359,0.07929847355228939,0.026732148524334302,0.061280577946695274,0.06951401274314427,0.19101027159910852,0.10480774052603936,0.06629277181532205,0.04095441013572779,0.05780504605233945,0.07162421043797738,0.031823880991825114,0.13035878931383985,0.08703750846795899
2023-01-23,0.04444993347280561,0.11027028675723609,0.14022105388254813,0.03954121729474591,0.02408265641636379,0.05836668899424704,0.10509721092738489,0.10504742104636601,0.035127734203679,0.06519974388207136,0.03945732632485887,0.05991521630466905,0.10343242620011216,0.044523936849973356,0.09386251189484224,0.05937630379289205
2023-01-24,0.04414497543327059,0.10914481969909642,0.13827739517028817,0.038738615934298476,0.023942084904796847,0.058146416653010013,0.10467853965297856,0.10370708626376975,0.03512865535734028,0.06480894762134497,0.039554575045926424,0.05939795083476319,0.10229392887846585,0.04560608657558171,0.09314102444433017,0.05898360352185536
2023-01-25,0.04419211196387302,0.10901223927507536,0.13879053595892163,0.0388736454310772,0.02404798230228007,0.05796964009350634,0.10374194728660915,0.10405499753342809,0.03514271753004569,0.06481266332121274,0.03953620427910601,0.05947342064327895,0.10264378788615919,0.04487335723829219,0.09331183954918218,0.05903657581281714
2023-01-26,0.04421768257582895,0.10867614295891306,0.13897565456664612,0.03899740244705626,0.0240579647583905,0.057754840925645284,0.10285256048015318,0.10409734879672188,0.03502385444144828,0.06478618173140253,0.03980025921858206,0.05931402941926127,0.10276100491776273,0.04475327756657571,0.09324797058082238,0.05902465169137329
2023-01-27,0.04398420454356354,0.10783814506954652,0.13872320544404643,0.03840214278678849,0.023913335254956043,0.057103203211416036,0.10239001221942587,0.10358997389714367,0.03489787738616135,0.06406428164732182,0.03952225768317632,0.05862213850533158,0.10187895012442148,0.04489629587550618,0.0924980715383274,0.05838202076689529
2023-01-30,0.03677491947186241,0.11310110493479077,0.15643634336880632,0.0987421380248306,0.046304653052898194,0.04389470715370274,0.0648851966191866,0.04590891162508738,0.047813205431052073,0.08203617971044763,0.060014020253809995,0.09759262575938993,0.09809325058793766,0.04932485107293587,0.09459387976574007,0.03987482928434369
2023-01-31,0.03689979599578835,0.11441486196726575,0.15934894091439503,0.09983570909382726,0.0465923605656586,0.044119712469139524,0.06550926207078292,0.046273007465728856,0.04789289814869793,0.08265917350477747,0.06022017580504334,0.0987667886585352,0.09880430518902919,0.04811772926582078,0.09480784148626824,0.04023389066722258
2023-02-01,0.03660266539180268,0.1118326998248096,0.15733183335446674,0.09873218768582247,0.04578286489975978,0.04364838624499145,0.06426158098661597,0.04595577976801678,0.04773641213199066,0.08209132664685691,0.06003572100664015,0.09786115666498016,0.09743843274720533,0.04886059959323358,0.09399515209243063,0.03963948755933443
2023-02-02,0.03640207894838086,0.11165444803032122,0.1582221246598782,0.09630821687866094,0.04578614782704279,0.0435580103144213,0.06273282983686193,0.0449570644524421,0.04776208354028085,0.08188891635938375,0.059948971499507606,0.0969939960368917,0.09665096794741909,0.05007900224433597,0.09392677825343378,0.03950566230798398
2023-02-03,0.03661665650109109,0.11129087729614097,0.15790782659533317,0.09437675785288825,0.04578888141392371,0.04342873918450083,0.06203314370627123,0.04376522814299384,0.048395304441490976,0.08120949657534497,0.06023924034498552,0.09624505001377376,0.09566696431883852,0.052895289548654544,0.09433406512354098,0.0392056617575854
2023-02-06,0.042413968970552704,0.045638137605554054,0.032385155849988606,0.039265414478988285,0.06325949271240316,0.08926842210282233,0.036067995193255396,0.036109147446873255,0.04204662233719183,0.05195240305495983,0.04330648053388562,0.042860267889536834,0.03432520245779427,0.046055215739065854,0.020507751227875924,0.010093727783498405
2023-02-07,0.043344102201377306,0.047000519334887934,0.03320485550824349,0.04042879587847862,0.06462653669069844,0.09130884834286533,0.0375430088038727,0.03734325536911884,0.04301963167667933,0.05339670356469051,0.0441137404009583,0.044221830427583694,0.03545752557720313,0.047129373732153444,0.021037225187149535,0.010384466796996304
2023-02-08,0.04476526743705393,0.04850843839686826,0.033700401406502135,0.041286020905212176,0.0666520314938123,0.09440913510730656,0.038830713309335525,0.03862318804932242,0.04453481701762876,0.055044491010732916,0.045483248166781745,0.045404075824602416,0.03640416070469778,0.048759984026228956,0.02166718496512837,0.010656884326663051
2023-02-09,0.04620774302615447,0.04979870405217129,0.03501814640701186,0.04283518339159185,0.06892583980561119,0.09751586352743298,0.04007839362905749,0.040071949588360294,0.045779900852664125,0.056669081384499484,0.04693064959569579,0.04702925102273569,0.037704824962559016,0.0494928137482932,0.02237885821676623,0.011071362849235187
2023-02-10,0.04618034768486961,0.050293686757385776,0.03509858683257308,0.043363574128099915,0.06894341122861362,0.09753432769186428,0.041397440672555824,0.0402554304333709,0.04560435608227288,0.056652717856841714,0.04695423731929083,0.047095076856010526,0.03768270206593664,0.04840678890153196,0.02242666633979632,0.011129814090256183
2023-02-13,0.17857155716007495,0.03461190478863279,0.028530510428502093,0.11810411053624219,0.05703034285146892,0.11251271712260387,0.026146550653441947,0.03990296528784033,0.08862037812162482,0.06398342110953435,0.05919038854523702,0.05906877595029072,0.07400372281275375,0.17202786901006212,0.07449156436761942,0.081480782380381
2023-02-14,0.17659275893468357,0.03435319076204215,0.02857897745389999,0.11620863768009124,0.056473812891296174,0.11162892319468913,0.02609756458840317,0.03937598665213029,0.08837711750819753,0.06355749139183602,0.05883312963250637,0.05848679405026454,0.07357401810156068,0.17104091502649837,0.07370724203792728,0.08041365550224386
2023-02-15,0.17638130585316994,0.034449590073763095,0.028443829720130636,0.11433042448006084,0.05610007299853797,0.11103891420526778,0.02645605623025043,0.03911862919924377,0.08798888261745735,0.06289235222738092,0.058532555816338705,0.058193455266561306,0.07335569961826292,0.17490877124762402,0.07339602815962686,0.08021829009642982
2023-02-16,0.1744814300244916,0.034132796949154644,0.02829706455552259,0.11108787313070013,0.05556614954362519,0.10998899968828876,0.02618204166700571,0.03843614748501389,0.0870328544452105,0.06234414821018904,0.05804014241911211,0.05772363214997007,0.07223867024741853,0.18306643382129337,0.07251015414153003,0.07921659523055287
2023-02-17,0.17638735857611526,0.03466389460752024,0.028681399199690694,0.11347867817885136,0.056033814159277114,0.11112246891419583,0.026616219562383164,0.03883350415515064,0.08746331375128233,0.06303180037244834,0.05864494830065582,0.05837481455949352,0.07285393351691997,0.1821037894110276,0.07390766946603496,0.08055751545825214
2023-02-21,0.02975821472641827,0.03936380015190983,0.13011375453327992,0.04159444548307966,0.05246640816631792,0.04921344882612747,0.09835849974571097,0.08607041687063088,0.14673318487393344,0.04588044929291218,0.09791067322749748,0.0930791344156037,0.010582811920954595,0.09622178449156399,0.009491171700873036,0.050352569396621284
2023-02-22,0.0303556357359117,0.04037312545390294,0.1341374401016187,0.04277367120493564,0.05342616444555958,0.050419263894712026,0.10245437139421872,0.08868631724239595,0.1488974535439418,0.04678778223486743,0.0989011203987129,0.09504408421665182,0.010825305119508851,0.09457349285811124,0.009643974799551381,0.051469772902598576
2023-02-23,0.030352964707645994,0.04035402488174193,0.13391416638691422,0.042481744685437355,0.053530598509219894,0.0508035865276654,0.10262237252282695,0.08835313329678153,0.14851024079760325,0.04660361720688744,0.09873681422235012,0.09475847114022078,0.010788091075738368,0.09687263703913832,0.0096502171910443,0.0514109357754411
2023-02-24,0.030245685519618898,0.0400718431142741,0.1326659528946305,0.042338262163358294,0.053524146370574975,0.05059390526347515,0.10250997582263353,0.08825257370937753,0.14910431322355772,0.04638858178405559,0.09851216194705587,0.0945166023918911,0.010779296136192405,0.09473573756520069,0.009693198231257444,0.051333372873084177
2023-02-27,0.09636867656534998,0.05858573599383123,0.1084007220967672,0.02808520875878498,0.08452404959646011,0.020424264531616557,0.10142434194648549,0.02637368880717925,0.05997440999109948,0.07925467372827937,0.07886210925384449,0.01758460501176951,0.04311973916841359,0.11700339039382339,0.02139781200814344,0.11856976636882016
2023-02-28,0.09584770753086262,0.058511457934471406,0.10832679566277846,0.027727788579398865,0.08417088715096699,0.02021430246078377,0.10135396966792631,0.026136839861503978,0.059502015043345485,0.07866803774205,0.07809177409747481,0.017494279188157515,0.04286817453246261,0.1167180008131946,0.02133003508788611,0.11821318356306858
2023-03-01,0.09616507555741748,0.05799168619968877,0.10757413309624286,0.027567651280784096,0.08421509120866445,0.020178254793406472,0.1004395261367709,0.02599540232547038,0.05973195900775919,0.07841452710649506,0.07805890263477983,0.017490099382854243,0.04273845188064891,0.11985422748019,0.021343780252659445,0.11831854114620811
2023-03-02,0.09653651170807268,0.058472189644220275,0.10735930016494126,0.027743790923327395,0.0845089759651781,0.020166048865668057,0.10257619550652688,0.02624871691578797,0.05981538004245385,0.07846123770019642,0.07832247152860088,0.01750873446504141,0.04288923373572672,0.11740903891203433,0.021276215542153122,0.11880867413662927
2023-03-03,0.09579379135765825,0.05811561240471052,0.10668515855834704,0.027440788667293676,0.08368171249911009,0.019964269445456095,0.10076360022447589,0.025959332200342432,0.059500957838975924,0.07806539157628214,0.07767013843755935,0.017416406631830555,0.0424562720996485,0.11687196265898483,0.0211041550021815,0.11780580337228637
2023-03-06,0.08983819904552023,0.043903974464904745,0.039410113594748726,0.01958578883183195,0.022120444518064664,0.06005818336463287,0.11667690779068345,0.09440868662882221,0.06568094254652783,0.0758465694220309,0.09635644145792567,0.0576537607730671,0.05660670993312557,0.0464456000459149,0.06380772428002021,0.11570150282352226
2023-03-07,0.089858130625268,0.04433538890734585,0.039970323415628686,0.019709153045500166,0.022056837498649527,0.059632001347090416,0.11849279944967608,0.0947570999956242,0.06586692045533757,0.07602722249952637,0.09597883641847552,0.05782825890094043,0.05677879395095114,0.045677761071430484,0.0637711195100535,0.11610178558006456
2023-03-08,0.0905659761697506,0.04461565658178438,0.04093075522870641,0.019971458309846552,0.022340292219754462,0.06043520189384929,0.12409432018950542,0.09575915763406831,0.06652947631971583,0.07667189048358197,0.09676268026678525,0.058292474420467616,0.05726383804623057,0.046245463093097815,0.06441663911899158,0.11709599071824188
2023-03-09,0.09065282952685458,0.044719549353029894,0.04114244817364625,0.019950936036614672,0.02227386491536872,0.060370457994136956,0.12346702024645116,0.09502633372468908,0.0666761880750493,0.07657301555365727,0.09703708598746742,0.058238629156738386,0.05714430720588927,0.04612368959265787,0.06433454742471365,0.11731271828797644
2023-03-10,0.09234150939775514,0.04548360621857525,0.04246247560604855,0.020554855416800934,0.022698032299736715,0.061652131044268435,0.12565117477492707,0.09694265806052867,0.06787145346746952,0.07813318013096121,0.09838963597795802,0.05931922338817082,0.05835796770126943,0.04590507769183262,0.06564787789285766,0.11928145850369813
2023-03-13,0.07401109225218082,0.029937073361595463,0.02526896504176131,0.0739791933403046,0.016112250064822375,0.021004778404249514,0.07319688260274405,0.0854922088679804,0.06995587170639077,0.11343308275052039,0.07513062959370222,0.02632265608719523,0.10202003220418017,0.1436473966143304,0.10758351005071157,0.12374559766952002
2023-03-14,0.07553443637280086,0.029478768552666686,0.025168963015880282,0.07474390724286036,0.01634981572108826,0.021206306437239503,0.06510231538554308,0.08641324272115013,0.07124795665232612,0.1159276067856339,0.0755075525677095,0.026856814491547486,0.10358705465584274,0.14939301354759746,0.1092310993086346,0.12637228880182788
2023-03-15,0.07478313585133332,0.02977204355868632,0.02530958092407685,0.07428817797236943,0.016089499397681704,0.021016301625382757,0.06565817537134375,0.08510346731523787,0.07083152727242749,0.11472023147921759,0.07474404955371068,0.02664758405202175,0.10257762438082724,0.14880766349490795,0.10802364423532573,0.1259985058069104
2023-03-16,0.07521519115112521,0.02903442130229814,0.025688601332502344,0.07480749565266058,0.016273735850948032,0.021253146946214097,0.06348673550922054,0.08485935661778712,0.07166699470173651,0.11607368804404478,0.07510730719964837,0.026859567863121957,0.10328064432732302,0.15206008334400156,0.10885053623519286,0.1267390474696218
2023-03-17,0.07361245072520034,0.02870083327509757,0.025215929226272152,0.07326823002354328,0.01583441716196637,0.020829248980683585,0.0625836285792986,0.08274877027875145,0.07058158336347393,0.1140261117828738,0.07391113143699875,0.026421874298476502,0.10106006616616503,0.15085598551817678,0.10661235873912357,0.12535488054318894
2023-03-20,0.07030073219636483,0.06796234654197915,0.028427011579381135,0.23974380178214463,0.0704446783198579,0.05032966344153015,0.09630091023732941,0.11961737517489879,0.07175801708999041,0.01252132624734412,0.09116097873526713,0.016902532460802536,0.05108580473708465,0.07060750215356637,0.02966080256453171,0.13485805059891878
2023-03-21,0.06957931309836168,0.06771873349198922,0.028002551265353157,0.240418681009721,0.06961298731100342,0.049691576713508864,0.09526960808562608,0.11943738339886954,0.07102815335543408,0.01245169689009329,0.09044965307388239,0.01676600068637631,0.05072856416798464,0.06831600375493091,0.02921173014367074,0.1336180661335862
2023-03-22,0.06908185656822254,0.0679574218626083,0.027989113006331136,0.23466732847227928,0.06906167466012883,0.049258154927368285,0.0969631919961918,0.118929711652361,0.07053170989154084,0.012296288492775883,0.08980941926296879,0.016651438797955363,0.05037892496945966,0.07071112268662895,0.02899422974997619,0.13241696777915432
2023-03-23,0.06956182259151808,0.06761043999290514,0.028286062282462523,0.23926985407415066,0.07003780290484278,0.04985457960107309,0.10022874727128062,0.11952570596556474,0.0709591124834539,0.012398183078737574,0.09006182803165061,0.016794651917369147,0.05093558377472481,0.06853043563164596,0.029341074650969703,0.13455515172033314
2023-03-24,0.07006803042514714,0.0672288300274128,0.028217682038549404,0.23910686438586662,0.07003334052932857,0.050093731546541544,0.09985878104453355,0.11850673325363378,0.07151129417380041,0.012449418521146111,0.09015783816458996,0.016872715157675387,0.051011369713009576,0.06693520171506953,0.029449386613924284,0.1350390574111642
2023-03-27,0.009787564865561645,0.1840027621464324,0.06662757818601664,0.05203783840241801,0.07662110179666495,0.08292688034512383,0.08028385447523308,0.045939834627714844,0.07271888617487647,0.04840179977974034,0.09746136765750503,0.09201653597318887,0.058047311275333434,0.05166312027388305,0.04868666899967598,0.09937885211974622
2023-03-28,0.009671308565067952,0.18701065075668402,0.06569704039603783,0.051828463078690136,0.07556995043781219,0.08265555922560405,0.08004136997800196,0.04604704798754079,0.0719684478830673,0.04809398868838155,0.09679846866901619,0.09157650955372967,0.0575951452037193,0.05148134240226587,0.048203432881903555,0.09872005400557539
2023-03-29,0.009675294645658387,0.18627918624600595,0.06549581735186959,0.05222886689042528,0.07572716524527184,0.08261864700213117,0.08011687349593781,0.046211743842299494,0.07180293542229128,0.048155485155854355,0.09682007521882903,0.09166681429506406,0.05774311958572815,0.050659432510063995,0.04822601680096942,0.09892502547122001
2023-03-30,0.009549727056500874,0.18468583833761104,0.06532321990839327,0.05120704514785514,0.0747912916219455,0.08156529070359947,0.07792699029834585,0.04539059903249009,0.07087918012914485,0.047457598374476856,0.0961590422493304,0.09030359720968523,0.05677688026973842,0.05117181107005376,0.0476173322096863,0.09701301049359763
2023-03-31,0.00950006437854311,0.18308790701839214,0.0652792048485717,0.05076752316055345,0.0743307325890557,0.08142822559888666,0.0773729930839698,0.0449495802358291,0.0704816374958883,0.047184519273901514,0.09554789743448605,0.08972640447896094,0.056383616780851235,0.050365311373333145,0.04732754272358808,0.09633363118831471
2023-04-03,0.04567992661266228,0.09029043070963538,0.013328546151249827,0.07977514917916635,0.05766082096412212,0.046866313892593096,0.09408129355816847,0.12488339351669958,0.08078842739626259,0.13985503794720563,0.05697051214438095,0.11250186670446724,0.09115978117128809,0.014714601816426738,0.045317334623955825,0.05327199871976263
2023-04-04,0.04546356876321783,0.08869870555210058,0.013044566071758919,0.07956081975622073,0.05721772407678315,0.046364939514504565,0.09358173359653123,0.12610109077832057,0.08036018690166156,0.1392092004536323,0.05672769683114511,0.11172745271801891,0.09124547189947763,0.014244387447035134,0.04492469426569245,0.052918954157061736
2023-04-05,0.045608127644449575,0.08839375526376284,0.013154291762275734,0.07997762859312561,0.057310893259570915,0.04666149983260861,0.09422732878769799,0.1258794688484181,0.08027984086920825,0.13979577941222832,0.05659620568677758,0.11216141866301187,0.09118620199666913,0.014274101385363277,0.045178256630871425,0.05337476690569034
2023-04-06,0.04536774455576881,0.08734940693937457,0.013042735071478604,0.0808226845877684,0.05712280952295503,0.04629645676006535,0.09358576353970753,0.12728845333866182,0.0801356466205241,0.14026347713468795,0.05654193744780564,0.11224335186427618,0.09129158249612365,0.013766856420771072,0.04502533318614869,0.053187934847228335
2023-04-10,0.07062225853962502,0.14589853364905866,0.04128218432565387,0.07964573745662135,0.041618561135934165,0.07328905104182798,0.13430202972571312,0.021164513005410064,0.08520188942903395,0.08704956278570368,0.03687355150619677,0.06340026479452603,0.06095650856548929,0.03884407316205458,0.06074705700071337,0.1006355095195386
2023-04-11,0.070353262977037,0.1470926428106854,0.04084074898671988,0.07899267892094038,0.04155690064968788,0.07306700965228782,0.13386762482791892,0.02114784259947521,0.08498583681765058,0.08644433449632319,0.03697740800315101,0.06317888814967615,0.060638617195921125,0.038715773959471914,0.06057419257442864,0.10003545881598624
2023-04-12,0.07015931805793499,0.1461239693803663,0.04074790872826659,0.07801263439701915,0.04135611521200701,0.07255637959660309,0.13449726016928887,0.021080278385398585,0.08453625768645957,0.08603270551466047,0.03689537001701449,0.06290194646356836,0.060467925417391696,0.038709772474858614,0.06029246449247813,0.09944987901148725
2023-04-13,0.07005086021359243,0.1468277149445378,0.040829035538535036,0.07841988588986464,0.04134495247430093,0.0726752928971969,0.13589360596569294,0.02120495838419576,0.08437285580032013,0.0862805495665788,0.03671373635665428,0.06311976155736224,0.06037250788746259,0.03781114326298939,0.06028022259412842,0.09980660765010778
2023-04-14,0.06956341219753447,0.14529708395603946,0.04056237964122936,0.0778559172602106,0.040833100583581416,0.07204834559588498,0.13418329215579045,0.020875643267460154,0.08361432267811984,0.08546558599148835,0.03612427929338538,0.06233903584837135,0.059841375938228546,0.038235949299990815,0.05959311886112013,0.09843157379357108
2023-04-17,0.060378542050180777,0.023513984229465254,0.036784122890834485,0.14073192370044016,0.10283469842702764,0.07470873675819668,0.06863523909073183,0.08416936194331161,0.12599540658390046,0.09229454761412648,0.04532003982271035,0.0870839880122881,0.0754337534339479,0.03904494655998315,0.08524037725595213,0.07751699172228944
2023-04-18,0.06018476510377859,0.02363843533832139,0.03662668070284153,0.1406113256764384,0.10269193240634304,0.07500728707812114,0.06739034788569169,0.08378800589525777,0.1256608469347105,0.09228322250695073,0.04535094953052018,0.08694287432548085,0.0750616498400433,0.03918691184213877,0.08531679389612369,0.07721620924896623
2023-04-19,0.060316081620000385,0.023648562694170098,0.036702647277730094,0.1398281377341845,0.10261251296476746,0.07485688370623506,0.06740265808974245,0.08391427724376135,0.1259141602794258,0.09214963768590984,0.04538338644146373,0.08700908205362473,0.07531933317138502,0.03912411940683605,0.08527265676933177,0.07731464027467451
2023-04-20,0.06045727531300897,0.02373766098824618,0.03743835198783144,0.13968963114212987,0.10305689529704375,0.07512948660431573,0.0675298394122875,0.08388039505174817,0.12619797021449936,0.09222922820906161,0.045234247426958044,0.08731302372147119,0.07542758600133258,0.039376647674436084,0.0853193606381141,0.07761457419566874
2023-04-21,0.060516103920591494,0.023756966514696345,0.03791909313750908,0.14011217179863064,0.10316057267183018,0.07509091775816482,0.06845949511248195,0.08396096385207279,0.1267726243008296,0.0924984927783335,0.04502775095374838,0.0876617693929913,0.07564343486126303,0.03800475085190124,0.08539165864655081,0.07794913750039192
2023-04-24,0.0403817343128779,0.057633552127146784,0.03366729600726084,0.08517397920246227,0.03580396075067822,0.13870114938389752,0.03144720518809582,0.19149867583049482,0.05516926772452169,0.17289399928691254,0.027715629012698292,0.13230491180894732,0.07311164881842275,0.03402699161759625,0.1184115511693087,0.0168858797570951
2023-04-25,0.040262783496398315,0.05736992416019084,0.033606561054131415,0.08501424984741007,0.03572154565302398,0.13815509455577024,0.03173524814712651,0.19197029029166127,0.05501236630415268,0.17242165492902234,0.02759873054406179,0.13188958777133772,0.07302280841735169,0.03340403048580703,0.11779523413548858,0.016834746288936622
2023-04-26,0.04051294211181912,0.0575516448313017,0.03419285143421726,0.08641595874966569,0.036286445298784914,0.13938132928851407,0.03193562550118345,0.1947885716430493,0.0552953673305267,0.1741260589285509,0.027831576891568663,0.13307684767189384,0.07375202984030235,0.03322064233839108,0.11908902950559526,0.01697618354275555
2023-04-27,0.04096381386301105,0.058557559346393645,0.035258802160444074,0.08736018661382203,0.036629053807570526,0.1412213100684228,0.032941490875713186,0.19460596934756239,0.055723479863847285,0.17473772250247732,0.027977123445240573,0.13395790321714704,0.07419521336432613,0.033056336601679,0.12033573584128439,0.017243806756428955
2023-04-28,0.04036447620370429,0.05782576577162518,0.03484595816586332,0.08654743619029351,0.03595189165902046,0.13895205528728002,0.032635413924850254,0.19054476760082817,0.05538792945593761,0.1725769911369,0.02749868088857251,0.1324979568670901,0.07314338016402773,0.03234329934407864,0.11856285249777807,0.0170049400937092
2023-05-01,0.06965001728972853,0.020369614092610316,0.08562426345579792,0.050797752905334885,0.04592777524199921,0.06298589096681062,0.06259933333548949,0.06150974041579443,0.07796634874613642,0.08189715998887352,0.04021039206145616,0.10320093568332715,0.11454009028662214,0.16105083402440912,0.08214398371973694,0.03776275974180008
2023-05-02,0.06982998292962074,0.020657398535547287,0.08542039287483309,0.05123666891474925,0.04574180215622128,0.06308231729418053,0.06273187172632627,0.06179601295185002,0.0783030594227299,0.08240863830193255,0.040160905343349505,0.10370914855689588,0.1150474703325803,0.1609702854547488,0.08221430438655326,0.037886295085321826
2023-05-03,0.07058929929577885,0.020787430572307697,0.08819437043938082,0.051534884428182055,0.04647397205343049,0.0638446422572396,0.063415356386708,0.06190963756588736,0.07890567200525643,0.0832685196159567,0.04050744444905486,0.10498408762542474,0.11627245213875077,0.16041014448108085,0.08321771735063652,0.03846922546323408
2023-05-04,0.07104295006982335,0.020860894895341407,0.08998615963332415,0.05171581920602721,0.04675914620178529,0.06420498676663314,0.06297853526938123,0.06203641897596767,0.07914937876119947,0.083691826471646,0.04068273485487035,0.10515443105584767,0.11634404803122537,0.16121525544837959,0.0838241599555533,0.03877372471895725
2023-05-05,0.0708543853927581,0.02077721248014503,0.08951899334688321,0.05163298640023737,0.046663299916494316,0.06442483968298186,0.06229729570207782,0.06174085202134726,0.07846198291123281,0.08332923683844598,0.04024294229183164,0.10481814658640454,0.1155459762279419,0.16655849714562715,0.08392421084933809,0.03868922126832284
2023-05-08,0.06481336629359198,0.13955499388867187,0.1478174002280232,0.024449429866559663,0.023944405050588615,0.11836721174522975,0.09184233181763168,0.06303286862182439,0.03053641636044071,0.017533677001511254,0.06573067006574694,0.0729631704396198,0.01788835054791604,0.05994417110914502,0.11688515135580914,0.09399279244850547
2023-05-09,0.06496716435414517,0.13980397650814724,0.14641323941988463,0.02433170000987132,0.023945896499962448,0.1181619805293172,0.09209112877720628,0.06316563906434393,0.030609734793327636,0.017548493936327018,0.06569396169506571,0.07314578835050037,0.017899190478516423,0.060794236948595384,0.11693778198016419,0.09440976106956561
2023-05-10,0.06488976996360005,0.14010752986074074,0.1452932710122731,0.024322655987219364,0.02380916920424482,0.11808285694915606,0.09202955975095041,0.06319897374665004,0.030520599331830062,0.01750243013518151,0.0654189731860767,0.07295426021735314,0.01787326297579256,0.06169906260722109,0.11676236689549419,0.0941885181057535
2023-05-11,0.06460693068524978,0.13874105626892996,0.1460143252460262,0.024207893666011324,0.023832511561666655,0.11776623836588337,0.09192348788561747,0.06285614604612058,0.030515677256625868,0.017494690991109924,0.06485637897746187,0.07279420174651942,0.017742551599640794,0.06221477381017784,0.11670946369137676,0.0940297091837104
2023-05-12,0.0646099419437019,0.1393571685323227,0.14732374938684978,0.024045834089123412,0.024002352656942325,0.1178859332782529,0.09291297504674352,0.0629271677604282,0.030690938980705042,0.01755943042326029,0.06506988707498744,0.07313750300577868,0.017798782344319957,0.06255937137185398,0.11694784160609228,0.09449397321682582
2023-05-15,0.04796564689343359,0.05549704925761663,0.1967270885466843,0.021267720171182804,0.0063078874163404325,0.03253904895114514,0.04107150032894034,0.05250608633855165,0.11970903495760993,0.028605621330586445,0.14681192364484036,0.12696010899173477,0.039095270407471024,0.022631416404367825,0.03717349047153589,0.11921836322235037
2023-05-16,0.04796143276470683,0.05554675134761191,0.1931506904422386,0.021135005987046627,0.0062869524328312614,0.0325570564318374,0.04074557680136113,0.05226452908682374,0.11948894495150116,0.02848899646655479,0.14732806704196572,0.12665420828918492,0.03884102121801474,0.022916270723583484,0.037183520796203864,0.1191985047708961
2023-05-17,0.048435121976487715,0.05623396346209077,0.19637178089718496,0.02139091813118559,0.006350359458582711,0.03252772104511436,0.04258006848714852,0.05260514962594127,0.12111564031538537,0.0287773932177465,0.14832268127329676,0.12815903121257058,0.039371733436735126,0.022840229071558735,0.03756404225584032,0.12122762869989083
2023-05-18,0.047939816082438566,0.055513133058230996,0.19276829327640144,0.02105950122336002,0.0062779589345046145,0.03203671341648229,0.04181313872109624,0.05195996701714855,0.12001345961317196,0.028314444646409222,0.1473291966380341,0.1267879694367625,0.03891442773168789,0.022871597267902565,0.03712934983411934,0.11929072424211375
2023-05-19,0.047945788566887984,0.05543044860052249,0.19185745726580128,0.020731092891769554,0.006249567816305927,0.03190655831037221,0.04160064333190269,0.051445230488193085,0.12029951342453177,0.028204381024294276,0.14733460453927308,0.126381782586601,0.03872570399998878,0.02292795908376644,0.036940742352857575,0.11835614214904236
2023-05-22,0.034118421030862,0.1533559319092359,0.0645698798134469,0.03084871088689051,0.05488793152116769,0.09204702604773103,0.09181611122402913,0.04906953473575083,0.04298700177241334,0.038218591439946985,0.06744298458393906,0.12674686357630674,0.12517625159793275,0.04677803456097356,0.038674622189096085,0.05158935490983349
2023-05-23,0.03404161276659443,0.1533944171676352,0.06450519427051644,0.030474035391331103,0.05469035515646687,0.09176564360824925,0.09129498606526629,0.048657630521008695,0.04281982366496498,0.037943307012372564,0.06717861573929054,0.1259290763437941,0.12383728542820532,0.04887365057623751,0.03861629326502405,0.05138388644421454
2023-05-24,0.03426729944191945,0.15428087601236617,0.0644329008317682,0.030555746680948737,0.05521037568260152,0.09258498824560092,0.09203843481692273,0.04928632965937795,0.043014029278113666,0.03806903274271198,0.06789226778223278,0.1265280728231232,0.12548575088439792,0.04889983134931772,0.03885908382836691,0.051649410241158315
2023-05-25,0.03452044202312958,0.1550663312545362,0.06457281297319441,0.03083573416466844,0.05558714115292029,0.09363433541243965,0.09435711087626947,0.05003501476994601,0.04347247158524381,0.038388088045787166,0.06816306778965736,0.12741473261336286,0.12697107150190615,0.04957614294854033,0.03914862161500128,0.05211488809664725
2023-05-26,0.03466607714849368,0.15623660990575688,0.06571334140640561,0.03086487694319664,0.055747695061221965,0.0935337312310898,0.09480638859329443,0.04935707337910874,0.04411878543509452,0.03825028934133301,0.06785754540750319,0.12745099026721168,0.12630906197673217,0.04797010942253368,0.03912303558851978,0.052367932060994354
2023-05-30,0.08488623792677288,0.04726687302743359,0.0198465978834052,0.14369167012694828,0.050840657815674,0.15194555590665088,0.01530028091844447,0.1155014665282333,0.06530059772008426,0.15533653709896517,0.05126553919240886,0.07055840590915323,0.09917286176387635,0.06721802642337674,0.04951617827598721,0.06454485840538456
2023-05-31,0.08517064742776156,0.04751926730044896,0.020351413568863722,0.14161985877467803,0.05091871360143938,0.15203045979818533,0.01512727650179619,0.11526282119540736,0.06541181705926338,0.15478698928224827,0.05144025568557554,0.07045231000178409,0.09898755682570719,0.06862918073360655,0.04961255796650964,0.0647581409591127
2023-06-01,0.08531854333071982,0.04740384365789009,0.020389532810769228,0.14164653800567586,0.05088193066136732,0.1527334425251567,0.015060425960872889,0.11529429442482324,0.06521247668813712,0.1551520348592305,0.0513546082218274,0.07064526211937994,0.09896028501323313,0.0705044049858531,0.04969986728139101,0.06488770299935825
2023-06-02,0.0848082352595031,0.046781530090150854,0.020144162374215558,0.14008758439724353,0.05047870552615651,0.15104991444294608,0.01509432771306862,0.11477063550785668,0.06486767234887694,0.1540415121403063,0.05095304603323092,0.07021554922833535,0.0985747272662279,0.07013810005346467,0.049492128384081596,0.06470197298346925
2023-06-05,0.13958726044953818,0.030182062942528003,0.046817070884969954,0.1137527659203924,0.04666251979401303,0.09661150335696729,0.03138294437711376,0.07519715719600535,0.07387425012043126,0.11210139908420973,0.1557698376770643,0.04959191696026501,0.08058033052383363,0.1194694388107182,0.010779842519554607,0.00940619370518998
2023-06-06,0.1397163443073942,0.030121723415576656,0.046947551639323,0.11353761186764263,0.046725435821720694,0.0966211963011243,0.031433405206514914,0.07543615252469912,0.07392363408951191,0.11242256234366234,0.15567923297329495,0.04985279484421397,0.08076299206118576,0.12142898696152811,0.010822112339519893,0.009462293258158712
2023-06-07,0.13930150157525417,0.029957210683944063,0.04655976964323507,0.11197603588286592,0.046600632568654834,0.09621566087972729,0.03094160461635207,0.07450313520535216,0.07336052608540088,0.1109247174645483,0.15617409130530788,0.049302897865707226,0.0798103827637518,0.12180238751696669,0.010750308515611573,0.009382394314892432
2023-06-08,0.13921093595505732,0.030071208438779695,0.046266856298892205,0.11243894162605939,0.04662828269350892,0.09595152417315708,0.031076295592105792,0.07429539583636094,0.07291998184078356,0.11071240896133967,0.15815736300926095,0.04929793483039429,0.07976879100971633,0.1217739694960963,0.01074422967788513,0.009358575511971768
2023-06-09,0.13838967149837123,0.029676047372784953,0.046189745152347354,0.11163507932665492,0.04627213451275767,0.09503580337823234,0.03074644397497293,0.07398689486729716,0.07240554095479802,0.11038760776142996,0.15658914929409262,0.04892435372610695,0.0794647010247966,0.1207894690204459,0.010666360042422097,0.009302645961096133
2023-06-12,0.08199285383559536,0.028486432147995153,0.02246667359957434,0.11050327673121965,0.0464963226775807,0.25270964576387345,0.0433130473196313,0.11908333076068559,0.0964727307333143,0.0718058652273429,0.0582488139558145,0.08158404472494248,0.05808846341220884,0.09967788980827372,0.016003213856220288,0.0369723259156812
2023-06-13,0.0813508420138451,0.028417485576140503,0.02260373760906577,0.10858597306818782,0.04610401523390715,0.25083545599826584,0.042974820563390546,0.11873703518543048,0.0963509275960471,0.0714355535369515,0.058171926431619114,0.08082747779721018,0.05751244258813016,0.09948495414073459,0.015886332824677843,0.03663205889103313
2023-06-14,0.08089745284931657,0.028267182032166268,0.022281551543568756,0.10740353503670476,0.04569632616606767,0.24884050784094877,0.04333690230577095,0.11825931177579115,0.09578988503200658,0.0709538673414234,0.05801880143027052,0.08014633774675305,0.05695488285046841,0.1006151284966177,0.015830131800291313,0.036286355364306695
2023-06-15,0.08105251810838622,0.028110355202377788,0.02232676543412902,0.10654061786319403,0.045760280301484046,0.24854562981864198,0.043736839552722194,0.11929645381219156,0.09631225113545389,0.07098011232110644,0.057738396501648526,0.0799773389412647,0.05684784297075846,0.10012656389819076,0.015815521339063998,0.03635700045992454
2023-06-16,0.08003831536180235,0.027686722453529693,0.021491025657954483,0.10577170941900751,0.04513603777090208,0.2460850265858416,0.04264463000055768,0.11815302475820721,0.09555307070608332,0.07074727809281339,0.05724977786680962,0.07905977180179946,0.05639847278748463,0.09851420206197989,0.015602806892831316,0.03575453153792231
2023-06-20,0.16289458970712078,0.02887871953879424,0.0517080242823862,0.13427665207309966,0.03596976220112174,0.07298121333926136,0.02452730703253746,0.06263072758149914,0.10902724248430437,0.03582339516101425,0.1196482648451701,0.07758091268831538,0.08007298382803485,0.11415041665641075,0.05311921680949604,0.04146566647836314
2023-06-21,0.1637152875124753,0.029122285760057407,0.052263296594911766,0.13467001655840727,0.03637324200192792,0.07330512058528962,0.02480644354479831,0.06333098194417931,0.11016996768876902,0.03599332571736845,0.11996570193299884,0.0782680252075281,0.08086348444093176,0.11613040220457668,0.05347057698535996,0.041836009322833365
2023-06-22,0.16446184033240815,0.0293646172851913,0.051701627085841986,0.13704944931810387,0.036631404293859686,0.07408300069861959,0.02518667836959617,0.06407428721267748,0.11120963469304433,0.03635969520276963,0.12028810157003791,0.0791943077182002,0.08149882685162878,0.11385152313475802,0.05385208220070768,0.042201595169567827
2023-06-23,0.16431621191032636,0.02972105834172883,0.05260269371090755,0.1370370325676764,0.0365687510137433,0.07424869427544842,0.025510956093568644,0.06424167145267423,0.11165507103315411,0.036499128881379454,0.12020053554118085,0.0793951269282718,0.0818068812000437,0.11368004234802839,0.053855141361135096,0.042382157841806024
2023-06-26,0.14734259534244049,0.05680655070641197,0.039561814597271885,0.07224943962969566,0.04857664404194839,0.04278679136122688,0.04115456221664497,0.05096131361132038,0.16935494321026714,0.025940041291910673,0.09776229989811054,0.09057804777292434,0.07342337487179493,0.08996766973839262,0.04311188073235817,0.04294429667585087
2023-06-27,0.14757552743267685,0.05686751461533532,0.03942534917121483,0.07225553172675682,0.04857656197128847,0.04294351623802932,0.040648950849804626,0.05078723385754893,0.1684963331772958,0.025930052299259824,0.09816623834252933,0.09063133226588015,0.07328433201579605,0.09012654460253829,0.043239841505090026,0.04281030356583619
2023-06-28,0.1460204583009862,0.05626208594687385,0.03970388319219622,0.06998864731795522,0.04781211725267555,0.04233384919788914,0.040153874010196364,0.05028860912410674,0.16682908277862052,0.025565488719866216,0.09729565483737292,0.08904942591368581,0.07215111706470015,0.09069292681336767,0.04254805858135297,0.042352494353838796
2023-06-29,0.1458096344896636,0.056467896814871923,0.039774191573874365,0.0689899277355974,0.04795263846406013,0.04220232933434421,0.03963432413318918,0.05012143429832047,0.16605260914887288,0.025365576267276042,0.09704094993969321,0.0887059824828184,0.07184373535225377,0.09239360364848187,0.04254710236011154,0.04220370149335068
2023-06-30,0.14505892252836927,0.05622756162801226,0.039658429084408954,0.0694166140186086,0.04758202088132908,0.041962479057970674,0.039342177297429656,0.04997531380015865,0.1654814377604328,0.02533227524426397,0.09660291839531149,0.08838351048409804,0.07160652828489719,0.091306038510887,0.04250925534393006,0.041963071109293835
2023-07-03,0.08357827809769391,0.04655583423240629,0.09944529019475608,0.04726525653877414,0.04608360277935968,0.057506760280173604,0.040025357476621955,0.1113464922607701,0.09091753225529588,0.06040625904959219,0.1594061655445132,0.05072335719715291,0.0478740297392956,0.07681949261663867,0.06516781713067328,0.020875146684484956
2023-07-05,0.08322124234171321,0.04625274435263897,0.09944709709783557,0.046903445021342645,0.04597015116670323,0.057008811416843136,0.03961265886436854,0.1100808294737767,0.09008591739747125,0.05985638784446501,0.159295991237228,0.050354158399836604,0.0474371765606851,0.07792312150526351,0.06480057274237798,0.020735729415157826
2023-07-06,0.08344870869217749,0.046493744266460274,0.09933393531797056,0.04713018589188701,0.0459736671110915,0.0571801750988603,0.039768361169985014,0.11077100618372368,0.09066913887082959,0.06008904117367148,0.159254178777465,0.05061931643055972,0.0475654709964041,0.0786240222844717,0.06508992978348535,0.020818249672636905
2023-07-07,0.08408291336183824,0.04732047319267812,0.10141385079640784,0.048106843001017335,0.046212934251066554,0.058045198089433765,0.04072932422862418,0.11248844040588452,0.09207311037329338,0.06096868610509946,0.16097139729717114,0.05138317062982807,0.04821719382650529,0.07822173289356048,0.06599192680999946,0.021162666771555285
2023-07-10,0.038526759042090755,0.05497849565243336,0.026066277570349492,0.0427577056500247,0.030844574546467694,0.05020310942478529,0.09714110514949274,0.08949079539023637,0.07087717152925142,0.061329471750013055,0.13179235721902516,0.05651888551528406,0.05051623860323148,0.04996923969675934,0.10178227043952603,0.09318504207546374
2023-07-11,0.03810993423136947,0.05436376607051941,0.025815864570009613,0.041608147814738074,0.030539840538665947,0.049924787367847376,0.09586201575777072,0.0893721842058006,0.0704233983772144,0.06084687404710727,0.13108146590137423,0.0561582288635687,0.04994759093243403,0.051165664278768945,0.10097911746668589,0.09225599718220913
2023-07-12,0.03786893693030638,0.05334707499120039,0.025344310396987698,0.04064112318942002,0.030085920765315268,0.04920880929165678,0.09455286632917065,0.08770251957961472,0.06935594033502582,0.06001156270436317,0.12981149649175436,0.05521530932678362,0.049212776650731774,0.051888322984977676,0.10015666705834511,0.09074855400753266
2023-07-13,0.037850560302068285,0.05229540857462484,0.02521432236081575,0.040157768621071385,0.03000471122961368,0.049005982048992314,0.09310549794088514,0.08744670903360997,0.06913741639434544,0.059598508932595363,0.1285500338609607,0.054879654972299435,0.04888832767342609,0.051180376724873494,0.0993055645020287,0.09051131562554442
2023-07-14,0.03769829319203265,0.05153940958502324,0.024940952808768273,0.039449784923740135,0.02976741415419981,0.048597361899086734,0.09211652902310673,0.08657275746930372,0.06878672854280746,0.05897012531834651,0.12744068340059672,0.05419169801326716,0.048329597445845036,0.052366723620868104,0.09834986258484292,0.08966412244343715
2023-07-17,0.06428544399437225,0.002208334171454812,0.052383711014823045,0.06424054067940037,0.0697341168290591,0.11148591125267063,0.0252794875001809,0.12364761610488693,0.20426148129851443,0.06994886108165826,0.021843833664675988,0.05194580816396076,0.045008164750372205,0.0675826488872403,0.08857294370126671,0.08051382461613732
2023-07-18,0.06394716441802066,0.002200294165889937,0.052281159001188696,0.06340486317647431,0.06930262629081806,0.11099378594052271,0.025067941038448158,0.12315737524517913,0.20365406801001246,0.0695138783336516,0.02167557857201658,0.05162933795086097,0.04456869300631989,0.06824605258446041,0.0880465220405488,0.08001295318866826
2023-07-19,0.06377232610088052,0.002181061299806511,0.05124744288536217,0.06259071379350883,0.068789831482323,0.11001034949996918,0.02468696400175449,0.12253709436195416,0.20255415229600734,0.06907541537374057,0.021627339884271603,0.05121214862546694,0.044350744719333,0.06749520562164196,0.08764471352737228,0.0792478111593401
2023-07-20,0.0635795869508231,0.002166266429229342,0.05044366965873877,0.06222524133529119,0.06880226506069226,0.10930927169047121,0.02418779989862733,0.12163485011018962,0.20162803400400983,0.06895949179866323,0.02173488492410892,0.05099972301728118,0.044353656806800715,0.06830570733286907,0.08735650292648842,0.07869744546169442
2023-07-21,0.0639374228475408,0.002194619027850924,0.05040861811762899,0.06431530305521642,0.06960368485297444,0.10997579573841251,0.024576727068316928,0.12245382988463813,0.20284567261543848,0.07012561213578851,0.021943076135175495,0.05174454373790772,0.0451870184271451,0.06581081257121213,0.08798898816996058,0.07943039633972711
2023-07-24,0.1355089974593098,0.018614199640375417,0.04239886909769844,0.051260768607131635,0.02876949525637279,0.04042738930592648,0.06850329301751615,0.10462812419940462,0.12395723210407052,0.06057371664380161,0.09853197793499159,0.05518845162198791,0.05017640183018931,0.05554866133572018,0.12989821353648037,0.03003991329795196
2023-07-25,0.13502035007020532,0.018453574474262633,0.04121491920889274,0.051299424695369716,0.02865798338082332,0.040229913643842014,0.06916240955659451,0.10395403074092827,0.12371131248220082,0.06026907576443882,0.09821561272837791,0.054908936063768655,0.05013486250062931,0.05454149242418412,0.12945088022325452,0.029882576739458253
2023-07-26,0.13483628793736843,0.018295178517514228,0.04090861770811509,0.05095024135135008,0.028555197946239782,0.04004863449987814,0.06920265234164683,0.10403852568066388,0.12382161815064842,0.06015902649611052,0.09763041647978134,0.05460149944547285,0.049886362657490475,0.053868938580846244,0.1289293570479115,0.02980552942560476
2023-07-27,0.13442989265696315,0.018283155624026253,0.04147305233233994,0.05073861458618124,0.02835838289674731,0.040007537224315215,0.06811417219435935,0.10294258568369989,0.12317508560629319,0.059702280283347106,0.0975278577686969,0.05442429243534238,0.04951111461135595,0.054790372276520935,0.12868670602053436,0.02974312162365771
2023-07-28,0.13567201478616547,0.01852739475501981,0.04133910042416405,0.05150105384822658,0.028547572131901823,0.04034411880784906,0.07092713383628592,0.10440073532075164,0.12457241089413545,0.06016765495753833,0.09863999020870637,0.055045279389211714,0.050055540136893326,0.05418624619925507,0.12950743207591958,0.03000626805535939
2023-07-31,0.21388227531541767,0.07412720932091056,0.07715595066072996,0.026698590717192994,0.09040008909776918,0.053158408580885205,0.022740470817538765,0.032595876173626484,0.0893232341783997,0.07475649773315295,0.04516453712750933,0.04255579785088027,0.05114382291253415,0.04823914421650866,0.15173610328612613,0.05345699567645376
2023-08-01,0.21349128935096603,0.07342275273986458,0.07700275129389436,0.02620100310237395,0.09001241207217185,0.052598358440716,0.02233961287901864,0.03237225467048504,0.08854024616470448,0.07399899415900932,0.04487853366860346,0.042231064557788876,0.05089726989446378,0.04882504440871074,0.15103810430489972,0.05303473005785895
2023-08-02,0.2142057407189572,0.07467733878293274,0.07803662078521668,0.026438489401489986,0.09039326077471076,0.05261630533767489,0.0224925210396015,0.032754823599341565,0.08943548692814363,0.07445334115870693,0.045162975314129314,0.04258620330922586,0.051141325171978495,0.048644853784105074,0.1519709871860263,0.053360501764440266
2023-08-03,0.21684257702124493,0.07644014368714447,0.07896992539916131,0.027603057994754043,0.0918606851596648,0.053687800306112136,0.022751161266195016,0.033224312474997506,0.09055796228893728,0.0759599016334789,0.045915955848647605,0.043414075043121385,0.05206964827096415,0.04790712266860512,0.15398121037579354,0.05420072618405594
2023-08-04,0.21773385934238831,0.07684025104675615,0.07894110080608643,0.027696968321641056,0.0914954069361487,0.053770665954351426,0.02326681662864857,0.03337244458115682,0.09070859860801292,0.07601598637359265,0.04580875303132913,0.043553529949028814,0.05225535076790659,0.04763264249249064,0.15439350450224693,0.05431543204682864
2023-08-07,0.14744483119260401,0.03999369415221967,0.12016577471662936,0.03890704545721643,0.019151123784373884,0.0555005713118498,0.039043209070686986,0.10426237114184436,0.08550881941113424,0.044839671038941986,0.06842647976758624,0.06852301060186664,0.0512941917850519,0.0891257092765647,0.07853757851143145,0.03986182881410923
2023-08-08,0.1461035774444426,0.0397915277178605,0.11886952419387499,0.038794782128926404,0.018941698917597075,0.05506473729765071,0.03862981109741644,0.10399707097360601,0.08508680353232233,0.04458660803443854,0.06794627173870643,0.06817100683257943,0.05096688104122665,0.0871355713772166,0.07789918205744814,0.03957696929349961
2023-08-09,0.14686603231425122,0.04010622985305802,0.11852068467032509,0.0391185519627513,0.01909904116328419,0.0555625433367306,0.03892441767529969,0.10494160964354389,0.08557825886288914,0.0447970256976552,0.06839070540749537,0.0684554738714663,0.051154690378591126,0.0879504964799126,0.07804674822263309,0.03969033430765964
2023-08-10,0.14763698724516555,0.04044480138613194,0.11898364936148417,0.039912400506836754,0.019299492881819647,0.056127868124832225,0.03985172939496484,0.10553811716192874,0.08613924115984442,0.045330110526029144,0.06877564919517301,0.06905169478644,0.051748580424072835,0.08634689370046551,0.07870176376705473,0.03990398043726424
2023-08-11,0.1478339552610566,0.04070252112877832,0.12009719220970244,0.03988139059668455,0.019232604271234903,0.05610083100365941,0.039829048900144055,0.10554251813036986,0.08599352824303019,0.04534951947559616,0.06838224829546677,0.06920894794289055,0.05167130005663388,0.0857222902501867,0.07872282121844502,0.0399656249599628
2023-08-14,0.06143893347851511,0.09978382205559011,0.06395489968410384,0.05498041725332836,0.015946870021542,0.022035104787906806,0.0577680995669107,0.0882151685244195,0.17084380224395065,0.05379412593072665,0.025011749341041098,0.1663665650777603,0.055707611565701816,0.05665875698143011,0.04047489515013054,0.012198513221275489
2023-08-15,0.06118017873152376,0.09887086016304379,0.0636728847405354,0.05419616540438313,0.015810696033589058,0.021848389285725134,0.0576603519584155,0.08852132301266492,0.17142069840771318,0.05351412584135409,0.024893428668666555,0.16571863199231765,0.05536878379382324,0.056320133702816084,0.04023009101856578,0.012175012188202808
2023-08-16,0.061720567563110944,0.10043366003509334,0.06500350302852034,0.05486476953152673,0.015955269962780558,0.02212140167332376,0.0588656756107743,0.08998006460386923,0.17350805496762092,0.05402282820757755,0.025031900212475942,0.1670425224987464,0.055918271306803546,0.05691954093325492,0.04075494386051354,0.012267754216955317
2023-08-17,0.062324021774110804,0.10183945874790182,0.06556542577897637,0.05554838633430643,0.016108433507131068,0.02231993064700401,0.0596915457060625,0.0907451473319661,0.17544689979803793,0.05468789451459675,0.025163969855521863,0.16859568275222592,0.05656736732061565,0.05693307689618614,0.041044105891200985,0.012347026072680258
2023-08-18,0.062898010006771,0.10282951010025429,0.06624665871789691,0.056448419955358604,0.01626857116317293,0.022483724993390703,0.06075651405443893,0.09109355973763567,0.1770858709240562,0.05508972650735123,0.025370907484751692,0.1699478590512459,0.05708823151586763,0.05661196646556599,0.04148679267202078,0.012422556465176014
2023-08-21,0.06798957472507611,0.1021835370955537,0.006032253638013556,0.07405962327637414,0.027725374614784793,0.049943434679827536,0.07290360928626947,0.0693312147308614,0.12744598927936873,0.11809564354176494,0.03162699620394908,0.10490345331661849,0.056696610651695296,0.059699172368951225,0.04297542001894626,0.028569085697417736
2023-08-22,0.06776058033789714,0.10206576156220046,0.00602662610815731,0.07343132827147403,0.027479832939499876,0.049680536784006905,0.07258185102357,0.06933714823806097,0.12752307368368887,0.11742696033405581,0.03141765965478297,0.10442599052623458,0.05608437376908724,0.059910090018922064,0.04269372482225924,0.028507697334187673
2023-08-23,0.067830960005913,0.10189730638018399,0.006019688961207194,0.07388002299495795,0.027536564891046368,0.049932583556236476,0.07225237582097353,0.06932352788229756,0.1274626961723396,0.1174200521083321,0.03138008915832648,0.10448055627279876,0.05614725935976697,0.060145986228033764,0.04279444445514765,0.02854941822273273
2023-08-24,0.06740606435613332,0.09932715253426892,0.005937835602005178,0.07267272430252816,0.02739985597252762,0.04945337739489067,0.06874502456145717,0.06874465455921917,0.12645493306780994,0.11627538043358879,0.031107451230806826,0.10357479595138405,0.05563109480940833,0.05987777194640095,0.04255622183741124,0.028251860742234437
2023-08-25,0.06820551590993523,0.10109741552736709,0.005989060311668533,0.0738572790845326,0.027778436882447147,0.05003967172166881,0.0699285201048917,0.06939034496121711,0.1277550890037656,0.11762893628638614,0.031467247894716485,0.10477397962225068,0.056369291970793,0.05974812893926408,0.04305609441388881,0.028634757888067876
2023-08-28,0.13197043806372954,0.07618159994125823,0.03607635296908194,0.11771477044256526,0.018580958950928258,0.0657553312121155,0.02624599270336342,0.10138079679566059,0.08296959101278456,0.056369112680090594,0.07443061408201437,0.058610794175053195,0.037997947000294054,0.055511527594158144,0.06255058153386757,0.06588433815408708
2023-08-29,0.13281788508900363,0.07631757202670046,0.036406334624159216,0.11805865450574676,0.018648356259510362,0.06645004559486312,0.026106254591183282,0.10192924458375309,0.08332952545557949,0.056577774039505875,0.07497771839773011,0.058883203386397985,0.03822283175487519,0.05530521065500862,0.06291158451495249,0.06616373129090432
2023-08-30,0.12860335104532025,0.07285131386957143,0.035252972945428035,0.11219371785171045,0.017985245665623557,0.06405296598816476,0.024886671304268953,0.09859747832217837,0.08068168786327659,0.05460551371477488,0.07255030622697664,0.05682245893449323,0.03678017120271373,0.05508638982373255,0.060852780184848326,0.06365947484629324
2023-08-31,0.13270292938370767,0.0753864565114731,0.036249575818469514,0.1150199620762048,0.018507658509930663,0.06574690839963353,0.02533914449058393,0.10173961369021209,0.08325409821726149,0.05626955875637587,0.07470783316723104,0.05863883517016462,0.0379554642834879,0.05706068247485179,0.06275170755656556,0.06561982525056279
2023-09-01,0.13719100409948007,0.07769259347155806,0.03721982082551497,0.11798183138831914,0.019200509917847046,0.0674160739859898,0.02625464657210714,0.10560122246548585,0.08644884667621973,0.05802613903659743,0.07762452355544706,0.06068462848667665,0.03918179461136967,0.05942957732960362,0.06472492694347884,0.06792111691677241
2023-09-05,0.08984431451816516,0.019869397556309915,0.030894660520146673,0.02401727092678246,0.016253113585355708,0.0400983323891788,0.09678332443781029,0.0789924567298386,0.07123225544871861,0.05867542488452217,0.014509856259800925,0.18070463481721044,0.07496066629965181,0.05976708888867449,0.035954460813098284,0.07337964363773156
2023-09-06,0.08992220419695143,0.020159265190181564,0.031266633729820435,0.02404398418368549,0.01629474873734137,0.03994057336595632,0.09953924004631678,0.07954509112754647,0.07163350683022318,0.058840317084589755,0.014499615675240468,0.1814676442396075,0.07518449335383584,0.06112767802467592,0.03592771526826534,0.0739578360583061
2023-09-07,0.08986481870402087,0.020230972684824277,0.03124113351712909,0.02402126913020607,0.016343533881218227,0.040017171555911335,0.10076776609557588,0.07998529348362633,0.07164044115723837,0.05888488766595193,0.014544160997766115,0.18217519410592808,0.07522826177479308,0.06212504666409876,0.036194834714303493,0.07423978871407859
2023-09-08,0.08984729229904184,0.020168074554973974,0.031398857238062065,0.024189824710645496,0.016367626753920585,0.040047800411496755,0.09923340543696052,0.08013502582723231,0.07160585930763601,0.059156205330030055,0.014536666990484262,0.1827576175889334,0.07552673609554669,0.06244511877154174,0.03619751360890278,0.07430267879577326
2023-09-11,0.050998642265369286,0.03386756778820127,0.13925902513155344,0.05264342290449035,0.06517450612324342,0.031984621850312915,0.025002974327821528,0.1214162606802881,0.07492605177299881,0.0713942518421077,0.022049109645592327,0.11942904909849904,0.03925070476435184,0.07265008870065426,0.050541437293973715,0.06172305966303684
2023-09-12,0.050461769456391296,0.03362466085819087,0.13827930902629978,0.05227329043718536,0.06437984361865218,0.031833421101103675,0.025182809266860506,0.12042424555281735,0.07419168493898615,0.07095427083620243,0.02176719084103006,0.11867141002205213,0.038863751432192395,0.07281686101856764,0.05018951750765324,0.061244680387316515
2023-09-13,0.050780231630083564,0.033876542719642994,0.13867612981461613,0.052706498523949444,0.06489504123734571,0.03203817121349982,0.025504988021675563,0.12053636983987485,0.07439010445192334,0.07110864856460158,0.021974983719002535,0.118958074708788,0.03919543717385597,0.07281762988323101,0.050361830785083474,0.061596995199079456
2023-09-14,0.05077976537599969,0.03392756170214083,0.1382892377300928,0.05301799500049747,0.06493196171258175,0.03198270198284091,0.02565839579341265,0.12094922603793047,0.07472260832184104,0.07151518300373963,0.021973802993449542,0.11957449702922837,0.03925769843436384,0.07193438540250456,0.05038821369790795,0.061742095402176296
2023-09-15,0.0502470135785084,0.03360639548182005,0.13650571824319951,0.05287057024933814,0.06424244344153941,0.03162427798354625,0.02538282664781889,0.11924815995320198,0.07356289325498062,0.07060250868894084,0.021716798507229317,0.11798190592136933,0.03886850703354198,0.07044745240962991,0.04995758750479516,0.06048770450940588
2023-09-18,0.04220839435290899,0.0418203029301008,0.08707549184514261,0.012335903370879255,0.04512506058851981,0.05980090106949149,0.02741312159194731,0.022840260070154654,0.03780986468753516,0.02701798898462332,0.15720721251789213,0.13067911461133386,0.08721658196705868,0.10021194238991243,0.11835478752947234,0.04762222152436157
2023-09-19,0.04233879108958219,0.04185958530383854,0.08768774517660591,0.01246497441128888,0.04521290635097966,0.05993619803717678,0.027497953320665458,0.022957228375571733,0.03807234781398545,0.027169183714629657,0.15772059404422578,0.13137406524761305,0.08768257250874512,0.09800683801233186,0.11853362885177822,0.04787287144319495
2023-09-20,0.04240218392213647,0.04214986873190326,0.08790259712615439,0.012604065621543833,0.04522623916591531,0.06031892264719108,0.028073886445371593,0.023071527488585028,0.038244734946485365,0.02733429987585073,0.15832526271022682,0.1317569508391138,0.08770618028642026,0.09764125392594604,0.11891010309697383,0.048080979994397414
2023-09-21,0.04287355374788523,0.042489349931755745,0.08849962800473206,0.012792421801688422,0.045670426245167914,0.06089682630113623,0.028278102836835937,0.023200842459991627,0.03844089091368884,0.027671341420654926,0.15956655764284453,0.13282370452881562,0.08866387316693089,0.09804695336727208,0.11994390126332835,0.04844120838799745
2023-09-22,0.04088615260848324,0.04077484641527627,0.08385959663232971,0.0121968945566755,0.0429945159859935,0.05765588023437032,0.027569043763539074,0.021956460346595274,0.036251589635174074,0.026213604282340076,0.1509869168624129,0.12550189614572685,0.08431799276175998,0.09213133499596816,0.1131905752558251,0.04580251498479342
2023-09-25,0.0141282430871445,0.04654961466734452,0.03998961630313416,0.06299505046662529,0.04338228359416706,0.10344543228870513,0.060393191214403036,0.060831497295756175,0.04218031791995943,0.08743586468505402,0.04221763416828502,0.12577131265867508,0.02976141525202712,0.039635781877004554,0.18070238163845914,0.03563364330009867
2023-09-26,0.014519182372417082,0.048198481367766485,0.04109028434837611,0.06487761861143886,0.044316475490651375,0.10609208307781687,0.06179160964217041,0.06245610228570038,0.04328090062721866,0.08965308558415233,0.04328822549492787,0.12917822861565845,0.030452549537327317,0.04058202801197375,0.1855972093317207,0.036624957290011834
2023-09-27,0.014058111897848877,0.04712849435885048,0.039722716181806075,0.06274636702787735,0.04295997042116863,0.10261098179049115,0.0607123008848184,0.06074920443940509,0.041911326622432285,0.08658964844357064,0.04184765005830348,0.12462420691835115,0.029558718392482294,0.03975484615176264,0.17953180978020458,0.03528871951573309
2023-09-28,0.014457156246598045,0.048836213268345564,0.04084839045709228,0.06393710865151578,0.04412264446974949,0.10548790773534378,0.06366629847549095,0.0625192315101942,0.04311858107571187,0.08864161639642945,0.043022577506834234,0.12779438585171446,0.030295002448087714,0.04102381959201473,0.18415415538017096,0.03615386943730074
2023-09-29,0.014844812079717726,0.04997764361103098,0.042030666072399685,0.06562132258580834,0.045371535112679016,0.10798432539043784,0.06543438439903079,0.06420589530006823,0.04421839448018758,0.09054263898484738,0.04409986909291773,0.13089824200503328,0.031058713549154335,0.04213063757721977,0.18872268206569276,0.03712458876159633
2023-10-02,0.025631622387584832,0.09692534060014919,0.07035636927287693,0.06212781802552699,0.024221506913579206,0.09079231915855913,0.12843907452900824,0.05267309969699905,0.06821718989416098,0.06519263176960131,0.07041042841604565,0.05426773829997022,0.028983978145896754,0.010553914727194582,0.05303435215440486,0.05080396590339596
2023-10-03,0.02568528990196788,0.09801292981319656,0.0709785407563559,0.06240394389447443,0.024244596402241726,0.09099006784331182,0.13000197234479227,0.053152781503640244,0.06904993930599765,0.06545104664253983,0.07046831833050096,0.054575036168180206,0.02914847811584191,0.010469580374476336,0.05329290041808778,0.051199598686796924
2023-10-04,0.02591112253707695,0.09995444944200096,0.07142879590956931,0.06381051511400658,0.024370135923992935,0.0920237012460696,0.1329160191343662,0.05363080358057656,0.06978253911681777,0.06634442369844891,0.07119165647118947,0.05504300734127587,0.029538858415785546,0.01051420143963292,0.05367633435384153,0.051559188855886645
2023-10-05,0.025958249292939155,0.09925735052993809,0.0722503596283136,0.06340304120576873,0.024484937398266925,0.09219283651737505,0.13090629339269383,0.05376988024479433,0.07010038801394218,0.06661762723137585,0.07127661560593351,0.055362189181934744,0.02950532461164706,0.010591180670685133,0.05374867973154843,0.05192790672390197
2023-10-06,0.02609653360084547,0.0999480516818821,0.07194885433516221,0.06443305806491781,0.024538279745805844,0.09250196110315322,0.1310686911873072,0.05394347442341117,0.07043290003948534,0.0668061307614408,0.07153553788812989,0.055348773775205445,0.029577580797108052,0.010645459287379299,0.05408961692670473,0.052261194005082744
2023-10-09,0.03665428931044252,0.10665348840439787,0.030500109141951285,0.05010399032204901,0.04052572370598945,0.07155202153577137,0.14420641827533817,0.041033727574625485,0.04669282001435235,0.0478979084432554,0.02942902790505357,0.01775278270348424,0.044884457928040314,0.11792229917585406,0.06572583113128784,0.043761886145889224
2023-10-10,0.03204434842316294,0.0915725817263848,0.02643888766307792,0.04388273090198378,0.0354819309292151,0.06260237159532177,0.12192882146824538,0.035879568054913616,0.040917854842244444,0.041963877042598394,0.025809948942128635,0.015530654231098678,0.03933874781338271,0.10265721126974031,0.057360799052573935,0.03826824432764381
2023-10-11,0.03292014651034069,0.093801762495395,0.02707953675518853,0.04478820877095402,0.03644526636871991,0.06438754508086626,0.12561346431393766,0.036732920120513754,0.04185062133231839,0.04304030847225224,0.02649156220185081,0.015945767526030826,0.04032047308072693,0.10617941832720394,0.05895109371218478,0.03934842758883755
2023-10-12,0.03142565007816337,0.08841552760366474,0.025777245659506395,0.042766668727628576,0.03487507243588412,0.06137410180578882,0.11748627913176643,0.034948744194432155,0.04005469286519309,0.040933556752524115,0.025335317308028082,0.015186087546574646,0.03832611981073276,0.09982573368502998,0.05610905356853807,0.03760095999680005
2023-10-13,0.031816592182570165,0.09045444530079623,0.02631622983786962,0.043425293932927,0.035045056257424295,0.0620999463784871,0.11968791025486672,0.035427261685390815,0.040718750684140166,0.04139487026537061,0.02548271577123905,0.015385094971554929,0.03885938708857911,0.09869458892970343,0.05684490558779265,0.03798887975465011
2023-10-16,0.03774177720899507,0.027563499096707696,0.010762635210891363,0.07272599652849016,0.04633687406363647,0.10626635377289813,0.01970659118845176,0.035736416780206635,0.05200108009150319,0.040082224821634364,0.020277561652627937,0.05031171363401117,0.03292370529076856,0.07026532611436351,0.02957556417495892,0.07171356207621711
2023-10-17,0.038734080735883566,0.028410333980146602,0.01112219072871539,0.07440217885539131,0.04729342597658369,0.1090329935001927,0.020206067423296996,0.03668647815586542,0.05335824682675936,0.04118503347897235,0.02081324441006827,0.05167646261430597,0.03371199516263253,0.07250745563199519,0.030309169261577115,0.07392382846509235
2023-10-18,0.039364982482630276,0.029154784361204004,0.01134111989020689,0.07538021068508703,0.04797634206100305,0.1108513423197007,0.02061690457590937,0.03720825327412559,0.054076922169832994,0.04179840320005867,0.021172531937365555,0.052579430994051095,0.03422571309554121,0.07500339946281852,0.030803472916653144,0.07509296067912229
2023-10-19,0.04028005982968347,0.029730571126231797,0.011559055077208976,0.07786247409033298,0.048963827361934414,0.11299697909064106,0.02101043034345164,0.03817744041177532,0.0554351160220306,0.042921670928304075,0.02164922045724435,0.05388067833422703,0.03527590400240369,0.07497264714169606,0.0314779106646465,0.07655197075275585
2023-10-20,0.040560317086074535,0.030098556074966316,0.01158985457225502,0.07865822510379407,0.04916023618850918,0.1136509340122448,0.02141300389729687,0.038670224860832526,0.05590855250585481,0.043237734641012486,0.021805303218523166,0.05443751529007509,0.035724717050177004,0.07491445633647996,0.03175516682652237,0.0772234236336916
2023-10-23,0.05898323571343153,0.05611118570814746,0.007063532014516803,0.07198190049290848,0.08289700865778754,0.028564946017115754,0.03755509616567208,0.06026360957899628,0.09751752159576134,0.02697213895888589,0.06606978778346284,0.03149038124171102,0.03502884093958351,0.05656875315342929,0.012415651221285481,0.07047286658328326
2023-10-24,0.06063223042775933,0.05758655241737251,0.007241477559188678,0.07371813013189922,0.0851543352943489,0.029417489222608395,0.03913753958499909,0.06240613477594729,0.10062517873515901,0.027699680325446473,0.06757246984774594,0.03237369099372143,0.036010980858453744,0.05853188729101499,0.012759573228108141,0.07289874853695999
2023-10-25,0.059890777306824294,0.05658574429687764,0.007198354182032627,0.07258189952478386,0.08461020270250309,0.02916266661711193,0.03790882534037845,0.06150683632170202,0.0991446916414159,0.02734894687067415,0.0668632290421741,0.0319563874708015,0.03544897474170282,0.05861501280730248,0.012640018631229068,0.07175549570552948
2023-10-26,0.058689428078845,0.05623392439318238,0.007080673221282908,0.07249256630188473,0.08268168172144465,0.02856548791469576,0.03764117354145824,0.060341206229508004,0.09697687153018963,0.02703870629442921,0.06551485279811413,0.03135496926115631,0.03510404792300646,0.05577131280013008,0.012400726010341912,0.07051847126297196
2023-10-27,0.06067648514082659,0.057998331367282926,0.007301455965991585,0.07491191847477105,0.08618382656918298,0.02967421443523499,0.0381269742039171,0.061906354689580056,0.09920075899692657,0.02785356624370525,0.06795298647644439,0.03220189015395398,0.03607490184054143,0.05785567797344542,0.01280139371040788,0.07249332314686839
2023-10-30,0.07172091047529713,0.03794721791213567,0.0828602278768286,0.10211250181065404,0.06277994597837387,0.021507913198649233,0.061054287732964105,0.02607356786151871,0.0320570610928351,0.01674599364511515,0.06788559171433099,0.04022955945764047,0.028355680731536888,0.08109299828619819,0.05318085849433445,0.05605936302024142
2023-10-31,0.07397060623406664,0.038885685379108005,0.08585365931657485,0.10523353556407428,0.06436345563659145,0.022048121489908878,0.06280761471446003,0.026729484458259175,0.03299630875214854,0.01726617108460391,0.06963597604814413,0.04153424844175569,0.02930813692159561,0.08219563659516589,0.05481561477992334,0.05794055033591861
2023-11-01,0.07559105036827397,0.040060220203674744,0.0882012831442574,0.10795846956041777,0.06586869548008704,0.022586288525232173,0.0630290484683813,0.02729615810621339,0.03367922584203756,0.017671885864506888,0.07150501664825365,0.04266292623208683,0.029869281966399326,0.08565500703235246,0.05600336633332796,0.05914820421612213
2023-11-02,0.07607760468320202,0.03981235584913988,0.08898880799097687,0.10992046359530354,0.0665558425595696,0.02267698657382645,0.06403981461797115,0.02758581788314621,0.03391516555521924,0.017780075561072233,0.07208066882887189,0.04305016545619062,0.029952519113937814,0.08508374920798184,0.05634452545164402,0.05948056383212632
2023-11-03,0.07166975276039247,0.03689717761433618,0.083369398933093,0.10234074977654042,0.06289123830055925,0.021256250827247674,0.059501828578055936,0.025903707055553008,0.03193102012240573,0.016694067938788148,0.06784450246708307,0.04037962143643347,0.028104633749545554,0.08464230313828337,0.05313835044451768,0.05562740543504515
2023-11-06,0.042526093647426724,0.1512099794555175,0.05837233499828919,0.046699823389139423,0.061702952870058315,0.02637559797752415,0.10018700465845641,0.03988536990709828,0.05105761832957211,0.05952461818700882,0.024044821662992814,0.04293404392349803,0.05030625633802499,0.016170659011866224,0.07194799471174212,0.017513672293023468
2023-11-07,0.04095937706897751,0.14652338902149306,0.05667719238719627,0.0455588572265109,0.05932213339347029,0.025162626808069074,0.09858906180966859,0.03873636238190947,0.049533540954900125,0.05771574450205546,0.02310907793320661,0.04162912397833229,0.048733662613928065,0.015326115713663489,0.06934820283527587,0.016949598659460954
2023-11-08,0.041977541816795305,0.15057370713330334,0.05865758988230625,0.0464665313825748,0.06114975787201455,0.025859953945349762,0.10135288461280915,0.03975173540924119,0.0511377848980893,0.059324143193323874,0.0238089681001083,0.042685814198345155,0.04997548490095818,0.016105184749426876,0.07129021279029239,0.017429293609441152
2023-11-09,0.04241786522758756,0.15220467306722912,0.05936945924061573,0.04680334147775852,0.06209982393991504,0.026081012403450118,0.10321471100245601,0.04040984736640706,0.05191949886525862,0.0600138152186864,0.02391310908109076,0.043140930201396366,0.05050749294057451,0.016103687821725915,0.07197471541272196,0.017625151992848472
2023-11-10,0.041769510921608057,0.1513376878980899,0.0588153065550575,0.046242113666672545,0.06059237526955173,0.02562533621296238,0.1024551362406208,0.039766077328031856,0.0510497309625832,0.058873059430390805,0.023391172450803153,0.042400566201576874,0.04974992559333512,0.015519402582932579,0.0706863837311455,0.01740907222730258
2023-11-13,0.06367052098090156,0.052560603300450315,0.07097302755795486,0.1541744273676896,0.053937818982631516,0.07198046138836293,0.05681160501888959,0.0923042313393428,0.02502777121236912,0.055449289864836826,0.03611892361306231,0.020426242681296426,0.01950038319029488,0.03908348562310543,0.06183745091687842,0.01903274263024597
2023-11-14,0.06559831888736917,0.054111970926011915,0.07273221940432191,0.1592025417516466,0.05538789933604665,0.07404202425857327,0.05861597006548484,0.09562128046748457,0.025795783975305787,0.057282356484072795,0.037091116980453885,0.021096161836508854,0.02010180236099196,0.04051454601338628,0.06386049730853025,0.019659930204533816
2023-11-15,0.05522078559040407,0.0440223709076099,0.06032615226285609,0.13171031789314913,0.046513230607989536,0.06235408263201858,0.046404355719953015,0.0795855620249651,0.02152623179957027,0.04769906892459408,0.03133264436971148,0.017510685055835026,0.016698946328813618,0.034591053867911704,0.053547808034755846,0.016306605930848324
2023-11-16,0.05705391955777512,0.045750095036947595,0.06273909834362797,0.1344609557250945,0.04792092726218899,0.06427978212140037,0.04807723063367335,0.08138916620527235,0.022133797063892614,0.04908876473765471,0.0324904863034957,0.018032033409267383,0.017222379757440398,0.03647717299645762,0.05535050886779391,0.016798889316344722
2023-11-17,0.059079864616052594,0.04704762565036529,0.06523815570007685,0.13911776777514243,0.049681104305395046,0.06622675150631456,0.04936131998488387,0.08448599654193321,0.022933623590866214,0.050860416037342836,0.033579504212515335,0.01866798770643449,0.017804357429568304,0.03703714726215985,0.057179750944813465,0.017435351975256266
2023-11-20,0.07864274431698216,0.09315937980957027,0.02455627184405706,0.03871723802535815,0.02967778991364362,0.032727200350082156,0.03819882240607147,0.01838417990512766,0.045381345391285424,0.0616468763491022,0.006874476170847544,0.11836804137401452,0.12452514056949951,0.030289929414748704,0.03537010264266137,0.049576348844557395
2023-11-21,0.08065621947098325,0.09488299631984284,0.025228276976687454,0.039569117623534364,0.030488444543360242,0.03351288847845793,0.039438280240158656,0.018953277809317142,0.04671887292546168,0.0632831690691764,0.007051443759716119,0.12107022572072125,0.12784431394084023,0.03159789613936665,0.036366265252900716,0.050909949607241566
2023-11-22,0.082638539299521,0.09723825451765591,0.025789593352222428,0.04088065826888738,0.031177972295158705,0.03436366836267046,0.04012115645561833,0.019436111404029125,0.047960815120622585,0.06520648930061577,0.007191648635725655,0.1247805313791388,0.13110409558124872,0.031878659679355784,0.03730563051048034,0.05226720790326644
2023-11-24,0.08493505213790548,0.10095016209069897,0.026690475605502532,0.04196535930124393,0.03214947242537341,0.0353532891236137,0.04120436165138806,0.019932322606511503,0.04927906770176696,0.06730792024576421,0.007411772774304144,0.1282994064902672,0.13475657292832116,0.03295178695653535,0.038354412398165,0.053637900942694515
2023-11-27,0.011781324691025634,0.08075810023977546,0.05892445127815985,0.06259736661940223,0.030845606931427256,0.07765120808404086,0.06891278132579795,0.01209029202333174,0.055464501158401444,0.05762500640263874,0.05778567366235218,0.07996596274052847,0.09402109861743922,0.10675701250823243,0.012927023477568652,0.052981007532109235
2023-11-28,0.012143336731056924,0.08272109752114326,0.06105740484876677,0.06416141245225264,0.03187918056055719,0.07995208560926607,0.07041214675987446,0.012449743464607541,0.0571394017394812,0.05927097721493721,0.05961045116874197,0.08228319408226652,0.09676818342069088,0.1118132389897593,0.013325488336588519,0.054739129405806594
2023-11-29,0.012369744424357927,0.08346968900017514,0.061545609052473034,0.06457475929323755,0.03237649146369443,0.0814618027358083,0.06985786138923296,0.012621619978423855,0.05807317568886732,0.06023264117763651,0.060510664336404764,0.08373045184442718,0.09854135607271758,0.11673261954358778,0.01359624072738898,0.055770308687243475
2023-11-30,0.012694050639510616,0.0850791071435508,0.0626324135932724,0.06565304119879421,0.0333296932951171,0.08346517488145395,0.07030206972267246,0.012922688200346588,0.05939660756608515,0.06150963779555576,0.06241266921862764,0.08558860189436808,0.10056989829816686,0.12024444317698443,0.013939384743477688,0.056939292533534185
2023-12-01,0.01282980911139661,0.08639418821761352,0.06343667448948812,0.0665987723853442,0.033521376929432356,0.08412763414905103,0.07036100091318401,0.012930384775239502,0.05976909034072462,0.06236367737125766,0.06311671859682864,0.08626404884161945,0.10164767546878004,0.11832110590853932,0.014077408810994889,0.057205122565521446
2023-12-04,0.09234593153823376,0.04115419403203817,0.019346424420636457,0.03508042506260543,0.01670933412796315,0.087083369975143,0.047848855222445995,0.050053151039895716,0.02464661345690865,0.014041042144592841,0.04840211177110082,0.04644936754028508,0.04256530408768831,0.04329515874649113,0.04659177479268968,0.06194672241921771
2023-12-05,0.0916713663832828,0.041677049575317496,0.019510047404127477,0.03481775987781599,0.016709562638910744,0.0867140602811034,0.048513214849712334,0.04982288704575247,0.02460218687066833,0.01403263092858226,0.048394840964269825,0.046518711062831876,0.04260966750512908,0.04409331445409214,0.04645945518879151,0.061841370199227384
2023-12-06,0.09400622203925632,0.04257953650564485,0.019940141909239546,0.03597085717077834,0.017262304125551364,0.08914217452347549,0.049894979310647104,0.05135423517901321,0.025381517006972408,0.0144194647033083,0.04986915816228836,0.047743868365073924,0.04382762276255569,0.04499411026727436,0.04786065463230094,0.06368752008361533
2023-12-07,0.09653137864300168,0.043841065385427744,0.020648821292985207,0.036750775119739953,0.0178134368375606,0.09162020975998722,0.05126645475646339,0.05221519640254389,0.026031739181641554,0.014801706653151106,0.051339397215257807,0.049068478706023336,0.044923196671400586,0.0460391489862159,0.04903195246072873,0.06548743820801362
2023-12-08,0.09952243642762829,0.04472811664278768,0.02109972367282669,0.037693978331606856,0.018304639830140954,0.09464426045171674,0.05315384224219786,0.054276829952220426,0.02689285881056729,0.015229188552953792,0.05311729417010122,0.050479275648860684,0.04609014069471006,0.0472459683823548,0.05067229621107709,0.0675257236477703
2023-12-11,0.04870095014635029,0.031240361547025065,0.010001534254281064,0.19136129024709045,0.008891018350741686,0.042070170650805386,0.0459673790471274,0.04455885898006825,0.05185131611056353,0.09980355052694172,0.1883046980608312,0.08531832778731548,0.03673296981000481,0.052872914285063986,0.025339881608873207,0.055243162077039554
2023-12-12,0.048730510603037215,0.031417780931991046,0.010142388633381693,0.19220604684268827,0.008860261617775223,0.04211349268966927,0.0463148708020064,0.044862521808550083,0.05212357580569137,0.10062915376407454,0.18982650034699944,0.0856316749882282,0.03687951290796485,0.05181676809760348,0.0253347855830665,0.05515651595289173
2023-12-13,0.050020280600027486,0.032108872102329586,0.010418691440578082,0.198447552577222,0.009068567608855634,0.043231682746869136,0.04821333069059882,0.04620681299841954,0.05370619959345212,0.10348301578970483,0.1937985588959533,0.08803839357792757,0.03784831497118832,0.052662280729007235,0.025942943434963145,0.05656554219294542
2023-12-14,0.0367263742681476,0.02329135660841015,0.007599709526880925,0.14191113684840095,0.006704903624092331,0.032009874065754264,0.03343637400738805,0.0336441525926361,0.03931980941969722,0.07606637530554033,0.14264575278867656,0.06436175803904635,0.027809475734555812,0.03929959194926621,0.019219614889604737,0.0411980388420313
2023-12-15,0.03684057679206379,0.022707848984335165,0.007472616939044003,0.1345083472303217,0.006710175422732785,0.03207237271302247,0.032628923170543646,0.03302621042591772,0.03875581752122089,0.07419844404957714,0.1439254235095686,0.06324293564899704,0.027513452699900492,0.040154102667756056,0.01902473907768758,0.0407245346859248
2023-12-18,0.02340961956308066,0.03171836581395774,0.10405131582983404,0.034951129825745504,0.041506761774414855,0.013784777653435635,0.0405523427435779,0.0202231099576218,0.014002362991023663,0.017717982660021357,0.031621765793256415,0.025952835727167892,0.034809949351331505,0.034415219500134986,0.027116927416584308,0.04359096282193421
2023-12-19,0.02407588837248943,0.03252799060344259,0.10679342948925756,0.036343210409156064,0.04261491399807963,0.0141483651807894,0.0416569701872825,0.0209705516320049,0.014464830585822668,0.018311370610599887,0.032355531246734556,0.02665685912629606,0.03597653820459537,0.03522574138030971,0.027975983172191358,0.04489035856956909
2023-12-20,0.02484628082186781,0.03338191635943143,0.11014212493569031,0.03692208899375708,0.04380142029227734,0.01464246833001202,0.04288689294505088,0.021582093803340252,0.01487615716983151,0.018821431034821055,0.03345195286255135,0.027399867159185694,0.03701137200011188,0.037419414099741546,0.02881771037830485,0.04621373686550306
2023-12-21,0.0245542156323268,0.033176098188676714,0.10950687902906699,0.036626419815019295,0.04351384733882801,0.01444208596294702,0.042443740667793446,0.02130608309525653,0.014707646070790219,0.018501858230311863,0.03293421105293496,0.027147655003504207,0.03655733984649247,0.03631214245194024,0.028431369984177928,0.04570640814968244
2023-12-22,0.02534747559371574,0.03404241142429339,0.11241094580309617,0.03743561592509442,0.044783898760884434,0.014894836522432306,0.044032558053696456,0.02200610264693863,0.015143991094515669,0.01911668102395639,0.03401767541989358,0.027952756365057528,0.03770808050215429,0.03772740762777516,0.029428497880432492,0.04719318680475033
2023-12-26,0.0600300935695265,0.04128438168687168,0.036577141984030774,0.06632252758053574,0.04961297249053289,0.077639716387071,0.0376656041660135,0.0743008996739487,0.054086842490385804,0.03648996861122356,0.056363131140170886,0.04791418884790822,0.017424924605502167,0.05824977615722723,0.03406319719187835,0.08775956669678486
2023-12-27,0.06155816386379062,0.04210638686367707,0.037326840018165615,0.06793493466687281,0.050807804745434886,0.07980627510569528,0.0384887372285514,0.0763169488442157,0.055522729119657145,0.03742122734459507,0.05815170440233859,0.04913532352832628,0.017865154487684592,0.06026248058896769,0.03494933671942064,0.09009031432963993
2023-12-28,0.06342165076248425,0.043246991695637,0.03881029166748635,0.06970603490219938,0.05245756437288937,0.08200952675033132,0.03947981856536712,0.0783640047043737,0.057024417849808544,0.038444132922459885,0.05974494973164641,0.05044467787590469,0.01834469490399303,0.062156840585573775,0.03593485412768259,0.09267075578321353
2023-12-29,0.06493856758275708,0.044322274081189,0.03969111456320607,0.07115536071821318,0.053754544494458635,0.08415342433902508,0.04035268985103041,0.08025005695630703,0.058420814328490576,0.039442131986180594,0.061294738193380924,0.051744770210907384,0.018824693049074092,0.06359030632787643,0.03682340105556587,0.0949477272123968
2024-01-02,0.10133921493131932,0.10786682986330003,0.018366127906130167,0.04614659784798179,0.053793774047050866,0.050917370008895665,0.03833673444706838,0.04322422577364051,0.02408985351603746,0.004329001932332832,0.1828336334103164,0.03954231109945759,0.029146303785196927,0.028202955322948038,0.09228672821138242,0.03714190852583651
2024-01-03,0.10082063498912298,0.10784047179002819,0.01814406285990178,0.04660668098664312,0.053754238350686344,0.05074953216870169,0.03805341238956591,0.042563964086328815,0.0239424689425907,0.004330064391410748,0.18313506577985478,0.03953546215512837,0.02918813214338538,0.0275238544161459,0.09204133914264213,0.036945390850886405
2024-01-04,0.09576015784699073,0.10271799585114053,0.017169837972679097,0.045945579627532686,0.05137628864894314,0.048387344132378246,0.03692194057887102,0.040803012542160226,0.022959275449889804,0.004158422745983594,0.17468255665793983,0.037823979118071914,0.027945684045436667,0.0256225187501853,0.0874612727287495,0.0353233591809476
2024-01-05,0.09743409309100032,0.10554724943613769,0.017425960495127225,0.04642986308281589,0.05210485683407487,0.049244521352505004,0.03794812241901687,0.04153543660533348,0.023341039041136293,0.004232606069007266,0.17714614371887427,0.03854787181705135,0.028550191640964923,0.026429966380190326,0.0891954529833539,0.036007903979058106
2024-01-08,0.0920117404861264,0.025236284629948546,0.09173026136239637,0.043556689391880885,0.07002502361535967,0.13951985668900985,0.015898025070694613,0.05694224649772459,0.06498190849384515,0.050371801418796186,0.06192006083946939,0.03474168756536518,0.03935900557972445,0.01229112536368562,0.05403581321956386,0.05520145178660858
2024-01-09,0.09445744416164789,0.026006385135115977,0.09546190856135152,0.04406438658326977,0.0718170231239437,0.14312779358105576,0.01631157943490838,0.05885576311015641,0.0667019814290372,0.051532626399497475,0.06344552741899043,0.03550444861097258,0.04017008706539927,0.012688079601122238,0.05530483714565935,0.05646459230047644
2024-01-10,0.0975114920660878,0.02697634354391228,0.09749406768355486,0.04587125134707156,0.07411461496773593,0.14787211668608152,0.016740738102340426,0.06143022487626957,0.06922413883951177,0.05333404674482255,0.065278139022786,0.036809026167878706,0.04149401814599386,0.013047872657665095,0.05712963859825211,0.058428218265438765
2024-01-11,0.09987550782136996,0.02790571804632877,0.10064240548933837,0.04706949983233897,0.07567463158097404,0.15135244011573798,0.017272450580280065,0.06323391425607805,0.07102515780858534,0.05463920731563982,0.06645369690107138,0.03764089784272737,0.042536171422548966,0.013243160431448865,0.05884790511202209,0.05983213947172377
2024-01-12,0.10294581121790473,0.028541234614883625,0.10352696608009286,0.04884359488359895,0.07821568133976922,0.15630759751479004,0.017767374359870573,0.06572900900968905,0.07359846961822619,0.056462130958455925,0.06835953389423668,0.038945339071725316,0.04401048818396448,0.013314425240884081,0.06029142932811669,0.06181948987532112
2024-01-16,0.044644702875536554,0.033967570448331,0.055669519118384,0.02988104011833695,0.09986393194004513,0.08670076076094696,0.05526542348165758,0.057190706508119374,0.07085323304282128,0.04401004374519059,0.1268636458387752,0.061211837692765905,0.05513225568319616,0.05650364172489626,0.029310930584925846,0.07062821540097415
2024-01-17,0.04484375267521395,0.03457397107094586,0.055462480606713244,0.030419302989818108,0.10040862901310482,0.08721554761158448,0.05605662335209016,0.05827562193111482,0.0716298130693651,0.04441005168194566,0.12800337794095615,0.06181483684853281,0.055612982953770686,0.057086147940314955,0.029511433581361008,0.07132325261674968
2024-01-18,0.04327396552360927,0.033628610946926936,0.053150966325511806,0.029544385710454476,0.09706755322996373,0.08434165032528548,0.05601559090448983,0.05662402704721166,0.06962997805955627,0.04315267344567397,0.12371474409600784,0.059919149092693295,0.05404405893116012,0.055034311494428126,0.028503773392544077,0.06929256373141603
2024-01-19,0.042074871755986766,0.0326168223053448,0.05117543512363892,0.028694785201534668,0.09404361583799786,0.08187459552291879,0.053976775774674975,0.05525618743720761,0.0679107940657753,0.04205531830773543,0.11969892626787826,0.05838698413343539,0.05241676557924458,0.05232434291128286,0.02769057326859827,0.06725288232270724
2024-01-22,0.04545215599541056,0.0728624136983485,0.017284437850146727,0.1007915752719632,0.02843299950085634,0.033623024072551334,0.0387975548538188,0.07751045863464891,0.10947233774817314,0.09571494398028939,0.02379741307388869,0.05516447730948932,0.05394310214973699,0.04931395412975342,0.05167406498800147,0.07418592213132193
2024-01-23,0.04665018377653298,0.07512548705745463,0.01780822473671976,0.10287619936837979,0.029256354917598995,0.03448328489349129,0.03959265245796474,0.07973600417165941,0.11260906939703515,0.09825101500045257,0.024479344321944634,0.056763231983733176,0.05536665028586187,0.05175471764036401,0.053110061464959425,0.07611150211827128
2024-01-24,0.04803267830669046,0.07716891537779272,0.018043398200888537,0.10624788606813118,0.030068547901183,0.035504613888641894,0.040473111138114824,0.0820826225868314,0.11566438041782665,0.10168360518081071,0.025284965522394363,0.05869903462490243,0.05715089745527334,0.053181439205841556,0.05463331731316431,0.07848887032094495
2024-01-25,0.04861659368963708,0.07757393805368853,0.017861013685814418,0.10805209087152774,0.030234892637813756,0.035769764789890746,0.04173391095454661,0.08370890322944455,0.11699236870284606,0.10245234177567782,0.02541945594327093,0.059118351465600356,0.057675185907814015,0.05225456792324122,0.0552088381252403,0.0793821401839938
2024-01-26,0.04742098814425711,0.07568474413636155,0.0175421286877254,0.10515065392064815,0.02963457112397787,0.03505732620023562,0.040119110769956244,0.08185791197430087,0.11385108977708881,0.09996429454307203,0.024991124581721817,0.057709317734052384,0.056341246543884095,0.05022159723030878,0.05390789708524017,0.07707572302495126
2024-01-29,0.04756390046745809,0.06348589979055061,0.06397180634760567,0.10807781564760724,0.00872380111379719,0.027919295764629804,0.036563780232357596,0.11491735534988592,0.0873280797527976,0.09233541223928708,0.005284976347453252,0.08532980423280477,0.09876398335737477,0.06702906738159499,0.041412224832604316,0.04287479612100254
2024-01-30,0.0483800084512087,0.06421850122777853,0.06615989819995224,0.10775565184620471,0.008864474786437626,0.028261936345615152,0.036528199749207325,0.1166757301673211,0.0887068734526376,0.09339149249561225,0.0053531106450897875,0.08638964361429591,0.10001915038381304,0.07019629432935642,0.04196103554867382,0.04336105813669348
2024-01-31,0.0485836771326856,0.06442590425829223,0.06547498313084558,0.10948805684653236,0.008895312206226245,0.028348004635733476,0.03698663102275265,0.11741310955073607,0.08942127601115504,0.0943262912067206,0.005421136428037142,0.08710987630957606,0.10122333081293938,0.06911469662596552,0.04202709257752846,0.043635634568307456
2024-02-01,0.0464886506948172,0.061393885719006544,0.06288806669973072,0.10562636828170706,0.00854613789057689,0.02702994590138737,0.03525363440566243,0.11198702811853695,0.08549901970518088,0.09018572437212653,0.005209674724528468,0.08356439961379498,0.09708251695657201,0.06538074714755791,0.04015057112379908,0.041956860947386265
2024-02-02,0.04627052333629984,0.06150615292497548,0.0639608101902259,0.10593217035265363,0.008555208458661694,0.026770071048049206,0.034300891682585107,0.11171746279977009,0.0851037618732918,0.08999398457822472,0.005185728895498596,0.08330690350542554,0.09687134355371778,0.06469179240012367,0.039912910876562464,0.04168619339528408
2024-02-05,0.04945414116522458,0.10549909633910731,0.01219140461218524,0.06561690314734168,0.01957410247794573,0.05461571247879533,0.017288941430527623,0.07281940032145014,0.06636023736109853,0.07300520804053459,0.02638111987333299,0.11448423291520193,0.15154475929902142,0.07247960296767168,0.014235843099637692,0.07904724656953437
2024-02-06,0.04943626747973662,0.10537747547103542,0.012100072810870386,0.0662270467016825,0.01956216650110826,0.054680386610074336,0.017668255516041054,0.07366962186609073,0.06690702148461866,0.07320411187950275,0.026331144502505736,0.11490245638620697,0.15167973944511207,0.07095778855166451,0.014250014066192557,0.07957996696429438
2024-02-07,0.049638762899204575,0.10522412879349537,0.012122591227113967,0.06591403614837843,0.01957950195787657,0.054686389631385224,0.01766132896185977,0.07307508004703331,0.06679673514549342,0.07316227198398627,0.026378456634935276,0.11483803306733006,0.15163113963808544,0.07280927595130368,0.014308423366253797,0.07958687363405012
2024-02-08,0.05071026686288651,0.10728215215665052,0.012401960324509948,0.06725462307607281,0.019943506323271337,0.05586017213004505,0.017966067595993774,0.07545542007756899,0.06869668072809341,0.07484362280950359,0.026847590054641164,0.11720861983818552,0.15503768199383883,0.07457209592303124,0.014624237780630689,0.0810651451922187
2024-02-09,0.05039976255575544,0.10686832478183421,0.012323249586163583,0.06627781780924681,0.019770996491512663,0.05606993985048068,0.017844747070649727,0.07530060294552697,0.06833298198598098,0.07409864178456205,0.026616008836050323,0.11626588499908642,0.15364081159019488,0.07623431755347099,0.014539191471307347,0.08037755904613385
2024-02-12,0.046528877695547755,0.08147089396406242,0.04880464276102412,0.04681176611637063,0.050272888507107934,0.017584708695103382,0.03577160241009529,0.10391385193028095,0.1214203918340635,0.07016112013175456,0.04597602122890496,0.10717673997524335,0.04479267146747699,0.033587988801456796,0.05030625279506796,0.06458883203983432
2024-02-13,0.046494738865949396,0.08102462617909953,0.0487682692080306,0.04603259728080283,0.05028927415128196,0.01756138280176659,0.03599662519477922,0.10295946854762546,0.1210431387655216,0.06990407544086247,0.04635391893121608,0.10687433833157756,0.04473795188066943,0.03417254774603694,0.05016471167026925,0.06443109528308362
2024-02-14,0.040674489914458,0.0712313384763475,0.0426146526253578,0.041348215373548,0.044169929273826514,0.01538173164861862,0.032506609768481444,0.09121465468617251,0.10687484238435717,0.06166627259321402,0.040564302519466425,0.09442915110931016,0.039419280564918516,0.029297278828298582,0.0440423249306089,0.057089771966692696
2024-02-15,0.04125627286810003,0.0723059954233897,0.04351272352353104,0.04104444756046266,0.04472136856586783,0.015577982391989752,0.03294030893586641,0.09295240622416345,0.10808338714524643,0.06227432796149102,0.04108756149826863,0.09539878778837793,0.039797739308640924,0.030663753215295866,0.044473952880589154,0.05746427203943835
2024-02-16,0.04002477062691628,0.07015872575388638,0.042499574867187924,0.03941679020532918,0.0431688170187883,0.01506598509131423,0.031471480443214676,0.08924057917608004,0.10416282537925857,0.06016095874379014,0.03980602173556681,0.09187815663040673,0.03838737508177365,0.030015782897493633,0.04314369548472763,0.055288168594433425
2024-02-20,0.10625104227285329,0.040096434311232505,0.03657101019118236,0.010753513943072165,0.0227156678777801,0.018019847674077126,0.03512177382182791,0.08887458163987005,0.08114754893611895,0.03891864621216462,0.17109870884555067,0.03447319150655302,0.037200344536885525,0.03680868098838718,0.08670217203218823,0.01351525889865685
2024-02-21,0.10991225547682427,0.04140218468524284,0.03769755079986226,0.011253235366360047,0.023482272602285102,0.01862554586729556,0.03602983631124723,0.09148369955772873,0.08392210315761994,0.04048234838489418,0.17796239233383038,0.03587899773970169,0.038628604444672955,0.037243737205834966,0.08978983237243178,0.014057458929043046
2024-02-22,0.11328337259781206,0.042897712125160435,0.038531445342667746,0.011721441078320752,0.024213449927876707,0.019236738605985418,0.0373648638495842,0.09371838864474145,0.08679685204682584,0.041887571403997445,0.18389954206732276,0.03716725113070243,0.03999989862127518,0.03750381782269099,0.09270919273924311,0.01452501788184687
2024-02-23,0.11119372795449894,0.0421864104148831,0.03796060448291231,0.011549963422853766,0.02361487383294941,0.01879323270187908,0.03677912794180145,0.09361703179750636,0.08586218719445163,0.04107897651636709,0.178516210924377,0.03623729587226105,0.03914826957205351,0.03653956752189061,0.09085227783120471,0.014208275142529439
2024-02-26,0.12108872803825177,0.09214681789609996,0.06816218491273777,0.0642748871275549,0.022254422116814852,0.03313501090701122,0.050461616233706624,0.0410229843676623,0.05843359067864902,0.09946074332578549,0.024228163329021862,0.047531758296117346,0.06494165305389456,0.05035867541593367,0.04153194463270179,0.044348833701040376
2024-02-27,0.12164821016791086,0.09260357175242598,0.06807230352786203,0.06437580397647802,0.022345756509616146,0.033382991661643255,0.05134949659685059,0.04163816158442592,0.059050012427864666,0.1000689415048423,0.024377992742835048,0.04806175413178086,0.06546970182320791,0.052744976915465744,0.04182456757929266,0.04479111325366403
2024-02-28,0.12534584605794502,0.0955179035957321,0.06937581666862151,0.0651591426081173,0.022945846806267857,0.03433213832939961,0.05302463943192512,0.04284374131064812,0.060652341455025835,0.10287263195911624,0.025098323485591316,0.04939749189110732,0.06699184876289915,0.05581416190017298,0.043099488799044496,0.04604776683430534
2024-02-29,0.12890778391552665,0.09832598378879533,0.07125243886195287,0.06746930063736686,0.02373212177532653,0.035428180603182195,0.053817628317398294,0.04428989276700285,0.06261807475925722,0.10614694065078505,0.025918032555681064,0.051000898287511684,0.06919856793400465,0.05768218061251886,0.04440779020554828,0.04749564907735064
2024-03-01,0.13006807801356546,0.09900682915943719,0.07198427406247578,0.06730907631301443,0.023919253407471384,0.035585344875159616,0.05327345332474921,0.04480228988501057,0.06294983274756491,0.10625062919008371,0.026172771595996364,0.051162249043149886,0.0694821606169874,0.05771857871719245,0.04474288383537919,0.047664310911035276
2024-03-04,0.07778984813328414,0.1466021046242902,0.06666014780447432,0.032732357443787705,0.02563202441753103,0.024027083648622723,0.01708578537828053,0.10189477067980889,0.09227916587493738,0.040797699969721726,0.05547483034879425,0.05093615317112596,0.034062686078497655,0.052098185496401606,0.07720570058620618,0.04295828954062016
2024-03-05,0.08012469344738192,0.1508746668877299,0.06810705277649992,0.033849768812863404,0.026343078043649562,0.02479072876653867,0.01724091025574109,0.10588233680234704,0.0951575209320215,0.042057376487563636,0.05746627711620141,0.052534597017524304,0.03507761657701536,0.05357331843399354,0.07965856905334173,0.04432953572620945
2024-03-06,0.08054629374272289,0.15068208548023973,0.06849161333055348,0.03409155658243179,0.026603134964421744,0.024999893375579008,0.017263001782905317,0.10579271988876474,0.09572603553350964,0.042324588902047496,0.058174527322950434,0.053049516538347295,0.03545761037725254,0.05288567549074003,0.08017363580337479,0.04484405782905924
2024-03-07,0.08171905702661582,0.1524812209079058,0.06899089394538763,0.034526503119447834,0.0269027576981513,0.02524543079127848,0.01747655530506212,0.10747670091357868,0.09710434612607105,0.043018745011660885,0.059112717956821645,0.053739899235315455,0.035787141440905425,0.05382915160718065,0.08114696572351848,0.04539813245934788
2024-03-08,0.08103549158464214,0.1506236243553582,0.06821054262899914,0.03386480756394287,0.026497955764383702,0.02492882404858605,0.017447472307926433,0.10691028915204355,0.09631848230635295,0.042501165698418004,0.05839674391474268,0.053012731669233655,0.03527293323400948,0.052929945698593654,0.0801383150492504,0.04482349815828934
2024-03-11,0.035358785273860015,0.006194399209996697,0.01855832680018363,0.11040110103870171,0.04261157272928538,0.07042777560229525,0.033216148539542745,0.0445390770653651,0.04104602918147304,0.06128410520875811,0.13262865376227387,0.14395117535727742,0.028870056461947603,0.04931255136178958,0.12281627083865655,0.09907590829934186
2024-03-12,0.03521374192925646,0.006135404505350357,0.018372203037268497,0.11098408829776928,0.042490731084915585,0.07027610498279414,0.03328552916585559,0.04396918180945692,0.04091162272636691,0.061399956754163015,0.13298667246761303,0.14369980055364398,0.028884272602130796,0.049337380569276015,0.12241586376728031,0.09887324699536412
2024-03-13,0.035061104074299305,0.006117033224232783,0.01833880210007978,0.11113111539894087,0.0421385282057474,0.06967865388254223,0.03373342410782722,0.044235200507852984,0.04095333375663427,0.06108390381560155,0.13156122193993397,0.1427883574149244,0.02878970201183278,0.047916841759141016,0.12155619815915981,0.09798253671466557
2024-03-14,0.035144205030204816,0.006170194125470882,0.018214164281870532,0.11094709477249946,0.042103754369748385,0.06897901454397204,0.03429974252917098,0.044091411150164905,0.04091829806321308,0.06098553581523307,0.13118798131715242,0.14298810409183813,0.02876982033687917,0.04826529248013784,0.1213162124085438,0.09793946258483749
2024-03-15,0.03526440538554176,0.00623282542464128,0.01825117008898761,0.11284044187272987,0.042384054109975346,0.06931923702551716,0.03482961639441417,0.04437150049267582,0.04130739384409753,0.06139574606439484,0.13096942335685663,0.14434042539165923,0.029071165518948748,0.047388119266002136,0.12192747206327974,0.09870490346011986
2024-03-18,0.08065683718959162,0.10626342007255553,0.09568700676045322,0.05258151912837916,0.024617578321798055,0.015542617011060602,0.03935469501891738,0.04722551672762725,0.04905088793508233,0.09478026604108922,0.052635808479671135,0.03996056087432141,0.0552400383558467,0.027581191288647184,0.09568551807236525,0.09973514762141363
2024-03-19,0.08008663603562997,0.105928111964126,0.0949911827207634,0.05207934037541118,0.024420755167774384,0.015401375774742905,0.039037802925900235,0.047085907278518996,0.04882860431850421,0.09415859625784492,0.05222876948486986,0.03974360724490884,0.05479016719561403,0.027326951254324855,0.09503699771937094,0.09904826502613089
2024-03-20,0.0796205058046546,0.10611301773571832,0.09467252763919025,0.052063694961451495,0.024295945956445335,0.015307961314712694,0.03804136116688251,0.04676984932096996,0.04858059957804813,0.09381698061657812,0.05190458731254641,0.03955030340568367,0.05451055218608185,0.026832353620378606,0.09407851229533436,0.0982097137784203
2024-03-21,0.07878624454167077,0.10529606056939422,0.0937405224325731,0.050529739826373175,0.02398755069322583,0.015120233379560128,0.03723601592128534,0.046197766074341715,0.04802173988260044,0.09248414650024525,0.051525207332859195,0.03898461570581154,0.053936516567802226,0.02692456306428663,0.09348389996866491,0.09709759346620232
2024-03-22,0.0786300641998708,0.10498827890987963,0.0928197593498827,0.049650783149810536,0.023879123054798432,0.014998536905480931,0.03626475569650453,0.04612976622068024,0.047760344748667104,0.09168486898575433,0.05139813222755071,0.03865374739925405,0.053723703517253196,0.02672378911604434,0.09303665597656724,0.09601314818907938
2024-03-25,0.07057332723800008,0.054009020876460506,0.018573639797140717,0.024599181025561738,0.0312227862068499,0.059323029328969226,0.044158683536518986,0.0828897546808651,0.0980561472196133,0.03354095856970922,0.2225063142741814,0.036919947019918534,0.062041854079927565,0.016791966643527466,0.027582972739297468,0.027751854344615887
2024-03-26,0.07060433354845375,0.053971620205301066,0.018493836876013567,0.024520877288203447,0.03109900362014818,0.05942866222359664,0.044867927996244346,0.08315164222309387,0.0979822985923024,0.033507541260142,0.2225123261214078,0.03693998243719083,0.061901093908695054,0.017188334314070196,0.02764469317647974,0.027832796362000697
2024-03-27,0.07046519853474398,0.05394319899098298,0.018520156013988417,0.024543370563067053,0.031160468527380317,0.05965004035781835,0.04479755847530082,0.08310735386587928,0.09797740439397253,0.033609055327860224,0.22353117196984437,0.03706636062357077,0.06210187810543426,0.01717161413675916,0.027641853305468863,0.0279330893796514
2024-03-28,0.06923557867038593,0.0528771293251572,0.01839346412612644,0.024138319025970342,0.030715988137288132,0.058493180905185294,0.04287536085671729,0.08069312098801056,0.0956510601355543,0.033042504613740725,0.2211425699979718,0.03628691536930656,0.06109330559794221,0.01669380803576142,0.02711713519725656,0.02724448341208683
2024-04-01,0.14309320705310286,0.0377037936047518,0.013160086540041986,0.03679813330718498,0.03806048774430863,0.016757361760128226,0.0735756941567602,0.032584142744237356,0.03201288320419431,0.09398884765846251,0.1086865688957072,0.03178451882042062,0.15524643656987608,0.04553655737205196,0.033474475456317064,0.022845740684042118
2024-04-02,0.14330413964119218,0.03802239193852909,0.013131042185066288,0.03717396086137751,0.03793550622926339,0.01675479652569682,0.07434493240922957,0.032748752400040236,0.03208436989222417,0.09416525999740072,0.10865297849090308,0.03181358524460518,0.15537697042501766,0.04501684312992219,0.03351579412404343,0.02296020665954708
2024-04-03,0.1443841218029797,0.03804744832318011,0.013151067889272828,0.03757417026094892,0.03813411678708668,0.016868120705721065,0.07496914302917475,0.033057840714767986,0.032378683670678594,0.09491729604821067,0.10904569388710825,0.03215640778763461,0.1565246119799036,0.044540254944122726,0.03371225804598753,0.02324096207392979
2024-04-04,0.14423945568044808,0.03774175068949497,0.012986385625369464,0.03726836174124306,0.0378130757966559,0.016802592275092402,0.07470026062220893,0.0331494292190813,0.032182294992622776,0.09413177539080039,0.10815614143222906,0.03193064593986286,0.15567342762152145,0.044393357301459525,0.03355990864180439,0.023145219524938233
2024-04-05,0.14616964038563932,0.037858507843942374,0.013114897620153032,0.037665059997319277,0.038460916247521494,0.016887307098559984,0.07645417917707518,0.03342480591351036,0.032510025702884665,0.09511360522211865,0.10951329963301645,0.03231376174506178,0.15781815207216413,0.04527220997809057,0.033934923916203966,0.023456315901282786
2024-04-08,0.10964714378637562,0.042133497084951364,0.054439279345630226,0.035815561482319236,0.010150711627214938,0.04635211030214399,0.009749853259150648,0.04069445103181411,0.05553024723185141,0.15565640657347773,0.05290597223832441,0.11583601433721612,0.0835409193917,0.03214733370053278,0.08011230833947294,0.07599415449370099
2024-04-09,0.10916532593689703,0.042221088934641084,0.05437948101450552,0.035174752356555206,0.010120831145361366,0.046244400146578074,0.009734921234572312,0.040403448277423246,0.05522734706860679,0.15477148048077555,0.05258342021924992,0.1155182890284954,0.0830523406442926,0.03273312966093906,0.08002906790155265,0.0758902376129917
2024-04-10,0.10896858104568172,0.0417797896016822,0.0547069631223339,0.03459790168963083,0.01012109585876251,0.0462267378670974,0.009504739010739598,0.039883763089628155,0.05490616027646531,0.15376699270624308,0.052570428125952265,0.11478972548921519,0.08265905544802922,0.032869244833715804,0.07992299918229938,0.0755560937139538
2024-04-11,0.09609248172892118,0.037527147738887996,0.0475445778663821,0.030693773200900012,0.008906672870617345,0.0404772953639975,0.008740004189093256,0.035486359833423964,0.048534751716166225,0.135589924242962,0.04584328366832238,0.10118844105579229,0.07303156515101102,0.02885779928479561,0.07003219953906123,0.06671788914365782
2024-04-12,0.09759760878605112,0.038138069209333145,0.048542758593130265,0.03092947939049351,0.008994376025749182,0.04110045412044107,0.008755846416007207,0.03608510046530601,0.04941912120053155,0.13693514064289908,0.046366468804051104,0.10267080542562357,0.07390778289392455,0.029302754391163602,0.0712879504169513,0.06783640835772836
2024-04-15,0.08323596624532796,0.06372295512089927,0.03906793688306576,0.011233477227115944,0.027303080538426196,0.029912757273330925,0.019649748880203145,0.08322669309583149,0.11108668884664956,0.024927754709844967,0.06616862476677147,0.0823720964782025,0.05959442110294764,0.05176012132827026,0.04375153219256507,0.0871829845970774
2024-04-16,0.0826839288841786,0.0643525261430772,0.03917777604567791,0.011384921371326132,0.027182716013757456,0.029763386025692822,0.01977091680884427,0.08259085689521921,0.11072932468012636,0.024937588269177413,0.06632462240993106,0.08212282962292643,0.05977901139447432,0.05017440454562444,0.0436785730024687,0.08722687334439647
2024-04-17,0.0836938652059943,0.06498030713441207,0.03939923730431932,0.011547535709609421,0.027394891279008286,0.03013727504418785,0.020025045344155404,0.08423813328282906,0.11249382184513047,0.0252712659646134,0.06682849306398463,0.08327948710744344,0.060539737885190625,0.050233998144999785,0.04399655234269885,0.08830875425148804
2024-04-18,0.0849102920845476,0.0652505327742136,0.04023291678174498,0.011724880950863156,0.02787591380393618,0.03049074366657124,0.020626041804693566,0.08478453496151157,0.11390763735218384,0.025723032497116813,0.06798225217087892,0.08447824258867516,0.061826339324257434,0.05062128882916141,0.0445161034996137,0.08955731056369427
2024-04-19,0.08744021250473434,0.06744658347736927,0.041520044669822884,0.012145100707834266,0.02873419333624146,0.03150009496424989,0.021233738674694448,0.08688446779586846,0.11712247508031119,0.026515295927260343,0.07001825401757346,0.08684205690761192,0.06371779137244286,0.05218461101253962,0.045936196651059705,0.09200890174351528
2024-04-22,0.08989752658530935,0.07921968461068195,0.025393006290564027,0.1010949381136013,0.0932261187566139,0.033366336953695744,0.04914513760166012,0.012145660363721797,0.021967333667740098,0.043265168535180316,0.04358312907166334,0.06346316046403534,0.06913810692312201,0.058333491504395395,0.06941005102030089,0.10845043654125291
2024-04-23,0.09185073702554068,0.08144748284752423,0.02598541675364084,0.10371699728637471,0.0957069163249794,0.034343754468166135,0.05168941499904418,0.012472640863880403,0.022495263506508434,0.044295871899836955,0.04457232311014693,0.06523449809271714,0.07059108263875766,0.05983464836620496,0.07120041522057127,0.11113945067621377
2024-04-24,0.09097341676705972,0.08111189787580117,0.02563758066583636,0.10231751097048647,0.09435451126604218,0.033834188707835736,0.05142764589859746,0.012473113710437635,0.02228770912623349,0.043728603272108736,0.04402114877828161,0.06467080254195846,0.06956971982430823,0.05994694795620818,0.07042821753900734,0.10997421101647503
2024-04-25,0.09091455804193027,0.08119259451635812,0.02572756157345365,0.10211100253146986,0.09437149702387715,0.033727817305080704,0.05133724623551764,0.012430578898547803,0.02229880436189061,0.04386406157513987,0.04420554332008806,0.06479089013252962,0.06978785971435965,0.06008245925249572,0.07053828361157068,0.11014000978214038
2024-04-26,0.09098440003777865,0.08126455788573027,0.02572943529081578,0.1026187890766799,0.09438095226167015,0.033767858510287026,0.05248322086570286,0.012477282727864908,0.022395048206260256,0.04404067708500395,0.0441924192981993,0.06477687239948052,0.06976207529657358,0.06038081567747866,0.0705234406099183,0.11069104223926876
2024-04-29,0.1301658704889915,0.05056331125299435,0.05893540398485292,0.035239389495817675,0.04978698352230116,0.03932485706656229,0.052358118590690096,0.05380865689085081,0.11951948106088466,0.021239427236507312,0.030956596058961422,0.07678384327520948,0.06785275340908635,0.04733473305829242,0.062494528959547324,0.052440974008768716
2024-04-30,0.12999800895233823,0.04961182155761435,0.05843398714867911,0.03518140090992025,0.04964756915646615,0.039171323791739356,0.05202945685475499,0.05336096237428095,0.11842887578800729,0.021164002942460382,0.030908566918743833,0.07638875677000094,0.06748681373489496,0.047954130773532076,0.06207855050785419,0.05219686130262283
2024-05-01,0.11464821503801303,0.04462938840455667,0.05254913782179853,0.03138389889543996,0.04415731503523476,0.034732023798891745,0.046814132975848785,0.04758637249332834,0.10553754340120616,0.018794900928932212,0.027372222815877884,0.0678693211517858,0.059908404993763216,0.04222750264590425,0.05502932985287109,0.04649831471258716
2024-05-02,0.11793065759016128,0.04570347924940516,0.05448879842629173,0.03227379323805803,0.04553822909304687,0.035799078226459294,0.04761098724477395,0.04848182049015548,0.1081375731956461,0.019317369432332625,0.028013427417619755,0.06971801302549857,0.06149299707405991,0.043922662760587594,0.05658466962490256,0.04791890067950498
2024-05-03,0.11406216502779329,0.04323698082250982,0.05178440208200344,0.03101936391276155,0.043872172356993366,0.034681553528730265,0.04674404171867421,0.04681410142052104,0.10412387468106665,0.018616578501009617,0.02696286990944415,0.06714985742426226,0.059201330851815046,0.042652551211698614,0.054720533599329914,0.0463033915220979
2024-05-06,0.05024797356903125,0.04835369670561803,0.03358464462807736,0.053407433390267704,0.0420170415977238,0.04986954688686748,0.09253655677741607,0.04325097415366301,0.02804474250485945,0.014693498761713513,0.10913209645370206,0.032674090392362264,0.03567522602593733,0.036149711086065794,0.042139054878579975,0.10937673604123037
2024-05-07,0.050243276646569184,0.04811702519798083,0.03304284135028542,0.052804955099334125,0.04176647359691009,0.049745623905606856,0.09091691187618686,0.04353725996296065,0.028088536136213222,0.014644581953261439,0.10873411517248863,0.032563437342080934,0.03545795101537005,0.03630214093271689,0.04199989406538738,0.10847224449953466
2024-05-08,0.051763944796993915,0.049971662156012044,0.03413481302616978,0.05500838066891027,0.043211408828808945,0.051328264183352755,0.0929549460601804,0.044908984652674074,0.029063399141839166,0.015177418394276146,0.11206439357718365,0.033715873960392544,0.036719388207770494,0.03677098360438126,0.04329861373960312,0.11171705182049742
2024-05-09,0.05212223782840787,0.05060644893142093,0.03479525039449374,0.055986116142773885,0.043553918204295855,0.051625061092973795,0.09401663402052783,0.045330066787248165,0.0293165372364401,0.015323009343593801,0.11329711233902144,0.03408014998792024,0.03709860942526178,0.036124061838763315,0.04362173873915373,0.11274114889730404
2024-05-10,0.050975087166015697,0.04930229485589099,0.033751738952937635,0.05429838828691741,0.04238398569364472,0.05021466386143382,0.08996704563228956,0.0439748698331311,0.02849921628560524,0.014937468963939752,0.1106024650937749,0.03320422357544935,0.03630194387828456,0.03471103149900542,0.042439825044509,0.10964098644686042
2024-05-13,0.1065876033060776,0.05365252659106857,0.028808349580046175,0.05194760944640547,0.073961000227851,0.04947673635021282,0.04321147347643377,0.03445042315432846,0.023945130643991026,0.05500523847912021,0.05295356877361581,0.05117513351107726,0.11088090187153919,0.07523711812746382,0.014661592427119334,0.020007912461815276
2024-05-14,0.10704827651917437,0.05427287835433654,0.028916739587458225,0.05199505301613582,0.07449334965631092,0.04994116766631517,0.04458590194964888,0.0346025731486953,0.024125574686651077,0.055426367392647745,0.0534842994561382,0.051532373300577076,0.1114774145292783,0.07807274516714152,0.014748565006611005,0.020156766485580613
2024-05-15,0.1095610589236516,0.05518520828462252,0.029643033775015613,0.05256421311821712,0.07618521190021531,0.05109605379884446,0.045159258610038666,0.035326798326195986,0.024620734627534557,0.056454422630432974,0.05466198177609578,0.052469953351202595,0.11370926599389926,0.08065730228912694,0.01507898643693152,0.020553978789195876
2024-05-16,0.10454840089451774,0.051809847461579746,0.028129128781780793,0.04986913119017966,0.07232574622725264,0.048814193163160206,0.04223866855907109,0.033979281989004274,0.02356436511057475,0.05371857947214361,0.05211039242585887,0.04972254913433209,0.1082586963245335,0.07634835512632347,0.014367398712534797,0.019478007458962714
2024-05-17,0.1066149056317453,0.05305720505410244,0.02862749980196349,0.051471934829534396,0.07396030764562748,0.049625568178680426,0.043484827251458594,0.03455662298500824,0.02406186951619506,0.05519048405605296,0.0531498541257049,0.05090314098828103,0.11079391526804461,0.07707712264133103,0.014660095623164443,0.019917574018728373
2024-05-20,0.044114877692162574,0.02274358232473675,0.13827573656444722,0.03272139044791676,0.024730560580884096,0.0529344042226405,0.08931358704542537,0.06308170501342908,0.022565357514552672,0.05681657051152558,0.11965728417949885,0.0267416231117313,0.020756006194123225,0.049326448349825955,0.009069215099344096,0.08153405590516624
2024-05-21,0.04409186643519607,0.022755024569437045,0.1358352324129656,0.032449607032837405,0.024595308864188155,0.05290031748538641,0.0899154459126793,0.0634180668092015,0.02256574936114331,0.056554058070799176,0.11881478027413145,0.026632601811348595,0.020563772165510683,0.04931748309986957,0.009045550146681734,0.08126600327177168
2024-05-22,0.04398837987289509,0.02270377731129753,0.136330153449951,0.032754831987871706,0.024614128081097864,0.052763753393108764,0.08961096922989019,0.06342930457828161,0.02258837081974092,0.056491773758520436,0.11896787404680659,0.026567496704726596,0.020608857047809712,0.04886508388630102,0.009019062525850626,0.08134000409812175
2024-05-23,0.04398109557781359,0.022767383081118635,0.13644985233873316,0.03270834834858041,0.024755811729370216,0.052838055577713844,0.09080125726822481,0.06384984410100518,0.022707062541903383,0.05682970819173671,0.1198647268990289,0.026740427143326122,0.020687387125328915,0.04914961057705329,0.009016371262305822,0.08164884191089586
2024-05-24,0.03913752667941623,0.020343920628908566,0.12144945609836669,0.029240442928611762,0.02198683512445513,0.04706503988893273,0.08240943720506978,0.057518063373058495,0.020376481930503038,0.050436851646200834,0.10626269611959623,0.0238375578911807,0.0184039168048918,0.04310635393565254,0.008018957413055867,0.07289246762977562
2024-05-28,0.07469415386578451,0.010959905687170772,0.12708394713839266,0.07994530593938631,0.05301751515703155,0.07133130661673542,0.034167238760397574,0.05830138179045541,0.05625877532732408,0.050901484766061,0.06426115699438778,0.015994116425282343,0.024946234826224524,0.04535253933399466,0.009791365181505888,0.019675898196578917
2024-05-29,0.07729278487503347,0.011351581825039047,0.12943800620674495,0.08199333757983084,0.054294765316975614,0.07322386919050686,0.03569035464575417,0.06049503457744177,0.05823548525704953,0.052060042873045644,0.06566899073738568,0.01642112794885178,0.025567366804906046,0.0465143460587359,0.01008926737926936,0.02033118201826171
2024-05-30,0.0737988252522526,0.010855634779150566,0.12547460490659118,0.07774359975288184,0.051881724020062324,0.0697618234829401,0.033934316619083596,0.057933154234318225,0.055629405116029866,0.0495070939342579,0.06250370493088364,0.01566482176337479,0.024322214304178563,0.04465844560672945,0.009633811262495257,0.019387516318722584
2024-05-31,0.07589113297602247,0.011127294283447853,0.1298397216325089,0.08006610622006123,0.05354914933267407,0.07212125102343792,0.034459537701771105,0.0587358394411624,0.056984890398236974,0.05092152978796247,0.06504703094625072,0.016080822340109917,0.025092192015460712,0.045622574864655395,0.009910600524615296,0.019901913679432306
2024-06-03,0.08259700185522524,0.037612278958718555,0.06857561095569044,0.05668210771300105,0.06287118498255434,0.015912618544324176,0.04484996121868818,0.05269552981898784,0.08736961963932362,0.03503673279963379,0.05050770376799345,0.02789686101700935,0.07111668293365095,0.060142333936855176,0.0399528337831737,0.03583400745892324
2024-06-04,0.08532520673639112,0.03848731789376702,0.07086930936078421,0.05814022419560185,0.06481267910579776,0.016482346766333294,0.04642063253428205,0.05415536311268419,0.0902645852373798,0.03610197794181311,0.051979708889120124,0.028645892613370572,0.07317361915751028,0.06249715185276743,0.041192322542330975,0.0371566987496081
2024-06-05,0.08708325315003451,0.03887034159311949,0.07262856165282328,0.05970868236165071,0.06648676201300133,0.016835190744572816,0.046892817803984604,0.05540443839404843,0.09279535469235106,0.03712612814738853,0.053211170273033785,0.02937854199658375,0.07529955815292996,0.06461245647023665,0.04200894210994909,0.03805170870968885
2024-06-06,0.0840494420819355,0.03751954103925899,0.06952700372486222,0.05725343490494039,0.06371110804009315,0.01620320713740883,0.044427501565236116,0.05367383395505042,0.08936003209738179,0.03556671525746536,0.051042540996073735,0.02817691403331471,0.07209626949457072,0.06182412911933134,0.04032790159204538,0.036527407993967836
2024-06-07,0.08678360867728589,0.03859165555837207,0.0708467797985409,0.05869857880639952,0.06551515126294759,0.016708636721893926,0.04554668315704459,0.05511583460967195,0.09210393237006897,0.036687273710146774,0.052420338481442584,0.029076410396551393,0.07441175231417452,0.06464484062699856,0.041649681688973865,0.03769446438718754
2024-06-10,0.08141565173040341,0.02096101181280437,0.023671853286471943,0.02782875544291117,0.035093399912438095,0.04104179070242693,0.024971172161201226,0.049262713443390976,0.091068630296762,0.07445887384879009,0.053479637871787646,0.03803908507229519,0.074382749007703,0.018332237184784442,0.025665584676283312,0.12973377216214765
2024-06-11,0.08354908320718926,0.02146382941842855,0.024023880434302435,0.028463109493665508,0.03575348040456105,0.04176990580852579,0.02531523613152722,0.05064501256345223,0.09293748891342964,0.07590520519310377,0.05449982568897432,0.03880181612389554,0.07559832617891485,0.018768727199385025,0.026308075408629398,0.13202293405393017
2024-06-12,0.0862228907252554,0.022071892922523734,0.024694703138833332,0.029173436889030784,0.03688600531261527,0.04299529759878146,0.025781679136445027,0.05217631841390251,0.0965140472994019,0.07832286158650562,0.056137911481935844,0.03998625879392135,0.07813795140164626,0.019378865360540596,0.026982583403029656,0.13628933568558338
2024-06-13,0.08586442368830909,0.021760386307056657,0.024487952926852505,0.028723426774577985,0.036497491830693764,0.04273526690576065,0.025440197171551198,0.05184849245133841,0.09555518467841476,0.07716481622022726,0.05533392640683418,0.0393721375616569,0.07682729245853882,0.01933185475694574,0.02681924442536316,0.13492913357734532
2024-06-14,0.08804648819682262,0.02223108195807727,0.025090666908464676,0.029463192573730455,0.037743975107299606,0.0439247050699509,0.025848542646264676,0.05399750482841037,0.09887296130768199,0.07942002525016519,0.05696530829860641,0.04048048068444823,0.0793502540213236,0.019636891449126042,0.02753537484248154,0.13864567727641203
2024-06-17,0.06624299723474943,0.060288925183597186,0.04875865371374025,0.04327212116352064,0.04701017205689168,0.015246623162518227,0.044952938678340416,0.06344717441107477,0.1527158333025913,0.05708181086246437,0.04122398799523092,0.04347458013065947,0.04533274375931232,0.04464859734855686,0.036606724185672804,0.0808621582350101
2024-06-18,0.06624797079936555,0.06084710934044989,0.048902635589510884,0.04371264213310314,0.046924391597666905,0.015256164809004172,0.045697463823381856,0.063973312463008,0.15321788176047735,0.057477146469024604,0.04125634270619708,0.04350883580493968,0.045356699515885654,0.044467064102739415,0.03663466581216222,0.08082359399360316
2024-06-20,0.06601176346898456,0.06030380621436728,0.04827797429577905,0.04354003688774772,0.0466641270824415,0.015128645222415794,0.04539830541961085,0.06391399157834092,0.15253302769898902,0.0571245018779267,0.04107529637609853,0.043212065330413205,0.04518897968163883,0.04352204393994093,0.03641267060223085,0.08018313316287919
2024-06-21,0.06588033388177987,0.06066834196833362,0.048290386225135186,0.04377509551567353,0.0464869927632932,0.015062079844820187,0.04463615601303856,0.0631445419540743,0.15135374940578303,0.057213200379780615,0.041016999382204905,0.04318338290985118,0.04526015022216183,0.04314466187018029,0.03622230848074568,0.0798479790495955
2024-06-24,0.04548331324647712,0.043010132557693655,0.04443338922270204,0.06815016049768205,0.07467254585049951,0.03335240756332221,0.027706346667533945,0.09052935037286328,0.09862255202209955,0.0459229891272489,0.0939221131635586,0.06379057744861098,0.0397198053845037,0.03506643977594958,0.023839306608721886,0.08841391817071138
2024-06-25,0.04533391172785188,0.043002975383361834,0.04380383277903551,0.06804095358382468,0.07457791910148083,0.03329250521372385,0.02795610843822405,0.08950063905676484,0.09812703270024566,0.04605604999284145,0.09420709311902294,0.06387939496017883,0.039858065666258276,0.03510823710918834,0.023754272886941888,0.08828047381152225
2024-06-26,0.045345049629232234,0.04292737465847872,0.04429538879736632,0.06796596297986414,0.07463569741927363,0.03300518811920478,0.028202367638146087,0.09003189556400208,0.09843284606439605,0.045858940151609226,0.09366842485076544,0.06363592417445085,0.03967172361164947,0.03494550472979987,0.023687134917112423,0.08842735308859495
2024-06-27,0.04542246036026598,0.04329145546236616,0.044294865556954506,0.06792368712398053,0.07468370880808445,0.0331998872797693,0.028531271135105347,0.090115761863329,0.09851344822776158,0.045788899584631816,0.09339392134544734,0.06379625064575145,0.03969718332154047,0.035335159417118685,0.023777359803996544,0.08856783463257059
2024-06-28,0.045110884955568066,0.04302135645934923,0.04398914883755909,0.06730836456377533,0.07435444179620783,0.03335471871342985,0.027966491349904976,0.08988746029874398,0.09782904787642561,0.045567128822336274,0.09274057844362434,0.06341168020331085,0.03932406324620518,0.03547697293662004,0.023688194290879604,0.08815907445157661
2024-07-01,0.04480875572563614,0.03676186853546129,0.0156357606937052,0.05080442665507163,0.10723214578178779,0.06730033405591168,0.05027900364935477,0.08101113870080634,0.12792886322683486,0.11203519124328329,0.035738663442197206,0.02543966388416964,0.03778860570806164,0.05144368226759373,0.011188017991564745,0.03751726579662124
2024-07-02,0.04466823672335734,0.03727720821952891,0.015491557121339313,0.05121417740546807,0.10639018939669988,0.0671615635571451,0.0507520745219709,0.08112363795107469,0.12756234817443377,0.11188455262883681,0.03549604080660877,0.025356144777414668,0.037648329717697215,0.05197699598447126,0.01124863878681063,0.0375943963540025
2024-07-03,0.04424273870076475,0.036769920681451115,0.015378402806320007,0.050661382539693836,0.10557418711495287,0.06661672620032703,0.0503882295183727,0.08037571734540795,0.12648573573812932,0.11080537755865498,0.035118118131662525,0.025074536420094273,0.03731608424073502,0.05143121639350067,0.011083308566263378,0.03721603484788787
2024-07-05,0.04408735326843839,0.03626896356298161,0.01525352628251162,0.04997146051737689,0.10443572164824735,0.06605149323012852,0.04989438542418158,0.07977534959169638,0.1252699848948144,0.10935868037978828,0.034615948841561064,0.02474937621119562,0.03691019044020081,0.05116912132863887,0.010992019743386351,0.03690000187650544
2024-07-08,0.05501123467307485,0.139941216721092,0.02561754878635086,0.06478942846279294,0.06994641112853546,0.13278032950426738,0.029554662443284134,0.07587818855700111,0.07324644191883643,0.03167094435154581,0.0868205451709143,0.01727813638918282,0.014012605655126005,0.03032997165463011,0.03104454509309303,0.07823121840681785
2024-07-09,0.054972128400976435,0.13968232468033,0.025957460627933537,0.06455956269957153,0.07009432190228572,0.13257071997546088,0.029590568813743164,0.0761622624869895,0.07311484506360558,0.031648320555825546,0.08765672520033589,0.01720824208722393,0.014016377130059177,0.03028805571211689,0.0309823890968698,0.07818604463958576
2024-07-10,0.05491428171231102,0.14003225683106632,0.02597370424215409,0.06432943133600572,0.06976323716237806,0.13230800593905323,0.02939843517796484,0.07617329014688975,0.07304515542523785,0.03153146398960546,0.08786814273680353,0.017142287583223944,0.013967904520579156,0.030357183499167155,0.030896069588671988,0.07812676968944826
2024-07-11,0.05443235429067023,0.13871830662071674,0.025912297418441286,0.06380837007421754,0.0688635951147251,0.13109249009370635,0.02895605109405581,0.07493667550945896,0.07198065351863905,0.03119175042287648,0.08689165375158556,0.016857406684545467,0.013817164275015984,0.02937106807806481,0.03051714150485273,0.07679371087674178
2024-07-12,0.05448813513975374,0.13696331397035338,0.025991138523545065,0.0626282528466558,0.06932441007348009,0.1319238069137385,0.028126398981274822,0.07427899615591421,0.07142508758108941,0.03121976297790579,0.08744829549505968,0.0169497542137933,0.013829946128067169,0.029604954929599362,0.030768851624114996,0.07692395236089426
2024-07-15,0.08768928621487655,0.029349734047174555,0.0902780844805631,0.029728712430815003,0.003627030768879741,0.05463440040378453,0.05794778416792159,0.03989584803597608,0.026753669518098346,0.043215664214112805,0.16859963052626384,0.09132993403364967,0.03252015121103958,0.015289459385390645,0.05613338310043019,0.057811016096861186
2024-07-16,0.08716975989366704,0.029184921003618112,0.09039248184747196,0.029493639200452466,0.003601520470637812,0.05422565719326455,0.05716316244639986,0.03970341755047502,0.02658501495017224,0.04282130477552501,0.16739637758227133,0.09037567390874907,0.03234855201839069,0.015482941069896868,0.055695767193321005,0.05723260980393457
2024-07-17,0.08552185116832377,0.028660428618895673,0.08914024923938407,0.02875218268774574,0.0035387161977863918,0.0533077941796809,0.05406745359683353,0.03865825748002381,0.02597320222041197,0.04206096369748624,0.16594255551826093,0.08853720188759245,0.03193306781471038,0.015492005625718109,0.05486355666523968,0.055772502104119416
2024-07-18,0.08553341014142128,0.02852165590445098,0.08972550748272771,0.029449278512495063,0.0035725398125146714,0.05371541993428789,0.054913122481970215,0.03815624831414962,0.026043428818414805,0.042644381192340035,0.1684002352651757,0.08975784663346699,0.0324850261871321,0.015787720368770995,0.05504133243271575,0.05654823214619935
2024-07-19,0.08645189606193686,0.028903891997801433,0.09021633716958051,0.029660467621109715,0.0036070937456359644,0.05421823756455624,0.05583736414692374,0.03861879658666473,0.02634779072839039,0.04303342913348143,0.170451418207498,0.09062927817017502,0.03271381441146526,0.015596766060795563,0.05550033424575598,0.05729076296772985
2024-07-22,0.0203804503573722,0.04864472486713055,0.10862040054323885,0.021026553503773707,0.06528173330317386,0.1820551117582453,0.0716422235454675,0.053230788739338585,0.047250576172795496,0.02929958658067712,0.04287604828089143,0.016386159471621226,0.06320351096595421,0.03464586746475031,0.042424484260648404,0.04290742240947734
2024-07-23,0.02036588277184414,0.04882483787216592,0.10798321902670234,0.020854488614386022,0.06504763299459744,0.18253208988216682,0.07064121486024082,0.05350883869786072,0.047387383248709704,0.029232003669769212,0.04259652169363385,0.016404012460391058,0.06276634337736066,0.034850515643013266,0.04258044017104831,0.0428900192187408
2024-07-24,0.02106368914634661,0.0501433604476582,0.11207432291853517,0.021414156860049893,0.06722821338161898,0.18821569676322414,0.07203195808614467,0.05548416216939324,0.04888454163652969,0.030068511503118105,0.043673496739903804,0.01687518969788531,0.06444910019171629,0.03627722365598854,0.04395745112198844,0.0443290030038693
2024-07-25,0.018632347296520947,0.044284592094895776,0.09871110147368697,0.01926126645992071,0.05970588431599458,0.1672810681877277,0.06495816949058318,0.048734103772785836,0.043249479716185216,0.026920001136815416,0.039196527063963094,0.015007738886092992,0.057497120483587495,0.031443864649569976,0.038888873721386795,0.03931242363871641
2024-07-26,0.01887170747205783,0.04482780948657436,0.10007563202523652,0.019410916706834407,0.06099411374058888,0.17043537902911202,0.06660383536918302,0.049320447994869517,0.043809598031732,0.02745145883623827,0.039889173935903154,0.015274592219473589,0.05873913588371115,0.03259213699900056,0.03950765095008382,0.03981571740353159
2024-07-29,0.019414947193716347,0.05774742502254885,0.04186529110984317,0.03572176960503004,0.028129482770682522,0.05327254393116046,0.05344905653533224,0.10753991560385198,0.10799301076930992,0.035896468491754055,0.07825304883685617,0.03923600329755176,0.025724454685458874,0.03662117508911594,0.08052959116098626,0.030397201747738318
2024-07-30,0.019992945097876927,0.05935236748619643,0.04327925718224342,0.03680311920447184,0.029044423047105306,0.05487319537436943,0.05489015916393166,0.11062801621665434,0.11153728218920149,0.03705912885732778,0.08073833606130561,0.04050113736505454,0.026536542169684207,0.037998049515476175,0.08287733377430694,0.03136898550553
2024-07-31,0.020634204942065446,0.06095436679985494,0.04463369655127375,0.03823103725330459,0.029994609516895736,0.05665114235579142,0.05615285512575954,0.11290341768818644,0.11475010593107914,0.0383091314962864,0.08352298432839494,0.041763495171584765,0.027350225597639513,0.03865222924964505,0.08552825011007484,0.03225751897913561
2024-08-01,0.01991545030477519,0.05801696205843426,0.04260114601946223,0.036573276752702895,0.028719231083421042,0.05452255356459854,0.05321400220940073,0.11052317231209045,0.11122251622385987,0.03682364860582021,0.07987250494301602,0.04031571738490823,0.026195111531941002,0.03649134079479907,0.08238120649140362,0.03121135521752522
2024-08-02,0.018812972863091,0.054269808626379284,0.04069719665493648,0.03510965075566603,0.02727736147211637,0.051510052837859976,0.04998680510767906,0.10385663187790423,0.10579758036780815,0.03508561692026823,0.0754806807217588,0.0382888735039936,0.024804289012226317,0.03398999898480806,0.07764906873408303,0.02949001480140348
2024-08-05,0.03280444452133236,0.05504125421370707,0.08407481853735774,0.028873619297419145,0.0682877617072487,0.041857260218757394,0.04060195325979755,0.05924536815038716,0.04081277184743111,0.06335684070448559,0.04310823873394358,0.05355719710002974,0.03507408145494521,0.010069684737541386,0.017022821627635586,0.0343591573237137
2024-08-06,0.029216334307707433,0.048443889703339314,0.07394149159518866,0.025667973621318826,0.06139077122419948,0.03742659485296496,0.03811951759766125,0.0536487240673953,0.0365210294243626,0.05655327068826196,0.038567919549190754,0.04760433293463179,0.03133703153372106,0.009083749070713567,0.015139846594322848,0.03051830128305408
2024-08-07,0.029916611285329485,0.049612622124528515,0.07518939383465266,0.026301825424572916,0.06245927885383429,0.03822343632235473,0.03855480549858604,0.054994921877419084,0.03717701137805514,0.057460373843664245,0.03902943992851044,0.04858123728690601,0.031852234678591954,0.009318767065419642,0.01548671625817722,0.031110718638332407
2024-08-08,0.030792468570954357,0.05151762432461556,0.07663101460033124,0.02759613405130952,0.06454901352494412,0.039525553979421216,0.04012228171842706,0.05647237737446867,0.038288927957382035,0.05962473453491803,0.04010110229934299,0.05020612285184287,0.032859460612391256,0.009548799400560859,0.01603645574730559,0.03203831465919348
2024-08-09,0.029513236279596435,0.04914241369292791,0.07246484618195122,0.026153683306892914,0.06115989252098187,0.037585024805872225,0.03735371142144034,0.054414966240129405,0.03659225522389277,0.05674170188482639,0.0382208732424702,0.047997443697096846,0.03122551925768802,0.009155871591983283,0.015301839201108225,0.030773427442336167
2024-08-12,0.012017110220706721,0.06102694275079384,0.026124104187864657,0.05152043739903743,0.04987259996882117,0.0714878095459174,0.004279501170092091,0.006328532343652546,0.05970683316721402,0.09121775895524392,0.03232838616119309,0.0568688491570169,0.0488865289973665,0.03261469761653026,0.017175626427045076,0.031094166742507943
2024-08-13,0.012398773070365783,0.06289745776125007,0.026687610015251866,0.05294097172420105,0.05132106743063666,0.07386292486762713,0.004384864176940707,0.006548404247021077,0.06176304306499466,0.0940919349789134,0.033135614591412406,0.05869366706547827,0.050392435991469066,0.03314067026716493,0.01769358284641177,0.03212767236989956
2024-08-14,0.012581792720387362,0.06397731156628503,0.027627440473421375,0.05320852322642517,0.051848027740147566,0.0746677791796033,0.004513711577272425,0.006663512474861876,0.06261387113725819,0.09533909814216739,0.03367107158638993,0.059436717552051085,0.05087946635518626,0.034048723066153676,0.017915104690583893,0.032861633067005784
2024-08-15,0.012901718688931682,0.0658174628097308,0.028501254133107497,0.05505961825335127,0.05320528820557599,0.07683239944339873,0.004626128189742995,0.006875107066388949,0.06423262905792074,0.09819913470463365,0.03450697878946407,0.06106193892823864,0.05231663846264711,0.03433474050556966,0.01836230095374282,0.0337428499481743
2024-08-16,0.012853743575156668,0.06549354627824892,0.028042385705113495,0.05390273575540223,0.05264032297344111,0.07615824175443278,0.004542471570859821,0.006852930169520345,0.06392482974731407,0.09731393265306643,0.034301105753478583,0.060631507367792506,0.051906838163169225,0.034757642468957566,0.01824243810942614,0.03357695652611439
2024-08-19,0.02715289540922077,0.14461014651277382,0.016414371001712013,0.02206174544137608,0.038168628432578094,0.054699449050458426,0.022351348671934324,0.028507851893866492,0.037771699515210526,0.05152477545712869,0.056071296657415864,0.05706237310381219,0.037308923286085365,0.01296649498844694,0.01280537838715094,0.09897435373770143
2024-08-20,0.02798907588275211,0.14869296021279488,0.017014546528778356,0.02252319829895839,0.03916590397288634,0.05612690725923207,0.022989874782714168,0.02931436266267086,0.038748817636417895,0.05296302821268736,0.05774179882497856,0.05845558059576885,0.0382764389601663,0.013426421648402515,0.01314662234450498,0.10177026603229249
2024-08-21,0.028392343737220244,0.15037478962017034,0.017449333235334225,0.022820806483101867,0.039829352234153494,0.057062472230460584,0.02355729861837755,0.02987716901779488,0.03955835433759346,0.05403531496129467,0.05868565092519941,0.0595795096091805,0.03913590692896878,0.013555635892253644,0.013318210037412802,0.10374306261489452
2024-08-22,0.02921623141615341,0.1543749075766284,0.01809428339370468,0.023641868889463524,0.04095490008516287,0.05865929869352043,0.0242648877185201,0.030686232803986482,0.04072940372601075,0.05559536239497705,0.060432450742648705,0.06115602383584412,0.0401065364317803,0.01415561841876171,0.01369821820795362,0.10647182535789146
2024-08-23,0.02962850569160672,0.15775740018100973,0.018290449685823704,0.023888159149497025,0.041650215613515236,0.05946423583256223,0.02469550673542827,0.031242560586499712,0.04134898310994347,0.05650510669831131,0.06138562578319746,0.062202517303263226,0.04079255610564569,0.014237806906251455,0.013934279117371788,0.1080192591800623
2024-08-26,0.06784295856083299,0.04041509314849185,0.06738785359896908,0.032652137043625795,0.01004575123742502,0.06907006966348563,0.03261759551066652,0.055193385848899476,0.060019912121005055,0.05522041865404265,0.037496719915463626,0.03339531783368592,0.02315409784395367,0.01421924404580249,0.0686328147716789,0.076452454434519
2024-08-27,0.07011180851069193,0.041738501660623574,0.06848576251681528,0.033898279985892565,0.010397876578360258,0.07141027022519918,0.03355114839323961,0.05685080006132335,0.06220548765681026,0.05722469614257703,0.038797592894211336,0.03470724454821783,0.024055913577708938,0.014669577978146494,0.07092286965771649,0.0790977907304393
2024-08-28,0.07163346823709021,0.042590170508037296,0.07000076539178146,0.03480317189055247,0.010616497410052439,0.07300128006504489,0.03430990914312939,0.05823868367360858,0.06376053077895885,0.05860016172042935,0.03956003757096998,0.03548721717305051,0.024548511623679336,0.014874385324800963,0.07247067599509381,0.08103410020849977
2024-08-29,0.07266840390887877,0.043378071481126365,0.07133546280475943,0.035603745362818864,0.010803387285991773,0.0742065534557644,0.03477215048460477,0.05886954324868277,0.06452320896813539,0.05955134945720044,0.0402599544883536,0.03607645066951558,0.025014448296990056,0.014851875771105543,0.07344887635393622,0.08215788200390338
2024-08-30,0.07448249292556498,0.04446114674191665,0.07177939974778323,0.03635347119479043,0.011067825654168957,0.07614848804458133,0.035437909648417386,0.06009561287236875,0.06597511099859227,0.06113809802279129,0.0412535374904157,0.03709889166377229,0.025659215728333875,0.015321058333232645,0.07546510998812053,0.08401425142756692
2024-09-03,0.13473032884189243,0.02537013445073598,0.007381392967516163,0.025479183637995076,0.034938967195932154,0.038772834165904754,0.0404277277828936,0.0337921743478432,0.0497061304878204,0.15169891061344215,0.013423328135966094,0.042829629626578145,0.07638385676720805,0.01863252652294482,0.04334354271845466,0.10533595942373547
2024-09-04,0.12546343864461332,0.023812759353201984,0.007053431286677281,0.024033936466959716,0.03285081059719189,0.03640103746402558,0.03839338659338895,0.03144769875015283,0.04651906051492541,0.14293755138126443,0.012641763129715183,0.04032232211259646,0.07193889852092582,0.01735836372115309,0.040431434606739404,0.09918080175097217
2024-09-05,0.12881856377370526,0.024454196162784797,0.007367751312796733,0.02459908229664662,0.03377546296105746,0.03738836762946332,0.03951266869504316,0.032293521053136945,0.04772832247697787,0.14679680633560882,0.012953462037581754,0.041442089896380936,0.07396686476942384,0.017829456544172784,0.041431737865509084,0.10183553067283584
2024-09-06,0.13286916473152144,0.02525890205128847,0.007631126771324299,0.02543726986919483,0.03480138085883758,0.03865546834569989,0.04082456205738196,0.033181802435562686,0.0490330238008238,0.15054308737516958,0.013270986850355562,0.04261079019839136,0.07593943022528142,0.018766671864882255,0.042800839320066106,0.10516667488353652
2024-09-09,0.09719512294497538,0.0810602005148261,0.052651726209489776,0.022293210547334925,0.010682578322608972,0.19138988879259616,0.019173324551656983,0.06176573903303682,0.028251240413458723,0.039644342360259946,0.029299512718033556,0.0397086604534688,0.030687992850080004,0.014584751717969456,0.030630169242956126,0.08111400696553955
2024-09-10,0.0980895234599646,0.08149888338691678,0.05287452486837233,0.022733144247141453,0.010748865098329606,0.19264367375519864,0.018985249836940287,0.06244984090543812,0.028453501915905365,0.03995098424884905,0.029509219017091193,0.0400816145451202,0.030988142374944943,0.01478583800534448,0.030878688483578373,0.08169812291534732
2024-09-11,0.10066134799862324,0.08379458151845734,0.055566277819955705,0.0231483066328348,0.011026634072995716,0.19737097059754344,0.019222344842940293,0.06394739534271904,0.029204290745124182,0.04094407877344298,0.0301719463522106,0.04105995909984428,0.031723446243318555,0.015337560589170428,0.031676996762512385,0.08395149070752081
2024-09-12,0.10279690665999043,0.08504907796236523,0.05595407503544036,0.02327394704524958,0.01121402802588089,0.2012480744250871,0.019696724343675486,0.06563380697644812,0.02985831981978526,0.04153486812293591,0.03058695924647854,0.0417978039374084,0.03229951454729216,0.015730376010611936,0.03230037832508041,0.08556189588023802
2024-09-13,0.1021187010124491,0.08398480931654319,0.054491855623875936,0.02312936991101206,0.011082552990578538,0.19927725819446745,0.01930057763099579,0.06552318181441726,0.029646106563541386,0.04130304380471665,0.03027844410907067,0.04144313862954943,0.031930156997510624,0.015698123483197345,0.03209337940900457,0.08502553124462893
2024-09-16,0.05559281875596907,0.029951755596482468,0.03571669145265638,0.034718137243894893,0.031500851809527594,0.04167608296351678,0.06940424126828042,0.030406662488399617,0.03674236410038797,0.07300991776120415,0.03957355272029707,0.08074202474222801,0.042207887876432655,0.16010754577723896,0.07688266589043223,0.044028866370128025
2024-09-17,0.05728177790663388,0.030869008294846442,0.036892646899744315,0.03566749223486671,0.0325216453540949,0.042929702098675075,0.07151184877586597,0.03134976073356999,0.03781351827827085,0.07541269612883193,0.04108486685252495,0.08326265504179578,0.04353741245269246,0.16418598373948826,0.07912192115423212,0.04530062659680606
2024-09-18,0.05731633516275247,0.03076446042421364,0.03624052605352464,0.035329645828237444,0.03252064567997027,0.04297548726904355,0.07136030432102844,0.03133995220586289,0.03779880500654784,0.07497535731750384,0.041089574521951396,0.08322775987057636,0.04347737177238695,0.16548515948236886,0.0791805227308654,0.04518768255490838
2024-09-19,0.057680737310669,0.030868870259839743,0.03606020591245477,0.035259947166540635,0.03267885007965194,0.04306647752390845,0.07169188600913642,0.03144960946822863,0.037817491287120926,0.07492870033606226,0.041179023178816936,0.08336340375888161,0.04348094587677789,0.1677306191224435,0.07946136528901343,0.045403526258538975
2024-09-20,0.05354714995769346,0.028622260375005294,0.03301137046063642,0.03232515696950665,0.030158729025020276,0.03981480160482399,0.06635391740382852,0.029198531162837053,0.03506157770038821,0.06931363852022586,0.038075997310875506,0.07721292648921135,0.04034534781200455,0.1547748695445967,0.07385681661615359,0.041859223753926963
2024-09-23,0.09677177818624137,0.03493023637323413,0.08387636873822917,0.040772781960212716,0.03924493053202168,0.03985569806747096,0.06804392856274785,0.03790014706084362,0.03991235304933361,0.020369244203326937,0.09657688606529136,0.06867591530191305,0.07665796880782748,0.07149273657113267,0.04932964134371423,0.0065261528436061835
2024-09-24,0.09968806757364522,0.03578069267330775,0.08584311857129842,0.042068011050106775,0.04046450666714164,0.04088913627717021,0.07008212325934765,0.03905930708220571,0.041074457848321255,0.02096841726879708,0.09950914044717465,0.07062476711180318,0.07896853449428404,0.07325339146950897,0.050779187006231026,0.00671228384515223
2024-09-25,0.10011485625744454,0.03581139857998909,0.08529856783228351,0.04239161995790629,0.040447233375156856,0.04101893941070017,0.07096381634838274,0.03905926279313425,0.04108161074390452,0.0209779587841316,0.09965780975994648,0.07069027711943157,0.07919692092341539,0.07338306537903154,0.05091474748052141,0.0067525696487166645
2024-09-26,0.1009175822350584,0.03611289620692247,0.08496694622023077,0.04278307044116977,0.04080595984742557,0.04125021260588411,0.07135915915129092,0.03955804034488,0.04147634907268443,0.02110097576230506,0.10005148798366623,0.07125656082230855,0.07956742855743548,0.07354005897581593,0.05126295603087084,0.006803461938271185
2024-09-27,0.09958865368794571,0.035716668379097136,0.0855486681071556,0.04208365185774441,0.04029493605057385,0.04074034285300687,0.07239418094164905,0.03867514664019238,0.04082999884720492,0.020863899349947947,0.09928084907338965,0.0703312130508265,0.07885653558161211,0.07172598819793267,0.05072674932686718,0.006734434931821607
2024-09-30,0.1584163867927619,0.03829276793665149,0.020250720851752887,0.11947156916702155,0.0607626663649746,0.047466073155353006,0.01218511551016169,0.05155644891322821,0.019841657474454696,0.05102149228913948,0.09300852405547833,0.10098501970171612,0.07488279718818887,0.03841260128998757,0.05589008603569371,0.03637053255718444
2024-10-01,0.16307137657256301,0.03940974734237179,0.02067469081690008,0.123237945750007,0.06284045670091677,0.04878305668816788,0.012371524170492983,0.05334710439779264,0.020495269272883084,0.05256814740855249,0.09564078104666045,0.10400861995456294,0.07716078095211976,0.039468016656547394,0.05757262670743819,0.03741735846744079
2024-10-02,0.16597100994254205,0.039881573927743406,0.02065184944159128,0.12720077362638324,0.0639578202027949,0.04958389319014368,0.012426288914118514,0.05433566251650535,0.020839651749821674,0.05353579264377226,0.09715051648989355,0.10614774518745879,0.07865663301743604,0.03933641094417676,0.05838809703825372,0.03792636658603246
2024-10-03,0.16630397583404496,0.03988802518092373,0.020240973341364092,0.1271101889101748,0.06396971536755677,0.04974661774237475,0.01260951878799005,0.05449989098664953,0.020884186291373518,0.05353438798919805,0.09701815615114526,0.10652335199401253,0.07856684319987381,0.038953254806694315,0.05857880629711127,0.03795331047825581
2024-10-04,0.1678630432508068,0.039547138895247885,0.01958172854021964,0.12810478854270368,0.0640896035846021,0.04967362480574886,0.012653969832500075,0.05497850082438496,0.02106957851861621,0.05376562122884347,0.09737388723014656,0.10687451260092808,0.07896915471328463,0.03911816519158942,0.058748656466522955,0.03811901401334409
2024-10-07,0.06488068484412482,0.06044662971060764,0.08003612744531204,0.04405917777333989,0.12970596112733426,0.012461713646794449,0.04515765829758757,0.06327646708294865,0.031266190340364694,0.037697818751546645,0.054823715789157464,0.11678380335523926,0.04205384181361035,0.024745392408896165,0.08864281595020677,0.023473599023329222
2024-10-08,0.06567110530199594,0.06056132791688061,0.0789374993447793,0.044000499312152164,0.13114041005724533,0.012558332535352422,0.04606941110568677,0.06426327648790367,0.03164535277231568,0.03798996555988475,0.05569224673514779,0.11830514926521116,0.042611849219832035,0.02501930485357741,0.08970901662296335,0.023811071523511276
2024-10-09,0.06532639905417767,0.060677577829908305,0.08075769998407047,0.043715583811522234,0.13046938901513458,0.01253706300441168,0.045473755717388896,0.06436338092982831,0.03173417715943148,0.03806443936838398,0.055518387265520795,0.11784962379459003,0.042308176839278185,0.02522006554531701,0.08907326165002384,0.02376614144228349
2024-10-10,0.06514186779450669,0.06033722794744108,0.08002495333742007,0.04373746634793226,0.12986098388778008,0.012447697841648227,0.04495346645684179,0.06408117328009319,0.03159102044752693,0.03803759524308091,0.055522570622770474,0.11721925995825455,0.04245052757714954,0.024885975558289652,0.0887099398978511,0.02356964727644428
2024-10-11,0.06532515694503037,0.060004158746317794,0.0786296534870473,0.04359686714401073,0.12969222215269263,0.012464559478564109,0.045983275621862954,0.06413402369992172,0.031691482873583594,0.03810876104266019,0.05531377324755865,0.11767581847477189,0.04242655468086165,0.02471657138118073,0.08884026263739073,0.02366414833932947
2024-10-14,0.11982301445365895,0.04575700779347907,0.06693693256530053,0.05202379391182767,0.09028787729765175,0.029003600348388323,0.019968303068080607,0.11798038333134794,0.04389265082668007,0.07047699801596931,0.0557892545868145,0.05786920015549701,0.06855704082570788,0.025647103254466168,0.07426849667096967,0.013924887387170399
2024-10-15,0.11872515515005798,0.04539396825798422,0.06733121458655873,0.05174928746978551,0.08954544230145178,0.02870068595925588,0.019585331727012763,0.11690131025591781,0.04365512837316963,0.06997035226074945,0.05546031147250056,0.05731713772479339,0.06812018504257832,0.02559774419741555,0.07360757432253166,0.013753730012598149
2024-10-16,0.11920201645616049,0.045713503046331,0.06939109690385761,0.051546282388901785,0.09014798572383294,0.02893048333450647,0.019277313770345642,0.11744940559156225,0.043700162699587326,0.0701392328374929,0.055813415305929925,0.05757974638922744,0.06842085870419483,0.026221184745672265,0.07388382178377839,0.013871333676075669
2024-10-17,0.1181613847510098,0.045268685437489214,0.06903031859485902,0.050665457381362716,0.08929429133975585,0.028595619004471464,0.01876083029674772,0.11634937829171485,0.04316868967427568,0.06929490942985461,0.05546515805946683,0.056841489318734714,0.06768049592896139,0.02594227532275573,0.07330278405217278,0.013645999076951121
2024-10-18,0.11843344718801463,0.04507467938381601,0.06822821140168546,0.051127305139089994,0.08953015978911989,0.028604887138230787,0.018725646987433658,0.1164203223863294,0.04315644859110102,0.06959436260741411,0.055361107186672864,0.057060651027711004,0.06783440188409634,0.02560047515187973,0.07336869683301801,0.013671802938288718
2024-10-21,0.1927381842957327,0.04094531192267977,0.03986188402809392,0.015753961313023212,0.041403273236602194,0.03494076670581868,0.0321823022759279,0.09424208952359589,0.09464327784275026,0.04470635532842307,0.06886237076413179,0.04670790316109848,0.05618251119737396,0.006402436095854113,0.07756868890823958,0.0480798581737147
2024-10-22,0.19521192811313767,0.04100329126427904,0.0391649898117331,0.016008600482750896,0.04164230518836145,0.03515475791084777,0.032519551906320755,0.09541746212581399,0.09590504586771799,0.04520835545112807,0.06903027800675803,0.04722762992811395,0.05661987832698392,0.0064268051448128066,0.07815938938170615,0.0487141405318758
2024-10-23,0.19518144119737077,0.04075694709127515,0.038433003194648936,0.016026056996105344,0.04164666477745465,0.035181780440980914,0.031988945252762246,0.09539861091779482,0.09583501787322099,0.04506932228006265,0.06891180898239538,0.047253272676564664,0.056624038432918924,0.00642083739894662,0.07805624937919083,0.04871296130867577
2024-10-24,0.19627607739575484,0.04092461923982298,0.0386556632937342,0.016280430402481456,0.042106430708753806,0.035499516323160805,0.03220153170542306,0.09724088570912852,0.09679686032443573,0.04555984370987478,0.07011309891861207,0.047822951481170495,0.057231907687796214,0.0064260805451398974,0.07869977430472941,0.04910482242463324
2024-10-25,0.1960236158389694,0.04103454741395339,0.038698507510463775,0.016091690632710032,0.04208976441423996,0.035469292636905125,0.031961883443842314,0.09670751687851528,0.09650584581637922,0.04532170230342348,0.06983018252421211,0.047614164296477024,0.05683729435033209,0.006636239584187159,0.07858521948980988,0.049177377613911374
2024-10-28,0.07496636201428997,0.06404149826913538,0.08286028103023708,0.014442007310379921,0.09625147413288611,0.028253232159869777,0.047392292768690183,0.07179106979349716,0.05008795904509957,0.05746047689248189,0.048446007407859294,0.05170517491568804,0.04084158273068307,0.0355602054599205,0.04763229364496129,0.05905750674647512
2024-10-29,0.07426680258561257,0.06378353776681744,0.08454619093041943,0.01403999951933684,0.09540418894109863,0.02794432585667168,0.04771838160854556,0.07062058712786085,0.049255633164167374,0.056634065216811816,0.048040841926288345,0.05096208732866138,0.040349386370618946,0.03537862262604758,0.04716326469275026,0.05837564060302757
2024-10-30,0.07432852573482393,0.0637797006654863,0.08398672169001108,0.014132616349532886,0.09489964464615175,0.027929949054628853,0.04780968572791805,0.07041917439860886,0.049385416394260376,0.05662143360653762,0.047775299394636705,0.050881632844220565,0.040212447698857366,0.0352559460034934,0.047072133076377295,0.05845945633837318
2024-10-31,0.0745148962589604,0.06332996083017721,0.08313792599428742,0.014145744984525489,0.09539104995864006,0.028055913226909018,0.04778225009095577,0.07078658925038193,0.049580225383126,0.05667045558174649,0.047944879334486185,0.05109187554968325,0.0404216193774852,0.03569894262542288,0.04722688618499666,0.058735862237959124
2024-11-01,0.07569616028765636,0.06435983883108753,0.08430936035250491,0.01455540895542227,0.09753515035063919,0.028613960512038565,0.049672240237317686,0.07278447500151822,0.05053339217904451,0.05809269416943654,0.049318803455570305,0.05229417379184942,0.0414805703991001,0.03566103781520851,0.04800874951347642,0.059794789914710815
2024-11-04,0.06892844691752038,0.049302075069435305,0.046307151101620404,0.035827212130777344,0.05512074464261803,0.0647798258974978,0.017085606228582233,0.034055525519103735,0.15223619615289077,0.04391417936602714,0.043478548894471156,0.08777502729260306,0.03724978785576856,0.051881621068827,0.05669802274779528,0.08411820444536343
2024-11-05,0.06890802041399695,0.048980502346542734,0.0457873426586192,0.035570634068936305,0.055069232979228375,0.06476412441085724,0.017015844014634077,0.034095614037582496,0.15212206558163083,0.04380149123777458,0.04335504365682966,0.08755498261690725,0.03703523760798112,0.052221063536810275,0.05661548112639798,0.08395860896425185
2024-11-06,0.06791861958928566,0.04798247044615738,0.0450870934011345,0.03474177607002944,0.053867418168065354,0.06355160039033021,0.016687543036588134,0.03360200992071621,0.14902496849848296,0.042985538864077334,0.04258667705187639,0.08583906403164736,0.036416498571230756,0.052007059549759274,0.055550856952761546,0.08254361558640996
2024-11-07,0.06650806699574276,0.04679469411926467,0.043220150980368355,0.03378219834079594,0.052249142921721406,0.06153938278847117,0.015933391041459823,0.03261595563048597,0.14470497162118576,0.042109163602393716,0.041823397240698196,0.08364849167656857,0.035776484649377376,0.05277692852034133,0.05411645151286766,0.07975415421493265
2024-11-08,0.06555080506518164,0.04630148660584367,0.04287994636955544,0.03350080922474013,0.05138177831330077,0.06052802761758493,0.015758343979611324,0.03200550994418445,0.14287201704169628,0.04136993771793365,0.040982095418752335,0.08209243526045729,0.03507139903469453,0.05177676129452982,0.05333170587085335,0.07864621799506741
2024-11-11,0.12340525564539734,0.04241782327589814,0.05343233180284004,0.04078249443967818,0.04087019373663501,0.0913233933354742,0.049387229313803654,0.03997867322510212,0.1381723907239313,0.03733443609979143,0.05183457860595723,0.04237159342102357,0.04061236568619723,0.07412345628872648,0.09956799749744667,0.011093694226024998
2024-11-12,0.12242689683767059,0.042189633787717805,0.05330774110298702,0.04021448534466194,0.04065927503767031,0.0906478409695777,0.04923666121462181,0.03955245217105567,0.1367224634236786,0.036958204043943683,0.05176575846409456,0.04203059818335856,0.040330026316462285,0.07853821174762861,0.09888968398387903,0.010981767701016889
2024-11-13,0.11572505740838972,0.03990521820893744,0.05007740157120989,0.0382797520756943,0.03825597306941779,0.08563592039677488,0.04731322473632367,0.03750507970357988,0.13006478479153877,0.03504055242073446,0.04874624892007605,0.039850344928768114,0.03811402619934422,0.07391677062541362,0.09311937933282723,0.010413600812845454
2024-11-14,0.11949487355288896,0.04139448599644753,0.05185450269813213,0.039344890319974346,0.03954121260648649,0.08823136233419597,0.048853691025803364,0.038741353157884725,0.13413110216563842,0.03618131505785538,0.05049458608150465,0.04121993053114747,0.03938498192178734,0.07542295720395344,0.0961815988108881,0.010738760503668175
2024-11-15,0.12304950623237725,0.04241436748423113,0.053963218408400876,0.04032269920492215,0.040864870472422946,0.09084273388971585,0.051173807971344555,0.03976826787871481,0.13834865546151667,0.037051003466531736,0.05208228129861484,0.04247003250773732,0.040688399992756516,0.07563917806660457,0.09903353419991077,0.01110550419136973
2024-11-18,0.10726984588529745,0.02056599685393873,0.017235590758502988,0.021977931000654143,0.06944132662315165,0.03163997392540018,0.056580049863114504,0.04881775797339894,0.03985411687452472,0.036890059025191047,0.09467678536705154,0.06391084511128736,0.09803803389313462,0.059741940905686824,0.07020990457086983,0.0697600402681208
2024-11-19,0.10589636046783822,0.020174047579202967,0.01660544160018312,0.021590952253647697,0.06840795214431895,0.031204076722533874,0.055543514568037064,0.04831888200791224,0.03934164587811607,0.036495595877140234,0.09365731098539372,0.06318497490935941,0.09685146035043976,0.06052327366554856,0.06943596150796773,0.0690598091539206
2024-11-20,0.10547652469107417,0.019976848981013606,0.01648071395841062,0.02132065354430955,0.06782834114013216,0.030942781333686723,0.05508750564862822,0.04824877789772039,0.03910295059002859,0.03613428835128709,0.09239676955082539,0.06263691042479198,0.09611168814704497,0.060851579183684085,0.06899498061628301,0.06856177966606644
2024-11-21,0.10523982740116937,0.01993213271163894,0.016307858182654036,0.021311279111349155,0.06758793277811237,0.03085829072846064,0.05493803524575785,0.0481067412124748,0.03901123013860914,0.03618441775002592,0.09220578970247326,0.062411051815837955,0.09565591939964445,0.05981655910713011,0.06876719820487454,0.06811287368905435
2024-11-22,0.10415689044566426,0.019634385996340438,0.015880514812272133,0.020929744927279826,0.06673524785167986,0.03051103467027021,0.05378669317289487,0.047650734729035145,0.03851446017632116,0.03589670134285866,0.0916409614486768,0.06175644715337343,0.09464581949894928,0.05805717865250962,0.06803582052205505,0.06697811604285786
2024-11-25,0.06560030160462345,0.03137741171053164,0.02868606188955457,0.058280980724707894,0.04492075387550695,0.023263756901949657,0.04076087263010112,0.05196355637487276,0.040445808699554164,0.03703311100795743,0.11569995825588698,0.05176054454387502,0.08952466470231805,0.05611002893862298,0.11782357366986759,0.09105035930470573
2024-11-26,0.06468387351678909,0.03125569704390478,0.02899376355461986,0.05684537317979649,0.044870989130363255,0.02319158304759462,0.041038157602828904,0.05146178975066631,0.040294852647889914,0.03684326590077352,0.11619699643924968,0.05152289568275349,0.08949803810565657,0.056389337558984114,0.1169175578600071,0.0905125216880685
2024-11-27,0.06436320542881337,0.03125484370933519,0.02899809416580131,0.05721678345269516,0.04462145886241783,0.023058284735041037,0.041173643150958436,0.05173600731961215,0.04036624748655382,0.037008446722665615,0.1150479273094758,0.051537105418914,0.08965555507252712,0.055436307695199534,0.1166099177666258,0.09041032692249781
2024-11-29,0.06435153761859717,0.03104607793408982,0.029109382242242673,0.0573212654192235,0.04448498307677964,0.023039561156297926,0.041359730912983464,0.05154253430496762,0.040267227166223066,0.03687433903356328,0.11451326119681988,0.051390803083612935,0.08935100727605455,0.05660120417824295,0.1162931205710105,0.09049030088989149
2024-12-02,0.08228533635176014,0.023005149445623003,0.01628152384985796,0.03851779280739093,0.06654453210808953,0.02303210379204808,0.03593853677545716,0.08142365382953005,0.07133911115325149,0.07316865646674292,0.07462864407243175,0.0985781195526176,0.08477457333924591,0.05688178419395375,0.06467041537641885,0.025496294988057975
2024-12-03,0.08219170641335198,0.023153635418886338,0.01645063791418218,0.038099327618650945,0.06671741082000009,0.0230618958863295,0.03596400080580892,0.08066873313201989,0.07169638561516503,0.07314299050301293,0.07460471492715613,0.09867477339003389,0.08466564472084954,0.057949510710381846,0.06474374021030373,0.025546968350995916
2024-12-04,0.0827683697216294,0.023120689415007577,0.016371384960500293,0.03826973334836235,0.0667723292362962,0.023094919188810868,0.03597686606291017,0.08105797746464224,0.07186102189005682,0.07311249319866912,0.07419205555690499,0.09862970153107654,0.08473551173905634,0.05753222565125321,0.06480277011530729,0.02562200348290038
2024-12-05,0.08154455777628297,0.023003261030201814,0.016402092032638503,0.03785810542225807,0.06619231118385824,0.022897397850507234,0.03565396382426602,0.08043725381976646,0.07133321291588517,0.07262703650980817,0.07312774620014814,0.09781377908105414,0.08392936681263745,0.05819392179596994,0.06430894088570117,0.025392709791697998
2024-12-06,0.081645352868076,0.022992575057423126,0.01639049708483157,0.03816400231215657,0.06635982691495089,0.023038210898198946,0.036678030920974616,0.08114292428002655,0.07162179914285796,0.07304343904413205,0.07336159572511018,0.0981687406904666,0.0843240408265293,0.05832049810510716,0.06448823605611224,0.025642678062828213
2024-12-09,0.04408103596868178,0.0341539935476031,0.03673209236120585,0.04734008189662855,0.08136802246253942,0.018401504637036756,0.02555527258749662,0.07737780224381552,0.20815487650743436,0.028399300856516645,0.04707487838000176,0.045808829805794475,0.04246624497648528,0.05749904361760595,0.07260818056236637,0.03853582809941011
2024-12-10,0.04442834280757256,0.03435465787322041,0.036474997414137525,0.04771605806692094,0.08210696324371895,0.018591512700308916,0.025980993747972685,0.07669417357203083,0.20956897616260678,0.028442635795470808,0.04726471538305868,0.0461105443101462,0.04287943548616643,0.05683197917081805,0.07328521622752981,0.03897210313419357
2024-12-11,0.044422186984300616,0.034450893143359695,0.03642900642797392,0.04833019729478221,0.08234238206488265,0.018641776115347702,0.026185442508254265,0.07665601823221277,0.21096841252427254,0.02857300115986336,0.04719162649036815,0.04645473484202719,0.0432191088620249,0.056870173803762906,0.07343192058767414,0.03921646632829777
2024-12-12,0.044025268625708915,0.034231210875417965,0.03581512015075475,0.047576730267930946,0.08142508076630149,0.018520260208352936,0.02584270891073586,0.07642703194434947,0.2094300641218191,0.02824432079919659,0.046423269120822445,0.04602370537930772,0.04252452445134227,0.05692265715826501,0.07303289018378864,0.03882805004301451
2024-12-13,0.04433060161210035,0.034586198664767275,0.03613078002485917,0.048324954777579816,0.08215059000015187,0.018699791122869628,0.026474196811008273,0.07737199954961735,0.21155605419763074,0.02858446069067627,0.0470928023340408,0.0466200770246059,0.04291193568911463,0.057514019803542586,0.07361876263446139,0.039370091734092505
2024-12-16,0.030783855794385168,0.021896899264372636,0.04524079767545382,0.07516960393532296,0.007825136305496791,0.10419511946383819,0.07024680908056796,0.03414083613307104,0.08229164810022585,0.03229893182410095,0.042765209816005206,0.05227321656998174,0.05087686107363959,0.09090162380465461,0.08282184159761265,0.10616143344284452
2024-12-17,0.03064743510622393,0.021825051848758104,0.04539161536861174,0.07375799337246192,0.007763097293919201,0.10379923340271621,0.07012723231409367,0.034180977050440826,0.0817817937814154,0.032022996624066415,0.04227624872952214,0.05184376065168145,0.05035121296089397,0.09255428433761848,0.08247640053358182,0.10573707752081946
2024-12-18,0.030600657735042436,0.021876020567457626,0.045790171178861035,0.07442152698252696,0.007763036104127504,0.10387679139528071,0.07101971103381544,0.03398542557124269,0.08200236632618481,0.03202557673143376,0.042301653114492556,0.05193651452457175,0.05039352886691594,0.09336945105484556,0.08229383073933144,0.10623563162562419
2024-12-19,0.023384228495560263,0.016754457842707206,0.03510933273217777,0.05727479016714061,0.005971027311129924,0.0795647520932277,0.05662232159223816,0.026011484142004618,0.06313019280014658,0.024564912108528916,0.03244425369798423,0.03971741073599929,0.03867513324734489,0.06984595431673722,0.0628663396741948,0.08216897134031736
2024-12-20,0.023917377526527173,0.017229977075614303,0.03614028641078832,0.05962147999221931,0.006134469570530877,0.08178518425550661,0.05788984967520865,0.026780288332271047,0.06497907482930584,0.025375528731051304,0.03319137714321742,0.040918552891041314,0.039853207125328007,0.07136575542984565,0.06442240829082614,0.08512316863667715
2024-12-23,0.013309604768571884,0.038509842531728664,0.03137438496986343,0.023240301046216695,0.004546369835458109,0.10587124746814433,0.07556193894923059,0.04991793919316193,0.07214165169682234,0.03771065437995141,0.03362135852425314,0.07456901662150646,0.03616241767458909,0.06640426820808411,0.027631995760203764,0.036107106334169116
2024-12-24,0.013637838526816428,0.03940186065248457,0.0322499185700495,0.02372749485584782,0.004643632267232908,0.10833285520666847,0.07684321089354963,0.051016223802366555,0.07408725758283687,0.038484918099984826,0.03441562057605607,0.07637480545692102,0.037068624043719106,0.06719262998756374,0.028268322673051568,0.03697982823840472
2024-12-26,0.01351585062008646,0.03900665008727653,0.03179780694080187,0.023442496685722534,0.004597096587946207,0.10733354510377166,0.07516124012601573,0.05064157646763147,0.07322021074083515,0.03812928164443248,0.03403629983867028,0.07572499145295378,0.036714997876122334,0.06746772217885334,0.028020540618043342,0.0364817213903017
2024-12-27,0.013875614580727844,0.039959921444878636,0.03276945142074274,0.02400490869891521,0.004716097473025541,0.11030275587237415,0.07666379699780776,0.05196046380441072,0.07503166584300269,0.039076216593554716,0.034958113341656515,0.07762731383447366,0.037647830615777304,0.06924279296294322,0.02875440366681379,0.0374382441661759
2024-12-30,0.025060076421885086,0.03363748542120321,0.03465131685073188,0.025498556895716073,0.03437846501148004,0.10152802137894454,0.05600918606244351,0.07049176969892113,0.06274280646165759,0.004364875110880507,0.06622476627016807,0.049235877625859216,0.014084181006914592,0.0788004078635452,0.014320297190040894,0.06237768335652995
2024-12-31,0.025729257753965555,0.03460106322225763,0.03502806194498053,0.026231422458268573,0.03542158596428737,0.1044947780927704,0.0588142050767856,0.07264850630995125,0.06452269536499187,0.004470207876040243,0.06795159367628212,0.0505451769750279,0.014448158242988987,0.08026620141655107,0.014728853030817661,0.06423365158614108
2025-01-02,0.02634616032888077,0.035689506255378076,0.03587786249376898,0.02682908079455954,0.03641863284386216,0.10715120472080956,0.05977128737172935,0.07438568552469733,0.0660778376808767,0.004584510061769627,0.06990031517292315,0.051824325302134225,0.014821437772208486,0.08171008813209332,0.015149910092995518,0.06575207156126497
2025-01-03,0.027011457347864073,0.03652375118096446,0.036422463670137344,0.027239007532753892,0.037226883081261944,0.10972053958014281,0.06015069944897944,0.07628348484139852,0.06727988971380315,0.004671131667667389,0.07121061319304355,0.05288926854629658,0.015123124929016723,0.08355434965254098,0.01550018915531218,0.06680243067544173
2025-01-06,0.03925799874069872,0.042660327384728636,0.009718757381946292,0.040069310083880656,0.016744050318591525,0.07458314062442045,0.05732749870982878,0.09753105750388846,0.06210488342114537,0.07102542681541078,0.05943741857096922,0.0549084236960273,0.027306126678323925,0.03284065479988297,0.0729746406540417,0.048503578173336115
2025-01-07,0.040419064437284456,0.04372453977598853,0.00988098507122828,0.04035444532890103,0.017159902827382667,0.07636153672461914,0.06037014491902103,0.10022136932780994,0.0639349671664382,0.07274146019164623,0.06125931276887721,0.056405245696589994,0.027981677759947393,0.03420515153139558,0.07490911628343233,0.05011859891659088
2025-01-08,0.04075287553384767,0.04435112991087678,0.009938341680095008,0.041293885043059926,0.01735228947078937,0.07745614319932471,0.061020357768379614,0.10090767620331688,0.06472620914155316,0.07384944998247735,0.06216657676836576,0.05712088123790697,0.02842658990899992,0.0338587047125875,0.07574158215800623,0.05072645009813716
2025-01-10,0.04178145904158806,0.04569774331293318,0.01027966474670494,0.04231201528873163,0.01780175157914294,0.0797025832436813,0.06156433024271333,0.1037967177175531,0.06643154437918664,0.076069904938719,0.06354304992853813,0.05873600068912376,0.029222899106418992,0.03471199231500499,0.07741926106829557,0.05195220446206651
2025-01-13,0.030268627917417745,0.06786732023589916,0.02743011801846462,0.04364487800607051,0.03323992874248788,0.09910710115752601,0.041939897148330296,0.08676011497932104,0.07363028636949898,0.02736858230649153,0.007512973078139468,0.057392933597735174,0.04564584926894925,0.06509669565855246,0.02652976530014034,0.08962546378326243
2025-01-14,0.030966131674332837,0.0698704004437684,0.02783558332643622,0.04496154951191526,0.03424373082453556,0.10166769933002014,0.04344468898377421,0.08910010562777554,0.0755950039795241,0.028161728843912586,0.00774541241597221,0.05900432596836054,0.04708507436327211,0.0661418036519118,0.027224920353414846,0.09182147969898351
2025-01-15,0.03161675115502277,0.07074282820703942,0.028487641779982677,0.04604009035315292,0.034876524755103555,0.10389262368702618,0.04456461030578577,0.09165800732282615,0.07693100810197272,0.02883553792323888,0.00795949964876798,0.0603223620248484,0.048100238836830164,0.06696922362224988,0.027839141579391283,0.09394793263565981
2025-01-16,0.028209794246347435,0.062427279682578475,0.024887801742515925,0.04040740567744441,0.03091496408119992,0.09225875287140488,0.03979615627460307,0.08136702819191054,0.06822269345529772,0.025476103317284223,0.007058138695280438,0.0534740202828212,0.0427484981685582,0.05994878299502738,0.02470247511306158,0.08335104252237159
2025-01-17,0.02904031836412739,0.064050766950685,0.025698773563445614,0.04124281762138575,0.03178512524912497,0.09467090145063756,0.04007758241689686,0.08415276457708064,0.07001177925182178,0.026223954653922747,0.007273177034114864,0.05498970055548352,0.04390823552009794,0.061953646346670145,0.025402563355059176,0.08560804586793325
2025-01-21,0.05322849384880403,0.04237447906009754,0.052793659458077506,0.01967943940947919,0.023175012395601977,0.06652411509688307,0.044184621991650595,0.07962957716459286,0.0787898424061234,0.028189719263584823,0.08794021494213182,0.08522948885054661,0.05656942467810464,0.0021021709555856154,0.03362603620205355,0.039165420829818096
2025-01-22,0.05294939441937496,0.041659578462875026,0.052538246559211806,0.019499707536236706,0.022984673402653973,0.06629689030366037,0.04388364732440659,0.07966188910870094,0.07832811457221658,0.02814229051447612,0.0878519372815568,0.08486748755917216,0.056261515726853284,0.0021308417001128675,0.03349395303896088,0.039181325404548
2025-01-23,0.05414398163929213,0.04253446379419931,0.05355184641500833,0.019820164563592528,0.02340392836037338,0.06758510372349905,0.045327498223189586,0.08145386161479419,0.08058657572866144,0.028778142945612144,0.08943574923401286,0.08665823606567785,0.05753895539474795,0.0021748811215097936,0.034130735060135704,0.04011831779281979
2025-01-24,0.05555361764805021,0.043798066051000326,0.055163195920300265,0.020350826098915604,0.02403964184086054,0.06934709829793066,0.04655663211055841,0.08384819980933923,0.08268377275651248,0.029537279717829806,0.0919077152186365,0.08905574728096578,0.05933324235197776,0.002240614002770145,0.035148487412577416,0.04113562444124889
2025-01-27,0.04670476747951113,0.020000957602090766,0.08764508306341527,0.052151954571348996,0.0717396072102871,0.053783667776463415,0.051668452669367405,0.09491157172931895,0.02837392310272918,0.00963144090191056,0.09522852870730031,0.07255380254933173,0.049960051748592194,0.05327930324612798,0.033369922971664585,0.03601315927655835
2025-01-28,0.04582684408073838,0.01987113472729968,0.08817612232854027,0.053935866097523266,0.07164513024725058,0.05348439482867427,0.05054864600598843,0.09150251013613116,0.028160939330461907,0.009678140429217478,0.09518119565303994,0.07239144557041882,0.05023329295656192,0.052672947424281955,0.033046126083185585,0.035653780814769186
2025-01-29,0.0469032466793192,0.020295507596159112,0.08991596202902503,0.054380643739689774,0.07264748761179687,0.054186210345092835,0.05134388599305457,0.09350977540305694,0.028752534346034378,0.00982672935888099,0.09579482250364496,0.07331071951476094,0.05102994986579547,0.053895956660579544,0.03365822932316053,0.03639190723176327
2025-01-30,0.04728213231929032,0.020433332034112642,0.09006384427264762,0.054442786961581814,0.07324006887554788,0.054650293045210054,0.05269998201510476,0.0945287196549306,0.028971317698997637,0.00991852226541327,0.09685248118282416,0.07400142039318287,0.05149203146492264,0.054407362289126675,0.033957709250639984,0.03667572711811066
2025-01-31,0.047428990920022916,0.020343439267816687,0.08967402737173966,0.053703370344031796,0.07299073335386028,0.05435329983995631,0.05148575992997622,0.09498757878497872,0.028957638779376738,0.009933677410844846,0.09701965941209009,0.07366922169382625,0.05146098260219735,0.055031035733321805,0.03393390961776688,0.03656370213074057
2025-02-03,0.03625883287870402,0.01901250870043086,0.07238435784727505,0.02874627925594287,0.04967741397236178,0.028020826749720645,0.021552941072002896,0.10209113073099983,0.042985012389156,0.06150350578169005,0.05272982906157499,0.032980176879838494,0.17495503690774014,0.058441822108952615,0.07415185230469049,0.036715891493806066
2025-02-04,0.03663679891514091,0.01916695809315315,0.0726446656709534,0.029485368591670693,0.05012948216175481,0.028193350416722003,0.021747442993620306,0.10383875349994717,0.04348835865914337,0.06255046647673784,0.0532514774340048,0.03335264738512355,0.17736999525175623,0.0587086761704999,0.0748390440897819,0.036997082218101274
2025-02-05,0.03727157316103217,0.01916290577917116,0.07214426408841894,0.0296145657918077,0.05045069301297944,0.02853533414478177,0.022149357679396346,0.10430438656256724,0.043699435770565294,0.06280095875206242,0.05346003468268084,0.03350582541974792,0.1786348357215604,0.05949093122546346,0.07528200914077733,0.03743070635733618
2025-02-06,0.03690842436272805,0.01882678244240166,0.07162200691633838,0.02912901633875037,0.04979002605186402,0.028128668614515615,0.02180211070867392,0.1038611498254555,0.04307775928670766,0.062150950084242575,0.053026156026503554,0.03306615712692262,0.17640816712880933,0.05888914214339677,0.07438924553595283,0.036895011421603376
2025-02-07,0.036964421576799536,0.018865077464241715,0.07151737320422448,0.028854524011181524,0.04984567976406072,0.028139122664800748,0.021971667597424346,0.10497470748943971,0.04317378214640694,0.06223872087022494,0.052814671118525454,0.03315070888789683,0.17619009654023435,0.05785193744238183,0.07445278897462553,0.03703649306457049
2025-02-10,0.06844507170163479,0.049840934786984696,0.11197779069031706,0.01653239743534795,0.03600843856572607,0.016460459116352983,0.008329526216403933,0.08506451884809826,0.058974527693209676,0.13604815037507673,0.031190180776775014,0.07477111898241942,0.0716109449716364,0.02438606087304163,0.028884894458655677,0.06691916193559062
2025-02-11,0.0679101833976603,0.049358507386887296,0.11009706263887026,0.016078290199971916,0.03547162559894204,0.016279003400789898,0.008220898566224797,0.08411898972244974,0.05828163212206939,0.13447301626597302,0.030715488545647218,0.07402136370583946,0.07039334440447408,0.02371837407056125,0.028569855722495017,0.06605629544239176
2025-02-12,0.06763899808085398,0.04936079389850123,0.10972752833372186,0.016395451968199023,0.03544114508053571,0.016234392566944856,0.008201213384849759,0.0838979508607537,0.058348658695664,0.13461674616593902,0.030791872568056988,0.07412499585598087,0.07052849024046404,0.023311212451332986,0.028499762518537815,0.06612556915967838
2025-02-13,0.06779786694773014,0.04968071167920076,0.11096533030674505,0.016274612764624254,0.03536012643295553,0.0162757736162532,0.008371377024507338,0.08395429853855993,0.058388517318968616,0.13470975662798693,0.030925851279270236,0.07419441532778343,0.07074981404671514,0.02392321262819964,0.028538139550338036,0.06649968871741353
2025-02-14,0.06698030078848886,0.04867807887938628,0.10882059434436406,0.015976081296162323,0.03487988747995952,0.01605020729817137,0.008304331658131813,0.08281488891168692,0.057726395708712006,0.13336609898407642,0.03071241099478673,0.07307007137435888,0.06979764329771594,0.024002623216436786,0.028205936743585763,0.06556898136440481
2025-02-18,0.07521550544492696,0.07605143014381746,0.019131702448567753,0.05426400810308221,0.03948796623826341,0.021281462102636754,0.02822605367509257,0.06805283422868964,0.060701940384611325,0.056460813875085565,0.11164296394958571,0.041935263359338955,0.0851352235086832,0.062476610918017914,0.061534146852021285,0.05615595541652214
2025-02-19,0.07453319400757887,0.07594598764475763,0.01890835065862171,0.05371608477899797,0.03892033253400252,0.021091934520452778,0.02800394794086736,0.0674247117577387,0.0599931123164137,0.05583783400625464,0.11126808277241351,0.04153292618968767,0.08393747013902642,0.06109758319007933,0.061113448000491004,0.055499499667600455
2025-02-20,0.07390171946565033,0.07537177852962132,0.018998966381059208,0.05376103824068261,0.038899934271403064,0.02108341184916196,0.02818317005761034,0.06739758616965982,0.06019109447948071,0.05612295327951726,0.11127442952842317,0.04175761091071731,0.08404644196472,0.06046234851946594,0.06081614545409454,0.055370841455424896
2025-02-21,0.07443926083035476,0.07545244364527298,0.018909179381706716,0.055212789849883884,0.039093770603812236,0.021290589565230264,0.02845604023557708,0.06702831475491079,0.06066987535423966,0.05660773800456563,0.11222353943378711,0.042087109466983616,0.08429435177990734,0.0597381906859976,0.06104502805197612,0.05603112274337921
2025-02-24,0.03095703177260236,0.07949780695926342,0.01792936553081704,0.03797977846136035,0.012962002911669351,0.05653234678292268,0.0694908266628573,0.02869448245456989,0.05070609816856285,0.10731763799827783,0.1270085356877312,0.06333424611853665,0.047307750223461516,0.01206659544324014,0.013920015710262048,0.08101426253257957
2025-02-25,0.030769899846842218,0.07960937373682107,0.01812049658015231,0.03846001837990502,0.013007219114391498,0.0564879095810402,0.06843269588449717,0.028585334091308756,0.05078826336412816,0.10803386914694764,0.12733835281914122,0.06343335932173431,0.04742606860901372,0.011993283135493372,0.013934098582397305,0.0809818930986097
2025-02-26,0.030724665343719617,0.07927308545040912,0.018273246533485537,0.03934469701258664,0.013040465823483094,0.05663516293546771,0.06883313636773947,0.028607412753577557,0.050862342131337786,0.10867979278029542,0.127580096283343,0.06355264405850927,0.04755644438894997,0.011451540888327862,0.013901400576124805,0.08087634587778053
2025-02-27,0.031024375941700807,0.07954254869503422,0.018427610005738317,0.038681661958801634,0.013094839578007155,0.0568223926410775,0.06873446688186415,0.028788294212474252,0.050874148237916895,0.10817351598557867,0.1278750746861274,0.06354285205772328,0.04775478960133924,0.01151485428890178,0.013950177750598685,0.0811233958900587
2025-02-28,0.03128635920987618,0.08085347372485607,0.018778586012356914,0.03953892179716799,0.013278481626208002,0.05747058167939459,0.0692882395130354,0.02912968180224919,0.05133906880875595,0.10985528906511594,0.12929623063127815,0.06421353084535897,0.048393875824472396,0.011609467245905194,0.014094981298887768,0.08126934484322677
2025-03-03,0.058910270586019046,0.03493737641057085,0.044486329617516994,0.06242389309221348,0.04457925887503822,0.048651240368727255,0.02388204539561841,0.07610614730128969,0.039629553534527226,0.0903897792810423,0.10376871581453107,0.05082891418622908,0.0660989590160482,0.11229367236331139,0.04303033837372933,0.030791890098122044
2025-03-04,0.05971850227118193,0.035476012373957144,0.04579248726322731,0.06422796004781874,0.04522763709697597,0.049794267181232,0.0247366198978337,0.07734956583359792,0.04039764616198111,0.09272519377993196,0.10567114021832606,0.05180651107104813,0.06747818964076259,0.11207293647039632,0.04371046310558352,0.03137793881235799
2025-03-05,0.06046019612758676,0.03577155214828308,0.04647430400796385,0.06581446316634382,0.045723716008186574,0.050600178950585314,0.025750164281289616,0.07754392171280461,0.04086077159754134,0.09362814828206768,0.10540684289465914,0.05220824879791209,0.06770264525540272,0.11523949676828903,0.044261281861298546,0.03178162157953586
2025-03-06,0.059603439994467086,0.03505917845702511,0.046296687511580864,0.06440151536132134,0.044814781458865624,0.04970815094890186,0.02592240561166719,0.07614770324182503,0.040110364781612326,0.09183302078298221,0.10331428400338365,0.05140611882835526,0.0668015189826395,0.11429159179423129,0.04360085445899409,0.03153930620837154
2025-03-07,0.05913857222369878,0.0348928084962413,0.0454190771505233,0.06466180709139745,0.044690239857200866,0.049506268213524295,0.026288017032086133,0.07422536094938045,0.03992389159930618,0.09197422992690224,0.10369990000699233,0.05119636270424461,0.06663558458274187,0.11100953322047721,0.04323532901629874,0.031237789088689467
2025-03-10,0.006776043946775601,0.0541346808527483,0.04583966429529962,0.0934508250004761,0.025129225417458195,0.12221996496967191,0.06221348788437496,0.03596055863604712,0.040229752804905046,0.07666980075160433,0.05773242378582042,0.11912651110996347,0.032484326238767805,0.056223029530949896,0.07621807331419599,0.0559335446941279
2025-03-11,0.00638841250388855,0.05066514247041279,0.04351979492950614,0.08913005604232033,0.023955320124713086,0.11535899391859664,0.06011267050111117,0.03365162271689756,0.03816504161274721,0.07308980156750809,0.05513868711656028,0.11276957391047318,0.030875595663774395,0.050755452648231475,0.07167014978454907,0.05228609075618014
2025-03-12,0.0065892271684206884,0.052072268851339636,0.044603270035751846,0.09112991993285936,0.024582417364297247,0.11928707922525252,0.06277871375005457,0.03502395707230206,0.039128466167870864,0.07478087293809475,0.05616836294939974,0.11559208639785998,0.03162621493641928,0.0530297608297817,0.07395891159831158,0.053908013951156505
2025-03-13,0.006672832771001148,0.052753864855103055,0.044483230425415916,0.08971808255914933,0.0246830138160639,0.12073688346441548,0.0624032140106209,0.0355823890214627,0.03927726495608419,0.07453367919765005,0.05613166924181984,0.11597420383557142,0.0316960617798454,0.05444500294821934,0.074589059077396,0.054378480064807694
2025-03-14,0.006772190523443296,0.0536522480814807,0.045441977906827746,0.09224312017037385,0.025148694673092033,0.1227018098831657,0.06406344234346739,0.03606584429899533,0.03985027148267214,0.07650757850124465,0.05799248349756582,0.11810697256848277,0.032340308226121946,0.053469712813309686,0.07594466388788661,0.05518396135779647
2025-03-17,0.002152745381972582,0.07116399892489596,0.06671134639167213,0.05932369906484961,0.05289588581361334,0.09066781471612989,0.05530384632702907,0.05165895079628557,0.03471422819996341,0.049183124715038995,0.037488831588314474,0.0850975500194456,0.027944818977302704,0.04583127902802553,0.060598891362023635,0.026268633663671142
2025-03-18,0.002157190907590146,0.07135036678453999,0.06667161531374781,0.05974886187705102,0.052702456680124174,0.0915533106539003,0.05537465202176035,0.05193793725769015,0.034850759591443764,0.04964565717194054,0.03782143997127626,0.08550301840037157,0.028004388801158884,0.0461591846284964,0.061049732682913076,0.02642038182593743
2025-03-19,0.002229919391805417,0.0739320778893094,0.06888560758154362,0.06211870289576084,0.054456533974241134,0.0944965481307464,0.05758436833039689,0.053176440522539614,0.03592289030358087,0.05127253882119277,0.039309276627757836,0.08817240070808074,0.029055564150246384,0.04662551509563065,0.06288000538742254,0.02716501480622756
2025-03-20,0.0022256969907267074,0.07352143942998761,0.06885467079579341,0.06106245209578485,0.05432515545268268,0.09410739375854196,0.057532022967622595,0.053415812427720234,0.03576228391118088,0.05097412178738419,0.03899988294120349,0.08780141384666662,0.02890585081298695,0.04741753616589531,0.06293874253146364,0.02710600953733597
2025-03-21,0.0022985269486693652,0.07564181934513525,0.07075540490828294,0.06292873470184487,0.05612430350168535,0.09702695814610623,0.059116258444967866,0.055285603441899034,0.03690627515104349,0.05250876101001731,0.04019453904066635,0.09059710332212098,0.029891003275461174,0.04921967745720644,0.06478015284989955,0.027918398091522204
2025-03-24,0.0068780252992665224,0.03067846706940293,0.05553784659500498,0.09075358678783699,0.06975634701600356,0.16587247062719668,0.09312738091264745,0.04413850648531371,0.062194075866491595,0.05972250801505268,0.06393285302559998,0.03353090153203756,0.06220214167399712,0.0411769892881377,0.007241608784309367,0.038163018643097554
2025-03-25,0.00657793514042838,0.029139873558491236,0.0525953420239191,0.08456074371785051,0.06627761795327308,0.1576615234190934,0.08615080392191359,0.04252719587551902,0.05930842471077837,0.056575071494826684,0.060740329605578375,0.03196591725705183,0.05926073431395437,0.04050454183603855,0.006901740398219004,0.03615996293713781
2025-03-26,0.006725591815857216,0.02971309928680753,0.05365580237515821,0.08626362352754623,0.06763042802357418,0.16074721737890685,0.08899539443072846,0.04343682160184376,0.06059608557556607,0.05769096297713928,0.061953895239886723,0.03256188775054398,0.060572887680002956,0.041074191261163885,0.007031260439696725,0.03697617128672522
2025-03-27,0.006807532319453081,0.030190644462621492,0.05417848288949831,0.08956935762384455,0.06871419622214903,0.16309492234048253,0.08926513128120797,0.043689178986611864,0.06148655485536234,0.05892684820240941,0.0631337458094227,0.033093480854542015,0.06166064326301269,0.04051116587280263,0.007103748919948627,0.037504982280050725
2025-03-28,0.006849338137744166,0.03046703043924053,0.054482253128874385,0.09150992769408227,0.06906662889147387,0.16515959299780952,0.09010601119652496,0.04372044964943912,0.06212804781432138,0.05983077913323687,0.06347794408774189,0.03339461640159555,0.06224230789799537,0.04024735491924681,0.007179378552587408,0.03797565386271043
2025-03-31,0.11994042500724737,0.08909204728761007,0.02440933353405379,0.0762009091433236,0.0210987781303603,0.10885990030776897,0.08249956143058404,0.03371894058055033,0.021356054281424407,0.07207931525815715,0.044679092689401595,0.026479939010031685,0.06458436588991891,0.08928764283351578,0.010136672589625346,0.04150022479287428
2025-04-01,0.11639900760761174,0.08584530711629992,0.023388261186903892,0.07485879766331748,0.020531434563401514,0.10579116893922624,0.0791699302950612,0.03292884256015817,0.02088216647908607,0.07056509795054514,0.04367714564097156,0.025906201078194465,0.06328549242956874,0.08461618674344346,0.009842870256688173,0.040364274779223504
2025-04-02,0.11992469058893636,0.0884021084539829,0.024025595354302074,0.07668302206469692,0.021101516709764477,0.10889487392516271,0.08190279170164422,0.03397217094684986,0.021456839410707543,0.07234236406209757,0.04476859767065393,0.02659590355413189,0.0648620782543437,0.08690202319855654,0.010139112712655494,0.041464519547968
2025-04-03,0.11974112766908052,0.08765353316954598,0.023887197489788615,0.07498019216548793,0.020954345177056927,0.10852926658981389,0.08173022839349245,0.03407379779731436,0.0213597074758896,0.07185546035783749,0.04455930616537692,0.026474562891291624,0.06459338366585439,0.08854073626278045,0.010105366489744286,0.041266876493294
2025-04-04,0.0643722506069409,0.04801659535104496,0.01321680019711986,0.042265054500228445,0.011419365323527173,0.05929253085765212,0.04648792258667074,0.0183496732513126,0.011595967520625942,0.03986829287134416,0.024136396231942307,0.014345207840302288,0.03534956660541577,0.04682912153014195,0.005439622619329794,0.02257039620321226
2025-04-07,0.024586051137107386,0.021798330487116047,0.014854903175426287,0.010487188218880991,0.03447598057441428,0.026850226138115895,0.019318601834248526,0.0036255319299952535,0.021883207928147057,0.010170326514756292,0.015407323615290857,0.020308661708802744,0.015449774409405084,0.028238447553555687,0.030684808798093103,0.01649697500506011
2025-04-08,0.025222626999692615,0.022324524246050494,0.015010009785600374,0.010352195297764233,0.034984684761617986,0.027059014175125,0.01942240510884285,0.003747822264880224,0.022280554156607756,0.01030319240154761,0.01569303416414993,0.02072411134509903,0.015667279243642845,0.02929065918456293,0.03105800028510029,0.016824350282271406
2025-04-09,0.026040249956325267,0.023176510333766973,0.015532999748800947,0.010778381603237202,0.035833900988644155,0.028148517090738668,0.02039109892698171,0.003874154920206098,0.022962397347399972,0.010666420189363096,0.01606205410459915,0.021275676051030146,0.016282858609767643,0.029440679937742263,0.03198603993578388,0.017347766160863407
2025-04-10,0.02310334518722148,0.02017027562741736,0.013571104528637905,0.009179574858757636,0.031288405983320076,0.02477706731248231,0.01652131017912041,0.0035090792072157042,0.02057127850097247,0.009404668972843621,0.014284145696914292,0.019182499937929885,0.014438496974984946,0.027622527898577474,0.028466853077406547,0.01585306247340782
2025-04-11,0.02352171202139696,0.020646315734540222,0.013657476965230045,0.009657240972483145,0.031540633523597345,0.025410111136611246,0.01716169051035628,0.003558395588561016,0.020885904723124203,0.009656987235025456,0.014384535310017927,0.019438304419698908,0.01478266776645792,0.027661008063861875,0.028833780567972988,0.016134371868499562
2025-04-14,0.02736294080994388,0.021591723142620645,0.030417604222759017,0.009701954607172913,0.017212297014086744,0.04488319198130774,0.01818742682494677,0.03447135855612393,0.023576214618213825,0.0960954473609795,0.010718017081452069,0.009527260609557286,0.06920283950189425,0.02063952337077944,0.01768707543107419,0.024931168051028765
2025-04-15,0.027980532684279726,0.02194090114627645,0.03129693722302648,0.009938586758566587,0.017650587070740492,0.04566388299229017,0.018807365685600715,0.03528409763254875,0.024107182238971292,0.09873639249584264,0.011013874864106793,0.009797460312430742,0.07081863280680985,0.021030321003899805,0.01809196725649731,0.025590002943014563
2025-04-16,0.028790213894879055,0.02263316180378334,0.03210447984996178,0.01013490196055794,0.018118780347782085,0.04671542215160474,0.019185824744991007,0.036345515524485825,0.024644250149318165,0.10087092917403628,0.01128450310750525,0.010012496781860785,0.0725292736389754,0.021693176645298278,0.01864277291180102,0.026161552017650466
2025-04-17,0.029983649049520146,0.023607205063754477,0.033102349584801946,0.010615177326492416,0.01880313553938666,0.048758407630105444,0.019982101277144643,0.03747787087686508,0.025375123187177235,0.104428980251105,0.011674660178918314,0.010311364045560987,0.07490016601532866,0.0222800327846925,0.01941526765404185,0.02684447216001935
2025-04-21,0.06699106439433511,0.041725540618150106,0.04672629772312161,0.01615187972365336,0.01925753940492455,0.052152952324442566,0.05253669582966443,0.028323773159192205,0.01735477542771675,0.03429628371204368,0.021660181348799063,0.008852766186647099,0.053419892919509014,0.02299886515062942,0.02342147263226062,0.018462834609661864
2025-04-22,0.06940107105707768,0.04334261304858136,0.048422348516548815,0.01691123380287183,0.019905900536256182,0.054113005394048806,0.05471975849988852,0.028912240548973903,0.01782553971804313,0.03523364083434526,0.02232474020231708,0.00908930784927177,0.054708943942153865,0.023918588971077126,0.02425291185522035,0.019195690235442563
2025-04-23,0.07096162017269163,0.044126350268653,0.04914225829491586,0.017214291834945977,0.0203422478062348,0.055046802099597496,0.05538402617013611,0.02979076860812347,0.0182805357775535,0.03612998343938952,0.022851464945531433,0.009334367353377454,0.055994408843079636,0.024611679171226815,0.02475643423875964,0.019535128743027326
2025-04-24,0.07296976822220497,0.04525417637506356,0.05073613013605953,0.01738375827147928,0.02097408816793591,0.05607838460354726,0.05647132050455902,0.03099043620426237,0.018826453766731217,0.03701018028361097,0.02365087007358921,0.009595685736311702,0.05769512590985081,0.0258678380376231,0.0254589524826096,0.020024820661600166
2025-04-25,0.07439522270489529,0.04573642657771777,0.05112246764362167,0.017253025780069573,0.02130067360642667,0.05684856602037588,0.057579959782769946,0.031679992080388936,0.0192198480603532,0.037439176461193845,0.024086493543757352,0.009761236446298708,0.05842402646881657,0.02677555960737273,0.025870945039972917,0.020276612995861504
2025-04-28,0.03703750844347664,0.024350223297452674,0.027731836655835916,0.016483604726508217,0.027873869547807295,0.03259676462913481,0.019339137795748897,0.08982718397665707,0.03823090179430541,0.0700511280595483,0.014155303494651477,0.019554493959257763,0.03419199631203654,0.05522656950088376,0.017749411141477014,0.07509695665897582
2025-04-29,0.03815996423250761,0.02483095285290153,0.0289253981663644,0.01684533537759581,0.028620276518076197,0.033484126158413854,0.019742634021773134,0.09243648438846098,0.03923203168189981,0.0721004563301928,0.014614148435200583,0.02008696159439099,0.0351251113238181,0.056747180165934046,0.018219334695583497,0.07730464406033118
2025-04-30,0.039227195335234326,0.025447088938476834,0.030078089834909588,0.01737728633140601,0.02947407108464038,0.03433082515320617,0.02020029296964633,0.09507684035944386,0.04033063311407716,0.07430474316892265,0.015009892974471032,0.020613496949369932,0.0362625283315567,0.058133211707795264,0.01871095769699086,0.07914705064819896
2025-05-01,0.04014518539177261,0.026121027619307034,0.030931227493104795,0.017924699757717405,0.03022282922155025,0.03512280623051984,0.020580362218757288,0.0973958475720691,0.041426394118315495,0.076683817271311,0.015434546245230956,0.021233909135696977,0.03728222526793461,0.05851269945995646,0.019137876885987247,0.0811667261611329
2025-05-02,0.04114576901593194,0.0266754152375242,0.031451084463007664,0.018183038949030284,0.031001192916204987,0.03604417893045983,0.02094460807781403,0.10075370097310138,0.04242904588223285,0.0780169823683258,0.015797258844296395,0.021759308443232282,0.038192142136799834,0.0599758102265569,0.019670224387333242,0.08302290922960266
2025-05-05,0.04283741931026405,0.053566409393427536,0.028236605707622073,0.04019709043676147,0.02633595631043452,0.062386816749744424,0.04060086778309696,0.08686706996831851,0.0378555712536607,0.023558140374679005,0.016934860963438263,0.02238165097873545,0.03884858255080213,0.06087593816000667,0.026979472518338918,0.07126684442692836
2025-05-06,0.04418296762782653,0.05530188593561653,0.02919645052662039,0.041498078150746597,0.027139402177120305,0.06446986231619733,0.041374196887777034,0.08944944696575004,0.03897667062124257,0.02431952059409868,0.017435590330342778,0.023097505862750323,0.04010649780704424,0.0614158524085139,0.027864192518892987,0.07385726776071873
2025-05-07,0.04565835673641247,0.057615080162105335,0.029971000868980132,0.04330970890039313,0.028050868034173115,0.06694674158354785,0.04333767969265505,0.09231320034144058,0.040196899910087736,0.025180482277551645,0.01803877678229098,0.023919082283774054,0.04152692894940828,0.06162966417784488,0.02883679970699925,0.07685782071345845
2025-05-08,0.04695825538129985,0.05897047758648007,0.03090552946854792,0.044358967055821,0.02875159826683803,0.06851198016531429,0.044077518431883414,0.09504285463032572,0.04132036819964392,0.025869205677867994,0.018550217699225005,0.024585431150833358,0.04256236385025577,0.06399626791844852,0.029535090562674435,0.0784574940523058
2025-05-09,0.04819224199480713,0.06036307279005824,0.03116233949541715,0.045267814871496045,0.029603421949463634,0.07044695999551553,0.04518674497172376,0.09835002858310957,0.042442885510751496,0.026409112327128177,0.01914794979674085,0.02522815452484082,0.043750104373171256,0.06809512156493043,0.03039337258148547,0.08020369776589234
2025-05-12,0.08734901952336394,0.03224210837754083,0.0363054763896605,0.050565920231001586,0.027872580071430328,0.08082870971014862,0.043886691191063275,0.06543811620695948,0.020660412425473895,0.010942306078507462,0.036809987640902105,0.013778531874186374,0.011967382567319636,0.028183967980721748,0.21177198494503702,0.027846987817032702
2025-05-13,0.08705088761742776,0.03186365104702902,0.03554679587650898,0.0490039876990733,0.027766119388859437,0.07986307280451983,0.043152238492914836,0.06552140289127682,0.020774176361894686,0.010813555370349687,0.03686135130737436,0.01366132060053723,0.011886170407632582,0.028973789636219386,0.21013056630437468,0.027183990662332305
2025-05-14,0.08658080323078227,0.03138895856526687,0.034718219548233065,0.047652073788923645,0.027490202454144914,0.07875835752149096,0.04353514632573519,0.06591032132551818,0.020541564608238354,0.010616560433398432,0.03640720018134708,0.013466838796269386,0.011696601954805815,0.030055140895671028,0.20935450141665898,0.026877137716993814
2025-05-15,0.08838659069314052,0.03198225803672258,0.03539076156761945,0.04854740351090595,0.028038954399315596,0.08011186409329857,0.04478792958601321,0.06763378565915855,0.021000076146576785,0.010778606975978293,0.03689415708425133,0.013680911274819206,0.01193520328738587,0.03071312113591008,0.21305474366202345,0.027453629651732238
2025-05-16,0.09071586601495493,0.032907178436845215,0.036727798787852185,0.05069283194841161,0.028803905075757856,0.08217358330603376,0.04482859313706283,0.06914292875342612,0.02159746833226878,0.011198238092824397,0.0382822541434761,0.014041156520843883,0.012304983464970023,0.030867691421446086,0.21897038607610017,0.028108561560706923
2025-05-19,0.09620130061019601,0.029205409240809294,0.020522913640409538,0.03608639199013424,0.15674059820476788,0.026328225608136704,0.02025120893798211,0.05473289983376924,0.10065603595791338,0.011883691486889511,0.0370570521755681,0.042216358562665444,0.02586535342235355,0.029356090749426446,0.09616895202357137,0.06060619956114344
2025-05-20,0.09916095457451893,0.030098337983865818,0.02129622306073857,0.0373325716140964,0.16105915370208335,0.027103608082646537,0.021062869581897823,0.056462559330144345,0.10396275089996695,0.012302621524364355,0.03813580443241448,0.04352358251395738,0.026723027336969365,0.029700808682465597,0.0990177080763864,0.0626377868291855
2025-05-21,0.10222957504875196,0.031074322762324497,0.02191048580639707,0.03878030693240634,0.1656494275981978,0.028163830130820623,0.021619523660213316,0.05821680441141102,0.10713164409876248,0.01271050886256465,0.03931238264982322,0.04504925258562898,0.027576749907143264,0.030794482726622364,0.1022489554582465,0.06479714324460552
2025-05-22,0.1004064718350125,0.03063073574868288,0.02153631833294324,0.03854219719124908,0.16238254630351756,0.027759074801399854,0.021677265108104863,0.05692202520707078,0.10497120216427425,0.012479641285012033,0.0382582662606336,0.04445233656737489,0.027100258679661916,0.029821583375673078,0.10030676943377179,0.06394119049612736
2025-05-23,0.10354408940879634,0.031629634967479725,0.02236110191865855,0.03961179454005916,0.16738858970820658,0.028660062008800082,0.022486554089672407,0.058826629514395004,0.10826091290105046,0.012831215921794306,0.039377657961759946,0.04576413073521839,0.027984308883841874,0.031147617865199866,0.10352633949962775,0.06599541404873155
2025-05-27,0.0577357582785374,0.02830668020728707,0.044355806613743214,0.050143518065218856,0.02098335965748446,0.045263227818427614,0.027997832914979346,0.15858387388153147,0.03983387688789156,0.018702410168441524,0.04951098063445787,0.0450618207062102,0.04758511843423228,0.05803976918191105,0.16546582787000752,0.07682583704251505
2025-05-28,0.05795043080525558,0.028316188351837444,0.04468862975990078,0.049705338614407006,0.021154025001645795,0.04537915262392707,0.02758915577500981,0.1603649562042095,0.04028506243543928,0.018759426962598785,0.05000401863552027,0.04522490215869443,0.04802105631420289,0.05925009457712244,0.1666070786819195,0.07728672409879522
2025-05-29,0.05993593230976145,0.029318358778766575,0.046178601766255746,0.05158294945444928,0.02184149658692846,0.04690883327441774,0.028443758558229382,0.16638025421323438,0.041564706886329336,0.01930436442346078,0.05148639425913394,0.04675288211855113,0.049609446386788936,0.06073108244970304,0.17183513711134196,0.0798853053275146
2025-05-30,0.061835873528510846,0.030239089593616188,0.04799784712802789,0.05270401275919945,0.022535684176288786,0.04838843630444079,0.029213263988344253,0.17121299088160022,0.04287703820128933,0.019922006034674904,0.053102586293166755,0.04815880856420799,0.05110686103057203,0.06198428247411268,0.17702178672962093,0.08250482626325735
2025-06-02,0.0888578233025443,0.08477570837138769,0.05771065716743518,0.03873226253582139,0.031299522947349626,0.053581036981804386,0.07261961734896537,0.0793664201429845,0.07372897599622658,0.034748378493315996,0.056888154655456706,0.020543725036109357,0.04301649660931327,0.08519808703022194,0.11003690497227223,0.08482341816129349
2025-06-03,0.09092339670345512,0.08645543779254207,0.05863514136040691,0.039116655149489345,0.031756077849025593,0.05472607336848198,0.07377175691458351,0.08140678739241403,0.07531950882880561,0.035453871370075704,0.057747453603332596,0.020955488607059602,0.04403381744287895,0.08781379237325128,0.11217724504498142,0.08686913747306148
2025-06-04,0.09176005833334007,0.0867663722784726,0.058382591202568605,0.03911664621297984,0.03198955277744862,0.055032777467536334,0.0741870339206421,0.0820169297301037,0.07607355595231018,0.035618867061728274,0.05863342347447379,0.02110984146405603,0.04427148102409295,0.08929746950941922,0.11315916599450429,0.08728635597687505
2025-06-05,0.09155409623800875,0.0868466994756365,0.05860248958458555,0.03871047652129776,0.032107523748179496,0.054927844296805084,0.07427193164511131,0.08145168818713472,0.07611177895302333,0.03535053826574143,0.05844183955172135,0.021039405462307044,0.04409465265037075,0.08866159783055651,0.11292295915697366,0.08715980716857386
2025-06-06,0.09174149782858937,0.0871392868227084,0.05893180424184191,0.03916975931253255,0.03234305677760112,0.05521631947655147,0.07588911376747899,0.08138774983885423,0.07653587228457821,0.03553528050575137,0.05879254934384637,0.02118643863633841,0.044332504934770464,0.08718816786645986,0.11367636744952346,0.08763568761803464
2025-06-09,0.04871228576349726,0.05323962962427812,0.03836885574841875,0.054564428660374455,0.0315297081783917,0.016142046200162435,0.06706788938300087,0.07914832875224215,0.1519683421642801,0.04979652298171504,0.06619154786302503,0.050664336613501185,0.10297326783885737,0.03897034886078628,0.11208274737565072,0.07427090199025616
2025-06-10,0.049237903562154586,0.05361967692183186,0.038672454488349835,0.05476404461266339,0.031775273584489,0.01627787083668699,0.06821742527075948,0.07923868518138971,0.15247101693003656,0.04982695910502129,0.06699814799035081,0.05102343352767597,0.10356486903792538,0.03999560391530458,0.11302566585121136,0.07494648649921934
2025-06-11,0.04894985877083814,0.053273084716433494,0.038424987744553274,0.05447758068466147,0.03169135151865182,0.016186918928758905,0.06727382100319737,0.07842406627459446,0.15220740636527058,0.04942568768919631,0.06724615040637091,0.05070895539261343,0.10288288658932573,0.03991979851858228,0.11225825196076342,0.07437621483980321
2025-06-12,0.048915534340597776,0.053457595827918154,0.03791196502052541,0.053953073343140374,0.03163307594094259,0.01621584771687751,0.06791748841715801,0.07902008809924192,0.15208948164327588,0.049428373422090506,0.06698600767835339,0.050810951861806036,0.10311337814133646,0.04034382478510481,0.1121383962074029,0.07445868063303619
2025-06-13,0.04877287379036106,0.05336763814840036,0.03810365741288485,0.05437684113605893,0.03145559772896377,0.01615306244266241,0.06756477274658897,0.07851060504149726,0.1517978018474058,0.04954856000934465,0.06682517846682463,0.05074031070885945,0.10285998189434092,0.0391031219927819,0.11139782743642654,0.07428193623345966
2025-06-16,0.09959887173744963,0.07219641729510849,0.028290588359470657,0.07174733775241465,0.06333062259502469,0.13851667705112317,0.024040323945645186,0.05603325543470394,0.04291800974869533,0.053465571020117966,0.06162270090759033,0.08905335914382134,0.04769353591496585,0.06169060416135244,0.016005576336345778,0.16329711628613502
2025-06-17,0.09896705554080593,0.07155077044154413,0.028006493043271782,0.06994094015562712,0.06289816594107131,0.1375514297186739,0.024333434133350994,0.055706119794313905,0.042700867767790245,0.052895127292668216,0.061496603871329304,0.08841586078588477,0.04743421189396279,0.06329521551163506,0.01593549511908346,0.16203079538351967
2025-06-18,0.09944046369335373,0.071793438988883,0.027437085025566584,0.07059437107195976,0.06348888522464637,0.1383445605863667,0.02404048802561391,0.05611615359248591,0.042866453669350144,0.05304486524475905,0.06166053012438027,0.08872177582163517,0.047763183828071085,0.06336027249118018,0.015992336644535168,0.16269460824154908
2025-06-20,0.09919432034291513,0.07165475683991222,0.02710334577888008,0.06939070485996289,0.06331291671358594,0.13778570362815798,0.0239072115755897,0.05605314186777685,0.042433108283404776,0.052653808909548384,0.06164151908814742,0.08822419122436648,0.047526833170674895,0.06604714213262376,0.0159548543416246,0.162358135846889
2025-06-23,0.03381126333107139,0.04882413908992229,0.09711884108725247,0.048610175583497464,0.07433398517849882,0.06466421415208484,0.06598066580061536,0.08478424312829831,0.045225917537822465,0.057517724803403544,0.07380555753052977,0.02818987077757125,0.016313711145580945,0.08413349923966228,0.04127088761756298,0.13215009128816255
2025-06-24,0.033453215364102375,0.04826205299136565,0.09983939226118937,0.04782357087050457,0.07331750135081833,0.0636903245253811,0.0637840489132892,0.0841667333223491,0.04475545246679539,0.05692988225730514,0.07314830138398104,0.027813606037200022,0.016181599892625326,0.08328443379598047,0.04076891724103719,0.13079703973952503
2025-06-25,0.03319638885467232,0.048068235807655665,0.10122329131344074,0.04663185906499407,0.07256478303093414,0.06313142616861386,0.06301837879275361,0.08340535423575643,0.04446101548165895,0.05643030644965416,0.07308974039902191,0.027611215985817165,0.01604002964738467,0.08270827501677737,0.04037087768151967,0.12981299558271325
2025-06-26,0.03343494020149802,0.04835497770785091,0.1019464149157413,0.046633866325844354,0.07295999409444527,0.06352574259055489,0.06408215251233734,0.08341105098079679,0.04479185902313737,0.05652905862195479,0.07333885299945936,0.027763273993241754,0.01614611918160417,0.0821078919924159,0.040509939530466804,0.1311415307527893
2025-06-27,0.03322194171838881,0.0479136245109072,0.1015900587407932,0.04558749152971271,0.07220993782877846,0.06280707060798611,0.06408861616130773,0.08255205140866621,0.04424125050194709,0.05587340755548449,0.07273803741652636,0.02735411925277271,0.01600527768321117,0.08195198600894807,0.040077455299249415,0.12940063886194195
2025-06-30,0.0315192579303351,0.10140891640457249,0.020039950592191623,0.09082254743639367,0.10367168260849745,0.05690935683055108,0.0659400695005549,0.0812177801289889,0.049052173640271,0.0300912598180201,0.0729370786198075,0.04084495590883612,0.07383724715303396,0.06312506481253886,0.048918501722231326,0.08763024040481869
2025-07-01,0.031230931480418157,0.10026938613560657,0.02004661814988689,0.09022914410151729,0.10265913825696561,0.05639896789305523,0.06485501616006022,0.08097429981466191,0.04872464457650769,0.029968647923926978,0.07241509218699665,0.04043891903871957,0.07344704963281,0.06261909818786197,0.04839194242325735,0.08669541607669662
2025-07-02,0.031088373831846493,0.09971094088054896,0.019922297075916383,0.09115223950687862,0.10247165237033475,0.05606908924244242,0.06396012781052958,0.07949767242903312,0.04869493484182508,0.02993657759076568,0.07314251371210831,0.040471764298209416,0.07340728064339501,0.06136431795999224,0.04823498303512119,0.08632396670129364
2025-07-03,0.031022821588379722,0.09928457219169662,0.01976289169947619,0.08911480065900985,0.10230552209592066,0.055857939125735244,0.06415493967497432,0.07902310639151568,0.04847346772256938,0.02946286902794918,0.07265513299552571,0.040259000603009173,0.07293973263277931,0.06239808912829527,0.048150684968932496,0.08577288849993273
2025-07-07,0.10053787187046294,0.06817397513648862,0.03678537677445191,0.05185925053946186,0.12959541893568657,0.04340921528018547,0.04504616447058301,0.013394231825563116,0.0734749595078934,0.016451509001126085,0.08787192984529728,0.07785065361094935,0.057407118532552655,0.07666669025239842,0.08653508535573805,0.06138634920665983
2025-07-08,0.10146332033594369,0.06872905649129592,0.03690195098215213,0.05237332458832343,0.13020858295268806,0.04356968280855739,0.04570935072640958,0.013583808374483414,0.07415450560863791,0.0166353738238224,0.08818475311267117,0.07864383035761471,0.05812776785074298,0.07762481329546671,0.0873141896247768,0.06224086147751107
2025-07-09,0.1013702233744326,0.0685756893563584,0.037223815717970156,0.05170159948616797,0.12995767532110772,0.04348588850855883,0.04661808422615762,0.013425724266772753,0.07400842814514892,0.016539265847897142,0.08853486699826722,0.07856236681775983,0.05758621088052618,0.07779298489921978,0.08703729085365353,0.06207987510836205
2025-07-10,0.10076444895363781,0.06809152342732461,0.037056092796929244,0.050835072844064834,0.12865516990748146,0.04331453410070838,0.0461394110278149,0.013346462983630186,0.07366216855297024,0.016406999270954736,0.08783379245129382,0.07784340543057582,0.05711215214643495,0.07821366284457308,0.08656563886716334,0.06148222242813311
2025-07-11,0.10044793442885551,0.06757597673939311,0.036982567669560575,0.050032563898083464,0.12868772155145927,0.04308803656649838,0.045288587894616913,0.013238653880385481,0.07317721890237612,0.016243201638281805,0.08776755596056958,0.07746922753595763,0.05705096574218955,0.07899251359571147,0.08619618007603926,0.061086350017459726
2025-07-14,0.13737834679135125,0.07428454099623079,0.0062330061348241355,0.05887928708714487,0.03607509740506887,0.04535885254640543,0.027027268508191662,0.07620957208525118,0.09403303780774827,0.06731821752163297,0.0510278386128975,0.12760118085676878,0.058274125054380066,0.06906209981833904,0.07466851773660535,0.059343258490510184
2025-07-15,0.13691140345460762,0.0738753174544813,0.006176170608299059,0.05827477240465841,0.03588769282347134,0.04527385646827643,0.02640248192378626,0.076598035560365,0.0933780676544624,0.06719283449015845,0.050656012897067455,0.12687415359385207,0.05801411737902263,0.06986243894851975,0.07437895599007785,0.058940334893754665
2025-07-16,0.1380656694729414,0.07445153277826366,0.0062445996992056925,0.05928218130180257,0.03624849954657487,0.04564071830329323,0.026967784422432514,0.07717722122395404,0.09428903708408423,0.06753308453341744,0.0508336183659132,0.1280698075336303,0.058488147076062806,0.06997238792967692,0.07516154398299593,0.059806153137474664
2025-07-17,0.13671575984803222,0.07396321129517504,0.0061567068974592845,0.05840435629935163,0.035949822514513535,0.045200781702269884,0.026684772226478394,0.07651085327029229,0.09345259031966854,0.06712630717960114,0.05011940981955346,0.1269456071470798,0.0578909780736386,0.07154750909387324,0.07450665149726557,0.05912803793990086
2025-07-18,0.13609977438607807,0.0732827045269746,0.006119932926271667,0.05708667634639648,0.03574260802014023,0.04487264715200275,0.02648477563793605,0.07602697828979922,0.09303774229277322,0.06667862609982853,0.04987260804124954,0.12664634313486298,0.05756343895210132,0.07149234697758738,0.07411669946497872,0.058479428476135666
2025-07-21,0.14683464316879868,0.03244518172991499,0.1339816384197704,0.05894816704602735,0.059488954026949245,0.026987312428744033,0.04503969334621757,0.0590728397645694,0.056499837909866894,0.041804175222213295,0.09178577678797369,0.0446071309109498,0.053928334018341385,0.06899545049521906,0.06879215453906577,0.02329418747440712
2025-07-22,0.14606124457317923,0.03232514725831851,0.13463543157244592,0.05847455450678405,0.059216592276160204,0.026899292088634168,0.0452394995586578,0.05876833319024019,0.05628568424298086,0.04157103877137555,0.09141211162942547,0.04422970983665139,0.05381635625298139,0.06769770080021716,0.06846319071686331,0.023254920195451462
2025-07-23,0.1448528219357428,0.0321466378934417,0.13460954749756632,0.05902736092369359,0.058998608458339555,0.026662619381739874,0.04456453865961696,0.05779585997755036,0.05589118036691952,0.04149265308779782,0.0912496572069854,0.04400010924643626,0.05356558013079114,0.06696443797276028,0.06799120905698011,0.02308357919618654
2025-07-24,0.14347912991724676,0.031916525221701166,0.13536448472308285,0.057485773846448034,0.05832606052373765,0.026332834924724297,0.045140908751435546,0.05743401206376529,0.05532594533908529,0.04097006067503371,0.0909021870628032,0.04340526094897949,0.05317125823593192,0.06640099646386002,0.06735239513141468,0.022856618655240097
2025-07-25,0.14466458905449275,0.032080661745033184,0.1349092073416255,0.05831833359160967,0.0588212916542555,0.026564578934826152,0.04535624250733299,0.057885566776206925,0.05589080597429871,0.04136592540139653,0.09107960522448098,0.043756730103356026,0.053404060813048104,0.06592805860282613,0.06768498926298142,0.023053843029116203
2025-07-28,0.1882102215222733,0.03784378738217245,0.03503525861279521,0.046051040943063934,0.098491489287479,0.06964960481199903,0.05055022260275622,0.03294621152600067,0.12214890302625533,0.03824753810511051,0.04427573981652382,0.07217491593743527,0.04982635097264255,0.04737388206526903,0.0657135245503028,0.023539470360827288
2025-07-29,0.1891628499197262,0.03784810363919666,0.034479816664993466,0.04591408691991626,0.09901065738867267,0.06961878033395259,0.05102484993113406,0.03311078479518077,0.1229449597505681,0.038181481737005064,0.04434694129854608,0.07255873456362084,0.05004995937309231,0.04772100137010783,0.06606934273746991,0.02360694465434318
2025-07-30,0.18855298883471328,0.037605975782072844,0.034228958295247455,0.04584875141744764,0.09904240473974545,0.07013119612203508,0.05059989540125704,0.03315334819514051,0.12251243642556307,0.03820631173558502,0.0442646319505657,0.07237752489600291,0.04987435740344394,0.046548735657388006,0.06592339877007815,0.023501739497637963
2025-07-31,0.1900309153429848,0.03780421327409789,0.0338153704237205,0.04627010992559802,0.09977275088746618,0.07057536780609379,0.050675610415595325,0.033652006248649925,0.12351891643340689,0.038489074303435476,0.04459453833721331,0.07284332633126002,0.050378901805559116,0.047737461396402094,0.06650744481005383,0.02370398670557184
2025-08-01,0.19156186050018742,0.03814117584454626,0.033965330897291854,0.046491765027152,0.10067668544868934,0.07100280355891365,0.04985897088104049,0.03402479521910307,0.12422729833743587,0.03861911840456673,0.04462990445193217,0.07316578536493075,0.05091117653431785,0.048189073135350896,0.06692664271827344,0.02392927082424953
2025-08-04,0.09109973752975231,0.050992791441257825,0.03226872684571852,0.06023728845836375,0.05709828325864164,0.050720435389593435,0.0862819605645407,0.10394720840089743,0.07071950569635085,0.0096111555448965,0.03619585010622199,0.07447380408611745,0.08886643684912816,0.03204814208198726,0.08442228473720279,0.0720991660737654
2025-08-05,0.09014496100675222,0.05038424918544251,0.03204739382389635,0.05817723173293298,0.05625849473029321,0.05000137316550128,0.08386125325769543,0.1024832749025884,0.07002832847638879,0.009494133040894068,0.035655058239373295,0.07358883272627026,0.08782662950662672,0.03201553871676735,0.08298147964238535,0.07116302669644985
2025-08-06,0.09060725125352093,0.050438845801036164,0.03223415859652689,0.05830564032906545,0.056455509019288565,0.049997678745750826,0.0846694661784182,0.10213779508614595,0.06954199306179937,0.009413577912202924,0.03583898395937512,0.07315217249825089,0.08768282230615827,0.031740752273404484,0.08300161991464555,0.07115009434772603
2025-08-07,0.08997517442096523,0.05012729197860261,0.03200939887452292,0.05810515764309146,0.05580378281289154,0.049541863482830274,0.08581842132259734,0.1021716783394171,0.06934976267929771,0.009390792037724624,0.035466554393835135,0.0726308538212106,0.08721242014013851,0.031916681960338915,0.08227847985684633,0.07089518112566046
2025-08-08,0.08947443591531425,0.04998498631170248,0.03192926621142279,0.0585655734642911,0.05549511733142563,0.04934717228967019,0.08643516117922816,0.10161295685897995,0.0685987676428851,0.009304186093211882,0.03537021873989724,0.0722081020726146,0.08671116949796778,0.03182407643412799,0.08211397810137885,0.07069940433527805
2025-08-11,0.07636200226587073,0.05272136900173181,0.028816585096471857,0.04279092641618351,0.054085242054812806,0.2458486312938664,0.03713301091188604,0.09691539579651144,0.03451008973593997,0.010646586289286194,0.0180175348658872,0.03591135336807329,0.07584913761035371,0.07612076062967192,0.05137733131203104,0.1481640991542347
2025-08-12,0.0761366666238066,0.052801034136221975,0.028557428742325197,0.04318285049647373,0.054192263286253615,0.24601416814871732,0.03738396617663748,0.09734069527715766,0.03455667915754128,0.010649112766172997,0.018052675752297017,0.03598639070368406,0.07575127169372434,0.0769704535363094,0.05143452238630214,0.14821195964708178
2025-08-13,0.07556877477992957,0.05263768858416489,0.028768586447175903,0.04145498154230954,0.05353989871010124,0.24421574795621023,0.03745494523141318,0.09615662334838165,0.03421653336621447,0.010495749806200024,0.01803833653621151,0.03558625503353845,0.07486560378791281,0.07659402075093119,0.051045652078274155,0.14627199737330437
2025-08-14,0.07508031035541783,0.052420269414206314,0.028498179308439633,0.04144870410034058,0.05318271384157759,0.242795356778059,0.036950921816864435,0.09426819744369479,0.03404424481290595,0.01045229656921011,0.018016289929765037,0.035382292382706626,0.07434180764640315,0.07646206920913301,0.05070690474543092,0.1447079613890011
2025-08-15,0.07527717931733069,0.052495599600407346,0.028645693478587687,0.041935207151025534,0.05331347671942585,0.24321024707986377,0.03697966590522124,0.09490984589166691,0.0342773670666862,0.010485535959370193,0.018151897867361322,0.03557316860901593,0.0748473754131635,0.07643763567039571,0.050858709849218274,0.1454491320761114
2025-08-18,0.0898581144391899,0.08023982483254108,0.06888055752745574,0.027866670650168453,0.13498747985125312,0.09603176021508958,0.010320793094366641,0.04946870677091832,0.051493761165775684,0.042219736539805576,0.043969251768214944,0.021627658674787623,0.052261439449531294,0.02420823745688556,0.13198475456138511,0.1055265561153794
2025-08-19,0.08968529300938918,0.08022338992866097,0.0687274440057808,0.027405992110666105,0.1349305006829596,0.0966512331116806,0.010442806956767567,0.04940259057218621,0.05145268396934855,0.04219754915976669,0.044036567892060396,0.021644608307454603,0.05198157439131002,0.02416964065550653,0.13201554913366167,0.10551212879101532
2025-08-20,0.08953735146917026,0.08021315962587383,0.06959962113664314,0.028243782271072937,0.13560645996753423,0.09631033234997156,0.010356270312452506,0.0492111829072733,0.0515804218219945,0.04253774869683865,0.04453275146998539,0.021757888030662177,0.052322670289558025,0.02352945705141081,0.13224625446007657,0.10550363682839838
2025-08-21,0.08927937648465778,0.07977952465403707,0.06884648117962192,0.02850887918339432,0.13509114670294448,0.09611770697816496,0.010377252277950092,0.04942720510439564,0.051498988236979515,0.04271842744613182,0.044197398332583786,0.021810943859151204,0.0524229815307253,0.023514056057467005,0.13218353138020614,0.105300559792944
2025-08-22,0.08955274273304421,0.07992868223730608,0.06850650665911748,0.028601171958775682,0.1356642191390656,0.0962763688737344,0.010453328512411986,0.04949792636175401,0.051652713219794,0.0428063597527147,0.044307234712165855,0.021838357119504014,0.052637203260480436,0.02363343288027136,0.13259230374218844,0.10532661523167018
2025-08-25,0.06072287014802028,0.03853074015004339,0.025302584720423408,0.022827323948707116,0.12150525630997493,0.17005156543712188,0.048181363770133205,0.047139790266591534,0.1186694926879252,0.014080902161293773,0.07219110766814701,0.06614820725508058,0.06567241875128581,0.01594673930169851,0.07156617086442396,0.060583614756025424
2025-08-26,0.061068985089725754,0.038569470231868366,0.025185812031859676,0.022869849317810925,0.12260625131042774,0.17064952565755157,0.04839294374337486,0.04752240658630583,0.11935307359517008,0.014073859951853262,0.07260707369071784,0.0663704291214732,0.0660103832573178,0.01600036620375599,0.07189245550868466,0.060892660119190534
2025-08-27,0.060975350747096445,0.03837980731243582,0.02518922578711419,0.022468740778477023,0.12184152764544359,0.17044586501324363,0.04776118101715987,0.04764301466228489,0.11904202782485578,0.014002624210560963,0.07237563067915999,0.06609023300534217,0.066012534563016,0.015994276933289316,0.07158460021581632,0.06074890650078783
2025-08-28,0.060767329065517295,0.03820979378820402,0.025127949702339437,0.02243260252097049,0.12151205059046495,0.17009829704746296,0.047302476509172575,0.04736240548680111,0.11864225490357848,0.013983045326373188,0.0724077258967204,0.06580973762027742,0.06576527194795626,0.015782458054385228,0.07140305465749014,0.06045163485177285
2025-08-29,0.06069125821834999,0.03808873386618523,0.024801305404769925,0.0218838539351449,0.12104935570867861,0.16951031252944218,0.047122991854856716,0.04742769480763887,0.1183845925623626,0.013931964706221985,0.07230188692409192,0.06562703061151147,0.06547093833544029,0.0157905923625448,0.07110985376177421,0.06041080704472804
2025-09-02,0.14382042670594714,0.035214033904699835,0.04215222559945365,0.005055424303603418,0.05653090118833999,0.08013801355151512,0.055327939755672566,0.00704066018110956,0.13642463879712174,0.030318446144000446,0.11455673776308954,0.057483800444386966,0.04341775745762761,0.02985431196158521,0.09478300395240155,0.06030940498220228
2025-09-03,0.14399737876283095,0.03519737344840468,0.041763567519687794,0.00507298041845339,0.05644911443748573,0.08026137867880875,0.0553831379480706,0.007047368923493661,0.13632475667700597,0.030409762098882964,0.11445563543502468,0.057700653695852464,0.043532182091110545,0.029872226291782496,0.09505897660846588,0.06031662953852636
2025-09-04,0.14375731143299755,0.03522978835162138,0.04204884699639907,0.005028267980022041,0.056376963069899234,0.07951474493174415,0.05453105277045726,0.0070058300272057015,0.13643650144620012,0.030298255332452503,0.11383383764412201,0.05736874490341171,0.043420641719838844,0.02976779334604559,0.094677176166688,0.06032643833222561
2025-09-05,0.14276270589692877,0.03515751259665728,0.041895111114825974,0.004914212332157384,0.05597291506871415,0.07878092566620482,0.05328643238022909,0.0069612423363521235,0.13560122358488863,0.029925602949624926,0.11357377535678259,0.0567677434189438,0.043122747243781095,0.029334797915472905,0.0938991595238858,0.05971131922165179
2025-09-08,0.05782484069454164,0.049739542922505646,0.057163071580100165,0.05374820033133824,0.07484762356559287,0.020224742773925046,0.061647676896447595,0.04386115930361319,0.02780619149384204,0.07347629317472242,0.145247014828963,0.10527753237024128,0.0234300095952888,0.012257358616832593,0.1388739371434179,0.028330425315365778
2025-09-09,0.057639170696540024,0.04964155581806522,0.05685789342255747,0.05383208837734688,0.07422216311997469,0.020083896572282926,0.06141839033935496,0.04387273700541558,0.027694192244241262,0.0731544218629588,0.14387700298070605,0.10471453298912754,0.023325252128473348,0.01221343745998401,0.13829133647208683,0.02824727368249734
2025-09-10,0.05755979079175956,0.049627179375427315,0.05649587589783043,0.05375254370288282,0.07412718641540056,0.02004331675243574,0.061123300006290716,0.044170911171498635,0.02771319621952495,0.07325301511426187,0.14384556799666284,0.10456136471067541,0.023277550873567504,0.012271849304560234,0.13827095374733148,0.028227132945774797
2025-09-11,0.05754324164024279,0.04951369363974507,0.05593805191642324,0.05260785197842887,0.07383699000550134,0.01994246006536387,0.061230848925752424,0.04502779906321276,0.027537824418706173,0.07254428752009337,0.14363927460558115,0.10437560945578521,0.023157536342669437,0.012038398860013805,0.1379181069854413,0.028110947562339235
2025-09-12,0.05670796293785825,0.04912489418684046,0.055655223590157385,0.052013121457998496,0.07298446205602417,0.019673544199441437,0.059808891392590435,0.04389604722015129,0.027192795510676764,0.07187279324153563,0.14276791737364752,0.10277188860642505,0.022877139377568485,0.012157917968273096,0.13626904092502296,0.027623915038352344
2025-09-15,0.08151448434470643,0.05348250188531155,0.03664339189330568,0.07937574710094954,0.12936018525376608,0.07458149859786299,0.06075334138999019,0.04373952738543094,0.060485687361136214,0.023909271903973434,0.05976474542358276,0.03391356927985254,0.06999017732658477,0.016702473041119666,0.1334954593839926,0.039734382734252956
2025-09-16,0.08105197627433998,0.0534282563483575,0.036324580222482784,0.0781669067677928,0.12827818330764498,0.0742206528005981,0.061088490405128655,0.04348225993689665,0.060100682609559114,0.023649252983024734,0.059203333456033874,0.03359820930710785,0.0695824255224856,0.01672830387605917,0.13281065618565804,0.039465597250225394
2025-09-17,0.08106523714575835,0.05322456843100678,0.03616738312213466,0.0777273673375848,0.12819895632139547,0.07424028607654194,0.061882850381454926,0.04353748769635149,0.060227875366951886,0.02361946567070653,0.0593401601773736,0.03364908487256222,0.06968121924222104,0.017045099772059744,0.1326122516747068,0.03960433541436183
2025-09-18,0.08092240560549595,0.05323401884109627,0.036267729984078116,0.07820653860109529,0.1284524046900916,0.07403611726056634,0.06138852593360267,0.04345843539742134,0.060371523496686647,0.023730574154992568,0.05956321222694026,0.03372401421889031,0.07014085137964098,0.016964432932452398,0.13258119444447786,0.03959664285885547
2025-09-19,0.08070052060251219,0.05328173582892712,0.03616291426927277,0.07645088387153381,0.1277628032957021,0.07449736578582422,0.06089187674974026,0.04328858644573623,0.05998099745796746,0.023565428813838277,0.0601369763540135,0.03347398225452673,0.06955627944562791,0.017319160284082407,0.13241885778791063,0.039233877853760785
2025-09-22,0.10464120903885349,0.07857428615940058,0.03481757971020661,0.06057760276541069,0.04642375367720378,0.012007596339720344,0.10257693359758445,0.06172579620708561,0.038226749344034264,0.0534914490027585,0.04079554056673388,0.055260518368145134,0.032660879328268534,0.09575614226811659,0.08665717443386897,0.0269529202658327
2025-09-23,0.10416611737495009,0.07826935425470231,0.0348309180448366,0.05961799150860986,0.04608108996183477,0.011973806365234351,0.10234189140495306,0.061341716098397094,0.03811434807462948,0.05316938346128318,0.04043124245938544,0.054816702708038574,0.032407245121617516,0.0945404298829269,0.08621980365558979,0.026866372360057088
2025-09-24,0.10444219906308584,0.07812845913114115,0.03467683076964118,0.05977405750555704,0.046073955325958316,0.012023414042479152,0.10194462912000922,0.06142954190053464,0.038075253663588875,0.053328081109134125,0.040685172873953276,0.05490065367328963,0.03248254308723256,0.09396072755802652,0.08612492615108802,0.02684147681891388
2025-09-25,0.10412454705327212,0.07812691935839035,0.03395535271743531,0.06095254368954595,0.046280379897414056,0.012026272038935625,0.10307318922153659,0.06140856315275752,0.038135772374696626,0.053555618321688696,0.04087374063665126,0.05517457326075515,0.03256420105276006,0.09453143723149593,0.08608299764375259,0.026849472412675917
2025-09-26,0.10472716135153008,0.07844634975629046,0.03377655242483328,0.06114637516619759,0.04674794256998724,0.012043383639657748,0.10295240124394812,0.061744219848559684,0.03838952499864681,0.05371563141983482,0.04121612134765938,0.05546064182541824,0.03284901079445227,0.0938778383012803,0.08664191035524939,0.026993208591479776
2025-09-29,0.054728479181831075,0.056398702955969084,0.020995533721677395,0.042079831006367065,0.03168932316588082,0.009351151230327003,0.05125411677078444,0.14448261604507726,0.06748284054552402,0.015918898258032596,0.08049007117499404,0.012654019076119497,0.12460470841227546,0.03744224865606258,0.18058845494488493,0.051106603314154654
2025-09-30,0.054350787692858435,0.05608945478926213,0.020952401713414198,0.04157579110471443,0.03148053145844387,0.009256821069396508,0.0500952501043702,0.14326609742247656,0.06708407499061923,0.015807189803363028,0.08001609949356285,0.012539297005986888,0.12372461095848843,0.03828457195305083,0.17926050590697598,0.05084768316394508
2025-10-01,0.05412449800801328,0.05578628541550787,0.020868836242646314,0.041723102845846426,0.031321353433404246,0.009231297798555449,0.049480097924558354,0.14248652265614564,0.06695780596955392,0.015765230229892582,0.07957509356462272,0.012481008128883168,0.12308465400386531,0.037984453338338,0.1783163530166142,0.05062978788466987
2025-10-02,0.054087806065086494,0.05576677561740337,0.020796629857060624,0.040910543688280565,0.03115315061540426,0.009184802786011114,0.0491225033348322,0.14110631729777592,0.06695860315755918,0.015650372175854455,0.08023625503438163,0.012435855452516227,0.1221579409207957,0.037842203107586125,0.17754902731140484,0.05043915236995689
2025-10-03,0.05395421384759849,0.055744277002198174,0.020705322219242695,0.04076443495531488,0.031132846489505983,0.009168974205477695,0.048616375033625994,0.14036567331922412,0.06689784646121709,0.015588746082587077,0.08014887603531654,0.012400100617148559,0.12173204196503229,0.03855680756284928,0.17724877272911885,0.050313172379564675
2025-10-06,0.06627063279267073,0.1452957657570547,0.050330723107457224,0.04980031949824935,0.051538126099219345,0.07008491469991551,0.033486180715410756,0.03659213928699313,0.0531232389803139,0.025522104441595514,0.09376489905458672,0.019237989840478625,0.03914898643959905,0.04013738142689147,0.06238257823505023,0.11325468153738165
2025-10-07,0.065602558484983,0.14575222397952206,0.049382381854579986,0.049012932644938834,0.05089540807413891,0.06923400907387571,0.033080729732004946,0.0360158146742629,0.05247335423134031,0.025203366762954618,0.09222573077535211,0.018999512857298295,0.03847396101981868,0.040878171592236466,0.061839343023081576,0.11198034380069924
2025-10-08,0.06576185883551249,0.14615153440014816,0.04926355637552677,0.049115042579930664,0.05125894024962334,0.06913624127497928,0.0330452915561665,0.03633077602595546,0.052604419803830925,0.025368823456489588,0.0922221798131203,0.019066972480967125,0.03870691782167015,0.040151053097018614,0.06188581008443147,0.11219837263906365
2025-10-09,0.06524841255660684,0.14543206772393763,0.048505269936648464,0.04795252703727995,0.05061311680788963,0.0682280812571676,0.03264272472554015,0.035866850816616495,0.052049944442251604,0.025092426509618817,0.09149739261145357,0.01883240519234819,0.038142656921291276,0.04072451069747238,0.0612009972884751,0.11098654270609244
2025-10-10,0.06578052130751524,0.1457756414491247,0.049171533373140446,0.04843790568037496,0.05129882615069262,0.06874008072441998,0.033062055035919066,0.036436634948253326,0.05258123301524716,0.02527225885018552,0.09212381096002635,0.01902153740427998,0.03841092315134891,0.04106107587831309,0.06171896951186823,0.1121431184964325
2025-10-13,0.09149433903579868,0.016006753582846495,0.014163165240276577,0.01654721803915945,0.07403578218706598,0.02437213633109118,0.03512060057073002,0.030512291490926824,0.20610116011300722,0.03355175433266742,0.11470453492888008,0.07825383479988268,0.0330542980155404,0.05932313075053488,0.02167631421247843,0.06281030994137732
2025-10-14,0.0898864016479381,0.015925444739908246,0.013792321459227645,0.015790724265207806,0.07202635193720466,0.023757191735210854,0.03409965219659419,0.029745600986231156,0.19957818181170237,0.03246342456309473,0.11172728729421992,0.07634885968935404,0.03207379745861731,0.05695227756448671,0.02126640505199305,0.06128287269882225
2025-10-15,0.08942929973918619,0.015880596804504953,0.013820207157226665,0.015678476801672052,0.07176350418141139,0.023576930083977134,0.033578583568738794,0.029468751960721774,0.19826084530928592,0.032307158652805784,0.11182903143628792,0.07608095888414615,0.031976793026839326,0.05630070134140666,0.021162105121328472,0.060859965716555
2025-10-16,0.08821169956757673,0.015714663384504658,0.013630221652343944,0.015307765461597364,0.07072378712455754,0.023233516272285655,0.03273368704303553,0.028974020144362726,0.19505494911627083,0.03154162048101944,0.11071801476190941,0.07465714982404241,0.031433383765791585,0.05680227220294346,0.020931625737737866,0.06001441541154393
2025-10-17,0.08924572679254991,0.01588674056599294,0.013814373922857136,0.015420469631604882,0.07117249558396523,0.023385370242813272,0.03325799466046719,0.0291018180501978,0.19643385559834559,0.03164120344033577,0.11161718215217026,0.07507645618508194,0.03161828501508908,0.05573137462912909,0.021061824631935917,0.06087497781093035
2025-10-20,0.04466229725591863,0.06752493100279677,0.03267776903074592,0.020554349744135916,0.07558378326886271,0.027528685532689178,0.04571567157996674,0.06122606064427917,0.05988133871495472,0.025971739432755842,0.19085280705347013,0.03597620919551732,0.04478086673753995,0.03936528772663487,0.0886830683352927,0.054391131251595566
2025-10-21,0.04375309122406067,0.06647553205181315,0.03162491071860169,0.020024756375423163,0.07387231114903613,0.026831478983360493,0.04359187535371344,0.059368488920969666,0.05856238191791631,0.025328634074717242,0.18678903491371668,0.035104151366764,0.04387833206044266,0.039468037555497194,0.08694655346106527,0.053119601492090954
2025-10-22,0.04230961858698651,0.06461692498975376,0.030847467096927837,0.019362333090698465,0.07209090364363835,0.02615085429008774,0.04341007821327164,0.05799844020299307,0.05737268731062366,0.024740759229945362,0.18432655612994733,0.034444200213843486,0.04291660928838828,0.038065050838563735,0.0843899852557288,0.05166766843782915
2025-10-23,0.043753177020901104,0.06679664469516451,0.031630206296997955,0.020467960396631135,0.07487492552695277,0.027122549700326886,0.04493663072483668,0.06012696329823341,0.059546158701466505,0.025746854888103007,0.1905376984073463,0.03573003313640904,0.04463200781931054,0.03857150370020192,0.08749202488010695,0.053691376519746516
2025-10-24,0.043740808264141076,0.06632820105868259,0.03106574543396118,0.019954999385566528,0.07450427132585132,0.026998191339954108,0.044299444793626123,0.06005111596376766,0.05931838589484044,0.025475514228656668,0.18934765962663647,0.03557106181576453,0.04429015837319642,0.039312791210182635,0.08720006496917623,0.05335520181715829
2025-10-27,0.05051543851921736,0.054682372051439464,0.016065339947179035,0.05182569503160262,0.1189819865886225,0.012570004994373598,0.07947877490089877,0.07965082296230888,0.048541324710399285,0.02462859725513987,0.05641346947074051,0.035266530801042,0.039795317713519865,0.04440168207306321,0.06522265847626138,0.09454817495426318
2025-10-28,0.050241408460981914,0.05468587206694365,0.016124742091152985,0.051033092009991204,0.11861878655223135,0.012489037289628342,0.0792361389602321,0.07951884810649247,0.048584890786644526,0.02454840026906119,0.05629424211451237,0.03506053262739636,0.03966456734158193,0.044149575994168286,0.06490027876454417,0.09400401104252337
2025-10-29,0.05052376088096679,0.05476225565109542,0.016171688044354017,0.05108610616385987,0.11915187102424274,0.012519184019848632,0.08051948438133798,0.0797152880352627,0.04881092782575597,0.024549373959575797,0.05663642919146673,0.03504588227550163,0.03989063604710576,0.0435514503195715,0.06487394594595482,0.09459930646151475
2025-10-30,0.050977029645563283,0.05479901704815711,0.015989929988931888,0.050592948586221605,0.11991888085803544,0.012571535794370694,0.08240257275956336,0.08027549872208153,0.04901975684097237,0.024499401551931185,0.05682202067803146,0.035185757621924524,0.04013443733728208,0.0437321256050719,0.06520478807783571,0.09528673796065132
2025-10-31,0.05124558382877741,0.05531665654762316,0.016000257389003653,0.051309813373324034,0.12093760754081057,0.012659723976494952,0.08190842363460046,0.08014320223743394,0.04931193804403554,0.024802591211454846,0.05722433559563113,0.03557922454277278,0.04056033348850059,0.043024352231860255,0.06576514392417993,0.09621729476553684
2025-11-03,0.055780117386296076,0.062064993203226185,0.09033753365990059,0.06861815156296083,0.17334808500077165,0.034745854111209236,0.040180843620876844,0.0160274999243316,0.059274556600738396,0.03544883457360276,0.06278539956085011,0.03633173269855299,0.043180491027201486,0.004000190744545047,0.06063779983715638,0.060138634528806564
2025-11-04,0.05602281854330395,0.06228886606736821,0.08929223579313732,0.06872854713895643,0.17323241637069103,0.03489908023824626,0.04057921651219377,0.016077226456573397,0.05956819737079919,0.03551126141622379,0.06324115957720407,0.036467325251274885,0.04315432800002408,0.003980083936863962,0.060937605250640785,0.06060694805677563
2025-11-05,0.05608419721963653,0.062291763622894056,0.08987529669872663,0.07135302811963312,0.17499749815066276,0.035192090271100485,0.04056833599398492,0.016122175441531054,0.06007144056692908,0.035914746101690626,0.0630737476993174,0.03686332216670995,0.04362615425012626,0.0038860867396150398,0.06108600050252743,0.06103343747894081
2025-11-06,0.055886599172915594,0.06235122820917148,0.0893957862488763,0.07005044099381152,0.1745320393040503,0.03499861749886584,0.04045044539409549,0.016011365488751796,0.059718339802391086,0.03570412015949689,0.06335565512588358,0.03665105984416619,0.043493835479992214,0.003912802298922777,0.06114068922736278,0.060765307363689916
2025-11-07,0.056065265148061746,0.06242716677978022,0.09047981774325975,0.07048101430519046,0.17521348465817016,0.035001898369434147,0.04067842461861987,0.016040336528749907,0.05983287650196956,0.03576836507448242,0.0637245757898581,0.03678950306366787,0.04384770630307411,0.0038020139734893923,0.06098001646770369,0.06114480653917336
2025-11-10,0.10099003770767993,0.03809324785056652,0.03915468106325088,0.037581586384637565,0.10085599612373496,0.027994977928657287,0.05284785872858704,0.03540492564528814,0.02649768239749464,0.04973272034749208,0.14647614877357001,0.06134910004797982,0.055688395922987334,0.0423521344750108,0.020435781920675224,0.052250311439364615
2025-11-11,0.09963191159320561,0.03745778578071811,0.03818834734845659,0.0361107929955112,0.09874276293829823,0.027427206805424438,0.05242427727584497,0.03480318988212232,0.026029030692647868,0.04863710026292246,0.14324306338289572,0.06004182290279775,0.05447194025565829,0.041639055879410275,0.020109257576088623,0.051115416437649726
2025-11-12,0.09871641877441502,0.03732015229220423,0.03812316997118462,0.03650126045107566,0.09782702303526618,0.027223617621472056,0.05135363841109558,0.03435639578274575,0.0258429415030923,0.04857945613785999,0.1417731030258594,0.05982734754646764,0.05439554835653139,0.040823062748274526,0.01994172035911143,0.05063894641300416
2025-11-13,0.09865652341595897,0.037380655072696195,0.037965180761509655,0.036090095360400774,0.09749227524663712,0.027008617852879942,0.050580777176077084,0.03399757887061665,0.025729913419803737,0.04843593727845488,0.14236431757276935,0.05960883798529667,0.05425591737658565,0.040042680291461304,0.019777280356246704,0.05043447725054665
2025-11-14,0.10043944073819543,0.03797399850847717,0.03855485452725327,0.03778323637297161,0.09963864635706036,0.02753744170871122,0.05270486816376034,0.03454753556209523,0.026397712325267803,0.049749880945941745,0.14518889792079162,0.060998473059364976,0.05540054231645613,0.039872764299779165,0.0200647869848351,0.05191440812879024
2025-11-17,0.04054721532736615,0.05877941384173642,0.15268287812883852,0.01942767282867232,0.11352506252392373,0.017493982246039954,0.014076750214888958,0.022169195096379,0.04681615318623257,0.04965505448289466,0.10041355570868385,0.05500304612275592,0.07861354295689121,0.049312002319508996,0.010446385124677602,0.042546151512199606
2025-11-18,0.04098429861475744,0.0596611182588195,0.15429656158378147,0.019883320373940937,0.11500377187155655,0.017763322966864344,0.014468800539567235,0.022497077706054594,0.04745050753992575,0.050400584820623,0.10103406995795126,0.05575662139808281,0.07945294975731403,0.049938432258362815,0.010563345299991476,0.043252277181464766
2025-11-19,0.040967706955517706,0.05975802101672756,0.15421777856561633,0.01983512924285763,0.11526824466705916,0.01783521389515834,0.01439586293579662,0.02262501212550437,0.047538481327809176,0.05058419960804092,0.10139629646369738,0.05594490381563616,0.079450236108816,0.05045851076502532,0.010596198976474548,0.04330867134287416
2025-11-20,0.041195905856795285,0.06038570605924152,0.1542816585819404,0.019599521893847307,0.11589233053016222,0.017879081181092733,0.014231855765591236,0.022697371112573892,0.047771670165263964,0.05045872311004421,0.10152822853098174,0.05612354914177608,0.07952445664136544,0.04998235913728816,0.01063287103336244,0.0434893420050994
2025-11-21,0.04171239968129259,0.06171877045109853,0.15754420083972362,0.020214997037051412,0.11784188084845662,0.018130164081592036,0.014281568596923156,0.022914319401964374,0.04849604752045853,0.051285927405415155,0.10179827338027857,0.056895109151511095,0.0812066708830224,0.05013974000885607,0.010743027881836868,0.04419196980500357
2025-11-24,0.06535583755497038,0.05241917056616665,0.06287671224193525,0.02931765249598641,0.06867804530547084,0.03499535344797932,0.047851536801927205,0.037887070922285784,0.09252865903106197,0.09557920930971951,0.03218032401392695,0.05234283699138308,0.0510980866259513,0.06722178102720638,0.025663014024008113,0.06831494777050122
2025-11-25,0.06434924491773752,0.051656859905698106,0.061762829551686764,0.02806727127718655,0.06749602498026763,0.034360285820964606,0.04625107044675141,0.03747290540985524,0.09087606956563321,0.09328572201642318,0.031767567598100524,0.05138075092612591,0.050133773877920715,0.06791342563076055,0.0253222875292014,0.06722846727745889
2025-11-26,0.06349467682360597,0.05093434790982333,0.06156369631165713,0.027464026853114415,0.06645547373122929,0.03378061320666957,0.0456675410911776,0.03678776830262491,0.08962055655480591,0.09216899603178193,0.031443354585298254,0.05074092052819526,0.04956344396652579,0.06637752996549774,0.024951093198228275,0.06600613545751369
2025-11-28,0.06279136722308037,0.05026395716321269,0.060734151542896866,0.02670835726805959,0.06535909886082797,0.03330566598954773,0.04543043844810528,0.036587714858128007,0.08854833752838684,0.0908429640131394,0.03113462124072244,0.05007091689449078,0.048996834161411186,0.06582882898238317,0.024677975445054744,0.065040536252908
2025-12-01,0.0438495681016567,0.049955822056285674,0.02332110970632388,0.019105455538773734,0.053501916299472395,0.05305334312200133,0.03787828054062215,0.03253142969112926,0.058825998958357106,0.06231997444821694,0.07162258907998234,0.07795156745299686,0.0817651942326909,0.05675830486153822,0.052047400525905854,0.12235255924796877
2025-12-02,0.0444660650540033,0.050199774983310144,0.023316484034313755,0.019302032446334202,0.05418153392683919,0.05358435109102395,0.038442901231295665,0.03278151777902192,0.059725899981450545,0.06287793375343889,0.07247455269371313,0.07879163359838598,0.08219594842998962,0.05644793357289307,0.05256356046296118,0.12441607396848119
2025-12-03,0.044300477660793244,0.05025886598335537,0.02328060232116235,0.019218241036840628,0.054028745397062976,0.05338226402005956,0.03857734889749829,0.032736125157867724,0.05961422239014496,0.06244159380139223,0.0725391881137756,0.07837473469529638,0.08179309438804207,0.05648730674955689,0.05238988722015881,0.12395762742327342
2025-12-04,0.04400213744960765,0.049683043082371765,0.0231442516543854,0.01871429489429459,0.053590886913688046,0.052799876307905454,0.0381574658043738,0.03242199928175434,0.058990475932977765,0.06183152877514584,0.07223870563320854,0.0777921498893745,0.08099518554599103,0.057393264957791845,0.051849351006426396,0.12255452638115036
2025-12-05,0.04385353308973509,0.04932349117962914,0.02286855201959603,0.018594628990533414,0.05358136117752863,0.05255583258904775,0.03789461279984115,0.03252211713635159,0.058762745818752134,0.06152410349588373,0.0714544404402917,0.07745866488017009,0.08084502920764114,0.05858018172694085,0.05170267078175937,0.12201337150156316
2025-12-08,0.08046345163021426,0.05318813810007838,0.009962010531728356,0.0424490858883412,0.030025052889306538,0.01583973270013737,0.055014777374612744,0.07705943475234928,0.07101406119931938,0.057443537842863435,0.04311792587382136,0.10696635819498602,0.08190017697817702,0.012401425988764677,0.061616660758153224,0.07199383894205294
2025-12-09,0.08097316843720105,0.05355718357966367,0.010115769942804491,0.04218930512618403,0.030194134558669487,0.0158649731134763,0.05547540275816039,0.0777945921070866,0.07116903996834457,0.05748372381287921,0.043513013023647,0.10726599150864231,0.08224666662148869,0.01251130350273587,0.061934363868109646,0.07260551775514373
2025-12-10,0.08118223427234277,0.053809810865589426,0.010129379269428623,0.04189662416818819,0.030273983022072713,0.01589807562497643,0.055282649777350694,0.07785483537969137,0.07119398857337661,0.05737765271926659,0.04363355907584658,0.10702391149243574,0.08196538674548313,0.012614892459614635,0.061991239012285385,0.07266423684105536
2025-12-11,0.08043082496591121,0.05332569469671906,0.010054008000738572,0.04099444702947738,0.029930138471681824,0.01576055985207094,0.05497232617563512,0.07721726477909517,0.07026803108945733,0.056643225879693275,0.043762513428215265,0.10616072819212938,0.08114317353235602,0.012417432981395781,0.061383260123901884,0.07169459471813691
2025-12-12,0.08002408504721514,0.05284691260943518,0.010046000361276992,0.04042426341250027,0.029599415298419134,0.01562924460089831,0.054514153863743725,0.07617268426134127,0.06986455780127114,0.056345454492781825,0.043239609891096015,0.10541492754512892,0.08098514088585156,0.012091258048837752,0.06079501573239037,0.07089007893156962
2025-12-15,0.04036884392741532,0.10854927132002547,0.026614349420218883,0.02845837173419678,0.06346374054206486,0.03107034422776649,0.012591094473236948,0.03153296728593215,0.08055233216237842,0.06789524888554158,0.07363672464630644,0.12920257517802364,0.050666912753055605,0.04328450760572889,0.05256472485744614,0.053982341076487465
2025-12-16,0.04040690722054627,0.10862596815811988,0.026798952699272825,0.028545067100140875,0.06340524967881749,0.031068226943946935,0.012669361429239275,0.031431498537350805,0.08067008010071673,0.06797479580296764,0.07379712069181368,0.12923098730845586,0.05079762274567142,0.042809769307172556,0.05245893974708766,0.054053429376948514
2025-12-17,0.0406284831385094,0.10909926002566374,0.027150862810866476,0.02846704116505703,0.06358048198040903,0.031284246669403756,0.012835302667319934,0.031679349151881614,0.08098607341351266,0.06799663791686818,0.07398957339063726,0.12955300405108577,0.05087303447560029,0.04369455012404212,0.05266808754741556,0.05447412581601152
2025-12-18,0.041026713757241325,0.10983674089206918,0.027026418031116772,0.02929373194380036,0.06409636874643047,0.03149969661834039,0.012837006252259251,0.031479372157180066,0.08139232232769608,0.06867564518907843,0.07423793522005684,0.13022564231658362,0.0512053719547564,0.0434416962560632,0.05293351880040858,0.05493856431376317
2025-12-19,0.04075205871023608,0.10905444420949177,0.02718002761994816,0.02863422983901049,0.06361648997279004,0.03119752361802965,0.01288121879308408,0.03149467843961188,0.08082462977328778,0.06801553210448223,0.07397529355200821,0.12918098299415676,0.050635804300337976,0.0429478995329665,0.05257251063345755,0.054349572967461325
2025-12-22,0.06748938289694756,0.03936329534126237,0.023767657344028387,0.045781563905021354,0.04504862284093819,0.052577097305216966,0.0053901831159580416,0.0309112068760489,0.07883206397236095,0.029810013776767584,0.10750880302553724,0.1799788917762227,0.05170318292014458,0.04559715062402099,0.055112244449017675,0.06390813763346932
2025-12-23,0.0668857833536259,0.03886334372959332,0.023511435935974725,0.04505641874221804,0.04444457206754813,0.051853391157755065,0.0052978079897910224,0.03069141866685859,0.07801966226898635,0.029568948625543698,0.10647047037787824,0.17810525566626853,0.05130584698926274,0.04556744943452316,0.05453544229887891,0.06332400141981681
2025-12-24,0.06686837132651735,0.038673700003059926,0.02325034410034103,0.04511609112407249,0.04423914286470286,0.05166721254519114,0.005316598534686007,0.030669066362010788,0.07781908422736038,0.02948323341605756,0.10569171890607369,0.17766825740266634,0.05111151883031457,0.04476662488950758,0.05439702808405938,0.06327341707515728
2025-12-26,0.0664286287232069,0.038347838747917,0.023131620870283195,0.04482071464629287,0.04405907276434781,0.05134600819046536,0.005249455317459304,0.03050640761585931,0.07735500945760487,0.02927651289573814,0.10541863612160197,0.17634001704623709,0.05082278979805165,0.044375267318495844,0.05402302103292494,0.06267897586360652
2025-12-29,0.0669679901925696,0.03703936158031109,0.010247954100296367,0.05347563260661094,0.033669473102344236,0.023765517350990223,0.0315747589152371,0.06663212807544296,0.1216381573859953,0.06460669909125913,0.07162838018841924,0.05711685185619346,0.06260388285904131,0.028630916759770034,0.14613467649558617,0.048018314551944705
2025-12-30,0.06687433018322018,0.03716852559397746,0.010366806252508475,0.054251885294227226,0.03410417440756905,0.023970035579992634,0.0320068408553546,0.067212668612829,0.12276742670786542,0.06520461742401634,0.07243229011070147,0.057607520017110135,0.06296017325898104,0.028731678546997153,0.14689766936791981,0.048422080751088115
2025-12-31,0.06735687554420197,0.037150846252243755,0.010373228374977587,0.05471175960409305,0.03403696615592115,0.02389310588730065,0.03189878470510211,0.06707494862290733,0.12245887778499924,0.06504663456214407,0.07221069513741503,0.05756820695269955,0.06270362900980171,0.02851886712446077,0.1468063138290384,0.048322862905468465
2026-01-02,0.06759205421587629,0.03768270749079036,0.010524235920748672,0.055309503317112985,0.034435030277612126,0.024112110615572096,0.03279204564692897,0.06766305346013256,0.12373086020643838,0.06559078205674057,0.07280885284823392,0.058169559051261116,0.06329791194661717,0.028826712955713138,0.14827132391303544,0.04904459312771203
2026-01-05,0.0507904639485925,0.05972703257024871,0.16232196450220107,0.024717409619121826,0.052879682792056744,0.027753997428946613,0.03247939041754604,0.0650529607048239,0.04141236893370356,0.01721437171142457,0.03922692519235672,0.06343873298456411,0.07849122962647914,0.039038370183339915,0.039764258438048344,0.0427247199216407
2026-01-06,0.05007862379730021,0.05842044931076044,0.15867100269952072,0.024053527254865658,0.05159376406317312,0.02718668182481419,0.03188873853067309,0.06371875298731006,0.040643660571879195,0.01683566756134949,0.03841408875396756,0.06200797731672869,0.07715110728090742,0.03912513418494401,0.03905387458853666,0.04175087979875433
2026-01-07,0.049687256757774884,0.05760779684544156,0.15725073510002247,0.023363644215587717,0.05108452998888482,0.026677529293858318,0.031065666103497317,0.0630575671842602,0.040158654678597534,0.016613626224744413,0.038363050153887884,0.06139089747464321,0.07602905445634842,0.03842444116494968,0.03875743225350005,0.04102251734488863
2026-01-08,0.050140945195934095,0.058262873964225394,0.1579253765036649,0.023692925678401467,0.0517504796118597,0.027184071452334133,0.031504739368983556,0.06375475436131649,0.04069209226245229,0.01682947047930041,0.03874756960425044,0.062179414593451866,0.07682523420743403,0.03877349894050674,0.03905772552989344,0.04165232503746083
2026-01-09,0.04974744918311092,0.05777882514183132,0.15618199012584083,0.02406399142295326,0.051537661252163205,0.027049855415854942,0.031008564163184708,0.06269253208227148,0.04050994580232437,0.01675338141405974,0.0385350285519338,0.062055743819906375,0.07672639140383804,0.038481045421688835,0.0389394303927929,0.041309420678510504
2026-01-12,0.05618389192505193,0.04863832630741016,0.04084557218871277,0.00877811322741606,0.10432202858822752,0.02251473728639273,0.04751685573032061,0.0067517060251386625,0.07594162850825169,0.024090655407267958,0.06796444313365976,0.07261309565137243,0.06277023087046013,0.06136747384503576,0.09442686975925803,0.04370227906076357
2026-01-13,0.05590977528342564,0.048409041067110525,0.040228365566532615,0.008733945404506874,0.10300562474605998,0.02220772949964735,0.04704171988704794,0.006704279363425846,0.07491078910781947,0.023828946581992666,0.06664857118254633,0.07173049012774728,0.06193975440881004,0.06205270685654713,0.09345159508785596,0.043196255818908305
2026-01-14,0.05596442047165788,0.04823955767403303,0.03997977013613631,0.008634889668908761,0.1031320702322773,0.022158432793557087,0.046661219288886495,0.006727346169561514,0.07477800389004254,0.023646044127921418,0.06667532876684093,0.07161573017190496,0.06165747617012493,0.06303513905501734,0.09333336081348156,0.04308441414033547
2026-01-15,0.05584662476737241,0.04794591100901414,0.039982684327513285,0.008675475891727204,0.10256880247800218,0.022067094291538695,0.04657446209543181,0.006604463854140422,0.07393171904631529,0.023512723832717748,0.06623759734178315,0.07107512127641363,0.06130615778249116,0.06283427365369106,0.09268778199254252,0.042771061311464846
2026-01-16,0.05592427887947751,0.047862607170587504,0.039993979924979245,0.008621367610258963,0.10296095866396703,0.02205526753064935,0.04554623495876888,0.0066094836966425615,0.07392768914966809,0.02340008383961015,0.06637986861047582,0.07090032085624073,0.06113880785500755,0.061607920859035735,0.09286971418970326,0.042605298160229677
2026-01-20,0.05711386145025758,0.07307202593309889,0.03262600009041795,0.046473869915209846,0.0732849751981704,0.06873522245331762,0.05369233856201686,0.043915488257089665,0.007130033413268118,0.08634370235091696,0.06841574332405047,0.03484304084567902,0.04366179402850908,0.011101042205828903,0.10775919689388716,0.06519303071938051
2026-01-21,0.058071719817833545,0.07398626156486837,0.03239514632556891,0.04751563869781934,0.07385726772889097,0.06937691474375259,0.05499710621073946,0.04431620318659049,0.007194230748900567,0.08763208661324692,0.06920056949128262,0.03516618739055452,0.04411862641089188,0.011220213235189958,0.10854276117076209,0.06606295525822754
2026-01-22,0.057077987983975585,0.07317673156925475,0.031438003435726045,0.04624514172259986,0.07265830461823783,0.06839044464882996,0.05316084127120229,0.0433597605273221,0.0070722211699724,0.08608934741770399,0.06907226432627854,0.034642856564674473,0.04328507813381441,0.01091274664709336,0.10685985718478573,0.06487881707632846
2026-01-23,0.05677748269723911,0.07301312113144655,0.03134052794245124,0.04573571230244684,0.07174872050821263,0.0675538006074222,0.05308726842084064,0.04280513519450849,0.007005478042869143,0.08562151693273683,0.06862033332561104,0.034359805377206,0.042884919801928496,0.010962769629416844,0.10602454761546806,0.064572309993815
2026-01-26,0.13178297170696107,0.025966101889345696,0.045664590290346585,0.015214800783931127,0.1281529469791509,0.029834847495417247,0.018904839727577706,0.014275344291494683,0.031649605468857124,0.07181974993513997,0.04510270631178174,0.06673452067595324,0.08912638730614335,0.022601705860218875,0.08435846292796433,0.04109195817830393
2026-01-27,0.13181693881487203,0.025501729884935292,0.04512464373655762,0.015121908862942502,0.12673964392418333,0.029510234570744996,0.018915890116680305,0.0141348839563141,0.03135716233350296,0.07135133609128214,0.04438442386887093,0.06607714821999533,0.08838140583367718,0.021979617259916265,0.08314236696298409,0.04072847088592393
2026-01-28,0.12976093558640672,0.02569995868262881,0.044924609121173145,0.014825124898545216,0.12542851200905844,0.029361986907866088,0.01903781879083773,0.014179273824277796,0.031144963847831296,0.070805973246757,0.044350987337627254,0.06561052096844514,0.08787116073437667,0.02162405001915306,0.08284517896824924,0.04072860655818183
2026-01-29,0.12979562650494386,0.02541083590615831,0.043952114364384766,0.014662223710088348,0.12439021657196461,0.028990015087738828,0.01877084010658192,0.014019752944535219,0.030917380339816437,0.07013736800584246,0.044557301631701234,0.06495519424909871,0.08710374270206284,0.021110214132090747,0.08224462969569477,0.040326546341815935
2026-01-30,0.12943025334265712,0.025342796166948144,0.043282289809426056,0.014625947276204062,0.12385311316856644,0.0289603317833856,0.018701032395242255,0.014060028805066377,0.030859912458415226,0.06928898786672469,0.044425997008315336,0.06469641864625549,0.08693935189342225,0.020837219338424404,0.08183835519474762,0.0400532689249348
2026-02-02,0.014708479583116506,0.02741339836269021,0.06585894849344488,0.0004865746266655997,0.07570305590600393,0.029185771496637588,0.047234624120872024,0.025248089917241864,0.03242743584329772,0.016712841447868547,0.10829972027316512,0.05874859466238929,0.08505135536529855,0.06726329883670812,0.05314463590273656,0.10153537743412946
2026-02-03,0.01460557029073866,0.027287908157907836,0.0677264922071601,0.0004780479217003457,0.07527446469757976,0.02885627759368389,0.04662712106298876,0.025057864486197706,0.032175804234255895,0.016614597764672917,0.10893800983944144,0.058298758350588564,0.08518602797534264,0.06537414813107013,0.052770359944161294,0.10079153359364287
2026-02-04,0.014694549275044188,0.027387161549566774,0.06677561480733214,0.0004760475637889764,0.07522830291080651,0.028711505419198213,0.04636667896958774,0.024874821521305237,0.03179236770753875,0.016475767342446233,0.10859464764635049,0.05797865658025178,0.08527780956325148,0.06478064302395198,0.052612865940587464,0.1001880185537777
2026-02-05,0.014787649228919002,0.027742567246059852,0.0671939947071176,0.00048779544867757476,0.07605316230144331,0.028906122311632015,0.04666925519659991,0.024308134332994887,0.03218240959925524,0.016629636139950058,0.10930729983494139,0.05875040549682855,0.08639571039741126,0.0631724288791731,0.05295435274447178,0.10061569198041896
2026-02-06,0.015004246749479304,0.028092849056523365,0.06859292379198625,0.0004989973860045115,0.07774869079671506,0.029506759098934545,0.04778320878986862,0.024892297640073478,0.0329167809232546,0.017079394720083085,0.11265935574862443,0.06009964962308793,0.08873709161728713,0.06235942117978158,0.053896973689941036,0.10256853816776125
2026-02-09,0.04578472235018895,0.040650149131099836,0.03456749654970958,0.03750899193611434,0.058971288472971395,0.028478417291572758,0.024394397248601204,0.023417713729059136,0.06127010680730479,0.03675764926407116,0.1144022252070046,0.11703713400526623,0.09237656597132869,0.049056295494042626,0.044185572749347694,0.05290510253527873
2026-02-10,0.045874644286104334,0.040741372811117615,0.03450123497080979,0.03650818152831836,0.05852644874873945,0.02826956545090386,0.02454852730778362,0.02345829267419517,0.060568625783738124,0.03629122835778121,0.11238605742988786,0.11556186976926679,0.09128705405722405,0.049667535755398506,0.043880560197270886,0.05263418510791224
2026-02-11,0.04576728108245343,0.04055280231118853,0.03468512359165704,0.03678959037629608,0.05835851906006891,0.028313381336950227,0.024511251952483475,0.023269074684988126,0.06049290421469192,0.0362138634055544,0.11227540794595174,0.1155885491033415,0.09115316955999926,0.04967526199946171,0.043869040550291095,0.05254334019052831
2026-02-12,0.04581368255882111,0.04039932532481319,0.03416612432312637,0.03657776412828132,0.05859058110432586,0.02808166659569113,0.02467115614495704,0.023139994090321345,0.06023442882947978,0.03612671922104759,0.11311825895552388,0.11525613514917081,0.09055086408000129,0.04834785747727083,0.0437347856305389,0.0523732695328224
2026-02-13,0.04615213761860307,0.0409281033322878,0.03500105473362099,0.03753100390284764,0.059830980465289875,0.02867698244827057,0.02541148174691573,0.02352934150963768,0.06139194248455229,0.036811799567257136,0.11497809001150032,0.11784145536266007,0.09254929928445259,0.0487817299811024,0.044385807272454926,0.053307597299684185
2026-02-17,0.020977229358795882,0.06012519126417723,0.018929005262306023,0.0012304733103007588,0.04177152212090851,0.07312350690296575,0.026440787685091685,0.023198318933041504,0.10764780732496984,0.05510195009742468,0.0702422558758652,0.08975105585723796,0.06845666453763251,0.05676579900775033,0.04185194650734113,0.09621880108611881
2026-02-18,0.020827034134616697,0.05997255676435963,0.019094695181777498,0.0012222131668227956,0.041814653408784,0.07321551209871058,0.02664913876111184,0.023225705472621094,0.10786217667024454,0.05478041338293367,0.06993619584627982,0.08940281676984796,0.06847291166212717,0.057037352979912234,0.04183372994243592,0.09625621897684505
2026-02-19,0.020692922388520992,0.05944024633878614,0.018539591515575514,0.0012009199916018514,0.041338136694011984,0.0722510077936204,0.026460101157107657,0.0229570968094121,0.10660425924126823,0.054058183526684775,0.06921812837675007,0.08830099078185674,0.06762510259531324,0.05661188412416688,0.04139354736463714,0.09489900815252258
2026-02-20,0.02074788703208503,0.059463990332829036,0.01841528514456338,0.001197269834978087,0.041370444178592314,0.0719590496340731,0.026621888527112197,0.023015648710870456,0.10660528692171777,0.054111170567425086,0.06888432728534552,0.08829075595293136,0.06743362957222951,0.05757639803362483,0.041375452608430535,0.09470599943295184
2026-02-23,0.0503475222799563,0.06198441844210788,0.04774537380878271,0.012720745153413331,0.04146991926988972,0.026161060606347184,0.0567239095270219,0.017099764420629743,0.07870583870992692,0.04079915659444407,0.06814424410864976,0.0969127007901263,0.09838992662955708,0.03420988912002263,0.06899111992074788,0.0337184293068413
2026-02-24,0.05119057871848816,0.0625142123205293,0.04828189904138527,0.012919078157937434,0.04155183412508813,0.026391549759553413,0.05731534222671125,0.017133573568162478,0.0794984884059305,0.04126362349317218,0.06853295974132244,0.09786606878496015,0.09882625024122328,0.034453931841451464,0.06946883845555969,0.034096025903227335
2026-02-25,0.050738984728641655,0.061959484458651445,0.04793111449984092,0.012640304984045414,0.04105149334211347,0.025973546690856567,0.05685960296206697,0.016968393472113583,0.0787917921778292,0.04090551691402242,0.06785725144982636,0.09689624949463081,0.09787345021409365,0.034592566045315215,0.06884591016536298,0.033756522272957966
2026-02-26,0.0504598953975277,0.06163392815704639,0.04745043549736723,0.012372047786035088,0.04067595052971863,0.025717979581476026,0.05682464419894941,0.016942986955417235,0.07808034886116734,0.040412211380957866,0.06717682081703091,0.09575069426275581,0.09676344986924632,0.0344449094069008,0.06828169765667876,0.033493080165444694
2026-02-27,0.050083935049834355,0.06122432440650477,0.04750331971725762,0.012456251870711458,0.040530586816407345,0.025704018412733017,0.05626423695446779,0.016876352398850863,0.07788858366611182,0.040455535777622176,0.06684096505961917,0.0956434004717301,0.09714272170360634,0.035151798335551404,0.06807821429429974,0.03335367563804399
2026-03-02,0.0260119079308731,0.07288857552103738,0.08572384906098131,0.018046595612011922,0.0718722072899006,0.029548447414755676,0.047310942312687926,0.03746980638406961,0.0475437965780356,0.04433663140747285,0.07081922796349277,0.05840736466084788,0.09025906449273577,0.031246252078375152,0.0750682558120093,0.025890606231778846
2026-03-03,0.02594022524981506,0.07207287477633335,0.08406781485772845,0.017957196159590842,0.07196962477169583,0.02951282445279038,0.04596304475800113,0.03768161341465561,0.047457002577169845,0.04414473729019719,0.07026985086043872,0.058210463765028704,0.09019206893063021,0.03214737469453291,0.07498548672980399,0.025708999078748938
2026-03-04,0.026425756519029293,0.07238994462740737,0.08520262789388976,0.018618655087139526,0.07386163664723892,0.030307217640159673,0.04657605349154057,0.03849763017399353,0.048994668873647416,0.04550676401702516,0.07157622934249562,0.0597855783426448,0.09323868496823538,0.033281137728055944,0.07661505515946333,0.02637319675655835
2026-03-05,0.02599407063654028,0.07171415511034215,0.08452820253759617,0.018205440655646003,0.07242218539678486,0.02990238282887706,0.04641109994818467,0.03803257848379339,0.047974375787313256,0.04455413884245471,0.07064901211815165,0.058689203981690155,0.09115733244469272,0.033509804812715885,0.07550549634777955,0.02593028765980231
2026-03-06,0.026352682215070637,0.07208668541360609,0.08439481433330892,0.01855403819601138,0.07346311171276072,0.030272459580591153,0.047451539188408,0.03871359627015954,0.049026341237957696,0.045463253495179705,0.07184690198434955,0.05975625938245145,0.09237513915717233,0.0343924496829269,0.07655546053725226,0.026444999626918275
2026-03-09,0.0827277575710325,0.02677050505349782,0.0640840301724138,0.0037117704924880153,0.06299255374513447,0.03798154246420568,0.055023527708060786,0.06115908786528674,0.06425024166153548,0.06540327000194998,0.01717466241129492,0.11516681650201123,0.03458660627205662,0.0839569308562873,0.06632544922586305,0.0034109522597046546
2026-03-10,0.08147052449496893,0.02642648386267022,0.06377031723853781,0.0036086065346969142,0.0621029058669547,0.03753142867777063,0.053808656045199264,0.060861929441241656,0.06321285577076352,0.06393188810449058,0.01686104504129685,0.11312280230285732,0.03386611236186151,0.08326894182727396,0.06535670458960106,0.0033654735332841763
2026-03-11,0.0819585834858619,0.0264830043768215,0.06362193135961343,0.0035845437281924256,0.06216934215561377,0.037393247117767835,0.0546679594911669,0.06137539383237049,0.06328981673847943,0.06369867970911357,0.016917075513700395,0.11319918192211897,0.03388474048715363,0.08214462431808568,0.0656661450515122,0.003375710743756377
2026-03-12,0.08187669985911947,0.02647105435161207,0.0631087422655824,0.003575612378666956,0.06257145220942245,0.03748220179949076,0.05503019625569745,0.06194782712116612,0.06347247042135298,0.06383784324964834,0.01705637032932602,0.11359643838245963,0.03398150448230371,0.08287907688811152,0.06596147377125938,0.003395061913417918
2026-03-13,0.08337159437486563,0.027023531691407095,0.06359344717378158,0.003718702593184039,0.06392794965233964,0.038231666653139484,0.057055731043249604,0.06341124985864167,0.0649144755077797,0.06556668767705731,0.017350820674090488,0.11564922455972688,0.03482674633045286,0.08463075489906532,0.06707288386164438,0.0034465421632221566
2026-03-16,0.04432207581716117,0.014664396337436497,0.06755206220743035,0.025655357995601626,0.06715130397693432,0.05198827841234034,0.03139042705141161,0.13111590044465232,0.058257948434960065,0.05837171336166071,0.004675766817299488,0.052394571272960315,0.028258471484080578,0.17908730896144587,0.02186686880534505,0.036145674137734306
2026-03-17,0.04333841018521402,0.014425493450408387,0.0674000503394146,0.024889798100837756,0.06550556965994368,0.050933801131842836,0.030436776038784797,0.12844136122957764,0.05697407937093682,0.057142594151655464,0.004593658024933893,0.051391653537624864,0.027651182774301567,0.17594148696737458,0.0214459801982738,0.03564827534629867
2026-03-18,0.042625638315519326,0.014293049920558767,0.06680262210577155,0.024330640226792037,0.06444163553327105,0.05031648241071201,0.03083224692789352,0.12695634429585081,0.055937388391062506,0.05594965815970322,0.00454223961669045,0.05052226923812133,0.027142601116580293,0.17503577296648995,0.021155733870147724,0.03504384244104695
2026-03-19,0.043550324890814986,0.014581366430351891,0.0672015093828782,0.02470622488783357,0.06625091401080267,0.0514352173022715,0.03236921256480111,0.1318199872907918,0.057546698139048925,0.05710995127952214,0.004673459709746731,0.051593487805870586,0.027769122604593955,0.180554052790566,0.02166230362728161,0.03571946773810905
2026-03-20,0.043427661597308306,0.014551618704112947,0.06791133518898076,0.024780448487388248,0.06655823493161371,0.05195097369207475,0.0330846610993554,0.1337283234161181,0.05813634669248476,0.057524789092743785,0.00471343577354565,0.051924925421098514,0.027905539348019544,0.18248484214623314,0.02180191774637232,0.036022110806302785
2026-03-23,0.004814688205777908,0.040343065156325214,0.0562262510212455,0.023569773526601504,0.04010621833487464,0.03729554131563956,0.07836532693532187,0.09914869153953869,0.04982557043357522,0.04080077619660655,0.05787352200840796,0.031435376841725905,0.02340326955602555,0.11408173315526467,0.008421403944830106,0.0222969487528722
2026-03-24,0.004519351795857873,0.037788187898914645,0.053276340585773074,0.021738750514309506,0.037769942619462905,0.03525328741453241,0.07054999203963754,0.09248960272852774,0.04652702513056266,0.03810649469305478,0.05398750247247791,0.0294594199601492,0.021986315125145598,0.10695462140419096,0.007922206877104055,0.02094831846584201
2026-03-25,0.00466479169918829,0.039116903243840026,0.05455729672272206,0.0222461187903518,0.038967879066137655,0.03638265438427319,0.07339008805350045,0.09631255375619922,0.04803662558778366,0.03921046118260026,0.05622468890769726,0.030456557019775402,0.02274165069726271,0.10840309335268103,0.008168840006870978,0.021595065579937928
2026-03-26,0.0044910207478872696,0.03753091091487136,0.05246055353202965,0.02123518576155798,0.03745463964923822,0.03479667390112446,0.06902144328501336,0.0917591261096641,0.045817088435968975,0.03749576144734236,0.05380230370924659,0.029112621209241053,0.02173714242541851,0.10311132405627034,0.007835992969510782,0.020661652647009893
2026-03-27,0.004171764163692979,0.03538049630120196,0.049112157783454694,0.02030051880096193,0.035345552050583054,0.03261095991151808,0.06645457233495199,0.0850024629807404,0.04288711300974202,0.0353747510545783,0.05023442273457873,0.027335557183848898,0.0204995103663546,0.0970531211154082,0.0073260226663636645,0.01936719000532674
2026-03-30,0.02370762822366882,0.012651842276740988,0.10361226446473105,0.014585673190988364,0.03333505950275447,0.040339577008142107,0.06116328789310952,0.033163805095417304,0.07418491296061994,0.02868292799725618,0.03756341496479296,0.044111651986109175,0.028884251399985034,0.02814220499814168,0.019867318428089982,0.0465535484917151
2026-03-31,0.02429273704437852,0.013021412498157003,0.10751934150444577,0.015256743533754565,0.034278744448772665,0.041469491876146215,0.06360251918738695,0.03344646238980947,0.07609349593025998,0.029654434952690833,0.03804467983496257,0.045426747340684935,0.029714045840388278,0.02848245458107245,0.020400249428269512,0.047771584504101086
2026-04-01,0.022604595790924734,0.011931358429041401,0.10040167849932806,0.013807158469322732,0.03161876877437849,0.03828567989684154,0.05680881360549768,0.03106004703663001,0.07018297970549654,0.02717314557991072,0.0351431997266369,0.04192667290795694,0.027369277335807504,0.026749380905034068,0.01893586432290274,0.04431020764134024
2026-04-02,0.02298137571814497,0.012126070913510376,0.10189319215873865,0.013887088255755905,0.03215073312979301,0.038574641697044124,0.05584900141217662,0.031902517902876036,0.07103783314296513,0.02743686264729304,0.03609267222669554,0.042465046499568546,0.02769470472315736,0.027113947143201443,0.019265175846861486,0.04505338454651635
2026-04-06,0.03598872741026337,0.04807917203622553,0.05138723867537517,0.013704628377328786,0.02358874930539897,0.017588151353792634,0.030954807071337142,0.058924017311036254,0.01906895419565238,0.005817481634193638,0.02532905308025175,0.02718918434993914,0.03622125841435593,0.020911684203410514,0.06869778501340505,0.019952144136898053
2026-04-07,0.03695110842163153,0.04954324550610647,0.05291912740926854,0.014113584032659486,0.024249277484469756,0.018041518706135105,0.032118987432788744,0.060719981382478534,0.01959312247974779,0.0059647066472568126,0.026072671905337977,0.02797746077525901,0.03722648149103047,0.021441197109206486,0.07057542955510829,0.020519467204687118
2026-04-08,0.038100290594662266,0.051051369612506906,0.05486588408885139,0.014466328807389543,0.02492039379387171,0.018617613684279423,0.03288759986092121,0.06296874331422325,0.0201313332728558,0.006134790349698468,0.026912020595360162,0.028742481092500792,0.038182607341654684,0.02206636477418619,0.07281454206856887,0.021157261187328445
2026-04-09,0.037678923103709655,0.04974393979631857,0.054087537910555955,0.01398693006156462,0.024578176540313974,0.018348018087814742,0.030613462881717714,0.0626574974390552,0.01988956135900524,0.006005235897095815,0.026921684741269207,0.02838260753253517,0.037649593915559464,0.021235675524055607,0.0720751219011529,0.020809626632093483
2026-04-10,0.03854884015670539,0.05129301006741356,0.05607702797279341,0.014376742644849314,0.025217995922475415,0.018773864596593047,0.031603729736142165,0.06496269855849632,0.02052456339649606,0.006143987335026967,0.027815617925423416,0.02922903336827804,0.03868312547982163,0.021340363131613905,0.07414952600671978,0.021397088708874943
2026-04-13,0.03182391666033554,0.010881683273998603,0.06982207643507615,0.03663776388610701,0.020507323572766512,0.019366592298199245,0.026878580926459988,0.16166609444492439,0.02255791455732838,0.06859921636976941,0.05743738327432025,0.030377539439125693,0.04380264631645923,0.025896797216275556,0.04401892770794218,0.01291176144140741
2026-04-14,0.03250629176854492,0.011121530167076912,0.07182555938894503,0.037182277281870485,0.02085308192768596,0.01976299248580203,0.0280408309879281,0.16553921709033695,0.02306943108241462,0.07027298372378257,0.05870578667011631,0.031051273169697514,0.04459024061470659,0.02715080206416474,0.04504293062572633,0.013119574445637033
2026-04-15,0.03257262974339565,0.011002058957977697,0.07167500200815687,0.03634345807249519,0.020748940048891794,0.019720216208120353,0.02722140621956107,0.16573690487955947,0.023023944288563875,0.06976904870711749,0.058751550325407714,0.03076921607096824,0.04435115627506303,0.027655576088748246,0.04504123862347027,0.013029787304675433
2026-04-16,0.033669172753163154,0.01132603687648144,0.07407734578161174,0.037451131799792564,0.02143119441555826,0.02029421979852538,0.028092533156111228,0.1701326702687735,0.02380122723867962,0.07204414874050181,0.06018627583836998,0.03155110874790783,0.045536493764833895,0.029388272504413657,0.04640232462298721,0.01341378661724048
2026-04-17,0.03456041083040773,0.01166837887382461,0.07623298840149895,0.03858624013907566,0.02193997896212561,0.020871179453775014,0.028855604563356944,0.17493279515850413,0.024378401542446783,0.0741169886286496,0.06233130771106673,0.032317681605215795,0.04672097677232012,0.030116499954600598,0.04775500956189186,0.013735732552836322
2026-04-20,0.020164332796024562,0.027138067040976918,0.09011036467804849,0.0456936163306034,0.026351008142160362,0.018216045195408394,0.02963497929288137,0.05692119580521996,0.03603442991865219,0.047105383868451534,0.05126259556080507,0.049365110791094166,0.07939566825947857,0.023340502590893878,0.07121514106128238,0.03527542579625996
2026-04-21,0.020633669829825067,0.0279876933781708,0.09256060351507757,0.04641047773466959,0.027037151186620798,0.018681453528918385,0.031010749265816283,0.058395783234166464,0.03695525087368055,0.04822896211571867,0.052526447851402924,0.05059235442730179,0.08135779197289886,0.024137529252524083,0.07295399502769041,0.03613391552414194
2026-04-22,0.020281915709714705,0.02783707809421383,0.09147056223203227,0.04606558343287318,0.026760201134707434,0.01844303132203984,0.03173752951925699,0.057951608283815986,0.03666844850254307,0.047693249974146236,0.05228505797090813,0.050144234625593295,0.0801882977404794,0.02362652513943124,0.07202118943890407,0.03566738312192791
2026-04-23,0.02091547750480619,0.02851047288490932,0.09368092142324377,0.046865727166873185,0.02746755910256218,0.01887758778833146,0.03279610456006687,0.059887351934335684,0.0377103855074313,0.048857274470990496,0.05369067207084005,0.05117750887684311,0.08205171478910143,0.024405182252191977,0.07406326941108031,0.036705863431629134
2026-04-24,0.021149222571895512,0.02913123086708659,0.0958926008817597,0.048197223914915266,0.027993201219509652,0.019243050122812085,0.03399889365853645,0.061538118715544925,0.038418932905812594,0.0499969842065198,0.05519589405753857,0.05255660260845161,0.08366279533230891,0.02436091031964803,0.07545189166400554,0.037395013932623254
2026-04-27,0.014560382404660465,0.01480275155309107,0.11597739597416643,0.05369107093343205,0.03971070969926552,0.06249993463825881,0.0077717342538721115,0.09739295182244208,0.01442683519157055,0.05667470071913992,0.07471141150631898,0.03672769795657088,0.05548038559375372,0.025188396308487515,0.05974313198087143,0.056234798344433595
2026-04-28,0.014772573627564277,0.015106596207840882,0.1186079820488383,0.0546394524292793,0.04035354308636427,0.06373014523547538,0.00813644969838803,0.09910983700650963,0.014660700176688003,0.05737260814933554,0.07644740189170873,0.037201005989837506,0.056207977184591466,0.02567019881790876,0.06070260467712804,0.05730827182347539
2026-04-29,0.015016060334792254,0.015527859852398011,0.12206323465787235,0.057114833461398486,0.041253196884686004,0.06518484375214957,0.008484137658879518,0.10053960407928318,0.01497993141032785,0.05887011437208953,0.07779086907874821,0.03815893967075427,0.057740579937968516,0.0262689515436781,0.06195691485063114,0.05857311178056575
2026-04-30,0.01500301978016567,0.015736732767917216,0.1222049932376366,0.057657669637918775,0.041344447398857814,0.06516767740745254,0.008873379271403446,0.10188293712584787,0.015073636295910069,0.05931404365692741,0.07948865173976702,0.03840243837027006,0.0578999624376176,0.025840608393452223,0.062277475391625245,0.058801364831477076
2026-05-01,0.015226451945080452,0.015620230715111144,0.12355090109432745,0.05750871346223543,0.041904389523557975,0.06597686008197846,0.008949796132716136,0.10422780086551219,0.015197679548049242,0.06009705344795817,0.08064968354737345,0.03891154123495251,0.05897950541456928,0.02652177248372754,0.06330703568527836,0.05964686742328897
2026-05-04,0.03543008889131,0.017112210639566562,0.07501587289630705,0.05926759281264729,0.04805648069021857,0.0675761223306312,0.04854307519589996,0.06680153936465669,0.03131272506443926,0.07900374127601295,0.07129438252581878,0.0441511913128941,0.04062473213395871,0.03061943804310132,0.05089551984455929,0.10800839171715655
2026-05-05,0.03487728091082812,0.0170165364109039,0.07355963528359426,0.058567109687970687,0.04762077384807737,0.06671433344003297,0.04934307372652225,0.0664531376512256,0.031022759251865286,0.07833058759812529,0.07066954806618435,0.0437613660623077,0.039938829214060154,0.031153165738769348,0.050372418528540956,0.1070540581524854
2026-05-06,0.035258390952024994,0.01722305348115893,0.07518309610768473,0.05872259190263665,0.04825156020712458,0.06784812904433049,0.049035496764148784,0.0681568119568627,0.0313668944924215,0.07901881130607452,0.0736795172683956,0.04396261242916245,0.04047056375892209,0.030329014098923968,0.05126710428241703,0.1082776990474634
2026-05-07,0.034250893651829255,0.016430761533037564,0.07321528179615663,0.055029102444387315,0.04653815211363305,0.06556216478460439,0.04462462146138635,0.06626490490576985,0.03018973409707567,0.07515369280003484,0.07186695836617722,0.041973487456649694,0.03899573350549711,0.02955226542313732,0.04966131788294296,0.10426889738884217
2026-05-08,0.034170258805480455,0.01643304970172732,0.07284033280269596,0.056297800821813494,0.046199774568770856,0.06487993824768765,0.04442063099094444,0.06542673738464595,0.030251502325263455,0.0755603151461562,0.0711266590229555,0.04191136219580321,0.03889993860637009,0.029207434737464275,0.04933312570071518,0.10442547236159194
2026-05-11,0.024880801606507914,0.03297594864902186,0.07468983240622092,0.03884956357132399,0.03190353815680879,0.016673801293740246,0.046178422833186725,0.04824064723864415,0.023275228843112488,0.02957667054930011,0.046493619402062536,0.049576072472956825,0.0492416706616728,0.07509276451055426,0.07834584789578734,0.022114228416877938
2026-05-12,0.02538538890121995,0.03373821348636127,0.07569717624936324,0.03907553914172277,0.032434218117669784,0.016916153808522353,0.04775095204579085,0.04987599666842265,0.023674127224318314,0.03007640260303767,0.04781190133581795,0.050297563735680846,0.050045351832285555,0.07735433786571826,0.07988315023745324,0.022458202062082523
2026-05-13,0.025818065621650104,0.03437529714311413,0.07773961215413161,0.040233313359211285,0.03313595923199369,0.01730731040293493,0.049499567061919846,0.05061773435236016,0.024200341018578025,0.030809392877754846,0.047972382829715256,0.051563559745613184,0.05123353450618197,0.07816612173367643,0.08117331491851447,0.022868541566196117
2026-05-14,0.02675593478932305,0.035640439472321865,0.07991801830196131,0.041585048183195784,0.03420968322197732,0.017757588441347963,0.051038393652591635,0.05234228956643089,0.02498305467514179,0.031771784465534955,0.04993124112015721,0.05309674964049599,0.05269997646612519,0.07954519832908095,0.08401446723442639,0.023612904896103
2026-05-15,0.027604260952831344,0.03687057830903782,0.08187238823217674,0.042821801364107466,0.035342616373684584,0.018298253646156885,0.05245099648756946,0.05400237594079992,0.025848427932620367,0.033021772006167766,0.05148683341299807,0.05472911145781162,0.054515252971960464,0.08122198859041481,0.0866795377963545,0.02428312270871456
2026-05-18,0.021022197441918064,0.05607830272419681,0.05089935367109785,0.04328289344488119,0.07483560028719918,0.026908324839090687,0.05271498240328591,0.0720417453536803,0.06551015886302602,0.04322365915941902,0.08642544484251967,0.035675989398077465,0.03547987576834459,0.1596222164815624,0.046454246574254565,0.023709501527425205
2026-05-19,0.020962670119326832,0.05618184739983315,0.05098678893155789,0.044297038351832047,0.07481192125938885,0.026883978977285568,0.05275139508056515,0.07105308861386622,0.06548399947865716,0.04364823155801474,0.08526628095701545,0.03570258447671885,0.035523167766185915,0.15933111226527324,0.04627575277093622,0.023694362527699218
2026-05-20,0.021007865278854683,0.056633495890775536,0.050966318350315384,0.04498441670651225,0.07495825283553317,0.02713777076502651,0.053441232253620734,0.07162301657181712,0.06579145878250726,0.043898105341248175,0.08611766012307809,0.03596722088200646,0.0357297244412298,0.161236108269371,0.046532416356637574,0.023794830074673937
2026-05-21,0.019585015575178374,0.0522372241422846,0.04753136232898494,0.0409663183479144,0.06976308806534146,0.025184187421856605,0.04735628855335982,0.06698875080869456,0.061037754557843577,0.04040481769007023,0.08121149893184484,0.0331297799067993,0.03306666256555938,0.1503484920282764,0.04332728030308879,0.02204558187123187
2026-05-22,0.02013935414278726,0.05363569222340122,0.048691510004142444,0.041641537527229586,0.07152844402038624,0.025865088402951132,0.0479078967037611,0.06912273870355426,0.0626587032395157,0.04147134681239846,0.08428834844479177,0.03388576860829885,0.034020319499915845,0.15517390426766112,0.044532833539016554,0.02265344336909316
2026-05-26,0.0122716530513066,0.07212695445154482,0.03194233813022862,0.024667042405602416,0.015496943929557156,0.027710673864475215,0.03614066090003193,0.11061671944602927,0.04075281717493656,0.03302104472168707,0.19369591843277267,0.0396841412064258,0.020497004214050474,0.03981252908177737,0.11660074526800325,0.0698590142637547
2026-05-27,0.012166925114052015,0.07151645031414912,0.03168687644770224,0.0237849591870871,0.015363367524170453,0.027450303783203456,0.03500819411241032,0.11204246959247628,0.040287120713754246,0.03242254198559805,0.19833811988830105,0.039033629924074255,0.0201668578272177,0.03901986978547849,0.1160471705654293,0.06919687980409894
2026-05-28,0.012169491830032587,0.07138814921610342,0.03166425834069218,0.023614537861250846,0.01539818913930278,0.027471081246690763,0.03450501226588918,0.11190279361299105,0.04025951715662455,0.032326676904424416,0.20012332186236417,0.03911566036402988,0.020222926126683423,0.03942050771274298,0.11594802002317685,0.06939261138253343
2026-05-29,0.012140452012660417,0.0706793694325774,0.031296191574065116,0.023074476353835766,0.015211364848900852,0.02733481636643889,0.03414897764009936,0.11119187593893591,0.0400047939064309,0.032162197527349216,0.19876469837380153,0.03873655888254063,0.020093612905835417,0.04038972577160221,0.11503114875480887,0.0689603630278934
2026-06-01,0.06535654832096971,0.019566546073774012,0.03062904324335191,0.050086916912280885,0.01328402246340975,0.012237602133313761,0.09707449582328825,0.12236798910278675,0.03261720919432434,0.03521065781058795,0.06462694890547407,0.08799175610318412,0.025287239991120983,0.01913987276263114,0.0957251928482269,0.05616983117753179
2026-06-02,0.06463111208545164,0.019458588334091156,0.030218094249215677,0.050067238449148635,0.013144461394061098,0.012077084325630627,0.09982393957711103,0.12131319732249685,0.032340074566518516,0.035045501005887554,0.06499096917380985,0.08669676820012712,0.0249393214708484,0.01862541494612787,0.09488638516239122,0.05556171975288491
2026-06-03,0.06385563745407534,0.019246452416575847,0.029983357738604572,0.048773200071300586,0.013049471668927889,0.011942682617624129,0.09878196282601913,0.12273077222767459,0.03178342852736348,0.03448990105288904,0.06464871909447353,0.08536948672556921,0.024664666011179066,0.01798249121305911,0.093855401634157,0.054759875073554266
2026-06-04,0.0636513554629826,0.019259086178368367,0.029815904531777616,0.04889959283603998,0.013066354926548927,0.0119096934172631,0.09926436910547122,0.12505173873757583,0.03196886438872303,0.03435941292304721,0.06470251328373747,0.08577209502158953,0.024628468250020383,0.017842463775691375,0.09358681753330828,0.054814992455668524
2026-06-05,0.06385879575057594,0.019277970704900338,0.029984180315158725,0.04879739512877633,0.013114913662203173,0.011963127197423602,0.09623237924375799,0.12338372985184896,0.03212398507925557,0.03436704024378657,0.06373070111666083,0.08597415004550159,0.02482387488073538,0.0183081767780951,0.09384520171566324,0.05482619169537117
2026-06-08,0.018483596201521926,0.08812041615755792,0.04035049071778271,0.009524188824805147,0.06317258726642307,0.017540658089345604,0.05119632490819952,0.05319636248164177,0.089086299522618,0.07957902802075152,0.12066955513993934,0.012190894975594488,0.10167875199373959,0.023562272219344482,0.01385422631190607,0.055752501455329076
2026-06-09,0.018346507341348905,0.08790384389143859,0.039987858893847344,0.009259490491958726,0.06229071863283062,0.017369511160172473,0.05154616876291934,0.05398266035902123,0.0883537506762062,0.0786698511964275,0.12156395065767261,0.012061836030847185,0.10038447467511262,0.023529956593280218,0.013776684530237964,0.05543378499238051
2026-06-10,0.018258499212334998,0.0881290754325783,0.04036250914733571,0.009244207114366392,0.06251444954536557,0.017433731251496484,0.050796718367055044,0.05366040471702934,0.08869513503283595,0.07882630417664215,0.12147823574377672,0.012147114220996309,0.10059500745905148,0.023521562623744934,0.013800590220109127,0.05536975899955245
2026-06-11,0.017865580964995003,0.08741111343200636,0.039887262214841575,0.009288722886658028,0.06158270535511779,0.017148225984512457,0.05141387779854744,0.05265398468023142,0.08773114757150603,0.07785484454567584,0.11825124652056178,0.011934922434414123,0.09895190341721373,0.023190436656856068,0.013548424165056848,0.05422167793264988
2026-06-12,0.016642885790522782,0.08079870030319518,0.03738377524431147,0.008362136293339201,0.057244976136229635,0.015963645364385933,0.046710317768349045,0.05008490651394029,0.08159828798910254,0.07217207194806315,0.11278031809808779,0.011109630080201495,0.09225937593137076,0.02140791012064125,0.012706460163642843,0.05076826274577187
2026-06-15,0.02221578369067057,0.03512671390663151,0.03282658716006631,0.03395594772181694,0.036840271820548026,0.04041779409853324,0.07781150887133145,0.078195353183465,0.08303179033842742,0.04224315549088677,0.05675848795426053,0.03706697734030498,0.07440973896338621,0.03156605650069368,0.04229003791241783,0.06958309227922309
2026-06-16,0.02236078207000445,0.035035306302972524,0.03288053764918823,0.03315976246759568,0.03688254783005884,0.04039793685427131,0.07610942640980756,0.07919876614140611,0.08319703617044566,0.04236701505479325,0.057734367786367924,0.037141905875495373,0.0742066352216337,0.03227677892480121,0.042564018068232685,0.06980469846783657
2026-06-17,0.023244450296881977,0.036263737901808424,0.03415640206585577,0.03463734027341852,0.03828330738663785,0.042015410172562634,0.07777043634917766,0.08099520237406731,0.08638514514155625,0.04395420915119782,0.05927089968911214,0.03881371610391237,0.07784205624833002,0.03373129939139967,0.04411300321195683,0.0728600327252793
2026-06-18,0.022923487681628992,0.03586676933238514,0.033477091301887474,0.03406191975858681,0.037866029013386135,0.04128537579866007,0.07676854740903423,0.08100332909538738,0.08460661143863232,0.043075849924290824,0.05825485063930125,0.038117411175841893,0.07649646098920708,0.033388133721506,0.04345719852676301,0.07195231606115693
2026-06-22,0.0032856103910312287,0.009484251973144705,0.03366123782025566,0.059170427925800344,0.03131217072655319,0.06317487284159298,0.1204067287807406,0.09040379280804552,0.06589238172092658,0.052444423459815454,0.07573014610240815,0.05095230656329829,0.018799472888700222,0.0457944804904311,0.0555260870740094,0.02877693890264101
2026-06-23,0.0033363937698911994,0.00970514474744701,0.03459695504019421,0.060134640248864245,0.03191201972009811,0.06452278929628256,0.12058170389116654,0.09396065520530493,0.06705547555017598,0.0533514722935784,0.07866333929586407,0.05180728850582654,0.019177982993439213,0.045879580133956654,0.05676551524956463,0.029292886775901097
2026-06-24,0.003399757260161519,0.009886525610667832,0.03533705927301312,0.06291907972409447,0.03272193856287669,0.06620506077095589,0.12074309252086439,0.09345502728701209,0.0684844808549826,0.054880886263765714,0.07847138240049559,0.052979550085735426,0.019726739748850707,0.0474452631672747,0.0576339884495317,0.02979590927426331
2026-06-25,0.003400321143175508,0.009927866020210004,0.03564353064334718,0.06302956975409744,0.03282078337136328,0.06653308129036511,0.12006597623203932,0.0935855925897332,0.06901737729555413,0.05538232739258313,0.07913667870538998,0.05348500681262548,0.019825037514660943,0.04758345977074006,0.05787826628923052,0.029948019516934255
2026-06-26,0.0033316474944343503,0.00972579450874921,0.03495394702895665,0.06134119000740498,0.0321563301156496,0.06539813771444992,0.11892735027665839,0.09467329803593633,0.06759458121504694,0.054298626899339356,0.08055540264208509,0.052438770403679016,0.019373668683900315,0.046340047446135894,0.05702142132131604,0.02937840479786915
2026-06-29,0.04185699144016986,0.011983892126083256,0.05873637978579187,0.036139474671795346,0.05215895994857797,0.033831039442197744,0.05036384065270688,0.02592702698912654,0.032919162276838235,0.018567686449278004,0.02644673890598861,0.04533803137925067,0.04197489761699451,0.02817596857255452,0.018385275235913743,0.029677998566611314
2026-06-30,0.042761533706602156,0.012343106837206122,0.0603171612217707,0.0365211313687453,0.05344354930206433,0.034574882623468625,0.052296446445682605,0.02710592282484539,0.03399348999789859,0.018970770995364875,0.026982569976656642,0.0464280398220583,0.0428266159680479,0.029271811366720444,0.018836008068838762,0.03023929578180393
2026-07-01,0.04403743895794683,0.01276686210741352,0.06182180176179108,0.03743878047508285,0.054788137151262864,0.03544440369309314,0.054103906447210255,0.02823427596013341,0.03511851519208488,0.019570685908112975,0.027437659327370134,0.047750343930884495,0.044015984995183416,0.029770773170355036,0.019380040069513348,0.031180983605673233
2026-07-02,0.04561867237950134,0.013201500338513888,0.06395863660919307,0.0392089828487985,0.05668808211043821,0.03668165533815669,0.05476961735351007,0.02808149702791318,0.03632462572398001,0.020325634577893117,0.027799909578468184,0.0494273624703661,0.04564521084438689,0.031582627958881566,0.01997648326846603,0.032272397193109786
2026-07-06,0.06450217248944734,0.023743574865688448,0.07806826252147271,0.027131913658018893,0.048210169939691204,0.039366694400888136,0.09374171680105141,0.009290888080652865,0.07305527951113229,0.05371755309236448,0.06082949519717895,0.057761722074690804,0.04095601339859769,0.04646626735892434,0.021686801824543158,0.09770988257458871
2026-07-07,0.06381467600112962,0.023586585086053425,0.07685761826819576,0.026711442690933455,0.047491455712041476,0.03856072732252435,0.09467071452934364,0.009255627582072655,0.07175783851542515,0.05298879854891368,0.060053802949354855,0.05700378763459229,0.040297065307274275,0.04647125530273248,0.02144199616600461,0.09682962937337346
2026-07-08,0.06402085147412766,0.023766489659485832,0.0768857384602054,0.027368937116622468,0.0476299554428462,0.03900466379742865,0.09424327589220168,0.009133044130991986,0.07227837915727052,0.053524771146685364,0.05976670721348706,0.05748827339528364,0.040556509825575314,0.046424523012602165,0.02145401173046357,0.09714549975907456
2026-07-09,0.06378906527631562,0.02389066224308662,0.07730239336411221,0.027647535755361326,0.04769311472390312,0.03909875878313358,0.09682599432422179,0.009284135720378488,0.07260683198200744,0.05360175775828864,0.060030029851471406,0.05759078744136332,0.040616648087214345,0.04618955091656214,0.021456637528112173,0.09768761640579245
2026-07-10,0.06359026005499158,0.02364464328682719,0.07701859794390283,0.02687159099484621,0.047325026068411,0.038948310389848285,0.09453921265879822,0.00932253624259786,0.0721490669832407,0.052985582952724805,0.060479660586620985,0.05707397084329977,0.04022402787846149,0.0460060089740117,0.02135324312826552,0.09711485335265271
2026-07-13,0.015714188518870898,0.057082793367346125,0.06724756501981595,0.0031972228207011815,0.03503979360563052,0.02925573224926637,0.07033457870027911,0.04341093525030266,0.06556415801157547,0.057100219481083014,0.02151263638668104,0.06813187243670658,0.0405734486739344,0.04407482416138712,0.06551995092511118,0.15011939669951554
2026-07-14,0.015596576494029747,0.05745417228336252,0.06740019545152653,0.003255166457144861,0.035053761039011935,0.029163611617689447,0.0724051089405217,0.043029659567203865,0.06576415775830802,0.05726208859516431,0.021395247580968915,0.06836319278329024,0.04075968912491336,0.04402438819675396,0.06534575917122033,0.1497847493284334
2026-07-15,0.015538012866996478,0.05690391442837001,0.06709959437226293,0.0031806030342915316,0.034749782575942745,0.029013327162947647,0.07311203509426131,0.04318126609065586,0.06516361045245934,0.05619054761588988,0.021318676900265565,0.06750730248284749,0.04008263648319943,0.043938849330856206,0.06486097925596379,0.14888595959359008
2026-07-16,0.015523309644470122,0.057016274130244154,0.0674792161917058,0.0031604249071919394,0.03471423104014841,0.029022182091551732,0.07363863452491466,0.042308502983506156,0.06538749091583389,0.05579687156082586,0.02088456216809824,0.06762102670513384,0.04024692827104155,0.044080712066136875,0.06485455861789596,0.1494760015981948
2026-07-17,0.015557686967101012,0.0573951194243775,0.06862794312867486,0.0032510317948036024,0.034919268221275564,0.029134698022163837,0.07215910861384969,0.041561987856098985,0.06618844141312909,0.056547256048910186,0.02089378201750273,0.06830927312975518,0.04065244569686063,0.04346520861686488,0.06510276513903812,0.15003637609627266
2026-07-20,0.10103755831044861,0.09140021940251307,0.04026979335752637,0.09478177997171876,0.052369445006155715,0.04779113108429908,0.013537487251272982,0.03338183713351716,0.05695204738973507,0.05024426279249318,0.05475585134896137,0.058706527618657606,0.041056545545370124,0.0444715128491807,0.1344303685484088,0.08010880876747546
2026-07-21,0.10111168907292904,0.0918061670141924,0.04040504750723109,0.09487219722143897,0.05249290893325958,0.04772138489762105,0.013698327944119626,0.033584211121491424,0.05690284599424832,0.05036472350663906,0.05474453316557732,0.05874854417625638,0.041039473171751,0.04458960804311652,0.13470034178657575,0.08033581445586818
2026-07-22,0.0999150747380933,0.09082165378250877,0.039659449727287785,0.09183868470909354,0.051765463897169996,0.04700821583598078,0.01350258643792174,0.03396328193509063,0.055830439754210225,0.049377547593565024,0.05517277421949617,0.057818013511951295,0.040349628644909416,0.04466609810511002,0.1332900719396031,0.07905530677060274
2026-07-23,0.10024037155352669,0.09087336369458936,0.03940849979395361,0.0920483129107409,0.05180712976492982,0.046939172822316216,0.013637852349731189,0.03406239164340278,0.05582799319408308,0.04937414157963908,0.05541576710600175,0.05799557332302067,0.04062925746779567,0.043955579382537524,0.13323761596494524,0.07931360608114289
2026-07-24,0.10027151764521361,0.09175226321501657,0.03970096023562031,0.09303367169178048,0.05210359997170576,0.04729145194735617,0.01418355265168313,0.034678339085944886,0.056364691348069845,0.0498545825835351,0.05616858503553529,0.05842654345736913,0.04095589375681393,0.043801218531681806,0.13376828165113333,0.07955978020738035
2026-07-27,0.023845478343078277,0.048499736105985077,0.038480030669196995,0.06341636677811792,0.04388942120254437,0.027574460877625783,0.022255957385166694,0.016264902778297757,0.07714615882319804,0.09358035076696589,0.0108696629692722,0.21746045855970333,0.06684184703237027,0.017081470389051508,0.013668892066909372,0.09992127295434472
2026-07-28,0.023828650547476717,0.04834537876825369,0.03877681797026497,0.06304802161716945,0.04377760974047091,0.027453431002149583,0.02099852367703503,0.015936935641338863,0.07700842967973162,0.0938927800157614,0.010911269952892485,0.21775091571526167,0.06692558990631546,0.017096784010507307,0.013661768901316122,0.09993342808629278
2026-07-29,0.023555035829662445,0.04776195412674409,0.038704929165395974,0.06339243148410763,0.043419998685396116,0.027294829595635096,0.02059668064722821,0.015282162778176456,0.07673039086387247,0.09391708585981996,0.010727323096878405,0.21704605889904813,0.0668897275501168,0.016966321846331917,0.013510038597513145,0.09911623331761808
2026-07-30,0.023748918427451263,0.04835124462102501,0.03885106283618501,0.06557097585185123,0.04382725974890809,0.027437444774901298,0.021960449889924627,0.015268458521326548,0.07778355677027235,0.09564785532969469,0.010631226993152856,0.21939311715718993,0.06725659936822692,0.01719870045825284,0.013606622524976783,0.10023362430107655
2026-07-31,0.023611200010593233,0.04750485141816151,0.038381806833748394,0.06334207400045405,0.04330691801578466,0.027237313033105122,0.022060872149106313,0.015707832853680593,0.07718910264590724,0.09405141806950407,0.010719985271962874,0.21765050876665246,0.06699943916085041,0.01706631616940478,0.013522091732077045,0.10062210023255944
2026-08-03,0.03616401581243086,0.0326571662895221,0.06870867720814876,0.04866648609083827,0.026105597477862483,0.039279215515010964,0.08639680813743558,0.02966074118487258,0.139155241853043,0.04509325511287444,0.016494669870184338,0.08980261897413004,0.07233973423731108,0.04243056089343852,0.007334012582940727,0.050960054355353876
2026-08-04,0.03623150267442819,0.03235021821911956,0.06812765987288587,0.04795314936026608,0.026061767356808724,0.03929795196817137,0.0826504735483075,0.029477811686337604,0.13923384002741418,0.044955099992621456,0.01652563168345311,0.08965362495676682,0.07219316396165604,0.04299814256616761,0.00735394285368207,0.050934267845352044
2026-08-05,0.03624469419296844,0.031905236801505206,0.06741409094991506,0.04661746374831269,0.025770719542684846,0.038814823326228175,0.07858512199782444,0.029616931325286085,0.1373236764232806,0.044676869132021346,0.016587256680485597,0.08776529174687096,0.07169077709122704,0.042866820784708555,0.007275956421536066,0.05001931652441603
2026-08-06,0.03619897304557793,0.03170688847872951,0.06708478118433914,0.046476354821866614,0.025686184596114128,0.038649647757571196,0.07752495315794973,0.0292434971631761,0.1371575468137659,0.04457293615535142,0.016509552779208604,0.08780367482857933,0.07183219965543777,0.04256401427620142,0.007240044821229898,0.05003611140347892
2026-08-07,0.035762813280354536,0.03168093113861935,0.06628075686616205,0.04722599011716383,0.025506799386017465,0.03840660359510536,0.07869902896660369,0.028994452312590176,0.1367537786016974,0.044518279961576625,0.016319867923340215,0.08754740423378933,0.07140607110126482,0.04230803390401595,0.007174580534976703,0.049731390446630996
2026-08-10,0.040916180736476536,0.021853594866383684,0.026758323704303668,0.029760712571205872,0.07776771578101517,0.02547389679740576,0.02268351385603988,0.09756004981066556,0.06907622015122125,0.0957994891937554,0.04361789515378867,0.05652447347618955,0.10012738287608754,0.021792947236174233,0.04866656549518261,0.0973124392920591
2026-08-11,0.040765139300921724,0.021912914681820893,0.026550254220206775,0.03002784780857891,0.0775177805046822,0.025324799525237536,0.023600456232971585,0.0968440858240316,0.06895573576680522,0.09583271211354677,0.0433428544837512,0.056503620701814215,0.10004127510640698,0.022057852688356014,0.04841887484630126,0.09691407842279201
2026-08-12,0.04082299957631061,0.021919710654645548,0.026549121631112286,0.029562362784844913,0.07731024145758932,0.025280376047447477,0.023952569268408774,0.0973466006227394,0.06890565318959492,0.09591532122817327,0.04348810736859692,0.056732616286445506,0.10010210485076025,0.022126843833366678,0.04840560740284481,0.09704345757155841
2026-08-13,0.040282182357767565,0.021712870357409497,0.026339306646187013,0.029342676569196605,0.07669479918518118,0.024989210924306407,0.02338882690078274,0.09788085427859289,0.06798015874987606,0.09457020585640219,0.04340707823814726,0.05600741286076279,0.09890321559728846,0.021975519657983597,0.047930199541374015,0.09572535165400328
2026-08-14,0.040015336503064367,0.02150905002503882,0.026355810746477814,0.028824140485858255,0.07578096525690622,0.024870487062433867,0.02300053109924737,0.09709918822766743,0.06767158184371042,0.09398519022447673,0.04352705422395738,0.05542514922703592,0.09825368889628135,0.022001982076378983,0.0476906975026206,0.09466692787198706
