Date,^PUT,^SPX
1996-08-05,100.0,100.0
1996-08-06,100.13566653752616,100.32564780117012
1996-08-07,100.19381919737698,100.59524601912064
1996-08-08,100.2519619991739,100.35745822766837
1996-08-09,100.27779995839903,100.2832338991725
1996-08-12,100.35855713580162,100.83910746654774
1996-08-13,100.35210011050881,99.99546093594576
1996-08-14,100.41669993759854,100.27566262939567
1996-08-15,100.4393143132042,100.31050526161647
1996-08-16,100.44900478017034,100.75428890708211
1996-08-19,100.55883335847138,100.96179161942712
1996-08-20,100.62020960194164,100.82698788818702
1996-08-21,100.69450975405141,100.73308195608328
1996-08-22,101.05630033152634,101.5827836536008
1996-08-23,100.86571457582272,101.02995153647778
1996-08-26,100.64928100284011,100.55284136165264
1996-08-27,100.87540504278888,100.93452950151276
1996-08-28,100.83340973325095,100.69370025980824
1996-08-29,100.22289059827546,99.57136813861763
1996-08-30,99.61882848859277,98.7519515202074
1996-09-03,100.06137624347029,99.1654408420361
1996-09-04,100.15504747145849,99.30024457327619
1996-09-05,99.30225680427527,98.36572431629305
1996-09-06,100.47161915577601,99.3108480487756
1996-09-09,101.2856479550946,100.53466661637643
1996-09-10,101.38578606642949,100.54223788615325
1996-09-11,101.6506719742429,101.06781712989155
1996-09-12,101.89617694812398,101.6539757763741
1996-09-13,102.2579675255989,103.07620043915216
1996-09-16,102.33549126132814,103.59723137430659
1996-09-17,102.34841516996764,103.43971383373605
1996-09-18,102.38395345421279,103.21705933730776
1996-09-19,102.4259389056969,103.44880120637416
1996-09-20,102.50347249948003,104.05919900957808
1996-09-23,102.54546780901799,103.97588730844411
1996-09-24,102.58099623520928,103.84411578292662
1996-09-25,102.5648487429503,103.87744231228615
1996-09-26,102.63913903700619,103.88198137634038
1996-09-27,102.6908248135103,103.93196654811483
1996-09-30,102.75220105698055,104.10463587276865
1996-10-01,102.9007915031462,104.36969502666493
1996-10-02,103.13660601006114,105.1164034194406
1996-10-03,103.13983945173446,104.93010765809441
1996-10-04,103.53715845540069,106.24479995207636
1996-10-07,103.63083954144277,106.52954995411017
1996-10-08,103.58562064828531,106.12059969633572
1996-10-09,103.57269673964582,105.52989274126932
1996-10-10,103.58884423190477,105.20727714582176
1996-10-11,103.7923538962479,106.12362265752866
1996-10-14,103.860187165011,106.55983503321747
1996-10-15,103.86665404835769,106.41292096814634
1996-10-16,103.90864935789563,106.69160655873497
1996-10-17,103.94417778408692,107.08238207123321
1996-10-18,104.18644931629464,107.66248555080023
1996-10-21,104.14768744843003,107.51556224119942
1996-10-22,103.95710169272641,107.01877046276643
1996-10-23,104.05400636238792,107.12479597323086
1996-10-24,103.71483016051863,106.37050706614872
1996-10-25,103.61791563280323,106.16300435380373
1996-10-28,103.4725586283109,105.60865613381942
1996-10-29,103.80850138850685,106.25085511899195
1996-10-30,103.7665159370228,106.15998139261077
1996-10-31,104.1832158746213,106.82187122592082
1996-11-01,104.10569213889205,106.59467766543831
1996-11-04,104.50624458423161,107.04300037495817
1996-11-05,104.90357344595171,108.16534174067843
1996-11-06,105.33966417553641,109.74812539427926
1996-11-07,105.35904510946874,110.2115998878824
1996-11-08,105.49794508866823,110.6917330239005
1996-11-11,105.57870226607082,110.85076666733231
1996-11-12,105.6077736669693,110.50088895397043
1996-11-13,105.6465355348339,110.73868598995236
1996-11-14,105.67238335211293,111.45813226481367
1996-11-15,105.4010404190067,111.72167531584867
1996-11-18,105.39780697733336,111.63080158946752
1996-11-19,105.7854453720873,112.40931116421173
1996-11-20,105.766064438155,112.68043472955318
1996-11-21,105.79835942267293,112.49867803226124
1996-11-22,106.21506921832533,113.40442006846871
1996-11-25,106.45734075053308,114.66156516542905
1996-11-26,106.4024313904095,114.49949931627464
1996-11-27,106.46057419220641,114.35409210953516
1996-11-29,106.56394574521467,114.6600490625678
1996-12-02,106.68992181577468,114.5903730426558
1996-12-03,106.23445015225765,113.3362693959477
1996-12-04,106.42181232434183,112.85461091253867
1996-12-05,106.3378217052659,112.7455624408813
1996-12-06,106.06970235577916,112.02156785743611
1996-12-09,106.89666492179116,113.56043075070765
1996-12-10,106.81267430271521,113.22417947403811
1996-12-11,106.44441684189358,112.19272107922865
1996-12-12,105.36227855114213,110.46150725769542
1996-12-13,105.58515929136367,110.36154615867618
1996-12-16,104.51271146757834,109.20133919954216
1996-12-17,105.5367069565329,109.96773844045534
1996-12-18,106.18599781742688,110.80078149555791
1996-12-19,107.54272234101177,112.95458125608762
1996-12-20,107.59117467584251,113.42562701946761
1996-12-23,107.60732216810149,113.13027354193441
1996-12-24,107.89804603513997,113.75279092349903
1996-12-26,108.20492725249133,114.47829236527589
1996-12-27,108.2210747447503,114.62520643034702
1996-12-30,108.19200334385184,114.17990668202009
1996-12-31,107.5459459246312,112.19423718208998
1997-01-02,107.39412203679221,111.62928548660626
1997-01-03,108.32767973943189,113.29840380253403
1997-01-06,108.2824509882206,113.24084736098277
1997-01-07,108.69270375858018,114.0860007499164
1997-01-08,108.40520347516114,113.35595099955566
1997-01-09,108.7508465603771,114.33136905567515
1997-01-10,109.09648964559308,115.03567279098282
1997-01-13,109.26446102569105,115.03718889384412
1997-01-14,109.47120413170752,116.45335838970661
1997-01-15,109.51965646653832,116.20193491703232
1997-01-16,109.57134224304244,116.58816212094666
1997-01-17,109.75546111539936,117.56054797134354
1997-01-20,109.92989937884403,117.64082746675493
1997-01-21,110.34660917449641,118.55262466987794
1997-01-22,110.56949977277183,119.08425908053178
1997-01-23,110.01388999791995,117.77108288941109
1997-01-24,109.70055175527578,116.7047911069105
1997-01-27,109.35814211173313,115.87174805180791
1997-01-28,109.36459913702595,115.87174805180791
1997-01-29,109.99773264760708,117.00468364849795
1997-01-30,110.67932835107288,118.77224696058366
1997-02-05,110.05181762298484,117.11991827837407
1997-02-06,110.42832602393898,117.40132557017344
1997-02-07,110.9785984679428,118.81739079631689
1997-02-10,110.84665996232663,118.19588463380968
1997-02-11,111.08800873151334,118.82190977234552
1997-02-12,111.3647604268442,120.80530855811631
1997-02-13,111.4741706904147,122.16720118137991
1997-02-14,111.5288709119467,121.66457531712192
1997-02-18,111.6189740596228,122.83986729608118
1997-02-19,111.65759811191818,122.26802394533583
1997-02-20,111.69621234370702,120.80981834923435
1997-02-21,111.57392739603802,120.65482298239858
1997-02-24,112.27866658770374,121.93545670134239
1997-02-25,112.4106050933199,122.19880645884847
1997-02-26,112.04375025031297,121.24321754209433
1997-02-27,111.39049997453456,119.64656778810748
1997-02-28,111.13949764740066,119.00700409130702
1997-03-03,111.58680208013647,119.68268285669406
1997-03-04,111.35510686889695,119.02656795094317
1997-03-05,112.38485572512296,120.68792540029942
1997-03-06,112.09846029235146,120.17176097777677
1997-03-07,112.67769341019695,121.13636947676693
1997-03-10,113.33094368597534,122.44259235671844
1997-03-11,113.2923294541865,122.09497104420683
1997-03-12,113.012366453211,121.02953059635016
1997-03-13,111.9954824605769,118.81739079631699
1997-03-14,112.58115783072485,119.36064152027951
1997-03-17,112.95122397937646,119.74288076094544
1997-03-18,112.41381639896453,118.8324356799245
1997-03-19,111.98260777647839,118.2470537709145
1997-03-20,111.4098070904289,117.77753950946794
1997-03-21,112.15960276618591,117.9957362463302
1997-03-24,112.68091453634813,119.01753918379659
1997-03-25,112.75171056812982,118.74365433380099
1997-03-26,112.91260974758764,118.9588476048881
1997-03-27,111.55784140629478,116.45777807125182
1997-03-31,110.01320339119596,113.93563835263647
1997-04-01,110.470161381879,114.31486494261662
1997-04-02,109.15078614622371,112.88073299726929
1997-04-03,109.24088929389984,112.91233827473786
1997-04-04,110.37040467625567,114.05302151045345
1997-04-07,111.09445098381579,114.68957255656818
1997-04-08,111.71229833345006,115.29000853409634
1997-04-09,110.88849532026666,114.45932521696291
1997-04-10,110.59244632954797,114.11923553116571
1997-04-11,107.593283267533,111.00568860216886
1997-04-14,108.64556036580464,111.92063428939719
1997-04-15,110.32534819216436,113.57446929694966
1997-04-16,111.69299121755567,114.90025603653731
1997-04-17,111.25212903712234,114.63539995368835
1997-04-18,111.68333765960845,115.3231201369078
1997-04-21,111.33579975300249,114.42471647371926
1997-04-22,112.23039879796761,116.56762960235444
1997-04-23,112.13385339798899,116.42166300266533
1997-04-24,112.07593205030575,116.05146517983182
1997-04-25,111.75413369139015,115.17714435230808
1997-04-28,112.28832014565083,116.31933391336653
1997-04-29,113.08959491678858,119.49306956170409
1997-04-30,113.18291919061592,120.59011528702936
1997-05-01,113.20544743266161,120.1672511866589
1997-05-02,113.48541043363713,122.34025408250915
1997-05-05,113.58838826541171,124.94666535613
1997-05-06,113.58516713926046,124.56594162571758
1997-05-07,113.5915995710564,122.73904453212545
1997-05-08,113.65918429719339,123.43729980783439
1997-05-09,113.69779852898223,124.11749754925006
1997-05-12,113.76859456076392,126.05574331437701
1997-05-13,113.78790167665834,125.37404843252908
1997-05-14,113.81042991870399,125.81195741650708
1997-05-15,113.82651590844715,126.69079722005947
1997-05-16,113.1282091485774,124.86540645181022
1997-05-19,113.5272457915772,125.39511861750813
1997-05-20,114.2609456570845,126.65768561724806
1997-05-21,114.19014962530281,126.31006430473644
1997-05-22,114.11935359352113,125.75477216294149
1997-05-23,114.85305345902843,127.46580160897018
1997-05-27,114.96889615439487,127.8691018497045
1997-05-28,114.96889615439487,127.49288791041012
1997-05-29,114.83695764877868,127.02186732362067
1997-05-30,115.12336290205671,127.65390857861738
1997-06-02,115.12014177590547,127.36496966010364
1997-06-03,115.06865286001818,127.23254161867916
1997-06-04,114.8916676908172,126.42443481186763
1997-06-05,115.05578799642626,126.92404802543986
1997-06-06,115.91177280960257,129.11813029117974
1997-06-09,116.09197910495477,129.8555041012504
1997-06-10,116.24000360031413,130.21065704047635
1997-06-11,116.3333278741415,130.85774317908061
1997-06-12,116.44594944335671,132.9479900301788
1997-06-13,116.50709191719122,134.42425316057358
1997-06-16,116.57788794897293,134.51905980806865
1997-06-17,116.60363731716986,134.59730606170265
1997-06-18,116.63903042280741,133.79070558023403
1997-06-19,116.65512623305712,135.1345406692043
1997-06-20,116.61651200126828,135.24138873453177
1997-06-23,114.94637773285578,132.21963580234416
1997-06-24,116.69374046484594,134.8862449802164
1997-06-25,116.1756400003284,133.7801704877445
1997-06-26,115.8441880834656,132.9810924480796
1997-06-27,116.29471364235269,133.52584949738505
1997-06-30,116.07910442085637,133.2008046951954
1997-07-01,116.7259222648388,134.08716694055153
1997-07-02,117.6237326154486,136.0434794248824
1997-07-03,118.34777892300869,137.9832315153522
1997-07-07,118.30916469121988,137.2729440067215
1997-07-08,118.56660927065627,138.2586226906907
1997-07-09,118.15791906970927,136.5716760803268
1997-07-10,118.48293855477611,137.51071378813052
1997-07-11,118.71785489216688,137.94711644676562
1997-07-14,118.88196537726938,138.20294376246795
1997-07-15,119.02355744083278,139.31352804605785
1997-07-16,119.07182523056878,140.94328940285615
1997-07-17,119.09435347261447,140.1938649900425
1997-07-18,118.77577623985012,137.7394456174823
1997-07-21,118.79186222959326,137.3843018631669
1997-07-22,120.21099417087187,140.55051506970074
1997-07-23,120.3461538026393,140.93877042682752
1997-07-24,120.5971561297732,141.50158501042625
1997-07-25,120.61324211951634,141.27435032150672
1997-07-28,120.63254923541074,140.9222192178771
1997-07-29,120.84815845690709,141.80104983651887
1997-07-30,121.20857104761151,143.30590559369648
1997-07-31,121.30189532143886,143.6098893958177
1997-08-01,121.15064969992828,142.53091038969637
1997-08-04,121.51106229063271,143.0064407676038
1997-08-05,121.67839390188644,143.31794701152887
1997-08-06,121.80389997570664,144.51430917546716
1997-08-07,121.80389997570664,143.14037513437117
1997-08-08,121.40486333270684,140.48430104898847
1997-08-11,121.75562236546405,141.00498444753973
1997-08-12,121.54002296447428,139.4294048785319
1997-08-13,121.57541607011186,138.75071346245912
1997-08-14,122.00019226080201,139.16454879568298
1997-08-15,120.82240908871013,135.55891109491765
1997-08-18,122.02594162899891,137.31658151711179
1997-08-19,122.88513774781991,139.3511494399873
1997-08-20,123.67675896101045,141.35862187651222
1997-08-21,122.82078396834073,139.20667998073043
1997-08-22,122.73389212630931,138.9794452918109
1997-08-25,122.85617707397832,138.47080331109203
1997-08-26,122.30911593561915,137.39634328099933
1997-08-27,122.6373565468373,137.49867237029812
1997-08-28,121.9326173551716,135.98929763709188
1997-08-29,121.7620646177666,135.35725638209516
1997-09-02,123.86018638251394,139.58741289605345
1997-09-03,123.80869746662665,139.62954408110087
1997-09-04,124.01787425632705,140.08250713359703
1997-09-05,124.15624519373918,139.80862228360144
1997-09-08,124.55205089008116,140.13216994535887
1997-09-09,124.8127067751623,140.49634246682086
1997-09-10,124.09832384605595,138.3007630606487
1997-09-11,123.74755499279217,137.33163558562993
1997-09-12,124.7290458797887,139.0351242200336
1997-09-15,124.74835299568309,138.41212091709417
1997-09-16,125.5818095668137,142.30518202611972
1997-09-17,125.65582672474665,141.9078979018463
1997-09-18,125.70731564063395,142.55347771510765
1997-09-19,126.01301818929984,143.03804604507235
1997-09-22,126.53755108561333,143.77843250582876
1997-09-23,126.46997617998288,143.2517329908166
1997-09-24,126.06128597903587,142.1306136147372
1997-09-25,125.7040945144827,141.14192228008224
1997-09-26,126.30263474822254,142.24197147118264
1997-09-29,126.95588502400096,143.46392279612863
1997-09-30,126.56651175945493,142.5519805746754
1997-10-01,127.1618406875501,143.775419855143
1997-10-02,127.40318945673681,144.5353793604462
1997-10-03,127.76360204744124,145.22309954366563
1997-10-06,128.13366819609286,146.375815012303
1997-10-07,128.48442722885008,147.94537846484997
1997-10-08,128.35893097553642,146.54887709834267
1997-10-09,128.39432408117395,146.06430876837797
1997-10-10,128.39432408117395,145.51653906838678
1997-10-13,128.62280798676878,145.6850821783978
1997-10-14,128.7515253662337,146.0131488161839
1997-10-15,128.77726491392403,145.3269257733967
1997-10-16,128.83197495596258,143.75134620438888
1997-10-17,128.63567285036066,142.08245712831825
1997-10-20,129.54314657942422,143.80551880726875
1997-10-21,130.42809206644213,146.31411996761943
1997-10-22,130.33476779261477,145.74377375730631
1997-10-23,129.17951286256852,143.06513234651234
1997-10-24,128.74187180828648,141.70323972324874
1997-10-27,121.26971352144594,131.9743435791314
1997-10-28,126.69845026507107,138.72512430145153
1997-10-29,126.84004232863447,138.32031773537432
1997-10-30,125.10876558638746,135.99080396243482
1997-10-31,126.37021947435952,137.63711652818353
1997-11-03,128.86093562980417,141.30444927363246
1997-11-04,128.95103877748025,141.5708116818243
1997-11-05,129.015402377466,141.87178283325983
1997-11-06,129.06688147284672,141.15998899928624
1997-11-07,127.86979118486042,139.576877803564
1997-11-10,127.61235642593054,138.61677909569187
1997-11-11,128.06931441661357,139.01556954530815
1997-11-12,126.28332763232805,136.33391548382843
1997-11-13,127.72176668950104,137.9441037960799
1997-11-14,129.41120807380796,139.70328054361693
1997-11-17,131.14248481605492,142.3894535811253
1997-11-20,131.87363702627468,144.55862493991458
1997-11-21,131.96662746009977,145.17818182973923
1997-11-24,130.7897337965615,142.70299045710274
1997-11-25,131.33809550762473,143.32857371742347
1997-11-26,131.63953639824578,143.45218331683532
1997-11-28,131.80308682237597,144.01897496269817
1997-12-01,133.49307198823132,146.93884807398544
1997-12-02,133.3872515755865,146.47305103718426
1997-12-03,133.95485336167604,147.2403322089707
1997-12-04,133.80734285767207,146.68710219686545
1997-12-05,134.38135473996823,148.29853526638445
1997-12-08,134.5096349553523,148.0844841067033
1997-12-09,134.51283511025238,147.0910990342435
1997-12-10,134.25629425229707,146.18814632148744
1997-12-11,133.1307009312247,143.9496302994479
1997-12-12,133.26539124281544,143.71598193494742
1997-12-15,134.371734702455,145.2234026098739
1997-12-16,134.72448572194838,145.92434770337533
1997-12-17,134.78220594702734,145.5474925346437
1997-12-18,134.48397499771283,144.00389523560958
1997-12-19,134.13443391952597,142.71957907695688
1997-12-22,134.73731570076805,143.7627116078476
1997-12-23,133.8714731789576,141.5663985804119
1997-12-24,133.70472259992724,140.59712819050208
1997-12-26,134.2530843109905,141.16391983636493
1997-12-29,135.51977803986017,143.70994636388582
1997-12-30,136.27979036261942,146.3464328528073
1997-12-31,136.3182705126721,146.28462345281855
1998-01-02,136.56840127442078,146.9795421758239
1998-01-05,136.73836179475765,147.2855529891055
1998-01-06,136.56519133311426,145.70427017319813
1998-01-07,136.63895147831946,145.31535306290874
1998-01-08,136.55878123690763,144.1169517862291
1998-01-09,134.99706650002997,139.84190896027346
1998-01-12,136.35675066272478,141.57846052196973
1998-01-13,137.18090309317606,143.52453656505088
1998-01-14,137.3765235711523,144.40185650192598
1998-01-15,137.41500372120495,143.31500288310036
1998-01-16,137.30597336725364,144.94000678694258
1998-01-20,138.42193686440638,147.5161835680751
1998-01-21,138.05636565249972,146.34190617451102
1998-01-22,137.67475452046682,145.17063736591217
1998-01-23,137.49196402131028,144.34910045852976
1998-01-26,137.6426844666208,144.25262332719873
1998-01-27,138.56303727220373,146.07208118590282
1998-01-28,138.9221983879038,147.34434460356337
1998-01-29,139.30060936503654,148.55479862123516
1998-01-30,139.2941894824235,147.7694383379605
1998-02-02,139.9772415050774,150.9335128625406
1998-02-03,140.18889211677345,151.64651989759977
1998-02-04,140.26585241687874,151.7821914385694
1998-02-05,140.2113421331063,151.27569109936425
1998-02-06,140.42940284100897,152.62031696580593
1998-02-09,140.51278302372734,152.3610358254244
1998-02-10,140.65067349021817,153.60767566776957
1998-02-11,140.70839371529718,153.75841773526224
1998-02-12,140.756493902863,154.38098321005208
1998-02-13,140.76611394037616,153.77047967682003
1998-02-17,140.88797427314722,154.172958420867
1998-02-18,140.93287430581293,155.57786639340068
1998-02-19,140.96493457325252,155.0050575776074
1998-02-20,141.28882548020644,155.89894773320526
1998-02-23,141.62874652088016,156.49137215494912
1998-02-24,141.3689957216183,155.34875390776216
1998-02-25,142.0039475567064,157.20890586830464
1998-02-26,142.2861483723011,158.07869054191818
1998-02-27,142.3791388061262,158.17967595041424
1998-03-02,142.41120885997225,157.93245675159054
1998-03-03,142.635689450488,158.5836727877923
1998-03-04,142.53306919274326,157.87668292266355
1998-03-05,142.04242770675904,156.02558431871364
1998-03-06,142.9403304960091,159.13688439876628
1998-03-09,142.9852305286748,158.62739387572717
1998-03-10,143.3123215905288,160.42724532904634
1998-03-11,143.43739186460635,161.0633724375938
1998-03-12,143.501522185892,161.2819594761369
1998-03-13,143.4887019934787,161.08447853517853
1998-03-16,143.65866251381556,162.69139412696688
1998-03-17,143.70034281876832,162.86925946197468
1998-03-18,143.76448292646035,163.63353204879593
1998-03-19,143.7997629216129,164.26965915734334
1998-03-20,144.1076139084406,165.68965605753132
1998-03-23,143.95368352182354,165.14547940201865
1998-03-24,144.39301487893542,166.66797060346806
1998-03-25,144.02744366702876,166.10721452866696
1998-03-26,144.08195395080122,165.93687525635502
1998-03-27,143.83503313035905,165.1288815815989
1998-03-30,143.79655298030642,164.85152132972917
1998-03-31,144.3128446375236,166.0800728600205
1998-04-01,144.79386608599464,167.04482577219966
1998-04-02,145.35505777587753,168.83262448452666
1998-04-03,145.52501829621437,169.23811181353884
1998-04-06,145.63725859147226,169.03914038094635
1998-04-07,145.37429785090387,167.2558683469156
1998-04-08,145.27809747577223,166.0650023334975
1998-04-09,145.88738935322095,167.42469872646214
1998-04-13,146.07017985237744,167.27695604336907
1998-04-14,146.34276063045903,168.1904618049175
1998-04-15,146.48065109694986,168.72860288936846
1998-04-16,146.50951120948935,167.04784355773052
1998-04-17,147.1829431946301,169.2411295990697
1998-04-20,147.51645413909716,169.38132781833562
1998-04-21,147.7986549546919,169.83657180634438
1998-04-22,148.11612597903272,170.4199428714957
1998-04-23,147.58700434299584,168.76779729900704
1998-04-24,146.8558521327761,167.00714025532648
1998-04-27,145.0279667140235,163.78729190181934
1998-04-28,145.50577822118805,163.57172264880714
1998-04-29,146.29466044289322,165.00528118275267
1998-04-30,147.744134884513,167.5874935349469
1998-05-01,148.5426273573249,168.98185765925385
1998-05-04,148.6741077276091,169.1431435749732
1998-05-05,148.30853651570246,168.1527762880443
1998-05-06,147.60303447671566,166.5579318383794
1998-05-07,146.8975324377289,165.08367000202983
1998-05-08,148.43680694468014,167.0433168794342
1998-05-11,148.638837518863,166.81720377819522
1998-05-12,149.25133933761825,168.19649737597916
1998-05-13,149.63936056585774,168.65926742668384
1998-05-14,149.8959014238131,168.4346632182103
1998-05-15,149.2833996050578,167.1322495469381
1998-05-18,149.26095937513136,166.69358497821773
1998-05-19,149.67784071591038,167.2513416686193
1998-05-20,150.33844272223143,168.6894268808611
1998-05-21,150.2133822345603,168.02314031813637
1998-05-22,150.1396220893551,167.3945392722848
1998-05-26,148.77993792666032,164.9148396224833
1998-05-27,148.88896828061164,164.64500543330948
1998-05-28,149.4597800080077,165.45448959969974
1998-05-29,149.00120857586953,164.43245396582807
1998-06-01,149.09740895100114,164.45657784894365
1998-06-02,149.39563990031564,164.7942386080367
1998-06-03,148.22836627429055,163.21295579212935
1998-06-04,149.85101117755372,165.0369311285641
1998-06-05,151.50892628956305,167.9055570892206
1998-06-08,151.7366168213853,168.18593512662113
1998-06-09,151.97391760431432,168.59144085676465
1998-06-10,151.6179566435144,167.6673912469895
1998-06-11,150.03059173540373,164.99924561169092
1998-06-12,150.72967389177745,165.64140829130008
1998-06-15,148.1962962204445,162.3507155823429
1998-06-16,149.6297405283445,163.94556003200785
1998-06-17,152.16311819967746,166.88804813364527
1998-06-18,152.39079894509325,166.7765004757912
1998-06-19,152.10539797459845,165.9142602660048
1998-06-22,152.5864194230695,166.3001503901977
1998-06-23,153.5356323411919,168.75423566524944
1998-06-24,154.04551390220246,170.77267415711174
1998-06-25,154.00382381084324,170.23000639436447
1998-06-26,154.23792443887214,170.8209035222116
1998-06-29,154.53295523328654,171.6183349476097
1998-06-30,154.47522522180114,170.91738065354264
1998-07-01,154.94983657406556,173.13631787189414
1998-07-02,155.0107667404511,172.81372763932413
1998-07-06,155.24485758207354,174.45831034685432
1998-07-07,155.25768756089323,174.055840803373
1998-07-08,155.40199790999714,175.82253341811526
1998-07-09,155.4116179475103,174.64373854682057
1998-07-10,155.47254811389584,175.51350481930285
1998-07-13,155.56874848902748,175.6431407892108
1998-07-14,155.62005861789982,177.5108372135804
1998-07-15,155.65853876795248,177.09329714357608
1998-07-16,155.68098878428535,178.47709901852505
1998-07-17,155.62326855920637,178.89314859689526
1998-07-20,155.60402848418005,178.49367843781346
1998-07-21,154.18020421379322,175.62505247715694
1998-07-22,154.20264444371966,175.47581930242973
1998-07-23,152.0059876581603,171.80827142474092
1998-07-24,152.09577793708533,171.96655795606074
1998-07-27,152.81089022717885,172.94185471646665
1998-07-28,151.2106953402485,170.37471289079542
1998-07-29,150.57895344646693,169.61647587503592
1998-07-30,152.5992396154828,172.29063868026492
1998-07-31,149.8670413112735,168.9321194013886
1998-08-03,149.30905956269714,167.69149672897385
1998-08-04,143.9697234419497,161.61358466416823
1998-08-05,145.08568693910243,163.01700214506775
1998-08-06,146.3684108016919,164.2530797380549
1998-08-07,146.33955068915242,164.22593806940847
1998-08-10,145.685358779038,163.27476519211817
1998-08-11,143.55604225607078,161.14025236410555
1998-08-12,145.69497881655118,163.43756000060296
1998-08-13,144.52449524921954,162.03416092083472
1998-08-14,142.74792974574572,160.2011322278074
1998-08-17,145.62122845775235,163.35466290416076
1998-08-18,148.01350572128794,165.99715736244704
1998-08-19,147.68320471812743,165.52384346351568
1998-08-20,146.71475172497864,164.5500371947439
1998-08-21,146.03169970232472,162.98835158365586
1998-08-24,146.6923017086458,164.02847552958139
1998-08-25,147.1091830494248,164.7384647791097
1998-08-26,146.84623209526285,163.43303332230664
1998-08-27,143.63300255617605,157.1621669948389
1998-08-28,142.66775950433384,154.83320941253007
1998-08-31,134.47756490150618,144.3023707856297
1998-09-01,139.5924204317379,149.8768094973267
1998-09-02,138.96067853795634,149.30700006593298
1998-09-03,137.94091541593525,148.06790468741497
1998-09-04,136.99170249781284,146.80619431854677
1998-09-08,143.24498132793656,154.27847970822503
1998-09-09,141.46520588315624,151.67667015121148
1998-09-10,137.88960528706292,147.75586750363735
1998-09-11,141.98470748167995,152.1077902561047
1998-09-14,144.82914608114712,155.2221173222538
1998-09-15,146.2593804477406,156.42203669226458
1998-09-16,147.23425332350237,157.59781377802838
1998-09-17,143.52397220222474,153.5865695701849
1998-09-18,143.65545257250895,153.77047967682006
1998-09-21,144.12364404216032,154.34329769317898
1998-09-22,144.9349664937919,155.20855568849626
1998-09-23,146.75644181633785,160.70460558091605
1998-09-24,145.9643594397326,157.1817641996582
1998-09-25,146.11186994373656,157.48777501293978
1998-09-28,146.41331083435762,158.08168992631778
1998-09-29,146.67306163361948,158.13144658531436
1998-09-30,144.83876611866026,153.30619153278434
1998-10-01,142.61644937546154,148.69047016220483
1998-10-02,144.38981472403526,151.13399318789857
1998-10-05,143.36042177809455,149.01757787250548
1998-10-06,143.3636317194011,148.4191362808312
1998-10-07,142.03601761055234,146.32230896969173
1998-10-08,140.87514429432747,144.62796960316493
1998-10-09,144.27116433257078,148.38898602721952
1998-10-12,146.13111001876297,150.39687147028943
1998-10-13,146.3267207103328,149.9582069015691
1998-10-14,147.327253543734,151.57567554214978
1998-10-15,149.0172387095893,157.90080680577913
1998-10-16,148.40794683214057,159.2469415649862
1998-10-19,149.52712027059985,160.14686729164578
1998-10-20,149.74839091980905,160.37901596394647
1998-10-21,150.1267921105354,161.28195947613693
1998-10-22,150.906044508321,162.5723020052857
1998-10-23,150.4154030223368,161.39501602675642
1998-10-26,151.0792149699644,161.64372571721424
1998-10-27,150.726463950471,160.59154903029656
1998-10-28,150.99263463234593,161.00608971590134
1998-10-29,152.38438884888672,163.69534144878463
1998-10-30,152.9167204262301,165.61579391655042
1998-11-02,153.54525237870516,167.5648785445968
1998-11-03,153.52922224498536,167.4503131012119
1998-11-04,153.71200295773548,168.63063526640332
1998-11-05,154.10003397238142,170.91888954630815
1998-11-06,154.23792443887228,171.9982079018722
1998-11-09,154.18020421379327,170.36867731973373
1998-11-10,154.27640458892492,170.076246541341
1998-11-11,154.29564466395124,168.97733098095762
1998-11-12,154.34374485151704,168.48289258331025
1998-11-13,154.53295523328666,169.69335580154768
1998-11-16,154.7478059998828,171.2233914668243
1998-11-17,154.83118618260113,171.7434442392214
1998-11-18,154.87928637016697,172.5212784598002
1998-11-19,154.9145565789131,173.74681220456065
1998-11-20,155.16789728196832,175.39593999151845
1998-11-23,156.42176103201834,179.11322612707252
1998-11-24,156.18446024908934,178.32635695103244
1998-11-25,156.50514121473668,178.91123690894915
1998-11-27,156.8322322765907,179.734282709097
1998-11-30,155.4885782476157,175.40799273251062
1998-12-01,156.29349060304065,177.1641414990262
1998-12-02,156.12673023760394,176.5566465507593
1998-12-03,154.60670559208546,173.37448371412535
1998-12-04,156.64303168122754,177.3842190292034
1998-12-07,157.3902140251671,179.03634620056079
1998-12-08,157.23308348364995,178.08366443050505
1998-12-09,157.42870396162618,178.40172798477874
1998-12-10,156.7392320563592,175.61752641446114
1998-12-11,156.80337216405124,175.83458615910752
1998-12-14,155.00755679914468,172.02684006215284
1998-12-15,157.34853372021436,175.28739171806396
1998-12-16,157.53773431557752,175.15322906985975
1998-12-17,158.41639702980126,177.87262185578908
1998-12-18,159.2790296103052,179.08610285955737
1998-12-21,160.25390248606698,181.31858331053513
1998-12-22,160.55213343538153,181.42862207562376
1998-12-23,161.40193603706575,185.19266548577485
1998-12-24,161.35062590819342,184.85047804838558
1998-12-28,161.4211761120921,184.7328948194698
1998-12-29,161.78033722779213,187.1930156655833
1998-12-30,161.6424467613013,185.70368330271071
1998-12-31,161.5943465737355,185.29666867980183
1999-01-04,161.77713707289203,185.12632940748986
1999-01-05,162.14270828479872,187.64071518976496
1999-01-06,162.37038903021454,191.79515700127394
1999-01-07,162.3768089128276,191.4017224132539
1999-01-08,162.42811904169997,192.20969768687874
1999-01-11,162.43452913790662,190.5198849986482
1999-01-12,162.45376921293294,186.84630154989773
1999-01-13,162.46338925044614,186.07601179314605
1999-01-14,162.51148943801198,182.72801796136517
1999-01-15,163.18492142315273,187.41158430299512
1999-01-19,164.12451430376197,188.72906850079033
1999-01-20,164.45161515202238,189.4254961165611
1999-01-21,163.2715115471776,186.190577236531
1999-01-22,162.78407021609345,184.68766483876956
1999-01-25,163.76535318806188,186.01269350039195
1999-01-26,164.98714688426585,188.7758073742561
1999-01-27,164.52536551082113,187.3980226692376
1999-01-28,165.67982873083935,190.74448920712177
1999-01-29,166.31156083821452,192.89558145442277
1999-02-01,166.3789108872131,191.89465191813585
1999-02-02,166.135190221671,190.23498028295134
1999-02-03,166.55849144506308,191.75445369886995
1999-02-04,165.660588655813,188.19996237180067
1999-02-05,165.42326830007116,186.8297221306093
1999-02-08,165.96521991492773,187.48846422950686
1999-02-09,164.67288580123153,183.32346016863985
1999-02-10,165.52588855781588,184.4404640410771
1999-02-11,167.32171370912886,189.03658820683734
1999-02-12,166.52641160481062,185.43234022077144
1999-02-16,167.45960417561966,187.20205062104458
1999-02-17,166.94650288689618,184.5128172892926
1999-02-18,168.11057635802118,186.51014968357012
1999-02-19,168.39919705622896,186.80258046196286
1999-02-22,170.583033649375,191.76501594822795
1999-02-23,170.46438325791053,191.62030945179703
1999-02-24,169.7107712449515,188.9416199682717
1999-02-25,169.46065026960923,187.6768918138727
1999-02-26,169.13033948004227,186.66841781375862
1999-03-01,169.31633992050536,186.3413193040236
1999-03-02,168.84494829595386,184.73440371223526
1999-03-03,169.09827921260268,185.06602890026653
1999-03-04,170.49004321554992,187.92109322716547
1999-03-05,171.97479765232228,192.26698040857113
1999-03-08,172.3211190027962,193.36136929065825
1999-03-09,172.37564885938153,192.92572250746872
1999-03-10,172.59049962597766,193.98091697991725
1999-03-11,172.85025042523952,195.61497424035207
1999-03-12,172.86307061765277,195.14916800298528
1999-03-15,173.05228099942235,197.05907662252434
1999-03-16,173.11321116580785,196.92642286708553
1999-03-17,173.14206149194092,195.6360619368055
1999-03-18,173.18054164199356,198.45947631789304
1999-03-19,171.92668767835002,195.8576667608795
1999-03-22,172.0100678610684,195.51397043072475
1999-03-23,168.84494829595386,190.25759527330152
1999-03-24,169.4382002532763,191.22987424817657
1999-03-25,171.84009755432507,194.45575817274542
1999-03-26,171.50659639626443,193.37193154001636
1999-03-29,173.7321230807697,197.49774119124476
1999-03-30,173.3665420824566,196.07774429105677
1999-03-31,171.98761784473544,193.91007262446735
1999-04-01,173.0715210744486,195.018023140312
1999-04-05,175.4349382254447,199.14835946983672
1999-04-06,175.17197748487632,198.66146553601646
1999-04-07,175.83578943250393,200.01814414345023
1999-04-08,176.56374148782356,202.59432092458275
1999-04-09,176.75614223808685,203.2530630234803
1999-04-12,177.1088834711738,204.8026958935762
1999-04-13,177.0447629362946,203.47464944642297
1999-04-14,176.57977162154336,200.251783307385
1999-04-15,177.2596137028907,199.40914030241788
1999-04-16,177.452014453154,198.82878702279743
1999-04-19,175.5600084995222,194.37887824623357
1999-04-20,176.75293229678027,196.89477292127407
1999-04-21,178.4557474414553,201.4094904822262
1999-04-22,179.44024035473024,204.83132805385674
1999-04-23,179.35686017201186,204.53437059716774
1999-04-26,179.77374151279088,205.01524736105753
1999-04-27,179.91805186189475,205.4312969394277
1999-04-28,179.5396506711684,203.63897154880442
1999-04-29,179.36969993723798,202.42096386673984
1999-04-30,179.01693913133815,201.26780177132613
1999-05-03,180.15856258613027,204.19972762360553
1999-05-04,179.4659003123696,200.78843390020174
1999-05-05,180.11687249477106,203.0963037860571
1999-05-06,179.49154069719611,200.79597836402888
1999-05-07,180.23233251774187,202.74808077760608
1999-05-10,180.24836265146166,202.03960042084316
1999-05-11,180.81276428265113,204.34745190556725
1999-05-12,180.99234484050112,205.6121800599663
1999-05-13,181.22322574081704,206.14883065278318
1999-05-14,180.73899435103945,201.6627452521116
1999-05-17,181.16550551573803,201.9174905136311
1999-05-18,181.3033959822289,200.9874053327942
1999-05-19,181.69142699687484,202.6320064414557
1999-05-20,181.78762737200645,201.81799559676915
1999-05-21,181.49260636399848,200.53067085315126
1999-05-24,179.69038090288527,196.9671261694894
1999-05-25,177.76948547749473,193.61311516777812
1999-05-26,179.7705511442971,196.68222145379258
1999-05-27,177.76308516769453,193.16239785806562
1999-05-28,180.11366255346448,196.2420479923068
1999-06-01,179.7160212877118,195.09942974511983
1999-06-02,179.9501317021471,195.1823452426933
1999-06-03,180.44718328433797,195.8953522777525
1999-06-04,183.19863144997998,200.14778011335798
1999-06-07,183.94259406620657,201.16830685446422
1999-06-08,182.926040885492,198.57704114567738
1999-06-09,183.05432110087608,198.77452208663578
1999-06-10,181.72990714692742,196.38977227426864
1999-06-11,180.633183724801,195.00597039931966
1999-06-14,180.96668488286164,195.06023533548128
1999-06-15,182.02171821362887,196.13955369104534
1999-06-16,185.12590761235788,200.54875916520518
1999-06-17,186.09437039191306,201.97929991361985
1999-06-18,186.56257164797088,202.4224727595052
1999-06-21,187.0981033802144,203.35104904757662
1999-06-22,186.655562081796,201.37331385811842
1999-06-23,186.59142197410398,200.94822932428693
1999-06-24,185.43055844428554,198.34340198174252
1999-06-25,185.85706960898412,198.2725576262925
1999-06-28,186.92494270497747,200.69044787610522
1999-06-29,187.8100057290014,203.72035975248107
1999-06-30,188.65660817578558,206.92513757946523
1999-07-01,189.04784913173802,208.16875963627953
1999-07-02,189.30438998969336,209.7153747208445
1999-07-06,189.4166204985448,209.24807799184362
1999-07-07,189.55772090634218,210.41482012214615
1999-07-08,189.60904082162097,210.19776037749978
1999-07-09,189.7501412294183,211.53333288734885
1999-07-12,189.84634160454993,210.90322294873184
1999-07-13,189.875191930683,210.06812440759188
1999-07-14,189.93933203837508,210.76304313059723
1999-07-15,189.99384232214751,212.48903244293547
1999-07-16,190.5229737445908,213.86983493348484
1999-07-19,190.02592216239995,212.19207498624644
1999-07-20,187.5117747796869,207.5868974638937
1999-07-21,187.74267525281567,207.91703216029086
1999-07-22,186.07513031688677,205.1554271791921
1999-07-23,185.7544493512394,204.54793223092526
1999-07-26,184.82446672173688,203.16413035597628
1999-07-27,186.78384229718012,205.43731410935808
1999-07-28,187.16864379770666,205.82322263468228
1999-07-29,184.56792586378157,202.1496391859318
1999-07-30,182.9164306343853,200.2939955025543
1999-08-02,182.99018099318408,200.19301009405822
1999-08-03,182.2012987714789,199.30815489392165
1999-08-04,179.8956018455618,196.76813633576558
1999-08-05,181.02440510794068,198.03135559739917
1999-08-06,179.30555982954584,196.00840882837193
1999-08-09,179.1708597315487,195.63306255240573
1999-08-10,176.94854298834997,193.16541564359642
1999-08-11,179.73526136273813,196.25562802719566
1999-08-12,179.24141972185382,195.68732748856738
1999-08-13,183.46478255904208,200.1372362651312
1999-08-16,184.00352423259213,200.6030241013667
1999-08-17,185.8057496937053,202.62146259322898
1999-08-18,184.11898425556294,200.91505208457878
1999-08-19,183.0382909671563,199.5206879602718
1999-08-20,183.83678343996823,201.48335262320705
1999-08-23,185.36001802679326,205.04237062857266
1999-08-24,185.491488610671,205.53680902622
1999-08-25,186.34770130856188,208.2938873290225
1999-08-26,185.8153795176249,205.31220481774653
1999-08-27,185.3728382192065,203.24101028248808
1999-08-30,183.88808378243417,199.58551514579145
1999-08-31,183.94901394881967,199.04133849027875
1999-09-01,184.9559568784275,200.64823568093578
1999-09-02,184.0163639978182,198.84536644208578
1999-09-03,186.6587720231025,204.59316221162558
1999-09-07,186.49201165766576,203.56961768498851
1999-09-08,186.25150093343024,202.61995370046364
1999-09-09,186.68122203943537,203.14905982945328
1999-09-10,187.2199637129854,203.75202809942382
1999-09-13,187.18788387273298,202.6169359149327
1999-09-14,186.94737314849743,201.43512325810713
1999-09-15,185.8763096840104,198.67351827700838
1999-09-16,186.482401406559,198.75039820352015
1999-09-17,187.82284549422747,201.3039783954338
1999-09-20,188.0697565282632,201.32055781472224
1999-09-21,186.07513031688674,197.10730598762407
1999-09-22,186.51767161530512,197.54898834187526
1999-09-23,183.5706127580933,193.01165579057295
1999-09-24,183.5802230092,192.5518851242679
1999-09-27,184.57755568770108,193.44881146652787
1999-09-28,184.51341558000905,193.28147157861554
1999-09-29,183.01584095082342,191.1967154095995
1999-09-30,184.923877038175,193.35835150512725
1999-10-01,185.07781721119844,193.37344043278156
1999-10-04,187.4636843785274,196.658097570677
1999-10-05,187.51498472099334,196.1681858513259
1999-10-06,189.5513205965418,199.7935399349765
1999-10-07,189.07029914807077,198.62378001914308
1999-10-08,190.76027452751964,201.39441995570317
1999-10-11,191.12585552583272,201.27231004849108
1999-10-12,189.5737510400618,197.9303701889032
1999-10-13,185.94044979170235,193.78647222562094
1999-10-14,185.91157989275644,193.46539088581633
1999-10-15,182.6342298187905,188.0371675633157
1999-10-18,183.65399294081158,189.05014984059477
1999-10-19,184.30175518190651,190.13397647332386
1999-10-20,186.25471087473667,194.3713521835376
1999-10-21,186.14888067568543,193.4940230460969
1999-10-22,187.22957396409205,196.21341583202621
1999-10-25,186.9088929984447,195.0044615065542
1999-10-26,186.47919146525243,193.23776889181192
1999-10-27,187.14621335418659,195.46874045002426
1999-10-28,188.49305775165524,202.36217225228182
1999-10-29,188.6341581594526,205.45089414424692
1999-11-01,188.781678449863,204.12284769709368
1999-11-02,188.63736810075912,203.16111257044534
1999-11-03,188.83297879232893,204.2449576043057
1999-11-04,188.9323891087671,205.40717305631202
1999-11-05,189.10877929812344,206.55130019626444
1999-11-08,189.29476016577368,207.5733358301361
1999-11-09,189.28193997336044,205.80513432262842
1999-11-10,189.3845602311051,207.0381941300847
1999-11-11,189.44549039749063,208.24413067002584
1999-11-12,189.51924075628943,210.44497957632342
1999-11-15,189.6026209390078,210.19323369920343
1999-11-16,189.63789114775395,214.064279687781
1999-11-17,189.67958123911313,212.65333614418563
1999-11-18,189.70845113805905,214.7983928204249
1999-11-19,189.87519193068294,214.35521997453955
1999-11-22,189.9746022471211,214.19542455045436
1999-11-23,189.02860905671164,211.73833989100302
1999-11-24,189.87519193068294,213.61356237806854
1999-11-26,189.38456023110516,213.54422691538392
1999-11-29,189.27873003205391,212.21919825376156
1999-11-30,188.0761764108763,209.36717011352476
1999-12-01,189.02539911540512,210.69519815954666
1999-12-02,189.85595185565663,212.40160866819693
1999-12-03,191.62611704933022,216.05861269765902
1999-12-06,191.4176665925343,214.55570029989755
1999-12-07,191.07134524206037,212.42120587301622
1999-12-08,190.37866339548685,211.6237744476181
1999-12-09,190.8179947525987,212.26141044893097
1999-12-10,191.8602078909527,213.60754520813808
1999-12-13,192.07186828905515,213.33318434066797
1999-12-14,191.19320557483138,211.5167534680604
1999-12-15,192.21296869685253,213.0482796249711
1999-12-16,192.9922210946381,213.86983493348478
1999-12-17,192.9601412543857,214.20900458534328
1999-12-20,192.3476492220368,213.76581333832664
1999-12-21,193.52454288557507,216.07820990247828
1999-12-22,193.8195834663959,216.4852061242559
1999-12-23,195.01250726365396,219.83318155490554
1999-12-27,194.9419668461617,219.64626286330514
1999-12-28,195.1952977628105,219.73068725364402
1999-12-29,195.3460084217146,220.6049802044226
1999-12-30,195.2177477791434,220.75723116468063
1999-12-31,195.55124893720398,221.47778266356696
2000-01-03,195.48710882951195,219.36286704037366
2000-01-04,192.02054837377636,210.9514707149629
2000-01-05,192.4502694797815,211.35695804397508
2000-01-06,192.66833018768418,211.55894726209848
2000-01-07,195.65065925364215,217.29016361234977
2000-01-10,196.65439224194344,219.72163389705145
2000-01-11,196.02266013456833,216.85151744476076
2000-01-12,195.8591097104381,215.90032616633917
2000-01-13,196.894902966179,218.52776849923373
2000-01-14,197.6292749041117,220.8597438670734
2000-01-18,197.66133517155131,219.35081429938154
2000-01-19,197.8826058207605,219.46537974276646
2000-01-20,198.0621863786105,217.90820240884347
2000-01-21,198.02370622855784,217.27358419306145
2000-01-24,195.13436759642497,211.2695342692367
2000-01-25,196.15413071844605,212.5508418429242
2000-01-26,195.91682993551706,211.65542439342963
2000-01-27,195.5929390285632,210.8218347450551
2000-01-28,191.56518688294472,205.03333567311128
2000-01-31,195.03174733868028,210.20377754743018
2000-02-01,196.68966245068958,212.43778529230468
2000-02-02,196.80831284215407,212.41366140918907
2000-02-03,198.39568753667115,214.80291949872122
2000-02-04,198.63619826090667,214.71247793845194
2000-02-07,198.70354830990522,214.69288073363262
2000-02-08,199.9702420387749,217.32784912922304
2000-02-09,198.08784633624987,212.80407821167827
2000-02-10,198.49830779441584,213.57587686119535
2000-02-11,195.91361999421053,209.09733592435094
2000-02-14,196.68966245068958,209.52242045818244
2000-02-15,198.43737762803033,211.34792308851388
2000-02-16,196.4106715764014,209.1802514219244
2000-02-17,196.22788107724486,209.26918408942834
2000-02-18,193.77468343373022,202.9123844788563
2000-02-22,194.44810563246452,203.8289080259356
2000-02-23,195.65065925364217,205.11321498402268
2000-02-24,194.6950362393131,204.01884450306687
2000-02-25,193.3898623603908,200.99344090385597
2000-02-28,194.83613664711046,203.2078514439112
2000-02-29,196.6255419158104,205.97698248770578
2000-03-01,197.80885546196168,207.9019432326366
2000-03-02,198.29948716153947,208.2893606507262
2000-03-03,199.88686185605653,212.42120587301633
2000-03-06,199.194180009483,209.7244280774372
2000-03-07,196.6447819908367,204.34896079833277
2000-03-08,197.80885546196168,206.019176281744
2000-03-09,199.94779202244206,211.29363975122115
2000-03-10,200.0151224986278,210.2957280004651
2000-03-13,199.68804122318022,208.56973868812685
2000-03-14,198.09103670474357,204.88108471285335
2000-03-15,200.39033332086044,209.8540640473452
2000-03-16,201.27220597639072,219.852778759725
2000-03-17,200.93228493571704,220.75723116468086
2000-03-20,200.64045429620273,219.5754185078553
2000-03-21,202.5260599400343,225.18905162919089
2000-03-22,202.73451039683025,226.20957837029704
2000-03-23,203.43038261189741,230.23589310466352
2000-03-24,203.40153228576435,230.252472523952
2000-03-27,203.36303256289884,229.70980476120474
2000-03-28,203.11291158755657,227.27833447650318
2000-03-29,203.347002429179,227.39742659818432
2000-03-30,202.43948938882218,224.29214368806214
2000-03-31,203.30531233781977,225.89904087871915
2000-04-03,203.80878380262374,227.01302696562556
2000-04-04,203.25722193666041,225.31868759909872
2000-04-05,202.63189013908547,224.2092281904886
2000-04-06,203.4817025271762,226.31509045708938
2000-04-07,204.39884539145257,228.57773036224444
2000-04-10,204.22887508470927,226.78540497162118
2000-04-11,204.17436480093681,226.20203390646986
2000-04-12,202.8403405958814,221.16424578758975
2000-04-13,201.32671626016315,217.14545711591913
2000-04-14,191.0360554605014,204.49066791036418
2000-04-17,198.26421695279333,211.255954234348
2000-04-18,202.97823106237223,217.31126970993478
2000-04-19,202.58378016511324,215.17977466745305
2000-04-20,203.06159167227773,216.24553138925958
2000-04-24,203.04235159725138,215.54005041689624
2000-04-25,205.50838900599214,222.71235136378903
2000-04-26,204.73555649081968,220.2326517139875
2000-04-27,205.04341726405374,220.82507613573134
2000-04-28,204.75479656584596,218.94230918483873
2000-05-01,205.77776962917355,221.3270405960746
2000-05-02,204.58482625910267,218.01675068229812
2000-05-03,202.2919690984117,213.31509602861428
2000-05-04,202.3240293658513,212.48148797910846
2000-05-05,204.517495782917,215.95760888803187
2000-05-08,204.47580569155784,214.6823368854061
2000-05-09,203.67731321874595,212.86890539719812
2000-05-10,201.16637577733943,208.48382380615385
2000-05-11,203.83123381895655,212.2161988693622
2000-05-12,205.29353823939607,214.19844233598548
2000-05-15,207.3651443236907,218.93174693548073
2000-05-16,208.10912651273017,220.9939065152779
2000-05-17,208.07064636267754,218.2443726763026
2000-05-18,208.35924748807244,216.64800093274096
2000-05-19,207.31382440841193,212.08654449832304
2000-05-22,207.09255375920273,211.14742436202488
2000-05-23,205.36728859819485,207.0984946373082
2000-05-24,207.64413519797884,210.89569688603612
2000-05-25,206.69812243475653,208.25318402661856
2000-05-26,206.57947204329204,207.7255867903943
2000-05-30,209.92738210756306,214.42304654445894
2000-05-31,209.79270158237878,214.14417739982383
2000-06-01,211.19407583643275,218.3966236365606
2000-06-02,211.8931579928065,222.6852280962738
2000-06-05,211.9380580254722,221.23358125027437
2000-06-06,211.9156080091394,219.7578105211594
2000-06-07,212.2138389584539,221.79584621784096
2000-06-08,212.17214886709473,220.33516441638028
2000-06-09,212.30042908247876,219.62364787295522
2000-06-12,212.39341951630394,217.97302959436328
2000-06-13,212.69807034823148,221.50641482384788
2000-06-14,212.78145053094985,221.67224581899475
2000-06-15,212.84236112452254,222.9068145192165
2000-06-16,212.52489010018166,220.75572227191552
2000-06-19,213.52862308848296,224.00271229406906
2000-06-20,213.24321233158173,222.4877471553155
2000-06-21,213.46769292209746,222.9671150264399
2000-06-22,212.04065871040405,218.9046236679656
2000-06-23,211.32554642031053,217.29167250511554
2000-06-26,212.47679969902222,219.37644707526283
2000-06-27,212.57621001546045,218.65891336190737
2000-06-28,213.1085318063974,219.30256653315067
2000-06-29,212.57300007415387,217.4288529388506
2000-06-30,213.45808267099068,219.26940769457377
2000-07-03,214.70553632483407,221.52150375150214
2000-07-05,213.21757194675516,218.0076973257056
2000-07-06,214.02248430218012,219.58145407891706
2000-07-07,215.52647881397874,222.93244729509755
2000-07-10,215.65794939785656,222.43800889745012
2000-07-11,215.93694027214477,223.23091364455192
2000-07-12,216.38269151186967,225.04585402552536
2000-07-13,216.51095215444093,225.48600908587986
2000-07-14,216.789962601542,227.6175041283616
2000-07-17,217.00481336813806,227.69438405487335
2000-07-18,217.03047332577748,225.16945442437157
2000-07-19,217.04650345949722,223.3937084530367
2000-07-20,217.21645419342767,225.44530578347582
2000-07-21,217.16194390965518,223.12689204939372
2000-07-24,216.2191410877394,220.73010789716568
2000-07-25,216.9855732931117,222.26465183960732
2000-07-26,215.8599799720394,218.94080029207328
2000-07-27,215.23785811577096,218.51871514264135
2000-07-28,211.93805802547217,214.03715642026606
2000-07-31,213.0925016726776,215.6862658060926
2000-08-01,214.16037476867095,216.78216358094514
2000-08-02,214.68308630850123,216.8726051412145
2000-08-03,216.01069063094357,218.96190638965808
2000-08-04,217.20684394232103,220.52510089351154
2000-08-07,218.90644914568952,222.99574718672045
2000-08-08,219.4484007605461,223.52034503854514
2000-08-09,218.93850941312908,222.02346821184543
2000-08-10,217.90592609869472,220.1211040561335
2000-08-11,219.10526977856583,221.86819946605652
2000-08-14,221.02935557245002,224.84084702187124
2000-08-15,220.89467504726574,223.7660553446034
2000-08-16,220.72470474052247,223.07564489876307
2000-08-17,221.79899771912886,225.5206768172223
2000-08-18,221.53924691986703,224.86495250385553
2000-08-21,222.187009160962,226.03471241968896
2000-08-22,222.2607790925736,225.8312143088001
2000-08-23,222.68087037465912,227.0130269656257
2000-08-24,223.0207914153328,227.36577665237294
2000-08-25,223.11699179046448,227.0853802138411
2000-08-28,223.74232358803945,228.23705181762065
2000-08-29,223.61083343134885,227.59639803077692
2000-08-30,223.1747120155435,226.50351804145527
2000-08-31,224.12393472007236,228.7782290887338
2000-09-01,224.23937517023035,229.24401692496934
2000-09-05,223.82249382945133,227.18034845240683
2000-09-06,223.10415202523842,224.94485021589816
2000-09-07,224.03413465474094,226.49146530046323
2000-09-08,223.88342399583684,225.28401986775663
2000-09-11,224.03413465474097,224.49413290618568
2000-09-12,223.7904139891989,223.3982351313331
2000-09-13,224.30030533661588,223.8384085928189
2000-09-14,224.53118623693183,223.2294047517866
2000-09-15,223.79362393050548,220.95923878393563
2000-09-18,222.4179096340909,217.74842538588982
2000-09-19,223.5948032976291,220.06834801273735
2000-09-20,223.0079516501068,218.7779870824573
2000-09-21,222.98550163377396,218.43280026066842
2000-09-22,222.96626155874765,218.38304360167183
2000-09-25,222.47562985916983,216.92236180021115
2000-09-26,221.49434688720135,215.14058025781458
2000-09-27,221.5135869622277,215.04410312648355
2000-09-28,224.67228664472913,219.82565549220996
2000-09-29,222.92457146738838,216.54248884594867
2000-10-02,223.00155134030652,216.50027665077926
2000-10-03,221.7861579539028,215.02752370719512
2000-10-04,223.10096165674472,216.21235414955154
2000-10-05,223.45370288983162,216.5078211146064
2000-10-06,220.195592890892,212.39406420437015
2000-10-09,219.60553130206316,211.3449053029833
2000-10-10,217.42811459153012,209.08226539782822
2000-10-11,213.8974140281025,205.70111272747042
2000-10-12,208.64144830366703,200.45379092663978
2000-10-13,215.23143823315795,207.145233510774
2000-10-16,215.8599799720394,207.21306008069317
2000-10-17,211.896367934113,203.49726443677324
2000-10-18,210.60080430629742,202.3154517799477
2000-10-19,217.8193359746698,209.34455512317496
2000-10-20,216.45965181197496,210.57612443899706
2000-10-23,216.8156029863685,210.40276738115423
2000-10-24,217.13307401070932,210.7570075595357
2000-10-25,214.7183565172473,205.74785160093617
2000-10-26,214.13150486972498,205.67849773712027
2000-10-27,216.1806609376868,207.96073484709464
2000-10-30,217.62051534179346,210.83690527157836
2000-10-31,219.1277197948987,215.47071495421176
2000-11-01,218.90323920438294,214.23763674562414
2000-11-02,219.3329603103881,215.30790174459565
2000-11-03,219.3810507115475,215.0621914385374
2000-11-06,219.78511185991323,215.89127280974694
2000-11-07,219.8524619089118,215.84304344464704
2000-11-08,219.24637018636318,212.437785292305
2000-11-09,218.90002926307642,211.06000058728648
2000-11-10,216.81560298636845,205.91064640942102
2000-11-13,216.0940708136619,203.69172759220078
2000-11-14,219.39068053546703,208.4687348784997
2000-11-15,220.51627385653933,209.50284165449474
2000-11-16,220.14106303430668,206.8663459650076
2000-11-17,220.86901508962632,206.17293613476778
2000-11-20,218.758928855279,202.38931392092866
2000-11-21,219.29767052882906,203.1023209559878
2000-11-22,216.940673260446,199.33527816143712
2000-11-24,219.5991114194501,202.26118684378608
2000-11-27,220.52909404895266,203.34652236928062
2000-11-28,219.00585946212766,201.4049638039301
2000-11-29,219.858862218712,202.28531072690163
2000-11-30,216.37948157056317,198.21827428899982
2000-12-01,217.43772484263695,198.2604864841693
2000-12-04,219.0763998796199,199.72871274945712
2000-12-05,223.8577640381974,207.5024914746863
2000-12-06,222.2319091936277,203.72186864524676
2000-12-07,221.64826748741197,202.52951214019444
2000-12-08,224.4125358454673,206.50005304563393
2000-12-11,224.81980693513955,208.05419419289478
2000-12-12,224.3612355030014,206.69451620106142
2000-12-13,224.79414697750025,205.0077028972305
2000-12-14,222.83800091617638,202.13456865940898
2000-12-15,218.90002926307653,197.79620754069916
2000-12-18,219.43877093662655,199.3925608831295
2000-12-19,218.7493186041724,196.80883963816984
2000-12-20,214.36559571134762,190.64952096855617
2000-12-21,216.0716207973292,192.17502995553644
2000-12-22,219.16940988625794,196.861595681566
2000-12-26,220.08334280922784,198.25445091310755
2000-12-27,220.91391512229217,200.32415495673183
2000-12-28,221.6258174710792,201.12307687376406
2000-12-29,221.09028573883572,199.02174128545963
2001-01-02,218.09832684895815,193.44277589546635
2001-01-03,223.08491195021222,203.13398930293047
2001-01-04,222.51411000922258,200.99042311832528
2001-01-05,220.3623336835161,195.71595964884813
2001-01-08,220.58681427403184,195.34061337288196
2001-01-09,221.44944685453584,196.08528875488392
2001-01-10,222.83479097487003,197.9650379202457
2001-01-11,223.8064441229189,200.0075818940922
2001-01-17,224.2565062562691,200.43272087420553
2001-01-18,224.48314461812626,203.22180631267668
2001-01-19,224.60444182786773,202.40318235209494
2001-01-22,225.0991965084629,202.4574542386953
2001-01-23,226.3313002891362,205.09577830211398
2001-01-24,226.5643093846242,205.68375134551636
2001-01-25,226.4525974988777,204.6600757197937
2001-01-26,226.37279772838284,204.27411776598498
2001-01-29,227.07823471320938,205.66415163061998
2001-01-30,227.48040919131634,207.10542080630802
2001-01-31,227.56340406980954,205.9415474077399
2001-02-01,227.92410059103574,207.06622137651536
2001-02-02,227.14844915970934,203.4479483752554
2001-02-05,227.80280338129427,204.177646681021
2001-02-06,227.92729569903406,203.8685785007681
2001-02-07,227.59533566742704,202.15442240256073
2001-02-08,227.41019474481647,200.89405951554045
2001-02-09,226.09829119364827,198.2150269362995
2001-02-12,227.8794080437908,200.55937367976105
2001-02-13,227.16440521733512,198.82410878062782
2001-02-14,227.55703333617876,198.3899152843371
2001-02-15,228.8976538946003,200.00154554997397
2001-02-16,224.85660208898,196.22045688891308
2001-02-20,223.02440247559582,192.8147441759657
2001-02-21,220.1643716874072,189.2462342067055
2001-02-22,219.87710420304515,188.876857795734
2001-02-23,219.02163351885798,187.82756451448483
2001-02-26,222.4498480245058,191.11266076599495
2001-02-27,221.29434890632905,189.64875529986324
2001-02-28,218.45346928376458,186.93505054891833
2001-03-01,218.8907704674873,187.12953861185227
2001-03-02,217.94912927917443,186.06668195982505
2001-03-05,219.54831979707055,187.15668375689648
2001-03-06,221.7986694285533,189.02461940221548
2001-03-07,223.05311948284907,190.2442737734135
2001-03-08,223.42020622007192,190.67394001161549
2001-03-09,218.20448464828482,185.95210184250607
2001-03-12,208.59979518164457,177.92254953493108
2001-03-13,212.40783789177686,180.5608735983498
2001-03-14,206.67821047377052,175.89479799838213
2001-03-15,208.07310890343192,176.92752814028228
2001-03-16,204.38955851103938,173.4554892559861
2001-03-19,206.3239041685409,176.51293435888792
2001-03-20,204.09907643631314,172.26296162634418
2001-03-21,202.2477256573048,169.17537160982718
2001-03-22,201.42738167873344,168.48789090591347
2001-03-23,204.44381689991351,171.84233150083153
2001-03-26,206.24729950604438,173.78112057558803
2001-03-27,208.50084424552554,178.22558137106572
2001-03-28,206.44200627028417,173.87159212341007
2001-03-29,206.17706557717867,173.06651313011824
2001-03-30,207.1570090967399,174.93293968940768
2001-04-02,205.80360810632507,172.75293609526477
2001-04-03,201.44016211072682,166.8114251514692
2001-04-04,201.17522141762137,166.32748702666692
2001-04-05,207.329389069723,173.59266885677243
2001-04-06,204.95772274613287,170.12366654802358
2001-04-09,206.44839648628084,171.50462749299297
2001-04-10,209.4488561674693,176.14657611997555
2001-04-11,209.79998684706632,175.7711817683739
2001-04-12,211.06719785098963,178.4260873746298
2001-04-16,211.33852876009175,177.85018701946407
2001-04-17,211.8300883326886,179.6789232349904
2001-04-18,212.06948764417325,186.66670928797598
2001-04-19,212.1875897459164,189.00801945589026
2001-04-20,211.88434672156268,187.39337101819422
2001-04-23,210.37134619015805,184.58619495085628
2001-04-24,209.42650989384686,182.34135586790603
2001-04-25,211.28744599685015,185.24803959575533
2001-04-26,211.98010254968338,186.11793567436635
2001-04-27,213.49629818908636,188.91154837092628
2001-04-30,213.45162512420725,188.37030178397634
2001-05-01,214.49858798227,190.93022698780965
2001-05-02,214.6869240128789,191.07949768032074
2001-05-03,213.88253609193333,188.23763103779066
2001-05-04,214.9646256556119,190.9558630468243
2001-05-07,215.0444254261068,190.48850646485917
2001-05-08,215.26147846396898,190.1402388548136
2001-05-09,215.21039570072736,189.28694272252795
2001-05-10,215.41468778896208,189.23267083592762
2001-05-11,215.19763475109988,187.79892868689933
2001-05-14,215.60302381957098,188.28890315581995
2001-05-15,216.03073967929873,188.3672836119172
2001-05-16,216.66596221762538,193.72685785642872
2001-05-17,216.76171804574605,194.25452266911245
2001-05-18,216.77447899537356,194.77766022370744
2001-05-21,218.3225867500281,197.92404938491353
2001-05-22,218.13746530978335,197.40393000237765
2001-05-23,217.02983436448403,194.33895787281617
2001-05-24,217.6299301971949,194.9600940018929
2001-05-25,216.77128388737526,192.6564557742536
2001-05-29,215.9732861824263,191.15487836784695
2001-05-30,213.65272210444365,188.16225035026437
2001-05-31,214.67414358088556,189.3291419208916
2001-06-01,215.71154059731916,190.06034931268675
2001-06-04,216.62126967038043,191.0312437343505
2001-06-05,218.6641321056302,193.5127700785984
2001-06-06,217.42246248332773,191.47147357475953
2001-06-07,218.26195762752326,192.51623959792
2001-06-08,217.0170734148566,190.70710309729
2001-06-11,215.65408710044682,189.11356346051988
2001-06-12,216.07223711854547,189.3336691789803
2001-06-13,213.8889263079301,187.18531958448224
2001-06-14,209.965957121687,183.90927784914962
2001-06-15,207.75071471345422,183.0785812003313
2001-06-18,207.62624187808018,182.18457655222338
2001-06-19,208.19760122117194,182.81022153590067
2001-06-20,209.00518425011586,184.40227049012933
2001-06-21,210.18940037554592,186.4978572840567
2001-06-22,209.52546082996597,184.73544723987916
2001-06-25,209.48398287308524,183.71780795827482
2001-06-26,209.27330056885384,183.44041218115493
2001-06-27,209.23180312960721,182.58257038729238
2001-06-28,210.28198057803417,184.8635907279762
2001-06-29,210.6203308256379,184.58921312291545
2001-07-02,211.2331876079762,186.44960333808655
2001-07-03,211.32574832809854,186.10737207215928
2001-07-05,210.639481991262,183.814297446727
2001-07-06,208.33804959653764,179.49498037077532
2001-07-09,209.3690563969746,180.72972560226913
2001-07-10,207.7507147134543,178.12758279658397
2001-07-11,207.54005189158877,177.9255677069903
2001-07-12,210.7160866537586,182.1408498643419
2001-07-13,211.52365020033668,183.27759652135398
2001-07-16,210.92355436762583,181.28300807047935
2001-07-17,211.78539578544377,183.09063548507976
2001-07-18,211.6832497413264,182.07601437553456
2001-07-19,212.50039861189944,183.17808886084265
2001-07-20,212.4557255470204,182.54940730161798
2001-07-23,210.95548596524324,179.5613249456123
2001-07-24,208.8551505507553,176.6395687609554
2001-07-25,211.04485157736735,179.47990791396776
2001-07-26,212.58339349039272,181.35538898943466
2001-07-27,212.94089490362057,181.7910731682668
2001-07-30,213.0398458397396,181.59509442279145
2001-07-31,213.7835851558144,182.6066973602775
2001-08-01,214.36452982290115,183.31528686511714
2001-08-02,214.6741435808857,184.04194859533538
2001-08-03,214.64223146563407,183.07707211430179
2001-08-06,213.78358515581445,180.98601257846317
2001-08-07,214.34857376527532,181.5770037939247
2001-08-08,212.33760396291137,178.43061463271863
2001-08-09,212.57382764876357,178.415542175911
2001-08-10,213.6527221044438,179.43016328545622
2001-08-13,214.15067189303733,179.60052437540506
2001-08-14,213.78358515581445,178.91304367149138
2001-08-15,212.6408469872652,177.59991798390033
2001-08-16,213.37500097934506,178.14869159750998
2001-08-17,211.23638271597463,175.18019055291248
2001-08-20,212.43018416539968,176.60338750322185
2001-08-21,211.3544848177178,174.47011036553138
2001-08-22,212.37592577652555,175.68374679609926
2001-08-23,212.24504324278905,175.19828118177924
2001-08-24,214.14747678503892,178.64168423848972
2001-08-27,214.03894052492493,177.7793151865384
2001-08-28,212.78449047062912,175.1108462095045
2001-08-29,211.5587769059525,173.15849376396994
2001-08-30,209.03390125736925,170.21411969235754
2001-08-31,209.9148938408114,170.9000729067535
2001-09-04,209.69464569495085,170.80358341830132
2001-09-05,209.83509407031647,170.6226771296336
2001-09-06,206.2887969452913,166.80238903878
2001-09-07,202.80632405076938,163.69369022133705
2001-09-10,204.1214227099359,164.71283858897098
2001-09-17,194.46565048005402,156.60639650784015
2001-09-18,193.38038529074296,155.6973009994364
2001-09-19,189.8628051729711,153.1886295101443
2001-09-20,184.34066495119777,148.43060088155727
2001-09-21,176.52028744269842,145.60533418535252
2001-09-24,179.90059481073712,151.28150363677665
2001-09-25,180.66348529243606,152.611220068949
2001-09-26,180.64113901881362,151.82273182023846
2001-09-27,181.38807344288676,153.56704203380517
2001-09-28,182.35523653045465,156.93353691347164
2001-10-01,182.55633351069102,156.57323342216577
2001-10-02,182.9393763055397,158.4999498086857
2001-10-03,183.2234681642693,161.6584116581284
2001-10-04,183.16281955939854,161.25889033354164
2001-10-05,183.11173679615692,161.52272273988353
2001-10-08,183.14366839377442,160.17490647710034
2001-10-09,183.19792678264847,159.31708308672597
2001-10-10,183.70865700323532,162.97153734571944
2001-10-11,183.8490858962351,165.45006392139635
2001-10-12,183.794827507361,164.57865875675571
2001-10-15,183.97357821397492,164.32688063516233
2001-10-16,184.06933404209565,165.46664546423355
2001-10-17,184.04061703484237,162.3835643023171
2001-10-18,184.1299826469664,161.10511078643
2001-10-19,184.95352173353612,161.83931794679611
2001-10-22,186.5942096906789,164.31482635041385
2001-10-23,186.4601515313099,163.54292884628458
2001-10-24,186.79211156291694,163.60623684557422
2001-10-25,187.6890602039849,165.85107592852447
2001-10-26,188.19340020857504,166.53252028831983
2001-10-29,186.98362321915835,162.5659980805025
2001-10-30,185.53446640062282,159.77540355600172
2001-10-31,185.66215382636096,159.77389446997213
2001-11-01,187.475202274121,163.4404030137141
2001-11-02,188.11360043808017,163.90775959567915
2001-11-05,189.0743927920172,166.2656697099188
2001-11-06,189.7670493448504,168.6808698828179
2001-11-07,189.76385423685207,168.21954964497107
2001-11-08,190.01601449796425,168.63263434033587
2001-11-09,190.22669680219562,168.89948491873685
2001-11-12,190.1820042549507,168.60096193720287
2001-11-13,190.5363105601802,171.73076955557178
2001-11-14,190.52674471855104,172.05038293454353
2001-11-15,190.61291522267675,172.20567156768476
2001-11-16,190.4405547320595,171.664443384223
2001-11-19,191.57370757661377,173.53539720160117
2001-11-20,191.28963520025002,172.26899797046252
2001-11-21,190.90659240540134,171.42021069277746
2001-11-23,192.275949453442,173.42683502491235
2001-11-26,192.78028945803212,174.4942373385165
2001-11-27,192.2663836118128,173.30020062284495
2001-11-28,190.46290100568194,170.1372299188017
2001-11-29,191.74608754959687,171.89811247346148
2001-11-30,191.97909664508487,171.7850414421721
2001-12-03,191.11725522726687,170.34528135251364
2001-12-04,192.8217868972787,172.59162952149347
2001-12-05,194.3188313710575,176.44357161199187
2001-12-06,194.26137787418511,175.95359714307125
2001-12-07,193.97089579945884,174.62841717073172
2001-12-10,192.84093806290286,171.8574223611273
2001-12-11,192.79944062365627,171.37950217695516
2001-12-12,193.05799110076507,171.4262286334076
2001-12-13,191.136406392891,168.75926874240326
2001-12-14,192.0237891923298,169.3185875547318
2001-12-17,193.67084788310333,171.01767119613154
2001-12-18,194.76250328841104,172.30819740025524
2001-12-19,195.4009014523702,173.30925513902238
2001-12-20,195.2125849041271,171.8574223611273
2001-12-21,195.80629052084132,172.60519289227148
2001-12-24,196.1254896028209,172.56901163453796
2001-12-26,196.7096293779059,173.28060090794855
2001-12-27,197.22673033212354,174.45051065063498
2001-12-28,197.51719292448396,175.03697460800777
2001-12-31,196.67452215465596,173.0861128450146
2002-01-02,197.3767445491183,174.07964355712207
2002-01-03,198.22262990931048,175.6777104519809
2002-01-04,198.6695164170282,176.76922133508188
2002-01-07,198.5258729336642,175.6204203933214
2002-01-08,198.49394133604673,174.99022974806718
2002-01-09,198.30242967980536,174.15049698655955
2002-01-10,198.54821920728668,174.36307567836025
2002-01-11,198.0949424835723,172.7122275794425
2002-01-14,197.91619177695839,171.62826212648937
2002-01-15,198.84826712364213,172.80117163774676
2002-01-16,197.46612964360816,169.9939955704088
2002-01-17,199.062125053506,171.69911555592685
2002-01-18,197.11501844637698,169.99550465643836
2002-01-22,196.58513706016603,168.74872354368426
2002-01-23,197.7917189415844,170.0859762042604
2002-01-24,198.20667385168466,170.68449444638162
2002-01-25,198.37583923430358,170.8548555363305
2002-01-28,198.68547247465403,170.8216924506561
2002-01-29,195.01787813988736,165.9340020461984
2002-01-30,196.77664871640746,167.88333631967382
2002-01-31,198.6567359850349,170.39049872293634
2002-02-01,198.2545420245621,169.18440772251637
2002-02-04,194.59653301379043,164.99927047878
2002-02-05,194.01878345470206,164.33291697928038
2002-02-06,193.2431320233756,163.35145895540958
2002-02-07,192.63025575867144,162.84792111571093
2002-02-08,195.48070122286504,165.2676301432106
2002-02-11,198.1843275780622,167.63759454219868
2002-02-12,197.63211940059463,166.96822287063995
2002-02-13,199.39408508511306,168.628107082247
2002-02-14,199.33343648024228,168.32205707405325
2002-02-15,198.5386338832917,166.46770320300044
2002-02-19,196.4606447424262,163.32582289639495
2002-02-20,198.43968294717266,165.5329716355821
2002-02-21,196.45107890079706,162.96550100160093
2002-02-22,197.68957289746706,164.30577183423617
2002-02-25,200.0037662418189,167.25920042202605
2002-02-26,200.02928814107386,167.25165499187818
2002-02-27,200.37083349667589,167.328544765434
2002-02-28,200.1601706748103,166.8521336672914
2002-03-01,201.98598007219783,170.62871347375173
2002-03-04,202.83186543239003,173.95449983759593
2002-03-05,202.79356310114173,172.79364461108696
2002-03-06,203.13830356474205,175.30080701434952
2002-03-07,203.17660589599038,174.51232796738307
2002-03-08,203.36811755223175,175.5329854210466
2002-03-11,203.47345870434745,176.12848549110868
2002-03-12,203.50537081959908,175.7244369084332
2002-03-13,203.53410730921823,173.99219018135906
2002-03-14,203.57879985646315,173.83390177964685
2002-03-15,203.87565266482025,175.8118902841961
2002-03-18,203.82456990157866,175.71992805383266
2002-03-19,204.42466573428945,176.43453549930246
2002-03-20,203.074459851873,173.65448617352055
2002-03-21,203.3872687178559,173.91680949383286
2002-03-22,203.074459851873,173.1795841614076
2002-03-25,201.33162585061285,170.64227684452982
2002-03-26,202.2381598156758,171.6403164112378
2002-03-27,203.07126474387468,172.55844803233083
2002-03-28,203.4032247754817,172.98209632990265
2002-04-01,203.39046382585423,172.85395284180564
2002-04-02,202.39456424866722,171.37950217695504
2002-04-03,200.68366184502455,169.6668551647773
2002-04-04,200.9645585957558,169.80856202365234
2002-04-05,200.6325790817829,169.26431566813142
2002-04-08,201.16563609362638,169.6502736219401
2002-04-09,200.06441484668954,168.52107239507595
2002-04-10,202.2253793836824,170.43120723875867
2002-04-11,197.8236310568359,166.39381319801564
2002-04-12,198.81953063402287,167.4973967693533
2002-04-15,197.7023338470944,166.22196142552542
2002-04-16,202.12323333956502,170.1146120318461
2002-04-17,201.97002401457192,169.76785350783007
2002-04-18,201.4976156075992,169.52663898844372
2002-04-19,202.49032007678784,169.63218299307337
2002-04-22,201.01242676863316,167.01796749915158
2002-04-23,200.1729316244376,165.98223758868048
2002-04-24,199.21852948649723,164.80329173330475
2002-04-25,199.02701783025583,164.55302269774094
2002-04-26,196.82773147964883,162.26747509896842
2002-04-29,195.16469724888358,160.6286996882873
2002-04-30,197.19799384250416,162.35794664679045
2002-05-01,198.80996479239363,163.79619765041932
2002-05-02,198.61523854578806,163.50976576061007
2002-05-03,197.0256333518869,161.83179092013626
2002-05-06,193.41229740599434,158.7019833017674
2002-05-07,192.7770943500335,158.22255403156566
2002-05-08,199.52177251085098,164.15651954521334
2002-05-09,197.04797962550936,161.76846451735847
2002-05-10,194.05708578595008,159.05174159435438
2002-05-13,197.47251985960463,162.0021520100851
2002-05-14,201.4752693339767,165.42744603444064
2002-05-15,200.6581204634036,164.49120538099268
2002-05-16,202.04662867706838,165.57066197934523
2002-05-17,203.0680696358762,166.83102486636554
2002-05-20,201.95406795694603,164.6133309284595
2002-05-21,200.84643701164669,162.80419442782957
2002-05-22,201.51037655722664,163.72987147907048
2002-05-23,202.73930471226743,165.39728271733722
2002-05-24,201.6795614222114,163.39818541186207
2002-05-28,200.84963211964504,162.00064292405548
2002-05-29,200.02611251544113,160.96189484152518
2002-05-30,199.78988882958896,160.5096107163677
2002-05-31,200.26551182692583,160.88349598193977
2002-06-03,195.91163167295673,156.89435588716694
2002-06-04,195.96908516982916,156.89584656970834
2002-06-05,197.78532872558753,158.28437134831378
2002-06-06,194.38904581755716,155.1560728159745
2002-06-07,194.2294462765674,154.91184012452896
2002-06-10,194.7337862811575,155.39577824933127
2002-06-11,191.67585362073086,152.81172607251293
2002-06-12,192.9175427253992,153.81580198333924
2002-06-13,190.97680685190096,152.20265342992872
2002-06-14,190.60654448904563,151.85741319368634
2002-06-17,196.07123121394653,156.21442061340113
2002-06-18,196.1925284236881,156.3606547303649
2002-06-19,192.9303036750267,153.77509346751694
2002-06-20,190.40225240081094,151.70966078894892
2002-06-21,186.5622780930612,149.12410872784503
2002-06-24,187.2581492362586,149.66382782527722
2002-06-25,185.52488107662762,147.16421085216257
2002-06-26,185.28230613951044,146.77072587169414
2002-06-27,187.47839738211914,149.35025079042376
2002-06-28,187.62202138311727,149.22662535867144
2002-07-01,185.3461303700137,146.03500962529841
2002-07-02,182.2403295367096,142.93535612228885
2002-07-03,183.27453144514485,143.82484271405212
2002-07-05,188.3657606991921,149.1075271850078
2002-07-08,187.07620342164637,147.29084525422996
2002-07-09,183.62246701674357,143.64996356775862
2002-07-10,177.72684984175075,138.77131847773433
2002-07-11,179.38349385651932,139.8115756462942
2002-07-12,178.17373634946847,138.91002556803835
2002-07-15,177.40765075977117,138.38838789772885
2002-07-16,174.4167569202119,135.826953607866
2002-07-17,175.50843180788544,136.59583293993606
2002-07-18,170.29271023609834,132.90519742320902
2002-07-19,165.0961398299354,127.80795570075392
2002-07-22,162.0190657450675,123.60170965609163
2002-07-23,158.900494220953,120.26235071972526
2002-07-24,165.137637269182,127.15666545631781
2002-07-25,164.86313073444737,126.44054892481846
2002-07-26,167.103914524301,128.5753351485385
2002-07-29,170.58636793645704,135.52844902982008
2002-07-30,170.76831375106931,136.10435858672992
2002-07-31,171.03005933617646,137.43708398921729
2002-08-01,169.55536113602014,133.3725540051741
2002-08-02,168.1445066487329,130.29400930309046
2002-08-05,165.3291684077892,125.82543993811588
2002-08-06,168.3615596865951,129.58995625808362
2002-08-07,170.12352537111352,132.1830537493354
2002-08-08,171.44181913827836,136.50839796766127
2002-08-09,171.77699376024958,136.98781803611894
2002-08-12,171.88551053799776,136.25812893209746
2002-08-13,171.8408179907528,133.30471874779573
2002-08-14,172.3611140529688,138.6431749896372
2002-08-15,172.43771871546537,140.24576914258478
2002-08-16,172.35474331933798,140.0226452520652
2002-08-19,174.01138733410656,143.3288411027571
2002-08-20,173.1942384635335,141.32823471125238
2002-08-21,174.18374782472387,143.12681681141936
2002-08-22,175.09345741541927,145.13797760338707
2002-08-23,173.75601248263027,141.84534512347318
2002-08-26,174.37525948096527,142.91424732136278
2002-08-27,173.5453496607647,140.93474973078398
2002-08-28,171.9397689268719,138.37934258329534
2002-08-29,171.9748956324877,138.36878818283236
2002-08-30,172.14725612310497,138.10797394854967
2002-09-03,166.8804712704421,132.37150546815099
2002-09-04,169.3861762710354,134.6902161525979
2002-09-05,167.75187852988927,132.54186655809983
2002-09-06,170.07565719823612,134.76860581043923
2002-09-09,171.56311634801992,136.13149453003004
2002-09-10,172.76330801344162,137.12953409673804
2002-09-11,172.80800056068657,137.10993438184173
2002-09-12,169.8458237283806,133.71176709904225
2002-09-13,170.6119093180779,134.14897876739212
2002-09-16,170.94386934968492,134.34345762858197
2002-09-17,167.93062923650314,131.69307928041482
2002-09-18,167.1134803659301,131.08098846577144
2002-09-19,162.04141201868993,127.14008391348062
2002-09-20,163.1171113663718,127.45216106404855
2002-09-23,162.48828878522474,125.6897602216151
2002-09-24,161.19234129168234,123.51728365413193
2002-09-25,163.53846623365166,126.58829212781177
2002-09-26,165.29723681017177,128.89343944148064
2002-09-27,162.92240460213208,124.73543814104444
2002-09-30,161.5626133957206,122.91273826963645
2002-10-01,165.41533891191497,127.83207347199486
2002-10-02,163.42992997353767,124.81684597094491
2002-10-03,162.59362993734047,123.46602993959077
2002-10-04,160.57628940134572,120.69654421601595
2002-10-07,158.44084676360782,118.38989701806155
2002-10-08,160.64651358902856,120.3904942078222
2002-10-09,157.21512345774823,117.10540715805618
2002-10-10,161.9616122481951,121.20008205571457
2002-10-11,166.10162473111743,125.93399291306058
2002-10-14,167.10071941630272,126.85665179224235
2002-10-15,168.60095899807982,132.86147993707164
2002-10-16,168.33601830497435,129.65780071720607
2002-10-17,168.79886087031792,132.54940278650366
2002-10-18,168.9584604113077,133.33185469109588
2002-10-21,170.36931489859495,135.6430199453949
2002-10-22,169.80752139713238,134.2017415679628
2002-10-23,170.44272445309318,135.1033008479627
2002-10-24,169.46280041589785,133.04691348382806
2002-10-25,171.20881004279045,135.330951996571
2002-10-28,171.02049349454737,134.21229596842574
2002-10-29,170.35974905696577,132.99415068325732
2002-10-30,171.2279612084146,134.28466768563695
2002-10-31,171.07475188342147,133.5383970387783
2002-11-01,172.46006498908793,135.82997177992505
2002-11-04,172.81119566868495,136.9440913482375
2002-11-05,173.16869708191277,138.00545731772326
2002-11-06,173.5645008263889,139.26732929077315
2002-11-07,173.09528752741454,136.08475887183354
2002-11-08,173.09209241941622,134.8922312421916
2002-11-11,172.14725612310497,132.09560957531664
2002-11-12,173.0825070954212,133.11475794295055
2002-11-13,173.46874499826816,133.05144074191685
2002-11-14,174.54444434595,136.32899156327906
2002-11-15,175.45095882864706,137.16722444050117
2002-11-18,174.86364342792956,135.7395094338471
2002-11-19,174.87003364392623,135.19375399229662
2002-11-20,176.491550953079,137.81851468493727
2002-11-21,177.66939634487827,140.77494304129814
2002-11-22,177.73324005774737,140.29099571475174
2002-11-25,177.89283959873714,140.64076320908282
2002-11-26,176.8586376903019,137.69187108112575
2002-11-27,177.80347398661308,141.54533145939777
2002-11-29,177.83858120986307,141.15938270733318
2002-12-02,178.08754636297687,140.89103224464665
2002-12-03,177.49703585426101,138.8135360795861
2002-12-04,177.40128002614034,138.33562509715804
2002-12-05,176.7117990989396,136.67272271349185
2002-12-06,177.34382652926791,137.52904621958072
2002-12-09,176.07979115097712,134.47914654682683
2002-12-10,177.45873352301277,136.3561275065792
2002-12-11,177.90879565636297,136.43301728013506
2002-12-12,177.89603470673546,135.92344309631812
2002-12-13,176.97354468404671,134.09922493713646
2002-12-16,179.02918755128974,137.25315952849041
2002-12-17,178.83448078705,136.13601258637473
2002-12-18,178.30459940083907,134.34647580064112
2002-12-19,178.1992777310892,133.31074589016998
2002-12-20,179.97082873960267,135.04601078930324
2002-12-23,180.57411968031184,135.29024348074879
2002-12-24,180.29959366321137,134.54999997626433
2002-12-26,180.05062851009757,134.12636088043658
2002-12-27,178.61103753319117,131.976511401653
2002-12-30,179.36434269089514,132.57804781583343
2002-12-31,179.8080340906145,132.6428741028967
2003-01-02,182.41269002732682,137.04661718080794
2003-01-03,182.58826510830824,136.98028180771507
2003-01-06,183.44052120213124,140.05882650979873
2003-01-07,183.38626281325713,139.14219477299122
2003-01-08,183.05747840728256,137.18229689730873
2003-01-09,183.7022667872384,139.84172976165337
2003-01-10,183.7501349601158,139.84172976165337
2003-01-13,183.81078356498654,139.64423272840435
2003-01-14,183.941666098723,140.4583386326414
2003-01-15,183.95123194035216,138.43210538386606
2003-01-16,183.97996842997128,137.88634994231555
2003-01-17,183.75013496011576,135.95359721167733
2003-01-21,182.22756858708203,133.8188109879573
2003-01-22,181.05928903691196,132.42275918269212
2003-01-23,182.37758280407678,133.77660258784954
2003-01-24,178.547193820322,129.86585215091802
2003-01-27,176.06383509335123,127.76724718493153
2003-01-28,178.1960826230908,129.43466762494236
2003-01-29,179.4824447926382,130.3120999319572
2003-01-30,176.30642951283423,127.33456277467039
2003-01-31,178.24395079596823,129.00651047276997
2003-02-03,179.25263080514856,129.70302728937298
2003-02-04,177.14590517466388,127.87580015987625
2003-02-05,176.2489565335959,127.1807924293028
2003-02-06,175.51799764951443,126.36065018094749
2003-02-07,173.75920759062848,125.08520563537549
2003-02-10,175.34563715889715,126.03198228579824
2003-02-11,173.93158756361157,125.01133403387881
2003-02-12,171.8567935307444,123.42532142376845
2003-02-13,171.71634515537875,123.22782439051944
2003-02-14,175.44139298701785,125.86916662599728
2003-02-18,178.89512939192065,128.32355702694502
2003-02-19,177.68217677687147,127.41296163425582
2003-02-20,175.81804556586985,126.20234337574709
2003-02-21,177.69493772649895,127.8712729017875
2003-02-24,176.32238557046003,125.52090821769578
2003-02-25,176.96397884241748,126.42396738198119
2003-02-26,175.94890861724048,124.76257408434456
2003-02-27,177.34700215490025,126.22948852079136
2003-02-28,178.01094170048017,126.812934306105
2003-03-03,177.66620123687983,125.85710313950477
2003-03-04,176.33514652008745,123.92434120712248
2003-03-05,177.44914819901757,125.10932340661655
2003-03-06,176.72138442293445,123.94092274995971
2003-03-07,177.61513795600402,124.96459837568234
2003-03-10,174.9881357456693,121.73679218283173
2003-03-11,174.03053849973057,120.71915290122736
2003-03-12,174.79340949906373,121.24079057153688
2003-03-13,178.9429975647981,125.41839158686943
2003-03-14,179.3228452516484,125.6249339345518
2003-03-17,181.18378135465173,130.0754034689155
2003-03-18,181.67216530161608,130.62719525458434
2003-03-19,181.85728674186083,131.76845996794103
2003-03-20,182.0232764988473,132.0172107157312
2003-03-21,183.1692097753949,135.05052884564788
2003-03-24,180.1399941222215,130.29250021706088
2003-03-25,181.8094185689834,131.87700374114164
2003-03-26,181.47426342937806,131.15486006726806
2003-03-27,181.45828788938638,130.93927240515228
2003-03-28,180.99546480640868,130.18244735783065
2003-03-31,178.8823489599274,127.87278198781709
2003-04-01,180.7847825021773,129.425622310509
2003-04-02,183.52032097262608,132.8056989644417
2003-04-03,183.19792678264818,132.13480900510928
2003-04-04,183.4277602525037,132.49663078418882
2003-04-07,184.02146586921788,132.65945564573386
2003-04-08,184.35662100882328,132.4122047822292
2003-04-09,182.88192280866696,130.5578417094323
2003-04-10,184.08211447408866,131.40060184474316
2003-04-11,184.19382635983516,130.9061001177338
2003-04-14,186.409068768068,133.45848909316328
2003-04-15,187.1496129761445,134.2997401424446
2003-04-16,187.01874992477386,132.65643747367474
2003-04-17,188.31787304394877,134.71735209589812
2003-04-21,188.4838628009352,134.4806556328564
2003-04-22,189.9170635618449,137.39939364545415
2003-04-23,190.2937161406969,138.55272184530338
2003-04-24,190.11496543408296,137.40843895988755
2003-04-25,189.51169397573966,135.50583114286457
2003-04-28,190.57461289142822,137.92254040179324
2003-04-29,190.71186615879552,138.37482452695073
2003-04-30,190.63206638830064,138.2361174366467
2003-05-01,190.7469928644113,138.14264612025366
2003-05-02,191.20983542975486,140.2201422853142
2003-05-05,191.2736596602581,139.68795021454176
2003-05-06,191.4077373019929,140.8699234437207
2003-05-07,191.43325920124786,140.15078874016217
2003-05-08,191.34389358912384,138.74117356411898
2003-05-09,191.58648800860684,140.72217103898328
2003-05-12,191.66309267110339,142.48608096744627
2003-05-13,191.6918096783567,142.06244187161855
2003-05-14,191.7109608439808,141.60714877614598
2003-05-15,191.7428924415983,142.72126834445842
2003-05-16,192.06846225720867,142.36396462172354
2003-05-19,189.33294326912574,138.81655425164524
2003-05-20,189.15099745451346,138.65975653247443
2003-05-21,189.77024445284846,139.21606637448792
2003-05-22,191.10129916964084,140.4900018340303
2003-05-23,191.36623986274628,140.6935260096535
2003-05-27,193.20163458412878,143.44643019039117
2003-05-28,193.38675602437348,143.70875351070347
2003-05-29,193.08033737438723,143.16903441327128
2003-05-30,194.23264138456565,145.2721574356024
2003-06-02,194.3826556015605,145.78624967576403
2003-06-03,194.65079140266425,146.47372117793364
2003-06-04,195.13598024163028,148.68689705949498
2003-06-05,195.27642861699596,149.27487010289735
2003-06-06,195.3019505162509,148.91605729413288
2003-06-09,195.1519362992561,147.13254765077352
2003-06-10,195.5860423749805,148.47583665546796
2003-06-11,195.78074913922023,150.381453442806
2003-06-12,195.80948562883938,150.53674207594722
2003-06-13,195.8382221184585,149.04420078222986
2003-06-16,195.96908516982916,152.38055074828114
2003-06-17,195.97547538582583,152.5192486368411
2003-06-18,195.99462655144995,152.28256137554348
2003-06-19,196.00738750107743,149.96234160506697
2003-06-20,195.54774004373223,150.11159389408988
2003-06-23,194.06028089394846,147.99339841495114
2003-06-24,194.31563626305893,148.2662761357264
2003-06-25,193.46975090286674,147.04058542041008
2003-06-26,195.088092586387,148.62357985846128
2003-06-27,193.89109602896363,147.17626513691087
2003-06-30,193.84959858971703,146.91695998865774
2003-07-01,195.0178781398871,148.09591504577753
2003-07-02,196.27552330218123,149.81911645841825
2003-07-03,195.34025284749916,148.6054892295945
2003-07-07,197.59699269497858,151.42773775374005
2003-07-08,198.00557687144803,151.94334828167533
2003-07-09,197.9098210433273,151.09456100399026
2003-07-10,196.71282448590392,149.05777335475196
2003-07-11,197.96088432420308,150.48096110331733
2003-07-14,198.5705654809089,151.34331175178042
2003-07-15,198.62482386978297,150.8246922535301
2003-07-16,198.26093224055847,149.8703793747035
2003-07-17,196.87242402689373,148.00696178572915
2003-07-18,198.95041316775922,149.75429017135497
2003-07-21,197.9481233745756,147.56523206103464
2003-07-22,198.87061339726435,148.9688200947036
2003-07-23,199.1131883343815,149.04420078222984
2003-07-24,198.61523854578803,147.98736207083277
2003-07-25,200.26868745255823,150.56236893321778
2003-07-28,200.16336578280846,150.23672841187178
2003-07-29,199.71328416709238,149.14521752877076
2003-07-30,199.62711366296665,148.8753487783106
2003-07-31,199.86012275845465,149.30049696016795
2003-08-01,198.92806689413678,147.768765438402
2003-08-04,199.32706574661123,148.1712957333038
2003-08-05,197.36398359949058,145.55408047081102
2003-08-06,197.98642570582393,145.79831316225656
2003-08-07,199.25044160174886,146.85966992999826
2003-08-08,199.9175762553271,147.38281668633738
2003-08-11,200.42828699354814,147.83510081149484
2003-08-12,201.45611816835256,149.3065241025422
2003-08-13,201.2646065121112,148.3537203097452
2003-08-14,201.9923702881943,149.33065107552727
2003-08-15,201.85192191282871,149.3547688467683
2003-08-18,203.01381124700217,150.72217562270373
2003-08-19,203.33301032898174,151.11566060317216
2003-08-20,203.23405939286272,150.80660162466336
2003-08-21,203.52132687722485,151.25436769347618
2003-08-22,202.68183173302936,149.71509074156234
2003-08-25,202.77121682751923,149.81308931604406
2003-08-26,203.1702156799937,150.26838241151665
2003-08-27,203.35535660260427,150.27742772595005
2003-08-28,204.0480131554375,151.18954140641293
2003-08-29,204.4278608422878,151.96897513894595
2003-09-02,205.2418146048625,154.07661621762176
2003-09-03,205.39184830422315,154.7218793196836
2003-09-04,205.57379411883537,154.9781662958776
2003-09-05,205.61209645008364,153.9861630732879
2003-09-08,205.9600125393165,155.531467167576
2003-09-09,205.84191043757332,154.2545135359744
2003-09-10,205.5131455139646,152.40768669158135
2003-09-11,205.89299320081494,153.2368742543701
2003-09-12,206.08769996505464,153.57006020586397
2003-09-15,206.11322186430962,152.99415064895413
2003-09-16,206.33347001017012,155.18169047150084
2003-09-17,206.34944555016182,154.67664354577263
2003-09-18,206.3845527734118,156.72850365181853
2003-09-19,206.35581628379262,156.23402032829733
2003-09-22,204.96730807012784,154.20175073540372
2003-09-23,205.6855060045819,155.13798218710758
2003-09-24,203.26597150811435,152.17551748662842
2003-09-25,202.49990540078292,151.25436769347624
2003-09-26,201.6093274933458,150.28647304038347
2003-09-29,203.18297662962115,151.75338747683023
2003-09-30,201.6093274933458,150.15380229419773
2003-10-01,204.95454712050042,153.50824288911576
2003-10-02,205.50036508197132,153.8127838112799
2003-10-03,206.81865884913617,155.2615984171158
2003-10-06,207.52729094196104,155.94002460485208
2003-10-07,207.9071386288114,156.67875902330695
2003-10-08,207.74114887182492,155.85409871860696
2003-10-09,208.32528864690997,156.60036016372152
2003-10-10,208.51360519515305,156.49936182066878
2003-10-13,209.17115452473632,157.59839973042955
2003-10-14,209.41055383622103,158.2210449455359
2003-10-15,209.554197319585,157.81097842223028
2003-10-16,209.66590920533156,158.3099890038402
2003-10-17,209.14880825111393,156.6893042220259
2003-10-20,209.89574267518708,157.49740138737687
2003-10-21,210.36178034852892,157.70092556300008
2003-10-22,208.6508584625204,155.33848819067174
2003-10-23,209.14880825111388,155.85258963257743
2003-10-24,208.77535078026023,155.11989155824088
2003-10-27,209.10094007823642,155.45457739402028
2003-10-28,210.91398852599647,157.81550568031906
2003-10-29,211.20764622635525,158.01450259785358
2003-10-30,211.1725390031053,157.8381051637864
2003-10-31,211.5683427475814,158.40647849229245
2003-11-03,212.19078485391472,159.659314352653
2003-11-04,211.9801025496833,158.789418274042
2003-11-05,211.88434672156262,158.57233072764072
2003-11-06,212.36314534453194,159.51308023568924
2003-11-07,212.22269696916635,158.78338192992368
2003-11-10,211.90988810318342,157.86374122280108
2003-11-11,211.99925371530747,157.78232419115653
2003-11-12,213.0015435084911,159.58544275115634
2003-11-13,213.10049444461012,159.56735212228955
2003-11-14,212.79725142025637,158.35220660569212
2003-11-17,212.40144767578025,157.3390945821765
2003-11-18,211.52365020033645,155.90987969123694
2003-11-19,213.03984583973943,157.1596789760502
2003-11-20,211.98649276568005,155.8344990037107
2003-11-21,213.62079050682615,156.08024078118584
2003-11-24,215.3891658897071,158.6130208399749
2003-11-25,215.71154059731916,158.88590776249424
2003-11-26,215.93817895917638,159.57337006291976
2003-11-28,216.07543222654368,159.53567971915663
2003-12-01,216.5031675686373,161.33276193503815
2003-12-02,216.5095383022681,160.8050971223544
2003-12-03,216.52551384225976,160.5201559150866
2003-12-04,216.71063528250448,161.27245370431947
2003-12-05,216.53827479188723,160.03319961822513
2003-12-08,216.89258109711673,161.2091457050299
2003-12-09,216.7265913401303,159.83420270069064
2003-12-10,216.78723994500103,159.6638416107418
2003-12-11,217.12878530060306,161.49708668086868
2003-12-12,217.18943390547386,161.9388256073073
2003-12-15,217.15113157422553,161.0191849001847
2003-12-16,217.28838484159277,162.08807789633022
2003-12-17,217.34903344646358,162.29160207195346
2003-12-18,217.36818461208767,164.20628257721305
2003-12-19,216.95003459398907,164.12788371762764
2003-12-22,217.42246248332765,164.7731284162013
2003-12-23,217.87252461667785,165.23748522959542
2003-12-24,217.7384664573089,164.9389806515496
2003-12-26,217.891675782302,165.2178855146991
2003-12-29,219.01206767722877,167.26672744868586
2003-12-30,219.00567746123212,167.2908544216709
2003-12-31,218.96098491398718,167.63459477362778
2004-01-02,218.9737653459805,167.11596607363336
2004-01-05,219.82921654780188,169.18742589457563
2004-01-06,220.07818170091565,169.40604093049464
2004-01-07,220.25056167389877,169.8070529376228
2004-01-08,220.34312239402115,170.64982227467772
2004-01-09,220.26651773152457,169.1331540079753
2004-01-12,220.46122449576436,169.9427418558677
2004-01-13,220.45802938776603,169.03666451952313
2004-01-14,220.5697607558784,170.43875266890657
2004-01-15,220.62082403675416,170.66942198957403
2004-01-16,220.92726216910626,171.84233150083145
2004-01-20,221.13792499097178,171.68253401308965
2004-01-21,221.92635685429153,173.01676850160663
2004-01-22,221.64546010356023,172.46195854387864
2004-01-23,221.43477779932886,172.10165505257277
2004-01-26,222.55197458625733,174.1851691582635
2004-01-27,221.91357642229818,172.47855849020402
2004-01-28,220.56017543188338,170.13119357468327
2004-01-29,221.05175448684605,170.97998085236836
2004-01-30,220.97832544998198,170.53071489927004
2004-02-02,221.46990450494462,171.1533601143764
2004-02-03,221.55607500907033,171.26944931772493
2004-02-04,220.85702824024045,169.83570716869662
2004-02-05,221.18900775421335,170.1477751175205
2004-02-06,222.6541206303747,172.28407042727014
2004-02-09,222.6413596807472,171.83933173226052
2004-02-10,223.132919253344,172.70319146675322
2004-02-11,223.61810809231,174.5454910530576
2004-02-12,223.6244983083066,173.69368560331338
2004-02-13,223.53511321381671,172.74389998257556
2004-02-17,223.89261462704457,174.4294018497091
2004-02-18,223.95645833991367,173.64995891543197
2004-02-19,223.9883704551653,172.93235170139118
2004-02-20,224.33311091876567,172.4875946028934
2004-02-23,224.1799015937725,172.01721984886916
2004-02-24,224.18629180976924,171.73076955557178
2004-02-25,224.84064603135417,172.42126843154466
2004-02-26,225.13430373171298,172.60821106433067
2004-02-27,225.33220560395097,172.61271991893125
2004-03-01,226.10785703527742,174.27562230259744
2004-03-02,225.78228721966704,173.2398923921263
2004-03-03,226.0089060991584,173.53086994351244
2004-03-04,226.28341263389297,174.1097884707373
2004-03-05,226.52920216137434,174.4098021348127
2004-03-08,226.00890609915837,172.95344209882893
2004-03-09,225.41520048244416,171.95540253212093
2004-03-10,223.27336762870956,169.43920401616907
2004-03-11,220.25375678189704,166.85967909743943
2004-03-12,223.22549945583216,168.9386659450414
2004-03-15,220.3080151707711,166.51442965945301
2004-03-18,220.00092811334272,166.30252792146936
2004-03-19,218.40277867190883,164.44439477269873
2004-03-22,216.35340863637614,162.3136020594069
2004-03-23,216.68870654393578,162.09873387797217
2004-03-24,216.26567767396807,161.7105096353479
2004-03-25,219.0263819048096,164.35695704317132
2004-03-26,219.230054679757,164.18953386888396
2004-03-29,220.8062665990888,166.32475815928257
2004-03-30,221.2418421251149,166.99600643043692
2004-03-31,221.2167679389982,166.8789404425385
2004-04-01,221.70247271125754,167.76209045167653
2004-04-02,222.45454528675586,169.19052341371733
2004-04-05,222.97157844716088,170.48854139232986
2004-04-06,222.98724264123376,170.13144671787202
2004-04-07,222.83369911251953,169.0008519135469
2004-04-08,222.7772965382572,168.82154487738538
2004-04-12,223.25986464650188,169.69282911271918
2004-04-13,222.65821806170328,167.35755077007138
2004-04-14,223.10318445377305,167.16938057969628
2004-04-15,223.41654483923062,167.2686479068883
2004-04-16,223.58263502400325,168.123634791311
2004-04-19,223.99313636391267,168.30292373940267
2004-04-20,222.27906423593961,165.6846394562946
2004-04-21,223.06871940161273,166.56480493391174
2004-04-22,224.76714646151308,168.91194905036383
2004-04-23,224.95201837837305,169.01121637755583
2004-04-26,224.5258528443907,168.25996457357158
2004-04-27,224.95515504238764,168.6422559292937
2004-04-28,223.20034453422508,166.31587691699912
2004-04-29,222.31039262408547,165.05340199558998
2004-04-30,221.4705890861791,164.07691754616206
2004-05-03,222.9872426412339,165.58683726275822
2004-05-04,223.3350872048519,165.89209152910158
2004-05-05,223.78319026093624,166.18548002164064
2004-05-06,222.69268311386372,165.06821612477552
2004-05-07,220.36441774503373,162.80257685094864
2004-05-10,218.30877438147184,161.08668828327092
2004-05-11,220.08554153773647,162.32100007996465
2004-05-12,220.5931838320978,162.5921764227603
2004-05-13,220.35816354300462,162.46769432623418
2004-05-14,220.30487850675672,162.3580444469634
2004-05-17,218.00482398805795,160.63918943583462
2004-05-18,219.6436926836812,161.73422309488652
2004-05-19,219.16426123945115,161.3178538156167
2004-05-20,219.3209414321799,161.39340768326994
2004-05-21,219.7721811522789,162.0409605829554
2004-05-24,220.41770278128152,162.3150852811323
2004-05-25,222.20384167758988,164.9289379871336
2004-05-26,222.35426766828957,165.2089774841428
2004-05-27,222.85249997060708,166.14843565464176
2004-05-28,222.890101686782,166.05953279145868
2004-06-01,222.96532424513188,166.13656988083747
2004-06-02,223.2504737804583,166.6981682727211
2004-06-03,222.83683577653423,165.4608900325763
2004-06-04,223.3350872048519,166.329207824459
2004-06-07,223.9931363639128,168.98455456263565
2004-06-08,224.05581226620433,169.24534835335254
2004-06-09,223.96492551378157,167.63760835515023
2004-06-10,224.11848816849584,168.39924271121322
2004-06-14,224.06833979626256,166.7426287483475
2004-06-15,224.23756664504975,167.73837699213757
2004-06-16,224.26575836918084,167.96805930275787
2004-06-17,224.32216094344324,167.74430987903972
2004-06-18,223.86466702131517,168.1843926178483
2004-06-21,223.60143588209075,167.48499931004835
2004-06-22,224.3284342714724,168.09400653293972
2004-06-23,225.15571027932052,169.523922716706
2004-06-24,224.7922015216296,169.01863248618332
2004-06-25,224.66998638106114,168.09697297639076
2004-06-28,224.2782858992391,167.93692973459142
2004-06-29,224.74520893941104,168.35923190076335
2004-06-30,225.4001214344574,169.04677752282885
2004-07-01,224.26575836918084,167.28346203607362
2004-07-02,223.83331950716934,166.7559596558075
2004-07-06,222.77729653825725,165.39716576258763
2004-07-07,223.303739690706,165.71130127121435
2004-07-08,221.74948441947632,164.34510935743666
2004-07-09,222.56421377126605,164.89337684186026
2004-07-12,222.95591425308805,165.12155784268518
2004-07-13,223.16272369205,165.2386238305836
2004-07-14,222.46707281681418,164.6948060113366
2004-07-15,221.51132746636847,163.98651337318344
2004-07-16,222.69268311386358,163.2011836456515
2004-07-19,222.86816416467983,163.12857813337948
2004-07-20,223.68604930648422,164.2799199537923
2004-07-21,222.0283606267734,162.088369413963
2004-07-22,222.46393615279953,162.526968931046
2004-07-23,221.0945527984298,160.95035850101016
2004-07-26,221.07261527632778,160.6347397706579
2004-07-27,222.59867882342627,162.22913077333035
2004-07-28,222.87443749270898,162.3165685028577
2004-07-29,223.63903759826547,163.05893906455853
2004-07-30,223.9147962675482,163.2500756983847
2004-08-02,224.57911875463833,163.9761489091745
2004-08-03,223.7957177909943,162.949271097218
2004-08-04,223.761252738834,162.79221238693953
2004-08-05,221.11649032053177,160.1353824270373
2004-08-06,218.1834417028886,157.65637628157106
2004-08-09,218.5532046626085,157.8415981165649
2004-08-10,221.12901785059003,159.8894208535758
2004-08-11,220.76552821889922,159.40784408259185
2004-08-12,218.34637609764647,157.54672640230035
2004-08-13,218.80388914577455,157.77937515637169
2004-08-16,221.76201194953435,159.9338632411324
2004-08-17,222.178786617473,160.28504311675795
2004-08-18,224.817275707746,162.27952413585896
2004-08-19,224.0620855942332,161.6956955061621
2004-08-20,224.53838037444874,162.7507183547642
2004-08-23,224.6386579929152,162.35509609158206
2004-08-24,224.7922015216294,162.4306499592353
2004-08-25,225.55366496317134,163.73016924764318
2004-08-26,225.68840763379816,163.74943304200534
2004-08-27,225.8639078106145,164.1465566149828
2004-08-30,225.44399647866123,162.86926756438817
2004-08-31,225.8294236324541,163.62348581182349
2004-09-01,226.0675805855619,163.87094869508041
2004-09-02,226.7256488706229,165.70835291583313
2004-09-03,226.72251220660831,165.01487440686554
2004-09-07,227.0954118303429,166.15140209809277
2004-09-08,227.12360355447404,165.40606509294088
2004-09-09,227.20194365083844,165.71871737984208
2004-09-10,227.37742470165472,166.5396263407171
2004-09-13,227.427573073888,166.82114905945184
2004-09-14,227.493366514194,167.19307595116504
2004-09-15,227.49650317820863,166.0135890941067
2004-09-16,227.55290575247096,166.47738529245402
2004-09-17,227.44951059599003,167.22568874105704
2004-09-20,227.06720098021168,166.2847473488325
2004-09-21,227.8474652798411,167.3368218420533
2004-09-22,226.08324477963478,165.00450994285657
2004-09-23,225.55993829120058,164.23397625644034
2004-09-24,226.06130725753272,164.49328682543168
2004-09-27,225.14630028727657,163.51680237600377
2004-09-28,226.36527677694676,164.4858888048738
2004-09-29,226.90738412346835,165.18824855612482
2004-09-30,226.97947001780366,165.15563576623285
2004-10-01,228.8815507266512,167.66280503641445
2004-10-04,229.17611025402138,168.2066228556615
2004-10-05,229.23564949229828,168.10437099694857
2004-10-06,229.73703758463046,169.22608455899032
2004-10-07,229.04136758339456,167.53685780623263
2004-10-08,228.64027623552886,166.27586610654905
2004-10-11,229.17924691803591,166.60926540953793
2004-10-12,229.05703177746744,166.23140563092255
2004-10-13,227.86626613792853,165.0178408503165
2004-10-14,226.0017680192558,163.482724452456
2004-10-15,226.80085230297271,164.21026279690153
2004-10-18,227.46831145407748,165.07266578995188
2004-10-19,226.61909792412735,163.4738251221028
2004-10-20,226.73503973666664,163.5375493920914
2004-10-21,227.0985293683574,163.95688511481228
2004-10-22,225.98924048919747,162.36397733386536
2004-10-25,225.76988439417715,162.2246991962235
2004-10-26,227.36489717159637,164.6384978499756
2004-10-27,228.69040548176204,166.75892609925847
2004-10-28,228.9066249127678,167.06119583408093
2004-10-29,228.9160349048116,167.4701670927929
2004-11-01,229.09151595562784,167.51611079014486
2004-11-02,229.11970767975896,167.52352689877256
2004-11-03,230.01905045594228,169.39647417672873
2004-11-04,230.31988331134156,172.13332575753063
2004-11-05,230.3543483635019,172.8001243635084
2004-11-08,230.47342684005577,172.61045286333794
2004-11-09,230.53296607833272,172.4904204319884
2004-11-10,230.55804026444937,172.31706437079887
2004-11-11,230.56743113049305,173.88329224875596
2004-11-12,230.5549036004348,175.4673187874195
2004-11-15,230.62697036877006,175.41397706950966
2004-11-16,230.5925053166097,174.17224916418823
2004-11-17,230.67084541297413,175.13686783981188
2004-11-18,230.68650960704696,175.3754494807854
2004-11-19,230.44209845191008,173.4180128286831
2004-11-22,231.241163609627,174.44044097546302
2004-11-23,231.36337875019547,174.39598049983655
2004-11-24,231.79893515022144,175.11020602489188
2004-11-26,231.85535685048393,175.24208614197585
2004-11-29,231.79581761220697,174.6375104961913
2004-11-30,231.610926569347,173.93366752321475
2004-12-01,232.682613732332,176.53418932175603
2004-12-02,232.71709791049238,176.38007896685883
2004-12-03,232.86123144716285,176.50456106338495
2004-12-06,232.9897199157605,176.36823128112437
2004-12-07,232.38493666694734,174.41524429419871
2004-12-08,232.86750477519203,175.26579960151463
2004-12-09,233.26234192102865,176.2185705914038
2004-12-10,233.35634621146593,176.0348319781355
2004-12-13,233.60075736660283,177.6173752950735
2004-12-14,233.69478078304016,178.31380215942238
2004-12-15,233.73238249921508,178.66053236987128
2004-12-16,233.7731208794046,178.28860547815805
2004-12-17,233.38455706159715,176.95352504447692
2004-12-20,233.57570230648625,177.0202157579166
2004-12-21,234.6505261334858,178.62052155942138
2004-12-22,235.02969908524958,179.23101200403826
2004-12-23,235.21143433809493,179.314000068389
2004-12-27,234.9513589888852,178.54200124831706
2004-12-28,235.43079043311525,179.8192902989117
2004-12-29,235.4652554852756,179.80594130338187
2004-12-30,235.48719300737758,179.8207735206372
2004-12-31,235.3336494786634,179.57924352428248
2005-01-03,234.72886622985024,178.12116421580077
2005-01-04,233.67284326093812,176.0422480867631
2005-01-05,233.23099440688284,175.40359451743086
2005-01-06,233.87965269990013,176.0185346272243
2005-01-07,233.81385925959407,175.76662207879082
2005-01-10,234.4405800305092,176.36823128112428
2005-01-11,233.7699842153899,175.29246141643452
2005-01-12,234.5377209849611,175.99037150250894
2005-01-13,233.02418496792083,174.47155245555953
2005-01-14,234.36535747215933,175.51917728360374
2005-01-18,235.98858109970985,177.21728527864482
2005-01-19,234.65366279750043,175.5354746345148
2005-01-20,233.1589276385476,174.16928272073707
2005-01-21,232.2501748703205,173.05201882387195
2005-01-24,231.9399511488775,172.4415283792551
2005-01-25,232.72648877653612,173.13204044477163
2005-01-26,233.50675307616555,173.97071189021344
2005-01-27,233.61957735069038,174.04185226882973
2005-01-28,233.28114277911612,173.56915674012916
2005-01-31,234.4593808885967,175.03760051261978
2005-02-01,235.14875843580342,176.24376727266795
2005-02-02,235.47466547731935,176.8038643547562
2005-02-03,235.37752452286747,176.3148895632144
2005-02-04,235.96664357760778,178.2619436632379
2005-02-07,236.01049949581179,178.06782249789083
2005-02-08,236.1170504423074,178.1537770056927
2005-02-09,235.8726201611704,176.62605862839007
2005-02-10,236.14526129243862,177.36991241181644
2005-02-11,236.30819568719653,178.59830940967785
2005-02-14,236.430410827765,178.72277341813415
2005-02-15,236.45548501388168,179.31251684666336
2005-02-16,236.46801254393992,179.3451115484855
2005-02-17,236.48367673801278,177.92409469507243
2005-02-18,236.66229445284367,178.04855870352873
2005-02-22,234.61292441731098,175.46583556569385
2005-02-23,235.6282090060336,176.4497361237495
2005-02-24,236.78450959341214,177.84258985244722
2005-02-25,237.66818817552263,179.49773868165718
2005-02-28,237.16054588116128,178.3463968612444
2005-03-01,237.7057898916975,179.35549410056427
2005-03-02,237.74339160787238,179.30658395976124
2005-03-03,237.79979418213472,179.3643753428477
2005-03-04,238.6051326678808,181.09064646260416
2005-03-07,238.7962779127699,181.56334199130472
2005-03-08,238.72421114443472,180.69205775597098
2005-03-09,238.1726938058693,178.85168709176716
2005-03-10,238.42965161706448,179.18360317303052
2005-03-11,237.997212755053,177.82480927981067
2005-03-14,238.70541028634725,178.82500718877736
2005-03-15,238.12568209765058,177.47956229108732
2005-03-16,236.90358806996602,176.0451964421444
2005-03-17,237.50209799075003,176.3622983942222
2005-03-18,237.6493873174351,176.27932841794126
2005-03-21,237.34541779802117,175.40952740433303
2005-03-22,236.22985559083207,173.62101523631353
2005-03-23,236.29880482115277,173.74253088938858
2005-03-24,236.5808176924646,173.57805607048246
2005-03-28,237.09786997886962,174.00184145837997
2005-03-29,235.78175253474768,172.68009193215886
2005-03-30,237.82486836825134,175.05834752870757
2005-03-31,237.79040331609104,174.9368318756325
2005-04-01,237.0446040686219,173.80032227247506
2005-04-04,237.70578989169744,174.27448293483133
2005-04-05,238.44531581113745,175.0553810852565
2005-04-06,238.75867619659502,175.45248657016415
2005-04-07,239.44807286980182,176.5001113982084
2005-04-08,238.8746180091344,175.02721796054118
2005-04-11,239.1911150586066,175.02870118226673
2005-04-12,239.92438677601743,175.9992708328623
2005-04-13,238.714801152391,173.929235946108
2005-04-14,236.7374978851935,172.18963391889156
2005-04-15,233.35007288343678,169.31053775699672
2005-04-18,234.16795802524123,169.80841187889175
2005-04-19,235.29291109847406,170.8160258964861
2005-04-20,233.21846687682464,168.55186984438478
2005-04-21,236.239265582876,171.87844676564603
2005-04-22,235.4182629030571,170.7182237029498
2005-04-25,236.7625720713102,172.1970319394494
2005-04-26,235.84756510105396,170.67524644904893
2005-04-27,236.41474663369223,171.34946116365438
2005-04-28,234.4531075605676,169.3994406201798
2005-04-29,236.35520739541525,171.4191002324753
2005-05-02,237.24514017955488,172.2059312698026
2005-05-03,237.34541779802126,172.05923702353306
2005-05-04,238.52992923553106,174.2048438660104
2005-05-05,238.48605419132696,173.75734501857414
2005-05-06,238.50171838539987,173.5676735184037
2005-05-09,239.21618924472327,174.67752130664113
2005-05-10,238.32310067056906,172.80752238406623
2005-05-11,238.96236809754262,173.53211237313047
2005-05-12,237.8906618085575,171.79102712418847
2005-05-13,237.55538302699796,171.00421417493098
2005-05-16,239.15037667841713,172.72898398489207
2005-05-17,239.82410915755108,173.93071916783347
2005-05-18,240.04346525257142,175.673287638501
2005-05-19,240.11866868492123,176.49121206785514
2005-05-20,240.21267297535852,176.2245034783059
2005-05-23,240.83312041824456,176.9031497700182
2005-05-24,241.00860146906075,176.9342612501148
2005-05-25,240.82059288818627,176.33267013585117
2005-05-26,241.4473136591015,177.46029849672522
2005-05-27,241.5256537554659,177.63218942425905
2005-05-31,241.1934925119208,176.55345311611822
2005-06-01,241.98314767759393,178.14191123188854
2005-06-02,242.227577958731,178.44864871995745
2005-06-03,241.9267451033316,177.22321816554708
2005-06-06,242.26204301089123,177.4440011458141
2005-06-07,242.2307146227455,177.40695677881536
2005-06-08,242.20877710064346,177.0231822013677
2005-06-09,242.6224151045675,177.95077459806237
2005-06-10,242.6725443508007,177.53290400899718
2005-06-13,242.94204881805425,177.93445915908143
2005-06-14,243.06424483262262,178.39234055859646
2005-06-15,243.17393244313283,178.7879628217786
2005-06-16,243.21778836133686,179.43698085511977
2005-06-17,243.2428625474535,180.32604566309013
2005-06-20,243.4340077923426,180.19861521118276
2005-06-21,243.2804642636284,179.82965476292063
2005-06-22,243.42148026228432,179.86966557337044
2005-06-23,241.85154167098167,177.9211282516214
2005-06-24,240.52289669680147,176.56381758012708
2005-06-27,240.58243593507842,176.4334206847686
2005-06-28,242.40305900954712,178.0455922600777
2005-06-29,242.19936710859966,177.79073135626297
2005-06-30,240.7610536499093,176.52825643485383
2005-07-01,241.63218557596142,176.98908618975008
2005-07-05,243.24913587548275,178.55236571232595
2005-07-06,241.70740813431135,177.06317492374762
2005-07-07,242.21191376465802,177.49734286372387
2005-07-08,244.4806398952111,179.57034419392923
2005-07-11,245.28911504497182,180.69352288962665
2005-07-12,245.65887800469176,181.10397737006417
2005-07-13,245.86882410766836,181.26402061186354
2005-07-14,246.0505784865138,181.73966449594533
2005-07-15,246.3921305961025,181.9500830122035
2005-07-18,246.06310601657202,180.94395221633468
2005-07-19,246.81831525608496,182.16196666211735
2005-07-20,247.25700832012555,183.02880123227453
2005-07-21,246.6020958250792,181.8196861168451
2005-07-22,247.20374240987778,182.8035866749007
2005-07-25,247.05958974720724,182.1145578311097
2005-07-26,247.3635592666212,182.43017656146196
2005-07-27,247.77092394251605,183.26441642979697
2005-07-28,248.11874938013398,184.29127615368367
2005-07-29,247.56723204156853,182.87767540889823
2005-08-01,247.63618127188926,183.0510314700878
2005-08-02,248.21589033458577,184.35055075849567
2005-08-03,248.33810547515424,184.4868805407563
2005-08-04,247.9401316653031,183.12660342581086
2005-08-05,247.4983019372479,181.72781681021098
2005-08-08,247.41368851285435,181.2403071523249
2005-08-09,248.20022614051297,182.46277126328417
2005-08-10,248.15948776032343,182.12937196029526
2005-08-11,248.63893833055363,183.41556034124315
2005-08-12,248.50105899591225,182.31607701701463
2005-08-15,248.8488844335302,182.83173171154633
2005-08-16,247.9902800375364,180.6787087604413
2005-08-17,248.46032061572276,180.8120720992508
2005-08-18,248.5731257642475,180.63129992943357
2005-08-19,248.78934519525328,180.73353370007663
2005-08-22,249.2468582433814,181.03285507951782
2005-08-23,248.94916205199667,180.4193981914499
2005-08-24,248.1030851860611,179.23397844748936
2005-08-25,248.42897310157701,179.64591614965238
2005-08-26,247.81166232270553,178.5686630632371
2005-08-29,248.94916205199667,179.63258524219236
2005-08-30,248.54805157813087,179.05913916457425
2005-08-31,249.85477815620922,180.82540300671073
2005-09-01,250.1274001614773,181.0121080634301
2005-09-02,249.80149311996135,180.48312246143848
2005-09-06,251.2742907568121,182.7606094209998
2005-09-07,251.58765114226975,183.2006921598084
2005-09-08,251.51872103794912,182.50574851718503
2005-09-09,252.02009000428126,183.95936007242028
2005-09-12,252.12664095077693,183.82304837822952
2005-09-13,252.00128914619384,182.43609136029426
2005-09-14,252.07649257854365,181.8374666894817
2005-09-15,252.25197362935995,181.92191988748814
2005-09-16,252.79096343786708,183.43037447042863
2005-09-19,252.2801844794911,182.40942954537428
2005-09-20,251.54691276208027,180.97506369643133
2005-09-21,249.90490740244246,179.32436453239796
2005-09-22,250.70083589614475,179.97931545264126
2005-09-23,250.9953954235149,180.07860086790308
2005-09-26,251.19281399643327,180.12897614236186
2005-09-27,251.30250160694345,180.1334258075385
2005-09-28,251.62838952245932,180.3156811990812
2005-09-29,252.94137030256664,181.9145218669303
2005-09-30,253.02910126497474,182.08196312928752
2005-10-03,253.12312468141212,181.76929275431647
2005-10-04,251.54691276208027,179.95708521482803
2005-10-05,248.50105899591236,177.27804310518243
2005-10-06,247.60797042175815,176.55196989439264
2005-10-07,248.63266500252453,177.2054375929104
2005-10-10,247.05019888116357,175.9355465628736
2005-10-11,246.59582249705005,175.57103577978808
2005-10-12,245.14182571828673,174.5056484671771
2005-10-13,244.96007133944127,174.381166370651
2005-10-14,247.06586307523645,175.82293024015178
2005-10-17,247.7646506144868,176.34600104331113
2005-10-18,245.3517718212632,174.5738043142725
2005-10-19,248.88334948569047,177.18469057682276
2005-10-20,244.94440714536836,174.52342903981378
2005-10-21,246.33886468585473,174.78865440763747
2005-10-24,248.0936751940173,177.72109228744213
2005-10-25,248.1720152903817,177.3002733429957
2005-10-26,247.91819414320102,176.53567254348158
2005-10-27,246.88724536040553,174.68642063699437
2005-10-28,248.391371385402,177.57736448462364
2005-10-31,248.91156033582166,178.85168709176725
2005-11-01,248.84888443353015,178.22193285278823
2005-11-02,249.39726510808094,180.000062468729
2005-11-03,249.62914873315958,180.7676116236243
2005-11-04,249.69496129946566,180.7972579700652
2005-11-07,249.86730568626734,181.19289832131713
2005-11-08,249.892379872384,180.5675756594449
2005-11-09,249.98011083479201,180.87282992578827
2005-11-10,250.09291598331674,182.40053021502106
2005-11-11,250.13992769153543,182.95767894172806
2005-11-14,250.2433419740165,182.81543436063515
2005-11-15,250.28408035420594,182.1115913876586
2005-11-16,250.31227207833712,182.4375745820198
2005-11-17,250.36242045057037,184.15496445949287
2005-11-18,250.79797685059634,184.96549086828912
2005-11-21,251.41217009145325,185.94049209599152
2005-11-22,251.76626885710033,186.8858650653228
2005-11-23,251.96682409403329,187.53488309866398
2005-11-25,252.13289515280576,187.92607378473934
2005-11-28,251.81953476734816,186.32723311689026
2005-11-29,251.94802323594584,186.33019956034133
2005-11-30,251.59706113431332,185.14477981638083
2005-12-01,252.4619197323362,187.39560496102217
2005-12-02,252.5308689626569,187.45634469948988
2005-12-05,252.5277322986423,187.01329551723023
2005-12-06,252.67188496131286,187.25185907013392
2005-12-07,252.47446638839457,186.3139022094303
2005-12-08,252.56533401481724,186.08718634226108
2005-12-09,252.8786944002749,186.6102571454204
2005-12-12,253.08552296523695,186.76733394376868
2005-12-13,253.22965650190744,187.80457621973414
2005-12-14,253.30799659827187,188.59138916899164
2005-12-15,253.36128163451968,188.32466249137258
2005-12-16,252.78155344582305,187.78826078075326
2005-12-19,252.0671017124998,186.69176198804564
2005-12-20,252.17677019700992,186.6473015124192
2005-12-21,252.5904082009339,187.11703059766864
2005-12-22,253.24220315796575,187.9068099903772
2005-12-23,253.49288764113186,187.9868316112769
2005-12-27,252.2707744874471,186.19092142269952
2005-12-28,252.46191973233624,186.4324514190543
2005-12-29,252.16424266695157,185.8767859140728
2005-12-30,251.13327475815598,184.96845731174028
2006-01-03,254.0537958457409,188.00757862736458
2006-01-04,254.45490631960666,188.6980726048113
2006-01-05,254.4925080357816,188.70103904826237
2006-01-06,255.49212843043136,190.47471899902652
2006-01-09,255.78668795780152,191.17116395144524
2006-01-10,255.89949310632628,191.10299001628005
2006-01-11,256.0843650231862,191.7683234886021
2006-01-12,255.98096986670527,190.565123172005
2006-01-13,256.1721151115944,190.79478739455547
2006-01-17,256.2034434997401,190.10132697365768
2006-01-18,256.1689784475798,189.36043963368235
2006-01-19,256.48547549705194,190.41397926055888
2006-01-20,254.83406014537033,186.92439265404718
2006-01-23,255.34797576776086,187.26963964277056
2006-01-24,255.87755558422424,187.72010493365786
2006-01-25,255.82115300996185,187.39708818274775
2006-01-26,256.9022501649906,188.7528975444467
2006-01-27,257.79845627715935,190.21837487348628
2006-01-30,258.0366132302671,190.43619141030229
2006-01-31,257.69504199467826,189.67900671941587
2006-02-01,257.9582731339027,190.0316698167669
2006-02-02,257.0087819854861,188.30984836218707
2006-02-03,256.4259362587749,187.30076921093698
2006-02-06,256.8552384567719,187.4474634572065
2006-02-07,255.43572585616894,185.93012763198263
2006-02-08,257.2406656105647,187.5408159855662
2006-02-09,257.20620055840436,187.26372484393823
2006-02-10,257.75458123295516,187.73936872802005
2006-02-13,257.4224199894101,187.12739506167765
2006-02-14,259.13337457936865,189.0048100928802
2006-02-15,259.662954395832,189.6671590336814
2006-02-16,260.07345573574145,191.0570644069979
2006-02-17,260.13613163803296,190.7399624549201
2006-02-21,260.0734557357414,190.11614110284322
2006-02-22,260.9477243258081,191.544574064884
2006-02-23,260.7534424169045,190.82146729754527
2006-02-24,261.0417286162454,191.06448051562555
2006-02-27,261.5713084327088,191.75942415824886
2006-02-28,260.43380870341764,189.76496122721764
2006-03-01,261.51176919443185,191.33267232690025
2006-03-02,261.4835774703007,191.02150326172458
2006-03-03,261.3425614716448,190.73847923319448
2006-03-06,260.59989888819024,189.40933168641553
2006-03-07,260.342941076995,189.05666858906446
2006-03-08,260.9727985119248,189.44044316651213
2006-03-09,260.2144717343974,188.51581721326852
2006-03-10,261.6120468128983,189.87757754993947
2006-03-13,262.2105758596824,190.27913270002375
2006-03-14,263.2195871203758,192.25729828014389
2006-03-15,263.454607409469,193.0782072410189
2006-03-16,263.5548850279355,193.4204877862912
2006-03-17,263.52041997577516,193.70499503654685
2006-03-20,263.7836319889995,193.3834434192924
2006-03-21,263.11930950190936,192.22025391314511
2006-03-22,263.9528588377866,193.37752862046008
2006-03-23,263.7303660787517,192.8781712768395
2006-03-24,263.89645626352427,193.06782468894014
2006-03-27,263.9935972179762,192.86927194648632
2006-03-28,263.14752035204054,191.62754404116487
2006-03-29,264.39782522985644,193.05894344665674
2006-03-30,264.05313645625307,192.6677527605814
2006-03-31,263.5517483639208,191.87055725924517
2006-04-03,264.11267569453,192.30620842094697
2006-04-04,264.97753429255295,193.5094087375441
2006-04-05,265.4914499149435,194.34364860587908
2006-04-06,265.2783671479523,193.97023849244036
2006-04-07,263.9904605539615,191.96390978760485
2006-04-10,264.4166260879438,192.12986782823654
2006-04-11,262.9720393012243,190.64067703965821
2006-04-12,263.51728331176054,190.87035935027845
2006-04-13,263.75544026486835,191.01853681827353
2006-04-17,263.41700569329413,190.4569384263899
2006-04-18,266.6070121221325,193.70944470172347
2006-04-19,267.0551151782169,194.1021186095243
2006-04-20,267.43428812998064,194.3288163886237
2006-04-21,267.1867403108292,194.3021545737037
2006-04-24,267.1303186105667,193.83242548845422
2006-04-25,266.66968802442403,192.88853574084845
2006-04-26,267.1553927966834,193.43235356009546
2006-04-27,267.63484336691357,194.0709890413579
2006-04-28,267.81346108174444,194.20286915844193
2006-05-01,267.3152096534268,193.39974077020355
2006-05-02,268.164423183377,194.58812695761512
2006-05-03,267.8447894698902,193.8339087101798
2006-05-04,268.37436928635356,194.4458823765222
2006-05-05,269.40218140513446,196.44776141618112
2006-05-08,269.502459023601,196.2847698190005
2006-05-09,269.605873306082,196.35589210954697
2006-05-10,269.6403383582423,196.01655991965592
2006-05-11,268.4746469048201,193.5079255158186
2006-05-12,266.2341124983981,191.33267232690034
2006-05-15,267.1522561326689,191.81573231960988
2006-05-16,266.83264154518224,191.45713633535667
2006-05-17,262.3829202464842,188.23279318473848
2006-05-18,260.7409148868463,186.97181957312475
2006-05-19,261.57758176073816,187.74530161492223
2006-05-22,261.48044080628625,187.01032907377925
2006-05-23,261.1357520326829,186.19683622153192
2006-05-24,261.3394248076303,186.4917079357965
2006-05-25,262.95637510715164,188.61213618507935
2006-05-26,263.6582993104167,189.69087249322016
2006-05-30,261.81260204983136,186.68434587941798
2006-05-31,263.0597702636325,188.19871526119078
2006-06-01,264.3414226555942,190.5132465877509
2006-06-02,264.6077713328331,190.8851734794641
2006-06-05,263.26659882859457,187.4874742676564
2006-06-06,263.29165388871115,187.27408930794718
2006-06-07,262.8090857804665,186.13313003961315
2006-06-08,263.10678197185126,186.3968902737811
2006-06-09,262.6148038715628,185.56265040544613
2006-06-12,260.3116126888494,183.36071731353803
2006-06-13,258.08987914051494,181.32327712860592
2006-06-14,259.79142373842967,182.26421852083044
2006-06-15,264.85220161397007,186.1346132613387
2006-06-16,264.54197789252703,185.4500340827243
2006-06-19,263.61756093022717,183.75932410824106
2006-06-20,264.0217889421074,183.75784088651554
2006-06-21,265.2689762819087,185.5478181881908
2006-06-22,264.77386151760567,184.56985051703734
2006-06-23,264.86159248001377,184.40685891985675
2006-06-26,265.62932924958494,185.30482305818032
2006-06-27,264.52629457245416,183.62151110425498
2006-06-28,265.2564296258504,184.62912512184934
2006-06-29,267.5846949946804,188.61065296335389
2006-06-30,267.5565032705493,188.21501261210193
2006-07-03,268.1393489972604,189.69530407032704
2006-07-05,267.88552785007977,188.32023091426592
2006-07-06,268.1675598473916,188.78994191144557
2006-07-07,267.9325395582984,187.51561930430196
2006-07-10,268.27722833190177,187.7912272242044
2006-07-11,268.70339386588415,188.5454635597096
2006-07-12,267.935657096313,186.49615760097316
2006-07-13,266.08997896172775,184.07790928204443
2006-07-14,266.124444013888,183.17697870026976
2006-07-17,266.13383487993167,182.92360101818053
2006-07-18,266.55688287589953,183.27478089380605
2006-07-19,269.1859811001289,186.67546463713467
2006-07-20,269.23297368234745,185.09292132019667
2006-07-21,268.89142157275876,183.78303756777984
2006-07-24,271.28234371788017,186.83845623431526
2006-07-25,271.8589352425622,188.0194263130992
2006-07-26,271.97174039108694,187.94830402255272
2006-07-27,271.6552433416148,187.17777033613646
2006-07-28,272.56399610984187,189.45230894031653
2006-07-31,272.64860953423545,189.1722513552375
2006-08-01,272.61726202008964,188.3217141359914
2006-08-02,273.0747750682178,189.2833844562338
2006-08-03,273.15311516458223,189.7071698441313
2006-08-04,273.3787254616316,189.57232328359626
2006-08-07,273.41946384182114,189.04037123815354
2006-08-08,273.46647555003983,188.40468411227238
2006-08-09,273.4351471618941,187.5852583731229
2006-08-10,273.7986367935849,188.45359425307544
2006-08-11,273.8393751737744,187.70232436102137
2006-08-14,274.1464622312028,187.92014089783734
2006-08-15,274.3971467143689,190.49398279338882
2006-08-16,274.4284942285147,191.95354532359607
2006-08-17,274.5475727050686,192.25729828014403
2006-08-18,275.1680201479546,192.97152380519933
2006-08-21,275.0583516634445,192.26323116704614
2006-08-22,275.3027628185814,192.45585102259787
2006-08-23,274.76065547205974,191.59198289589176
2006-08-24,275.16488348394006,192.04689785195572
2006-08-25,275.23383271426076,191.90315196106744
2006-08-28,276.1018279762983,192.89446862775074
2006-08-29,276.35564912347894,193.26491229773842
2006-08-30,276.4151883617559,193.42642067319346
2006-08-31,276.45592674194535,193.19673836257317
2006-09-01,277.0199907365691,194.26214376325402
2006-09-05,277.44301960653684,194.59405984451737
2006-09-06,276.709747889126,192.6692359823071
2006-09-07,276.42459835379964,191.74461002906347
2006-09-08,277.19547178738543,192.47068323985323
2006-09-11,277.4712113306681,192.5625525464874
2006-09-12,278.1919555180207,194.5570154775186
2006-09-13,278.35488991277856,195.30826728150285
2006-09-14,278.4301124711285,195.0430419136792
2006-09-15,278.2828231444434,195.54388247902529
2006-09-18,278.61498438798844,195.76911512446898
2006-09-19,278.39562829296807,195.24456109958413
2006-09-20,279.19469345068495,196.36182499644926
2006-09-21,278.41129248704095,195.30235248267056
2006-09-22,278.1292796157291,194.8207757116866
2006-09-25,279.5519288803467,196.5381475010898
2006-09-26,280.2883372617721,198.0169557375894
2006-09-27,280.3384665080053,198.05251688286262
2006-09-28,280.5170842228361,198.3918490727537
2006-09-29,280.45754498455915,197.94286700359186
2006-10-02,280.41680660436964,197.27161873243747
2006-10-03,280.77717869804593,197.68503965632607
2006-10-04,281.4571653792089,200.06921005170705
2006-10-05,281.6671114821855,200.5167088991433
2006-10-06,281.76111577262276,199.97882396679844
2006-10-09,281.952280143512,200.13738398687227
2006-10-10,282.0901594781533,200.5463552455842
2006-10-11,282.1183512022845,200.0321656847083
2006-10-12,282.3126331111882,201.9406921960075
2006-10-13,282.4003831995964,202.35411311989608
2006-10-16,282.55392672831056,202.86385301559542
2006-10-17,282.58213757844175,202.12148245389457
2006-10-18,282.6447943547332,202.38079302288588
2006-10-19,282.7106069210393,202.5526658623499
2006-10-20,283.0239673064969,202.79567908043018
2006-10-23,283.64755141339754,204.04333987265372
2006-10-24,283.85437997835965,204.0966815905636
2006-10-25,284.1363928496714,204.81385547100012
2006-10-26,284.50301914537675,205.8303507308779
2006-10-27,284.1207286555985,204.0907487036614
2006-10-30,284.2930730424001,204.17818643318876
2006-10-31,284.3620222727208,204.1796515668445
2006-11-01,283.86690750841774,202.6786311806015
2006-11-02,283.95777513484046,202.60897402371074
2006-11-03,284.06118941732143,202.15852682089323
2006-11-06,285.13914990833564,204.45231113136563
2006-11-07,285.298966765079,204.90572477763425
2006-11-08,285.52144039811384,205.33247660898283
2006-11-09,285.4305727716912,204.23744294993097
2006-11-10,285.6374013366532,204.6182691719974
2006-11-13,285.9006133498776,205.13985675343122
2006-11-14,286.0071642963732,206.44380761894593
2006-11-15,286.0635668706356,206.94019851911546
2006-11-16,286.11996944489795,207.41289404781597
2006-11-17,286.4960057326471,207.62626091945532
2006-11-20,286.76235440988603,207.52254392708673
2006-11-21,287.0318397511396,207.86484256042885
2006-11-22,287.31073508443694,208.3508509085196
2006-11-24,286.9754371768773,207.58921655245658
2006-11-27,285.173614960496,204.7753278822759
2006-11-28,286.02282849044616,205.48065407697797
2006-11-29,287.43295022500536,207.37140001564057
2006-11-30,287.6209588058799,207.54180772144886
2006-12-01,287.21359412998504,206.96094553520305
2006-12-04,288.3510938592762,208.79983297768138
2006-12-05,288.6707275727629,209.63555606774196
2006-12-06,288.7177201549816,209.3599481478395
2006-12-07,288.4513714777426,208.5286747229556
2006-12-08,288.83993529555005,208.90651641350107
2006-12-11,289.2379091054013,209.38069516392716
2006-12-12,289.32564006780933,209.16139540538566
2006-12-13,289.5418594988151,209.4058737571216
2006-12-14,289.63900045326693,211.22549740523775
2006-12-15,289.1407681509494,211.4625777364159
2006-12-18,289.03735386846836,210.7794817795271
2006-12-19,289.49798445461107,211.23439673559105
2006-12-20,289.40711682818835,210.93507535614987
2006-12-21,288.8712636836958,210.16011009262684
2006-12-22,287.9374558553522,209.04284619576168
2006-12-26,289.1344948229202,209.95265801981975
2006-12-27,290.3064596043717,211.4255333694171
2006-12-28,289.9774350248412,211.11288108251594
2006-12-29,289.1940340611972,210.16011009262678
2007-01-03,289.4196443582466,209.90819754419326
2007-01-04,289.889684936433,210.1660248914591
2007-01-05,288.7083292889379,208.8872526191389
2007-01-08,289.5606603569026,209.35104881748626
2007-01-09,289.4572460744215,209.24288215994108
2007-01-10,289.94922417471,209.64888697520192
2007-01-11,291.346818379211,210.97803452198085
2007-01-12,292.2994270656421,212.0019458904863
2007-01-16,292.66919002536207,212.17532003974563
2007-01-17,292.78201429988695,211.98564853957524
2007-01-18,292.58459572696864,211.3558943005962
2007-01-19,293.3303949744377,211.9678679669386
2007-01-22,292.85094440420755,210.84912084834792
2007-01-23,293.43067259290416,211.59594107522537
2007-01-24,294.45848471168506,213.39481770725382
2007-01-25,293.0358354470676,210.98990029578513
2007-01-26,293.0452263131113,210.7350393919704
2007-01-29,292.9825504108197,210.50387385962455
2007-01-30,293.88502985101763,211.71892186195612
2007-01-31,294.8815327076529,213.11476012217477
2007-02-01,295.4017025320725,214.25571939050886
2007-02-02,295.70253538747176,214.61876503993867
2007-02-05,295.82473140204024,214.41131296713164
2007-02-06,296.00021245285643,214.56097365685224
2007-02-07,296.19763102577474,214.8602950362934
2007-02-08,296.2603069280663,214.60691735420423
2007-02-09,295.9062081624192,213.08809830725482
2007-02-12,295.8216138640257,212.39313657656166
2007-02-13,296.6457340818592,214.00679137359631
2007-02-14,296.85256264682124,215.64267640844417
2007-02-15,296.96850445936053,215.86642583216232
2007-02-16,297.1283213161039,215.6782375537174
2007-02-20,297.7111670428151,216.29169444178532
2007-02-21,297.67042866262557,215.98792339716755
2007-02-22,297.67042866262557,215.8027015621737
2007-02-23,297.3821424632846,215.03365109748302
2007-02-26,297.39466999334286,214.7639760644827
2007-02-27,288.7929235873315,207.30621061199628
2007-02-28,290.8893053310829,208.45901756606483
2007-03-01,290.25633035813854,207.91818427833869
2007-03-02,287.06632392930015,205.54734479041764
2007-03-05,284.66283600212023,203.61362159785418
2007-03-06,288.9339395859874,206.7683256796514
2007-03-07,288.2727537629118,206.25858578395207
2007-03-08,290.42867474494017,207.72851277816824
2007-03-09,290.5759449456252,207.8692741375356
2007-03-12,291.531709422071,208.4264228642426
2007-03-13,285.5715887703472,204.18113478857003
2007-03-14,287.5426187095155,205.54734479041755
2007-03-15,288.47644566385935,206.30452948130394
2007-03-16,288.4921098579322,205.51473200052558
2007-03-19,290.1967911198616,207.75370945943243
2007-03-20,291.1807281944384,209.06950801068155
2007-03-21,292.45298972035647,212.64059945981847
2007-03-22,292.42164220621066,212.56651072582096
2007-03-23,292.52505648869163,212.79914139182247
2007-03-26,292.81020602401804,213.00511024290398
2007-03-27,292.59712325702685,211.68781038185952
2007-03-28,291.88578906171807,210.0015500725529
2007-03-29,292.1364926708842,210.78689788815467
2007-03-30,292.28689953558387,210.53943500489777
2007-04-02,292.8540810682222,211.08621926759582
2007-04-03,293.4275359288897,213.04512105335385
2007-04-04,293.65941955396823,213.282201384532
2007-04-05,293.85056479885736,213.9327026395987
2007-04-09,294.08558508795056,214.0586498697805
2007-04-10,294.23287441463566,214.61876503993867
2007-04-11,294.2203277585773,213.20811265053447
2007-04-12,294.37387128729154,214.53134539848114
2007-04-13,294.4522113836559,215.2796307590143
2007-04-16,294.6183015684285,217.57341506948674
2007-04-17,294.68097747072,218.04017771128517
2007-04-18,294.74365337301157,218.19132162273132
2007-04-19,294.8063101493031,217.92904461028888
2007-04-20,295.1071430047024,219.9472210008589
2007-04-23,295.03193957235266,219.44046563668044
2007-04-24,295.0413304383963,219.36341045923186
2007-04-25,295.9626107366817,221.58755570088337
2007-04-26,296.17569350367285,221.414181551624
2007-04-27,296.36058454653283,221.38750164863416
2007-04-30,295.4863159564661,219.65383250831985
2007-05-01,295.9720207287254,220.2361779162912
2007-05-02,296.7930234085443,221.66164443488094
2007-05-03,297.2191889425266,222.62034831167222
2007-05-04,297.482420081751,223.09895863920514
2007-05-07,297.8396363854126,223.67092149509773
2007-05-08,297.9148589437625,223.41012770438087
2007-05-09,298.21880933717637,224.1302680282685
2007-05-10,297.5325493279842,221.00224384946102
2007-05-15,297.6762600346448,220.7140605438548
2007-05-16,297.9917867394108,222.6180589459131
2007-05-17,298.09799194520895,222.41369055200778
2007-05-18,298.4728753475781,223.88395127289363
2007-05-21,298.82276143849276,224.2294589527981
2007-05-22,298.89149927815197,224.08537627375424
2007-05-23,298.8415046552431,223.81485332641643
2007-05-24,297.5638007341427,221.64327537006506
2007-05-25,298.70094006329634,222.85182537522874
2007-05-29,299.1882827661676,223.20174814470036
2007-05-30,300.1973275580589,224.98370342051322
2007-05-31,300.24730311360594,225.04104574232997
2007-06-01,300.70341347768056,225.88203056727218
2007-06-04,301.02206722979867,226.29959753421716
2007-06-05,300.83461599493313,225.0895578850125
2007-06-06,299.9536466729423,223.09442198367856
2007-06-07,296.76093132650544,219.17470187649167
2007-06-08,299.3757149336713,221.66680456690432
2007-06-11,299.9442845982481,221.87998519242532
2007-06-12,297.7200005628497,219.50992562825803
2007-06-13,301.0564266159473,222.84301314361295
2007-06-14,302.0779795972467,223.91629270134848
2007-06-15,301.97488237143875,225.37774119061868
2007-06-18,301.9248877485299,225.10427485023615
2007-06-19,301.84367985418623,225.49387958325605
2007-06-20,300.12235469105747,222.42691787319035
2007-06-21,301.4844126212154,223.80160805771493
2007-06-22,298.938347786347,220.91550349223382
2007-06-25,298.3572889997239,220.2068277741565
2007-06-26,297.4763196777331,219.49375491403055
2007-06-27,300.1223546910575,221.47124840461464
2007-06-28,300.04112772935196,221.3786212612981
2007-06-29,299.56003912118473,221.03164188487128
2007-07-02,302.28728202885276,223.3958326104676
2007-07-03,303.1088946532404,224.1956458278206
2007-07-05,303.37129968774536,224.27357395343202
2007-07-06,304.1241935398357,225.01457315244585
2007-07-09,304.5334363283535,225.22188493939598
2007-07-10,301.58750984702334,222.02701126451396
2007-07-11,303.0526650029893,223.29731868106157
2007-07-12,305.94859686141046,227.55224459249632
2007-07-13,306.49842330923695,228.257976917529
2007-07-16,306.7608474111039,227.81984209430797
2007-07-17,307.0357606350172,227.79778459399097
2007-07-18,307.0857361905642,227.32730834231484
2007-07-19,307.5324654125827,228.34324557823362
2007-07-20,307.182579321668,225.55269360159525
2007-07-23,308.2634890005706,226.65097405269253
2007-07-24,304.95204119156557,222.16228171194211
2007-07-25,305.93298069201217,223.19880475165544
2007-07-26,300.8783565231379,217.98968106816727
2007-07-27,296.11113470022303,214.5036806946343
2007-07-30,299.3319744054664,216.70320293739223
2007-07-31,295.5800514691469,213.96263479995875
2007-08-01,298.0261461255595,215.5122953429784
2007-08-02,299.47568511212705,216.4517761498081
2007-08-03,291.42513983901364,210.69719148207722
2007-08-06,298.6821968465459,215.7857616833609
2007-08-07,300.4128840843689,217.11486517072908
2007-08-08,304.2866474632467,220.17007125613435
2007-08-09,296.13613201167743,213.64211006589738
2007-08-10,296.0955185308247,213.72298158455357
2007-08-13,296.15800227577984,213.6171271200542
2007-08-14,290.55355165907906,209.73857862045656
2007-08-15,286.59856131849574,206.82156842800566
2007-08-16,288.16994074762164,207.49348762806088
2007-08-17,296.60160445044636,212.5908700609602
2007-08-20,297.87307334420456,212.533545686662
2007-08-21,298.5166158757828,212.7643687229329
2007-08-22,300.06925208815835,215.25645346582695
2007-08-23,300.41288408436895,215.02563042955606
2007-08-24,301.59063689437534,217.5059595477898
2007-08-27,301.2126264446542,215.65637802202207
2007-08-28,298.4884915169763,210.59426246310386
2007-08-29,301.01894018244644,215.21088471618916
2007-08-30,300.6096973939286,214.31108587290777
2007-08-31,301.59687192171754,216.71495856205243
2007-09-04,303.23384307578874,218.9835787512875
2007-09-05,302.3216414150013,216.46502141850928
2007-09-06,303.01828654947866,217.38540606558533
2007-09-07,301.6968421001734,213.7097542633707
2007-09-10,301.98424444613295,213.43774167199197
2007-09-11,303.51813744175814,216.347393381831
2007-09-12,303.7430560427625,216.3576952574876
2007-09-13,304.1804231900868,218.1793324968488
2007-09-14,304.5990471206607,218.22344749748282
2007-09-17,304.6490226762077,217.10605293911328
2007-09-18,305.47999737528954,223.44728814619467
2007-09-19,305.5487352149488,224.80727931301408
2007-09-20,305.59558372314376,223.29584698453897
2007-09-21,305.59558372314376,224.32502948915905
2007-09-24,305.030141105919,223.1458775194056
2007-09-25,305.4925055646977,223.06942109031658
2007-09-26,306.47031801779235,224.27651734647645
2007-09-27,307.10447940731444,225.15278699291855
2007-09-28,306.59526644034077,224.4720555612476
2007-10-01,308.4571752627782,227.4552203071309
2007-10-02,308.38843742311894,227.3949345922694
2007-10-03,308.2509808111624,226.3598653015598
2007-10-04,308.58525073267873,226.83770003584775
2007-10-05,309.68177658097954,229.00633459915434
2007-10-08,309.78800085413957,228.26973254218905
2007-10-09,310.494027130673,230.11786031895295
2007-10-10,310.4440325077641,229.72382254884738
2007-10-11,310.0035573804497,228.53880174052304
2007-10-12,310.70020251492696,229.6253265669599
2007-10-15,310.5033892053673,227.7007423611069
2007-10-16,310.4065460742634,226.20402699785552
2007-10-17,310.90637789918094,226.60246191000968
2007-10-18,311.31563975506066,226.4319066410817
2007-10-19,308.7352155340435,220.63173527619443
2007-10-22,310.1972436426574,221.46977670809193
2007-10-23,311.94043906988855,223.4193438597881
2007-10-24,311.62491236512255,222.87388287554535
2007-10-25,311.1344426148992,222.6562871604572
2007-10-26,313.45244273404944,225.7261922635676
2007-10-29,314.06475292683103,226.56423369546513
2007-10-30,313.2993699526945,225.09985976066878
2007-10-31,315.1581517277799,227.79925629051297
2007-11-01,311.17192904839993,221.77999956649663
2007-11-02,311.9935416727876,221.9579133180365
2007-11-05,311.49058280051804,220.85816117041682
2007-11-06,314.19908249143566,223.51932948571653
2007-11-07,307.78863541974556,216.95461177745744
2007-11-08,308.2416187364682,216.82964320568584
2007-11-09,304.23352579298586,213.73179381616896
2007-11-12,301.7624528924807,211.5969903253583
2007-11-13,310.38780285751307,217.7529712458066
2007-11-14,310.38780285751307,216.21359463092503
2007-11-15,304.54592545039975,213.3568881008542
2007-11-16,307.38251967857974,214.47281096270137
2007-11-19,305.53311904555045,210.72806121400959
2007-11-20,306.39534515079083,211.67342880692877
2007-11-21,303.4931401303037,208.30213102454792
2007-11-23,306.54841793214587,211.82045487901732
2007-11-26,302.25915767004614,206.8980248570945
2007-11-27,305.83301051355625,209.98704406747714
2007-11-28,310.172246331203,215.98424329117648
2007-11-29,310.4659027718665,216.08715436263108
2007-11-30,311.82796070202454,217.76619856698937
2007-12-03,311.49994487521224,216.48413552578134
2007-12-04,310.99385895559067,215.06827373366755
2007-12-05,312.88387306947266,218.33518874807143
2007-12-06,314.14908786852675,221.61827447670282
2007-12-07,314.17721222733326,221.22425465411584
2007-12-10,314.88011145651467,222.88563850020574
2007-12-11,313.2462673497955,217.2530790112017
2007-12-12,314.23656892493636,218.56748348086467
2007-12-13,314.62706849670377,218.83508098267632
2007-12-14,313.83668821111274,215.82691534343127
2007-12-17,312.6776976852186,212.5850012223891
2007-12-18,314.1959554440836,213.91999149584683
2007-12-19,314.72703867515975,213.62888274471436
2007-12-20,315.78918606995,214.67570766008438
2007-12-21,317.03254967226366,218.25431722941536
2007-12-24,318.0697188229614,220.017158397956
2007-12-26,318.4789616114793,220.19507214949581
2007-12-27,316.70140679809936,217.0501823138187
2007-12-28,316.74202027895217,217.37657588645095
2007-12-31,315.7142132029486,215.88720105829285
2008-01-02,313.4961832622543,212.77025550902223
2008-01-03,313.76796943881556,212.77025550902223
2008-01-04,307.80425158914386,207.54641486031034
2008-01-07,309.2600446704156,208.21539066732083
2008-01-08,303.92112613557185,204.39416654202142
2008-01-09,308.11665124655786,207.17884968008892
2008-01-10,310.21598685940785,208.82553450847365
2008-01-11,306.61400965709123,205.98647038915274
2008-01-14,309.8661007684932,208.22567459545888
2008-01-15,302.16231453894244,203.03564707172436
2008-01-16,300.31916800061725,201.89619501303787
2008-01-17,291.6313342906297,196.0225106121063
2008-01-18,292.3498496892094,194.8374718562634
2008-01-22,290.40047887772425,192.67766747209097
2008-01-23,293.96495057917826,196.8090965082765
2008-01-24,295.71440010111354,198.78953339190528
2008-01-25,293.4557376122046,195.63435962809018
2008-01-28,296.50788836669466,199.06741482185492
2008-01-29,297.17017411502326,200.29362518528706
2008-01-30,296.8359041935069,199.33942741323366
2008-01-31,298.7477885714913,202.6827988567266
2008-02-01,300.38475972556256,205.1631279749603
2008-02-04,300.1004844269551,203.01653296445207
2008-02-05,296.82341507146066,196.5209311501888
2008-02-06,296.0142915691193,195.02272614289646
2008-02-07,297.7887193351471,196.5606310612557
2008-02-08,297.49818994183556,195.7343452540186
2008-02-11,299.26012858581714,196.8870246338879
2008-02-12,300.6940514029864,198.3175854437069
2008-02-13,302.20918211449936,201.0155102770287
2008-02-14,302.1685686336466,198.3175854437069
2008-02-15,303.5806211867135,198.4837256230677
2008-02-19,304.05858274752865,198.30582981904647
2008-02-20,305.61745398724645,199.95987313004304
2008-02-21,304.09919622838146,197.3869168684928
2008-02-22,305.7892890527136,198.94244625008332
2008-02-25,307.73865986419884,201.69037287012864
2008-02-26,308.7508317034421,203.08564885844785
2008-02-27,308.68834795848693,202.89892287529239
2008-02-28,307.90422176759995,201.08462617102444
2008-02-29,303.86489648532097,195.63730302113493
2008-03-03,304.4865687527968,195.7416857891119
2008-03-04,304.34287711349805,195.06684114353047
2008-03-05,305.72993235511046,196.08866516553869
2008-03-06,301.32821279250857,191.77198184272004
2008-03-07,299.9005440700434,190.15911013931273
2008-03-10,296.5453748001954,187.218588697541
2008-03-11,305.233208510183,194.1699856932938
2008-03-12,303.66808317576124,192.42331523898065
2008-03-13,304.90206563601873,193.4098544394891
2008-03-14,299.02895589010876,189.39016665389238
2008-03-17,297.1889173317737,187.69348003878417
2008-03-18,308.5258940350758,195.6534737353624
2008-03-19,302.9714380412839,190.9015989823675
2008-03-20,306.0798184460251,195.4726345382964
2008-03-24,308.4603023101305,198.46755490884016
2008-03-25,308.8133154483972,198.9248038393334
2008-03-26,308.1510297000686,197.18107677806503
2008-03-27,307.2388089719193,194.9212867679642
2008-03-28,306.53903679009,193.3716262249446
2008-03-31,307.6543058551413,194.47137837256426
2008-04-01,311.5061989699166,201.4521913512459
2008-04-02,311.5499394981215,201.0625686707074
2008-04-03,311.74986078767137,201.32427938642957
2008-04-04,312.2122252464501,201.48453277970088
2008-04-07,312.57147341205894,201.79917072767267
2008-04-08,312.61834098761574,200.76998822305256
2008-04-09,312.37466010249915,199.14534294746628
2008-04-10,312.8307704665739,200.03632955913204
2008-04-11,311.65927175127155,195.96075320072234
2008-04-14,311.98416053073174,195.29766417980136
2008-04-15,312.8307704665739,196.19600927407893
2008-04-16,313.59928048806245,200.64794509680715
2008-04-17,313.65551013831356,200.77293161609728
2008-04-18,313.6023884680526,204.41475234581597
2008-04-21,313.64612899625735,204.097188952318
2008-04-22,312.4371438474543,202.299045014759
2008-04-23,313.1837836048405,202.88569555410953
2008-04-24,314.2803094531414,204.19274154116073
2008-04-25,315.38619737613647,205.5189195830027
2008-04-28,315.59549980774256,205.30279556443696
2008-04-29,315.2018731886231,204.50443609608774
2008-04-30,314.58645501585136,203.71785019991756
2008-05-01,317.24185210387,207.20971941202146
2008-05-02,317.9666215971538,207.88016691555433
2008-05-05,317.876032560754,206.93772476816127
2008-05-06,318.7038802124839,208.5211984361583
2008-05-07,316.8888389656033,204.7440893114929
2008-05-08,317.77606238229816,205.49540833368192
2008-05-09,317.3105708761674,204.1133596665455
2008-05-12,319.0693824727969,206.36284780098978
2008-05-13,319.284938999107,206.28346592637453
2008-05-14,319.67543857087446,207.1097517336116
2008-05-15,319.98473024829826,209.30189754623902
2008-05-16,321.28741241349127,209.56360826196118
2008-05-19,321.67169602527844,209.75180594163905
2008-05-20,320.47518093115974,207.80665387951004
2008-05-21,317.5542517612841,204.47062297111037
2008-05-22,318.2977644713183,205.00580002721506
2008-05-23,315.5049107713431,202.2975912657552
2008-05-27,317.30433584882536,203.68256537841782
2008-05-28,318.40709672446843,204.48973707838266
2008-05-29,319.76604667463624,205.58067699438664
2008-05-30,320.115913698189,205.89237154931374
2008-06-02,318.072826802952,203.72962377209655
2008-06-03,316.74825530629477,202.5504718023431
2008-06-04,316.7888687871475,202.48429930139213
2008-06-05,321.381147564605,206.43196369498548
2008-06-06,313.4461886393458,200.0554436664043
2008-06-09,314.29279857518793,200.21422536315328
2008-06-10,313.49931030960676,199.72608875320878
2008-06-11,308.51027786567766,196.3518475777832
2008-06-12,309.75051442063926,196.99582249143194
2008-06-13,314.25218509433506,199.959873130043
2008-06-16,314.3708984895413,199.9760438442705
2008-06-17,312.2247143684964,198.62193946354057
2008-06-18,309.4318606685212,196.69295811563907
2008-06-19,310.4440325077646,197.43101392160818
2008-06-20,308.3946915178235,193.77007908461727
2008-06-23,309.11320691640316,193.7803630127553
2008-06-24,308.87578012599073,193.23490202851258
2008-06-25,310.37531373546716,194.3640522115425
2008-06-26,304.3959797163972,188.65650798997177
2008-06-27,304.00548014462976,187.95519075450625
2008-06-30,304.25852310444054,188.193372273389
2008-07-01,305.4925055646981,188.91527531264916
2008-07-02,300.75964312793195,185.47633333279492
2008-07-03,301.67184478871934,185.67923003017793
2008-07-07,299.0445720595073,184.122228952065
2008-07-08,304.29913658529335,187.26710084022352
2008-07-09,297.63877360114446,183.00187305313216
2008-07-10,299.7974468442356,184.28101064881398
2008-07-11,296.71406375094887,182.2373446572789
2008-07-14,293.9024668342233,180.5921315254166
2008-07-15,290.6972623657401,178.6234502664482
2008-07-16,297.9667894279567,183.10038698253817
2008-07-17,301.3438289619071,185.29989127777748
2008-07-18,302.64029516711975,185.3528364575457
2008-07-21,303.39004290449606,185.25285083161725
2008-07-22,305.7674187886113,187.75229405712318
2008-07-23,306.01733470107007,188.515350756454
2008-07-24,303.1026405585366,184.15604207704231
2008-07-25,303.90863701352595,184.9235138659403
2008-07-28,301.0876589547442,181.48457188608606
2008-07-29,305.22071938813696,185.7233270832933
2008-07-30,307.25131716132756,188.81970477628778
2008-07-31,305.9673400781612,186.33790396153174
2008-08-01,305.5737325264036,185.2984375287736
2008-08-04,304.39597971639716,183.63703573516514
2008-08-05,308.2572349058668,188.91086022308195
2008-08-06,308.9882584938547,189.54453326107406
2008-08-07,307.7199166474485,186.14529119228672
2008-08-08,309.4912173661243,190.59282987296643
2008-08-11,309.9442006828469,191.91606452176367
2008-08-12,309.8348493623349,189.6033472794132
2008-08-13,309.90046015464213,189.05052781255864
2008-08-14,310.2253489341023,190.09442728240245
2008-08-15,310.23785712351054,190.86923960639368
2008-08-18,308.0916730024656,187.98753218296113
2008-08-19,306.3203532164279,186.23644663908087
2008-08-20,307.79488951444995,187.3906156629911
2008-08-21,308.5446372518263,187.85814852162238
2008-08-22,310.91263199388544,189.98708317386212
2008-08-25,307.2731874254301,186.25850413939781
2008-08-26,308.2572349058669,186.9451223571582
2008-08-27,309.98794121105175,188.43744057836105
2008-08-28,312.4152735833521,191.23387934108888
2008-08-29,310.2628353676031,188.6094495962928
2008-09-02,309.6411631001272,187.8375627178277
2008-09-03,309.68177658097994,187.4552985199011
2008-09-04,301.9092715791318,181.84625028021787
2008-09-05,303.3712996877457,182.65196823117893
2008-09-08,308.7070911752374,186.3981896763931
2008-09-09,299.49130128152575,180.03489696899467
2008-09-10,301.18450208584807,181.14200759922616
2008-09-11,305.54873521494915,183.6429225212545
2008-09-12,305.85800782501104,184.0325272542744
2008-09-15,293.48698901836326,175.35798900104788
2008-09-16,297.251401076729,178.43083749720302
2008-09-17,283.4058459720592,170.01948165622102
2008-09-18,293.9274641456777,177.38842767140014
2008-09-19,313.79607473026033,184.52947609583455
2008-09-22,308.2853592646732,177.47369633210482
2008-09-23,305.08326277618016,174.69931506969397
2008-09-24,305.542481120245,174.3538073897895
2008-09-25,310.0847843421555,177.7809937449833
2008-09-26,309.9691789269394,178.38232535452045
2008-09-29,292.4373116782573,162.67259314135882
2008-09-30,302.237287405944,171.4853272875397
2008-10-01,300.73777286382943,170.70609987398134
2008-10-02,290.1849223514143,163.82821591427285
2008-10-03,287.66072778064824,161.61546635033224
2008-10-06,277.6389414319473,155.39038748340676
2008-10-07,260.884946279448,146.47178092520798
2008-10-08,257.632874235408,144.8118598018812
2008-10-09,240.0416502891227,133.7819610021926
2008-10-10,236.81455648917523,132.20878023609288
2008-10-13,264.249496691352,147.51860584057798
2008-10-14,261.3879242190795,146.7334916409301
2008-10-15,236.89265640352866,133.47615323335503
2008-10-16,247.5298609250014,139.14988432994832
2008-10-17,240.166617779033,138.2853703081667
2008-10-20,248.62015174596007,144.8794950255953
2008-10-21,245.83978716803117,140.41724835345119
2008-10-22,235.8523602054789,131.85004523500567
2008-10-23,237.83298242312264,133.51584417066263
2008-10-24,230.53845804945158,128.9080520967116
2008-10-27,227.02706988353475,124.81337060478891
2008-10-28,243.57488965178,138.2794924958365
2008-10-29,240.17285280637526,136.74748333732606
2008-10-30,245.52426046326522,140.2761090674521
2008-10-31,248.89193792252135,142.43150733581666
2008-11-03,250.38519836993189,142.07129166444778
2008-11-04,254.60884783972432,147.8714720030943
2008-11-05,249.7354017436495,140.08203357544403
2008-11-06,241.72861606610283,133.04095282941947
2008-11-07,247.37991519099856,136.87980141795023
2008-11-10,246.38648656850557,135.14783895510152
2008-11-11,242.91885799815546,132.1690892987853
2008-11-12,233.08137676960604,125.3103194463491
2008-11-13,246.31151370150408,133.98338600305323
2008-11-14,237.85172563987288,128.396395263687
2008-11-17,232.83771495185132,125.08243082936366
2008-11-18,235.54621464276897,126.31303833484435
2008-11-19,222.32545885292706,118.58829173786347
2008-11-20,207.39901313671655,110.62829804128525
2008-11-21,215.80567952808676,117.62527276043508
2008-11-24,220.74159030175485,125.2382781068272
2008-11-25,222.1598969495258,126.0586861017341
2008-11-26,224.1717515059661,130.512102594744
2008-11-28,224.52163759688077,131.77064541287191
2008-12-01,219.9074885553209,120.00415352997729
2008-12-02,222.74095573614886,124.79719989056146
2008-12-03,224.29669992851458,128.021480574613
2008-12-04,223.13770940262043,124.26937234330934
2008-12-05,225.22453682606218,128.80513205149776
2008-12-08,226.03989535574578,133.74961957373762
2008-12-09,226.08676293130264,130.65765697031023
2008-12-10,226.54285422801536,132.21172362913768
2008-12-11,226.53661920067321,128.440510264321
2008-12-12,226.66782171792573,129.34324352688787
2008-12-15,226.77402692372382,127.70243651083332
2008-12-16,226.942734941839,134.26126743300287
2008-12-17,227.0270698835347,132.97331760570538
2008-12-18,227.0270698835347,130.15924540598692
2008-12-19,225.58691203902316,130.54150960391354
2008-12-22,223.93432471555363,128.15233593247402
2008-12-23,222.66598286914748,126.90702043552886
2008-12-24,223.76250871744836,127.6406880732087
2008-12-26,225.0589558552991,128.32435392416502
2008-12-29,225.11207752556004,127.82740508260486
2008-12-30,228.87961663127783,130.94730299867948
2008-12-31,231.20697882512226,132.8012996140143
2009-01-02,234.32786741927168,136.99889217739155
2009-01-05,234.27474574901078,136.3593323533099
2009-01-06,235.25255820210535,137.42527137595215
2009-01-07,232.67526102844022,133.30119184861923
2009-01-08,233.66556260358112,133.7540256895454
2009-01-09,231.90987805430368,130.90465969456784
2009-01-12,228.55158173710367,127.95091093161336
2009-01-13,229.42631603175226,128.17585615555407
2009-01-14,222.89402851750384,123.88710814538264
2009-01-15,223.22517139166814,124.05177662822109
2009-01-16,228.20482269354102,124.98980368604703
2009-01-20,220.55103108689917,118.38832945976586
2009-01-21,227.95177973373023,123.53718537591108
2009-01-22,226.53036510596914,121.66407465330397
2009-01-23,227.4269505973582,122.31834246885003
2009-01-26,228.8889787059721,122.99760220399855
2009-01-27,230.8352224701052,124.34142265659045
2009-01-28,234.3153592298635,128.51402330036524
2009-01-29,230.94770083796928,124.25761671864886
2009-01-30,228.151720090642,121.42589313442123
2009-02-02,228.49222503950054,121.36120130375187
2009-02-03,231.14762212751918,123.2828331428008
2009-02-04,230.63842822790738,122.35950510268
2009-02-05,232.49719093563087,124.3619994866258
2009-02-06,234.96828290349794,127.70684262664109
2009-02-09,235.7930225752376,127.89651200284133
2009-02-10,230.5384580494515,121.61408184033976
2009-02-11,232.34411815427595,122.58151590733526
2009-02-12,233.47813043607752,122.79470550661556
2009-02-13,232.04422668627015,121.56704139417957
2009-02-17,223.6250521054917,116.02856279749591
2009-02-18,223.48446844618306,115.91829324342949
2009-02-19,221.29767084428536,114.52448895163268
2009-02-20,219.01403011128383,113.21742501706294
2009-02-23,214.96532368694875,109.28889267826041
2009-02-24,220.59789866245603,113.67173952827072
2009-02-25,219.98246142232233,112.46024613006227
2009-02-26,218.45484158876314,110.68564036310191
2009-02-27,215.57450683237826,108.0773992800519
2009-03-02,208.04255566829474,103.03881291797316
2009-03-03,207.32404026971506,102.3786672900969
2009-03-04,211.82883799076296,104.81047529188874
2009-03-05,203.99697629131174,100.35264370931172
2009-03-06,204.29688682667938,100.47467786179784
2009-03-09,202.35062399518435,99.46755285749475
2009-03-10,213.91253836685266,105.79995788544194
2009-03-11,215.08403708215505,106.05872520811931
2009-03-12,221.9911889314107,110.37835192398269
2009-03-13,223.40324148447758,111.232573043867
2009-03-16,223.46885227678476,110.84148764056545
2009-03-17,227.61438276486183,114.40392649566888
2009-03-18,228.87023548922173,116.79015677406363
2009-03-19,229.25448096628514,115.2743183297807
2009-03-20,226.8427647633831,112.99541421240762
2009-03-25,228.17165873247788,114.08314993794517
2009-03-26,229.9019604206377,116.7436108715535
2009-03-27,228.71293830482227,114.3719038192777
2009-03-30,225.77843201995768,110.38962239383928
2009-03-31,227.37493113509578,111.83899559867896
2009-04-01,229.18125659064313,113.69067018012673
2009-04-02,230.97236244432088,116.95667497811937
2009-04-03,232.1978744836431,118.09487055350137
2009-04-06,232.383368021551,117.11086070444972
2009-04-07,231.5775272235373,114.31723470423772
2009-04-08,232.6235964447192,115.66428512099
2009-04-09,233.7426826338949,120.06568787298465
2009-04-13,233.8095746401607,120.36985861586682
2009-04-14,233.82781960191411,117.95469860032215
2009-04-15,233.98595497743696,119.43491408367815
2009-04-16,234.06804802508222,121.29078937490443
2009-04-17,234.5454795115347,121.89352706249169
2009-04-20,228.83458375683833,116.67773416015945
2009-04-21,232.06102799024742,119.15737635411672
2009-04-22,231.33119239913117,118.24204939325618
2009-04-23,232.82430958449666,119.41528795693299
2009-04-24,234.74010481056445,121.42114826471109
2009-04-27,234.04068986269718,120.19885293958839
2009-04-28,233.91600049030714,119.86944371636696
2009-04-29,236.7197666830141,122.45982722880274
2009-04-30,237.0025728704369,122.3434821121472
2009-05-01,237.76585446468607,123.00369509157152
2009-05-04,240.30504087123353,127.16960143345806
2009-05-05,240.44797520537696,126.68740957230482
2009-05-06,241.2507906435069,128.89232021349773
2009-05-07,240.9284506122034,127.19063064860177
2009-05-08,241.71909036883767,130.2519813150026
2009-05-11,241.55488571305708,127.44994533981652
2009-05-12,241.85289294185935,127.32519024818691
2009-05-13,241.42410849991927,123.90079045866838
2009-05-14,242.01102831738223,125.18336725242514
2009-05-15,240.85849612507363,123.7550147073121
2009-05-18,245.09758213702196,127.51583060662762
2009-05-19,245.43512320970495,127.29435652508765
2009-05-20,245.0428472517617,126.64115043223889
2009-05-21,242.9385145674121,124.51895356322234
2009-05-22,242.87160400065622,124.33252246997716
2009-05-26,246.25011432933053,127.60273653316536
2009-05-27,244.28869741863429,125.18196416402661
2009-05-28,246.04028798892136,127.11213469703806
2009-05-29,247.95912713536302,128.8376510984577
2009-06-01,249.27584542296213,132.16392880966734
2009-06-02,249.48871568374523,132.42604967767915
2009-06-03,248.99608315591325,130.60662046314619
2009-06-04,249.71678698590782,132.10646207324737
2009-06-05,249.90228052381576,131.77425522864596
2009-06-08,250.18813063161252,131.64109016204227
2009-06-09,250.5773812296719,132.10225280805176
2009-06-10,250.61387115317868,131.64249325044076
2009-06-11,250.7628747675798,132.44707889282282
2009-06-12,250.8845202195959,132.63210689766947
2009-06-15,250.51351458328992,129.47963248411824
2009-06-16,250.23984015698883,127.83261203426231
2009-06-17,250.66251819769104,127.65600255980681
2009-06-18,251.158194645897,128.7297159567762
2009-06-19,250.86323133746862,129.13060568956868
2009-06-22,246.10413607481317,125.1791579872295
2009-06-23,246.59372468227127,125.46791186856201
2009-06-24,248.20239947890505,126.28651983951225
2009-06-25,251.77856046649282,128.994643001585
2009-06-26,251.82111967025742,128.80401119856134
2009-06-29,253.48757327252534,129.97163740864403
2009-06-30,252.73340487890775,128.86288102337983
2009-07-01,253.30814901487514,129.42497192449528
2009-07-02,248.86532450326547,125.65293987340867
2009-07-06,249.37315807247694,125.97533365463747
2009-07-07,245.12800278027092,123.49570001609726
2009-07-08,245.19793870691063,123.28964279610692
2009-07-09,245.81524204664254,123.72697860559273
2009-07-10,245.1888069457889,123.22936988288988
2009-07-13,250.84803029608906,126.30193670106185
2009-07-14,252.51142141749295,126.97336583225727
2009-07-15,257.34654044753586,130.73557626455425
2009-07-16,258.2223357326795,131.86536186496218
2009-07-17,258.87917291629213,131.81490201511775
2009-07-20,260.42093714617005,133.32175051179448
2009-07-21,261.0899500112783,133.80534546134626
2009-07-22,261.30584563194526,133.7338563963581
2009-07-23,263.04223516085284,136.84847308940041
2009-07-24,263.498377765178,137.26478823915963
2009-07-27,263.7568511500996,137.6740879469262
2009-07-28,263.61697929682015,137.31524808900406
2009-07-29,263.36153127178244,136.6886835648931
2009-07-30,264.1035239839043,138.31467479960534
2009-07-31,264.21603767479866,138.4169975876927
2009-08-03,264.945873265915,140.54060610052485
2009-08-04,265.14049856494466,140.9639281368596
2009-08-05,265.2408365743434,140.55321678527747
2009-08-06,265.1070340013217,139.76265347146358
2009-08-07,265.5053978000128,141.640952510815
2009-08-10,265.60879829027544,141.16717062463587
2009-08-11,265.46890787650597,139.37997822160065
2009-08-12,265.6969791786685,140.9863518849848
2009-08-13,265.77604686642997,141.9563394054683
2009-08-14,265.8186246306846,140.74526023211672
2009-08-17,265.5327745228879,137.33066495055374
2009-08-18,265.8459827930697,138.72397450737196
2009-08-19,265.92505048083115,139.67574754492583
2009-08-20,266.01324992971433,141.20501978972771
2009-08-21,265.96762824508573,143.83464700023683
2009-08-24,266.34470316164953,143.75614249325608
2009-08-25,266.7187527183294,144.0967678682486
2009-08-26,266.9589811414976,144.11358781819675
2009-08-27,267.4820157520885,144.51447755098926
2009-08-28,267.6158183251102,144.2271353134723
2009-08-31,266.5545295020587,143.06229816935252
2009-09-01,262.8354527408176,139.89721307104872
2009-09-02,262.66211632391514,139.43605042503918
2009-09-03,264.5566226678556,140.62610893866412
2009-09-04,267.23874340854644,142.47077663353636
2009-09-08,268.8017965205517,143.7309211237509
2009-09-09,269.963441913492,144.8494905723877
2009-09-10,270.91221704564913,146.35914524586147
2009-09-11,270.9517508895298,146.1614980008452
2009-09-14,271.4565405383674,147.0880325580598
2009-09-15,271.71807640415295,147.5492037594864
2009-09-16,271.83059009504734,149.81017804870075
2009-09-17,271.9005260216871,149.35181302407122
2009-09-18,272.15595548623475,149.74570442570524
2009-09-21,272.28975805925637,149.23547646283274
2009-09-22,273.3115315989172,150.21668013508736
2009-09-23,272.24111101474404,148.70421928481653
2009-09-24,270.59596485509354,147.28988906827166
2009-09-25,269.83875254110205,146.39278514575776
2009-09-28,272.87363395634554,148.99998005272462
2009-09-29,272.6668515363102,148.66777320812318
2009-09-30,272.0404164354565,148.1729621068003
2009-10-01,267.2691640517956,144.35608255946332
2009-10-02,266.5910194255656,143.7056826434116
2009-10-05,270.3070708269229,145.8433049293949
2009-10-06,273.1199502202615,147.84215835059743
2009-10-07,273.8801878941368,148.24304808338994
2009-10-08,275.25468498737007,149.35040993567267
2009-10-09,276.5105991094513,150.19284474314657
2009-10-12,277.0518972422858,150.85164607875527
2009-10-13,277.1431220510528,150.43113021921758
2009-10-14,278.2561203994807,153.07057904851632
2009-10-15,278.5145937844022,153.70696519141694
2009-10-16,279.23529761439687,152.46223756275202
2009-10-19,280.58548046561896,153.89619390604207
2009-10-20,280.11109289954044,152.93601944893118
2009-10-21,278.93729038559457,151.58195359018626
2009-10-22,280.6949502361394,153.19533414014592
2009-10-23,279.0589172771205,151.32963723013
2009-10-26,277.2100326178086,149.55645860024592
2009-10-27,276.67177840534816,149.06026152135865
2009-10-28,272.7580763450773,146.14748422769404
2009-10-29,277.3985700760905,149.4387189506089
2009-10-30,271.5325643057551,145.24476795158606
2009-11-02,273.08346029675477,146.18252721598884
2009-11-03,273.9835698239094,146.53716636413253
2009-11-04,274.40626642510176,146.6899490020643
2009-11-05,278.5723725900364,149.5116111039956
2009-11-06,279.5637254864483,149.88587637888443
2009-11-09,282.80841468161077,153.21915242125257
2009-11-10,283.139886474036,153.20934791329705
2009-11-11,283.82712574040767,153.98029365578282
2009-11-12,282.89052628974616,152.40055300571944
2009-11-13,283.9213944695486,153.27522462469113
2009-11-16,285.0374367383504,155.49275450605364
2009-11-17,285.2563762793913,155.6357155251958
2009-11-18,285.3688899702857,155.56284048264325
2009-11-19,285.4236248555459,153.4742749581059
2009-11-20,286.30855190181114,152.98086694518153
2009-11-23,288.2577931310118,155.06382011612482
2009-11-24,288.63486804757554,154.98112345478262
2009-11-25,289.0514953685101,155.67917704388174
2009-11-27,286.37544390807693,152.99628380673118
2009-11-30,287.546221062139,153.5765977461933
2009-12-01,289.2947677120522,155.43106994902104
2009-12-02,289.6323087847352,155.4843359756625
2009-12-03,288.8507822287326,154.1779409007991
2009-12-04,289.699200791001,155.02737403943146
2009-12-07,289.8330033640226,154.64470734498565
2009-12-08,288.8507822287326,153.05935434132817
2009-12-09,289.483305170334,153.6214452424436
2009-12-10,290.2769888473422,154.5185491649575
2009-12-11,290.90951178894363,155.08765550806558
2009-12-14,291.44167816065635,156.166972703212
2009-12-15,291.34132159076756,155.30071961463148
2009-12-16,291.6575737813232,155.4759345561055
2009-12-17,291.53594688979723,153.6396682807903
2009-12-18,293.14764704631483,154.53536911490568
2009-12-21,294.8505720115994,156.15857128365502
2009-12-22,295.5195848767077,156.7150498311764
2009-12-23,295.76285722024977,157.07528422207997
2009-12-24,296.32240031483764,157.90089907960575
2009-12-28,296.65082818688904,158.08312946307237
2009-12-29,296.69036203076973,157.86164682611533
2009-12-30,296.7329212345342,157.89249766004872
2009-12-31,295.9696582007751,156.30574156799275
2010-01-04,297.4688446663984,158.81341986366925
2010-01-05,297.80334181870757,159.30823096499213
2010-01-06,297.90369838859635,159.39513689152992
2010-01-07,297.9857914362416,160.03290901199495
2010-01-08,298.2321077001576,160.49408021342154
2010-01-11,298.2929304261657,160.77442411978
2010-01-12,298.23819554090545,159.26617253470474
2010-01-13,298.314219308293,160.59221084714747
2010-01-14,298.3963309164283,160.9818758727518
2010-01-15,298.51795780795436,159.23954807680107
2010-01-19,300.5858191292872,161.22998296761247
2010-01-20,299.21739131631165,159.52129507155806
2010-01-21,295.6077843255909,156.49917954781347
2010-01-22,290.2100968410763,153.03413297182308
2010-01-25,291.9951334144963,153.73779891451628
2010-01-26,291.09804924722545,153.09160826366013
2010-01-27,292.3874093724396,153.83871861420516
2010-01-28,289.6748865489898,152.02069248807072
2010-01-29,286.96538908542374,150.52645467614656
2010-02-01,291.0433143619653,152.67388147008535
2010-02-02,294.42789397089734,154.65451185294125
2010-02-03,293.31185170209557,153.8078848911059
2010-02-04,284.56304917227186,149.01820309107134
2010-02-05,285.5544020686837,149.4499265469631
2010-02-08,283.07297590728024,148.12530843375302
2010-02-09,286.9106542001636,150.05688205516302
2010-02-10,286.26901805793045,149.72186903376453
2010-02-11,289.1944111421634,151.17124223860426
2010-02-12,289.0180308048872,150.75633873266062
2010-02-16,293.6767694976538,153.47006569291042
2010-02-17,295.12730891876475,154.12046560896212
2010-02-18,296.9123454921847,155.13530918111303
2010-02-19,295.641230328724,155.47453146770707
2010-02-22,295.9453253982741,155.3119272109856
2010-02-23,293.8349048731767,153.43221652781858
2010-02-24,295.5925647237215,154.92364816294565
2010-02-25,295.72941121711705,154.6012458262998
2010-02-26,296.0304623662933,154.81851919806124
2010-03-01,297.69387204818736,156.39124440613205
2010-03-02,298.1865045760193,156.7557051730653
2010-03-03,298.37808595467504,156.82298497285788
2010-03-04,298.92240944739336,157.40889415507993
2010-03-05,300.15096540708953,159.61379624085578
2010-03-08,300.35774782712485,159.5857686945536
2010-03-09,300.56148632678617,159.85909715891944
2010-03-10,300.6435979349215,160.58238922835784
2010-03-11,300.82300363208157,161.23138605601102
2010-03-12,300.8655813963362,161.19634306771619
2010-03-15,300.9476930044716,161.2692352211029
2010-03-16,300.99025220823614,162.52376735772336
2010-03-17,301.06627597562374,163.46992804168315
2010-03-18,301.09365269849883,163.41666201504165
2010-03-19,301.44032553230363,162.58545191475594
2010-03-22,302.6992650142687,163.41387294907875
2010-03-23,303.6936618310544,164.58570842435702
2010-03-24,303.19191610259077,163.6815890598505
2010-03-25,302.5563492406154,163.40264824189057
2010-03-26,303.00640400419275,163.5231940683246
2010-03-29,304.04033466485913,164.4525348023363
2010-03-30,304.2410292441466,164.45955024432888
2010-03-31,303.9369341745965,163.9212947351542
2010-04-01,304.7427935331003,165.1365746182843
2010-04-05,305.6854808245097,166.44577586994475
2010-04-06,305.95004205017904,166.72611977630322
2010-04-07,305.7280585887642,165.74631919244715
2010-04-08,306.08384462320066,166.30560391676553
2010-04-09,306.2967148839838,167.4171750342438
2010-04-12,306.42442961625756,167.7129358021519
2010-04-13,306.506541224393,167.82788638582596
2010-04-14,306.6129856350296,169.69917853860187
2010-04-15,306.6251427560352,169.84215666857813
2010-04-16,307.1360202456206,167.10319122798907
2010-04-19,308.264219635428,167.85872010892518
2010-04-20,309.7877203430624,169.2113828792716
2010-04-21,309.55357976064204,169.0389570037605
2010-04-22,309.98843348283987,169.42164080904047
2010-04-23,310.6057368225717,170.62851927261354
2010-04-26,310.2256179856341,169.89542269521962
2010-04-27,305.6337898596233,165.92293722231966
2010-04-28,307.65602949632756,166.99525608630756
2010-04-29,309.9549874797069,169.15671376423157
2010-04-30,306.8836161409567,166.34064690506028
2010-05-03,309.62960352802946,168.523133798128
2010-05-04,305.025599720523,164.50580082897773
2010-05-05,303.72710783418717,163.4222743686357
2010-05-06,294.6620345533177,158.13499240131534
2010-05-07,290.6206177607731,155.7142200321766
2010-05-10,302.811797265653,162.56161652281514
2010-05-11,302.07891775416283,162.00934724048935
2010-05-12,305.92268388779394,164.23527854140886
2010-05-13,302.933424157179,162.24061727456777
2010-05-14,297.7394751723258,159.19049131535513
2010-05-17,298.0679030443772,159.36709223439357
2010-05-18,294.0021534493313,157.1047319676148
2010-05-19,292.4026104138192,156.29874323683424
2010-05-20,281.17238172259215,150.2068585162977
2010-05-21,275.9845205784867,152.46362354031646
2010-05-24,275.6287345440503,150.49562095304728
2010-05-25,276.74780217273593,150.54888697968875
2010-05-26,276.2703706862834,149.6966305534252
2010-05-27,280.73144015964647,154.61808288708198
2010-05-28,279.0680490382425,152.70473230401868
2010-06-01,276.8907179463892,150.08350651306662
2010-06-02,281.17846956333995,153.96207061743618
2010-06-03,281.7927289826979,154.5858289647501
2010-06-04,277.17352413381195,149.26631018593199
2010-06-07,275.7382043145706,147.2464275495857
2010-06-08,278.189209832725,148.8626142763424
2010-06-09,277.51108376698505,147.9781210385811
2010-06-10,282.0816230108685,152.34448080228094
2010-06-11,283.1885335185486,153.0117006682808
2010-06-14,283.51087354985214,152.7355660271179
2010-06-15,284.7515866305538,156.32396460633936
2010-06-16,284.90059024495497,156.2370586798016
2010-06-17,284.97357009196855,156.4375121016149
2010-06-18,286.2294842140497,156.6435607661882
2010-06-21,284.4474915610037,156.03941143478534
2010-06-22,281.6711020911719,153.53175024994295
2010-06-23,281.269694372107,153.0733852253134
2010-06-24,277.60839641649994,150.50121619580722
2010-06-25,279.04371623574133,150.93155367413456
2010-06-28,278.44768321764667,150.6245681990383
2010-06-29,270.6567690206118,145.95264315947486
2010-06-30,267.88037955078005,144.47662838589736
2010-07-01,267.32389893705613,144.0084588533123
2010-07-02,266.00716208896694,143.33703827753394
2010-07-06,267.58846016272554,144.10518639863972
2010-07-07,275.9693195371072,148.6201195350758
2010-07-08,278.66968523955154,150.01903289007103
2010-07-09,280.7010380768875,151.099753173616
2010-07-12,280.9929760254321,151.21049449209448
2010-07-13,284.9827018530905,153.53594240430436
2010-07-14,285.2168424355108,153.51212412319774
2010-07-15,285.5969612724484,153.6957404842288
2010-07-16,283.54736347335904,149.26631018593196
2010-07-19,284.9735700919687,150.15920484325028
2010-07-20,286.95627588479226,151.8735050928988
2010-07-21,284.9766140123426,149.92651460993918
2010-07-22,288.1209466376164,153.30186619342888
2010-07-23,289.3495025973125,154.56201068364345
2010-07-26,290.58412783726635,156.29313088324008
2010-07-27,290.62670560152105,156.12912353812013
2010-07-28,290.07931962793873,155.04840325457516
2010-07-29,290.0276286630525,154.40361569211754
2010-07-30,290.21921004170827,154.41342020007306
2010-08-02,292.23231791729086,157.8139931530679
2010-08-03,291.9738445323693,157.05706118373323
2010-08-04,292.4391003373261,158.00743113288863
2010-08-05,292.4269432163206,157.80699482190943
2010-08-06,292.6063489134807,157.22247161725178
2010-08-09,292.97735454978664,158.08453255147086
2010-08-10,292.80097421251037,157.1411780443081
2010-08-11,290.94600171245065,152.71313372357568
2010-08-12,290.6054167193937,151.8917281312455
2010-08-13,290.4959469488733,151.28058046868412
2010-08-16,291.32003270864044,151.2988035070308
2010-08-17,292.99559951154,153.14347120190303
2010-08-18,293.2358279347082,153.37054908162
2010-08-19,292.62156851535013,150.77315868260865
2010-08-20,293.9656635258244,150.22087228944875
2010-08-23,294.0964221784722,149.61393389208294
2010-08-24,291.79442027471896,147.44267170620338
2010-08-25,292.44823209844776,147.9276611887366
2010-08-26,291.3169887882665,146.79086870175317
2010-08-27,294.6681223940657,149.22565484404302
2010-08-30,292.3539633693069,147.02917128865835
2010-08-31,292.41174217494097,147.08662946966123
2010-09-01,297.25901832598953,151.42636477545742
2010-09-02,298.4054441170602,152.8014427385119
2010-09-03,299.80733649365874,154.8213253748582
2010-09-07,299.2599505200765,153.04534056817704
2010-09-08,299.82558145541213,154.03075350562722
2010-09-09,300.2665044578677,154.7750747902093
2010-09-10,300.57059952741787,155.52779749434836
2010-09-13,300.81389043145,157.25891769394505
2010-09-14,300.8290914728294,157.146773287068
2010-09-15,300.8868702784636,157.70325183458937
2010-09-16,300.9446490840977,157.64579365358645
2010-09-17,301.1088537398783,157.776143987976
2010-09-20,303.4078117232577,160.1758871419711
2010-09-21,302.9729580010598,159.76519290122303
2010-09-22,302.5381042788619,158.9942471587373
2010-09-23,301.3065229592819,157.66961193469308
2010-09-24,304.3170530115341,161.0113236182865
2010-09-27,304.01904578273184,160.09880283422297
2010-09-28,304.7184607305991,160.8753438194687
2010-09-29,304.4873455080625,160.45903722512656
2010-09-30,304.29576412940673,159.9642261238037
2010-10-01,305.1594022935447,160.67069824329397
2010-10-04,304.5603439155662,159.37972002998015
2010-10-05,306.53087402689414,162.70459465279131
2010-10-06,306.7254993259238,162.59525642271132
2010-10-07,306.73156860618155,162.32754031193954
2010-10-08,307.13602024562044,163.32135466894675
2010-10-11,307.33368946502407,163.34517295005335
2010-10-12,307.41578251266935,163.9689484082014
2010-10-13,307.5343840443115,165.13657461828413
2010-10-14,307.6012946110673,164.53524857451245
2010-10-15,307.98141344800496,164.86884139667825
2010-10-18,309.42282110799414,166.06310917549877
2010-10-19,306.9657277490919,163.4264836338312
2010-10-20,308.82070024915157,165.14639623707384
2010-10-21,309.25252861146566,165.43935082818487
2010-10-22,309.79076426343613,165.83462820738328
2010-10-25,310.11919213548754,166.19067044392543
2010-10-26,310.131349256493,166.1934766207225
2010-10-27,309.9184975562,165.74631919244698
2010-10-28,310.0948593329863,165.9327588411092
2010-10-29,310.1769709411216,165.85986668772256
2010-11-01,310.2621264696309,166.01685859084995
2010-11-02,311.23217192342526,167.30503062736668
2010-11-03,312.2661025840917,167.92038755512357
2010-11-04,313.6679764002001,171.1583733622311
2010-11-05,314.03896347601597,171.82978538259235
2010-11-08,314.16365284840595,171.46534172649316
2010-11-09,313.82915569609685,170.08465140984458
2010-11-10,314.14542644714265,170.82895558359257
2010-11-11,314.13325076564695,170.1042775365898
2010-11-12,313.44903685915926,168.0956024965976
2010-11-15,313.89604770236264,167.8909569204228
2010-11-16,312.780042554541,165.1702145181804
2010-11-17,313.5493748685579,165.2052575064752
2010-11-18,314.51945744333244,167.74236643685242
2010-11-19,315.1580496651917,168.1684946499842
2010-11-22,315.21580991033574,167.90356760517534
2010-11-23,312.70401878715353,165.50522753957884
2010-11-24,315.2188538307097,167.9750566701635
2010-11-26,312.9746307325906,166.72052453354306
2010-11-29,314.1210750841514,166.49064047702902
2010-11-30,312.7648229526716,165.4800061700737
2010-12-01,316.3409839402594,169.05718004210698
2010-12-02,317.87363496950564,171.2242500736251
2010-12-03,318.5487171148717,171.66998730266792
2010-12-06,318.7402984935275,171.44711868814647
2010-12-07,318.84672434367405,171.53542770308277
2010-12-08,319.16603901509376,172.17041075758488
2010-12-09,319.4427388012786,172.83201826999064
2010-12-10,319.5643842532947,173.86929414568377
2010-12-13,319.6556276225518,173.8776955652408
2010-12-14,319.676897944189,174.03609055676668
2010-12-15,319.70425610657406,173.14459898784688
2010-12-16,319.77118523382006,174.2155147634363
2010-12-17,320.2364224782868,174.3612990702096
2010-12-20,320.8567882988826,174.80563321085393
2010-12-21,321.51668796335923,175.8597290364952
2010-12-22,322.18568226797737,176.4540567491084
2010-12-23,321.9910569689477,176.16390833479437
2010-12-27,322.17959442722963,176.27184347647585
2010-12-28,322.42897317200965,176.40780616445952
2010-12-29,322.7056729581945,176.58582728273058
2010-12-30,322.56275718454117,176.31949714952322
2010-12-31,322.6570444741722,176.2858572496269
2011-01-03,323.74873537998263,178.28050140563388
2011-01-04,323.8703808319987,178.0464080839243
2011-01-05,324.4207736049748,178.93791676367823
2011-01-06,324.30521599370644,178.55803913519532
2011-01-07,324.3326112770717,178.22863846739097
2011-01-10,324.5849968212454,177.9833375493273
2011-01-11,324.92862573467625,178.6463481501316
2011-01-12,325.24489648572205,180.2555194348957
2011-01-13,325.32396417348355,179.94714798223504
2011-01-14,325.3908561797493,181.27597536064064
2011-01-18,325.48206242802615,181.5254855438999
2011-01-19,325.44252858414546,179.6892363794188
2011-01-20,325.52768411265475,179.45654614610774
2011-01-21,325.44557250451936,179.889672690398
2011-01-24,326.6741284642155,180.93955925084373
2011-01-25,326.85657808174955,180.98723003472526
2011-01-26,327.8509748985353,181.7511603352184
2011-01-27,328.16115780883325,182.15906551000356
2011-01-28,324.86173372841046,178.90706592974493
2011-01-31,326.38829691690887,180.27795173843796
2011-02-01,328.93962188397177,183.28743946659586
2011-02-02,328.8514595560688,182.78843621091156
2011-02-03,329.32887248203116,183.2187565784048
2011-02-04,329.8458563728545,183.74720757962396
2011-02-07,330.2867793753101,184.89382168539709
2011-02-08,330.6699421326217,185.66755649384575
2011-02-09,330.5939183652342,185.15033019981476
2011-02-10,330.74900982038315,185.2890990645955
2011-02-11,330.9314594379171,186.3095549903405
2011-02-14,331.05006096955935,186.75388913098482
2011-02-15,331.05310488993325,186.14975691041607
2011-02-16,331.11695297582514,187.31457694370172
2011-02-17,331.2081963450823,187.8906987288024
2011-02-18,331.10782121470345,188.25233620810454
2011-02-22,326.60114861720194,184.38778587688606
2011-02-23,325.24794040609595,183.26081500869228
2011-02-24,325.3239641734835,183.0785846252256
2011-02-25,328.258451897858,185.01015824663557
2011-02-28,329.8123732487415,186.03901559193758
2011-03-01,325.6919073289255,183.11082143672334
2011-03-02,326.3578577131697,183.40658220463143
2011-03-03,330.65472253075217,186.56466041635974
2011-03-04,329.152510705245,185.1881793649067
2011-03-07,327.21238267667604,183.64348170313812
2011-03-08,329.60865330957023,185.28208362260293
2011-03-09,329.4322544118038,185.02978437338078
2011-03-10,324.0954082137873,181.53809622865262
2011-03-11,326.49167884668145,182.82347919920642
2011-03-14,324.75226395789,181.7175204353222
2011-03-15,321.1456637665631,179.68222093742634
2011-03-16,315.0181778119123,176.1793251963441
2011-03-17,319.06566388471464,178.53981609684877
2011-03-18,322.0214590517066,179.309358750936
2011-03-21,325.31483241236174,181.9964612532821
2011-03-22,325.1232510337059,181.35027060242598
2011-03-23,325.8591373445899,181.87872160364512
2011-03-24,327.18198059391705,183.577604991744
2011-03-25,327.6350792778683,184.15791893120613
2011-03-28,327.3400788484597,183.65188312269507
2011-03-29,328.3314317448715,184.94847368960293
2011-03-30,329.0004631704699,186.18479989871085
2011-03-31,329.03999701435066,185.84417452371832
2011-04-01,329.42011585128836,186.76651692657148
2011-04-04,329.550855943446,186.83099054956702
2011-04-05,329.82150500986324,186.79735064967073
2011-04-06,329.98877214650787,187.20525582445586
2011-04-07,329.91274837912033,186.92070265290187
2011-04-08,329.8367246117328,186.17218921395832
2011-04-11,330.0313499107625,185.65213963229616
2011-04-12,329.94315046187927,184.20837878105056
2011-04-13,330.1955360060531,184.24342176934536
2011-04-14,330.27460369381447,184.25883863089499
2011-04-15,330.4479586712069,184.98213070033333
2011-04-18,328.73894586517446,182.9440250256404
2011-04-19,330.09519799665435,183.99250849768757
2011-04-20,331.9593022578359,186.47915757822037
2011-04-21,332.85332394424273,187.463167427272
2011-04-25,332.80773938059434,187.1646004825669
2011-04-26,333.58620345573297,188.84526083231913
2011-04-27,334.1244576681935,190.02551483798854
2011-04-28,334.59581987438827,190.70113612354544
2011-04-29,334.662711880654,191.1398750214298
2011-05-02,334.6383605176627,190.80486200003136
2011-05-03,334.4468162599871,190.1600744375737
2011-05-04,334.0910116650606,188.85646842867322
2011-05-05,333.02059108088736,187.14357126742323
2011-05-06,333.5040918475976,187.8584448064705
2011-05-09,334.46504266125044,188.71210432113256
2011-05-10,335.20096609311463,190.23577276775745
2011-05-11,334.55628603050764,188.1219687628808
2011-05-12,335.1310301664749,189.04290807733548
2011-05-13,334.6870261226652,187.51783654231207
2011-05-16,334.4833061834939,186.3544024865908
2011-05-17,334.817803335803,186.28571959839974
2011-05-18,335.5962674109416,187.92574171709717
2011-05-19,335.7513588660905,188.33503286944668
2011-05-20,335.38037179027464,186.88706275300552
2011-05-23,333.40984167894663,184.65832527528897
2011-05-24,333.5010479272237,184.50554263735714
2011-05-25,334.3981506549846,185.09285490797777
2011-05-26,335.5628214078087,185.82454839697314
2011-05-27,336.3839003681821,186.58288345470638
2011-05-31,338.1020078143561,188.55930457236667
2011-06-01,334.05452174155374,184.26304789609057
2011-06-02,333.8112308375215,184.03735599393798
2011-06-03,331.6491193475378,182.24597143654137
2011-06-06,328.75412834606385,180.28496718043067
2011-06-07,328.5899422507733,180.11254130491955
2011-06-08,327.3735619725728,179.35843262321606
2011-06-09,329.8063225289738,180.68164764802756
2011-06-10,325.26007896661145,178.15574631400438
2011-06-13,325.6341099628013,178.2748890520399
2011-06-14,329.8458563728546,180.52325265650165
2011-06-15,323.8673369116248,177.3763991519616
2011-06-16,324.64884490713735,177.68757678141927
2011-06-17,327.0359837789097,178.22863846739102
2011-06-20,328.43789471599825,179.1902160129004
2011-06-21,330.4205633878417,181.59557152048953
2011-06-22,329.9492383026271,180.42092986841422
2011-06-23,329.5691194656895,179.91070190554174
2011-06-24,327.54992374935904,177.80110716586069
2011-06-27,329.17682494725614,179.43411384256552
2011-06-28,331.3419803576138,181.75677268881248
2011-06-29,332.6009384000689,183.26221809709068
2011-06-30,333.4524194432013,185.11669029991842
2011-07-01,333.9511398117811,187.78416667551937
2011-07-05,334.09101166506053,187.53325340386164
2011-07-06,334.0970995058084,187.72107903008822
2011-07-07,334.2886808844642,189.68348637459744
2011-07-08,334.2886808844642,188.3630775265829
2011-07-11,333.93592020991167,184.95548913159547
2011-07-12,333.9571905315489,184.1354866276638
2011-07-13,334.2521909609574,184.70738203673477
2011-07-14,334.35557289073006,183.46686367326538
2011-07-15,335.1523004881122,184.48591651061184
2011-07-18,333.8446768406546,182.9860663450936
2011-07-19,336.4994579794505,185.9703327037463
2011-07-20,336.48728229795483,185.8455776121167
2011-07-21,338.22974110712016,188.36307752658286
2011-07-22,338.4912584124157,188.53408320286132
2011-07-25,337.7067064965292,187.47018286926453
2011-07-26,337.34177014048095,186.70062310434318
2011-07-27,334.0970995058085,182.90898203734548
2011-07-28,333.5740277742373,182.31746050152933
2011-07-29,331.8863224108223,181.14141576105547
2011-08-01,332.1630593179874,180.39288521127781
2011-08-02,326.12069177086573,175.78264472874696
2011-08-03,328.0699144395763,176.66431467887713
2011-08-04,313.3547495695284,168.21614832303146
2011-08-05,313.06587410184784,168.1194378885382
2011-08-08,292.7401514865022,156.91688923055383
2011-08-09,306.39707145387257,164.35582436784267
2011-08-10,292.76448428900346,157.09911961402048
2011-08-11,305.9257278081679,164.3712412293923
2011-08-12,308.1881958680404,165.23610834040844
2011-08-15,314.78401866900214,168.8357145159839
2011-08-16,311.9194297502871,167.19150024292503
2011-08-17,312.2204808994633,167.34989523445088
2011-08-18,298.73387198911155,159.88714181605545
2011-08-19,292.5242558658353,157.48739866206037
2011-08-22,293.3696305077298,157.52803689311514
2011-08-23,299.04405489940956,162.92886635571108
2011-08-24,300.95376228472946,165.06648864169432
2011-08-25,297.9158555096022,162.49714289981932
2011-08-26,301.03587389286474,164.9543613456514
2011-08-29,304.3961206992956,169.61927094322223
2011-08-30,304.82793050111957,170.01737161005178
2011-08-31,305.26887206406525,170.8541940639316
2011-09-01,304.96173307414125,168.82591000802833
2011-09-02,303.2405631471032,164.55766376722033
2011-09-06,302.6080402055018,163.3339653536991
2011-09-07,305.78279347402463,168.01290583525514
2011-09-08,305.4452524013416,166.22992269741553
2011-09-09,302.25834201181317,161.79067078032904
2011-09-12,304.50559046981607,162.91765875935698
2011-09-13,306.4274735366316,164.40347804089
2011-09-14,307.52829620356385,166.619604833854
2011-09-15,307.84456695460966,169.48330825523854
2011-09-16,308.60176070811104,170.45049815434206
2011-09-19,307.5830310888241,168.77964231254535
2011-09-20,307.5708739678185,168.49929840618688
2011-09-21,301.8842924551333,163.54702946026498
2011-09-22,294.7563032824588,158.33263964633127
2011-09-23,295.97268356065933,159.29562028023923
2011-09-26,301.65926507334456,163.01296610545174
2011-09-27,304.0129579419841,164.7553110122366
2011-09-28,299.66440215951536,161.34633663968475
2011-09-29,301.8721353341276,162.65553789134518
2011-09-30,295.9331497167786,158.59335742594453
2011-10-03,288.8872721522395,154.0812133554714
2011-10-04,295.19420092503054,157.54625993146175
2011-10-05,299.9016052227997,160.3609237022345
2011-10-06,304.4386984635503,163.2961161886072
2011-10-07,303.2071171439703,161.96307954500597
2011-10-10,311.0223641435064,167.49006718763002
2011-10-11,311.7765139766339,167.58118237936336
2011-10-12,313.7592197694575,169.22259047562522
2011-10-13,313.9447133073655,168.71937795474534
2011-10-14,316.4443658700322,171.651764264321
2011-10-17,314.22449413490443,168.32688964150987
2011-10-18,316.97348832137095,171.76390867119807
2011-10-19,316.2071628067479,169.59124339691996
2011-10-20,318.07126706792934,170.36359222780428
2011-10-21,318.84368042330027,173.5679210241814
2011-10-24,321.5166879633595,175.80225374465792
2011-10-25,318.3115140515876,172.27834589926613
2011-10-26,320.5192472261999,174.0935658486035
2011-10-27,324.97729133967914,180.06348454347332
2011-10-28,325.4942381095223,180.1335705200629
2011-10-31,322.5019530190236,175.6775157638624
2011-11-01,317.3931410021895,170.76869122579234
2011-11-02,320.65303123873156,173.51886426273546
2011-11-03,323.91295859625376,176.77786217415255
2011-11-04,323.40510646655224,175.66769414507274
2011-11-07,324.8161120437824,176.77365290895693
2011-11-08,326.6254628592136,178.8482046603432
2011-11-09,320.8780586205203,172.28534423042456
2011-11-10,323.3655726226716,173.77116351195758
2011-11-11,326.4004354774249,177.1563196034028
2011-11-14,326.0932964875009,175.46445165729654
2011-11-15,327.03902769928413,176.3096926415675
2011-11-16,325.8682691057122,173.38009539795473
2011-11-17,323.5936439248341,170.46731810429014
2011-11-18,325.15060919609147,170.40003830449757
2011-11-21,322.0214590517071,167.22233396602414
2011-11-22,321.717363982157,166.52989273051912
2011-11-23,316.797126544585,162.85037895956432
2011-11-25,317.3505632379349,162.41304315007852
2011-11-28,323.8125834658749,167.1620696082242
2011-11-29,324.7522639578905,167.53210850708334
2011-11-30,331.69778495254076,174.78881326090553
2011-12-01,331.7646769588065,174.4552033279056
2011-12-02,331.8771906497008,174.4131620084523
2011-12-05,333.28210838618315,176.20735274264595
2011-12-06,333.68049074536435,176.40219381086519
2011-12-07,333.75042667200404,176.75823604740734
2011-12-08,331.80725472306113,173.02124698461552
2011-12-09,334.74177956841584,175.9424256978371
2011-12-12,334.21874495782487,173.31841084092213
2011-12-13,333.7930044362587,171.81296543264392
2011-12-14,332.4549787060421,169.86316877288726
2011-12-15,334.273461282595,170.41405207764865
2011-12-16,335.8182508723567,170.96212920561302
2011-12-19,334.0788359835653,168.95626034241786
2011-12-20,339.45220922606876,173.99545232571165
2011-12-21,340.2854267469577,174.33465750147155
2011-12-22,341.45922926090356,175.77562928675422
2011-12-23,342.63303177484937,177.36377135637463
2011-12-27,342.985792449402,177.37780224035984
2011-12-28,341.62954031792214,175.1644816241929
2011-12-29,342.9279950832778,177.03998304216438
2011-12-30,342.5752715297054,176.28024489603266
2012-01-03,344.3846223451365,179.00800274026773
2012-01-04,344.76778510244804,179.04164264016399
2012-01-05,345.26041763028,179.56869055298458
2012-01-06,345.37597524154825,179.1131317051521
2012-01-09,345.7408744766164,179.518213592306
2012-01-10,345.95985113863736,181.11337110391904
2012-01-11,346.02369922452925,181.16944330735757
2012-01-12,346.16661499818264,181.59276534369232
2012-01-13,346.1879224408,180.69425833277987
2012-01-17,346.2305002050546,181.3362568292746
2012-01-18,346.2943482909465,183.35052711202673
2012-01-19,346.34301389594896,184.2560324540976
2012-01-20,347.5046407283991,184.37938445732865
2012-01-23,347.94860765122866,184.4662903838664
2012-01-24,347.54417457227987,184.27706166924128
2012-01-25,349.0798695219,185.87642844604983
2012-01-26,348.27096624302226,184.80691575885893
2012-01-27,348.337858249288,184.51254096851525
2012-01-30,347.94860765122854,184.04717761272724
2012-01-31,348.19189855526076,183.96307786298652
2012-02-01,349.70019822151573,185.60027669405284
2012-02-02,350.1837361092061,185.8035362926632
2012-02-03,351.76197170210077,188.517263252913
2012-02-06,351.73461353971567,188.43735565753371
2012-02-07,352.13295877791666,188.81863637441515
2012-02-08,352.2546042299328,189.22652443836617
2012-02-09,352.39447608321217,189.5054652563261
2012-02-10,351.8015055459815,188.20047326986122
2012-02-13,352.6925204329947,189.48024388682097
2012-02-14,352.7594124392604,189.30222276854985
2012-02-15,352.6590373088816,188.28316993120342
2012-02-16,352.9418620567945,190.3591247709882
2012-02-17,353.4922548297705,190.80626508842954
2012-02-21,353.972748797087,190.94363086481172
2012-02-22,353.7081875714176,190.30585874434672
2012-02-23,354.7542567925995,191.11884580628575
2012-02-24,355.16477771229614,191.4384419661346
2012-02-27,355.4323828583395,191.69775665734937
2012-02-28,355.96454923005217,192.3411582422426
2012-02-29,355.4628220620786,191.4300405465776
2012-03-01,356.58795897102203,192.60887435301436
2012-03-02,356.48457704124945,191.98371291730192
2012-03-05,356.3264416657265,191.24079472111833
2012-03-06,353.2946227313471,188.30139296955008
2012-03-07,355.13741954991104,189.600789713255
2012-03-08,356.77954034967775,191.46227735807537
2012-03-09,357.65533563482126,192.15752477037742
2012-03-12,358.10843431877254,192.1883584934767
2012-03-13,358.61019860772626,195.67303119621224
2012-03-14,358.69231021586165,195.43895498533678
2012-03-15,358.7592022221274,196.60517810702098
2012-03-16,358.87780375376957,196.82525765557946
2012-03-19,359.6228218257753,197.60741099441927
2012-03-20,359.28528075309225,197.0144863702046
2012-03-21,359.324814596973,196.64583344890985
2012-03-22,357.86818733511427,195.22869705556792
2012-03-23,358.8717159130217,195.8356354529337
2012-03-26,361.0733612468862,198.55497476677758
2012-03-27,360.59290440054986,197.9956900424592
2012-03-28,360.15194427711407,197.0172925470016
2012-03-29,360.0485623473415,196.7005025639498
2012-03-30,360.8422460243496,197.42798678774963
2012-04-02,361.848818522631,198.9096139149212
2012-04-03,361.6024836982249,198.11623586889323
2012-04-04,360.2218802037537,196.09495014414844
2012-04-05,360.30094789151514,195.97159814091737
2012-04-09,358.04154231250664,193.7456668399978
2012-04-10,353.0574196680626,190.43620907873628
2012-04-11,355.6999880043826,191.8547485604767
2012-04-12,359.77486936055027,194.49838954413687
2012-04-13,356.2078401340842,192.07202193223816
2012-04-16,356.79780387192113,191.97529438691075
2012-04-17,360.9638914763657,194.9483531492094
2012-04-18,360.34048173539594,194.15778127997845
2012-04-19,359.0389830496663,193.00557193144536
2012-04-20,359.11196289668,193.2312467227638
2012-04-23,357.39381832952574,191.60664146561598
2012-04-24,358.6132425281001,192.3117104967077
2012-04-25,361.53863561233305,194.93572535362267
2012-04-26,362.54212706926035,196.23792827412464
2012-04-27,363.11382728485376,196.71171016030382
2012-04-30,362.5999244353845,195.94777985981068
2012-05-01,363.72506134432786,197.05652768965783
2012-05-02,363.44836155814295,196.56453987596615
2012-05-03,362.4448329802355,195.05907735685383
2012-05-04,359.2031691449568,191.90941767551672
2012-05-07,359.7870450420459,191.9766974753093
2012-05-08,358.9964052854116,191.15529188297913
2012-05-09,357.03801373459913,189.8741181776209
2012-05-10,358.29697177705424,190.35210932899562
2012-05-11,356.9619899672116,189.70732176653797
2012-05-14,353.7112314917913,187.59913011525543
2012-05-15,351.9505091603825,186.52121600850754
2012-05-16,350.457391975017,185.69981041617734
2012-05-17,346.7018252902691,182.90477277214973
2012-05-18,344.8164507074504,181.55351309020185
2012-05-21,348.80922045548266,184.46488729546792
2012-05-22,349.0251160761496,184.5545993988027
2012-05-23,349.4873465212226,184.86718011665891
2012-05-24,350.04687105532037,185.12230265351226
2012-05-25,349.8157558327838,184.72139580988562
2012-05-29,352.07215461239855,186.7679200149697
2012-05-30,349.73668814502236,184.09062202057908
2012-05-31,349.7245495845069,183.67150924943994
2012-06-01,344.35117634200344,179.14536851664982
2012-06-04,345.00498816573224,179.164994643395
2012-06-05,346.674467127884,180.19104581189995
2012-06-06,352.01131332590046,184.34434146903388
2012-06-07,352.37624968194876,184.3247153422887
2012-06-08,352.37624968194876,185.82035624261138
2012-06-11,352.42187136657725,183.47528220365635
2012-06-12,354.37718187603565,185.61290448963962
2012-06-13,353.9149514309627,184.3092984807391
2012-06-14,355.27428460379656,186.3025395483476
2012-06-15,356.69742874154224,188.22850081616352
2012-06-18,357.9959206278781,188.50044330296495
2012-06-19,359.4312404471194,190.35070624059716
2012-06-20,359.7322915962956,190.0297069923498
2012-06-21,355.58443039311436,185.79932702746774
2012-06-22,358.02632271063703,187.13236367106896
2012-06-25,354.6174288596939,184.14669422401772
2012-06-26,355.80645097550934,185.02557510818494
2012-06-27,357.5397780235529,186.6880124195905
2012-06-28,357.171834868111,186.29413812879062
2012-06-29,361.69068314710813,190.93663253365335
2012-07-02,362.1589643119488,191.40620515463692
2012-07-03,362.80063757516217,192.59906984505892
2012-07-05,362.62423867739574,191.69635356895094
2012-07-06,362.25629552195375,189.88814906160616
2012-07-09,362.0829405445613,189.57695432131433
2012-07-10,361.21018917979166,188.03646592474132
2012-07-11,361.30752038979665,188.03365974794428
2012-07-12,361.2527669440463,187.09591759437563
2012-07-13,361.2527669440463,190.1825067411157
2012-07-16,363.5213414051567,189.7423647548328
2012-07-17,364.1508018658942,191.14829355182067
2012-07-18,364.3636535661872,192.4252579919834
2012-07-19,364.4518530150704,192.94809663960845
2012-07-20,364.26635947716244,191.00671851024293
2012-07-23,362.23198127994266,189.305028945347
2012-07-24,359.7900889624199,187.5935348724955
2012-07-25,359.87220057055526,187.53465649225993
2012-07-26,364.1751161079053,190.63666250054965
2012-07-27,367.07923887050094,194.274117841217
2012-07-30,366.9606373388588,194.18021358352075
2012-07-31,366.2551531107338,193.3419709304083
2012-08-01,366.0817981333413,192.78128311769137
2012-08-02,365.1178405202948,191.33471608964874
2012-08-03,368.8247416000403,194.9777837839102
2012-08-06,369.23221859936297,195.4319395433442
2012-08-07,369.70966864630554,196.42996316554695
2012-08-08,369.9073378657091,196.5519120803795
2012-08-09,370.1171456456282,196.63322276415732
2012-08-10,370.2053450945114,197.06354313165056
2012-08-13,370.31785878540575,196.81683912518838
2012-08-14,370.36652439040824,196.79161775568323
2012-08-15,370.3999703935412,197.0158894586032
2012-08-16,370.4638184794331,198.41480281359847
2012-08-17,371.0598329370377,198.78626191169027
2012-08-20,371.15716414704264,198.78205264649472
2012-08-21,370.4911766418182,198.08680523419267
2012-08-22,370.53375440607283,198.13165273044302
2012-08-23,368.9220728100453,196.53228595363444
2012-08-24,370.4668623998071,197.8008489742401
2012-08-27,370.44254815779595,197.70412142891269
2012-08-28,370.4181967948046,197.54434045982242
2012-08-29,370.5246226449511,197.7111368709053
2012-08-30,368.97070129406757,196.16784229753523
2012-08-31,370.1688551710048,197.16305974294096
2012-09-04,370.09283140361725,196.93317568642692
2012-09-05,370.14754772838734,196.72291775665806
2012-09-06,373.95178001813775,200.74305690260542
2012-09-07,374.87319698790986,201.5560610753786
2012-09-10,374.1707195591786,200.31692868947366
2012-09-11,374.62385536411006,200.94491341281727
2012-09-12,374.9553085960452,201.36542927235496
2012-09-13,376.13519895073887,204.64964855327722
2012-09-14,376.30851680715125,205.45984654925334
2012-09-17,376.36327025290154,204.81784805275862
2012-09-18,376.4666521826741,204.55572718474681
2012-09-19,376.5122738673027,204.79823903684755
2012-09-20,376.5214056284244,204.68749771836906
2012-09-21,376.18082063536747,204.67208085681946
2012-09-24,375.94970541283095,204.21511892058842
2012-09-25,373.56252942007836,202.07048119261256
2012-09-26,371.98429382718376,200.91125640208688
2012-09-27,374.8306192236552,202.84984546548947
2012-09-28,373.605107184333,201.94153394662152
2012-10-01,374.2346047660506,202.4769832789991
2012-10-02,374.80934890201803,202.65360130887174
2012-10-03,375.95880005297255,203.3881009746642
2012-10-04,377.1599978502836,204.84729579829354
2012-10-05,377.86548207840866,204.78141908689952
2012-10-08,377.3454913881916,204.0735438790107
2012-10-09,374.91881867253846,202.05506433106297
2012-10-10,373.21284978687993,200.80474145963808
2012-10-11,373.8636176902348,200.8439766022943
2012-10-12,372.45565603337855,200.24824580128256
2012-10-15,375.55132305364987,201.86583561643778
2012-10-16,378.7230509622888,203.9389842794255
2012-10-17,379.87250211324334,204.7786129101024
2012-10-18,379.88772171511295,204.2781894551854
2012-10-19,378.1999792307177,200.89303336374016
2012-10-22,378.4980235805001,200.98134237867646
2012-10-23,374.9188186725384,198.0783867038015
2012-10-24,373.8514420087391,197.46723904124016
2012-10-25,374.812392822392,198.05876057705632
2012-10-26,374.6147236029883,197.91437935868151
2012-10-31,374.8458388255248,197.9452301926149
2012-11-01,378.40069237049516,200.1080738481033
2012-11-02,375.7702625946906,198.2311693417333
2012-11-05,376.4119358579039,198.66010373166216
2012-11-06,378.77776728705896,200.22021825498032
2012-11-07,371.71364476076644,195.47399797363167
2012-11-08,368.7639374345224,193.0882685927877
2012-11-09,368.7517617530267,193.41626617219353
2012-11-12,368.28648738757977,193.4415046525328
2012-11-13,367.0184347049831,192.67055891004705
2012-11-14,363.1594489694824,190.0016794460476
2012-11-15,360.91522587136325,189.69890323614692
2012-11-16,362.5390831488864,190.61703637380452
2012-11-19,365.78987874528684,194.40308219804226
2012-11-20,366.0240378881973,194.53204655486743
2012-11-21,366.17608542297233,194.98339613750437
2012-11-23,367.1643943990102,197.52331124467867
2012-11-26,367.2100160836387,197.12242151188613
2012-11-27,366.9910394216177,196.09214396735152
2012-11-28,367.4836719494497,197.63264947475864
2012-11-29,367.7999427004954,198.47647025979694
2012-11-30,367.6357194842247,198.50872418212884
2012-12-03,367.57187139833286,197.56675565253047
2012-12-04,367.55665179646326,197.2289535651691
2012-12-05,367.88814214937855,197.54153428302533
2012-12-06,368.0188822415363,198.19472326503998
2012-12-07,368.2378589035573,198.77363411610355
2012-12-10,368.4263963618392,198.84093102673026
2012-12-11,368.50847084899436,200.14311683639806
2012-12-12,368.5236904508639,200.23282893973285
2012-12-13,368.5236904508639,198.96707209592424
2012-12-14,368.4415788427285,198.14426341519552
2012-12-17,368.66356230414334,200.49635289614324
2012-12-18,368.6940015078825,202.79938561564498
2012-12-19,368.67878190601294,201.2603003074705
2012-12-20,368.7152718295197,202.36483887212202
2012-12-21,370.0684800406256,200.46692226144245
2012-12-24,369.72789504756867,199.97772351371367
2012-12-26,369.08321498496167,199.02033812256568
2012-12-27,368.80955911915066,198.77784338129908
2012-12-28,365.76252058290163,196.58135982591438
2012-12-31,370.46077455905896,199.91182969148548
2013-01-02,374.55083839611603,204.99027392826963
2013-01-03,374.68161560925387,204.56274262673935
2013-01-04,375.2290015828362,205.55796007214505
2013-01-07,375.31716391073917,204.9159786864845
2013-01-08,375.25331582484733,204.25156499728163
2013-01-09,375.4114512003702,204.79402977165188
2013-01-10,375.6243029006633,206.34993502977449
2013-01-11,375.6243029006633,206.34013052181896
2013-01-14,375.6729685056657,206.1480956303968
2013-01-15,375.7611679545489,206.38076875287376
2013-01-16,375.76721867431655,206.4214240947626
2013-01-17,375.80675251819724,207.58624412804824
2013-01-18,376.861990621481,208.2927162475385
2013-01-22,377.75601230788794,209.21505865039168
2013-01-23,378.0540195366902,209.53044554504498
2013-01-24,378.13004330407773,209.53183152260934
2013-01-25,378.58314198802896,210.6728332747884
2013-01-28,378.53451350400667,210.28316824918406
2013-01-29,378.99975074847345,211.35687309073634
2013-01-30,378.60140551027246,210.5326613216091
2013-01-31,378.5496959848961,209.99300272403593
2013-02-01,379.6474747314544,212.10400055211548
2013-02-04,378.70783136041894,209.656586614239
2013-02-05,379.753937702581,211.84047659570518
2013-02-06,379.8907656354865,211.95681315694367
2013-02-07,379.90902915772995,211.57414646249782
2013-02-08,380.18268502354096,212.77122041811535
2013-02-11,380.2861040742937,212.64225606129023
2013-02-12,380.3590839213073,212.98147834788418
2013-02-13,380.3925299244401,213.10761941707818
2013-02-14,380.4502901695842,213.25480681225005
2013-02-15,380.3377764786899,213.03193819772864
2013-02-19,381.84912006531874,214.59484178700978
2013-02-20,379.0514602738497,211.93297776500293
2013-02-21,377.45496115871157,210.59715205543884
2013-02-22,379.87554603361684,212.44460881627393
2013-02-25,376.2324930397632,208.5548371155503
2013-02-26,377.0444402390148,209.82899537891595
2013-02-27,380.45029016958415,212.49927793131397
2013-02-28,380.22526278779543,212.31566157028288
2013-03-01,380.99767614316636,212.80905247237308
2013-03-04,382.42082028091204,213.7902561446277
2013-03-05,383.71322432650004,215.8353772613133
2013-03-06,384.02949507754573,216.06945347218874
2013-03-07,384.3214144656002,216.46194178542424
2013-03-08,384.6589926592634,217.43193786132485
2013-03-11,384.8262226749278,218.13839286998095
2013-03-12,384.76541850940987,217.61415113395736
2013-03-13,384.9052903626893,217.90010739390988
2013-03-14,384.95699988806564,219.12099963063406
2013-03-15,384.9052903626893,218.76636048249046
2013-03-18,383.54295039046156,217.56088510731587
2013-03-19,382.9682062544942,217.03383719449522
2013-03-20,384.7866888310471,218.48741966453048
2013-03-21,383.05944962375133,216.67781206878715
2013-03-22,384.23629605807105,218.2323142385113
2013-03-25,383.8409576192638,217.5034098154788
2013-03-26,385.76890996633716,219.19669796081774
2013-03-27,385.64425771492733,219.06773360399256
2013-03-28,386.3588737041741,219.9564189961153
2013-04-01,385.899687179475,218.97242625789778
2013-04-02,386.90321575738244,220.1050094796857
2013-04-03,385.1394495055997,217.78375372183726
2013-04-04,385.94226494372964,218.66544078280148
2013-04-05,385.3675208077623,217.72629554083434
2013-04-08,386.8727765536433,219.09856732709176
2013-04-09,387.64823382938823,219.87512542317168
2013-04-10,388.6821644900546,222.55521248352514
2013-04-11,388.9284621934805,223.34578435275608
2013-04-12,388.9163236329651,222.7122043866525
2013-04-15,386.6416613311069,217.59733118400914
2013-04-16,388.7581882574422,220.7105447886529
2013-04-17,387.00659768715514,217.54827442256322
2013-04-18,386.3315155417891,216.09048268733244
2013-04-19,387.07044577304697,218.00243018199725
2013-04-22,388.0739743509545,219.01867684254665
2013-04-23,389.57314225608764,221.3006803469047
2013-04-24,389.60053753945283,221.30208343530327
2013-04-25,389.96848069489477,222.19497809262157
2013-04-26,390.0141023795233,221.7856698294379
2013-04-29,390.5979411556322,223.37942425265237
2013-04-30,390.82296853742093,223.9344997117752
2013-05-01,390.1661499142984,221.8501434524334
2013-05-02,391.0175938364506,223.93730588857227
2013-05-03,391.5558480489112,226.2964108115126
2013-05-06,391.73829766644525,226.7281342674043
2013-05-07,391.80218287331724,227.9139835158337
2013-05-08,391.8356288764501,228.85733802299643
2013-05-09,391.8234531949544,228.01351723795813
2013-05-10,391.8629870388352,228.9989130645742
2013-05-13,391.89034520122016,229.00873468336385
2013-05-14,391.91165264383756,231.33137641877664
2013-05-15,391.92379120435305,232.51443660124303
2013-05-16,391.93901080622265,231.34959945712325
2013-05-17,392.64148823495384,233.73252266117018
2013-05-20,392.668846397339,233.5671293384858
2013-05-21,392.86042777599476,233.96942215967687
2013-05-22,391.34908418936595,232.0336392730713
2013-05-23,390.99023567406556,231.35521181071738
2013-05-24,390.8959483844345,231.22765054229072
2013-05-28,392.42555549330694,232.69386080791267
2013-05-29,391.14228320884064,231.05383868921524
2013-05-30,392.0910583409978,231.90188585028318
2013-05-31,388.64871848692167,228.5840095586305
2013-06-03,390.2847514459405,229.94088159417245
2013-06-04,388.9649521169873,228.6737216619653
2013-06-05,384.94482420656993,225.52265889222963
2013-06-06,387.0096416075289,227.4374125636915
2013-06-07,391.8356288764501,230.35578510011607
2013-06-10,391.91165264383767,230.27589461557096
2013-06-11,389.12917533325805,227.93781890777436
2013-06-12,386.33151554178903,226.0300806783051
2013-06-13,391.5193581254043,229.37177525106443
2013-06-14,389.6704734660925,228.0219186575151
2013-06-17,392.4103730124175,229.7474436143518
2013-06-18,394.42956872874794,231.537442194184
2013-06-19,390.74390084965955,228.33030722100983
2013-06-20,381.38388282085185,222.61968610652062
2013-06-21,386.14598488290096,223.21403092996798
2013-06-24,383.74670745061314,220.5030930356811
2013-06-25,386.23114041141025,222.5972709138126
2013-06-26,388.4236911051332,224.73208702299883
2013-06-27,389.4484900046778,226.1253880244
2013-06-28,388.87983370945835,225.15540905933355
2013-07-01,390.2299980001904,226.37209203086215
2013-07-02,390.4154915380984,226.24874002763104
2013-07-03,390.6040289963803,226.4351796762933
2013-07-05,392.1609942676377,228.7452107269535
2013-07-08,392.59586655032564,229.9464768369325
2013-07-09,393.0550530750248,231.60891414833807
2013-07-10,393.10368155904706,231.6509725786255
2013-07-11,393.28312437718733,234.7908277520071
2013-07-12,393.2952629377028,235.51550579900984
2013-07-15,393.38346238658596,235.83931122405426
2013-07-16,393.39563806808167,234.96463960508262
2013-07-17,393.40473270822326,235.6164426095329
2013-07-18,393.41082054897106,236.80229185796225
2013-07-19,393.85178067240685,237.18355546400952
2013-07-22,394.69108603404356,237.66575588057984
2013-07-23,394.45692689113315,237.22561389429697
2013-07-24,393.73622306113856,236.32149452979044
2013-07-25,394.4204369676263,236.9256438611933
2013-07-26,394.6941299544174,237.12188801781107
2013-07-29,394.6941299544174,236.23599169165126
2013-07-30,394.1862778247159,236.3243007065875
2013-07-31,394.4113052065045,236.2920638950898
2013-08-01,396.3636089165691,239.2553010385988
2013-08-02,397.0964513070792,239.64778935183423
2013-08-05,397.3214786888679,239.29315020369063
2013-08-06,396.61295054036896,237.9236674833961
2013-08-07,396.30581155044496,237.01816214132515
2013-08-08,397.0265153804395,237.93908434494568
2013-08-09,396.62512622186466,237.08965120631333
2013-08-12,396.9474476926781,236.81630563111335
2013-08-13,397.7015975258056,237.47372098915767
2013-08-14,397.27893804559346,236.24441022204238
2013-08-15,392.4316433340549,232.8704617269512
2013-08-16,391.0328134383204,232.10091907286397
2013-08-19,389.87114948489,230.73145346340357
2013-08-20,390.9142119066782,231.61312341353374
2013-08-21,389.5853179375834,230.27449152717253
2013-08-22,391.6957199021907,232.25931406438986
2013-08-23,392.71446808196777,233.17604411364897
2013-08-26,392.1397239460004,232.2340926948847
2013-08-27,388.05266690833713,228.5475634819373
2013-08-28,389.1322192536322,229.17553109444682
2013-08-29,389.5883618579574,229.62549469951935
2013-08-30,388.85852626684107,228.89659027648685
2013-09-03,390.38204553496564,229.84976640243926
2013-09-04,392.6749342380872,231.71544620162106
2013-09-05,393.04592131390314,231.99579010797947
2013-09-06,393.24967837405455,232.0084179035662
2013-09-09,395.387438501047,234.32685037378343
2013-09-10,396.59773093849964,236.04816606542457
2013-09-11,397.25763060297623,236.7686519580659
2013-09-12,397.0538735428248,235.9682755808794
2013-09-13,397.4400802205103,236.6088538781415
2013-09-16,397.80806049693246,237.95590429489377
2013-09-17,397.9327127483423,238.95954027069058
2013-09-18,398.07262172260187,241.86951138755813
2013-09-19,398.10911164610866,241.42375704768116
2013-09-20,397.2789380455937,239.6814292517304
2013-09-23,396.24500738492725,238.55023200750688
2013-09-24,395.8374932646244,237.93068292538857
2013-09-25,395.28405657127445,237.2788799209383
2013-09-26,396.12031801253727,238.1058978668626
2013-09-27,394.89784989358895,237.135901790962
2013-09-30,393.1645228455453,235.70615471286752
2013-10-01,395.9105102326182,237.59146063879456
2013-10-02,395.38439458067313,237.43306564726865
2013-10-03,392.9303637026349,235.30105571487948
2013-10-04,395.360080338662,236.960686849488
2013-10-07,392.4620454168141,234.9450134783373
2013-10-08,388.1804002011013,232.04765304622236
2013-10-09,388.557475117665,232.1808266682431
2013-10-10,396.42136916171347,237.24944928623762
2013-10-11,398.7324842660983,238.7408638105306
2013-10-14,399.8272562132629,239.71366606322823
2013-10-15,397.6073473571549,238.0203950287234
2013-10-16,402.4333346260761,241.31162975163826
2013-10-17,403.6254006622654,242.939024074749
2013-10-18,403.9477221330788,244.52997232116647
2013-10-21,404.25486112300285,244.55240462470874
2013-10-22,405.06680832225453,245.95552724489954
2013-10-23,404.49206418628717,244.7934962775768
2013-10-24,405.1154368062768,245.59106647796622
2013-10-25,405.7388465472466,246.67040078394677
2013-10-28,406.14023570582145,246.99839836335263
2013-10-29,406.58728367000504,248.37768559160273
2013-10-30,406.1889013108238,247.1666149736682
2013-10-31,406.0733436995556,246.21764811291135
2013-11-01,406.61464183238996,246.93252165195858
2013-11-04,407.21674413074237,247.81420871292283
2013-11-05,406.97954106745806,247.11894418978665
2013-11-06,407.44481543290493,248.17304001542792
2013-11-07,406.2771007597069,244.90143141925822
2013-11-08,407.6698428146936,248.18985996537606
2013-11-11,407.85533635260157,248.3692841720457
2013-11-12,407.8492485118537,247.78055170219244
2013-11-13,408.0195595688723,249.7864205653876
2013-11-14,408.0986272566338,250.99470211735922
2013-11-15,408.50610425595653,252.05441029659457
2013-11-18,408.0104278077506,251.12226338578586
2013-11-19,407.59686296768007,250.6092292461163
2013-11-20,407.19242988873134,249.69811155045133
2013-11-21,408.98355430289917,251.72779869475312
2013-11-22,409.9900896802003,252.97673558861356
2013-11-25,410.00530928206985,252.65713942876476
2013-11-26,410.1330054538535,252.6949885938566
2013-11-27,410.54961421429806,253.32295620636614
2013-11-29,410.4249619628883,253.12392298378543
2013-12-02,410.08133304945744,252.43567390264184
2013-12-03,409.6069269228888,251.62968517186127
2013-12-04,409.45792330848764,251.3016875924554
2013-12-05,408.5699894628285,250.21114569012076
2013-12-06,411.05442242362574,253.0229861732624
2013-12-09,411.57745703421665,253.48275428629051
2013-12-10,411.230821321392,252.67676555550995
2013-12-11,408.9318447775226,249.81725428848685
2013-12-12,408.3114789569268,248.8753028697226
2013-12-13,408.12598541901883,248.8500643893833
2013-12-16,410.1604007372188,250.4228067082882
2013-12-17,409.540034916623,249.64624861220832
2013-12-18,412.97632405093145,253.80235044613931
2013-12-19,413.35644288786904,253.6551630509675
2013-12-20,413.22566567473126,254.8774583760902
2013-12-23,414.4116438701728,256.23292732323364
2013-12-24,414.98943192651404,256.98003767377867
2013-12-26,415.7162235972565,258.1995439329384
2013-12-27,415.75271352076317,258.11263800640063
2013-12-30,415.64019982986895,258.0663703109176
2013-12-31,415.93820705867125,259.08822932506104
2014-01-02,415.22659786881826,256.79221204755186
2014-01-03,415.5732707026229,256.7067092094126
2014-01-06,415.7131796768825,256.061921646955
2014-01-07,416.61328920403713,257.61922999347615
2014-01-08,416.6954008121725,257.56456087843617
2014-01-09,416.9021646717176,257.654272981771
2014-01-10,417.3339930340317,258.24860069438415
2014-01-13,415.90476105553824,255.0008103793211
2014-01-14,417.4890844891807,257.7594019466553
2014-01-15,417.71411187096936,259.091035501858
2014-01-16,417.7384261129804,258.7420087073085
2014-01-17,415.90476105553813,257.7341634663161
2014-01-21,417.8965614885033,258.44905411619743
2014-01-22,418.2067443988013,258.5976274889337
2014-01-23,416.20581220471433,256.29880403462744
2014-01-24,409.4487915473658,250.9484515327101
2014-01-27,407.8644681137233,249.7247531191889
2014-01-28,410.23338058423235,251.2582260737693
2014-01-29,406.4656382179887,248.69307248625577
2014-01-30,410.59219197855253,251.49510846144176
2014-01-31,407.995245326861,249.86911722672951
2014-02-03,399.2281607143037,244.16412557666848
2014-02-04,402.4698245495824,246.02980537585034
2014-02-05,401.8038741653382,245.53080212016602
2014-02-06,407.0799161978368,248.58515445540834
2014-02-07,412.0488192404112,251.8918060398728
2014-02-10,412.8212325957822,252.28708341907128
2014-02-11,416.8900261112021,255.07791179790325
2014-02-12,417.19107726037834,255.00922890971216
2014-02-13,419.10076608520814,256.4908389260496
2014-02-14,420.7672382479662,257.7243589583604
2014-02-18,421.414962230947,258.0229259030656
2014-02-19,420.1042946631156,256.3394593765163
2014-02-20,422.27858183459495,257.8855601266834
2014-02-21,422.12653429981987,257.3907490253605
2014-02-24,423.3733166607793,258.9831003601764
2014-02-25,423.3733166607793,258.63407356562686
2014-02-26,423.51318851405875,258.63968591922094
2014-02-27,424.9455015339063,259.9194565361807
2014-02-28,424.87556560726654,260.642731494785
2014-03-03,423.2820732915221,258.7195764037661
2014-03-04,426.05241204158625,262.66962957312376
2014-03-05,426.3078415061339,262.6556157999727
2014-03-06,426.47206472240464,263.1069653826096
2014-03-07,426.5420006490443,263.24854042418735
2014-03-10,426.891717403223,263.12659150935474
2014-03-11,426.6241122571798,261.78934560055797
2014-03-12,426.82478827597714,261.8692360851031
2014-03-13,424.83603176338585,258.8050792419053
2014-03-14,423.6013879629419,258.0747888413084
2014-03-17,426.90689988411253,260.5558255682471
2014-03-18,427.82222901313673,262.4369393398127
2014-03-19,427.7705194877604,260.8277680550486
2014-03-20,428.0898341591801,262.4032994399164
2014-03-21,426.00983427733166,261.6337567858292
2014-03-24,425.0884173075595,260.3609845000279
2014-03-25,426.86432211985766,261.507598605801
2014-03-26,424.60491654084916,259.676961794914
2014-03-27,424.054486646893,259.18355378198964
2014-03-28,425.4928503865083,260.38622298036717
2014-03-31,428.1232801623128,262.44955002456527
2014-04-01,429.82924904797136,264.2970238962345
2014-04-02,430.50737511371125,265.0511496887721
2014-04-03,430.37054718080583,264.75258274406696
2014-04-04,427.85871893664336,261.4333033640158
2014-04-07,424.3707573979388,258.6228659692727
2014-04-08,426.01892891747315,259.59284493433915
2014-04-09,429.6467994304373,262.42713483185713
2014-04-10,422.0079327681775,256.9463977738819
2014-04-11,418.54124155111003,254.50880545479504
2014-04-14,421.7342397813863,256.60017715612946
2014-04-15,424.61401118099064,258.33410353252316
2014-04-16,429.132896580968,261.0436383384115
2014-04-17,428.6949803779062,261.3996634641195
2014-04-21,429.56164390192794,262.3864794899682
2014-04-22,430.2975673337921,263.4602014423547
2014-04-23,430.20328004416103,262.8770813260955
2014-04-24,430.98482516065377,263.32843090873246
2014-04-25,429.038609291337,261.19642097634335
2014-04-28,430.0299621877489,262.04166196061425
2014-04-29,430.6959125719931,263.2891786552421
2014-04-30,431.52612329348824,264.076944347676
2014-05-01,431.81804268154275,264.03911229341827
2014-05-02,432.01571190094637,263.68307005687615
2014-05-05,432.45967882377585,264.1764780698005
2014-05-06,431.17640653930954,261.8019562853106
2014-05-07,432.2863609673635,263.272358705294
2014-05-08,432.3441212125077,262.91072122599184
2014-05-09,433.1408488098897,263.3102078703858
2014-05-12,433.90413040413887,265.8571384195527
2014-05-13,433.99232985302206,265.9692657155956
2014-05-14,433.97711025115245,264.7189428441707
2014-05-15,433.7824849521228,262.24069518319493
2014-05-16,434.7707939281607,263.223301943848
2014-05-19,435.70134265905443,264.2353393392019
2014-05-20,434.64005383600295,262.51823291275633
2014-05-21,436.1970191072604,264.6488568675811
2014-05-22,436.5649622627024,265.27401830329353
2014-05-23,437.4255379459764,266.4010062823215
2014-05-27,438.1341032154555,267.99616379393444
2014-05-28,438.2648433076131,267.6975968492293
2014-05-29,438.66626958716824,269.1343593693164
2014-05-30,438.91256729059415,269.63055644820366
2014-06-02,439.07374658649087,269.8268006048214
2014-06-03,439.0615709049952,269.724477816734
2014-06-04,439.1102365099977,270.23470577960654
2014-06-05,439.43259510179126,271.99806279070094
2014-06-06,439.64544680208417,273.25680419251694
2014-06-09,439.6576224835799,273.5133298177688
2014-06-10,439.78836257573766,273.4460500179762
2014-06-11,439.688024566339,272.4788601188727
2014-06-12,439.54815271305955,270.54728649746266
2014-06-13,439.5998251174558,271.39533365853066
2014-06-16,439.7427408911091,271.62241153824766
2014-06-17,439.72451448984583,272.2125299856653
2014-06-18,439.81575785910286,274.3137061949552
2014-06-19,439.83094033999237,274.6641360779033
2014-06-20,439.6637103243278,275.13932105248097
2014-06-23,439.9160958685016,275.10287497578764
2014-06-24,439.6637103243278,273.3325025227006
2014-06-25,439.6424028817104,274.67115151989583
2014-06-26,439.44168974193286,274.34734609485145
2014-06-27,440.10767724715726,274.8715878308751
2014-06-30,440.2445051800628,274.76926504278765
2014-07-01,441.6707303591625,276.60411111887026
2014-07-02,441.8653556581922,276.7863415023369
2014-07-03,442.66813397534196,278.3029945069691
2014-07-07,442.3305929026589,277.2110666270701
2014-07-08,441.20849991408943,275.25706070211794
2014-07-09,442.30627866064776,276.5354282306791
2014-07-10,441.68591284005186,275.3930405009357
2014-07-11,442.2302548932603,275.7981223880896
2014-07-14,443.15775970378024,277.13396520848784
2014-07-15,443.13645226116273,276.5985158761102
2014-07-16,443.559148862355,277.7605297325988
2014-07-17,442.41270451079424,274.47350427487953
2014-07-18,444.1338929983224,277.29095711161517
2014-07-21,443.9088656165337,276.6475726375561
2014-07-22,444.95493483771577,278.03527839619727
2014-07-23,445.34418543577505,278.5230740555275
2014-07-24,445.4810133686806,278.6590367435112
2014-07-25,444.64779584779166,277.30777706156334
2014-07-28,444.99142476122256,277.3876846569426
2014-07-29,444.20687284533614,276.1317323210895
2014-07-30,444.3102547751088,276.1485522710376
2014-07-31,437.811744623662,270.6257910044433
2014-08-01,437.01501702627974,269.85203908516047
2014-08-04,440.41786015745527,271.79201412612747
2014-08-05,436.117951419499,269.1595807388214
2014-08-06,436.5041580971845,269.1637900040169
2014-08-07,434.2294957953262,267.66814910369425
2014-08-08,439.15585819462626,270.75473825043434
2014-08-11,440.4877960840949,271.5018657118135
2014-08-12,439.97690003401937,271.0575144603351
2014-08-13,443.06042849377513,272.87554058646947
2014-08-14,444.9944686815963,274.061406945733
2014-08-15,448.6800994397045,274.0445869957848
2014-08-18,450.6171835478996,276.3826455927473
2014-08-19,451.49297883304314,277.7647389977944
2014-08-20,451.81838134521064,278.45298807893795
2014-08-21,452.2289022649073,279.2743936712682
2014-08-22,452.18023665990484,278.7179151237468
2014-08-25,452.90398441027327,280.05235485574656
2014-08-26,453.0803833080397,280.3467125352562
2014-08-27,453.11687323154655,280.3607263084072
2014-08-28,453.068207626544,279.88694442222805
2014-08-29,453.34798845408295,280.81628515623964
2014-09-02,453.6307760810157,280.6635025183079
2014-09-03,453.64295176251136,280.44482605814795
2014-09-04,453.4331068616121,280.0145056906547
2014-09-05,453.88924946593716,281.42462664200406
2014-09-08,453.9014251474329,280.559776641822
2014-09-09,453.375346616468,278.7235103665068
2014-09-10,453.8771109054218,279.73975702705627
2014-09-11,454.05347268220805,279.9864610335185
2014-09-12,453.6581342434008,278.31702539095437
2014-09-15,453.7736918546691,278.1193781459381
2014-09-16,454.40623335676065,280.20092822848284
2014-09-17,454.5096152865333,280.5639687961834
2014-09-18,454.6038654551841,281.936257693275
2014-09-19,454.0412970007124,281.8016980936899
2014-09-22,451.76362789946046,279.54352998127257
2014-09-23,449.838719472761,277.9287463429144
2014-09-24,452.6181528629667,280.105620882388
2014-09-25,446.8889750255367,275.5766568619667
2014-09-26,450.0789664564192,277.9399539392684
2014-09-29,449.30655310104834,277.2320958422137
2014-09-30,448.4611598986637,276.45974701132945
2014-10-01,442.9236005608698,272.7970531903228
2014-10-02,442.9935364875094,272.79845627872135
2014-10-03,447.8256115971785,275.8443900835725
2014-10-06,447.32384730822486,275.41264951684667
2014-10-07,440.67937746275084,271.2467431749601
2014-10-08,448.2026865137423,275.9831589483532
2014-10-09,439.0980608285021,270.28095636425513
2014-10-10,434.4606110178628,267.18596579795803
2014-10-13,427.29310656179786,262.78596613436196
2014-10-14,428.61591269014474,263.20086964030554
2014-10-15,425.286086526963,261.0688597079164
2014-10-16,424.53498061420953,261.1067088730082
2014-10-17,427.72493492411184,264.4708357493097
2014-10-20,430.5651724798354,266.8888019416514
2014-10-21,433.8585087195104,272.11301337437476
2014-10-22,432.5235269096677,270.1267706379248
2014-10-23,434.4484724573473,273.45024217233737
2014-10-24,435.27255821711435,275.37900961695027
2014-10-27,435.470227436518,274.96550919940523
2014-10-28,436.62881034859413,278.248342502763
2014-10-29,436.68965163509233,277.8628696315201
2014-10-30,437.0606387109083,279.59398983111674
2014-10-31,437.50764955411177,282.8740169576776
2014-11-03,437.6049807641168,282.8403770577813
2014-11-04,437.5320009171031,282.0399835697607
2014-11-05,437.7935182223987,283.64775176612625
2014-11-06,437.87863662992777,284.7186675417157
2014-11-07,437.9790117603066,284.8182012638402
2014-11-10,438.03068416470285,285.706886655963
2014-11-11,437.9911874418023,285.9059369893778
2014-11-12,437.99723816156995,285.7054835675645
2014-11-13,438.0428598461985,285.8568631170977
2014-11-14,438.06112336844194,285.9255460052888
2014-11-17,438.1158396932121,286.1358039350577
2014-11-18,438.13714713582954,287.6048203774767
2014-11-19,438.1432349765774,287.17307981075083
2014-11-20,438.1553735370929,287.73797688866335
2014-11-21,438.1432349765774,289.24482538534
2014-11-24,439.1649899557482,290.07322930882873
2014-11-25,439.1649899557482,289.73963648666296
2014-11-26,439.7427408911093,290.5526406594361
2014-11-28,438.9399625739595,289.81393172844815
2014-12-01,437.39209194284365,287.8346873231567
2014-12-02,439.24101372313567,289.6723566868704
2014-12-03,440.25972478193245,290.762898589205
2014-12-04,440.1198529286531,290.4250622801753
2014-12-05,440.4756204025994,290.9086828959783
2014-12-08,439.35657133440395,288.79768506789867
2014-12-09,439.26228404477297,288.7290021797076
2014-12-10,433.54832580921254,284.0080032678641
2014-12-11,436.8143038865024,285.2961753043809
2014-12-12,429.844468649841,280.6705008494663
2014-12-15,426.96774117061057,278.8903238884237
2014-12-16,423.61660756481143,276.5228175459264
2014-12-17,432.2589656839985,282.1507248882393
2014-12-18,441.9261598237106,288.92663231388974
2014-12-19,442.94791480288137,290.24704116190424
2014-12-22,443.9909772246695,291.3530170366226
2014-12-23,444.5140118352605,291.86182480026235
2014-12-24,444.7207756948057,291.8211694583735
2014-12-26,445.44756736554814,292.78697337991264
2014-12-29,445.7942401993528,293.03928973996886
2014-12-30,445.0887559712279,291.60673648507736
2014-12-31,442.46137011579725,288.60002071204826
2015-01-02,443.1547157834067,288.50190718915644
2015-01-05,438.0398159258249,283.2286389949872
2015-01-06,434.4210771739823,280.70975310295665
2015-01-07,439.13759467238316,283.9743633679677
2015-01-08,444.8181069048107,289.0541764714822
2015-01-09,443.05738457340186,286.6250197936206
2015-01-12,440.31139718632915,284.30516712417074
2015-01-13,439.20147987925526,283.57207054677673
2015-01-14,436.82343564762454,281.92364700852227
2015-01-15,432.8580611829575,279.3164521015554
2015-01-16,434.55185438712033,283.06605184909984
2015-01-20,435.3485819845024,283.50479074698416
2015-01-21,436.7778139629959,284.84622881014235
2015-01-22,439.42346334067,289.1957515130599
2015-01-23,438.92474297209026,287.6076265542737
2015-01-26,439.84311602148847,288.34633548526165
2015-01-27,437.61711932463265,284.4859944192388
2015-01-28,434.9076589820468,280.64668256835955
2015-01-29,437.06672655165664,283.32256036351754
2015-01-30,433.9102182448872,279.6416435041642
2015-02-02,437.574541560378,283.266488160079
2015-02-03,440.16543749230186,287.35671328261594
2015-02-04,439.7549165726053,286.1624455037954
2015-02-05,441.05036453856724,289.1074596089578
2015-02-06,440.81924931603066,288.11924049471054
2015-02-09,440.8405567586481,286.8955420811893
2015-02-10,441.9687375879654,289.95831294682284
2015-02-11,442.1299168838623,289.9498944164317
2015-02-12,442.56779596594384,292.74631803802373
2015-02-13,442.70466101982953,293.9391827284457
2015-02-17,442.73506310258847,294.4087724602634
2015-02-18,442.7624212649735,294.3162370692974
2015-02-19,442.77155302609515,294.0036563514412
2015-02-20,442.77155302609515,295.80487963846156
2015-02-23,444.72381961517965,295.71515042429263
2015-02-24,445.6908582695804,296.53096077386283
2015-02-25,445.63610482383007,296.30390000498
2015-02-26,445.5722567379381,295.86654708466
2015-02-27,445.34722935614946,294.99187546568834
2015-03-02,446.55143395285427,296.7986768846346
2015-03-03,445.80945980122254,295.4516435787164
2015-03-04,445.29551983077323,294.15505301180855
2015-03-05,445.57530065831213,294.50688598315514
2015-03-06,442.18158928825846,290.33256111087746
2015-03-09,443.9544873011629,291.47775501741796
2015-03-10,438.657137826047,286.5339046018872
2015-03-11,437.72358229575946,285.98442438552433
2015-03-12,442.36403890579254,289.5882398262954
2015-03-13,440.6337557781228,287.82907496956244
2015-03-16,445.0948438119759,291.7244590238802
2015-03-17,444.33156221772674,290.7558831472123
2015-03-18,447.9837469727021,294.29101569979224
2015-03-19,447.86514544105984,292.8570593565022
2015-03-20,447.86514544105984,295.4965081858009
2015-03-23,448.71354544283815,294.9806507585002
2015-03-24,447.3116716267297,293.1696400743584
2015-03-25,442.54652564430666,288.9014109443845
2015-03-26,441.737622365429,288.2145478408053
2015-03-27,442.8810227966158,288.8972016791889
2015-03-30,447.10795168755857,292.4323342317689
2015-03-31,444.3801907017491,289.8601652022627
2015-04-01,443.04524601288665,288.71076203052667
2015-04-02,444.7055932139166,289.7298148678731
2015-04-06,447.15353625120684,291.64458565016906
2015-04-07,446.6365894813638,291.0432424955633
2015-04-08,447.77998991255055,291.8239756351704
2015-04-09,449.6775401768649,293.1247754672739
2015-04-10,451.5538201195419,294.6498641131314
2015-04-13,450.4864434557426,293.29999040874793
2015-04-14,451.2527689703657,293.77799867095683
2015-04-15,453.0529880246751,295.2904252995594
2015-04-16,453.33581277258793,295.0605583538795
2015-04-17,453.33581277258793,291.7230559354817
2015-04-20,453.11078539079926,294.4171567689863
2015-04-21,453.05603194504897,293.9812411587331
2015-04-22,453.9591853925776,295.47686494822165
2015-04-23,454.4853010445226,296.1735154489222
2015-04-24,454.9049537253411,296.84073531492203
2015-04-27,454.3879698345178,295.61142454780673
2015-04-28,455.0478694989944,296.43004107417397
2015-04-29,454.59781473541705,295.32129324432685
2015-04-30,452.5299534140842,292.3300114436815
2015-05-01,455.06000805950987,295.52313264370457
2015-05-04,455.84155317600255,296.3921919090821
2015-05-05,453.731114090415,292.8836838144058
2015-05-06,452.9070283306478,291.5786747171068
2015-05-07,453.9500907524361,292.6790382382311
2015-05-08,456.6230611715151,296.6178838112348
2015-05-11,456.41325339159596,295.108229137761
2015-05-12,456.20645241107064,294.2377667839849
2015-05-13,456.689990298761,294.148037569816
2015-05-14,457.1947613871086,297.31874357713093
2015-05-15,457.1947613871086,297.5472074344123
2015-05-18,458.56014527971024,298.4541158648817
2015-05-19,458.6483447285934,298.2620980842937
2015-05-20,458.5723209612059,297.9845603547323
2015-05-21,459.338646475829,298.6812108554329
2015-05-22,459.1744232595583,298.013990989433
2015-05-26,456.62306117151513,294.949817035401
2015-05-27,459.1865989410539,297.6523363992967
2015-05-28,458.9250816357584,297.27528205844493
2015-05-29,457.46845437389976,295.3969573528423
2015-06-01,458.18002644277254,296.0053159494408
2015-06-02,458.02797890799746,295.7067661155698
2015-06-03,458.9250816357585,296.33333063968075
2015-06-04,456.3311417834607,293.7779986709569
2015-06-05,456.2429423345775,293.3560797230206
2015-06-08,454.2389662201167,291.4567429131084
2015-06-09,454.327165669,291.5786747171069
2015-06-10,458.9585276388914,295.0899889885802
2015-06-11,459.88903924880515,295.6030402390839
2015-06-12,457.6569918321817,293.53550392969026
2015-06-15,455.85068493712447,292.1786147833142
2015-06-16,458.3685639010546,293.8410692055539
2015-06-17,459.6153833829942,294.4227691225804
2015-06-18,463.44697383512977,297.33835259304203
2015-06-19,457.1430889827126,295.76141811977567
2015-06-22,464.47177273467446,297.5640444951946
2015-06-23,465.0161147878829,297.75325609898556
2015-06-24,463.285794539233,295.56378798559354
2015-06-25,462.28835380207335,294.6849071014263
2015-06-26,462.39782357259384,294.5699565177522
2015-06-29,454.7559129899601,288.4234026821757
2015-06-30,456.0635366374176,289.1901733811341
2015-07-01,458.96157155926545,291.196008022661
2015-07-02,459.00414932352004,291.1063130301603
2015-07-06,458.0857762741219,289.9821312279295
2015-07-07,460.77092237469657,291.745505349858
2015-07-08,453.69158024653444,286.8871406616323
2015-07-09,454.85628812033883,287.5361374892856
2015-07-10,460.1141037515739,291.08389783745224
2015-07-13,465.11949671765535,294.3050465837775
2015-07-14,466.98360097883676,295.6156338130023
2015-07-15,466.9288475330864,295.39836044124087
2015-07-16,469.188290233075,297.76588389457226
2015-07-17,463.38917646900535,298.09526745154244
2015-07-20,470.0062881520943,298.32516861889064
2015-07-21,469.2430065578451,297.05379942148795
2015-07-22,469.0636008606851,296.3445211252007
2015-07-23,467.46101390479913,294.6624576870499
2015-07-24,463.9031164394548,291.5085887405172
2015-07-27,461.60718381595933,289.825122213968
2015-07-28,466.49705629175253,293.4149409924221
2015-07-29,469.1092225453136,295.56238489719505
2015-07-30,469.1304928669509,295.5707692059179
2015-07-31,469.0636008606851,294.8993742963907
2015-08-03,468.09051148651673,294.0863701236175
2015-08-04,467.61914928032195,293.4247626112118
2015-08-05,468.8750634024032,294.33868648367377
2015-08-06,465.99224808242485,292.0566829793157
2015-08-07,465.00698302676096,291.21705434863884
2015-08-10,470.2313155338831,294.9470108586039
2015-08-11,466.6551545462953,292.1281720443039
2015-08-12,467.05962474622424,292.4057097738653
2015-08-13,466.9014893707013,292.0328304765408
2015-08-14,468.6409042594928,293.17525242795244
2015-08-17,471.0980161788851,294.7031130289388
2015-08-18,470.1340214448583,293.929361109656
2015-08-19,466.70077623092385,291.5030106085914
2015-08-20,456.911973760176,285.3522475078193
2015-08-21,475.5164893275034,276.26350285471165
2015-08-24,433.058737201755,265.3749380029821
2015-08-25,429.72891103857324,261.78653942376064
2015-08-26,444.11258555570583,272.0050782326933
2015-08-27,451.24668112961814,278.61418924726075
2015-08-28,451.55990796028993,278.78379183514073
2015-08-31,450.14890238305975,276.4443301497797
2015-09-01,440.29925862581376,268.2680891699015
2015-09-02,447.7222296674065,273.17551061957306
2015-09-03,448.2878420422522,273.49370369102337
2015-09-04,442.73810702296254,269.30115578039903
2015-09-08,452.2441218667777,276.0560511017399
2015-09-09,447.585364613521,272.21954542765775
2015-09-10,449.82958771164016,273.65630794774484
2015-09-11,451.9795606411083,274.88421562646164
2015-09-14,450.787494604919,273.76003382423073
2015-09-15,455.85372885749854,277.2727340732684
2015-09-16,458.51151679568824,279.6865081112487
2015-09-17,459.80696476165014,278.97021437296877
2015-09-18,459.80696476165014,274.4608935901268
2015-09-21,455.6165257942142,275.7140226383487
2015-09-22,451.9248071953582,272.3176589505494
2015-09-23,452.0555844084959,271.75977731462956
2015-09-24,450.94562998044194,270.84585344216754
2015-09-25,451.0520558305885,270.7196952621394
2015-09-28,441.70113244192237,263.77137907181196
2015-09-29,442.5404378035591,264.0965704744208
2015-09-30,449.3552187060517,269.13435936931603
2015-10-01,450.7601364425339,269.66559943649804
2015-10-02,455.68950564122775,273.52594050252094
2015-10-05,460.6310505214171,278.52868640912135
2015-10-06,460.3968913785066,277.5292596985201
2015-10-07,462.33093156632776,279.759383153801
2015-10-08,463.4043960708749,282.2264232184227
2015-10-09,464.0399443723602,282.4310687945975
2015-10-12,464.29541095788807,282.7913031855011
2015-10-13,464.1129242193739,280.8611326524897
2015-10-14,464.1372755823652,279.5365145392796
2015-10-15,464.6146885083276,283.68840710801504
2015-10-16,464.6146885083276,284.9849976749229
2015-10-19,466.1290760153303,285.0620990935051
2015-10-20,465.709423334512,284.65700009551705
2015-10-21,464.16767766512413,282.9987549384729
2015-10-22,467.77424073547087,287.7043369887668
2015-10-23,469.4558953791182,290.8778149512105
2015-10-26,469.07273262180655,290.32133640368914
2015-10-27,468.79295179426765,289.57982129590414
2015-10-28,470.42898475328644,293.00845601686933
2015-10-29,470.4168090717908,292.876668372413
2015-10-30,469.93635222545447,291.46796762029635
2015-11-02,471.5024492578336,294.9288049310911
2015-11-03,471.63318934999137,295.7333905734732
2015-11-04,471.39906732806105,294.684907101426
2015-11-05,471.5389391813405,294.35128005759196
2015-11-06,471.8430342508905,294.2489572695046
2015-11-09,471.16795210552453,291.3586293902164
2015-11-10,471.63318934999126,291.79875426566514
2015-11-11,471.5298074202186,290.85680284690085
2015-11-12,469.86032845806693,286.78760693950767
2015-11-13,467.862440184354,283.57347363517505
2015-11-16,471.4355572515678,287.79964433486145
2015-11-17,471.69403063648946,287.41417146361863
2015-11-18,472.7340491379037,292.05948915611253
2015-11-19,472.79180938304773,291.7314744658726
2015-11-20,472.5454745586417,292.8430284725168
2015-11-23,472.9286373159532,292.4814081040488
2015-11-24,473.2296884651294,292.8388192073212
2015-11-25,473.552047056923,292.80100426389754
2015-11-27,473.8074765214707,292.9748161169731
2015-11-30,472.7644512206627,291.6151207938
2015-12-01,475.464816923107,294.7297374868422
2015-12-02,473.1019922933457,291.48897972460594
2015-12-03,468.37025519307537,287.2992551016128
2015-12-04,474.9873668761644,293.19626453226186
2015-12-07,473.43040160490693,291.14696837204906
2015-12-08,471.4659593343268,289.25745318092646
2015-12-09,468.3793869541971,287.01889408442025
2015-12-10,469.8056121332969,287.6650847352764
2015-12-11,461.2635549025283,282.07783273485245
2015-12-14,463.6902276181813,283.4192707980106
2015-12-15,468.53752232972,286.42877563700256
2015-12-16,474.9235187902725,290.5862805593321
2015-12-17,468.8841951635248,286.21571153043675
2015-12-18,468.847705240018,281.12186754293714
2015-12-21,466.75248575629996,283.30854659036623
2015-12-22,469.22478015658174,285.80640326725313
2015-12-23,471.6970745568634,289.3555667038183
2015-12-24,471.68489887536776,288.8929924139932
2015-12-28,471.52676349984483,288.26362171308523
2015-12-29,472.9742590005818,291.3277956671172
2015-12-30,472.3295789379749,289.2252163694287
2015-12-31,470.787833268587,286.5030537679537
2016-01-04,467.80768673860376,282.11848807674136
2016-01-05,469.00888453591483,282.68617422061675
2016-01-06,465.70333549376403,278.9786329033598
2016-01-07,456.15782392704836,272.3667157119953
2016-01-08,451.35919482051224,269.41470327567447
2016-01-11,452.1863245006533,269.6445873321885
2016-01-12,455.9267087045119,271.7485697182755
2016-01-13,444.4623023098843,264.964243762234
2016-01-14,452.2623482680408,269.38806170693675
2016-01-15,439.82180857887096,263.5695225616002
2016-01-19,441.2510776783446,263.7096945147794
2016-01-20,438.59633366052896,260.6259115448364
2016-01-21,439.6606664039543,261.9799774035813
2016-01-22,445.11611413361305,267.29390093963946
2016-01-25,442.3093225810222,263.1139637137677
2016-01-26,445.3380975950277,266.8355359150099
2016-01-27,443.51657109810094,263.9367723944964
2016-01-28,444.9671105192119,265.39596721812575
2016-01-29,448.95074850612235,271.96722906760135
2016-02-01,449.66536449536915,271.84668324116734
2016-02-02,446.8190390988977,266.7514361652691
2016-02-03,447.8712332818077,268.0830697204718
2016-02-04,448.4885180610495,268.49236087282134
2016-02-05,445.024870764356,263.5302874189439
2016-02-08,441.8805381390822,259.80029668731055
2016-02-09,441.78324405005736,259.6278879226336
2016-02-10,442.534349962811,259.5788311611877
2016-02-11,438.8304556824592,256.38570996116465
2016-02-12,446.20476111904975,261.3898589561636
2016-02-16,450.9517178211897,265.7071448475834
2016-02-17,452.33532811505455,270.08611529603576
2016-02-18,452.3535916372981,268.8259708058212
2016-02-19,452.3535916372981,268.81897247466276
2016-02-22,456.2064524110708,272.7045349101908
2016-02-23,453.71897552989975,269.30817122239154
2016-02-24,454.4700814426534,270.50384208961054
2016-02-25,457.02753137144435,273.57359417556836
2016-02-26,456.7629701457749,273.06198023513144
2016-02-29,455.79593149137423,270.844450353769
2016-03-01,459.58494417925505,277.30918014996166
2016-03-02,460.3999352988807,278.4445695485466
2016-03-03,460.6553647634283,279.4187748896428
2016-03-04,460.84085830133625,280.3425032700603
2016-03-07,461.0932809664902,280.5906103649211
2016-03-08,460.5762970756669,277.4367414183884
2016-03-09,461.02939575961824,278.8384609501807
2016-03-10,461.29095018589396,278.8819053580325
2016-03-11,461.7744509526042,283.45431378630565
2016-03-14,461.8991403249942,283.0968855721991
2016-03-15,461.83525511812223,282.57685310137106
2016-03-16,461.9416809682688,284.1593828173974
2016-03-17,461.9660323312601,286.03348114697036
2016-03-18,461.9112788855098,287.29364274801895
2016-03-21,462.6776044001329,287.57679283117443
2016-03-22,462.6563340784958,287.32447647111815
2016-03-23,461.105419527006,285.48961328420154
2016-03-24,461.17539257462596,285.38167814252006
2016-03-28,461.8322111977485,285.537284068083
2016-03-29,464.38966112653947,288.0547668717151
2016-03-30,465.3293044975749,289.30789591993704
2016-03-31,464.97962486437643,288.7177774725194
2016-04-01,466.26594106921664,290.54562521744344
2016-04-04,466.0013798435473,289.6134611958006
2016-04-05,464.036900451987,286.675479643465
2016-04-06,466.45447852749857,289.68775643758573
2016-04-07,464.0551639742305,286.21851770723396
2016-04-08,465.4083721853365,287.01608790762344
2016-04-11,464.9978512656399,286.22972530358805
2016-04-12,467.299834608903,288.99531520208075
2016-04-13,468.0083998783821,291.8968677885572
2016-04-14,468.08137972539566,291.94734474923575
2016-04-15,467.8928422671138,291.6599854008847
2016-04-18,469.73259516530385,293.567740741188
2016-04-19,470.340785304404,294.4732460832589
2016-04-20,470.4837381990376,294.69750067534477
2016-04-21,470.4867821194115,293.1668338975614
2016-04-22,470.02150775396456,293.18086478154663
2016-04-25,469.6900545220294,292.64960760353046
2016-04-26,470.127933604111,293.19766762066064
2016-04-27,470.64488037395415,293.68125401479534
2016-04-28,468.4554107215853,290.97035034217674
2016-04-29,467.2694325261438,289.4971417453963
2016-05-02,469.8299263753087,291.7580989237765
2016-05-03,467.5035916690542,289.2266194578275
2016-05-04,465.7580889395148,287.5095130313819
2016-05-05,465.92231215578545,287.44079592152264
2016-05-06,467.5583451148043,288.3533167055861
2016-05-09,468.20911301815926,288.57059007734756
2016-05-10,471.91601409790474,292.17300242972016
2016-05-11,469.7599904486689,289.3793849849252
2016-05-12,469.93635222545504,289.3303453343134
2016-05-13,466.86499944719486,286.87731904284277
2016-05-16,471.09192833813756,289.6877564375859
2016-05-17,467.5309498314391,286.96141879258346
2016-05-18,467.61610535994834,287.020297172819
2016-05-19,466.06522792943883,285.95639683922224
2016-05-20,466.06522792943883,287.6777125308634
2016-05-23,467.58265935681555,287.0777724646561
2016-05-24,470.5962518899317,291.0053933304716
2016-05-25,471.7457401618663,293.03508047477334
2016-05-26,471.98290610417047,292.9734130285749
2016-05-27,472.6701639310322,294.2293482535938
2016-05-31,472.6397618482733,293.9335703748516
2016-06-01,472.8526135485663,294.26719741868567
2016-06-02,473.38782384065297,295.0984075189714
2016-06-03,473.4851550506579,294.2391356507152
2016-06-06,473.9199902123656,295.68010743599785
2016-06-07,474.0507674255034,296.06137104204515
2016-06-08,474.2393048837853,297.0412058475695
2016-06-09,474.2514805652808,296.53096077386283
2016-06-10,473.74971627632715,293.8102354824546
2016-06-13,473.3391953566306,291.4259091900092
2016-06-14,473.7040945916986,290.9016674539855
2016-06-15,474.0325039032599,290.3662010107738
2016-06-16,474.4521565840783,291.27591561804024
2016-06-17,474.4521565840783,290.3269487572834
2016-06-20,476.9822483504842,292.0132214606298
2016-06-21,477.2650359774169,292.80517930742513
2016-06-22,475.9483176898177,292.3215929132904
2016-06-23,479.5457489990429,296.2282016747963
2016-06-24,471.049350573883,285.5877439179274
2016-06-27,466.12298817458304,280.4196046886426
2016-06-28,473.22059382498855,285.4027073576637
2016-06-29,478.76424100353046,290.2638782226864
2016-06-30,480.7225954333627,294.20132070729153
2016-07-01,481.6288299222454,294.7746020939269
2016-07-05,481.2334914834382,292.7561396568133
2016-07-06,482.03326300119426,294.3232525112899
2016-07-07,482.27350998485247,294.06672688603805
2016-07-08,483.2648257602841,298.5522293877734
2016-07-11,483.4016908141697,299.5698791367213
2016-07-12,483.4108225752915,301.66965225761277
2016-07-13,483.49594098282057,301.7103075995017
2016-07-14,483.5020288235684,303.29706369155764
2016-07-15,483.8639212592428,303.01531669680065
2016-07-18,484.8187842321478,303.7371885670064
2016-07-19,484.93734864280975,303.3012729567532
2016-07-20,485.9043872972104,304.5964604352626
2016-07-21,484.8430984741589,303.4960969141383
2016-07-22,486.11723899750336,304.8782074300196
2016-07-25,485.6763159950478,303.960074292362
2016-07-26,485.79187360631596,304.0581878152538
2016-07-27,485.7736100840725,303.6937612699888
2016-07-28,486.20848236676045,304.1815569293191
2016-07-29,487.3610145590691,304.6777711190404
2016-08-01,486.92918619675504,304.29089515939904
2016-08-02,485.2901093173623,302.3551122727935
2016-08-03,486.46086791093427,303.3026760451518
2016-08-04,486.88660843250045,303.36714966814736
2016-08-05,489.06698344472767,305.9771678627454
2016-08-08,489.13691937136736,305.6995959115157
2016-08-09,489.2980986672641,305.81875576038533
2016-08-10,489.00918607860336,304.9426810530151
2016-08-11,490.0005389750152,306.38645901509483
2016-08-12,490.17389395240764,306.1425611854297
2016-08-15,490.61786087523717,306.99758956682206
2016-08-16,490.31072188531317,305.31552612867125
2016-08-17,490.68779680187686,305.8860355601779
2016-08-18,490.91891202441343,306.5588677797718
2016-08-19,491.2868551798554,306.11733981592454
2016-08-22,491.4358959152368,305.94489682957925
2016-08-23,491.7034639403,306.54203071898957
2016-08-24,490.35329964956793,304.9356656110225
2016-08-25,490.4475869391989,304.5193590166804
2016-08-26,489.87284280323155,304.03857879934276
2016-08-29,491.86464323619686,305.62810684652754
2016-08-30,491.5271021635138,305.03100717878556
2016-08-31,490.94021946703094,304.3062949101145
2016-09-01,490.6817089611292,304.2937013361961
2016-09-02,492.78910412634286,305.5720517539232
2016-09-06,493.76219350051116,306.48316944958816
2016-09-07,493.98417696192587,306.43830484250367
2016-09-08,493.38511858394736,305.75708831418683
2016-09-09,482.7387472293192,298.25929190749656
2016-09-12,490.56615134986095,302.63685926755045
2016-09-13,484.3930437105816,298.14855058901804
2016-09-14,482.37080407387725,297.97333564754405
2016-09-15,488.58953339778515,300.98562955249895
2016-09-16,488.58953339778515,299.8502230430799
2016-09-19,487.99047501980664,299.8446449111541
2016-09-20,487.6468461063758,299.9343399036548
2016-09-21,490.7729523303863,303.20877178745565
2016-09-22,492.287339837389,305.17956344068773
2016-09-23,491.7217274625434,303.428817114346
2016-09-26,489.7846433543483,300.82304240661176
2016-09-27,491.5635920870205,302.7615972483461
2016-09-28,492.6461883526895,304.36519040118435
2016-09-29,491.0040675529228,301.52807721603523
2016-09-30,492.3056033596326,303.93064365766145
2016-10-03,492.1109780606028,302.9396183666172
2016-10-04,491.49974400112865,301.43838222353463
2016-10-05,492.6187930693242,302.73356970204395
2016-10-06,493.0627971131339,302.87935400881724
2016-10-07,492.76478988433155,301.89394107136707
2016-10-10,494.1818461813294,303.2844358959712
2016-10-11,491.6213894531446,299.5096147789217
2016-10-12,491.9376230832103,299.85302921987704
2016-10-13,491.6061698512752,298.9237055966995
2016-10-14,492.3299176016436,298.98396995449946
2016-10-17,492.2842959170151,298.0756584356315
2016-10-18,493.889926793275,299.9119247109467
2016-10-19,494.85696544767563,300.56932295815693
2016-10-20,495.26748636737227,300.15582254061184
2016-10-21,495.26748636737227,300.13056694943845
2016-10-24,496.81227595713403,301.5561389840056
2016-10-25,496.1128424487767,300.4109108557968
2016-10-26,495.39822645953,299.8880722081718
2016-10-27,494.03893040767616,298.9923884848905
2016-10-28,493.87775111177945,298.06303064004476
2016-10-31,493.3273583388034,298.02658456335143
2016-11-01,491.2138753328419,296.0039128610423
2016-11-02,489.20989921838105,294.0723392396323
2016-11-03,487.5069742530965,292.7715394075289
2016-11-04,486.8531624293676,292.2837437481986
2016-11-07,494.65016446715043,298.77932437832465
2016-11-08,495.48946982878704,299.9063123573526
2016-11-09,499.87754089464636,303.2283808033667
2016-11-10,500.33977133971945,303.8199023391829
2016-11-11,500.6621299315131,303.3951772144496
2016-11-14,501.14563069822333,303.3601342261548
2016-11-15,501.8298446047112,305.62950993492615
2016-11-16,501.89978053135087,305.14592354079144
2016-11-17,501.9697164579906,306.5728986637572
2016-11-18,501.9697164579906,305.8411709530936
2016-11-21,503.94937833044037,308.1231744574517
2016-11-22,504.69138960305236,308.7903943234515
2016-11-23,505.01066715349185,309.0399045067107
2016-11-25,505.60671873207656,310.24960625791493
2016-11-28,505.1110422838706,308.619388647173
2016-11-29,505.4911611208083,309.0314859763196
2016-11-30,505.14448828700347,308.211500583222
2016-12-01,504.39338237425,307.12797412288006
2016-12-02,504.77350121118764,307.2499059268784
2016-12-05,506.7288117206459,309.03850141831214
2016-12-06,507.467779072884,310.0925972439535
2016-12-07,508.0333914477295,314.17442094693337
2016-12-08,508.1459051386239,314.85283129845317
2016-12-09,508.37397644078646,316.72273747366467
2016-12-12,508.43173668593045,316.3624859719269
2016-12-13,508.51993613481363,318.4314253697191
2016-12-14,508.4652198100435,315.84666276629446
2016-12-15,508.5381996570572,317.0731673566127
2016-12-16,508.3131722752685,316.5180918974899
2016-12-19,509.4565355854752,317.1432533332024
2016-12-20,510.2502563834635,318.296865770134
2016-12-21,509.8914078681632,317.51469532046
2016-12-22,509.82755978227124,316.92317378464384
2016-12-23,510.00696547943136,317.3198713630749
2016-12-27,510.849314761442,318.03332470288956
2016-12-28,508.62331806458616,315.3756699460783
2016-12-29,508.5381996570571,315.2831687767806
2016-12-30,507.34917754124166,313.82118488718834
2017-01-03,510.35668223360994,316.4844519975937
2017-01-04,512.0261611957618,318.2954626817355
2017-01-05,512.451901717328,318.05016176367184
2017-01-06,513.312477400602,319.16873121230867
2017-01-09,513.1938758689597,318.03613087968665
2017-01-10,513.403720769859,318.03613087968665
2017-01-11,514.0696711541034,318.9360580898317
2017-01-12,513.8142416895557,318.25200116304956
2017-01-13,514.7934189044719,318.84071652206865
2017-01-17,514.358546621784,317.89455583810883
2017-01-18,514.9332907577513,318.45524365082576
2017-01-19,514.9606860411166,317.3058404790897
2017-01-20,514.607925366564,318.3739671887162
2017-01-23,515.2343419069276,317.51750149725706
2017-01-24,516.7548172546782,319.60187486743297
2017-01-25,518.2205762776586,322.1670284549465
2017-01-26,518.4212894174361,321.9301118456057
2017-01-27,518.3695798920596,321.6511710276458
2017-01-30,517.2292233812468,319.7181943178373
2017-01-31,517.314378909756,319.43367536795154
2017-02-01,517.5515448520601,319.52898271404626
2017-02-02,517.7522579918377,319.71121309751294
2017-02-03,519.3761152693609,322.03383772209156
2017-02-06,519.4278247947373,321.3526211937748
2017-02-07,519.6984738611545,321.42551334716137
2017-02-08,519.9113255614475,321.6483648508487
2017-02-09,520.5012892992844,323.49866201014913
2017-02-10,520.6685193149488,324.6522744470807
2017-02-13,520.7506309230843,326.355349989541
2017-02-14,520.820566849724,327.66316526363704
2017-02-15,520.8327425312195,329.29896100630475
2017-02-16,520.9178980597288,329.0144078347508
2017-02-17,521.9122948765146,329.56667711707655
2017-02-21,523.1225873139673,331.559918184685
2017-02-22,522.9948540212033,331.20110399301404
2017-02-23,523.3293511735125,331.3398728577948
2017-02-24,523.6182637621732,331.8346839591176
2017-02-27,523.8432911439619,332.172486046479
2017-02-28,523.286810530238,331.3160203550198
2017-03-01,525.0839856641735,335.8463874638396
2017-03-02,525.0474957406666,333.87836776573636
2017-03-03,525.4823680233546,334.04660148688595
2017-03-06,525.4914997844764,332.95185031935574
2017-03-07,525.2178067976853,331.9818371326211
2017-03-08,525.1144248679127,331.22351918572195
2017-03-09,525.0992052660432,331.488463341365
2017-03-10,525.625283797008,332.57198980170693
2017-03-13,525.9901830320761,332.6939216057054
2017-03-14,525.810777334916,331.5697398034745
2017-03-15,526.2973220220001,334.34655440915543
2017-03-16,526.3824775505094,333.8026694355525
2017-03-17,526.2091596940971,333.36394764850223
2017-03-20,526.087514242081,332.6939216057053
2017-03-21,522.1920385830736,328.5658644289107
2017-03-22,522.4779072513603,329.1868165994276
2017-03-23,521.592980205095,328.837789804878
2017-03-24,522.4383734074796,328.5602520753166
2017-03-27,521.9579165611433,328.2252561647523
2017-03-28,524.4362616811927,330.60537319200216
2017-03-29,525.4519659405959,330.9641873836731
2017-03-30,526.610548852672,331.93560365880626
2017-03-31,525.9689127104389,331.18707310902863
2017-04-03,525.7560610101458,330.64322235709403
2017-04-04,526.0996899235766,330.82822469568947
2017-04-05,524.2416363821629,329.8175903887342
2017-04-06,525.7134832458913,330.4539765316348
2017-04-07,525.7195710866392,330.180648067269
2017-04-10,526.1118284840923,330.40770883615187
2017-04-11,525.7073954051435,329.9339440608068
2017-04-12,523.8797810674689,328.6934085865033
2017-04-13,521.1246619192743,326.45346351243273
2017-04-17,525.1934554346943,329.26532110640846
2017-04-18,523.5574224756755,328.309338803659
2017-04-19,522.6694886300164,327.745844814145
2017-04-20,526.8143059128237,330.22270649755643
2017-04-21,526.9480899253552,329.22045649932403
2017-04-24,529.0767554122061,332.7892289518003
2017-04-25,530.037706225859,334.8161441409733
2017-04-26,529.9434189362279,334.65352277341765
2017-04-27,530.2688214483954,334.83855933368136
2017-04-28,530.037706225859,334.19796392558516
2017-05-01,530.6611159668288,334.77689188748286
2017-05-02,530.6458963649592,335.1749583326442
2017-05-03,530.5607408364499,334.74883011951243
2017-05-04,530.7614539762274,334.9436882985658
2017-05-05,531.0290591222708,336.31317101886026
2017-05-08,531.6524688632405,336.32576459277874
2017-05-09,531.6494249428666,335.9809470634247
2017-05-10,532.7411158486772,336.36080758107346
2017-05-11,532.6620481609157,335.63332335727364
2017-05-12,532.8597173803194,335.13710916755224
2017-05-15,533.0786569213601,336.73789614359345
2017-05-16,533.1273225263625,336.5065918878468
2017-05-17,531.3878705165909,330.38950290863926
2017-05-18,533.0756130009862,331.60758896856635
2017-05-19,533.0756130009862,333.8517433078326
2017-05-22,534.9244976602979,335.5744620878723
2017-05-23,535.4019477072405,336.1912049931936
2017-05-24,536.0831176933544,337.0280274470733
2017-05-25,536.6639496700695,338.52508854662864
2017-05-26,536.8007776029751,338.6302175115131
2017-05-30,536.9224230549912,338.22229522589384
2017-05-31,536.9467372970023,338.0667235219991
2017-06-01,537.731326333869,340.62626475591856
2017-06-02,538.0506038843085,341.88921542293
2017-06-05,538.1935196579618,341.47290882858795
2017-06-06,538.0354214034192,340.5239419678311
2017-06-07,538.2360974222165,341.0579711009761
2017-06-08,538.4489862434898,341.1491034035435
2017-06-09,538.3577428742327,340.86595332038803
2017-06-12,538.5128343293817,340.532326276554
2017-06-13,538.813885478558,342.06863962959966
2017-06-14,538.841243640943,341.727997143773
2017-06-15,538.874726765056,340.96266375488125
2017-06-16,538.8716828446821,341.0593741893746
2017-06-19,540.9729530481678,343.9062747716451
2017-06-20,540.1884011322812,341.6032591629775
2017-06-21,539.9998636739995,341.40422594039677
2017-06-22,540.1458233680266,341.2486200148338
2017-06-23,540.7905034306336,341.7812802812486
2017-06-26,541.1919297101888,341.88921542293
2017-06-27,539.6744611618319,339.12920365636313
2017-06-28,541.4443152543627,342.11627619181286
2017-06-29,539.2183185575068,339.17406826344757
2017-06-30,539.9755494319884,339.6941007342756
2017-07-03,540.6901654212352,340.4790773607466
2017-07-05,541.3469840443577,340.9738884620695
2017-07-06,539.0541324622163,337.77936417364793
2017-07-07,541.2953116399616,339.94220782913635
2017-07-10,541.8092144894308,340.2575947237896
2017-07-11,542.113309558981,339.99128170141637
2017-07-12,543.4786934515826,342.47512460515213
2017-07-13,543.7827885211326,343.1171231016468
2017-07-14,544.0899275110567,344.7206820328168
2017-07-17,544.1933465618094,344.702441883636
2017-07-18,544.2724142495708,344.90852476987754
2017-07-19,544.3666644182217,346.76159388430676
2017-07-20,544.3970665009807,346.70831074683116
2017-07-21,544.3970665009807,346.58076658923864
2017-07-24,545.0204762419505,346.21209655710976
2017-07-25,545.6377981421725,347.2241339524636
2017-07-26,545.805028157837,347.32228169702364
2017-07-27,545.5526426136634,346.98444538799407
2017-07-28,545.3671490757554,346.51909914304014
2017-07-31,545.7868017565738,346.26678278298385
2017-08-01,546.2003665966444,347.11482994405185
2017-08-02,546.425393978433,347.28583562033026
2017-08-03,546.1152110681351,346.52748345176303
2017-08-04,546.6200192774628,347.1821097438445
2017-08-07,547.285969661707,347.75398804208135
2017-08-08,546.674735602233,346.91435941140446
2017-08-09,546.8206952962602,346.7882183422104
2017-08-10,541.4929808593654,341.7686524856619
2017-08-11,542.6181177683088,342.2046023175833
2017-08-14,546.7112255257398,345.64162134727144
2017-08-15,547.1613174102972,345.4692125825944
2017-08-16,547.9428254058098,345.9598144187218
2017-08-17,541.1858418694413,340.6192493139258
2017-08-18,541.1645344268239,339.9940878782134
2017-08-21,540.4955401222057,340.38938236824595
2017-08-22,543.2171761462872,343.7731182604585
2017-08-23,542.3839586253983,342.58586592363065
2017-08-24,542.4113167877834,341.87518453894484
2017-08-25,543.0347265287533,342.44709705884986
2017-08-28,543.5182272954635,342.6138934699327
2017-08-29,543.691582272856,342.90265590668236
2017-08-30,544.5765093191212,344.4852027335428
2017-08-31,545.3671490757554,346.4559943867748
2017-09-01,545.6742880656794,347.142857490354
2017-09-05,545.1390777735927,344.52164881023606
2017-09-06,545.6590684638097,345.599562916984
2017-09-07,545.8567376832134,345.5378954707855
2017-09-08,545.531335171046,345.0234411318833
2017-09-11,546.4345257395546,348.7632534823063
2017-09-12,546.4892420643247,349.9364749351489
2017-09-13,546.5257319878315,350.20141909079194
2017-09-14,546.5804854335819,349.815946219549
2017-09-15,546.8420027388772,350.46211975957107
2017-09-18,547.4836388811103,350.9723648332776
2017-09-19,547.7299737055164,351.3620127480478
2017-09-20,547.9458693261834,351.58489847340337
2017-09-21,547.5383923268607,350.513999808648
2017-09-22,547.7664636290233,350.7410605775309
2017-09-25,547.3559055883464,349.96169630465397
2017-09-26,547.5931086516308,349.9869518958274
2017-09-27,548.3503024051322,351.4166989739219
2017-09-28,548.9159147799778,351.84002101025663
2017-09-29,549.5301927598258,353.1436270191571
2017-10-02,550.2600283509422,354.5117066510531
2017-10-03,550.4303394079608,355.2770400399448
2017-10-04,550.576299101988,355.7199710921906
2017-10-05,550.9837761013107,357.7286461321828
2017-10-06,550.9351104963082,357.34457634933847
2017-10-09,550.9168840950449,356.6997716760467
2017-10-10,551.1662257188447,357.52817559953536
2017-10-11,551.3304489351154,358.1729802728271
2017-10-12,551.3851652598855,357.56883094142427
2017-10-13,551.4885843106383,357.88281474767905
2017-10-16,551.6101926416742,358.50937927179
2017-10-17,551.6467196861612,358.7505051463263
2017-10-18,551.7227434535487,359.01681816869956
2017-10-19,551.771371937571,359.1345749291707
2017-10-20,552.1241326121236,360.9722100712161
2017-10-23,550.94424225743,359.5382537279261
2017-10-24,551.3942970210073,360.11995364495255
2017-10-25,549.9893792845251,358.44069638359883
2017-10-26,550.3938123634738,358.8962552314314
2017-10-27,552.8691506841294,361.79363277438046
2017-10-30,552.1667103763783,360.63861724905036
2017-10-31,552.7140592289804,360.9792255132087
2017-11-01,552.9999278972671,361.55394420991087
2017-11-02,553.3739588934569,361.62262709810193
2017-11-03,554.0703484814403,362.7425996351372
2017-11-06,554.6694068594188,363.2037366148956
2017-11-07,554.5660249296461,363.1350537267045
2017-11-08,554.9795897697167,363.65929546272804
2017-11-09,554.292331942855,362.29125005250035
2017-11-10,554.2406224174786,361.96604153905747
2017-11-13,554.9795897697165,362.32208377559954
2017-11-14,554.9217924035923,361.48526132171975
2017-11-15,554.0794802425619,359.4878109889157
2017-11-16,555.764141685603,362.4341939608084
2017-11-17,555.7732734467247,361.4824551449227
2017-11-20,556.5243793594784,361.94359212468106
2017-11-21,558.1543244777495,364.3111155780125
2017-11-22,557.9901383824589,364.03778711364663
2017-11-24,558.6591326870772,364.78628344175604
2017-11-27,558.847670145359,364.6461114885768
2017-11-28,559.7569114336354,368.2373333554294
2017-11-29,559.6352659816193,368.10137066744574
2017-11-30,559.9484928122912,371.1164707491977
2017-12-01,559.8268473602752,370.365134022623
2017-12-04,560.0488308216899,369.9754518861846
2017-12-05,560.1431181113209,368.5919725035731
2017-12-06,560.3468751714723,368.54991407328566
2017-12-07,560.818200256687,369.6306343568306
2017-12-08,561.0462715588495,371.6659338547265
2017-12-11,561.1679170108656,372.85599236835145
2017-12-12,561.2196265362418,373.4335172418506
2017-12-13,561.2561164597487,373.25689921197807
2017-12-14,561.2378529375052,371.7374229197147
2017-12-15,561.243940778253,375.0735222497139
2017-12-18,562.5120305818299,377.0849692448349
2017-12-19,561.7669753888439,375.8668831849078
2017-12-20,561.9889588502587,375.5557055554501
2017-12-21,562.4633649768274,376.30142992843076
2017-12-22,562.505942741082,376.12902116375375
2017-12-26,562.6154125116024,375.73092049692417
2017-12-27,562.5393887442149,376.0281014640649
2017-12-28,562.9407779027897,376.71773652277284
2017-12-29,561.9311986051146,374.76515079705325
2018-01-02,563.8439684712986,377.8769613132985
2018-01-03,564.6497907088224,380.2949275056402
2018-01-04,565.0208149056184,381.82699737182213
2018-01-05,565.2245348447897,384.51267967493555
2018-01-08,565.4526061469522,385.1518719946332
2018-01-09,565.4982278315808,385.65369853794874
2018-01-10,565.5712076785943,385.2247641480199
2018-01-11,565.6380996848601,387.9342989539083
2018-01-12,565.6594071274776,390.5527014572291
2018-01-16,565.711116652854,389.17620329494196
2018-01-17,565.7871404202415,392.8403173151812
2018-01-18,565.8388128246377,392.20533426067914
2018-01-19,565.8388128246377,393.92524686392176
2018-01-22,568.1803671327617,397.102934091561
2018-01-23,568.4966007628274,397.96638100334445
2018-01-24,568.232039537158,397.74352949965714
2018-01-25,568.353684989174,397.9832180641267
2018-01-26,569.7312445632713,402.6958155564132
2018-01-29,568.4418844380573,399.9848776621263
2018-01-30,566.6842060270224,395.62551622958495
2018-01-31,567.7363630889521,395.81897132023977
2018-02-01,567.5326431497808,395.56244569498796
2018-02-02,560.0579625828116,387.1731406085438
2018-02-05,550.9199280154186,371.30708544138724
2018-02-06,547.9276058039397,377.7830228339339
2018-02-07,544.2511068069533,375.89350764281136
2018-02-08,529.1102014153391,361.7838111555907
2018-02-09,534.6751560364984,367.18744679498366
2018-02-12,541.7666367251759,372.29670764403295
2018-02-13,543.3388215983028,373.2694927858964
2018-02-14,550.9442422574298,378.2722215816626
2018-02-15,558.108739914101,382.83763167877726
2018-02-16,557.6708237110391,382.98060980875357
2018-02-20,553.6263444376305,380.74347091147996
2018-02-21,551.7835476190666,378.65071323258115
2018-02-22,554.2223960162154,379.0193490430417
2018-02-23,558.8537579861068,385.0944138136301
2018-02-26,561.374717991391,389.62197474565284
2018-02-27,558.3428619360313,384.6710917772954
2018-02-28,555.9101013796304,380.40286264732146
2018-03-01,550.5154578154896,375.33422291849286
2018-03-02,553.0668199035326,377.23776899360064
2018-03-05,557.1994615048443,381.39946607029157
2018-03-06,558.719936852595,382.40592533371955
2018-03-07,558.5192608337976,382.22088877345584
2018-03-08,560.5992607156459,383.9267704927132
2018-03-09,563.7618568631632,390.5989691527118
2018-03-12,564.0476884104697,390.10135187459196
2018-03-13,563.7892150255483,387.61891205925474
2018-03-14,563.4212718701062,385.3999790894937
2018-03-15,564.2757597126323,385.0986230788256
2018-03-16,564.2757597126323,385.75461823763726
2018-03-19,560.0823139458028,380.2752842680606
2018-03-20,560.4168110981119,380.8387782575746
2018-03-21,560.0488308216896,380.13651540327993
2018-03-22,547.6539499381286,370.571182687196
2018-03-23,538.9628890929588,362.8014609045385
2018-03-26,550.7192148756409,372.65415296897334
2018-03-27,542.6637394529367,366.2160647415185
2018-03-28,541.0550646563029,365.147938031892
2018-03-29,546.7781546529851,370.1759224188317
2018-04-02,534.9701193449266,361.90714604798745
2018-04-03,543.0773042930073,366.47255614510203
2018-04-04,549.676152453853,370.7113546403752
2018-04-05,552.8326607606224,373.2554961235792
2018-04-06,541.486893018617,365.0736427901069
2018-04-09,543.3205951970396,366.2917288500339
2018-04-10,551.6041419219064,372.4186736696994
2018-04-11,549.2260976902754,370.36092475742714
2018-04-12,553.8696353416626,373.416680181068
2018-04-13,552.5741873757006,372.33876607432006
2018-04-16,557.6829993925347,375.35807542126764
2018-04-17,562.8556594952607,379.35995730720003
2018-04-18,563.6219478889036,379.67534420185336
2018-04-19,559.9728070543022,377.50127583917686
2018-04-20,560.1096721081879,374.278724004453
2018-04-23,560.130942429825,374.2997703304309
2018-04-24,555.7793612874725,369.2914291810705
2018-04-25,556.9957415656731,369.9698395325903
2018-04-26,561.2804307017598,373.83018059861314
2018-04-27,561.611883933695,374.24648719295527
2018-04-30,559.2399646637921,371.18234746059153
2018-05-01,560.106628187814,372.1285081445513
2018-05-02,556.7250924992559,369.4470008849652
2018-05-03,557.9292970959607,368.6143876962809
2018-05-04,562.6488585147353,373.3367725856888
2018-05-07,563.3513359434666,374.6277507990025
2018-05-08,564.1419757001008,374.5282341877122
2018-05-09,566.9761254150767,378.1544990428596
2018-05-10,568.140833288881,381.69805012583066
2018-05-11,568.7824694311142,382.3498360194468
2018-05-14,568.9649190486482,382.6876381068081
2018-05-15,568.6212901352174,380.0692356034872
2018-05-16,569.183858589689,381.61253017685726
2018-05-17,569.3267743633423,381.28591857501584
2018-05-18,569.3207236435746,380.2822997100531
2018-05-21,571.0905406151251,383.09135112723175
2018-05-22,570.6952021763178,381.89006790641866
2018-05-23,571.5770853022092,383.1306033807221
2018-05-24,571.6713725918402,382.3554483730408
2018-05-25,570.9232734784803,381.4541522961655
2018-05-29,567.152524312843,377.0429450362153
2018-05-30,571.701774674599,381.8298035486187
2018-05-31,570.0930998779653,379.2029825149067
2018-06-01,573.0793342486965,383.3170430293844
2018-06-04,574.2227346798834,385.03414945582995
2018-06-05,574.6241238384582,385.3046717433987
2018-06-06,575.3144255856938,388.60572808510324
2018-06-07,575.2384018183063,388.32819035554184
2018-06-08,575.5972132126266,389.54206715027334
2018-06-11,575.8526797981544,389.9583737446155
2018-06-12,576.0259976545668,390.638221406202
2018-06-13,576.0655314984475,389.06546197646304
2018-06-14,576.2175790332226,390.0270566328066
2018-06-15,576.2236668739704,389.6303590543755
2018-06-18,577.2697360951523,388.8019551308868
2018-06-19,575.8131459542738,387.2376484532072
2018-06-20,576.664589876426,387.90065905401156
2018-06-21,574.3261166096561,385.4392313429839
2018-06-22,575.2079997355474,386.15689394799404
2018-06-25,569.7981365695372,380.85701840675523
2018-06-26,570.9992972458681,381.696647037432
2018-06-27,566.9822132558246,378.41239353484156
2018-06-28,570.0049375500626,380.75048635347224
2018-06-29,571.2273685480307,381.0392487902219
2018-07-02,572.3707689792176,382.208260977869
2018-07-03,570.4610801543877,380.31734269834794
2018-07-05,574.5481000710708,383.59598384734426
2018-07-06,578.3523323608214,386.8493694051673
2018-07-09,581.2138773591623,390.2625359320806
2018-07-10,581.9406690299048,391.6180219900581
2018-07-11,580.6117750608099,388.83980429597864
2018-07-12,582.5062814047504,392.241780337372
2018-07-13,582.9076705633252,392.6651023737067
2018-07-16,583.2391237952604,392.261389353283
2018-07-17,583.6040601513087,393.82011789903675
2018-07-18,583.7652394472054,394.67097123690183
2018-07-19,583.8321314534712,393.1108396027495
2018-07-20,583.3303671645175,392.73799452709335
2018-07-23,584.2031185292872,393.4598663972991
2018-07-24,585.2735391134604,395.3409630580305
2018-07-25,586.8183287032222,398.93920036687575
2018-07-26,586.5020950731565,397.72949861567156
2018-07-27,585.2613634319647,395.1195146427418
2018-07-30,584.2578719750375,392.84592966877494
2018-07-31,586.4138956242733,394.76487549459824
2018-08-01,585.7388134789072,394.3541812538502
2018-08-02,587.1498190561375,396.29694536078006
2018-08-03,588.2323782008262,398.1374209012908
2018-08-06,588.9561259511947,399.54612165340745
2018-08-07,589.3757786320131,400.67451272083383
2018-08-08,589.4518023994005,400.56938375594945
2018-08-09,589.4457145586526,399.99189310411845
2018-08-10,588.5516928722459,397.1463956102465
2018-08-13,588.2658242039591,395.55543025299494
2018-08-14,589.6950933034327,398.0827346754167
2018-08-15,589.1264370082132,395.05644410814483
2018-08-16,590.1299284651406,398.18505746350405
2018-08-17,590.1299284651406,399.5082724883156
2018-08-20,591.7233836599047,400.4782856750502
2018-08-21,592.1004585764684,401.3066895985389
2018-08-22,592.2160161877367,401.1469086294486
2018-08-23,592.1521681018448,400.4684640562606
2018-08-24,593.3411902176603,402.9509038715978
2018-08-27,594.6883105880185,406.0417022835335
2018-08-28,594.7217565911513,406.15104051361357
2018-08-29,595.2904128863709,408.4666839178678
2018-08-30,594.6366381836223,406.65704210045635
2018-08-31,594.8981554889178,406.7117283263304
2018-09-04,595.168804555335,406.0388961067364
2018-09-05,594.9802670970531,404.90071764218857
2018-09-06,594.5149927316062,403.421896691814
2018-09-07,594.4632832062299,402.5289849236616
2018-09-10,595.4303218606304,403.29291522415474
2018-09-11,596.1996541746473,404.8011668092299
2018-09-12,596.3547456297964,404.94554802760473
2018-09-13,596.8565099187501,407.08457340198646
2018-09-14,596.9659796892705,407.1967178088635
2018-09-17,596.80179359398,404.92874518849067
2018-09-18,597.2123145136767,407.1028135511673
2018-09-19,597.2639869180729,407.61302440320566
2018-09-20,597.3795445293412,410.8089517800257
2018-09-21,596.7318205463603,410.6575551196583
2018-09-24,596.0901844041272,409.2138113792469
2018-09-25,595.6401296405498,408.67974802443365
2018-09-26,594.7582465146584,407.33548667364425
2018-09-27,596.0385119997309,408.46107156427365
2018-09-28,596.4824789225604,408.4582653874766
2018-10-01,597.8296364138987,409.9455048682422
2018-10-02,597.7687951274005,409.78288350068664
2018-10-03,598.2857790182238,410.0744521142333
2018-10-04,594.8221317215304,406.724356121917
2018-10-05,593.1891426828854,404.4759925174553
2018-10-08,592.8150745657155,404.31617732669673
2018-10-09,592.2646817927393,403.7428959400613
2018-10-10,571.2000103856458,390.47419695024786
2018-10-11,564.1662899421124,382.4409683220141
2018-10-12,569.0166285740249,387.87400037443945
2018-10-15,565.288420051662,385.58361256135856
2018-10-16,579.3588677381229,393.87196372644564
2018-10-17,578.9817928215591,393.77244711515533
2018-10-18,570.4124145493855,388.1053046301862
2018-10-19,569.9897179481933,387.965132677007
2018-10-22,568.4935568424538,386.29706590117314
2018-10-23,566.209799900454,384.167862145581
2018-10-24,553.6081180363675,372.31073852801774
2018-10-25,557.4305767273812,379.245040945194
2018-10-26,554.6633190186711,372.67376198488427
2018-10-29,550.053227370417,370.22917133463886
2018-10-30,557.4792423323838,376.0294703307946
2018-10-31,562.0224419743722,380.1098909453759
2018-11-01,567.8792788626057,384.12303176016474
2018-11-02,566.1368200534404,381.69664703743194
2018-11-05,569.1291422649192,383.8342693234152
2018-11-06,571.4159060063129,386.23680154337313
2018-11-07,579.386263021488,394.42844227396694
2018-11-08,579.2828439707353,393.43885429298945
2018-11-09,577.0599283152336,389.8196048798346
2018-11-12,568.7398916668599,382.13957808967774
2018-11-13,568.06176560112,381.57327792336673
2018-11-14,564.2848914737546,378.6857562208756
2018-11-15,570.0809613174504,382.6974597255976
2018-11-16,569.3085479620794,383.5483130634627
2018-11-19,564.4369390085296,377.16487684021365
2018-11-20,557.0352754095542,370.3188663271395
2018-11-21,558.6773962093208,371.4458543061674
2018-11-23,556.1351287614193,369.01108527471166
2018-11-26,563.0897815171915,374.74270138267633
2018-11-27,564.7988314442041,375.96499670779895
2018-11-28,571.540595378703,384.6024088891038
2018-11-29,571.5254128978137,383.762780258427
2018-11-30,572.306920893326,386.8984090557788
2018-12-03,576.6341877936675,391.1316294191261
2018-12-04,567.4961532262745,378.4726921143095
2018-12-06,567.4748457836572,377.8965703292089
2018-12-07,557.8167834050669,369.0839774280982
2018-12-10,559.6657051853589,369.73436023331584
2018-12-11,560.030604420427,369.6026068105278
2018-12-12,562.8252202915221,371.6056694969259
2018-12-13,563.0228895109257,371.53137425514075
2018-12-14,553.2371309605517,364.440062824003
2018-12-17,543.1411523788997,356.8693742639261
2018-12-18,539.4555216207914,356.9002079870254
2018-12-19,532.6802745621795,351.4054742667333
2018-12-20,525.035357180152,345.8630697625596
2018-12-21,525.035357180152,338.74236191838935
2018-12-24,505.2904479810314,329.5582928083528
2018-12-26,522.0734741724124,345.90232201605005
2018-12-27,523.9010513891068,348.8641731819946
2018-12-28,525.0748910240328,348.43102952687025
2018-12-31,529.4264721663855,351.3900745160179
2019-01-02,531.3635562745806,351.8358117450606
2019-01-03,524.697778986489,343.1255074103691
2019-01-04,533.7020666623306,354.9069669194169
2019-01-07,535.3593699429866,357.39501908834825
2019-01-08,536.7186659948404,360.8600656643386
2019-01-09,537.2447445258053,362.3388866147131
2019-01-10,537.8651103464013,363.9760854457794
2019-01-11,538.2239588617016,363.9228365299721
2019-01-14,538.3668746353549,362.0095030577429
2019-01-15,538.5523681732628,365.89085622807534
2019-01-16,538.6253480202765,366.70386040084855
2019-01-17,538.6770575456529,369.4876562268538
2019-01-18,538.8108415581844,374.35863159983205
2019-01-22,534.2859054384395,369.05872183692503
2019-01-23,535.5357317197727,369.8717260096982
2019-01-24,536.7034835139509,370.38056799500634
2019-01-25,539.2274503186288,373.52461532274936
2019-01-28,537.2660519684226,370.5936321015722
2019-01-29,536.9315548161136,370.05395639316487
2019-01-30,541.5537850248833,375.8080219155059
2019-01-31,543.9044339731489,379.0389922806208
2019-02-01,544.2571946477015,379.3796005447792
2019-02-04,545.7746260750782,381.95036648588683
2019-02-05,546.1182549885091,383.74874937444196
2019-02-06,546.2550829214144,382.8951240814481
2019-02-07,545.5191966105305,379.31232074498666
2019-02-08,546.0695893835065,379.56881214857026
2019-02-11,546.422350058059,379.8379655694087
2019-02-12,547.0883004423032,384.7341623118921
2019-02-13,547.2129898146932,385.89759636761335
2019-02-14,547.282925741333,384.8743342650713
2019-02-15,547.2738311011914,389.0612869329357
2019-02-19,549.0466919931157,389.6443899383607
2019-02-20,550.1292511378044,390.33683117386573
2019-02-21,549.3021214576632,388.96033301157854
2019-02-22,551.0172221044437,391.45399753410396
2019-02-25,551.4399187056359,391.93621506150834
2019-02-26,551.3851652598858,391.62640629878086
2019-02-27,551.8322132240694,391.413342192215
2019-02-28,551.7683280171974,390.307400539165
2019-03-01,553.1428436709208,392.9986951958725
2019-03-04,552.6897449869695,391.47364077168316
2019-03-05,552.8387486013705,391.03067549776915
2019-03-06,551.5372127946608,388.4795527942408
2019-03-07,549.2929896965416,385.3228776709111
2019-03-08,549.4511250720645,384.5014891894151
2019-03-11,554.0338585579337,390.14060412808203
2019-03-12,554.5082275635222,391.2928134766151
2019-03-13,555.4387762944159,394.01213567962486
2019-03-14,555.5756042273215,393.6701243270679
2019-03-15,555.5756042273215,395.63253167157717
2019-03-18,556.5061529582154,397.09872482636496
2019-03-19,556.1625240447845,397.0468789989562
2019-03-20,555.8219390517276,395.8778325896408
2019-03-21,557.7498913988009,400.17408926591685
2019-03-22,552.3248457519012,392.58098551313185
2019-03-25,552.7657687543568,392.2516019561616
2019-03-26,555.5634285458258,395.0690376820632
2019-03-27,554.3500921879993,393.2342087168148
2019-03-28,555.9678987457547,394.6457156457285
2019-03-29,558.1178345542428,397.30337040253977
2019-04-01,560.450257101245,401.8996142227536
2019-04-02,560.7969299350498,401.90662966474616
2019-04-03,561.0341329983341,402.7700765765297
2019-04-04,561.3625423098953,403.60970520720656
2019-04-05,562.0498001367571,405.4810144708166
2019-04-08,562.3478073655594,405.9057395955499
2019-04-09,562.0893339806378,403.4429087961238
2019-04-10,562.5728347473479,404.8460314163146
2019-04-11,562.7096626802535,404.86146538869826
2019-04-12,562.9316832626483,407.53732607302203
2019-04-15,563.0867747177974,407.28083466943843
2019-04-16,563.1293153610718,407.4882864224103
2019-04-17,563.1779809660744,406.56173475436157
2019-04-18,563.1871127271961,407.2037332508564
2019-04-22,564.3852294831531,407.6158305800029
2019-04-23,565.9574143562801,411.21964602077395
2019-04-24,565.4556500673264,410.31834994389857
2019-04-25,565.5408055958355,410.1669532835312
2019-04-26,566.4865368076188,412.0887052861515
2019-04-29,566.8332096414237,412.53026747166695
2019-04-30,567.2559062426159,412.9227557849024
2019-05-01,565.531673834714,409.82494193097415
2019-05-02,565.7080727324802,408.9544795771981
2019-05-03,567.7424509297,412.89609710533045
2019-05-06,566.8119393197863,411.0500434328939
2019-05-07,561.3655862302692,404.26292841088946
2019-05-08,562.1227799837707,403.61391447240214
2019-05-09,560.5931728748983,402.39442532407645
2019-05-10,564.1176243371098,403.89145220196355
2019-05-13,553.182377514801,394.1453264124798
2019-05-14,557.7802934815596,397.3047734909383
2019-05-15,561.402076153776,399.6246261603883
2019-05-16,566.1854856584425,403.1794019505476
2019-05-17,559.62008350073,400.82590938120137
2019-05-20,557.8137394846925,398.1205838405086
2019-05-21,561.2986942240036,401.5029508659909
2019-05-22,560.8395076993044,400.36894744497033
2019-05-23,555.5695163865735,395.598891771681
2019-05-24,557.8320030069361,396.13435821489276
2019-05-28,554.26497378047,392.816464812406
2019-05-29,550.387761643706,390.10135187459184
2019-05-30,552.3430721531645,390.9199684009592
2019-05-31,545.5465547729153,385.7616336796299
2019-06-03,544.0382551066604,384.69491005840194
2019-06-04,555.4813540586705,392.9398339264713
2019-06-05,559.1548091352831,396.1469517888113
2019-06-06,561.8551748377273,398.5775457767397
2019-06-07,565.2002206027787,402.7616922678071
2019-06-10,566.8909698865677,404.6385796633429
2019-06-11,567.1464364720956,404.49700462176514
2019-06-12,567.1920581567241,403.672809963472
2019-06-13,568.6425604568547,405.32681163365226
2019-06-14,568.9557872875265,404.67362265163774
2019-06-17,569.9136941808055,405.0506769924895
2019-06-18,571.1726522232607,408.9867163886961
2019-06-19,571.9754676613907,410.20760862542033
2019-06-20,572.1548733585507,414.0931710609484
2019-06-21,572.1548733585507,413.5717355017218
2019-06-24,571.5983927448269,412.85547598511016
2019-06-25,568.3810431515593,408.9348363396191
2019-06-26,568.2016374543992,408.4302378411748
2019-06-27,569.685622878643,409.9917383420574
2019-06-28,572.8299555039168,412.35224635339625
2019-07-01,575.3539594295748,415.5159369187185
2019-07-02,576.9656410256023,416.7326198902471
2019-07-03,578.0239230492601,419.9299503554657
2019-07-05,578.2367747495532,419.1715981868984
2019-07-08,577.8901019157485,417.1447172193937
2019-07-09,578.1729266636613,417.6605404250261
2019-07-10,579.0760801111899,419.5444774842228
2019-07-11,579.3984015820034,420.503231742101
2019-07-12,579.7177162534232,422.44603007069924
2019-07-15,579.967057877223,422.5203253124843
2019-07-16,580.0096356414776,421.08215970399874
2019-07-17,579.9822774790927,418.3319695562215
2019-07-18,580.2286123034987,419.83043374417537
2019-07-19,580.2316562238726,417.23725261035963
2019-07-22,580.0430816446105,418.41748950519485
2019-07-23,582.1930545740788,421.28259601497797
2019-07-24,583.3699010083986,423.2576311550738
2019-07-25,582.2599465803447,421.0302796549216
2019-07-26,583.8898916986157,424.14072130443657
2019-07-29,584.0145810710056,423.4552612892559
2019-07-30,583.0597180981006,422.3633162985228
2019-07-31,579.5717565593959,417.7656693899105
2019-08-01,576.1415552658353,414.0062822452446
2019-08-02,574.2348732403992,410.9911821634927
2019-08-05,555.155951546503,398.75276071821384
2019-08-06,565.2640686886707,403.94333225104083
2019-08-07,565.1850010009092,404.25310679209997
2019-08-08,576.0746632595695,411.83782623616213
2019-08-09,572.9211988731738,409.11285745789
2019-08-12,566.0729719675483,404.0736825854305
2019-08-13,575.6276524163659,410.1879996095092
2019-08-14,557.8198273254403,398.1724638895858
2019-08-15,558.7716463779714,399.1536675618404
2019-08-16,564.2514454706214,404.91190812770867
2019-08-19,568.2138131358948,409.81371722378617
2019-08-20,566.5960065781393,406.57015328475296
2019-08-21,569.4514637357325,409.92305545386614
2019-08-22,568.7307599057378,409.71560370089435
2019-08-23,561.7608875480962,399.0849846736494
2019-08-26,565.3249099751686,403.4681301656291
2019-08-27,563.9169483183123,402.17574886391674
2019-08-28,566.6112261800088,404.8081822512229
2019-08-29,570.1265458810984,409.94410177984406
2019-08-30,569.4666833376019,410.20760862542016
2019-09-03,569.1960342711848,407.37754510393194
2019-09-04,572.2521674475753,411.79436471747624
2019-09-05,574.4082282177914,417.1517326613862
2019-09-06,575.1258881274119,417.531593179035
2019-09-09,575.6732369800142,417.4923409255446
2019-09-10,575.9134839636723,417.62690052512966
2019-09-11,576.3665826476237,420.64620987207724
2019-09-12,576.5155862620248,421.85731471168
2019-09-13,576.6554952362844,421.5517152141482
2019-09-16,576.7953670895638,420.22990327773516
2019-09-17,576.9231003823277,421.31483282647554
2019-09-18,576.9595903058346,421.4592140448504
2019-09-19,577.0933743183662,421.4676325752414
2019-09-20,574.6149920773366,419.4043055310434
2019-09-23,575.9104400432986,419.36365018915455
2019-09-24,572.2187214444426,415.83412999016866
2019-09-25,574.8917289845019,418.39507431248666
2019-09-26,574.1832008360029,417.37882765193734
2019-09-27,571.9876062219062,415.1598946821763
2019-09-30,575.6823687411361,417.25545853787213
2019-10-01,568.8797635201391,412.14058533522876
2019-10-02,559.1335388136459,404.7619487774082
2019-10-03,565.1789502811415,407.98867565565916
2019-10-04,572.0514914287781,413.7890088734832
2019-10-07,570.0626977952068,411.935939759054
2019-10-08,562.0832461398901,405.52587907790144
2019-10-09,566.9518111730658,409.21798642277463
2019-10-10,570.9202295581068,411.8434043680881
2019-10-11,576.208447272101,416.34855010740284
2019-10-14,576.2784203197209,415.77102523390363
2019-10-15,581.5939961961002,419.9103071178865
2019-10-16,581.2260159196779,419.07067848720965
2019-10-17,582.6552850191516,420.2285001893368
2019-10-18,582.6552850191516,418.58147973948076
2019-10-21,584.5345717612224,421.457810956452
2019-10-22,583.6770399983224,419.9537686365725
2019-10-23,584.7231092195043,421.1494395037914
2019-10-24,585.5745902626368,421.95823441136906
2019-10-25,586.8700382285987,423.6767439262132
2019-10-28,587.9495534529135,426.0414269810792
2019-10-29,587.8309890422515,425.6867878329356
2019-10-30,588.740230330528,427.07170452561377
2019-10-31,588.2871316465767,425.7807263123
2019-11-01,589.6220763354393,429.8947526051093
2019-11-04,590.0873507008862,431.48712105075947
2019-11-05,590.1877258312651,430.97550711032267
2019-11-06,590.4705134581978,431.2782662093892
2019-11-07,590.6347366744685,432.4556969274274
2019-11-08,590.8110984512548,433.5630758905443
2019-11-11,590.926656062523,432.7122225526793
2019-11-12,590.9814095082731,433.3892640374689
2019-11-13,591.0118115910321,433.69763549012947
2019-11-14,591.0665279158022,434.0606589469961
2019-11-15,591.6929815771459,437.400967542191
2019-11-18,592.0761443344575,437.62104709074947
2019-11-19,592.0153401689395,437.3617152887006
2019-11-20,591.3584844248368,435.71890410404023
2019-11-21,590.8050106105067,435.02926904533217
2019-11-22,591.6777619752762,435.975429729292
2019-11-25,594.116610372425,439.2484243030261
2019-11-26,594.7886857183972,440.21282513616666
2019-11-27,595.5367477107768,442.05046027821214
2019-11-29,594.8951115685437,440.27729875916214
2019-12-02,592.669114871688,436.4772562726075
2019-12-03,590.516135142826,433.5798787296584
2019-12-04,592.6143985469179,436.3216503470445
2019-12-05,593.5631736790751,436.9762424174577
2019-12-06,595.8925523057035,440.96833690626875
2019-12-09,595.2965007271188,439.57363281646906
2019-12-10,595.3512541728691,439.0914495107329
2019-12-11,596.3000293050261,440.3683968400615
2019-12-12,597.753612646511,444.1446552671779
2019-12-13,598.3557149448634,444.17689207867556
2019-12-16,599.0611991729885,447.35177312951777
2019-12-17,599.26495623314,447.5017667014866
2019-12-18,599.3531185610431,447.30831161083177
2019-12-19,599.3987402456715,449.30298998850697
2019-12-20,599.1159526187389,451.52469491339673
2019-12-23,599.6085851465708,451.91578013823374
2019-12-24,599.7545448405981,451.82745401246336
2019-12-26,601.0499928065599,454.14450050511624
2019-12-27,600.5390967564845,454.1599344774999
2019-12-30,599.2436487905226,451.53451653218644
2019-12-31,600.4722047502187,452.8647469989907
2020-01-02,602.8776071442346,456.65921135361947
2020-01-03,601.0864827300669,453.4352564304972
2020-01-06,602.5461167913194,455.0374122732686
2020-01-07,602.375842855281,453.7618338106704
2020-01-08,603.303347665801,455.98637913402547
2020-01-09,604.5166840236276,459.0210882316885
2020-01-10,604.4953765810101,457.7105010024637
2020-01-13,605.3377258630208,460.9035879808185
2020-01-14,605.3650840254057,460.2055343917194
2020-01-15,605.5140876398069,461.0662093483741
2020-01-16,605.5810167670529,464.9237442376001
2020-01-17,606.1739873042835,466.71935517102634
2020-01-21,605.3650840254057,465.48162587352
2020-01-22,605.7148007795845,465.61618547310513
2020-01-23,606.0188958491345,466.1474426511214
2020-01-24,602.83502937998,461.9324624369549
2020-01-27,596.1023600856226,454.665936064343
2020-01-28,600.8158336636495,459.2369585150517
2020-01-29,600.4174513044684,458.83885784822206
2020-01-30,602.2906873267716,460.27702345670764
2020-01-31,593.9524242771347,452.1274411564013
2020-02-03,597.9968664295632,455.40745117212805
2020-02-04,604.6139781126521,462.22964340409544
2020-02-05,608.4486124851616,467.43000233404393
2020-02-06,609.5646547539634,468.9845216146021
2020-02-07,608.3239231127716,466.4516048385863
2020-02-10,610.5864097331341,469.86901485236336
2020-02-11,611.0942618628358,470.66237578755727
2020-02-12,612.4778721567008,473.70410032721287
2020-02-13,612.3836219880499,472.9317514963286
2020-02-14,612.8914369967713,473.80361693850324
2020-02-18,613.2320219898281,472.4201375558917
2020-02-19,613.6334482693832,474.6432455691801
2020-02-20,613.7064281163969,472.83223488503825
2020-02-21,612.8154132293838,467.8589367239727
2020-02-24,598.7784115460558,452.1792869838101
2020-02-25,582.7951568724311,438.48730017933
2020-02-26,580.4505957649133,436.8304581106844
2020-02-27,554.9491876869579,417.5386086210278
2020-02-28,550.0958051346715,414.09878341454254
2020-03-02,576.1963087115856,433.16357213531626
2020-03-03,559.5744618161016,420.9882554463026
2020-03-04,582.9624240090758,438.75505051176987
2020-03-05,563.7284108600307,423.8715678835981
2020-03-06,553.8665914212891,416.6429248977464
2020-03-09,510.84322692069486,384.9906879371443
2020-03-10,537.4789036687155,404.0078058740366
2020-03-11,511.0560786209879,384.2645725800748
2020-03-12,460.76787845432375,347.71613887698925
2020-03-13,623.4800481062554,380.0089712456876
2020-03-16,446.5058493892074,334.4684862131535
2020-03-17,472.54547455864326,354.5214940481744
2020-03-18,449.4737831167148,336.1463746077769
2020-03-19,450.17321662507214,337.72888721296914
2020-03-20,442.57083988631916,323.0851273709352
2020-03-23,436.18788734614054,313.6207143545402
2020-03-24,460.3208676111205,343.04703712505693
2020-03-25,460.4790029866433,347.0040886255731
2020-03-26,471.03717489238824,368.66205848016256
2020-03-27,466.4544785274992,356.2428097398156
2020-03-30,476.0030711355689,368.1826471295552
2020-03-31,476.2919466032495,362.2870407873047
2020-04-01,468.28814358494145,346.29481032928584
2020-04-02,475.1120562485558,354.2004947999271
2020-04-03,475.02081287929866,348.8389175908216
2020-04-06,484.2440400961811,373.3732186623823
2020-04-07,484.70927734064793,372.7746816845735
2020-04-08,487.6255757847392,385.4700650660834
2020-04-09,488.5956212385335,391.0545280005445
2020-04-13,489.2372573807666,387.10305463195414
2020-04-14,489.34672715128704,398.9377972784776
2020-04-15,489.3923488359156,390.1490226584736
2020-04-16,489.4379705205441,392.4183983672449
2020-04-17,492.61574914895084,402.93269794408565
2020-04-20,487.71373811264215,395.72783901767235
2020-04-21,479.2173396874823,383.588968405352
2020-04-22,487.4035923233243,392.38475846734866
2020-04-23,488.19423207995857,392.1730974491813
2020-04-24,494.2639577894653,397.63138509278
2020-04-27,498.94398536435915,403.4821610496143
2020-04-28,497.94958854757346,401.3669539563392
2020-04-29,502.951974714261,412.0368594587429
2020-04-30,501.20342806434775,408.2409920157155
2020-05-01,495.7935648983375,396.7861441085091
2020-05-04,498.5273766039146,398.4724168118554
2020-05-05,501.2946343126248,402.07482916422794
2020-05-06,500.4614167917358,399.26858392384634
2020-05-07,504.02540209782796,403.8620215672632
2020-05-08,507.6532726107921,410.67579526883947
2020-05-11,508.57468958056427,410.7304472730453
2020-05-12,506.3243786416973,402.31034268517016
2020-05-13,503.3381442709662,395.28490796542644
2020-05-14,508.39220284205,399.8404964437514
2020-05-15,511.1351463087489,401.41041547502516
2020-05-18,517.6032543774369,414.0553218958565
2020-05-19,515.7421940366294,409.7142006124959
2020-05-20,519.3305307057129,416.5363928444634
2020-05-21,518.1688667522826,413.2984070373559
2020-05-22,519.1024594035503,414.2711921792193
2020-05-26,521.3436385812954,419.36224710075606
2020-05-27,522.8641139290461,425.5802557796525
2020-05-28,522.5022214933717,424.6831689679727
2020-05-29,523.4813987082879,426.7268869962597
2020-06-01,524.1200280511272,428.3276397506326
2020-06-02,524.9775598140272,431.8445663757
2020-06-03,525.9506863091758,437.7388038512202
2020-06-04,526.0054026339458,436.2641921660413
2020-06-05,526.6044610119244,447.6993968356683
2020-06-08,526.744369986184,453.09040467947455
2020-06-09,526.6683462187965,449.5566752152931
2020-06-10,526.7291503843144,447.1681396576521
2020-06-11,522.8884281710572,420.8102343280312
2020-06-12,525.4428341794743,426.30637113672185
2020-06-15,526.6166366934201,429.849922219693
2020-06-16,526.9876237692359,438.0009076083978
2020-06-17,527.0666914569974,436.4239731351315
2020-06-18,527.0970935397564,436.6833049371804
2020-06-19,523.5939495201624,434.2162648725587
2020-06-22,526.7808599096908,437.03654099692557
2020-06-23,528.2374500505694,438.9190407460556
2020-06-24,520.4647993757781,427.57072489213215
2020-06-25,524.9988672566448,432.25666370484663
2020-06-26,516.6027697199034,421.78442255829333
2020-06-29,523.7763991376966,427.9786129560831
2020-06-30,528.9429713996748,434.57371019749945
2020-07-01,531.3909144369651,436.7561970905672
2020-07-02,534.1733917475448,438.7396165393859
2020-07-06,537.2326059652894,445.7075588564585
2020-07-07,535.4232180288782,440.88565735576026
2020-07-08,537.7738669771439,444.33667304776543
2020-07-09,536.9954029020053,441.8290118629231
2020-07-10,539.9511980689971,446.4532832294392
2020-07-13,538.077962046694,442.27334600356744
2020-07-14,540.8878346406387,448.20262646738246
2020-07-15,542.2227793295013,452.2732254631742
2020-07-16,542.5025601570402,450.7327370666012
2020-07-17,543.4574231299453,452.0166998379223
2020-07-20,546.4223500580589,455.8167765461453
2020-07-21,546.4831542235768,456.58210993503695
2020-07-22,548.228656953116,459.206124791952
2020-07-23,545.3945072381401,453.54876970410425
2020-07-24,544.7102933316523,450.74112137532404
2020-07-27,547.3711251902158,454.0744145285263
2020-07-28,546.0209608994837,451.1350127769581
2020-07-29,549.3933648269202,456.7418909041272
2020-07-30,548.2864543192402,455.0289937428772
2020-07-31,550.6371032675057,458.5192959100409
2020-08-03,552.197112459137,461.81193372135425
2020-08-04,553.1002659066656,463.47996627551976
2020-08-05,554.2740684206115,466.4600233689769
2020-08-06,555.1772589891201,469.4582863899465
2020-08-07,555.5087122210554,469.7554673570873
2020-08-10,556.1108145194078,471.043639393604
2020-08-11,555.17725898912,467.28983038086403
2020-08-12,556.7129168177602,473.83027561807467
2020-08-13,556.8984103556681,472.8602624313399
2020-08-14,557.2146811067139,472.77898596923035
2020-08-17,557.46101593112,474.0601425637545
2020-08-18,557.4975058546269,475.1520875544876
2020-08-19,557.4761984120095,473.05932987558884
2020-08-20,557.579580341782,474.55355057667884
2020-08-21,558.7077982920796,476.18654014254946
2020-08-24,561.15574132937,480.9692236114256
2020-08-25,561.9220668439932,482.6989578334579
2020-08-26,562.879973737272,487.6203759454464
2020-08-27,562.9924874281664,488.43618629501657
2020-08-28,564.6133007853158,491.72461484113444
2020-08-31,561.7730632295921,490.64529764598797
2020-09-01,564.9660614598683,494.33740499086116
2020-09-02,565.9421947544106,501.9333491421115
2020-09-03,560.3073413275916,484.3025167646279
2020-09-04,559.8238034399013,480.36367119162423
2020-09-08,553.4378069793488,467.03053280048346
2020-09-09,560.1005403470664,476.4388565026058
2020-09-10,555.5330264630667,468.0607761233498
2020-09-11,556.9044981964162,468.310286306609
2020-09-14,562.8222134921281,474.27741593551593
2020-09-15,565.0299095457601,476.7528403088606
2020-09-16,565.2184470040421,474.5507443998817
2020-09-17,563.1384471221937,470.55864991107075
2020-09-18,562.1288678245186,465.29658931325565
2020-09-21,558.5253486745457,459.91259691144205
2020-09-22,562.2656957574242,464.749932384524
2020-09-23,554.2041324939721,453.7253877339767
2020-09-24,555.5816920680693,455.08087379195433
2020-09-25,562.0193980539982,462.3515752080935
2020-09-28,566.6781181862748,469.800331964172
2020-09-29,565.3735384591911,467.53934056412356
2020-09-30,567.7546266111958,471.398278541748
2020-10-01,569.2021221119327,473.89334615267194
2020-10-02,567.8184746970876,469.3545605134609
2020-10-05,572.3494986575805,477.79013329538805
2020-10-06,569.9471401839385,471.11372537019383
2020-10-07,573.964224173982,479.3095753659832
2020-10-08,575.6610984194989,483.14890432769647
2020-10-09,576.5672957874015,487.397490220091
2020-10-12,576.8866104588212,495.3985162584953
2020-10-13,576.9717288663502,492.27407794666334
2020-10-14,576.977816707098,489.01367694684774
2020-10-15,577.0629722356073,488.2665837071369
2020-10-16,575.4725609612169,488.3324604185309
2020-10-19,570.8047090678186,480.3580588380303
2020-10-20,572.2734748901929,482.6288718568684
2020-10-21,572.1153395146699,481.56916367763296
2020-10-22,574.1284473902525,484.0824372160695
2020-10-23,575.7249465053907,485.75046977023504
2020-10-26,568.0708602412614,476.7206034973629
2020-10-27,567.0308788608273,475.2782286236818
2020-10-28,550.8925327320535,458.50666811445427
2020-10-29,556.5852206459767,463.98459899563244
2020-10-30,551.0476241872025,458.3566745424854
2020-11-02,557.771161720438,464.00280492314494
2020-11-03,565.811454662253,472.26172545353126
2020-11-04,576.2114911924749,482.6737022422846
2020-11-05,583.0475424166049,492.0666261936914
2020-11-06,584.738328821374,491.92505115211367
2020-11-09,587.6849922272443,497.6805197628531
2020-11-10,588.6216287988859,496.98386926215255
2020-11-11,590.920568221775,500.7867179255042
2020-11-12,589.1264370082137,495.78960148333204
2020-11-13,592.2555500316178,502.5374642518462
2020-11-16,593.9676067580241,508.3910463854775
2020-11-17,594.0344987642899,505.9548742656232
2020-11-18,593.8246909843707,500.104098308789
2020-11-19,594.4085668814598,502.07773036048627
2020-11-20,592.5809525437852,498.66733578870185
2020-11-23,595.3208520901102,501.47779029427903
2020-11-24,599.3227164782842,509.58250798750095
2020-11-25,599.3227164782842,508.77511616832186
2020-11-27,600.0464642286527,509.9946395383158
2020-11-30,599.8883288531297,507.65093436609095
2020-12-01,601.8953860089447,513.3727630769342
2020-12-02,602.2541974032648,514.2922993029903
2020-12-03,602.5096268678125,513.9713000547429
2020-12-04,604.1669672694488,518.5128918707509
2020-12-07,604.5197279440014,517.5092387841199
2020-12-08,605.0640328762296,518.9516136578012
2020-12-09,604.4376163358661,514.8263626578035
2020-12-10,604.7021775615354,514.1647551453977
2020-12-11,604.6170220330262,513.5143381185119
2020-12-14,604.6717754787765,511.27579613283984
2020-12-15,605.9945816071235,517.8821180814444
2020-12-16,606.3290787594324,518.8002169974337
2020-12-17,606.4203221286896,521.7872895328835
2020-12-18,608.31482847263,519.9552325227639
2020-12-21,605.821226629731,517.9241422900636
2020-12-22,606.0462540115196,516.8504374485112
2020-12-23,607.2109618853239,517.2359103197542
2020-12-24,609.1997183979151,519.0651611530768
2020-12-28,611.9639693072313,523.5927220850996
2020-12-29,611.3800934101422,522.4264818525812
2020-12-30,612.0308613134971,523.1273416184774
2020-12-31,613.2685119133348,526.4956777599746
2021-01-04,610.0907332849281,518.7273248440472
2021-01-05,612.4079362300608,522.4012604830762
2021-01-06,613.603046186624,525.384089531662
2021-01-07,617.4072784763745,533.184679259087
2021-01-08,618.0854045421144,536.1128563034671
2021-01-11,617.8694718004672,532.5987700768651
2021-01-12,618.5567296273289,532.8202184921539
2021-01-13,618.985514069269,534.0327264201552
2021-01-14,619.0888959990416,532.0282606453586
2021-01-15,618.9672505470255,528.2029625676305
2021-01-19,621.6585216093282,532.5006223323052
2021-01-20,625.2468582784118,539.9213515420815
2021-01-21,625.6026257523581,540.09235721836
2021-01-22,625.2499021987857,538.4663488728136
2021-01-25,625.9280282645254,540.4133564666074
2021-01-26,625.6573420771281,539.6087708242254
2021-01-27,616.6257333598816,525.7527595637913
2021-01-28,620.2292525098545,530.8844356055486
2021-01-29,614.740358777063,520.6322740075539
2021-02-01,621.2966291736537,528.9893422825002
2021-02-02,626.0800757993004,536.3413543824172
2021-02-03,627.4363279307804,536.8823989575548
2021-02-04,629.8964095285862,542.7093566332825
2021-02-05,631.018576759116,544.8245637265576
2021-02-08,631.8548382003787,548.855910468859
2021-02-09,631.9156423658967,548.2447456954635
2021-02-10,631.8578821207527,548.0554998700043
2021-02-11,632.2714098398432,548.9666175656694
2021-02-12,632.928302704926,551.5528174791608
2021-02-16,632.3717849702219,551.238833672906
2021-02-17,633.1168030422276,551.0622156430335
2021-02-18,633.198914650363,548.628815478308
2021-02-19,631.3773881534362,547.61116572936
2021-02-22,628.8594720685259,543.3765764992825
2021-02-23,629.5162906916485,544.0592303376661
2021-02-24,633.96828408536,550.2351805862752
2021-02-25,621.8561537077514,536.7660795071507
2021-02-26,623.4648285043852,534.2163256703526
2021-03-01,632.8218397337992,546.9257399358479
2021-03-02,629.7504498345588,542.5061141455064
2021-03-03,623.872342624688,535.4176088911659
2021-03-04,617.4255048776373,528.2337962907303
2021-03-05,627.2052127082436,538.5322255842082
2021-03-08,624.8271684766128,535.6461069701155
2021-03-09,631.7727265922432,543.2279860157123
2021-03-10,635.2880834143132,546.5038209879117
2021-03-11,639.1409441880859,552.184994356866
2021-03-12,640.6675073765844,552.7456821695829
2021-03-15,642.6805781311866,556.3340636379701
2021-03-16,642.6988416534301,555.4607951073971
2021-03-17,643.808758960504,557.0601789950397
2021-03-18,641.8048199670233,548.8376703196784
2021-03-19,642.3552498609795,548.5068836743097
2021-03-22,646.1138233451211,552.3602092983401
2021-03-23,643.4621232476792,548.1452290841736
2021-03-24,642.023759508064,545.1483349299342
2021-03-25,644.4260808607258,548.0050571309944
2021-03-26,648.5982563059182,557.1190402644413
2021-03-29,648.0995730583186,556.6354538703066
2021-03-30,648.6439151115269,554.8776921019722
2021-03-31,650.0397382078677,556.8877360086947
2021-04-01,651.8551768640466,563.4730458529896
2021-04-05,652.9955333748596,571.6085972693107
2021-04-06,653.1049660243998,571.0521187217894
2021-04-07,653.466821339094,571.8945535292632
2021-04-08,653.7435953672392,574.3083104564093
2021-04-09,653.9807984305236,578.7419329090676
2021-04-12,654.0780553985682,578.6284538571285
2021-04-13,654.0871871596898,580.5347376656969
2021-04-14,654.0750114781943,578.161670302108
2021-04-15,654.1237142041768,584.575906026788
2021-04-16,654.5251404837319,586.6855349881373
2021-04-19,653.1354052281389,583.572252940157
2021-04-20,650.1735222203993,579.6026078657223
2021-04-21,653.7952677716353,584.9964218863256
2021-04-22,650.507982251728,579.6082202193164
2021-04-23,655.0329554924532,585.9425825702854
2021-04-26,655.9087136566167,586.9868909988052
2021-04-27,656.1155517581221,586.8607499296112
2021-04-28,656.547342999456,586.3645357398898
2021-04-29,658.0373791434675,590.330005770797
2021-04-30,656.5077720345952,586.0827545234645
2021-05-03,657.809307841305,587.6933631182955
2021-05-04,655.993869185126,583.768548429277
2021-05-05,656.2645553725233,584.1792084483568
2021-05-06,659.2020870172719,588.9492983433145
2021-05-07,661.3611917078617,593.2918227150734
2021-05-10,659.0135124380097,587.1004384940808
2021-05-11,655.7901492459547,582.0079804841456
2021-05-12,645.2319773402098,569.5242581208031
2021-05-13,652.174417293506,576.4571574495808
2021-05-14,659.8376724397374,585.0567204657939
2021-05-17,659.758604751976,583.576496427021
2021-05-18,656.3192716972937,578.6060044427525
2021-05-19,655.2701585557378,576.9029289002921
2021-05-20,661.6470232551685,582.9919903331974
2021-05-21,663.7817765827672,582.534994175298
2021-05-24,668.2002868523656,588.3086687135501
2021-05-25,667.6984854424317,587.0583458421253
2021-05-26,669.082132857277,588.1601466733163
2021-05-27,669.9822423844315,588.8455382451605
2021-05-28,670.6816758927889,589.2982909161959
2021-06-01,670.5265844376399,589.0081596127161
2021-06-02,671.6852044706964,589.8604160389797
2021-06-03,670.617827806897,587.7199875761994
2021-06-04,673.4367950409835,592.9119621974249
2021-06-07,673.9720053330701,592.4395662888102
2021-06-08,673.8533666804477,592.5432579436277
2021-06-09,673.4459268021052,591.4625376600828
2021-06-10,675.2126627323014,594.2141651179268
2021-06-11,675.6840249384962,595.3719525983856
2021-06-14,676.0185592117855,596.4526728819305
2021-06-15,675.9029644795371,595.252792749516
2021-06-16,675.3282574645499,592.0443060204458
2021-06-17,676.4229551697541,591.7863430851272
2021-06-18,675.0849665605177,584.0194617009349
2021-06-21,680.6012926976546,592.1970715475435
2021-06-22,682.4228191945813,595.2317806452065
2021-06-23,682.6934311400182,594.5869759719147
2021-06-24,683.7395003612003,598.042269372452
2021-06-25,684.6852686939637,600.0341073516619
2021-06-28,685.1474991390368,601.4231648661993
2021-06-29,685.2296107471722,601.5899612772822
2021-06-30,685.4789152499919,602.3889687877383
2021-07-01,686.1114567520835,605.5344192038799
2021-07-02,686.6314474423007,610.0759767982196
2021-07-06,686.6162278404311,608.842490987577
2021-07-07,686.9203229099811,610.8875778825943
2021-07-08,686.1966122805928,605.6577540962769
2021-07-09,687.175789495509,612.4883306369674
2021-07-12,687.4373439217845,614.6021346418438
2021-07-13,687.4008168772976,612.4406940747539
2021-07-14,687.4981480873025,613.1541474145685
2021-07-15,687.1940530177524,611.1538909049674
2021-07-16,685.5762464599968,606.5464908209019
2021-07-19,679.2419224038406,596.9208937470181
2021-07-20,685.4637698900826,605.9717721241999
2021-07-21,689.048988396832,610.966082389575
2021-07-22,689.8183578318291,612.1981993334874
2021-07-23,692.5126728145058,618.4092267920595
2021-07-26,693.2607348068854,619.8824011671716
2021-07-27,692.096026933081,616.9612395647841
2021-07-28,692.5947844226409,616.8463232027784
2021-07-29,693.9844454362736,619.4408732033244
2021-07-30,692.8684402884519,616.0921460777384
2021-08-02,692.6342811455414,614.9568080116559
2021-08-03,695.2312649182131,620.0015610160413
2021-08-04,694.4923346869552,617.1294732859338
2021-08-05,695.970195149471,620.8356115147923
2021-08-06,696.9828554885003,621.8756764564483
2021-08-09,697.241365994402,621.2911703626248
2021-08-10,697.5058900990913,621.9079132679461
2021-08-11,698.1748844037095,622.7013084248083
2021-08-12,698.5124625973727,625.2832648514359
2021-08-13,698.8287333484185,626.288286804797
2021-08-16,698.9381659979588,627.929694901059
2021-08-17,698.7739427816879,623.4960724484006
2021-08-18,697.7430931623757,616.7944431537013
2021-08-19,698.9230206380495,617.5695639397143
2021-08-20,700.4313203043046,622.5975483266541
2021-08-23,703.7885417508516,627.9044393098853
2021-08-24,704.2933128391991,628.8436187735209
2021-08-25,705.06572619457,630.239725951719
2021-08-26,703.2289800957737,626.5686307111554
2021-08-27,706.1908631035135,632.0872169342224
2021-08-30,707.2460640858171,634.8093453140293
2021-08-31,707.0545198281416,633.9529138442384
2021-09-01,707.4011555409661,634.1505097567523
2021-09-02,707.7296019735074,635.9531703538395
2021-09-03,708.1492175333457,635.7401062472736
2021-09-07,708.018477441188,633.5814034136444
2021-09-08,708.2343730618551,632.745984048163
2021-09-09,707.5957437190156,629.8318036661
2021-09-10,705.6373892891833,624.9678779567826
2021-09-13,707.6566221264941,626.3906095928846
2021-09-14,707.4467401046145,622.7909691956407
2021-09-15,709.496337903704,628.068497987508
2021-09-16,709.8491356992366,627.0942755355777
2021-09-17,709.4233580566903,621.3808995767938
2021-09-20,701.9669410119646,610.83152278999
2021-09-21,702.0490526200999,610.3353086002687
2021-09-22,707.6048754801375,616.1454634368824
2021-09-23,712.9356709583864,623.6222135175948
2021-09-24,714.2463385262178,624.5333312132598
2021-09-27,713.9087603325547,622.7993877260319
2021-09-28,703.7824539101039,610.1166321401087
2021-09-29,705.1021789970969,611.0740175312566
2021-09-30,698.2539520914713,603.7963006731248
2021-10-01,705.6647845725486,610.7348123554966
2021-10-04,698.4850673140078,602.8038722936819
2021-10-05,704.8163474497901,609.1480904851088
2021-10-06,707.6627099672418,611.6472989178918
2021-10-07,712.6498394110796,616.7229198670447
2021-10-08,712.7258631784671,615.5426829722094
2021-10-11,708.7179109495454,611.3165122725229
2021-10-12,707.3707163372268,609.839094410547
2021-10-13,709.9342912277458,611.6823419061866
2021-10-14,720.8360549259414,622.119540064445
2021-10-15,722.7123719895986,626.7606827134116
2021-10-18,723.9986881944388,628.8758555850185
2021-10-19,726.3097661778437,633.5253483210397
2021-10-20,727.2798858735983,635.846604078888
2021-10-21,728.1282487543965,637.7515190207262
2021-10-22,727.8241536848464,637.0674963156122
2021-10-25,729.2504159849262,640.0924180161538
2021-10-26,729.0953245297773,641.2572551602736
2021-10-27,727.9306166559729,638.0179004864359
2021-10-28,729.9619509328189,644.2891580811396
2021-10-29,730.1930661553554,645.5450933061586
2021-11-01,730.9685234311003,646.7071242734813
2021-11-02,731.6283859745968,649.0872413007312
2021-11-03,732.4859548584769,653.28117518892
2021-11-04,732.829620892888,656.0131594091847
2021-11-05,732.9876820264504,658.4619251029574
2021-11-08,733.2644560545956,659.0464996401175
2021-11-09,733.2066958094516,656.7406436329845
2021-11-10,732.9876820264504,651.3384110819901
2021-11-11,733.4468685511494,651.6972594953294
2021-11-12,733.8756901140697,656.4042446340217
2021-11-15,734.0033862858534,656.3971949703608
2021-11-16,734.0094741266013,658.9343210115723
2021-11-17,734.0460011710883,657.2200207619238
2021-11-18,734.073322212493,659.4445660852789
2021-11-19,733.2127094082389,658.5222236824258
2021-11-22,732.1940354704223,656.4168382079404
2021-11-23,733.2248850897346,657.504608155146
2021-11-24,734.2558089510072,659.012825518553
2021-11-26,722.1953509777949,644.0368759427519
2021-11-29,730.196110075729,652.5382912144048
2021-11-30,720.2978007134806,640.1653101695407
2021-12-01,711.8804699760822,632.6016370514565
2021-12-02,721.5750593991594,641.5810605853184
2021-12-03,716.8159270155238,636.1606221068114
2021-12-06,724.8592267567324,643.6233413035386
2021-12-07,735.7823721395056,656.9509015627535
2021-12-08,737.8653788207477,658.9777825302582
2021-12-09,735.0951143126438,654.2456102437291
2021-12-10,740.0062199890942,660.4930495573262
2021-12-13,736.9196847299445,654.4586743502949
2021-12-14,733.4681759937665,649.5694246064677
2021-12-15,741.7152699161068,660.188887369861
2021-12-16,738.8567317171594,654.4165816983392
2021-12-17,732.9755805869147,647.6841529022089
2021-12-20,728.73948281387,640.308288299517
2021-12-21,736.2688797056095,651.6916471417353
2021-12-22,740.7999407870825,658.3259966366421
2021-12-23,743.0532585253433,662.4232200903375
2021-12-27,746.474328057782,671.5904521395918
2021-12-28,746.629419512931,670.912041788072
2021-12-29,747.3258091009144,671.8525901184378
2021-12-30,747.0095383498686,669.8439150784457
2021-12-31,746.881842178085,668.084784443381
2022-01-03,748.4205068061187,672.3431919545652
2022-01-04,748.478341293223,671.9198699182303
2022-01-05,744.1267230298903,658.8894906261561
2022-01-06,744.3031219276567,658.2544733499858
2022-01-07,744.3791456950443,655.5884000627833
2022-01-10,744.8078930160043,654.6436766888903
2022-01-11,747.1615858846438,660.6402027308297
2022-01-12,748.4387703283622,662.5017245973185
2022-01-13,744.6345380386118,653.0653049055575
2022-01-14,746.1367498641189,653.6008055704375
2022-01-18,738.6804070613535,641.5824294520488
2022-01-19,732.3247755625798,635.3657896398827
2022-01-20,723.9986881944385,628.3530169373939
2022-01-21,714.8149577004567,616.4678315518602
2022-01-24,716.1347570294099,618.1765194479146
2022-01-25,712.409592427421,610.652132804989
2022-01-26,710.5728463286246,609.738208932527
2022-01-27,709.2318137990143,606.4553242966667
2022-01-28,721.1918966418478,621.2210843860356
2022-01-31,729.1774361379124,632.9534358011352
2022-02-01,732.8630297750404,637.2973974829611
2022-02-02,735.4144289840638,643.3023420552915
2022-02-03,727.8211097644721,627.6115018296089
2022-02-04,731.0445471984875,630.8480503266496
2022-02-07,731.4185781946774,628.5128321281525
2022-02-08,734.6420156286928,633.7930986534802
2022-02-09,738.202957014411,642.9940048242992
2022-02-10,733.5928282451766,631.3457018264379
2022-02-11,725.8657992550137,619.3694183600049
2022-02-14,725.9783500668883,616.9906701994854
2022-02-15,734.8974079722602,626.7185900614567
2022-02-16,737.1507999524813,627.2708593437825
2022-02-17,725.3518964055445,613.9895667800505
2022-02-18,726.0452420731541,609.5896184489567
2022-02-22,723.0681394635448,603.4065843150187
2022-02-23,715.3258908715123,592.2965881588345
2022-02-24,722.7731761551164,601.1554829770963
2022-02-25,731.7044097419839,614.6049408186415
2022-02-28,730.6735601226716,613.1037046755589
2022-03-01,723.6611100007754,603.6168422447874
2022-03-02,732.1879476296742,614.8698849742844
2022-03-03,731.1266588066228,611.6389488308378
2022-03-04,728.5114115117076,606.7861793853721
2022-03-07,715.1434041329981,588.8749688798617
2022-03-08,711.5186146613879,584.6151925019473
2022-03-09,726.5500131615013,599.6387786399617
2022-03-10,725.8475357327701,597.0652407437253
2022-03-11,718.3303145225264,589.326352684167
2022-03-14,714.504849032119,584.9529603676405
2022-03-15,728.7303510527483,597.4759692061416
2022-03-16,742.2656255681027,610.849728717503
2022-03-17,747.0399775536079,618.3923897312776
2022-03-18,750.3850233186593,625.6042640996836
2022-03-21,751.6195928771428,625.3323387237162
2022-03-22,754.8947027155546,632.4011665188093
2022-03-23,751.7230119278956,624.6398974882112
2022-03-24,756.1323904363724,633.5996777844937
2022-03-25,757.9326094906819,636.8096018236307
2022-03-28,760.234629954925,641.3595779483616
2022-03-29,761.8280851496893,649.2204320335866
2022-03-30,761.523990080139,645.1344332870793
2022-03-31,759.7024635832123,635.0364403045808
2022-04-01,761.5483414431304,637.202055915198
2022-04-04,763.0596850297592,642.3576186813984
2022-04-05,761.4935508763999,634.2949251967957
2022-04-06,760.2437617160467,628.1315343004369
2022-04-07,761.6304530512658,630.8032199412334
2022-04-08,762.0865956555909,629.130943900204
2022-04-11,758.756695250449,618.5129184468774
2022-04-12,758.9726651130762,616.3991828853374
2022-04-13,763.7803517387737,623.2871833853625
2022-04-14,760.639100154854,615.717897913684
2022-04-18,761.8280851496892,615.5917568444902
2022-04-19,767.8825912573263,625.4766857204229
2022-04-20,768.3266324221161,625.0898439824496
2022-04-21,762.3480758399062,615.8679257073212
2022-04-22,748.0799589340418,598.7837160369011
2022-04-25,752.1000868444592,602.1955479187523
2022-04-26,734.258852871381,585.2459662912538
2022-04-27,736.4847753262765,586.4738397483022
2022-04-28,751.4675453423677,600.9872492559466
2022-04-29,727.9427923374683,579.180723139455
2022-05-02,732.5650225462381,582.4677143755059
2022-05-03,735.9131122316631,585.2851843230758
2022-05-04,755.6093558257813,602.7632169517935
2022-05-05,732.00546089116,581.2748839067522
2022-05-06,728.0978837926173,577.9765995201765
2022-05-09,705.172114923736,559.4599050382012
2022-05-10,706.753468678965,560.8350001120899
2022-05-11,695.7117588855297,551.6018571297733
2022-05-12,694.3919595565764,550.88700070156
2022-05-13,711.1537154263199,564.0365056208357
2022-05-16,709.1527461112528,561.8105914307504
2022-05-17,722.9252236898914,573.1421044455599
2022-05-18,694.4679833239638,549.989879668212
2022-05-19,689.5507898067657,546.7813587174735
2022-05-20,698.7435778199091,546.8612663128528
2022-05-23,705.0261552297088,557.0082989459631
2022-05-24,703.0891082424939,552.4849472791359
2022-05-25,706.2912382338918,557.7063525350623
2022-05-26,711.1598032670677,568.7953708086052
2022-05-27,714.9883126778491,582.8686554408007
2022-05-31,714.9791809167273,579.2115226408857
2022-06-01,714.9640355568181,574.8774167995178
2022-06-02,716.9862380725423,585.4729928384681
2022-06-03,716.1833855134321,575.9020819904583
2022-06-06,717.0683496806776,577.708917631073
2022-06-07,718.0536147363415,583.2106667933576
2022-06-08,717.9532396059626,576.9155224742109
2022-06-09,715.4444552821741,563.185686504639
2022-06-10,709.3655978115456,546.7911803362632
2022-06-13,691.7919318635306,525.5929443730336
2022-06-14,690.7184673589835,523.6095249242148
2022-06-15,700.8144830616156,531.2502994608814
2022-06-16,680.5525899716719,513.9783154967369
2022-06-17,679.4699937060029,515.1095127409603
2022-06-21,687.2822524666353,527.7179730850984
2022-06-22,687.7718039531132,527.0311099815192
2022-06-23,689.9947567295951,532.0548851032634
2022-06-24,694.7386695113612,548.3162347604525
2022-06-27,695.5079647043979,546.6860513713788
2022-06-28,693.2212380839845,535.6741345164181
2022-06-29,693.5101135516651,535.2928709103708
2022-06-30,692.5126728145054,530.6040916991909
2022-07-01,695.264748042326,536.2039886060358
2022-07-05,696.1800771713503,537.053404633834
2022-07-06,697.1196834214054,538.9723846813256
2022-07-07,698.3087426582009,547.0378843427254
2022-07-08,698.7527095810303,546.5836943616233
2022-07-11,698.9290342368364,540.2829719105506
2022-07-12,698.5823985240118,535.2886616451755
2022-07-13,699.0720242524501,532.9029322643314
2022-07-14,699.2483489082562,531.3049514650872
2022-07-15,699.9508263369873,541.5066703240717
2022-07-18,697.5666942646087,536.9777405253187
2022-07-19,705.2177737293443,551.8135181479406
2022-07-20,707.2977364902126,555.0669037057637
2022-07-21,710.2170788546779,560.5406253217463
2022-07-22,709.0615027419954,555.3093984470303
2022-07-25,710.0802509217724,556.0397230692954
2022-07-26,706.9693642996315,549.6212438577516
2022-07-27,712.8809546336154,563.9972875890137
2022-07-28,714.8484408245694,570.8404577036225
2022-07-29,716.4784230638205,578.950821972107
2022-08-01,716.3172437679237,577.3163950961695
2022-08-02,715.7972530777067,573.4700849141318
2022-08-03,717.3815765113492,582.4382837408056
2022-08-04,717.6096478135117,581.9855310697701
2022-08-05,717.8346751953004,581.0393703858102
2022-08-08,718.0961553796157,580.3203046924016
2022-08-09,718.0810100197064,577.8547019378467
2022-08-10,718.546210143193,590.1575970061211
2022-08-11,718.5979567895495,589.7412561901107
2022-08-12,718.7165212002116,599.9569717114122
2022-08-15,718.8199402509645,602.3385260487287
2022-08-16,718.8503052127433,603.4683202045537
2022-08-17,718.8868322572301,599.1005402416212
2022-08-18,718.9172714609693,600.4602355647943
2022-08-19,719.0996839575231,592.7142978415751
2022-08-22,710.4664575994578,580.0301733889216
2022-08-23,709.5572163111814,578.732145511947
2022-08-24,711.929098460104,580.4198213036917
2022-08-25,718.3851050892565,588.5988684603672
2022-08-26,701.1580748540661,568.770115217432
2022-08-29,697.4633494558162,564.9784912612685
2022-08-30,690.7641261645919,558.7478205651171
2022-08-31,685.8408448066458,554.3800748238529
2022-09-01,688.3344095285648,556.041126157694
2022-09-02,681.1607801107717,550.07119035199
2022-09-06,678.8891988502676,547.8186174823327
2022-09-07,690.9222615401146,557.866167725821
2022-09-08,695.3133765263481,561.5540658054988
2022-09-09,706.0418594891115,570.1298105406051
2022-09-12,713.0846745727865,576.1642199693046
2022-09-13,682.9032389199372,551.2528303352238
2022-09-14,685.5123983741045,553.1199303336382
2022-09-15,677.7823254635676,546.8598632244543
2022-09-16,675.0727908790215,542.9322423586389
2022-09-19,678.1958531826581,546.6551834266113
2022-09-20,674.5771515517956,540.4932298403193
2022-09-21,668.4404595940629,531.2418809304902
2022-09-22,666.2966487473028,526.7647969591459
2022-09-23,658.8128364192119,517.6872599023922
2022-09-26,653.9777545101491,512.3341012236777
2022-09-27,653.053293620003,511.2477685865387
2022-09-28,663.1309715584314,521.3051062271484
2022-09-29,653.2904966832874,510.29178628378924
2022-09-30,645.3353221490017,502.6033751849095
2022-10-03,660.1052404648,515.6127081510059
2022-10-04,674.2730564822458,531.3820528836692
2022-10-05,674.172681351867,530.3097511305155
2022-10-06,669.4805152164575,524.8766848564217
2022-10-07,655.6350577908054,510.1782387885136
2022-10-10,651.1891522378418,506.35574688758265
2022-10-11,647.4366665944478,503.05472476754636
2022-10-12,645.5360724097595,501.3992857872992
2022-10-13,661.4858439592712,514.4184403721853
2022-10-14,648.0144175298088,502.24592985996867
2022-10-17,664.0463006874559,515.5454283512132
2022-10-18,671.9011000913628,521.4368596499365
2022-10-19,667.8505329772062,517.9577821899609
2022-10-20,662.2095545886594,513.839546631956
2022-10-21,664.0098478849291,526.0302972933532
2022-10-24,667.5191168662511,532.2805770054156
2022-10-25,671.3750215603977,540.9390012910302
2022-10-26,670.9522878382252,536.9426975370235
2022-10-27,670.5113648357698,533.6766841836138
2022-10-28,674.625780035818,546.8192078825653
2022-10-31,674.7656518890974,542.7429965331794
2022-11-01,674.5649758703,540.517082343094
2022-11-02,670.8672065516763,527.0030824352168
2022-11-03,669.2128729494337,521.4242318543498
2022-11-04,673.1418317325545,528.5253649042772
2022-11-07,675.9029644795364,533.6065982070244
2022-11-08,676.5537695038714,536.593670742474
2022-11-09,673.5766668942621,525.4443881111312
2022-11-10,679.579500597503,554.5721268261087
2022-11-11,679.8775078263053,559.6967874258735
2022-11-14,680.139062252581,554.6954617185057
2022-11-15,680.2271874595039,559.5285879263922
2022-11-16,680.3306065102566,554.9113320018687
2022-11-17,680.4005424368964,553.1970317522203
2022-11-18,681.4375541389169,555.8294651395264
2022-11-21,681.6534497595839,553.6707965275652
2022-11-22,686.2240075639572,561.1896392602333
2022-11-23,688.4712374614701,564.5089015294504
2022-11-25,689.0399308776698,564.3491205603601
2022-11-28,684.9558806394002,555.6332038720745
2022-11-29,684.6396098883545,554.7487106343132
2022-11-30,692.6677642696537,571.91700294364
2022-12-01,692.8897477310684,571.4207887539186
2022-12-02,693.4127823416595,570.7381349155349
2022-12-05,690.0464291339908,560.5252255710305
2022-12-06,685.2538878682025,552.4541135560366
2022-12-07,684.8494919102338,551.4252390999004
2022-12-08,687.9725542138705,555.5729395142744
2022-12-09,686.044564745817,551.4897127228959
2022-12-12,689.9734492869773,559.3645976921061
2022-12-13,694.9606529727754,563.4421779082223
2022-12-14,696.5267128841745,560.031817558106
2022-12-15,688.9942720720612,546.0748865979831
2022-12-16,685.7617771188844,539.9928406070703
2022-12-19,684.0892542363588,535.1288464544165
2022-12-20,685.1140160149232,535.6839561352075
2022-12-21,690.5938151075733,543.6485018752502
2022-12-22,685.5579829377529,535.7918570552208
2022-12-23,688.1610545511724,538.935938604632
2022-12-27,687.7778917938608,536.7534517115644
2022-12-28,683.1100770214427,530.3013326001242
2022-12-29,690.0130202518383,539.5611000403445
2022-12-30,689.681529898923,538.1902142316515
2023-01-03,689.125012164219,536.0371579732845
2023-01-04,692.5248484960009,540.0783263343756
2023-01-05,688.5989336332542,533.788828590491
2023-01-06,697.0406157336439,545.9809823402869
2023-01-09,697.5666942646088,545.5618695691478
2023-01-10,699.774427439221,549.368927497695
2023-01-11,701.4682577643641,556.428002117335
2023-01-12,703.5117677227057,558.3287077939775
2023-01-13,703.964866406657,560.5602685593252
2023-01-17,704.4939888579959,559.4220558731091
2023-01-18,704.4757253357523,550.7159950252814
2023-01-19,704.6886512780058,546.5094333415061
2023-01-20,707.261283687686,556.8485179768728
2023-01-23,710.4603697587102,563.4646273225987
2023-01-24,710.6276368953548,563.0637204789721
2023-01-25,711.1324079837023,562.9613976908847
2023-01-26,713.1546104994264,569.1583942654714
2023-01-27,713.9452873770407,570.5783539464446
2023-01-30,711.9048213390732,563.1786710626461
2023-01-31,714.4987611913709,571.424998019114
2023-02-01,716.2624532011934,577.3977057799467
2023-02-02,717.1656808906823,585.8850901676144
2023-02-03,717.0653057603035,579.8184781490854
2023-02-06,717.1930019320872,576.2581242270003
2023-02-07,718.1418141852245,583.6760130383112
2023-02-08,717.8559083959575,577.2084599544875
2023-02-09,717.1869140913393,572.1118269010249
2023-02-10,717.9593274467102,573.3677621260439
2023-02-13,718.9354607412523,579.932025644361
2023-02-14,719.2760828552894,579.7694042768054
2023-02-15,719.4220425493165,581.3772066948393
2023-02-16,719.4372621511862,573.3607466840512
2023-02-17,721.7939989401996,571.7740248136635
2023-02-21,714.9335963530784,560.3149676412615
2023-02-22,715.1555798144931,559.4332805802973
2023-02-23,718.0414390548453,562.414740762153
2023-02-24,713.6320605463686,556.4882664751349
2023-02-27,716.1743279942704,558.1983574595878
2023-02-28,714.8727921875607,556.5036662258503
2023-03-01,713.1333772987691,553.8740390153413
2023-03-02,717.2994649032137,558.0736194787924
2023-03-03,724.923149084584,567.0852456024836
2023-03-06,725.9479108631485,567.4749277389221
2023-03-07,719.4798027944609,558.7772854214855
2023-03-08,720.8299670851927,559.5678401798825
2023-03-09,709.7213652854916,549.2385771633054
2023-03-10,700.419144622808,541.2866249971811
2023-03-13,699.7744274392207,540.4694115592124
2023-03-14,711.3118508018421,549.3745398512891
2023-03-15,707.4497840249874,545.5394201547714
2023-03-16,719.1240353205142,555.1201868432389
2023-03-17,718.7104333594635,549.0030636423631
2023-03-20,723.1472071513055,553.8992946065148
2023-03-21,728.0704885092515,561.090122648943
2023-03-22,723.7280020070405,551.8527704014308
2023-03-23,724.1081208439781,553.4997908512867
2023-03-24,727.0639160109699,556.6214229863216
2023-03-27,729.2291085423077,557.5381530355806
2023-03-28,729.645680181772,556.6606752398119
2023-03-29,733.1519052427201,564.5860029480325
2023-03-30,734.3835051227901,567.8127640479518
2023-03-31,736.2688797056087,576.0100171321396
2023-04-03,737.6555710408277,578.140589754462
2023-04-04,737.527874869044,574.7891248954154
2023-04-05,737.7285508878413,573.3565374188557
2023-04-06,738.4401600776944,575.4086739775339
2023-04-10,739.242938394844,575.9819553641693
2023-04-11,739.4345568944798,575.9581370830625
2023-04-12,739.607837629912,573.5766169674142
2023-04-13,740.1187708009677,581.1837858258527
2023-04-14,740.3316225012607,579.9810995166412
2023-04-17,740.687389975207,581.8986080323976
2023-04-18,740.7938529463337,582.3962595321857
2023-04-19,740.9154612773696,582.3471856599057
2023-04-20,741.0431574491533,578.8807359955168
2023-04-21,741.8703613712548,579.4035746431418
2023-04-24,743.0349950030986,579.8969826560663
2023-04-25,736.6155896603934,570.7283132967452
2023-04-26,735.6850409294997,568.536039006556
2023-04-27,743.6584047440685,579.6601002683938
2023-04-28,746.6141999110605,584.444152604
2023-05-01,747.2558731742738,584.2184949235159
2023-05-02,743.5124450500413,577.4495858290239
2023-05-03,741.338194999542,573.4084174679328
2023-05-04,738.3002882244148,569.26913558395
2023-05-05,746.7662474458355,579.7862413375877
2023-05-08,748.3354255195687,580.0483793164336
2023-05-09,747.1768054865123,577.3920934263526
2023-05-10,749.4757820303817,579.9810995166412
2023-05-11,749.6642823676834,578.9970896675894
2023-05-12,749.9075732717156,578.0803596183304
2023-05-15,752.1913302137154,579.790416381115
2023-05-16,750.4275639619326,576.0926966826477
2023-05-17,753.8000050103492,582.9429164609174
2023-05-18,754.2834686560793,588.4488406667294
2023-05-19,754.8704255945224,587.5980215505327
2023-05-22,755.5485516602624,587.689119631432
2023-05-23,750.920233610745,581.0940566116839
2023-05-24,747.2528292539,576.8412614540937
2023-05-25,751.6256807178897,581.8929956788036
2023-05-26,757.1693278964315,589.4861678749251
2023-05-30,758.671613963899,589.4959552720464
2023-05-31,757.4004431189679,585.8949460080725
2023-06-01,761.6000138475256,591.6686205463246
2023-06-02,765.2157457999742,600.2681835625376
2023-06-05,765.6839898438345,599.0654972533259
2023-06-06,766.4321260781745,600.4756353155094
2023-06-07,766.4716228010751,598.1866163691586
2023-06-08,767.3048403219641,601.8885795544898
2023-06-09,767.7518511651675,602.579583479928
2023-06-12,768.4087440302503,608.1963174475551
2023-06-13,768.7432040615793,612.4126323067836
2023-06-14,768.9864949656113,612.9144588500991
2023-06-15,769.1385425003864,620.378615356893
2023-06-16,768.5455719631558,618.1008211177306
2023-06-20,767.4812392197304,615.1740471617491
2023-06-21,766.0033045152542,611.9472860618297
2023-06-22,768.0346387921,614.2180990806679
2023-06-23,764.7413396734053,609.5139201187725
2023-06-26,762.8771982912436,606.7791297217107
2023-06-27,769.0169341693504,613.7303034213375
2023-06-28,769.4487254106842,613.5129958279078
2023-06-29,771.3736709583637,616.257573622091
2023-06-30,776.1357730204129,623.8184405633783
2023-07-03,776.6132230673554,624.5487309639751
2023-07-05,776.4398680899629,623.3194201968598
2023-07-06,773.6877928621423,618.381165024089
2023-07-07,773.5965494928853,616.6094408151059
2023-07-10,775.047088913996,618.0924025873393
2023-07-11,777.7140086133076,622.2597120176245
2023-07-12,780.2957727841097,626.8714240318903
2023-07-13,781.572957227828,632.1811211919187
2023-07-14,781.9348867844826,631.53351034183
2023-07-17,782.6251885317182,633.968313594954
2023-07-18,782.8349963116374,638.480440554593
2023-07-19,782.9900877667862,639.9859201845394
2023-07-20,783.1208278589439,635.6616017402929
2023-07-21,782.2420257744067,635.8676161831979
2023-07-24,784.2794478920005,638.4328039923797
2023-07-25,785.0488173269974,640.2297837925363
2023-07-26,785.9945114178005,640.1302671812459
2023-07-27,783.6134975077562,636.0176439768351
2023-07-28,787.1653071323527,642.3001262787269
2023-07-31,788.479018620558,643.2434807858898
2023-08-01,787.7977743924839,641.5291805362411
2023-08-02,782.6372899712536,632.6507109237365
2023-08-03,781.244585037247,631.0387334621754
2023-08-04,779.6359102406133,627.6941813801167
2023-08-07,785.2190541420556,633.3585519099571
2023-08-08,783.2941828363364,630.6868662691605
2023-08-09,779.6632312820182,626.2476314629083
2023-08-10,780.1193738863433,626.4046404768698
2023-08-11,780.0160290775509,625.7345802124046
2023-08-14,784.5378841559417,629.3328517429183
2023-08-15,776.385151765193,622.063484971841
2023-08-16,770.5525548770102,617.3635494968096
2023-08-17,764.6470523837742,612.6018781322431
2023-08-18,759.027381437845,612.5107800513439
2023-08-21,761.8006898663226,616.7243571771119
2023-08-22,761.6729936945388,615.0114257941935
2023-08-23,764.8659919248151,621.804153169792
2023-08-24,761.7337978600568,613.4359286309939
2023-08-25,764.4980487693732,617.5569703657959
2023-08-28,766.8182585138997,621.42572996221
2023-08-29,769.0108463286027,630.4415653510969
2023-08-30,769.7102055949997,632.8581626767083
2023-08-31,769.9839357027711,631.8475283697529
2023-09-01,770.3731863008305,632.9843037459023
2023-09-05,770.7928018606686,630.329455165888
2023-09-06,770.6681496092589,625.935050745052
2023-09-07,770.7806261791732,623.9250068383295
2023-09-08,771.3219243120076,624.8151124296849
2023-09-11,772.0487531037302,629.0160275381978
2023-09-12,772.0973815877526,625.4332242017364
2023-09-13,772.3953888165548,626.2097822978161
2023-09-14,772.5291728290864,631.4886799564136
2023-09-15,771.2824275891071,623.810022032987
2023-09-18,771.9727293363427,624.2599685272254
2023-09-19,771.4283872831343,622.9171787081711
2023-09-20,767.4751513789827,617.0649996629384
2023-09-21,758.3522992924791,606.9445572660634
2023-09-22,757.0841723679221,605.5512562646622
2023-09-25,760.4079849323165,607.9874283845164
2023-09-26,751.0022709769197,599.0290169549643
2023-09-27,751.0387980214068,599.1663827313465
2023-09-28,755.1288618584638,602.6973744620674
2023-09-29,753.9063937395156,601.0643164528601
2023-10-02,754.2622354554222,601.1120214584099
2023-10-03,744.759264531981,592.8502947512264
2023-10-04,749.7555257369404,597.6581653679393
2023-10-05,749.3967143426202,596.8788010950625
2023-10-06,757.6863489082348,603.93086027271
2023-10-09,762.6917418743161,607.7379524229256
2023-10-10,766.5172073647235,610.9030460766463
2023-10-11,769.8044928846308,613.5256578451628
2023-10-12,765.7266047290694,609.6933101037737
2023-10-13,762.1260923784903,606.6333454149374
2023-10-16,770.0477837886629,613.0602431568723
2023-10-17,770.2180948456814,613.0000130207407
2023-10-18,760.1069337831399,604.7859228757704
2023-10-19,753.2921157596671,599.6556157007434
2023-10-20,752.28866142372,592.1087796434414
2023-10-23,753.0184598938561,591.1107389104045
2023-10-24,756.3909009422727,595.4056267199504
2023-10-25,751.2182408395466,586.8677311499358
2023-10-26,745.8630939983065,579.9236071139699
2023-10-27,743.819584039965,577.1398112879647
2023-10-30,751.0296662602847,584.0712733066757
2023-10-31,754.9038344766749,587.8531098657179
2023-11-01,760.0400417768742,594.0290943359951
2023-11-02,765.550205831303,605.2316258831453
2023-11-03,767.3291916849554,610.9170085172951
2023-11-06,768.3175006609933,611.9879414037187
2023-11-07,768.7675554245707,613.7260599344738
2023-11-08,769.1537621022562,614.3428028397951
2023-11-09,768.8496670327061,609.3765543423902
2023-11-10,769.7649961617306,618.8928474078624
2023-11-13,770.1967874030643,618.3755526704949
2023-11-14,770.3670984600828,630.1710772851964
2023-11-15,770.5252338356058,631.1774681052879
2023-11-16,770.6772813703808,631.9288390535307
2023-11-17,771.3340999935034,632.7390028278385
2023-11-20,774.2473545172209,637.4151200217635
2023-11-21,773.9797122501974,636.1269479852467
2023-11-22,775.2995115791507,638.7103417219411
2023-11-24,776.1296851796657,639.0915711063202
2023-11-27,776.4884965739859,637.842685544962
2023-11-28,776.8807910924191,638.4678469806745
2023-11-29,776.5280675388467,637.8636976492716
2023-11-30,777.6136334829291,640.2774203547494
2023-12-01,778.8665408056166,644.038244809482
2023-12-04,778.7418885542068,640.5549580843108
2023-12-05,779.0824364262836,640.1905657607141
2023-12-06,778.608030299715,637.6898515745278
2023-12-07,779.9460931509117,642.7710848772747
2023-12-08,780.9738988498502,645.4035524862493
2023-12-11,781.7158730014819,647.9364350405967
2023-12-12,781.9956909500011,650.9165263557221
2023-12-13,782.1386067236543,659.8019771885511
2023-12-14,782.2784785769338,661.5485142496973
2023-12-15,781.870964456631,661.498071510687
2023-12-18,783.9023729754372,664.4935625765279
2023-12-19,785.4927842498275,668.3917528076427
2023-12-20,780.8948311620888,658.5769099082995
2023-12-21,784.1243564368522,665.3612187535068
2023-12-22,785.2008648617733,666.4657573181585
2023-12-26,787.3143107467545,669.2860334425254
2023-12-27,788.3664678086842,670.2434188336733
2023-12-28,788.5002518212158,670.4915259285341
2023-12-29,788.4455354964457,668.5963983838174
2024-01-02,787.852564959215,664.8117556479782
2024-01-03,785.1978209413993,659.4824152503704
2024-01-04,784.1699410005006,657.2214580719904
2024-01-05,785.3741455972054,658.4213382044048
2024-01-08,790.6715321933015,667.7147113228531
2024-01-09,790.8539446898554,666.7278952970044
2024-01-10,792.0733688884299,670.5055568125193
2024-01-11,792.4778390883589,670.0556103182809
2024-01-12,792.9309377723101,670.5588057283267
2024-01-16,793.496587268136,668.0567226754101
2024-01-17,793.1407455522293,664.3043167510688
2024-01-18,794.3388623081862,670.1536896195046
2024-01-19,796.9906366475882,678.4056289295664
2024-01-22,798.3711659000991,679.8942714987306
2024-01-23,799.5571812165206,681.8804971243466
2024-01-24,799.6666138660609,682.4341352734026
2024-01-25,800.6093382784503,686.0239882735249
2024-01-26,800.8434974213607,685.5768479560835
2024-01-29,802.2909929220976,690.7575978701209
2024-01-30,802.5524731064131,690.3426943641772
2024-01-31,799.6848773883042,679.2242112342653
2024-02-01,802.4703614982778,687.7102267552028
2024-02-02,803.6381132924558,695.0580295899241
2024-02-05,804.1520161419253,692.8433401070268
2024-02-06,804.6841825136381,694.4440928613998
2024-02-07,805.0551695894538,700.1673246606415
2024-02-08,805.2467880890898,700.5668284158696
2024-02-09,805.3744842608737,704.5897224061116
2024-02-12,805.769822699681,703.9210994517132
2024-02-13,805.7606909385593,694.2955023778294
2024-02-14,806.073917769231,700.9466889335184
2024-02-15,806.2229213836322,705.0270753264316
2024-02-16,804.4257462496967,701.6404990357538
2024-02-20,802.8900513000766,697.4269219099857
2024-02-21,803.644201133204,698.30860897095
2024-02-22,810.3920529084506,713.0589008662669
2024-02-23,811.3012941967272,713.3070079611275
2024-02-26,811.2921624356055,710.6058916856302
2024-02-27,812.1375556379901,711.8184338352999
2024-02-28,812.0098594662062,710.6381284971282
2024-02-29,812.8977933118654,714.3541225664444
2024-03-01,814.4761031467201,720.0745481888893
2024-03-04,814.8896308658105,719.2153105423015
2024-03-05,813.372199438434,711.8842763250258
2024-03-06,814.4851606658816,715.5441468584012
2024-03-07,815.7532875904387,722.9172052842961
2024-03-08,815.6285610970684,718.1976265716852
2024-03-11,816.142538188498,717.3916378409045
2024-03-12,817.0851883589272,725.4277068676035
2024-03-13,817.2707190178153,724.0315996894053
2024-03-14,817.3589184666986,721.9528386728235
2024-03-15,817.4470436736212,717.272477992035
2024-03-18,820.2478216274246,721.8042481892533
2024-03-19,822.4159838371761,725.8818284053693
2024-03-20,825.0615960938701,732.3452064456658
2024-03-21,825.9374284999938,734.7154676324578
2024-03-22,825.9222088981242,733.6852585312597
2024-03-25,826.2202161269265,731.4438761471224
2024-03-26,826.0651246717777,729.3959830753081
2024-03-27,827.9323099743133,735.691127394455
2024-03-28,827.9413674934747,736.5125158759511
2024-04-01,828.4340371422868,735.0294856603809
2024-04-02,827.3636165581136,729.7085637931643
2024-04-03,827.8896950890783,730.5047651268235
2024-04-04,823.8209386946386,721.4944736481942
2024-04-05,827.1993933418426,729.5024809069229
2024-04-08,828.7503078933323,729.2291866642252
2024-04-09,829.3919069145852,730.2832824898665
2024-04-10,827.1355452559507,723.3770076189924
2024-04-11,829.7811575126445,728.7624031092046
2024-04-12,825.4934615771642,718.1584085398631
2024-04-15,820.0045307233925,709.5251714020856
2024-04-16,819.5666516413107,708.0660279109586
2024-04-17,815.552537329681,703.9729795007904
2024-04-18,813.7036897913491,702.4184944419005
2024-04-19,811.9976837847105,696.2663282527299
2024-04-22,817.590033689235,702.3456022885138
2024-04-23,821.7500334529319,710.7488698156067
2024-04-24,822.111888767626,710.9002664759739
2024-04-25,820.9958836198044,707.6468809181509
2024-04-26,824.1523548055937,714.8713488604753
2024-04-29,825.6606544718485,717.1435307460438
2024-04-30,821.6010298385308,705.8624946919127
2024-05-01,821.2908469282329,703.4375472792466
2024-05-02,824.5629128462705,709.8588326675875
2024-05-03,827.8501983661778,718.772345268387
2024-05-06,829.2550789816801,726.1944775665619
2024-05-07,829.5683058123517,727.1700688852225
2024-05-08,829.8754448022758,727.1658253983586
2024-05-09,830.1886716329475,730.8677885836897
2024-05-10,830.3893476517449,732.0732810696983
2024-05-13,830.8029496127956,731.8966288181575
2024-05-14,830.9154261827097,735.4374079459999
2024-05-15,831.0796493989803,744.0537395796587
2024-05-16,831.2103894911381,742.5048668743627
2024-05-17,832.1865970276408,743.3697168745448
2024-05-20,833.2022270450833,744.0509334028616
2024-05-21,834.4733978900143,745.9124552693501
2024-05-22,833.5215417165032,743.8939243889
2024-05-23,830.7907739313,738.4033999338035
2024-05-24,834.1662589000903,743.5729935839892
2024-05-28,834.9720811376139,743.7579959225845
2024-05-29,831.9463500439824,738.2786961746763
2024-05-30,829.0422272813865,733.8674546930578
2024-05-31,833.5640823597774,739.7588517701128
2024-06-03,834.2543841070132,740.5844837384727
2024-06-04,834.7714051188165,741.6974408335154
2024-06-05,838.849293274378,750.4848123651209
2024-06-06,839.4027670887081,750.3348530148204
2024-06-07,839.6855547156408,749.4980647826088
2024-06-10,840.9566513186114,751.4324103591476
2024-06-11,841.6713044288382,753.4690787237737
2024-06-12,843.398543636134,759.8763332281294
2024-06-13,843.7725746323238,761.6579817209068
2024-06-14,843.9094025652294,761.3579945769692
2024-06-17,844.4567885388118,767.1933365614196
2024-06-18,844.6605827199435,769.1276821379583
2024-06-20,844.9251068246326,767.1849180310284
2024-06-21,844.3990282936678,765.9864752086806
2024-06-24,844.0858014629958,763.6385949929286
2024-06-25,845.8799326765576,766.642436145824
2024-06-26,846.889549095213,767.8479286318327
2024-06-27,847.8444491890981,768.5446133542014
2024-06-28,846.6614777930504,765.4061441583843
2024-07-01,848.6594031877435,767.4540372301987
2024-07-02,850.8671363623557,772.2086589311042
2024-07-03,852.0105367935425,776.1349109301894
2024-07-05,853.3759206861444,780.3638878066729
2024-07-08,854.1513779618892,781.1572829635351
2024-07-09,854.5436724803224,781.7361767037645
2024-07-10,855.0362678871741,789.7161906378592
2024-07-11,855.1062038138137,782.7958848829999
2024-07-12,855.6475019466484,787.1145909736523
2024-07-15,856.0945127898518,789.3391362970075
2024-07-16,856.2830873691139,794.3825204346626
2024-07-17,856.3833882575324,783.3187235306249
2024-07-18,856.4594120249201,777.195987976155
2024-07-19,856.1705365572393,771.646602251657
2024-07-22,861.1698416825728,779.9742398919026
2024-07-23,861.0208380681718,778.7589600087725
2024-07-24,849.8301989022956,760.7313958311895
2024-07-25,846.8074374870774,756.8192431594259
2024-07-26,853.7803908860731,765.2127232893974
2024-07-29,854.8872642727728,765.8350785483128
2024-07-30,851.9527765483983,762.0364049284885
2024-07-31,860.1237724613908,774.0715496643228
2024-08-01,853.2816333965131,763.4717985818452
2024-08-02,840.7803266628056,749.4377662031401
2024-08-05,818.4627479330245,726.9780168829656
2024-08-06,826.144192359539,734.5052097026884
2024-08-07,820.6127208624929,728.8240705554023
2024-08-08,838.9678576850403,745.6180804790062
2024-08-09,842.8755090255432,749.1013672041771
2024-08-12,843.8212773583068,749.1336040156749
2024-08-13,857.0584704028983,761.7546921553995
2024-08-14,860.2727760757921,764.6674352273958
2024-08-15,871.4118170792324,777.0040044172348
2024-08-16,872.6281973574327,778.5500709457338
2024-08-19,876.2894396315696,786.1193564174121
2024-08-20,875.3467894611404,784.5592590049281
2024-08-21,876.2682064309125,787.8855367161376
2024-08-22,873.8962500400295,780.8475084224755
2024-08-23,877.5545226357527,789.8142699390824
2024-08-26,877.9559489153077,787.323411593354
2024-08-27,878.7556833120833,788.5793468183731
2024-08-28,876.8824844107604,783.866817769423
2024-08-29,877.9650064344688,783.8359498246556
2024-08-30,880.6562774967716,791.747246648891
2024-09-03,874.2763688769669,775.0009417308369
2024-09-04,873.3975667924296,773.7589689464667
2024-09-05,873.0904278025056,771.4237507479695
2024-09-06,863.8763323467449,758.1087840626731
2024-09-09,871.90136856571,766.8877370638874
2024-09-10,874.6595316342784,770.3177748732512
2024-09-11,879.409458014832,778.5332338849516
2024-09-12,883.0434534895242,784.368575869402
2024-09-13,884.6216890824186,788.6102147631406
2024-09-16,885.5065790077039,789.6012058325165
2024-09-17,885.7346503098664,789.8100948955552
2024-09-18,886.4948879837417,787.5224448159348
2024-09-19,887.3919535905227,800.8920977271054
2024-09-20,888.0610221371011,799.3375442248789
2024-09-23,890.1957754646999,801.5831016525435
2024-09-24,891.6158756820715,803.5960201793996
2024-09-25,891.2144494025165,802.1003279465745
2024-09-26,892.5372926518437,805.3397510637488
2024-09-27,891.6675480864677,804.3304856235238
2024-09-30,893.8661494999583,807.7380740185112
2024-10-01,890.2200525857306,800.2066377119247
2024-10-02,890.919486094088,800.3173790304032
2024-10-03,890.2291843468525,798.9717145912153
2024-10-04,894.577758689811,806.1386901308686
2024-10-07,891.7162508124502,798.4110267784985
2024-10-08,895.6025204683758,806.1471086612597
2024-10-09,897.7464055570963,811.8815651676897
2024-10-10,898.3576396165704,810.2008705962693
2024-10-11,899.6500436621584,815.1040827807453
2024-10-14,900.7904001729713,821.3866335259736
2024-10-15,900.9637551503639,815.136319592243
2024-10-16,901.2861137421576,818.9504614061194
2024-10-17,901.4654823183375,818.8102894529402
2024-10-18,902.0280878937892,822.0622377006965
2024-10-21,902.0554831771547,820.5638077344108
2024-10-22,902.0767163778117,820.1741598196406
2024-10-23,897.7585812385921,812.6356738493932
2024-10-24,899.2365159430683,814.3794047337425
2024-10-25,898.8563971061307,814.1355411257456
2024-10-28,901.0367349973776,816.2941755160382
2024-10-29,902.0372196549112,817.6117781872557
2024-10-30,900.8330150582063,814.9134680885556
2024-10-31,889.6118624466308,799.7440976437679
2024-11-01,892.7227490687715,803.0170579958337
2024-11-04,892.1541298945322,800.7589069942504
2024-11-05,900.0362503398438,810.5807311139181
2024-11-06,913.4499165241623,831.085122753244
2024-11-07,915.602859132044,837.2611072235212
2024-11-08,916.3388196848884,840.4065576396628
2024-11-11,917.029121432124,841.2209649008345
2024-11-12,917.2662502534481,838.7875989577772
2024-11-13,917.5369364408454,838.9823886934942
2024-11-14,917.6889839756203,833.9067677443412
2024-11-15,917.9869912044227,822.8962881994473
2024-11-18,920.5778871363464,826.1202431225696
2024-11-19,921.417192497983,829.394640784702
2024-11-20,921.0948339061894,829.4128467122144
2024-11-21,923.229587233788,833.8422941213454
2024-11-22,925.2791850328774,836.734025089032
2024-11-25,927.328782831967,839.2613637331222
2024-11-26,928.7975857753214,844.0636219962408
2024-11-27,928.6333625590509,840.8551352671706
2024-11-29,930.0412870949269,845.5704704929177
2024-12-02,930.9748797461948,847.6408129791082
2024-12-03,931.4006573887411,848.0234796735541
2024-12-04,932.0787834544809,853.155224158648
2024-12-05,932.3068547566436,851.5600153145325
2024-12-06,932.8846056920046,853.6850440265972
2024-12-09,933.0305653860318,848.4398204895642
2024-12-10,933.0579606693972,845.9251438627293
2024-12-11,933.8090665821508,852.8327876003336
2024-12-12,933.8911781902862,848.2155316758103
2024-12-13,934.1891854190884,848.1930822614338
2024-12-16,934.5875677782695,851.4156683178259
2024-12-17,934.663591545657,848.1258024616415
2024-12-18,927.1949988194358,823.1121584828097
2024-12-19,931.2820187361189,822.4000740097254
2024-12-20,928.1225036299556,831.3388422016983
2024-12-23,931.488782595664,837.3970356898361
2024-12-24,935.5302179486987,846.644209556138
2024-12-26,935.962083431993,846.3007608935143
2024-12-27,933.4198159840917,836.9442830188009
2024-12-30,930.0960776616578,827.9873088993153
2024-12-31,929.1320458066508,824.4395485511487
2025-01-02,927.961324334059,822.6060884526307
2025-01-03,934.5479968134088,832.967656724042
2025-01-06,937.129760984211,837.5806691617017
2025-01-07,933.2312414048296,828.2802463795924
2025-01-08,934.329057272368,829.5726619029729
2025-01-10,926.875684148016,816.7875835289623
2025-01-13,928.8523021000918,818.074386698749
2025-01-14,930.229861674189,819.0121288523177
2025-01-15,940.9917535191053,834.0105278424952
2025-01-16,941.958829294486,832.2485225872969
2025-01-17,941.7641668744762,840.563566653624
2025-01-21,946.6418636687738,847.9338189027217
2025-01-22,948.5880424171102,853.1383870978656
2025-01-23,950.1146056056086,857.6715261618142
2025-01-24,949.7679698927842,855.2227604680414
2025-01-27,944.3794141693912,842.7530005453477
2025-01-28,948.2961230290558,850.5213876829432
2025-01-29,946.9733540216889,846.5418867680506
2025-01-30,949.6280980395046,851.0077460322066
2025-01-31,947.6909768103294,846.7128582226608
2025-02-03,944.7959858088554,840.2705607300103
2025-02-04,949.0259957411522,846.3414162354031
2025-02-05,951.3553372468004,849.6494880191003
2025-02-06,952.9700998841822,852.7458645629619
2025-02-07,950.5282075666594,844.6748209913045
2025-02-10,954.1377774363999,850.3447354314025
2025-02-11,954.7581432569958,850.6334978681521
2025-02-12,954.5088387541758,848.3164855971676
2025-02-13,957.0571198008648,857.1612810881078
2025-02-14,957.7018369844521,857.0996136419094
2025-02-18,958.7448622852603,859.1952117192735
2025-02-19,958.979021428171,861.2374924374939
2025-02-20,959.1583900043508,857.5047297507318
2025-02-21,953.1799076641012,842.8721603942178
2025-02-24,950.8079512732181,838.6838388596232
2025-02-25,947.6848889695816,834.7590241706048
2025-02-26,947.9920279595057,834.8725716658803
2025-02-27,936.4212699566918,821.6276909571734
2025-02-28,947.9373116347356,834.6538952057203
2025-03-03,935.1805383155001,819.9667080666687
2025-03-04,925.0206745269761,809.934557573896
2025-03-05,934.4294324027466,818.9728423771594
2025-03-06,918.814120884564,804.3795594958042
2025-03-07,923.8316895321409,808.8202316121233
2025-03-10,899.9997975373175,787.0038496551739
2025-03-11,892.7410125910152,781.0479105117869
2025-03-12,896.9983435647167,784.8647900591238
2025-03-13,885.0839195274921,773.9622456559115
2025-03-14,902.8856567776696,790.4212254472827
2025-03-17,910.0227591509755,795.4926713529085
2025-03-18,900.2734534031282,787.0178805391591
2025-03-19,909.8919448168575,795.516489634015
2025-03-20,907.7632793300065,793.7783711032598
2025-03-21,904.4638923705639,794.432963173673
2025-03-24,911.2695043909547,808.4515273583262
2025-03-25,912.5071921117725,809.7242996441275
2025-03-26,909.1743220282169,800.6902583277283
2025-03-27,908.4627128383637,798.0423909680385
2025-03-28,899.3094957900815,782.2912521628876
2025-03-31,902.9373291820656,786.6239891375253
2025-04-01,904.7679874401142,789.5983996557202
2025-04-02,907.6234074767273,794.9109714358821
2025-04-03,878.7526393917094,756.440751508508
2025-04-04,828.8962675873595,711.2437151385977
2025-04-07,827.15076485782,709.5854699815536
2025-04-08,814.7041744488826,698.444605880602
2025-04-09,886.4310398978499,764.9043176150691
2025-04-10,859.6129135322954,738.4328305685043
2025-04-11,874.525747621747,751.7926276392171
2025-04-14,883.8249243640565,757.7654038433864
2025-04-15,882.5781791240772,756.4561512592235
2025-04-16,862.5109484541431,739.5052007649947
2025-04-17,867.0115703318769,740.4864044372493
2025-04-21,856.118864152843,723.0349962664353
2025-04-22,868.8969449146956,741.1956142902002
2025-04-23,875.7938003043434,753.5447770539574
2025-04-24,881.9365058608637,768.8109263765749
2025-04-25,884.7341656523329,774.4794719499426
2025-04-28,886.0022925768899,774.975686139664
2025-04-29,887.601835612402,779.4724133485876
2025-04-30,888.2495224744029,780.6260257855191
2025-05-01,889.2195679281972,785.5432688539803
2025-05-02,891.0229051448412,797.1116300347941
2025-05-05,891.7283522519859,792.0247843784529
2025-05-06,891.4364328639314,785.9315479020202
2025-05-07,892.1602177352801,789.3474863840622
2025-05-08,892.8352998806461,793.9255242767637
2025-05-09,893.2154187175836,793.3606614205194
2025-05-12,893.8327406178056,819.1915188373196
2025-05-13,893.9148522259409,825.1291836098576
2025-05-14,894.0547240792203,825.9744588157968
2025-05-15,894.1732884898822,829.3876595643783
2025-05-16,895.906615537926,835.1977459576552
2025-05-19,896.4479136707603,835.9294736683189
2025-05-20,895.7545680031508,832.6858755076173
2025-05-21,887.8480961948476,819.250380106721
2025-05-22,888.4593302543218,818.8859193397876
2025-05-23,884.2780230480075,813.3925887078941
2025-05-27,896.9436272399463,830.0338331044003
2025-05-28,894.7997421512257,825.4095275162159
2025-05-29,896.8219446669499,828.7204054767102
2025-05-30,896.7672283421798,828.6531256769175
2025-06-02,900.0940105849878,832.0522955415138
2025-06-03,902.9008021375784,836.8784405290758
2025-06-04,903.3113601782553,836.9401079752743
2025-06-05,901.7453002668562,832.5232541400617
2025-06-06,906.2215707815989,841.0821618143858
2025-06-09,907.3467076905423,841.8559137336686
2025-06-10,908.8458755956756,846.471800791462
2025-06-11,908.4445235580808,844.1491761668832
2025-06-12,909.3081060407483,847.375868823466
2025-06-13,906.6503181025588,837.8035891087261
2025-06-16,910.6309492900756,845.672793281006
2025-06-17,908.8428316753017,838.6095778395069
2025-06-18,911.0019363658918,838.3502460374577
2025-06-20,911.302987515068,836.523767159264
2025-06-23,916.3722285670411,844.5598361859629
2025-06-24,920.6204277796211,853.9527943590379
2025-06-25,921.4810405838753,853.949988182241
2025-06-26,923.3603273259462,860.7987706504439
2025-06-27,924.3912511872187,865.2912543725038
2025-06-30,925.495080653545,869.7599882567933
2025-07-01,925.7596790001944,868.7871346715933
2025-07-02,926.4012780214474,872.9096137164621
2025-07-03,927.0185999216691,880.1887678846606
2025-07-07,927.4838742871161,873.2684621298013
2025-07-08,928.0464798625682,872.6433006940889
2025-07-09,928.5482070305417,877.9333546165379
2025-07-10,928.7549708900867,880.3443395885554
2025-07-11,928.89788666374,877.4413839136805
2025-07-14,929.3510595896515,878.6763070343899
2025-07-15,929.4604922391917,875.2000015295431
2025-07-16,929.6308032962102,877.9950905060732
2025-07-17,929.761543388368,882.7132319086171
2025-07-18,929.6186276147148,882.6333585349062
2025-07-21,931.1634543254567,883.8682816556154
2025-07-22,931.6438740508129,884.4317756451293
2025-07-23,935.2352546402702,891.3408566928003
2025-07-24,935.9012050245146,891.9632119517155
2025-07-25,937.3274673245944,895.5081661230852
2025-07-28,938.200181568384,895.666544003777
2025-07-29,937.4490756556305,893.01587046729
2025-07-30,937.5767718274141,891.9001071954502
2025-07-31,936.597594612498,888.6046974290082
2025-08-01,928.5998794349376,874.3940127987622
2025-08-04,937.4856027001174,887.2800450941298
2025-08-05,936.0958674445243,882.9697575338685
2025-08-06,939.6020925054725,889.3994614526005
2025-08-07,939.8423394891306,888.690183156313
2025-08-08,942.4027962173154,895.6217136183607
2025-08-11,942.6065161564864,893.3789623674929
2025-08-12,944.2030152716247,903.5147360717468
2025-08-13,944.4858028985575,906.4331599406738
2025-08-14,944.6469821944543,906.7078914934381
2025-08-15,944.7777965285721,904.0810362380579
2025-08-18,945.702183176758,903.9899381571589
2025-08-19,943.4427775977495,898.6942718811156
2025-08-20,942.1442857114137,896.5089445895826
2025-08-21,939.6842041136078,892.9191600327966
2025-08-22,948.2231431820421,906.4794276361567
2025-08-25,947.3534728586266,902.6120369064731
2025-08-26,949.2692866451845,906.3434307265052
2025-08-27,950.0568453604646,908.5104836471892
2025-08-28,952.0608585959056,911.3783963337694
2025-08-29,949.7314428482971,905.547229392846
2025-09-02,946.8273943276618,899.2787779749394
2025-09-03,950.0173486375642,903.8651659546952
2025-09-04,953.7181618765619,911.4092642785367
2025-09-05,953.6725773129135,908.5245145311743
2025-09-08,955.3237927528219,910.4378480034035
2025-09-09,956.2816625251205,912.8852448304459
2025-09-10,957.1392314090007,915.6088105203194
2025-09-11,959.0063424695759,923.3785665246453
2025-09-12,959.2678968958514,922.9327950739341
2025-09-15,960.0524859327182,927.2766883124236
2025-09-16,960.1558307415106,926.082420533603
2025-09-17,960.6879971132233,925.183964855193
2025-09-18,961.0225313865127,929.6147811310542
2025-09-19,962.862321405683,934.156338725394
2025-09-22,964.7568277496234,938.2760115934657
2025-09-23,962.9626222941015,933.1134676069408
2025-09-24,962.4213984032275,930.4572501601964
2025-09-25,960.7822844028545,925.796532716987
2025-09-26,964.4101177948386,931.2604327141801
2025-09-29,966.3563707851356,933.7148107615468
2025-09-30,967.7034911554937,937.5344964856808
2025-10-01,969.2057029810009,940.7220395537781
2025-10-02,969.6345245439213,941.3037394708047
2025-10-03,970.2092315589084,941.365406917003
2025-10-06,972.1858495109842,944.7981824598274
2025-10-07,971.3587198308429,941.1971731958535
2025-10-08,973.447814352833,946.6821537406922
2025-10-09,973.2440944136616,944.0735044128244
2025-10-10,959.5233634813796,918.4780920736299
2025-10-13,971.2948717449513,932.8051303759486
2025-10-14,971.0090401976446,931.3459184414851
2025-10-15,973.6455206932167,935.0955181890296
2025-10-16,972.4716810582906,929.2096650222323
2025-10-17,975.9626865173692,934.1072648531142
2025-10-20,982.1935915227729,944.0763105896217
2025-10-21,982.8504843878557,944.107178534389
2025-10-22,981.2022386263609,939.0679694402611
2025-10-23,983.9877969782947,944.5402879678452
2025-10-24,986.4844056205875,952.0044444746393
2025-10-27,989.3398256572005,963.7046275215775
2025-10-28,989.5678969593632,965.9095296073533
2025-10-29,989.4797717524403,965.8674369553976
2025-10-30,988.223820509379,956.3007011509152
2025-10-31,989.0600819506419,958.8042215138986
2025-11-03,990.5927329798882,960.4540481405514
2025-11-04,988.102212178343,949.1813621734753
2025-11-05,989.8963433919047,952.649249147931
2025-11-06,986.9679435082778,942.0003557498369
2025-11-07,988.0687290542298,943.1890111750633
2025-11-10,992.7943783137524,957.7150826999625
2025-11-11,993.7218831242723,959.7026771923089
2025-11-12,994.001626830831,960.3068265237116
2025-11-13,990.8481995654156,944.4071656783273
2025-11-14,991.7452651721965,943.9333324596456
2025-11-17,989.8811237900347,935.284764014489
2025-11-18,987.3997347496115,927.5626445723766
2025-11-19,990.6170843428789,931.0445624308175
2025-11-20,984.3374766114927,916.550727717416
2025-11-21,988.9810142628799,925.554037975721
2025-11-24,996.3735832217136,939.8697831275149
2025-11-25,999.8950278845314,948.3865981498832
2025-11-26,1001.8625140754854,954.9368307842151
2025-11-28,1003.4772024709065,960.0503008984601
2025-12-01,1003.4742327924929,954.9396369610124
2025-12-02,1004.4107951221741,957.2861483100342
2025-12-03,1005.250100483811,960.1386612458987
2025-12-04,1005.7519018937446,961.1759200107577
2025-12-05,1006.2810243450833,963.0373734339098
2025-12-08,1006.5698998127639,959.6886463083239
2025-12-09,1006.8313799970791,958.8476145892483
2025-12-10,1007.4304383750577,965.3194111599362
2025-12-11,1007.8714356194736,967.3266488898618
2025-12-12,1007.8257768138649,957.0114167572697
2025-12-15,1008.3609871059514,955.4834877129471
2025-12-16,1008.5312981629698,953.2056934737845
2025-12-17,1008.409689831934,942.1559958970686
2025-12-18,1008.8597445955113,949.6313086677143
2025-12-19,1009.6442593904176,958.0052140034429
2025-12-22,1013.3390590306275,964.1714110765988
2025-12-23,1014.9780987890402,968.558765833774
2025-12-24,1016.2127425894843,971.6789606587421
2025-12-26,1016.90304433672,971.3832170016682
2025-12-29,1016.8939125755982,967.9910968007327
2025-12-30,1016.866517292233,966.6594632455301
2025-12-31,1014.5036926624717,959.5471054884143
2026-01-02,1016.0789585769528,961.3651658362171
2026-01-05,1019.0012706198315,967.4738020633653
2026-01-06,1020.4974688465512,973.4689592385745
2026-01-07,1020.1842420158792,970.1203005563249
2026-01-08,1020.4731174835599,970.1945615764417
2026-01-09,1022.1212890030943,976.4770438783339
2026-01-12,1022.7781818681773,978.017566496575
2026-01-13,1022.9271854825785,976.1210700851282
2026-01-14,1023.1369932624974,970.9150645799174
2026-01-15,1023.4897168160697,973.4199538096309
2026-01-16,1022.8693509954737,972.7947239305818
2026-01-20,1010.5444431595326,952.7291225216425
2026-01-21,1019.3266731319992,963.7691011445737
2026-01-22,1023.1734460650239,969.0577862002925
2026-01-23,1023.605311548318,969.3745419616763
2026-01-26,1026.7526509729855,974.2273114071418
2026-01-27,1028.6259241162688,978.2040061452373
2026-01-28,1028.5042415432727,978.1240643281898
2026-01-29,1027.8778621238891,976.8597105727796
2026-01-30,1026.6584379253147,972.6573581541999
2026-02-02,1030.648126631993,977.9012128245025
2026-02-03,1026.2873766075386,969.6829476360051
2026-02-04,1023.0183546098747,964.7643357008137
2026-02-05,1014.0658135803897,952.9449928050055
2026-02-06,1028.8448636573096,971.7140036470374
2026-02-09,1032.4726970492939,976.2723983021592
2026-02-10,1031.8705947509413,973.0470745123067
2026-02-11,1032.5426329759332,972.9994379500935
2026-02-12,1022.1121572419722,957.76128195211
2026-02-13,1023.6387204304709,958.2392902143188
2026-02-17,1026.4546437441832,959.2275435502345
2026-02-18,1031.5482361591478,964.5666713449635
2026-02-19,1029.8787571969958,961.8445429651567
2026-02-20,1026.6979346482153,968.5194793586157
2026-02-23,1021.5496259084807,958.4607728512759
2026-02-24,1026.807441539716,965.7945448020121
2026-02-25,1031.7976149039278,973.6525927104399
2026-02-26,1029.942605282888,968.4283812777167
2026-02-27,1027.3638850324598,964.2260288591368
2026-03-02,1027.5980441753702,964.6101328636496
2026-03-03,1022.2763804582434,955.5003247737299
2026-03-04,1027.9598994900646,962.9112323647165
2026-03-05,1024.6331172472567,957.4739568254273
2026-03-06,1013.8346983578537,944.7617706048036
2026-03-09,1022.969726125853,952.6072249393131
2026-03-10,1021.9084373028014,950.5732943081474
2026-03-11,1022.7021581007898,949.7770929744885
2026-03-12,1009.2702283942281,935.314194649191
2026-03-13,1004.4564539277828,929.6470179425535
2026-03-16,1014.9112067827749,939.0651632634656
2026-03-17,1018.2501647070785,941.4074311256236
2026-03-18,1003.8694969893397,928.5971656037761
2026-03-19,1001.1661244875016,926.0446398118492
2026-03-20,994.7071481799355,912.0260071838595
2026-03-23,1001.7743146266021,922.471623872509
2026-03-24,1000.4666909791446,919.0192050921054
2026-03-25,1004.0853926100069,923.9994844734955
2026-03-26,994.7557766639584,907.9161901562455
2026-03-27,983.8418372842672,892.7341576942028
2026-03-30,984.276672445975,889.2116529372095
2026-03-31,1003.4985099135245,915.1154025073967
2026-04-01,1007.9626047467713,921.67542253885
2026-04-02,1009.4891679352697,922.7085062601816
2026-04-06,1013.0561971617358,926.7931361399586
2026-04-07,1011.9006952910136,927.4968020826518
2026-04-08,1021.2242233963144,950.7597339568099
2026-04-09,1022.8632631547271,956.6259438860278
2026-04-10,1023.2008413483902,955.5368050720919
2026-04-13,1024.0431906304007,965.2577437137387
2026-04-14,1024.335110018455,976.631246715499
2026-04-15,1024.520640677343,984.4206459574041
2026-04-16,1024.672688212118,986.9899403667768
2026-04-17,1023.7269198793547,998.8737568855804
2026-04-20,1023.0670573358582,996.5020583887217
2026-04-21,1019.2081087213376,990.1760461248072
2026-04-22,1025.3599460389798,1000.5333709093546
2026-04-23,1023.7604030034678,996.3982982905675
2026-04-24,1027.2817734243251,1004.3432692363673
2026-04-27,1029.4591416371586,1005.5809985338736
2026-04-28,1028.3369744066288,1000.6595119785485
2026-04-29,1028.3735014511158,1000.2600766666571
2026-04-30,1033.5309419519724,1010.5009793357955
2026-05-01,1034.8811062427044,1013.4600585466113
2026-05-04,1034.4554028421185,1009.3431918553366
2026-05-05,1037.484177856124,1017.5390760727942
2026-05-06,1039.542907416335,1032.383272225807
2026-05-07,1039.859178167381,1028.4570202267219
2026-05-08,1040.6802200067743,1037.1224941759972
2026-05-11,1041.148538292595,1039.0722395032515
2026-05-12,1041.4100927188708,1037.407013125883
2026-05-13,1041.6259883395376,1043.4750624544786
2026-05-14,1041.796225154596,1051.4634949189644
2026-05-15,1041.5530084925242,1038.4639151283209
2026-05-18,1042.7906219713816,1037.6999506061597
2026-05-19,1039.76489087775,1030.769857454179
2026-05-20,1045.0743789133815,1041.8939529376848
2026-05-21,1047.1513719958361,1043.68114534072
2026-05-22,1048.805631356118,1047.5709170414436
2026-05-26,1052.536883798855,1053.9697530154083
2026-05-27,1053.5465002175104,1054.1435306468156
2026-05-28,1055.9944803757808,1060.2087737986142
2026-05-29,1056.7394984477864,1062.51182362895
2026-06-01,1057.898118480843,1065.3012318085493
2026-06-02,1058.6704575942535,1066.6776957491682
2026-06-03,1057.703456060833,1058.8141039304824
2026-06-04,1059.3577154211155,1063.1075544299615
2026-06-05,1047.9571942333598,1034.9932904204045
2026-06-08,1051.2019391099927,1038.0756360802807
2026-06-09,1049.0945068237988,1035.4011442626872
2026-06-10,1037.4051101683629,1018.6282148867294
2026-06-11,1050.5025056016357,1036.4734460158409
2026-06-12,1055.9062809268978,1041.6822576978489
2026-06-15,1062.6480448613968,1058.8995896577871
2026-06-16,1062.5325243711086,1052.8806142014714
2026-06-17,1060.3095715946267,1040.0899234738667
2026-06-18,1064.490878800941,1051.3709595279975
2026-06-22,1064.2172229351302,1047.4755754736798
2026-06-23,1055.3254118292027,1032.4309087880192
2026-06-24,1055.2828711859283,1031.4160994375368
2026-06-25,1056.0826798246644,1031.3137766494492
2026-06-26,1065.1629170259334,1030.8273498568492
2026-06-29,1064.9257139626488,1042.9396302329342
2026-06-30,1069.5388866522571,1051.1999196300505
2026-07-01,1070.4207326571686,1048.9389624516702
2026-07-02,1070.220056638371,1048.9403997617371
2026-07-06,1076.280650586756,1056.5363096913193
2026-07-07,1074.3587489594506,1051.829324552627
2026-07-08,1072.9508244235744,1048.8660702982838
2026-07-09,1077.7098825652497,1057.406772045095
2026-07-10,1079.7412168420956,1061.857231558536
2026-07-13,1077.6703858423493,1053.4398647041212
2026-07-14,1080.355494821944,1057.3997223814345
2026-07-15,1081.836473446794,1061.4380845657286
2026-07-16,1081.8820580104423,1056.0232584408157
2026-07-17,1071.9716472086584,1045.3589652920061
2026-07-20,1072.6528171947723,1043.3390655448254
2026-07-21,1077.6642980016013,1052.579258190803
2026-07-22,1077.5547911101007,1051.1438645374462
2026-07-23,1070.7765001311147,1038.4358533603497
2026-07-24,1072.0962994600682,1038.9517107876507
2026-07-27,1073.2153485282638,1039.1199445088005
2026-07-28,1075.003466143038,1041.306572223727
2026-07-29,1064.2020033332608,1025.5190215635512
2026-07-30,1077.9987580329303,1042.5471076980305
2026-07-31,1081.845605207916,1049.8487112806054
2026-08-03,1088.0734662929453,1065.3769301387322
2026-08-04,1090.740385992257,1084.4431219479047
2026-08-05,1091.2086300361173,1082.625061600102
2026-08-06,1091.5553399909022,1080.720146658264
2026-08-07,1092.5953213713362,1087.4035700254508
2026-08-10,1093.1213999023012,1086.7685527492804
2026-08-11,1093.2339507141758,1083.2769159370548
2026-08-12,1093.8177894902847,1086.1223792092585
2026-08-13,1094.1826887253528,1093.1996939780793
2026-08-14,1094.4229357090107,1091.345153331915
2026-08-17,1094.7878349440791,1085.6401959035225
2026-08-18,1094.8456694311835,1078.1689897330675
2026-08-19,1095.0676528925983,1080.4426089287028
2026-08-20,1095.2227443477473,1071.076343656868
2026-08-21,1094.6357874093042,1075.7314487464832
2026-08-24,1094.088475677682,1072.7163144430629
2026-08-25,1096.028566585271,1076.1393025887655
2026-08-26,1096.5546451162356,1075.9178883951452
