Date,^PUT,^SPX
1996-08-05,-6.456608387972462e-05,-0.0034113870382033173
1996-08-06,0.0013566653752616897,0.003256478011701258
1996-08-07,0.0005807387303804479,0.002687231269962176
1996-08-08,0.0005803032788118667,-0.0023638074448079083
1996-08-09,0.0002577302100614798,-0.0007395995256025412
1996-08-12,0.0008053345549672297,0.005543035916992123
1996-08-13,-6.433955884865838e-05,-0.008366263365449322
1996-08-14,0.0006437316909022606,0.0028021441256158575
1996-08-15,0.00022520532560532658,0.00034746848145572606
1996-08-16,9.648081562896316e-05,0.0044240993932611605
1996-08-19,0.0010933764703930926,0.0020594925992318824
1996-08-20,0.0006103515864337439,-0.001335195513845644
1996-08-21,0.0007384217584489594,-0.0009313571105374896
1996-08-22,0.0035929523700808375,0.00843518019123013
1996-08-23,-0.0018859364045427096,-0.00544218318537304
1996-08-26,-0.002145759576411166,-0.0047224626714077456
1996-08-27,0.0022466533063698613,0.0037958961148329973
1996-08-28,-0.0004163087079566141,-0.0023859945936628435
1996-08-29,-0.006054730635318029,-0.011146001371434178
1996-08-30,-0.006027187063521677,-0.008229440186756087
1996-09-03,0.0044424107529852375,0.004187150891332925
1996-09-04,0.000936137713719587,0.0013593821607147394
1996-09-05,-0.008514704837279896,-0.009411056951561969
1996-09-06,0.011775788276449317,0.009608262827847547
1996-09-09,0.00810207704582222,0.012323110633389645
1996-09-10,0.0009886702939323477,7.531004012495401e-05
1996-09-11,0.0026126532928376633,0.005227447237980076
1996-09-12,0.002415182990067155,0.005799656736715786
1996-09-13,0.0035505804860482826,0.013990841498484619
1996-09-16,0.0007581192703622897,0.005054813166711636
1996-09-17,0.00012628960373572973,-0.001520480214393105
1996-09-18,0.00034722847624113484,-0.0021525049536212926
1996-09-19,0.0004100784358054277,0.002245189608716558
1996-09-20,0.0007569722534299661,0.005900482133052609
1996-09-23,0.0004096964572413153,-0.0008006183204072315
1996-09-24,0.0003464651042155431,-0.0012673277326943344
1996-09-25,-0.00015741212165587548,0.0003209284330485396
1996-09-26,0.0007243250974031668,4.369634015999324e-05
1996-09-27,0.0005035679078082556,0.0004811726837725683
1996-09-30,0.0005976799152380696,0.0016613687817972345
1996-10-01,0.0014461047514033876,0.002546084059313225
1996-10-02,0.0022916685427800676,0.00715445601891318
1996-10-03,3.1351057577344577e-05,-0.001772280588813624
1996-10-04,0.003852236010626564,0.012529218956543575
1996-10-07,0.0009048064235066544,0.0026801311891240243
1996-10-08,-0.00043634591167562853,-0.003838843381490209
1996-10-09,-0.00012476546994277804,-0.005566374075878899
1996-10-10,0.00015590491285122354,-0.0030571015194578166
1996-10-11,0.001964590548838796,0.00870990616397016
1996-10-14,0.0006535478406326511,0.004110417311106174
1996-10-15,6.226527722708042e-05,-0.0013787001924818743
1996-10-16,0.0004043194605884981,0.002618907441438001
1996-10-17,0.00034191981524944737,0.003662664056737208
1996-10-18,0.002330785017232939,0.005417356883050228
1996-10-21,-0.0003720432754833469,-0.001364665777955243
1996-10-22,-0.0018299566737667305,-0.004620649960593859
1996-10-23,0.0009321601707208416,0.000990718824426473
1996-10-24,-0.0032596169405341158,-0.0070412167437929885
1996-10-25,-0.000934432689765119,-0.001950754189936843
1996-10-28,-0.0014028172985782739,-0.0052216704242549206
1996-10-29,0.0032466845765619645,0.0060809313240268725
1996-10-30,-0.0004044509931507845,-0.000855275247238052
1996-10-31,0.004015745675140625,0.0062348337351545435
1996-11-01,-0.0007441096445183204,-0.0021268449791711497
1996-11-04,0.003847555663000213,0.00420586392621769
1996-11-05,0.003801962871222031,0.010484958024240987
1996-11-06,0.004157062674412959,0.014633001922145006
1996-11-07,0.0001839851501710399,0.004223074352642353
1996-11-08,0.0013183488807742005,0.004356466438256268
1996-11-11,0.000765485785857889,0.0014367255718861216
1996-11-12,0.0002753528910139913,-0.0031562949349001057
1996-11-13,0.0003670361235608155,0.002151992062986885
1996-11-14,0.00024466317942328786,0.006496792592667999
1996-11-15,-0.0025677752739053927,0.0023645026673229097
1996-11-18,-3.067751191532242e-05,-0.0008133938747717506
1996-11-19,0.0036778601554519064,0.006973967432458927
1996-11-20,-0.00018320983443553818,0.0024119315609485437
1996-11-21,0.0003053435399102966,-0.001613028009061046
1996-11-22,0.003938716988867608,0.008051134929316639
1996-11-25,0.002280952542710768,0.011085503512132222
1996-11-26,-0.0005157874481596103,-0.001413427846729598
1996-11-27,0.0005464424171246485,-0.0012699374897512383
1996-11-29,0.0009709843647998095,0.0026755225579471187
1996-12-02,0.0011821640957365709,-0.0006076747784571346
1996-12-03,-0.004269116105488413,-0.010944232167228063
1996-12-04,0.0017636667937344086,-0.004249817697160263
1996-12-05,-0.0007892237243616318,-0.0009662739588185421
1996-12-06,-0.002521392155557578,-0.006421490724522472
1996-12-09,0.00779640696301942,0.013737201886247163
1996-12-10,-0.0007857178625486627,-0.0029609897958884357
1996-12-11,-0.0034476944166565993,-0.00910987740958602
1996-12-12,-0.010166228749778572,-0.015430714264526024
1996-12-13,0.0021153750971070195,-0.0009049405670887856
1996-12-16,-0.010157183367275002,-0.010512782753749006
1996-12-17,0.00979780808071573,0.00701822199737645
1996-12-18,0.006152275162057297,0.00757534043089958
1996-12-19,0.012776868433421962,0.01943848889383548
1996-12-20,0.000450540341327077,0.0041702227403424
1996-12-23,0.00015008194034149547,-0.0026039395619343875
1996-12-24,0.002701710823956205,0.005502659562949708
1996-12-26,0.0028441777087548914,0.006377878167971751
1996-12-27,0.00014923065583949402,0.0012833355742445374
1996-12-30,-0.0002686297559604256,-0.0038848326837912506
1996-12-31,-0.005971397138912038,-0.01739070873003956
1997-01-02,-0.0014117118644844107,-0.0050354787346769125
1997-01-03,0.008692819354860548,0.014952333598229561
1997-01-06,-0.00041751795404554315,-0.0005080075236680859
1997-01-07,0.0037887281513808713,0.007463326252226787
1997-01-08,-0.0026450743562108636,-0.00639911773190327
1997-01-09,0.0031884362939751387,0.008604912644800677
1997-01-10,0.003178302478997974,0.006160196813218333
1997-01-13,0.001539658889517348,1.317941491119079e-05
1997-01-14,0.0018921349547302846,0.01231053635332957
1997-01-15,0.00044260347015523394,-0.0021590057697855602
1997-01-16,0.00047193150683333407,0.003323758801349719
1997-01-17,0.001680356091180668,0.00834034804827044
1997-01-20,0.0015893356163958483,0.0006828778599343721
1997-01-21,0.0037906865921555344,0.007750686753548175
1997-01-22,0.0020199134340681546,0.004484374868411578
1997-01-23,-0.005024982259969724,-0.011027286068367892
1997-01-24,-0.0028481698324647198,-0.009053935451216688
1997-01-27,-0.0031213119538950895,-0.007138036469637732
1997-01-28,5.9044760345461356e-05,0.0
1997-01-29,0.005789199755469987,0.009777496376282002
1997-01-30,0.006196452300061273,0.015106773993729838
1997-02-05,-0.005669628985257247,-0.01391174053276889
1997-02-06,0.0034211920265050377,0.0024027278701690413
1997-02-07,0.0049830733093296775,0.012061748189521104
1997-02-10,-0.001188864406629686,-0.005230767637143363
1997-02-11,0.0021773210782241037,0.005296505377284211
1997-02-12,0.0024912832491192916,0.01669219750440676
1997-02-13,0.0009824495931312072,0.011273450144853703
1997-02-14,0.0004906986182826589,-0.004114245553614282
1997-02-18,0.0008078907904236488,0.009660100122782955
1997-02-19,0.00034603482625406023,-0.004655193491597043
1997-02-20,0.0003458271755956144,-0.011926303779583813
1997-02-21,-0.0010947994126487837,-0.0012829699518933646
1997-02-24,0.006316342967512378,0.010614028410042442
1997-02-25,0.0011750986151328746,0.0021597471697760717
1997-02-26,-0.003263525204782791,-0.00781995294754323
1997-02-27,-0.005830314268480019,-0.013168982037552124
1997-02-28,-0.002253354883866132,-0.005345441232657233
1997-03-03,0.004024711666008596,0.005677638644433269
1997-03-04,-0.0020763675176667107,-0.0054821206384260135
1997-03-05,0.009247432696897873,0.013957870733876554
1997-03-06,-0.0025483454236214786,-0.0042768522270195675
1997-03-07,0.005167181746607685,0.008026914901983817
1997-03-10,0.0057975119653921325,0.010783077663575114
1997-03-11,-0.00034072099404569567,-0.0028390554775159504
1997-03-12,-0.002471155834859351,-0.008726325406727353
1997-03-13,-0.008997988667506562,-0.018277686355827938
1997-03-14,0.005229455307307784,0.004572148237910856
1997-03-17,0.003287105549296676,0.0032023892951427158
1997-03-18,-0.00475787301348829,-0.007603333703308457
1997-03-19,-0.0038359041290416673,-0.004926112181919184
1997-03-20,-0.005115086149742543,-0.003970621224577586
1997-03-21,0.006730068881175111,0.0018526175514534948
1997-03-24,0.004647945938690334,0.008659659831548927
1997-03-25,0.0006282876924899039,-0.0023012141897224003
1997-03-26,0.0014270220704153402,0.0018122507033697666
1997-03-27,-0.011998379492967115,-0.02102466175482287
1997-03-31,-0.013846072993410119,-0.021657116943036847
1997-04-01,0.004153664983812311,0.0033284281850989306
1997-04-02,-0.011943272456119591,-0.012545454574671822
1997-04-03,0.0008254924298520816,0.00027998823740205125
1997-04-04,0.010339675827034212,0.01010237900609301
1997-04-07,0.006560149069706922,0.005581185291582802
1997-04-08,0.005561460038398192,0.005235314459228757
1997-04-09,-0.007374326958384136,-0.007205163116002056
1997-04-10,-0.0026697899530843117,-0.002971271105718598
1997-04-11,-0.027119058864815804,-0.027283278883747375
1997-04-14,0.009780137442735537,0.008242331530480262
1997-04-15,0.015461173201223755,0.014776855206843242
1997-04-16,0.012396453288406217,0.01167328139673085
1997-04-17,-0.003947089030632345,-0.0023050956715425786
1997-04-18,0.0038759583858591906,0.005999195566965154
1997-04-21,-0.003111815190061762,-0.007790316999071734
1997-04-22,0.00803514275686501,0.018727711937371216
1997-04-23,-0.0008602428665731576,-0.0012522052664797334
1997-04-24,-0.0005165375658469085,-0.0031798018795268224
1997-04-25,-0.002871253024879228,-0.0075339059801521335
1997-04-28,0.004780015169155494,0.009916807431556762
1997-04-29,0.007135869252460125,0.027284678664867057
1997-04-30,0.0008252242294795042,0.009180831401764067
1997-05-01,0.00019904277259130687,-0.003506623236605888
1997-05-02,0.002473052377996776,0.018083153890862125
1997-05-05,0.0009074103127537647,0.021304608962664284
1997-05-06,-2.8357882354335118e-05,-0.003047089966965011
1997-05-07,5.663091368313111e-05,-0.014666104311894523
1997-05-08,0.0005949799667599454,0.005688941757455046
1997-05-09,0.0003397370131379418,0.005510471652203863
1997-05-12,0.0006226684482695255,0.015616216918632686
1997-05-13,0.00016970514551006843,-0.00540788435278039
1997-05-14,0.00019798451077579493,0.0034928200010519994
1997-05-15,0.0001413402071730463,0.006985344013390904
1997-05-16,-0.006134833824057329,-0.014408234917636431
1997-05-19,0.0035272956763217067,0.004242265177764493
1997-05-20,0.006462764602378268,0.010068709321860547
1997-05-21,-0.000619599561114792,-0.0027445733815324447
1997-05-22,-0.000619983702744964,-0.004396262046508448
1997-05-23,0.006429232574525878,0.013606079646915514
1997-05-27,0.0010086165920506485,0.003163987796283907
1997-05-28,0.0,-0.002942180197187838
1997-05-29,-0.0011476017429880025,-0.0036944851945029944
1997-05-30,0.0024940163788906844,0.004975846035914611
1997-06-02,-2.7979778127185106e-05,-0.0022634553201776875
1997-06-03,-0.0004472624433308203,-0.00103975246708643
1997-06-04,-0.0015380832642254427,-0.006351416049153902
1997-06-05,0.0014284787479168504,0.003951872233525888
1997-06-06,0.007439737088262621,0.017286576498884765
1997-06-09,0.0015546850072616358,0.005710846404046954
1997-06-10,0.0012750622092980723,0.002734985641802856
1997-06-11,0.0008028584905095393,0.0049695328578449605
1997-06-12,0.0009680937636122877,0.015973428857302574
1997-06-13,0.0005250717103237879,0.011104065056265044
1997-06-16,0.0006076542690809372,0.0007052793321589146
1997-06-17,0.00022087694887895637,0.0005816741043660478
1997-06-18,0.0003035334613215035,-0.005992694096706996
1997-06-19,0.00013799677681958222,0.010044308258501555
1997-06-20,-0.00033101187265172083,0.0007906791616585362
1997-06-23,-0.014321593398320287,-0.022343403601977396
1997-06-24,0.015201546725127413,0.020168026947665618
1997-06-25,-0.004439830812292822,-0.008200053998346002
1997-06-26,-0.0028530242386602955,-0.005973067882568461
1997-06-27,0.003889064840805645,0.004096500030770445
1997-06-30,-0.0018539898740317362,-0.0024343211701195466
1997-07-01,0.005572216009156694,0.006654331010870429
1997-07-02,0.007691610682439176,0.014589856203004237
1997-07-03,0.006155614104912388,0.014258324608206419
1997-07-07,-0.00032627762126358206,-0.005147636425312241
1997-07-08,0.0021760324325534874,0.007180429407275923
1997-07-09,-0.003446924926511774,-0.012201384460034048
1997-07-10,0.0027507211334274473,0.006875786654704452
1997-07-11,0.0019827018156048926,0.003173590236085211
1997-07-14,0.001382357230524045,0.0018545318111165
1997-07-15,0.0011910306421503147,0.008035894557345324
1997-07-16,0.0004055313987738618,0.011698514707483954
1997-07-17,0.00018919876303269412,-0.00531720535251301
1997-07-18,-0.002674998633227399,-0.017507323681635767
1997-07-21,0.00013543156906559162,-0.002578373629451347
1997-07-22,0.011946373384868592,0.023046397321924816
1997-07-23,0.0011243533314042597,0.0027623901408988516
1997-07-24,0.0020856697052864526,0.003993326902840488
1997-07-25,0.00013338614490909784,-0.001605880873368104
1997-07-28,0.00016007459508693422,-0.0024925338734754776
1997-07-29,0.0017873221022262076,0.006236281428998902
1997-07-30,0.002982358980943456,0.010612444399477505
1997-07-31,0.0007699478099671975,0.002121223133561001
1997-08-01,-0.0012468529128074612,-0.007513263958775607
1997-08-04,0.0029749125703999457,0.003336331583144281
1997-08-05,0.0013770895266598249,0.002178267232251896
1997-08-06,0.001031457350771925,0.008347608857682376
1997-08-07,0.0,-0.009507252596196336
1997-08-08,-0.003276058016856598,-0.01855572952697193
1997-08-11,0.0028891678893947503,0.00370634579567497
1997-08-12,-0.0017707551963607182,-0.011173928178361825
1997-08-13,0.000291205355851476,-0.004867634747950378
1997-08-14,0.0034939316222055705,0.0029825816595587806
1997-08-15,-0.009653945213251136,-0.025909168189515053
1997-08-18,0.009961169863821784,0.012966100184763407
1997-08-19,0.007041093945689303,0.014816622292785242
1997-08-20,0.006441960579603112,0.014405854882377334
1997-08-21,-0.006921065848269681,-0.015223280102869885
1997-08-22,-0.0007074685507121314,-0.0016323547760134227
1997-08-25,0.0009963421313416987,-0.0036598360257582563
1997-08-26,-0.004452858223235601,-0.007759469898349636
1997-08-27,0.0026836970303252272,0.0007447730183729462
1997-08-28,-0.005746529536426737,-0.010977376778892212
1997-08-29,-0.0013987458081721194,-0.004647727916673339
1997-09-02,0.017231325465232095,0.03125178972316878
1997-09-03,-0.0004157019086687974,0.000301826534164773
1997-09-04,0.0016895161162386874,0.003244034459018552
1997-09-05,0.0011157338266107875,-0.001955168104854077
1997-09-08,0.0031879644533736595,0.002314218225404785
1997-09-09,0.002092746632579745,0.0025987788642964915
1997-09-10,-0.005723639423934834,-0.015627306502236094
1997-09-11,-0.0028265398145015386,-0.007007390657662538
1997-09-12,0.007931396196504181,0.012404196798060374
1997-09-15,0.00015479246039462602,-0.0044809058605470575
1997-09-16,0.006681102805096373,0.028126590960609654
1997-09-17,0.0005893939431853568,-0.0027917755250860266
1997-09-18,0.00040976146693205706,0.004549287409696401
1997-09-19,0.0024318596503947187,0.0033992038477876907
1997-09-22,0.004162529426328998,0.005176150550344483
1997-09-23,-0.0005340304522308825,-0.0036632720626634807
1997-09-24,-0.0032315195534265984,-0.007826218592073109
1997-09-25,-0.0028334747006513172,-0.006956216606050281
1997-09-26,0.004761501493262044,0.007793922410362697
1997-09-29,0.005172103314239118,0.008590652339162341
1997-09-30,-0.0030669965750105277,-0.006356596164940553
1997-10-01,0.0047036844092427366,0.008582408154102827
1997-10-02,0.0018979653635222693,0.005285740122121352
1997-10-03,0.002828913406652367,0.004758144243039553
1997-10-06,0.002896491197189377,0.007937549000534672
1997-10-07,0.002737446275403732,0.010722833224976469
1997-10-08,-0.0009767429097858882,-0.00943930375519686
1997-10-09,0.00027573543475756246,-0.0033065304870233403
1997-10-10,0.0,-0.0037501954078310584
1997-10-13,0.0017795483346316754,0.001158240232279173
1997-10-14,0.0010007352621175247,0.002251889025839615
1997-10-15,0.00019991644850136936,-0.0046997345674058
1997-10-16,0.0004248423980359739,-0.010841621816624514
1997-10-17,-0.001523706406496017,-0.011609554415565326
1997-10-20,0.007054603975362506,0.012127195107516586
1997-10-21,0.0068312798506506844,0.017444401168725365
1997-10-22,-0.0007155228014822379,-0.003898094117227524
1997-10-23,-0.008863751012964105,-0.01837911384986146
1997-10-24,-0.0033878518705026117,-0.009519388833087561
1997-10-27,-0.05803984501613868,-0.06865683637945197
1997-10-28,0.04476580826312504,0.051152220494071754
1997-10-29,0.0011175516611856562,-0.002918047960782877
1997-10-30,-0.013649291741494096,-0.016841443188383765
1997-10-31,0.010082857760282282,0.012106058040538326
1997-11-03,0.01970967658206857,0.026644940245445836
1997-11-04,0.0006992277934017022,0.00188502492002951
1997-11-05,0.0004991320783138686,0.0021259407067040215
1997-11-06,0.0003990151131731956,-0.005017162819545007
1997-11-07,-0.009274960968497115,-0.011215013595178402
1997-11-10,-0.0020132570526973925,-0.006878637228319162
1997-11-11,0.0035808287181677834,0.002876927686662034
1997-11-12,-0.013945470016928918,-0.019290314532759756
1997-11-13,0.01139056979367048,0.01181062178502823
1997-11-14,0.01322751343092543,0.012752823057501361
1997-11-17,0.013378105096272463,0.019227701934098285
1997-11-20,0.005575250547107613,0.015234073200185438
1997-11-21,0.0007051480183759562,0.004285852124576994
1997-11-24,-0.008918115785705671,-0.017049334420920825
1997-11-25,0.00419269689711399,0.004383813249581259
1997-11-26,0.002295151985080679,0.0008624211921310909
1997-11-28,0.001242411122107212,0.003951084136593508
1997-12-01,0.012822045420930461,0.020274225059881967
1997-12-02,-0.0007927034045193126,-0.0031700060460976287
1997-12-03,0.004255292611437422,0.0052383777517657215
1997-12-04,-0.0011011956663169453,-0.0037573265681042356
1997-12-05,0.004289838435150184,0.01098551300956463
1997-12-08,0.0009545983193302021,-0.0014433801338407104
1997-12-09,2.3791268938921917e-05,-0.006708231982926582
1997-12-10,-0.0019071849741703062,-0.006138731158340627
1997-12-11,-0.00838391471581279,-0.015312568620418188
1997-12-12,0.0010117148835586676,-0.0016231258393261117
1997-12-15,0.00830180626284105,0.010488886863040614
1997-12-16,0.0026251876577652045,0.004826667609382662
1997-12-17,0.0004284315859115484,-0.0025825379702751894
1997-12-18,-0.002212687848659578,-0.010605454426957928
1997-12-19,-0.0025991280982943232,-0.008918620961963386
1997-12-22,0.004494608607390038,0.007308965859044836
1997-12-23,-0.006426152378850913,-0.015277348367125576
1997-12-24,-0.0012456020320880112,-0.006846754594518112
1997-12-26,0.004101289022557797,0.00403131737580642
1997-12-29,0.009435118272109522,0.018035957987509788
1997-12-30,0.00560812844997205,0.01834588736290854
1997-12-31,0.0002823613827867,-0.000422349891171625
1998-01-02,0.0018349026935859936,0.0047504563815585765
1998-01-05,0.0012445083837171467,0.0020819959618292305
1998-01-06,-0.0012664365681323009,-0.010736170546369217
1998-01-07,0.000540109412106915,-0.002669222458800302
1998-01-08,-0.0005867305079881868,-0.00824690062970046
1998-01-09,-0.01143620880863272,-0.029663705573629295
1998-01-12,0.010071953398294697,0.012417962359120738
1998-01-13,0.0060440896871312155,0.013745565786676739
1998-01-14,0.001426003718924207,0.006112682596800756
1998-01-15,0.00028010717590132295,-0.007526590344156037
1998-01-16,-0.0007934384965162522,0.011338686607484494
1998-01-20,0.008127566993519464,0.01777409038568223
1998-01-21,-0.0026409918845794467,-0.00796032926802348
1998-01-22,-0.002764169042327458,-0.008003645976854545
1998-01-23,-0.0013276980212764133,-0.005659112078647555
1998-01-26,0.0010962127596574334,-0.000668359768260296
1998-01-27,0.006686536296130807,0.01261299667720528
1998-01-28,0.002592041303154158,0.00870983289435956
1998-01-29,0.0027239057654138144,0.0082151372753978
1998-01-30,-4.608653646476224e-05,-0.005286670579232267
1998-02-02,0.004903664863494583,0.021412238959341634
1998-02-03,0.0015120358811211432,0.004723980920715354
1998-02-04,0.0005489757351189173,0.0008946564752112529
1998-02-05,-0.0003886211991956934,-0.0033370208613054952
1998-02-06,0.0015552287324633873,0.008888578572471717
1998-02-09,0.000593751600672876,-0.0016988638572908998
1998-02-10,0.0009813375233451715,0.008182143391132879
1998-02-11,0.00041038001203030916,0.0009813446290189987
1998-02-12,0.00034184305780038393,0.004048984660220523
1998-02-13,6.83452482115321e-05,-0.003954525489719307
1998-02-17,0.0008656936627706724,0.0026173992881655117
1998-02-18,0.0003186931524663539,0.009112544683085755
1998-02-19,0.0002274860822750746,-0.0036818143163427353
1998-02-20,0.0022976700406696082,0.005766845092459727
1998-02-23,0.002405859341801486,0.0038000540116389647
1998-02-24,-0.001834025970310793,-0.007301477592359662
1998-02-25,0.004491450419146004,0.011974038502085005
1998-02-26,0.001987274441663134,0.005532667941485325
1998-02-27,0.0006535452318365831,0.0006388299912520878
1998-03-02,0.00022524404990043045,-0.001562901158687291
1998-03-03,0.0015762845657496527,0.004123383182888407
1998-03-04,-0.0007194570877741002,-0.0044581504054003185
1998-03-05,-0.0034422993117529943,-0.011724965141664767
1998-03-06,0.006321370338049581,0.01994096092405706
1998-03-09,0.0003141173139162845,-0.0032015866401055026
1998-03-10,0.0022875863517135553,0.011346410032615273
1998-03-11,0.0008727112413606797,0.003965206204486815
1998-03-12,0.0004470962588760674,0.0013571492713391198
1998-03-13,-8.933837229030406e-05,-0.001224445322959955
1998-03-16,0.0011844871266908363,0.009975607869863179
1998-03-17,0.00029013429627844367,0.0010932682454549703
1998-03-18,0.0004463462399177942,0.004692552722017185
1998-03-19,0.00024540132885664256,0.0038875107111771
1998-03-20,0.002140830976164354,0.008644304173224482
1998-03-23,-0.0010681627600527266,-0.0032843127836763575
1998-03-24,0.0030518938200374546,0.009219090991544387
1998-03-25,-0.0025317790629496573,-0.003364510126155351
1998-03-26,0.0003784715078223311,-0.0010254778685879762
1998-03-27,-0.0017137525808851306,-0.004869283415803949
1998-03-30,-0.00026752974720545275,-0.0016796592407891664
1998-03-31,0.0035904313873775795,0.007452473112662394
1998-04-01,0.003333185273142192,0.005808962481563373
1998-04-02,0.003875797401180048,0.010702508767107988
1998-04-03,0.001169278337730173,0.002401711933639694
1998-04-06,0.0007712783449331795,-0.001175689272707947
1998-04-07,-0.0018055869982146477,-0.010549462272536059
1998-04-08,-0.0006617426639632384,-0.007120025295304422
1998-04-09,0.004193969277098475,0.00818773597000333
1998-04-13,0.0012529561325822502,-0.0008824425799591751
1998-04-14,0.0018660946290134373,0.0054610376895642965
1998-04-15,0.0009422431686869626,0.0031995933578869984
1998-04-16,0.00019702337696725358,-0.009961318370780292
1998-04-17,0.00459650694061664,0.013129687846471505
1998-04-20,0.0022659619194191905,0.0008283933083998996
1998-04-21,0.001913012465230679,0.002687686971594827
1998-04-22,0.0021479967083473106,0.0034348966123531888
1998-04-23,-0.0035723432039518332,-0.009694555370989955
1998-04-24,-0.004954041946135912,-0.010432422961361487
1998-04-27,-0.01244679998928433,-0.019279704739477044
1998-04-28,0.003294616328081812,-0.001316153716867552
1998-04-29,0.005421655630101219,0.00876409755140517
1998-04-30,0.009907910768798045,0.01564927094263302
1998-05-01,0.005404562918426947,0.008320215875871284
1998-05-04,0.0008851356181274195,0.0009544569929191837
1998-05-05,-0.002458876111612107,-0.005855202085031097
1998-05-06,-0.004756988744960666,-0.00948449668730389
1998-05-07,-0.004779725847018912,-0.00885134571543622
1998-05-08,0.010478559315513003,0.011870628254025739
1998-05-11,0.0013610544334745622,-0.0013536195608602197
1998-05-12,0.0041207387583175326,0.008268293476600297
1998-05-13,0.0025997838944800122,0.0027513655630426737
1998-05-14,0.0017143942408281987,-0.0013317039253190055
1998-05-15,-0.0040861812293551125,-0.007732456291285494
1998-05-18,-0.00015031966036282984,-0.0026246554444727677
1998-05-19,0.0027929697258026742,0.003345999730430149
1998-05-20,0.004413492359065296,0.008598347839212872
1998-05-21,-0.0008318596721279548,-0.003949782597787332
1998-05-22,-0.0004910357792891062,-0.0037411575849695122
1998-05-26,-0.009056131511278154,-0.01481350383699187
1998-05-27,0.0007328296776483167,-0.001636203205190867
1998-05-28,0.003833808065082822,0.004916542498570653
1998-05-29,-0.003068192875124165,-0.006177140531782199
1998-06-01,0.0006456348646504129,0.00014670998658572465
1998-06-02,0.002000242334275093,0.0020531909608576537
1998-06-03,-0.007813304503424323,-0.009595498175566819
1998-06-04,0.010946925639459204,0.011175432290790654
1998-06-05,0.011063756587167184,0.01738172141859473
1998-06-08,0.0015028192555934794,0.0016698556156278244
1998-06-09,0.0015638992611015645,0.0024110561316450507
1998-06-10,-0.002342250344080199,-0.005480999539948406
1998-06-11,-0.010469504689625042,-0.015913324680814966
1998-06-12,0.004659597408018135,0.0038919128219556676
1998-06-15,-0.016807424881393196,-0.019866365197584446
1998-06-16,0.009672605486494179,0.009823451925938809
1998-06-17,0.016930976839146794,0.017947958462936953
1998-06-18,0.0014962938990055186,-0.000668398121384528
1998-06-19,-0.0018728228506608158,-0.005170034191427142
1998-06-22,0.0031624219447583535,0.0023258406093256134
1998-06-23,0.006220821759311157,0.014756963654534383
1998-06-24,0.0033209330839727436,0.011960816769459592
1998-06-25,-0.0002706348942147496,-0.0031777201207729977
1998-06-26,0.001520096204341126,0.0034711690398356865
1998-06-29,0.0019128291273871056,0.004668230930498618
1998-06-30,-0.0003735773472930415,-0.004084378829808832
1998-07-01,0.003072410812691606,0.012982513597311618
1998-07-02,0.0003932251090590366,-0.001863215277621344
1998-07-06,0.0015101585944312657,0.009516505025356503
1998-07-07,8.264350278341936e-05,-0.0023069668775373975
1998-07-08,0.0009294892341307204,0.010150148404028947
1998-07-09,6.190420742679947e-05,-0.0067044584580718825
1998-07-10,0.00039205670200348486,0.004980231640249189
1998-07-13,0.0006187611658694525,0.0007386096587918001
1998-07-14,0.0003298228556229965,0.01063347202730247
1998-07-15,0.0002472698596467371,-0.002352194809953856
1998-07-16,0.00014422605088393325,0.00781397092531999
1998-07-17,-0.00037075962537058693,0.002331109036723067
1998-07-20,-0.0001236323796849348,-0.0022330098285759936
1998-07-21,-0.009150304682064125,-0.016071302836957013
1998-07-22,0.0001455454676615453,-0.0008497260078919044
1998-07-23,-0.014245260147669359,-0.020900588424481503
1998-07-24,0.0005907022500122316,0.0009212975021934966
1998-07-27,0.004701723478407915,0.005671432701787937
1998-07-28,-0.010471733294344254,-0.014843959143840513
1998-07-29,-0.004177891599268513,-0.004450408179091148
1998-07-30,0.01341678981541139,0.015765937780709338
1998-07-31,-0.017904403135256985,-0.01949333582255175
1998-08-03,-0.0037231785167323173,-0.00734391231703535
1998-08-04,-0.035760295700646205,-0.03624460502388427
1998-08-05,0.007751376264904186,0.00868378412505244
1998-08-06,0.008841146839852598,0.007582507203065747
1998-08-07,-0.00019717446122025084,-0.00016524298168241192
1998-08-10,-0.004470369814815411,-0.005791855345580688
1998-08-11,-0.014615858043749985,-0.013073133656024583
1998-08-12,0.014899662367850786,0.014256572164889514
1998-08-13,-0.008033794828340768,-0.008586759859625093
1998-08-14,-0.012292487169114685,-0.011312606444284778
1998-08-17,0.02012847904081272,0.019684821402317088
1998-08-18,0.016428080499469422,0.01617642503315997
1998-08-19,-0.0022315598941524684,-0.002851337375000429
1998-08-20,-0.0065576379859657585,-0.00588317820801687
1998-08-21,-0.00465564651558914,-0.00949064271094513
1998-08-24,0.004523689087147842,0.006381584547725527
1998-08-25,0.002841876062501303,0.00432845118651537
1998-08-26,-0.0017874543839565549,-0.0079242662516823
1998-08-27,-0.021881593373143327,-0.03836963801008908
1998-08-28,-0.0067202038157261335,-0.01481881821078046
1998-08-31,-0.05740746634896754,-0.06801408216529636
1998-09-01,0.03803501003292209,0.03863026422468252
1998-09-02,-0.004525617449913755,-0.0038018518895938103
1998-09-03,-0.007338501313827073,-0.008298977127467855
1998-09-04,-0.0068813007022625605,-0.00852116041982065
1998-09-08,0.04564713567395495,0.05089897891818196
1998-09-09,-0.012424696685923164,-0.016864371245647103
1998-09-10,-0.025275477272104663,-0.02584974105553206
1998-09-11,0.029698411175314687,0.029453468251338544
1998-09-14,0.020033415217157513,0.020474474455946856
1998-09-15,0.009875321406591198,0.007730337600791781
1998-09-16,0.006665369925521691,0.007516697203457268
1998-09-17,-0.025199850153927228,-0.02545241023135769
1998-09-18,0.0009160864785635603,0.00119743612445955
1998-09-21,0.0032591277342226554,0.003725149440665154
1998-09-22,0.005629350111313158,0.005606061346682623
1998-09-23,0.012567535403017915,0.035410740522902495
1998-09-24,-0.005397257979288805,-0.021921222285593123
1998-09-25,0.001010592617062045,0.0019468595154135127
1998-09-28,0.0020630828332914852,0.0037711810540799195
1998-09-29,0.0017740927910285809,0.00031475282823567596
1998-09-30,-0.012506015041406693,-0.03051420294145435
1998-10-01,-0.01534338356195386,-0.03010786012248201
1998-10-02,0.012434507774801151,0.016433622296224693
1998-10-05,-0.007129262877081155,-0.01400356908959477
1998-10-06,2.2390707747010907e-05,-0.004015912754844919
1998-10-07,-0.009260466499950604,-0.014127742309266167
1998-10-08,-0.008173091133883204,-0.011579501297220296
1998-10-09,0.024106594923147595,0.026004765429357812
1998-10-12,0.01289201272337892,0.013531229620381557
1998-10-13,0.0013385971785522255,-0.0029167133892609165
1998-10-14,0.006837663200160327,0.010786129509019693
1998-10-15,0.011470960906453387,0.041729197254149586
1998-10-16,-0.004088734180856313,0.008525192406792836
1998-10-19,0.0075411961579465725,0.005651133502569294
1998-10-20,0.0014798027863358598,0.0014495985855154103
1998-10-21,0.0025269132336052103,0.00563006018439105
1998-10-22,0.005190628446998469,0.008000538518628808
1998-10-23,-0.003251304396605259,-0.0072416147400742314
1998-10-26,0.00441319129749651,0.0015409998188333773
1998-10-27,-0.002334874585915192,-0.006509233081885113
1998-10-28,0.0017659187039800184,0.0025813356188908454
1998-10-29,0.009217364939221095,0.016702795140410842
1998-10-30,0.003493347194976071,0.011731870013946821
1998-11-02,0.004110289252366339,0.011768712282528293
1998-11-03,-0.00010440006103384913,-0.0006837079725774409
1998-11-04,0.001190527184840695,0.007048790434198926
1998-11-05,0.002524402825930583,0.013569623789235097
1998-11-06,0.0008948113957947257,0.006314798548183065
1998-11-09,-0.000374228486858752,-0.009474113724883493
1998-11-10,0.0006239476437470692,-0.0017164585826061618
1998-11-11,0.0001247117151685906,-0.00646131122205984
1998-11-12,0.00031174041024017995,-0.002926063483054464
1998-11-13,0.0012259024941478902,0.007184487396184158
1998-11-16,0.0013903232891119277,0.009016473615301335
1998-11-17,0.0005388133432950859,0.003037276437185099
1998-11-18,0.0003106621395323472,0.004529047522159546
1998-11-19,0.00022772708715756984,0.00710366718645683
1998-11-20,0.001635357636170065,0.00949155708834648
1998-11-23,0.008080690477950458,0.02119368404840971
1998-11-24,-0.0015170573541901655,-0.004393138312867251
1998-11-25,0.002053219412071705,0.003279829005183643
1998-11-27,0.0020899700758405526,0.004600302442527404
1998-11-30,-0.008567460970684393,-0.02407047732562262
1998-12-01,0.0051766654792040345,0.010011794440824673
1998-12-02,-0.00106696935869377,-0.00342899495985316
1998-12-03,-0.009735838592182189,-0.018023466682230538
1998-12-04,0.013171007566222581,0.02312759772475892
1998-12-07,0.004769968609009689,0.009313834006199784
1998-12-08,-0.0009983501356192193,-0.005321164055641092
1998-12-09,0.0012441432403542674,0.0017860344197815348
1998-12-10,-0.004379581918142694,-0.015606359880971366
1998-12-11,0.00040921540095961717,0.0012359799678201
1998-12-14,-0.011452657810367417,-0.021655273744092485
1998-12-15,0.015102340617516141,0.018953738002355447
1998-12-16,0.0012024299870476707,-0.0007653867565101669
1998-12-17,0.005577474616104361,0.015525793046297087
1998-12-18,0.0054453490716726005,0.0068221910213486225
1998-12-21,0.006120535001669314,0.012465961430455197
1998-12-22,0.0018609902454040927,0.0006068807900410089
1998-12-23,0.005293000992891095,0.0207466901698794
1998-12-24,-0.0003179028091743197,-0.0018477375250889327
1998-12-28,0.0004372477856939838,-0.0006360991335114807
1998-12-29,0.002224993797905528,0.013317178018119824
1998-12-30,-0.0008523314319506259,-0.007956132110896852
1998-12-31,-0.0002975715137302215,-0.002191742326647539
1999-01-04,0.0011311688993596025,-0.0009192786547409515
1999-01-05,0.0022597211109129933,0.013581999871776995
1999-01-06,0.001404199719027277,0.022140407039631604
1999-01-07,3.953850607496534e-05,-0.002051327020824778
1999-01-08,0.00031599419409644725,0.004221358425815724
1999-01-11,3.946420265443784e-05,-0.008791505884283457
1999-01-12,0.00011844818419115555,-0.01928188991283797
1999-01-13,5.921707794032116e-05,-0.004122584982213073
1999-01-14,0.0002960678574277509,-0.01799261387600426
1999-01-15,0.004143903840089003,0.025631353056214
1999-01-19,0.005757841303074773,0.007029897339031033
1999-01-20,0.0019930042117597413,0.0036900919466353876
1999-01-21,-0.007175992791277119,-0.017077526237753937
1999-01-22,-0.0029854646806725116,-0.008071903638024458
1999-01-25,0.006028126527772626,0.007174429666318538
1999-01-26,0.0074606360406459515,0.014854437199246062
1999-01-27,-0.0027988930178218796,-0.007298523704825199
1999-01-28,0.0070169315013148825,0.017857533874787945
1999-01-29,0.0038129693410140497,0.011277349381062507
1999-02-01,0.00040496312258220257,-0.005188970782741387
1999-02-02,-0.0014648531129481945,-0.008648868629713258
1999-02-03,0.0025479323364741013,0.00798735024262398
1999-02-04,-0.005390915716514066,-0.018536681983153502
1999-02-05,-0.001432569796277372,-0.007280767880730954
1999-02-08,0.0032761510543577455,0.003525895619740149
1999-02-09,-0.007786776737672252,-0.02221472173225858
1999-02-10,0.005179983045988434,0.006093076529374519
1999-02-11,0.010849210156547384,0.024919283247609947
1999-02-12,-0.004753131477608252,-0.019066404129777448
1999-02-16,0.005603871252709336,0.009543698786124155
1999-02-17,-0.0030640302253753804,-0.014365405308491286
1999-02-18,0.00697273348644889,0.010824897823471957
1999-02-19,0.00171685032828095,0.0015679081212944812
1999-02-22,0.01296821262405956,0.026565133490088932
1999-02-23,-0.000695557986783002,-0.0007546032091171329
1999-02-24,-0.004420935321244324,-0.013979152268299266
1999-02-25,-0.0014738073105640126,-0.00669375098303604
1999-02-26,-0.0019491887293093813,-0.005373458556177546
1999-03-01,0.001099746154562764,-0.0017522970064565158
1999-03-02,-0.002784088203021562,-0.008623506572724149
1999-03-03,0.001500376050367569,0.0017951457950835525
1999-03-04,0.008230503642189246,0.01542727395116672
1999-03-05,0.008708745735345857,0.023126127603739555
1999-03-08,0.002013791295013334,0.005692027199686089
1999-03-09,0.00031644325954283126,-0.0022530187119984557
1999-03-10,0.001246410197831338,0.00546943382527787
1999-03-11,0.0015050121520290283,0.008423804185872408
1999-03-12,7.416935978810102e-05,-0.002381240184580413
1999-03-15,0.0010945679785365758,0.009786916537147805
1999-03-16,0.00035209109081724144,-0.0006731674465971782
1999-03-17,0.00016665583139952034,-0.006552502764704982
1999-03-18,0.0002222461123604358,0.014431973088885552
1999-03-19,-0.0072401549952164634,-0.013110029338412432
1999-03-22,0.00048497521731105664,-0.0017548270427133472
1999-03-23,-0.018400780864007205,-0.026884908254091733
1999-03-24,0.003513590209892614,0.005110329358879895
1999-03-25,0.01417565399926568,0.01686914211104029
1999-03-26,-0.0019407644828367543,-0.005573641238056148
1999-03-29,0.012976332871554419,0.02133613507591514
1999-03-30,-0.0021042798063495294,-0.0071899399538596365
1999-03-31,-0.007953808279023589,-0.011055164238179871
1999-04-01,0.006302216655455162,0.005713733695466017
1999-04-05,0.013655725311268574,0.02117925442487434
1999-04-06,-0.0014989074766308397,-0.0024448804655806677
1999-04-07,0.0037894870923913526,0.006829097952002261
1999-04-08,0.004139953860752943,0.012879715448639084
1999-04-09,0.001089695702197968,0.0032515328953510725
1999-04-12,0.0019956377674945625,0.007624155065829807
1999-04-13,-0.00036204019596586257,-0.0064845164335303185
1999-04-14,-0.0026264053623465955,-0.015839153171199327
1999-04-15,0.003850056408524871,-0.004207917607773171
1999-04-16,0.0010854178582706542,-0.0029103644834950204
1999-04-19,-0.010662070867227369,-0.02238060616470816
1999-04-20,0.0067949632006385485,0.012943251333374928
1999-04-21,0.009633872109209962,0.022929595813888426
1999-04-22,0.005516734133754531,0.016989455479172078
1999-04-23,-0.0004646682514107825,-0.001449765812243875
1999-04-26,0.002324312214092128,0.0023510804687045805
1999-04-27,0.0008027331905622326,0.0020293591999891447
1999-04-28,-0.0021031863496210335,-0.008724694909324149
1999-04-29,-0.0009465916486698367,-0.005981211124770791
1999-04-30,-0.001966668874527011,-0.005696851123448199
1999-05-03,0.006377181178115032,0.014567287099456427
1999-05-04,-0.003844736901858492,-0.016705672250903802
1999-05-05,0.0036272750492902794,0.011494037983295735
1999-05-06,-0.0034718113240229664,-0.011326279105755788
1999-05-07,0.004127168431828698,0.009721820274897208
1999-05-10,8.894149843086119e-05,-0.003494387488382933
1999-05-11,0.003131244150499146,0.011422768011404294
1999-05-12,0.0009931851800533131,0.006189106556530488
1999-05-13,0.0012756390361117198,0.0026100136317814826
1999-05-14,-0.0026720161712060486,-0.02176139144940148
1999-05-17,0.0023598181799673323,0.0012632242073322697
1999-05-18,0.0007611298083389784,-0.004606263570684055
1999-05-19,0.0021402302617872238,0.008182607790465202
1999-05-20,0.0005294711848637945,-0.004017187901269259
1999-05-21,-0.0016228882695314972,-0.006378642002717982
1999-05-24,-0.009930021377833387,-0.01777057179582986
1999-05-25,-0.010690029236616216,-0.01702827810375429
1999-05-26,0.011256519426984024,0.015851747870256006
1999-05-27,-0.011166823285707395,-0.017895992681544404
1999-05-28,0.013223090629601364,0.015943321103852215
1999-06-01,-0.0022077240566614753,-0.005822494510614673
1999-06-02,0.0013026685810082483,0.00042499097860915214
1999-06-03,0.0027621629253018476,0.0036530303710238243
1999-06-04,0.015247941893925088,0.021707650468277162
1999-06-07,0.004060961647684103,0.005098866150442527
1999-06-08,-0.0055264697438630606,-0.012881083254637549
1999-06-09,0.0007012681997768944,0.000994480227014316
1999-06-10,-0.007235087082259173,-0.011997260953432232
1999-06-11,-0.006034908834459007,-0.007046201331790347
1999-06-14,0.0018462895420630066,0.00027827320389461896
1999-06-15,0.005829986505251794,0.005533256707640932
1999-06-16,0.01705395064497628,0.022479940385227604
1999-06-17,0.005231373566486841,0.007133131884581978
1999-06-18,0.002515934550151977,0.002194149826615366
1999-06-21,0.0028705207454688964,0.004587318173781441
1999-06-22,-0.0023652901361542744,-0.009725719138018896
1999-06-23,-0.000343628161822096,-0.0021109278368979245
1999-06-24,-0.0062214195997689625,-0.012962678752151513
1999-06-25,0.0023001126042918596,-0.0003571802981202632
1999-06-28,0.005745668422729278,0.012194780148899964
1999-06-29,0.004734857805578363,0.015097439407013358
1999-06-30,0.004507760081780443,0.0157312594130401
1999-07-01,0.0020738258772674545,0.006010009568492958
1999-07-02,0.001357015481178836,0.00742962146321724
1999-07-06,0.0005928574020790389,-0.0022282425865197686
1999-07-07,0.0007449209442444982,0.005575879795407523
1999-07-08,0.0002707350301185407,-0.0010315801164594296
1999-07-09,0.0007441649785575599,0.006353885538316284
1999-07-12,0.000506984471834171,-0.002978773746984742
1999-07-13,0.00015196672155615154,-0.003959629110755536
1999-07-14,0.00033780141070494096,0.0033080636339524183
1999-07-15,0.0002869878670597181,0.008189240801902642
1999-07-16,0.002784992481735804,0.006498229460008442
1999-07-19,-0.0026088800338440743,-0.00784477131971495
1999-07-20,-0.013230549569781314,-0.021702872374716575
1999-07-21,0.001231391860058162,0.0015903445758400636
1999-07-22,-0.008882077203189787,-0.013282245097504752
1999-07-23,-0.0017233950883239757,-0.0029611449066675455
1999-07-26,-0.005006516036361708,-0.006765171663464686
1999-07-27,0.010601278121868729,0.011188903028299446
1999-07-28,0.0020601434031661814,0.001878473377620038
1999-07-29,-0.013895051442141981,-0.01784824570194765
1999-07-30,-0.00894789937995577,-0.009179554763739661
1999-08-02,0.00040319154787238354,-0.0005041859005442406
1999-08-03,-0.0043110631260293575,-0.004420010467502511
1999-08-04,-0.012654667894595906,-0.01274417777590664
1999-08-05,0.006274768536853603,0.006419836489572894
1999-08-06,-0.009495102482838802,-0.010215285164940968
1999-08-09,-0.0007512321320387594,-0.0019149498647011987
1999-08-10,-0.012403338056916291,-0.012613649638840041
1999-08-11,0.015748750045213145,0.015997751840323593
1999-08-12,-0.002747605768284145,-0.002895715880053773
1999-08-13,0.02356242683048415,0.022739892427749764
1999-08-16,0.0029364854989357703,0.002327342202419924
1999-08-17,0.00979451599435155,0.010061854754703559
1999-08-18,-0.009078112173185993,-0.008421667116656484
1999-08-19,-0.005869537531809188,-0.006940068003068123
1999-08-20,0.004362434049142161,0.009836898032980157
1999-08-23,0.008285798730385263,0.017664079731794402
1999-08-24,0.0007092715315704101,0.002411396220847628
1999-08-25,0.0046159136696992675,0.013414036716171696
1999-08-26,-0.002856605083931485,-0.014314786427535031
1999-08-27,-0.0023816182469246217,-0.010088024416751051
1999-08-30,-0.008009557662469469,-0.017986011443339
1999-08-31,0.0003313437452401313,-0.0027265338124121685
1999-09-01,0.005474032765883541,0.00807318320327477
1999-09-02,-0.005080089857429471,-0.008985223481939197
1999-09-03,0.014359636109947393,0.0289058572114822
1999-09-07,-0.0008933968847502083,-0.005002828616424315
1999-09-08,-0.0012896569783215073,-0.004665057562737274
1999-09-09,0.0023072088216820053,0.0026113229192217258
1999-09-10,0.0028858910803370996,0.0029681076076688573
1999-09-13,-0.00017134839477706,-0.00557094913399947
1999-09-14,-0.0012848626698459542,-0.005832743701749354
1999-09-15,-0.005729224468087324,-0.01370964971962807
1999-09-16,0.003260726036464545,0.00038696615018696257
1999-09-17,0.007188046043798524,0.012848176481633056
1999-09-20,0.0013145953219164674,8.236011737361437e-05
1999-09-21,-0.010605778665304544,-0.02092807546746256
1999-09-22,0.002378293636902118,0.002240821830718609
1999-09-23,-0.015800427014176943,-0.022968138634302138
1999-09-24,5.235179510676424e-05,-0.00238208757093894
1999-09-27,0.005432680395268452,0.004658102109367235
1999-09-28,-0.00034749678774903536,-0.0008650344586961234
1999-09-29,-0.008116345494326604,-0.010786114944122072
1999-09-30,0.010425524246637563,0.011305822335372806
1999-10-01,0.0008324515767732521,7.803607931511358e-05
1999-10-04,0.012891156829488493,0.016986082114194057
1999-10-05,0.00027365482885932657,-0.002491185084179004
1999-10-06,0.010859590120642304,0.018480846259129047
1999-10-07,-0.002537684501259241,-0.005854843536052923
1999-10-08,0.008938344028986744,0.01394918542126744
1999-10-11,0.0019164419804833521,-0.0006063221972034682
1999-10-12,-0.00812085042863886,-0.01660407166183342
1999-10-13,-0.01916563463256915,-0.020936140114967583
1999-10-14,-0.00015526422022882347,-0.001656882114200231
1999-10-15,-0.017628541889948446,-0.028057852092544855
1999-10-18,0.005583636337136211,0.005387138566304905
1999-10-19,0.0035270795408390843,0.005733011233489904
1999-10-20,0.01059651163334041,0.022286262501895582
1999-10-21,-0.0005682014621493092,-0.004513675125397465
1999-10-22,0.005805532026214255,0.014054143601538893
1999-10-25,-0.0017127687622088272,-0.0061614254068487195
1999-10-26,-0.0022989892364075892,-0.009059754844034207
1999-10-27,0.0035769239650442763,0.011545214845972485
1999-10-28,0.007196749393586055,0.03526615962422919
1999-10-29,0.0007485708464831653,0.01526333631225496
1999-11-01,0.0007820444178816555,-0.00646405776273129
1999-11-02,-0.000764429844510639,-0.004711550605425052
1999-11-03,0.0010369668191370085,0.005334904008682084
1999-11-04,0.0005264457356650709,0.005690301810328702
1999-11-05,0.0009336154070163083,0.005570044721070921
1999-11-08,0.000983459722708302,0.004948095862386204
1999-11-09,-6.772608181038198e-05,-0.008518442411864946
1999-11-10,0.0005421555683502444,0.00599139477989552
1999-11-11,0.000321727211084033,0.005824705653988849
1999-11-12,0.0003892959322708833,0.010568599937085255
1999-11-15,0.000439956293543764,-0.00119625508589849
1999-11-16,0.00018602173625792418,0.018416606093596855
1999-11-17,0.00021984051344836608,-0.006591214310268323
1999-11-18,0.0001522035147765166,0.010087105686340525
1999-11-19,0.0008789318115436373,-0.0020632037328875974
1999-11-22,0.0005235561077112649,-0.0007454701784458395
1999-11-23,-0.00497957716041908,-0.0114712285036348
1999-11-24,0.004478596537296209,0.008856319965627302
1999-11-26,-0.0025839694727308737,-0.00032458361684872816
1999-11-29,-0.000558811124423686,-0.0062049378752223605
1999-11-30,-0.006353347895846406,-0.01343906754763291
1999-12-01,0.005047011921675448,0.00634305772629884
1999-12-02,0.004393868464969808,0.008098953006788978
1999-12-03,0.009323727680759841,0.01721740269479244
1999-12-06,-0.0010877977386676285,-0.006956040210554071
1999-12-07,-0.001809244447698366,-0.00994843960751357
1999-12-08,-0.003625252366836973,-0.0037540104441117217
1999-12-09,0.002307671192118832,0.0030130641180425854
1999-12-10,0.005461817894613308,0.0063418722996329
1999-12-13,0.0011032011297660294,-0.001284415619320911
1999-12-14,-0.004574655945457917,-0.008514525661919348
1999-12-15,0.005333678667895914,0.007240684871527181
1999-12-16,0.00405410937185291,0.003856193112471429
1999-12-17,-0.00016622348854522517,0.0015858695171477866
1999-12-20,-0.003174189386301096,-0.002068966465133215
1999-12-21,0.006118575757480205,0.010817429260739031
1999-12-22,0.0015245641530607923,0.0018835597627420153
1999-12-23,0.006154815606983721,0.01546514651318942
1999-12-27,-0.0003617225299138438,-0.0008502751508133732
1999-12-28,0.0012995196506286888,0.0003843652481874127
1999-12-29,0.0007721018929833789,0.003978929669342657
1999-12-30,-0.0006565818447354932,0.0006901519635549302
1999-12-31,0.001708354705730608,0.0032639995305467906
2000-01-03,-0.0003279964103560795,-0.009549109611621587
2000-01-04,-0.01773293633780637,-0.03834466807849768
2000-01-05,0.0022378912550997665,0.0019221829913671495
2000-01-06,0.0011330756173639767,0.0009556781096431433
2000-01-07,0.015479082955941914,0.027090399268961063
2000-01-10,0.005130230545249859,0.011189969413615053
2000-01-11,-0.003212397649364096,-0.013062511876438365
2000-01-12,-0.0008343444784288945,-0.004386371327394056
2000-01-13,0.005288460961924368,0.012169700618563484
2000-01-14,0.0037297661182160713,0.010671299962722536
2000-01-18,0.00016222428309342618,-0.00683207152771137
2000-01-19,0.0011194432589314296,0.0005222932212531894
2000-01-20,0.0009075105773201919,-0.007095321074094607
2000-01-21,-0.00019428317316005916,-0.0029123190810015354
2000-01-24,-0.014590872412003075,-0.027633593591799732
2000-01-25,0.005225953452393073,0.006064800483985611
2000-01-26,-0.0012097669422501678,-0.00421272125638672
2000-01-27,-0.001653206143956587,-0.00393842799334565
2000-01-28,-0.020592523255812845,-0.027456829027902918
2000-01-31,0.018095983472476096,0.025217566974388372
2000-02-01,0.008500744799923687,0.01062781920924527
2000-02-02,0.0006032365401726913,-0.00011355740261742575
2000-02-03,0.008065587634960236,0.011248137590027962
2000-02-04,0.0012122779845760157,-0.000421044371651913
2000-02-07,0.000339062313859273,-9.127184878798822e-05
2000-02-08,0.006374791691661663,0.012273198750635705
2000-02-09,-0.009413379127480526,-0.02081542211764542
2000-02-10,0.0020721183341516625,0.0036268038470079755
2000-02-11,-0.013021208235599935,-0.02096932014356223
2000-02-14,0.003961146021915107,0.0020329505010301396
2000-02-15,0.008885648363847753,0.008712683952101452
2000-02-16,-0.01021332813331155,-0.01025641338184169
2000-02-17,-0.0009306546212048961,0.0004251484874857603
2000-02-18,-0.012501779207150343,-0.030376185763956398
2000-02-22,0.0034752847317365276,0.0045168438064202565
2000-02-23,0.006184445033631025,0.006300906826835595
2000-02-24,-0.0048843332190880995,-0.005335445992795007
2000-02-25,-0.006703683381624859,-0.01482903996726348
2000-02-28,0.00747854240686352,0.0110173273819143
2000-02-29,0.009184154949350765,0.013627086867551208
2000-03-01,0.006018106979498894,0.009345513861218402
2000-03-02,0.002480332331087798,0.001863462226787016
2000-03-03,0.008004935954392778,0.019837044049593633
2000-03-06,-0.0034653695602682166,-0.012695426449990443
2000-03-07,-0.012798556757657065,-0.02563109757114057
2000-03-08,0.005919676379611438,0.008173349533495022
2000-03-09,0.01081314866053451,0.025601808359159595
2000-03-10,0.00033674028357455477,-0.004722866963392747
2000-03-13,-0.0016352827294338068,-0.008207438775620024
2000-03-14,-0.007997497039152979,-0.017685470569578254
2000-03-15,0.011607272365099508,0.02427251564712085
2000-03-16,0.0044007744331571175,0.047646038011081915
2000-03-17,-0.00168886229981291,0.0041139002657062385
2000-03-20,-0.0014523830235030344,-0.005353449355160467
2000-03-21,0.00939793348477913,0.025565854135601862
2000-03-22,0.0010292525162325372,0.004531866597078826
2000-03-23,0.003432430984271484,0.017799046191472767
2000-03-24,-0.00014181916074995637,7.20105760438905e-05
2000-03-27,-0.0001892794141363785,-0.0023568379388013705
2000-03-28,-0.0012299235125976526,-0.01058496517912777
2000-03-29,0.0011525158090284204,0.0005239924076154701
2000-03-30,-0.004462878869694098,-0.013655752206946925
2000-03-31,0.0042769469119467995,0.007164304394414511
2000-04-03,0.0024764304435258566,0.004931344916619063
2000-04-04,-0.002706271318008824,-0.007463621754109195
2000-04-05,-0.003076553893715084,-0.004923956465537893
2000-04-06,0.0041938728771042655,0.009392397822321596
2000-04-07,0.004507249806178004,0.009997742088630579
2000-04-10,-0.0008315619709972077,-0.007841207399263528
2000-04-11,-0.00026690781971872024,-0.0025723483626483024
2000-04-12,-0.006533749750396112,-0.022271188423368282
2000-04-13,-0.007462146490543775,-0.018171059509909937
2000-04-14,-0.05111423357426503,-0.05827793670488546
2000-04-17,0.03783663494761824,0.033083594440355135
2000-04-18,0.023776424117425643,0.02866340737013995
2000-04-19,-0.0019433162620172695,-0.00980848828193237
2000-04-20,0.002358587181930716,0.00495286661329386
2000-04-24,-9.474994688996041e-05,-0.0032624071712881175
2000-04-25,0.012145433646436166,0.03327595466837896
2000-04-26,-0.0037605886499844088,-0.011134091282396064
2000-04-27,0.0015036995943003006,0.002689993591473483
2000-04-28,-0.0014076077255193997,-0.008526055934586774
2000-05-01,0.004996088396877374,0.010892053802276314
2000-05-02,-0.0057972412288298525,-0.01495655435893073
2000-05-03,-0.01120736665869404,-0.02156556612723426
2000-05-04,0.00015848512218497035,-0.0039078718057253825
2000-05-05,0.010841353960479694,0.016359641218557153
2000-05-08,-0.00020384608759060896,-0.005905195974303279
2000-05-09,-0.003905070676265665,-0.0084470455954464
2000-05-10,-0.012328017302102756,-0.020599916097947757
2000-05-11,0.013247035103752802,0.01790246837893128
2000-05-12,0.007174093945476079,0.009340679350512193
2000-05-15,0.010090946369090803,0.022097754530216118
2000-05-16,0.0035877880608425894,0.009419189353131463
2000-05-17,-0.00018490371228530034,-0.012441672634015521
2000-05-18,0.0013870343099326998,-0.0073146066676795796
2000-05-19,-0.005017406677475744,-0.021054689703017493
2000-05-22,-0.0010673222098941393,-0.004428004324930623
2000-05-23,-0.008330889400368968,-0.01917584236203862
2000-05-24,0.011086705265115127,0.01833524794749475
2000-05-25,-0.004555932977930444,-0.012529951527866068
2000-05-26,-0.0005740274273751123,-0.0025334413910176323
2000-05-30,0.016206402461757863,0.03224186224503356
2000-05-31,-0.00064155768452967,-0.0013005558363676784
2000-06-01,0.006679804604659667,0.01985786533339695
2000-06-02,0.003310140938399986,0.01963677088181548
2000-06-05,0.0002118993982205275,-0.0065188286551806085
2000-06-06,-0.00010592725318903096,-0.006670645210256287
2000-06-07,0.0014073099764395636,0.009274008017500446
2000-06-08,-0.00019645321701822205,-0.006585704044367313
2000-06-09,0.0006046044029295317,-0.00322924643149769
2000-06-12,0.00043801340499882713,-0.007515667345379673
2000-06-13,0.001434370389729489,0.0162101946101314
2000-06-14,0.0003920119377758269,0.0007486509827663301
2000-06-15,0.0002862589451320119,0.00556934268275433
2000-06-16,-0.001491578192722165,-0.00965018611898738
2000-06-19,0.004722896164435886,0.01470852029898495
2000-06-20,-0.001336639335621892,-0.00676315533521199
2000-06-21,0.0010526974718738646,0.0021545809926770687
2000-06-22,-0.006685012575716298,-0.01822013689324775
2000-06-23,-0.003372524375479302,-0.007368282751745725
2000-06-26,0.005447771451265737,0.009594360180085637
2000-06-27,0.0004678643342661548,-0.0032707873744957094
2000-06-28,0.0025041456468635204,0.002943640217300425
2000-06-29,-0.0025129530371408304,-0.008543965644911
2000-06-30,0.004163664230772746,0.00846508975623772
2000-07-03,0.005844021637569474,0.010270908653456035
2000-07-05,-0.0069302562176492,-0.015862145960052088
2000-07-06,0.003775075140739048,0.00721881278742309
2000-07-07,0.00702727340401843,0.015260820774855244
2000-07-10,0.0006099973636708445,-0.002217884402412218
2000-07-11,0.0012936730367101301,0.0035646099829429456
2000-07-12,0.0020642657952045784,0.008130327253255576
2000-07-13,0.0005927490857751128,0.0019558461197182186
2000-07-14,0.0012886666670886004,0.009452892670027913
2000-07-17,0.0009910549548413083,0.0003377592896738335
2000-07-18,0.00011824602985122112,-0.011089116848368552
2000-07-19,7.386121162689108e-05,-0.007886264928226638
2000-07-20,0.0007830153041932242,0.009183773995454336
2000-07-21,-0.0002509491464395275,-0.01028370817491664
2000-07-24,-0.004341473487214698,-0.010741798669868241
2000-07-25,0.003544700998795003,0.006952127904347849
2000-07-26,-0.005187410867872888,-0.01495447665665084
2000-07-27,-0.002882062049431311,-0.0019278505827550196
2000-07-28,-0.015330946512782773,-0.020508809597612254
2000-07-31,0.005447080425105444,0.007704780858649007
2000-08-01,0.005011312400065915,0.0050809807975338295
2000-08-02,0.0024407481561183886,0.00041720019200552905
2000-08-03,0.0061840191757565055,0.009633772080540837
2000-08-04,0.005537472742129568,0.007139116249160082
2000-08-07,0.007824823437975192,0.01120346973291686
2000-08-08,0.002475722469445829,0.002352501598989809
2000-08-09,-0.002323513617095596,-0.006696825859147548
2000-08-10,-0.004716316545692378,-0.008568302130551153
2000-08-11,0.00550395164254458,0.00793697368280255
2000-08-14,0.008781558726673966,0.013398258799452334
2000-08-15,-0.0006093332029832865,-0.004780233180509463
2000-08-16,-0.0007694631240291461,-0.0030854118815165643
2000-08-17,0.004867117071780891,0.010960550711704986
2000-08-18,-0.0011711089857618928,-0.0029076017446426627
2000-08-21,0.0029239164170729026,0.0052020552905565065
2000-08-22,0.00033201730330767454,-0.000900295838238141
2000-08-23,0.0018900828288312965,0.005233167879129308
2000-08-24,0.001526494126333322,0.0015538742047640497
2000-08-25,0.00043135159964746705,-0.001233239420022958
2000-08-28,0.0028027080885091316,0.005071535660706283
2000-08-29,-0.0005876856670744557,-0.002806966624138041
2000-08-30,-0.0019503590640622681,-0.004801833415544188
2000-08-31,0.00425327177956758,0.010042718395491868
2000-09-01,0.0005150741722528274,0.0020359797262652357
2000-09-05,-0.0018590907170631388,-0.009002060338342388
2000-09-06,-0.003209426326740261,-0.009840191952064758
2000-09-07,0.004168378853824706,0.006875530082509629
2000-09-08,-0.0006727129289308964,-0.0053310857921502475
2000-09-11,0.0006731657762519827,-0.0035061828266143014
2000-09-12,-0.0010878729079283334,-0.00488163214185422
2000-09-13,0.002278432477637704,0.001970353352285903
2000-09-14,0.0010293383237685028,-0.002720729855348991
2000-09-15,-0.003284899166069888,-0.010169654711820741
2000-09-18,-0.006147245271124424,-0.014531247553697058
2000-09-19,0.005291361947760365,0.010654141919677285
2000-09-20,-0.0026246211399695296,-0.005863455339817247
2000-09-21,-0.00010066912935946526,-0.0015777950350132075
2000-09-22,-8.62839731075038e-05,-0.0002277893198147085
2000-09-25,-0.00220047506805654,-0.006688622785773424
2000-09-26,-0.004410743651291682,-0.008213913621490154
2000-09-27,8.6864858163338e-05,-0.0004484376272270163
2000-09-28,0.014259620485672864,0.02223521731685918
2000-09-29,-0.007778953085141205,-0.014935320624473891
2000-10-02,0.0003453180257853017,-0.00019493724023589287
2000-10-03,-0.005450156642852311,-0.006802545319421149
2000-10-04,0.0059282496030035325,0.005510133874628176
2000-10-05,0.001581083427285579,0.001366559122937483
2000-10-06,-0.014580693704350778,-0.01900050025471689
2000-10-09,-0.002679715706758956,-0.004939680896059673
2000-10-10,-0.009915126898775717,-0.010705911750800823
2000-10-11,-0.016238472977887608,-0.016171398678526572
2000-10-12,-0.024572366843784943,-0.025509447816078445
2000-10-13,0.03158523861423501,0.03338147187539642
2000-10-16,0.0029203063643545857,0.00032743485703057296
2000-10-17,-0.018361958703228987,-0.017932246367448723
2000-10-18,-0.00611413796492466,-0.005807511270957466
2000-10-19,0.034275897910977404,0.03474328471397525
2000-10-20,-0.006242256485681885,0.005882977539575895
2000-10-23,0.0016444227430556513,-0.0008232512508464795
2000-10-24,0.001464244362343159,0.001683628893244249
2000-10-25,-0.01112091054973463,-0.023767446770113
2000-10-26,-0.0027331228547063935,-0.0003370818371917217
2000-10-27,0.00956961503263365,0.011096138561315971
2000-10-30,0.006660421879835399,0.013830353247205052
2000-10-31,0.006925838084419489,0.021978171595075313
2000-11-01,-0.0010244280857111265,-0.0057227183232284595
2000-11-02,0.0019630641719463604,0.004995690837657607
2000-11-03,0.0002192575210371306,-0.0011412043128343763
2000-11-06,0.0018418233801651418,0.003855077294915743
2000-11-07,0.00030643590199819215,-0.00022339654805025866
2000-11-08,-0.0027568111691181896,-0.015776548078628938
2000-11-09,-0.0015796882885329433,-0.006485591549181047
2000-11-10,-0.009522275002543878,-0.02439758440034645
2000-11-13,-0.0033278609231456313,-0.010776124770198847
2000-11-14,0.015255438103379593,0.023452141835934803
2000-11-15,0.0051305430035819555,0.0049604885672558385
2000-11-16,-0.0017015108031290804,-0.01258453426534023
2000-11-17,0.0033067527034071897,-0.0033519702153833597
2000-11-20,-0.009553563832804035,-0.018351691957114613
2000-11-21,0.0024627185567656085,0.003522948031424944
2000-11-22,-0.010747935729090163,-0.01854751229242224
2000-11-24,0.012254217335319728,0.014678328439080124
2000-11-27,0.004234910712940909,0.005366009872832311
2000-11-28,-0.006907181990630562,-0.009548029357613563
2000-11-29,0.0038948855463469823,0.004371028927711018
2000-11-30,-0.01582551921281028,-0.020105446229818358
2000-12-01,0.00489068216816424,0.00021295814082167297
2000-12-04,0.007536295912629276,0.007405541524307058
2000-12-05,0.021825099194640707,0.03892168841532939
2000-12-06,-0.00726289236183153,-0.01821965029225081
2000-12-07,-0.002626273195120876,-0.005852864559811266
2000-12-08,0.012471418745523488,0.01960475223329916
2000-12-11,0.001814832171197045,0.007526105317355203
2000-12-12,-0.0020397287871992686,-0.0065352106796403575
2000-12-13,0.001929528840079131,-0.008160900128526438
2000-12-14,-0.008701943923476008,-0.01401476235876764
2000-12-15,-0.017671903521433885,-0.02146273716308178
2000-12-18,0.0024611311170843475,0.008070697422759565
2000-12-19,-0.003141889327539338,-0.012957962090040409
2000-12-20,-0.02003993850493846,-0.03129594524787349
2000-12-21,0.00795848363782592,0.00800164080785648
2000-12-22,0.014336862367661185,0.02438696498246351
2000-12-26,0.004169983956447965,0.007075301948657131
2000-12-27,0.003773899025989902,0.010439634692143152
2000-12-28,0.003222532851282489,0.00398814569917838
2000-12-29,-0.0024163779218249193,-0.010448008358699412
2001-01-02,-0.013532746949415198,-0.028031939394959182
2001-01-03,0.02286393102276052,0.05009860597069338
2001-01-04,-0.002558675689896206,-0.010552474216456775
2001-01-05,-0.009670291585631596,-0.026242362136687403
2001-01-08,0.0010186885696996661,-0.0019178112844737694
2001-01-09,0.003910626223706748,0.003812189227544005
2001-01-10,0.006255803028689444,0.009586385482041715
2001-01-11,0.004360419411161054,0.010317700515731554
2001-01-17,0.002010943586159719,0.0021256143196530797
2001-01-18,0.0010106211215035188,0.013915319945297933
2001-01-19,0.0005403399437755585,-0.004028228935836542
2001-01-22,0.002202782262758385,0.00026813751626653115
2001-01-23,0.005473603636905855,0.013031498757798854
2001-01-24,0.0010295045147989956,0.0028668217760010606
2001-01-25,-0.0004930692131074332,-0.004976939690306659
2001-01-26,-0.00035239061673952854,-0.0018858487785236022
2001-01-29,0.0031162621653550993,0.006804747854681326
2001-01-30,0.0017710833388100422,0.007007877475295743
2001-01-31,0.00036484407069714564,-0.005619714800495723
2001-02-01,0.0015850374654948762,0.005461131971338906
2001-02-02,-0.0034031128314867543,-0.017473989611664797
2001-02-05,0.002880733828496629,0.003586658462731984
2001-02-06,0.0005464915966439943,-0.0015137219243971378
2001-02-07,-0.0014564294749733753,-0.008408142690811471
2001-02-08,-0.0008134653641633793,-0.0062346540433850794
2001-02-09,-0.005768886274603147,-0.013335549023706816
2001-02-12,0.007877621899482046,0.011827290693833259
2001-02-13,-0.0031376368430722223,-0.008652125638884511
2001-02-14,0.0017283875018536676,-0.002183807079300326
2001-02-15,0.005891360678977442,0.008123549341341407
2001-02-16,-0.017654404651439082,-0.01890529720989631
2001-02-20,-0.008148302501961413,-0.01735656295447041
2001-02-21,-0.012823846881515832,-0.018507453797223627
2001-02-22,-0.0013047864291592104,-0.0019518296494506204
2001-02-23,-0.0038906765089883333,-0.005555435925262753
2001-02-26,0.015652401320222387,0.017489958196507338
2001-02-27,-0.0051944252982787376,-0.00765990835073016
2001-02-28,-0.01283756063634045,-0.014309109209043602
2001-03-01,0.0020018047099754632,0.0010404044739755758
2001-03-02,-0.00430187707915608,-0.005679790908007298
2001-03-05,0.00733744852840279,0.0058581245475575194
2001-03-06,0.010249905959484273,0.00998059811609675
2001-03-07,0.005655805138632175,0.006452357238200701
2001-03-08,0.0016457368454381172,0.0022584976129884637
2001-03-09,-0.023344896417513472,-0.024763940834399034
2001-03-12,-0.0440169205601878,-0.043180755839886786
2001-03-13,0.018255256227918792,0.014828497401341068
2001-03-14,-0.026974651570652708,-0.02584211909800105
2001-03-15,0.006749131543493991,0.005871294396720295
2001-03-16,-0.017703154491251705,-0.019624073883761306
2001-03-19,0.009464014069960669,0.017626684032983286
2001-03-20,-0.010783179686297495,-0.024077401171648027
2001-03-21,-0.009070843490984637,-0.017923702154931664
2001-03-22,-0.0040561345048765185,-0.0040637162334672405
2001-03-23,0.014975298770408152,0.019909090065061363
2001-03-26,0.008821409390012525,0.011282371798750468
2001-03-27,0.010926420587703545,0.025575049699052332
2001-03-28,-0.00987448267987312,-0.02442965378011941
2001-03-29,-0.0012833661999903656,-0.00463030782349072
2001-03-30,0.004752922042118968,0.010784446543313564
2001-04-02,-0.006533213606027655,-0.012461938832180275
2001-04-03,-0.021201989779226493,-0.03439311121472999
2001-04-04,-0.0013152327238490358,-0.002901108987965695
2001-04-05,0.030591081787980867,0.04367998314638566
2001-04-06,-0.011439122713049366,-0.019983576101425315
2001-04-09,0.00727307915103248,0.008117394675240863
2001-04-10,0.014533703008867027,0.027066025534338678
2001-04-11,0.0016764506907418486,-0.0021311475923663226
2001-04-12,0.006040090959810174,0.015104328135851386
2001-04-16,0.0012855190757481427,-0.0032276690232889704
2001-04-17,0.0023259344875767862,0.010282453148762638
2001-04-18,0.0011301478150198552,0.03889040476854766
2001-04-19,0.0005569028484726513,0.01254273017853591
2001-04-20,-0.001429127050817991,-0.008542750949638078
2001-04-23,-0.0071406904512528735,-0.014980124708175557
2001-04-24,-0.004491278462691262,-0.012161467890639988
2001-04-25,0.008885866951354737,0.01594089126964149
2001-04-26,0.003278266484623815,0.004695844989827114
2001-04-27,0.007152537531429859,0.0150099058773554
2001-04-30,-0.00020924514971931707,-0.0028650794068301177
2001-05-01,0.004904918655238788,0.013589855617309743
2001-05-02,0.0008780292326422412,0.0007818075475320985
2001-05-03,-0.0037467951280411027,-0.01487269265949498
2001-05-04,0.005059270305329822,0.0144404282716879
2001-05-07,0.0003712228012004992,-0.0024474586666685116
2001-05-08,0.0010093404534068373,-0.0018282867376558931
2001-05-09,-0.0002373056415208019,-0.004487719892564135
2001-05-10,0.0009492668212869315,-0.0002867175401520816
2001-05-11,-0.0010076055634370418,-0.007576610015040175
2001-05-14,0.0018837989039237613,0.0026090376145728733
2001-05-15,0.0019838119714206126,0.0004162776179772454
2001-05-16,0.002940426622940917,0.02845278724491007
2001-05-17,0.0004419514128597424,0.0027237566258095924
2001-05-18,5.887086401856756e-05,0.0026930521225809745
2001-05-21,0.0071415591070920215,0.01615374759914645
2001-05-22,-0.0008479261949049244,-0.002627873591674268
2001-05-23,-0.005077674042495928,-0.015526398737474967
2001-05-24,0.0027650384310897724,0.003196148296129353
2001-05-25,-0.003945442196492177,-0.011815947460596443
2001-05-29,-0.003681288824969653,-0.007794067426248774
2001-05-30,-0.010744681062187289,-0.015655514748746047
2001-05-31,0.004780755734732134,0.006201517937073353
2001-06-01,0.00483242648196569,0.0038620963702495903
2001-06-04,0.00421734076230762,0.005108348086146242
2001-06-05,0.009430571791764653,0.012990159597655815
2001-06-06,-0.0056784329937690226,-0.010548639777156588
2001-06-07,0.0038611242583084238,0.005456510067294751
2001-06-08,-0.005703624333797563,-0.00939731891921658
2001-06-11,-0.0062805487741708355,-0.008355953243949998
2001-06-12,0.0019389848980875257,0.001163881185636706
2001-06-13,-0.010104541146660706,-0.011346896744853119
2001-06-14,-0.0183411514282662,-0.017501595438172535
2001-06-15,-0.010550483700312308,-0.004516882772492181
2001-06-18,-0.0005991451608032827,-0.004883174439339166
2001-06-19,0.002751864783196556,0.0034341270568420956
2001-06-20,0.0038789257138751587,0.00870875239279778
2001-06-21,0.005665965318893296,0.011364213620349783
2001-06-22,-0.00315876797019099,-0.009450028380182385
2001-06-25,-0.00019796141584160765,-0.005508630297048178
2001-06-26,-0.0010057203483619936,-0.0015099014091377594
2001-06-27,-0.00019829304136653736,-0.004676405725775434
2001-06-28,0.005019205649995806,0.012493089213528652
2001-06-29,0.0016090311051553119,-0.0014842165727727563
2001-07-02,0.0029097702958489347,0.010078542422369496
2001-07-03,0.00043819212866380575,-0.0018355161920441398
2001-07-05,-0.003247433605540029,-0.012321245525637625
2001-07-06,-0.010925930756038649,-0.02349826502045349
2001-07-09,0.004948720612646396,0.006878995885808203
2001-07-10,-0.007729612538597164,-0.014397979065223998
2001-07-11,-0.0010140173147230591,-0.001134103356830174
2001-07-12,0.015303237776142176,0.023691267149943185
2001-07-13,0.003832472211317217,0.006241030816857895
2001-07-16,-0.0028370153036906265,-0.010882881971022607
2001-07-17,0.0040860368601405295,0.009971300861786325
2001-07-18,-0.00048230919671554684,-0.005541633010651026
2001-07-19,0.0038602434135510677,0.006052826282955781
2001-07-20,-0.0002102257933204177,-0.003432078384125181
2001-07-23,-0.007061422222980229,-0.016368622611130257
2001-07-24,-0.009956296727140046,-0.016271634136927227
2001-07-25,0.010484304652472076,0.016079857831039934
2001-07-26,0.00729011819774894,0.010449532191457944
2001-07-27,0.0016816996255355487,0.0024023779015329705
2001-07-30,0.00046468733102589255,-0.0010780438338352516
2001-07-31,0.003491080802951352,0.005570651237587043
2001-08-01,0.0027174428133165396,0.0038804135614018964
2001-08-02,0.0014443329698266005,0.003963999634972737
2001-08-03,-0.00014865374431827227,-0.005242698680370639
2001-08-06,-0.004000360525310387,-0.01142174446908939
2001-08-07,0.002642806317655788,0.0032653971820353345
2001-08-08,-0.009381773655121606,-0.017328125783906967
2001-08-09,0.0011124910587831938,-8.447236949016279e-05
2001-08-10,0.00507538706723043,0.005686842621282606
2001-08-13,0.0023306503361566477,0.0009494562498826298
2001-08-14,-0.0017141516950560653,-0.0038278323869295194
2001-08-15,-0.005345303605589824,-0.007339463130492052
2001-08-16,0.0034525539306369257,0.0030899429450153004
2001-08-17,-0.01002281548238837,-0.016663052745311324
2001-08-20,0.0056514954198501055,0.008124188847023373
2001-08-21,-0.005063778256880536,-0.012079480285459132
2001-08-22,0.0048328331413867165,0.0069561280612775445
2001-08-23,-0.0006162776372036216,-0.002763292695957098
2001-08-24,0.008963382669312514,0.019654319856812652
2001-08-27,-0.0005068295071389839,-0.004827367451372688
2001-08-28,-0.005860849671649904,-0.015010008190401547
2001-08-29,-0.0057603519972986295,-0.011149237684562108
2001-08-30,-0.011934629635837135,-0.017003925176352408
2001-08-31,0.004214591882669927,0.004029943083662779
2001-09-04,-0.0010492259116571256,-0.0005645959466900052
2001-09-05,0.0006697756869289417,-0.0010591480872195191
2001-09-06,-0.0169004004822797,-0.022390271651587357
2001-09-07,-0.016881541538319778,-0.018637016144416374
2001-09-10,0.006484505181590494,0.006225947782446006
2001-09-17,-0.04730406099316231,-0.049215605477845537
2001-09-18,-0.005580755195747744,-0.005804970478062166
2001-09-19,-0.01818995299075077,-0.016112491823485176
2001-09-20,-0.0290848974697413,-0.03105993338932478
2001-09-21,-0.04242350710067,-0.01903426031711075
2001-09-24,0.0191496819827921,0.038983252112168465
2001-09-25,0.004240622342030376,0.008789682811224164
2001-09-26,-0.00012369003944712187,-0.005166646648616657
2001-09-27,0.004134907630289897,0.011489124142700646
2001-09-28,0.005332010364355044,0.021921988175857665
2001-10-01,0.001102776010508455,-0.0022958986230237066
2001-10-02,0.002098216958472232,0.012305528501956209
2001-10-03,0.001552928978259649,0.019927210407669316
2001-10-04,-0.0003310089339449984,-0.0024713921192770494
2001-10-05,-0.00027889264515845724,0.0016360797584318298
2001-10-08,0.00017438312899087371,-0.00834443748792979
2001-10-09,0.0002962613414372317,-0.005355541696520527
2001-10-10,0.0027878602643400807,0.022938244839720845
2001-10-11,0.000764410862778897,0.01520834015585848
2001-10-12,-0.00029512460510527916,-0.005266877171196449
2001-10-15,0.0009725556972313143,-0.0015298345696541649
2001-10-16,0.0005204868495265469,0.006935960961869103
2001-10-17,-0.0001560119038988006,-0.01863264438138912
2001-10-18,0.00048557548634553527,-0.007873047505638664
2001-10-19,0.004472596340535651,0.004557317621906032
2001-10-22,0.00887081220062691,0.015296087718508211
2001-10-23,-0.0007184475852236583,-0.004697674100833327
2001-10-24,0.0017803269432143942,0.0003871032501143734
2001-10-25,0.004801855033186531,0.013720987208263535
2001-10-26,0.0026871038942921643,0.00410877262013698
2001-10-29,-0.006428370963465713,-0.02381830408229002
2001-10-30,-0.0077501804360535775,-0.017165917580863832
2001-10-31,0.0006882140456989649,-9.445045958234033e-06
2001-11-01,0.009765309786590404,0.022948107736279866
2001-11-02,0.003405240566300094,0.002859492349182924
2001-11-05,0.005107511374507379,0.014385591750238236
2001-11-06,0.0036634075223245244,0.014526150690715944
2001-11-07,-1.6837000993419338e-05,-0.0027348699242971675
2001-11-08,0.001328810811343617,0.002455628351381245
2001-11-09,0.0011087607788640153,0.0015824373463944053
2001-11-12,-0.00023494361199682956,-0.0017674593956140683
2001-11-13,0.001862985441853704,0.01856340309336213
2001-11-14,-5.020482238282664e-05,0.0018611305347253637
2001-11-15,0.00045227510842638097,0.0009025765040018285
2001-11-16,-0.0009042435053044917,-0.003142917294968739
2001-11-19,0.005950165636455784,0.010898901254644544
2001-11-20,-0.0014828359275249614,-0.007297642161543494
2001-11-21,-0.002002423155063604,-0.004927104050553632
2001-11-23,0.007172916507423244,0.011705879511087591
2001-11-26,0.0026230009838659196,0.006154770185656577
2001-11-27,-0.0026657592830888754,-0.0068428432588011345
2001-11-28,-0.009380124451563665,-0.01825139666702913
2001-11-29,0.006737199408070715,0.010349777973346352
2001-11-30,0.0012151960880439905,-0.0006577793651273423
2001-12-03,-0.004489246136058722,-0.008381172642107582
2001-12-04,0.008918774330370693,0.013187029022137864
2001-12-05,0.007763876156672733,0.022318243944841498
2001-12-06,-0.0002956661300762553,-0.0027769471250451705
2001-12-07,-0.0014953156304410298,-0.007531417338754176
2001-12-10,-0.005825398351122724,-0.01586794895412269
2001-12-11,-0.00021518998851310922,-0.0027809109295721113
2001-12-12,0.0013410333363648164,0.00027264903829737897
2001-12-13,-0.00995340672985201,-0.015557478644108724
2001-12-14,0.004642667591095773,0.0033142998099990884
2001-12-17,0.008577367927699253,0.010034832359149704
2001-12-18,0.0056366532043408135,0.007546157043874402
2001-12-19,0.0032778289104951064,0.005809693060869314
2001-12-20,-0.0009637445213577234,-0.008377122022309003
2001-12-21,0.0030413285957242575,0.0043511098960442585
2001-12-24,0.0016301778718676996,-0.00020961859331847243
2001-12-26,0.002978398046413977,0.004123505527849902
2001-12-27,0.0026287526231072444,0.006751533273525068
2001-12-28,0.001472734410144616,0.003361778393112802
2001-12-31,-0.004266316047485508,-0.011145426658350721
2002-01-02,0.0035704797284834555,0.005740094891362402
2002-01-03,0.004285638422725446,0.009180090573510657
2002-01-04,0.002254467655495196,0.006213143831922618
2002-01-07,-0.0007230272965604856,-0.006498874255845943
2002-01-08,-0.00016084350692235905,-0.00358836770714277
2002-01-09,-0.0009648236865686943,-0.004798740836654547
2002-01-10,0.0012394680583500683,0.0012206608392113516
2002-01-11,-0.0022829553723731077,-0.009467876684872145
2002-01-14,-0.000902348663589625,-0.0062761361378107505
2002-01-15,0.004709444630655257,0.006834011465972845
2002-01-16,-0.006950714230637756,-0.01624512172419068
2002-01-17,0.008082375508034367,0.01003047183988226
2002-01-18,-0.009781401693595204,-0.009922071491006434
2002-01-22,-0.0026881837334739034,-0.0073342004853236276
2002-01-23,0.0061377065400884945,0.007924520153362424
2002-01-24,0.0020979387424344687,0.0035189158770061457
2002-01-25,0.0008534797508661374,0.0009981052496972342
2002-01-28,0.0015608414892940292,-0.000194100926018681
2002-01-29,-0.01845929795010326,-0.028612820387958315
2002-01-30,0.009018509447931367,0.011747648157926616
2002-01-31,0.009554422645631222,0.014933956271208082
2002-02-01,-0.0020245674453399642,-0.007078393510550951
2002-02-04,-0.01845107291573922,-0.02473713328594973
2002-02-05,-0.002968961214984467,-0.0040385239132636475
2002-02-06,-0.003997816177976121,-0.005972376331605855
2002-02-07,-0.003171529348996671,-0.0030825426532377076
2002-02-08,0.014797496130434906,0.014858703819622843
2002-02-11,0.013830656112261419,0.01434016084658829
2002-02-12,-0.0027863362568367744,-0.003992968721525436
2002-02-13,0.008915381213652651,0.009941318072799188
2002-02-14,-0.0003041645134300719,-0.0018149406613717778
2002-02-15,-0.0039873019348130034,-0.011016701573680177
2002-02-19,-0.010466422077261894,-0.018873813034917086
2002-02-20,0.01007345877003063,0.013513776940142774
2002-02-21,-0.010021201489749498,-0.015510327692499937
2002-02-22,0.00630433797360519,0.008224261112921738
2002-02-25,0.01170619831098585,0.017975196822479944
2002-02-26,0.00012760709327896969,-4.511219788716492e-05
2002-02-27,0.001707476733912916,0.0004597250386524365
2002-02-28,-0.0010513647030820916,-0.0028471597527511827
2002-03-01,0.00912174180923242,0.022634291353989644
2002-03-04,0.004187841947692839,0.019491364003959566
2002-03-05,-0.0001888378394915291,-0.006673326804381263
2002-03-06,0.0016999576235485758,0.014509575331346891
2002-03-07,0.00018855297389097636,-0.004497863189539708
2002-03-08,0.0009425871418455856,0.005848626658938816
2002-03-11,0.0005179826286616507,0.0033925251634825404
2002-03-12,0.00015683674644750845,-0.002294055851038812
2002-03-13,0.00014120752441759699,-0.009857745214894464
2002-03-14,0.00021958259397303337,-0.0009097442910928066
2002-03-15,0.0014581715216239743,0.011378611906534442
2002-03-18,-0.0002505584289929086,-0.000523071734310987
2002-03-19,0.0029441780890331337,0.004066741054269407
2002-03-20,-0.006604906886194861,-0.015756831948543715
2002-03-21,0.0015403653724406219,0.0015106049149238299
2002-03-22,-0.0015379962962029925,-0.004238953868639261
2002-03-25,-0.00858224122586071,-0.014651307364919819
2002-03-26,0.00450269033110362,0.005848723922133869
2002-03-27,0.004119424983683562,0.005349160618494997
2002-03-28,0.0016346972183667319,0.002455100300232438
2002-04-01,-6.27372041006602e-05,-0.0007407904680065691
2002-04-02,-0.004896491007757797,-0.008530037298018711
2002-04-03,-0.008453302142742425,-0.009993301359980666
2002-04-04,0.0013996991491425081,0.0008352064917889201
2002-04-05,-0.0016519306503226527,-0.0032050583847775815
2002-04-08,0.0026568816205376766,0.0022802086327837756
2002-04-09,-0.005474201599841355,-0.006656053083536673
2002-04-10,0.010801343850423528,0.011334694329529604
2002-04-11,-0.021766547503887068,-0.02368928851795904
2002-04-12,0.005034280140681746,0.0066323594016344245
2002-04-15,-0.005619150107465831,-0.007614657710675932
2002-04-16,0.022361392536164093,0.02341838932074425
2002-04-17,-0.0007579995751192392,-0.0020383817702331886
2002-04-18,-0.002339002578613414,-0.0014208492032046216
2002-04-19,0.004926631345960164,0.000622580647262394
2002-04-22,-0.007298587446522009,-0.015411082070602822
2002-04-23,-0.004176334556478922,-0.006201308314187082
2002-04-24,-0.004767888096533501,-0.007102843487971744
2002-04-25,-0.0009613144757921743,-0.001518592456082879
2002-04-26,-0.011050189941964161,-0.013889429445308576
2002-04-29,-0.008449186597149771,-0.010099222963083632
2002-04-30,0.010418362656170466,0.010765491857052112
2002-05-01,0.00817437803742016,0.0088585192984596
2002-05-02,-0.0009794591876162162,-0.0017487090293788476
2002-05-03,-0.0080034402472835,-0.010262230103922243
2002-05-06,-0.01833942053336368,-0.01933988124690189
2002-05-07,-0.0032841916697129436,-0.0030209406349390733
2002-05-08,0.03498692717388341,0.03750391687182497
2002-05-09,-0.012398611210248212,-0.014547427263143953
2002-05-10,-0.01517850548502686,-0.01679389695086453
2002-05-13,0.01760015131538073,0.018550003829920003
2002-05-14,0.020269906299964502,0.021143509403148686
2002-05-15,-0.004055827165658221,-0.0056595243164973
2002-05-16,0.006919770854317386,0.0065623970342507665
2002-05-17,0.005055471430015057,0.007612235597496797
2002-05-20,-0.005485853492022019,-0.01329305469220976
2002-05-21,-0.005484568627433961,-0.010990218656204753
2002-05-22,0.0033057073625928357,0.005685830481789278
2002-05-23,0.00609858497630178,0.010183915880492833
2002-05-24,-0.0052271230364534516,-0.012086639348795059
2002-05-28,-0.004115088790920818,-0.008552986584789424
2002-05-29,-0.004100179798752657,-0.006411999753712316
2002-05-30,-0.0011809642395261832,-0.0028098832062258827
2002-05-31,0.00238061595670902,0.002329363730329881
2002-06-03,-0.021740538918812002,-0.02479521016388564
2002-06-04,0.00029326230597859215,9.501186533977801e-06
2002-06-05,0.009268010585365527,0.008849977924613395
2002-06-06,-0.0171715613585397,-0.019763786567754682
2002-06-07,-0.0008210315571978155,-0.0015741097787077551
2002-06-10,0.0025966196900546468,0.003123958274676042
2002-06-11,-0.015703143860262725,-0.01662884414190635
2002-06-12,0.0064780674310978,0.006570673184791209
2002-06-13,-0.010059924287241562,-0.010487534652553143
2002-06-14,-0.0019387818288451042,-0.0022682931503641424
2002-06-17,0.028669984756032107,0.028691437105922812
2002-06-18,0.0006186384865873862,0.0009361115087169747
2002-06-19,-0.016627670660405824,-0.016535881531748564
2002-06-20,-0.013103443191972541,-0.013431516326825155
2002-06-21,-0.020167693708088796,-0.01704276476302169
2002-06-24,0.003729967013215152,0.00361926117806477
2002-06-25,-0.009256035941293872,-0.01670154378272881
2002-06-26,-0.001307506226170152,-0.0026737817448273526
2002-06-27,0.011852676536501683,0.017575200391014123
2002-06-28,0.0007660829354403376,-0.0008277550998277983
2002-07-01,-0.012130191308707183,-0.021387709637618935
2002-07-02,-0.016756761131747844,-0.021225413761828515
2002-07-03,0.005674934363125939,0.006222999094795512
2002-07-05,0.02777925123530367,0.036729986080767274
2002-07-08,-0.00684602802950518,-0.012183703700778037
2002-07-09,-0.01846165542027023,-0.02471899512958209
2002-07-10,-0.03210727570965066,-0.033962034997127355
2002-07-11,0.009321292850482,0.007496197196734
2002-07-12,-0.006743973378166457,-0.006448322137049933
2002-07-15,-0.004299654962584998,-0.003755219741529814
2002-07-16,-0.01685887743144321,-0.018509026145718255
2002-07-17,0.0062590023283881635,0.005660727209489291
2002-07-18,-0.02971778345952225,-0.027018653770718326
2002-07-19,-0.03051551883200565,-0.03835246341965115
2002-07-22,-0.018638074082395706,-0.03291067462584785
2002-07-23,-0.019248176193173983,-0.02701709341770231
2002-07-24,0.03925187947846265,0.05732729067187403
2002-07-25,-0.0016622893440528808,-0.005631765577757797
2002-07-26,0.013591782346187298,0.01688371524699228
2002-07-29,0.020840046877834473,0.05407813149581853
2002-07-30,0.0010665905887627947,0.0042493628535740235
2002-07-31,0.0015327526480626297,0.00979193771842457
2002-08-01,-0.008622450380243785,-0.029573750155831746
2002-08-02,-0.008320907565732671,-0.023082295492101057
2002-08-05,-0.016743563599286304,-0.034296046217902276
2002-08-06,0.018341538326294593,0.029918562747082378
2002-08-07,0.010465368031742583,0.020010019033323
2002-08-08,0.007749038613496184,0.03272238078663414
2002-08-09,0.0019550342130987275,0.003512018861808297
2002-08-12,0.0006317305674801155,-0.005326671484241707
2002-08-13,-0.00026001346538784276,-0.021675111844325357
2002-08-14,0.003027779245347695,0.040047016279607606
2002-08-15,0.0004444428368746145,0.011559127617117415
2002-08-16,-0.0004811905234277658,-0.0015909491736092463
2002-08-19,0.00961182722832965,0.02361186538606108
2002-08-20,-0.0046959505529606815,-0.013958156475084027
2002-08-21,0.005713292601235542,0.012726275848853996
2002-08-22,0.005222700751684517,0.014051600089852956
2002-08-23,-0.007638463210055013,-0.022686222684675683
2002-08-26,0.0035638881756503427,0.007535687526151413
2002-08-27,-0.004759332388498239,-0.013850946477908743
2002-08-28,-0.009251649422075015,-0.0181318457823213
2002-08-29,0.000204296573358409,-7.627150314437614e-05
2002-08-30,0.001002242158562483,-0.0018849209977764847
2002-09-03,-0.03059464885630525,-0.041536113494328175
2002-09-04,0.015014968387359051,0.01751669044063875
2002-09-05,-0.009648353703498591,-0.015950301780376486
2002-09-06,0.013852474790217117,0.016800270813775775
2002-09-09,0.008745867423284759,0.01011280565970818
2002-09-10,0.006995627562436546,0.007331437667334573
2002-09-11,0.00025869235637387966,-0.00014292847288843724
2002-09-12,-0.01714143339830909,-0.02478425285607544
2002-09-13,0.004510476459653301,0.0032698069723813283
2002-09-16,0.0019457025768825353,0.00144972300927515
2002-09-17,-0.017627073288120187,-0.019728376766173672
2002-09-18,-0.004865990643209139,-0.0046478586269521616
2002-09-19,-0.030351042513948157,-0.03006465390913582
2002-09-20,0.006638422451896497,0.002454592925865251
2002-09-23,-0.0038550374996200176,-0.01382794004997523
2002-09-24,-0.007975636294966337,-0.017284435610766313
2002-09-25,0.01455481645820833,0.024862985833457474
2002-09-26,0.010754476405614,0.01820979867033401
2002-09-27,-0.014367041179078832,-0.03225921597292769
2002-09-30,-0.008346250534002286,-0.014612526308257157
2002-10-01,0.023846640229554517,0.04002298924922454
2002-10-02,-0.012002568512914924,-0.023587409788127234
2002-10-03,-0.005117177963256836,-0.01082238555898618
2002-10-04,-0.01240725443408941,-0.02243115555695674
2002-10-07,-0.013298617409202795,-0.01911112876459886
2002-10-08,0.013921074460751859,0.016898377650040874
2002-10-09,-0.02135987924430549,-0.027286930512098406
2002-10-10,0.0301910445131095,0.034965720174917836
2002-10-11,0.02556168974520956,0.039058643996378484
2002-10-14,0.006014960340108733,0.007326527634351487
2002-10-15,0.00897805579184574,0.047335540233740314
2002-10-16,-0.0015714067979203383,-0.024112927399144835
2002-10-17,0.00274951593844297,0.022301797911908228
2002-10-18,0.000945501291696571,0.00590309641645459
2002-10-21,0.008350303878555065,0.017333931637368627
2002-10-22,-0.003297504024107556,-0.01062552557449925
2002-10-23,0.0037407239133726566,0.006717940240315912
2002-10-24,-0.005749286397173314,-0.01522085212743074
2002-10-25,0.010303202960222135,0.017167166474858275
2002-10-28,-0.0010999232352354449,-0.00826607669303625
2002-10-29,-0.003863539533071614,-0.009076256958267082
2002-10-30,0.005096345564341576,0.009703562117202802
2002-10-31,-0.000894768143659852,-0.005557377917527417
2002-11-01,0.008097706355935319,0.01716041821650216
2002-11-04,0.002036011523127046,0.008202310239139088
2002-11-05,0.0020687398860039785,0.007750359720061439
2002-11-06,0.0022856541115447992,0.009143638212398608
2002-11-07,-0.0027033943965517615,-0.022852239898237703
2002-11-08,-1.8458665420495457e-05,-0.008763124096542452
2002-11-11,-0.005458575739103133,-0.020732266351601858
2002-11-12,0.005432854367701356,0.007715232708418229
2002-11-13,0.002231524775834437,-0.0004756587625005526
2002-11-14,0.006201113334235453,0.024633711616244502
2002-11-15,0.005193602615620074,0.006148603225257787
2002-11-18,-0.0033474619041046205,-0.010408572546959705
2002-11-19,3.6543994345494824e-05,-0.004020608618866994
2002-11-20,0.009272699703681386,0.019414807379268595
2002-11-21,0.006673664464042162,0.02145160512808797
2002-11-22,0.0003593399548966758,-0.003437737683221198
2002-11-25,0.000897972382306822,0.002493157116385758
2002-11-26,-0.005813623025907377,-0.0209675492415603
2002-11-27,0.0053423248570179105,0.027986113835301474
2002-11-29,0.00019744959118517258,-0.0027266794890747903
2002-12-02,0.001399950176278253,-0.00190104587835227
2002-12-03,-0.0033158439249439953,-0.014745410917659685
2002-12-04,-0.0005394784631745919,-0.0034428269455946126
2002-12-05,-0.0038865611741873973,-0.01202078193884104
2002-12-06,0.0035766000547277077,0.006265504111482523
2002-12-09,-0.0071275972952019595,-0.02217640386950981
2002-12-10,0.007831349429834766,0.013957412788151657
2002-12-11,0.0025361509372647806,0.0005638893899515551
2002-12-12,-7.172748025419118e-05,-0.003734977016382035
2002-12-13,-0.005185556969886873,-0.013420923702535892
2002-12-16,0.01161553762689782,0.023519409547911208
2002-12-17,-0.0010875699482463252,-0.008139316762932447
2002-12-18,-0.0029629710326495307,-0.013145212289791375
2002-12-19,-0.0005906839762056526,-0.007709393970319445
2002-12-20,0.009941403978004804,0.013016691846904127
2002-12-23,0.00335215959683155,0.0018085146685788978
2002-12-24,-0.0015202954752678854,-0.005471521710948668
2002-12-26,-0.0013808414542457736,-0.0031485625856743082
2002-12-27,-0.007995478765161046,-0.016028538049280283
2002-12-30,0.004217573382406359,0.004557905098352855
2002-12-31,0.0024736878749864744,0.0004889669755383519
2003-01-02,0.01448575949281361,0.033199997419349536
2003-01-03,0.0009625157161770037,-0.0004840351002998178
2003-01-06,0.00466763892694555,0.02247436391177171
2003-01-07,-0.0002957819162229258,-0.006544619569145094
2003-01-08,-0.0017928518795835569,-0.01408557539918065
2003-01-09,0.0035223274436306795,0.01938612287805186
2003-01-10,0.0002605747534560887,0.0
2003-01-13,0.0003300601922491264,-0.0014122896905353066
2003-01-14,0.000712050355251348,0.005829856975335224
2003-01-15,5.200475689948192e-05,-0.0144258665487621
2003-01-16,0.0001562179786240847,-0.00394240512370414
2003-01-17,-0.001249230945177593,-0.014016998284795967
2003-01-21,-0.008286069413577457,-0.015702315109737075
2003-01-22,-0.0064111021138483215,-0.010432403299344806
2003-01-23,0.0072810059852610465,0.010223645946612736
2003-01-24,-0.0210025208408956,-0.02923344113454651
2003-01-27,-0.013908696484302485,-0.016159790516352857
2003-01-28,0.012110650257101563,0.013050452887956476
2003-01-29,0.007218801617924653,0.006778959015503627
2003-01-30,-0.017695409060609513,-0.022849276151957754
2003-01-31,0.01098951007338611,0.013130352526974365
2003-02-03,0.005658985927297522,0.005399082682342904
2003-02-04,-0.011752829629455785,-0.01408777549517104
2003-02-05,-0.005063332625067307,-0.005435021557671615
2003-02-06,-0.004147309002321187,-0.0064486329475517135
2003-02-07,-0.010020568160753585,-0.010093684574632666
2003-02-10,0.009130046057796548,0.007569053795079661
2003-02-11,-0.008064355738741091,-0.00809832737221361
2003-02-12,-0.011928793739713117,-0.012686950526266227
2003-02-13,-0.0008172407530722126,-0.0016001338377796825
2003-02-14,0.021693030027330584,0.021434625244272754
2003-02-18,0.019685983712853794,0.019499536437232567
2003-02-19,-0.006780243929346286,-0.007096089087508695
2003-02-20,-0.010491379860471661,-0.009501531421770348
2003-02-21,0.01067519636331049,0.013224235631437153
2003-02-24,-0.00772420516644956,-0.01838070921446877
2003-02-25,0.003638751085868641,0.007194491954433557
2003-02-26,-0.0057360273645342685,-0.013141442497345723
2003-02-27,0.007946019947763228,0.01175764805441637
2003-02-28,0.0037437314277239953,0.004622103695029578
2003-03-03,-0.0019366251327428419,-0.007537331833147309
2003-03-04,-0.007491884824045281,-0.015356796590494715
2003-03-05,0.006317524900251392,0.009562142416504882
2003-03-06,-0.004101252575565706,-0.009339037450146193
2003-03-07,0.005057415863892523,0.00825938360801004
2003-03-10,-0.01479041843260831,-0.025829764867861593
2003-03-11,-0.005472355264876216,-0.008359340371610902
2003-03-12,0.004383546737886546,0.0043210845816348264
2003-03-13,0.02373995723080502,0.03445705851668457
2003-03-14,0.0021227300985207087,0.0016468266341889137
2003-03-17,0.010377574036324333,0.035426641789776614
2003-03-18,0.0026955169127880207,0.004242091671087467
2003-03-19,0.0010189862598786181,0.008736807914557332
2003-03-20,0.0009127473523899976,0.0018877867120150604
2003-03-21,0.006295531530852605,0.022976687005213714
2003-03-24,-0.016537799430853317,-0.035231469800648285
2003-03-25,0.009267372605936908,0.01216112609276121
2003-03-26,-0.0018434421178141758,-0.005475887784735178
2003-03-27,-8.80319869592805e-05,-0.0016437641884197163
2003-03-28,-0.0025505756080969055,-0.0057799698548794964
2003-03-31,-0.011674965716635288,-0.017741757179176365
2003-04-01,0.01063511046959742,0.012143634466636133
2003-04-02,0.015131464233809844,0.02611597760622275
2003-04-03,-0.0017567220254915972,-0.005051665437279529
2003-04-04,0.001254563705451739,0.0027382775349193977
2003-04-07,0.003236727177483356,0.001228898128060596
2003-04-08,0.0018212828488366473,-0.0018638012820205718
2003-04-09,-0.007999160497120128,-0.014004472441544569
2003-04-10,0.006562658829201817,0.00645507098061926
2003-04-11,0.0006068589882599618,-0.0037633140188628733
2003-04-14,0.012026691947346846,0.0194978612389638
2003-04-15,0.003972683373027808,0.006303466006527536
2003-04-16,-0.0006992429708488901,-0.012236082266628978
2003-04-17,0.0069464859523307165,0.015535730202556941
2003-04-21,0.0008814338984579617,-0.001756985713861292
2003-04-22,0.00760383801356701,0.021703775898937794
2003-04-23,0.0019832476965890855,0.00839398318470952
2003-04-24,-0.0009393410893387966,-0.008258826460973201
2003-04-25,-0.003173192899180277,-0.013846368035506096
2003-04-28,0.005608724682840016,0.017834725181536504
2003-04-29,0.0007202075097247906,0.003279261851180326
2003-04-30,-0.0004184310714491213,-0.0010024012010726446
2003-05-01,0.0006028706412728457,-0.0006761714530636453
2003-05-02,0.0024264737199424236,0.015038774943199495
2003-05-05,0.00033379156652579844,-0.0037954038706478066
2003-05-06,0.0007009728468256871,0.008461526046903867
2003-05-07,0.00013333786614211363,-0.005104955592922011
2003-05-08,-0.0004668238554622617,-0.010057846899860223
2003-05-09,0.001267845108263277,0.014278367581695539
2003-05-12,0.0003998437639982644,0.01253469808943164
2003-05-13,0.0001498306578124886,-0.0029731963497862113
2003-05-14,9.990601923104414e-05,-0.003204880118025888
2003-05-15,0.00016656114745283723,0.007867678842073511
2003-05-16,0.0016979498507854185,-0.0025035071988888102
2003-05-19,-0.014242416250616174,-0.02491789533611377
2003-05-20,-0.0009609833950219304,-0.0011295318488209194
2003-05-21,0.0032738235942102456,0.004012049753478353
2003-05-22,0.0070140327880701125,0.009150779020831834
2003-05-23,0.001386388759556656,0.0014486737345456024
2003-05-27,0.009591005825786647,0.019566672744762537
2003-05-28,0.0009581774017761724,0.001828719752482666
2003-05-29,-0.0015844862196645604,-0.0037556452494871273
2003-05-30,0.005968002883401269,0.014689789806504372
2003-06-02,0.0007723429796631098,0.003538821541832604
2003-06-03,0.0013794224606820116,0.0047156127803451575
2003-06-04,0.002492611694356439,0.015109712948937926
2003-06-05,0.0007197461749071099,0.0039544375128570675
2003-06-06,0.00013069626188744188,-0.002403705382675203
2003-06-09,-0.0007681142794440099,-0.011976610687702172
2003-06-10,0.002224451798719107,0.009129788249726989
2003-06-11,0.0009955043922122986,0.012834524662487468
2003-06-12,0.00014677893380987683,0.001032631548545826
2003-06-13,0.00014675739291614143,-0.009914797365312644
2003-06-16,0.0006682201766083917,0.02238497001923645
2003-06-17,3.260828610351929e-05,0.0009102072927211768
2003-06-18,9.772225624882225e-05,-0.001551851739456156
2003-06-19,6.510867084474903e-05,-0.01523628017232137
2003-06-20,-0.0023450517003736904,0.0009952651274010016
2003-06-23,-0.007606629201908133,-0.014110805329488607
2003-06-24,0.0013158559182444574,0.0018438506291351686
2003-06-25,-0.00435315127727065,-0.00826682066388651
2003-06-26,0.008364830553448055,0.01076569733128574
2003-06-27,-0.006135672052323349,-0.009738123135835774
2003-06-30,-0.00021402447093499255,-0.0017618679751922883
2003-07-01,0.006026731851236589,0.008024635530239799
2003-07-02,0.006448871120380062,0.011635711978335683
2003-07-03,-0.00476508959928823,-0.00810061664701256
2003-07-07,0.01155286641940223,0.018991549631018012
2003-07-08,0.0020677651562246435,0.003404993930331335
2003-07-09,-0.0004836016724057979,-0.005586208855366204
2003-07-10,-0.006048191803282532,-0.013480218187234994
2003-07-11,0.006344577897047898,0.009547893521649531
2003-07-14,0.003079806188920342,0.005730629590217973
2003-07-15,0.0002732448726359138,-0.003426775139564464
2003-07-16,-0.0018320551386017403,-0.006327298697367145
2003-07-17,-0.007003438337413015,-0.012433528204499167
2003-07-18,0.010555003582328304,0.011805717545607441
2003-07-21,-0.005037887467659985,-0.014617665429254467
2003-07-22,0.004660261521869158,0.009511644538928055
2003-07-23,0.001219762603299257,0.0005060165441219677
2003-07-24,-0.0025008378036579515,-0.00709077378288081
2003-07-25,0.00832488442919277,0.01740018084214845
2003-07-28,-0.0005259018326306819,-0.002162828093455582
2003-07-29,-0.002248571380461417,-0.007265273243362014
2003-07-30,-0.0004314710685625611,-0.001809436165179923
2003-07-31,0.0011672216825284742,0.0028557325665139466
2003-08-01,-0.0046635409378005255,-0.010259386625984357
2003-08-04,0.0020057443813938924,0.0027240553421934433
2003-08-05,-0.009848547861614376,-0.017663443175954474
2003-08-06,0.003153777578772665,0.0016779515260274547
2003-08-07,0.006384356358870136,0.007279623095231225
2003-08-08,0.0033482217063873776,0.0035622220626565504
2003-08-11,0.0025546064922712386,0.0030687710774319754
2003-08-12,0.005128174222421622,0.009953138889008173
2003-08-13,-0.0009506370815770548,-0.00638152819191351
2003-08-14,0.0036159550787155936,0.006585145042149021
2003-08-15,-0.0006953152496069759,0.00016150583331220325
2003-08-18,0.00575614699708038,0.009155427620381795
2003-08-19,0.0015723022981486423,0.002610664149736097
2003-08-20,-0.0004866447211838709,-0.0020451816659848854
2003-08-21,0.001413481014059803,0.002969141032215905
2003-08-22,-0.004124850977912264,-0.010176743821595058
2003-08-25,0.00044101187425438226,0.0006545671114137619
2003-08-26,0.001967729240456517,0.003039074206073522
2003-08-27,0.0009112601568637135,6.0194395442580984e-05
2003-08-28,0.003406138714048268,0.006069532159721502
2003-08-29,0.0018615603307097217,0.005155341601558616
2003-09-02,0.003981618548572818,0.013868890520244426
2003-09-03,0.0007310094175958515,0.0041879366116819305
2003-09-04,0.0008858473017037127,0.00165643655131964
2003-09-05,0.00018631913378097664,-0.006400922441525014
2003-09-08,0.001692099323141294,0.010035343848087352
2003-09-09,-0.0005734224827774748,-0.008210259022540578
2003-09-10,-0.0015971719408833795,-0.01197259517441851
2003-09-11,0.001848289003121284,0.005440588862599238
2003-09-12,0.0009456696957619304,0.0021743196806585097
2003-09-15,0.00012383999267928658,-0.0037501421575130145
2003-09-16,0.0010685784437716173,0.014298192533948706
2003-09-17,7.742582912451113e-05,-0.003254552287668133
2003-09-18,0.00017013480775940337,0.013265481193601714
2003-09-19,-0.00013923759909828526,-0.003155031229161165
2003-09-22,-0.006728708880951562,-0.01300785570660723
2003-09-23,0.0035039633452584873,0.006071470960860692
2003-09-24,-0.011763271722284863,-0.01909567636960907
2003-09-25,-0.003768786785351641,-0.00605320624740513
2003-09-26,-0.004397917646798533,-0.0063991187021735785
2003-09-29,0.007805438150312316,0.009760788225115835
2003-09-30,-0.007744985147766226,-0.010540688476405324
2003-10-01,0.01659258363066085,0.022340030979339787
2003-10-02,0.0026631171112783125,0.00198387341573647
2003-10-03,0.006415043431377887,0.009419338041586567
2003-10-06,0.003426345073351378,0.004369568487332165
2003-10-07,0.0018303505294470224,0.004737298332014417
2003-10-08,-0.0007983841155295712,-0.005263382923382243
2003-10-09,0.0028118636016856158,0.0047882054514456485
2003-10-10,0.0009039543373068337,-0.0006449432360637886
2003-10-13,0.0031535080359281764,0.00702263508920975
2003-10-14,0.0011445139843906382,0.003950834628850153
2003-10-15,0.0006859419486389129,-0.0025917318612500573
2003-10-16,0.0005330930478866236,0.003162077737550062
2003-10-17,-0.0024663091686079053,-0.010237413267554563
2003-10-20,0.003571306144744213,0.005157321805487891
2003-10-21,0.0022203293282754277,0.0012922383088889156
2003-10-22,-0.008133235434563457,-0.014980491483447822
2003-10-23,0.0023865216384093557,0.0033095561048248623
2003-10-24,-0.0017856064970031005,-0.004701224895036327
2003-10-27,0.0015595198224283013,0.002157594570350252
2003-10-28,0.0086706853019487,0.015187254861686705
2003-10-29,0.0013923102133293064,0.0012609465506996376
2003-10-30,-0.0001662213649800126,-0.001116336989118616
2003-10-31,0.0018743144650559262,0.0036009893043016383
2003-11-03,0.0029420380112157307,0.007908993825789246
2003-11-04,-0.0009928909230267902,-0.005448451799621279
2003-11-05,-0.00045172083119571216,-0.0013671411405173917
2003-11-06,0.002259716823718616,0.005932620802959088
2003-11-07,-0.0006613594611145635,-0.004574535860553786
2003-11-10,-0.0014739651811528365,-0.0057917944305309055
2003-11-11,0.0004217151588534751,-0.0005157424435396907
2003-11-12,0.004727798686167128,0.011427886927405817
2003-11-13,0.00046455501912867625,-0.0001133601446028365
2003-11-14,-0.0014230047900362086,-0.007615251493715225
2003-11-17,-0.001860004026529638,-0.006397839633762281
2003-11-18,-0.004132728307877254,-0.009083660324440856
2003-11-19,0.007167972176950199,0.008016164769598655
2003-11-20,-0.004944394650246764,-0.008432060824847043
2003-11-21,0.007709442803757183,0.001576940786836012
2003-11-24,0.008278105228828103,0.0162274228058108
2003-11-25,0.0014967080924448428,0.001720457255490082
2003-11-26,0.0010506547829087776,0.0043267669871212
2003-11-28,0.0006356137114282845,-0.00023619444615519125
2003-12-01,0.0019795649032654516,0.011264453312544553
2003-12-02,2.9425590869491813e-05,-0.003270661249177631
2003-12-03,7.378677224534336e-05,-0.0017719662645456769
2003-12-04,0.000854963634353112,0.004686625084209695
2003-12-05,-0.0007953485549639927,-0.007684226646457737
2003-12-08,0.0016362294636826924,0.007348138321361386
2003-12-09,-0.0007653085972181284,-0.008528939213256703
2003-12-10,0.00027983924121044446,-0.0010658612929541622
2003-12-11,0.001575486434020279,0.011481905055224173
2003-12-12,0.0002793208868496766,0.0027352748926767756
2003-12-15,-0.00017635448723052338,-0.005678938967685676
2003-12-16,0.0006320633301437617,0.006638295907460456
2003-12-17,0.000279115724086898,0.001255639392265584
2003-12-18,8.811249500606522e-05,0.01179777931091408
2003-12-19,-0.0019236946696905566,-0.0004774412912522674
2003-12-22,0.002177588448983858,0.003931353307910612
2003-12-23,0.0020699891272031312,0.0028181586273048342
2003-12-24,-0.0006153054847316541,-0.001806518524722578
2003-12-26,0.0007036392213368714,0.00169095784421458
2003-12-29,0.005141967406071091,0.012400848295594846
2003-12-30,-2.917746069630578e-05,0.00014424251226219376
2003-12-31,-0.0002040702677803541,0.0020547468248948153
2004-01-02,5.8368535373221064e-05,-0.003093804716710058
2004-01-05,0.003906637858967832,0.012395343602475073
2004-01-06,0.0011325389637626415,0.0012921470656763745
2004-01-07,0.0007832669810829973,0.002367164741738481
2004-01-08,0.0004202519140878991,0.0049630997209786365
2004-01-09,-0.00034766078316517124,-0.008887605310606284
2004-01-12,0.0008839598784462499,0.004786689236896846
2004-01-13,-1.4492834309653979e-05,-0.00533166245554062
2004-01-14,0.0005068146913163041,0.008294580074499347
2004-01-15,0.00023150626223999993,0.0013533854071061668
2004-01-16,0.0013889809980087708,0.0068724057161748675
2004-01-20,0.000953539277123161,-0.0009299075864844797
2004-01-21,0.0035653398816686277,0.0077715214083178275
2004-01-22,-0.0012657205512354164,-0.003206683158706869
2004-01-23,-0.0009505374219392904,-0.0020891766181247995
2004-01-26,0.005045263431658897,0.012106299065248738
2004-01-27,-0.0028685351596901,-0.009797680688353294
2004-01-28,-0.006098775082779673,-0.01360960420859536
2004-01-29,0.0022287752265344185,0.00498901618128289
2004-01-30,-0.00033218029431403284,-0.0026275938905750973
2004-02-02,0.0022245577884694168,0.003651220341591488
2004-02-03,0.00038908448675378793,0.000678275923247762
2004-02-04,-0.0031551685901696214,-0.008371266181679271
2004-02-05,0.001503142175814265,0.0018374695994518575
2004-02-06,0.0066238050933769,0.012555528911700975
2004-02-09,-5.731288327992523e-05,-0.0025814266745999292
2004-02-10,0.0022078538026433225,0.005027136254455833
2004-02-11,0.0021744386287310125,0.010667432203527172
2004-02-12,2.857646928133839e-05,-0.004880134368439815
2004-02-13,-0.00039971065409238893,-0.0054681643574940875
2004-02-17,0.0015993076348854718,0.009757229443723148
2004-02-18,0.0002851532775005605,-0.004468529536945431
2004-02-19,0.00014249249826581156,-0.004132492852418457
2004-02-20,0.001539099833173685,-0.002571855954782487
2004-02-23,-0.0006829545775282053,-0.002727006281855626
2004-02-24,2.8504856819155933e-05,-0.0016652419655953654
2004-02-25,0.0029187967573869322,0.004020822114521705
2004-02-26,0.001306070346007715,0.0010842202617262764
2004-02-27,0.0008790391733188851,2.6121900996267655e-05
2004-03-01,0.003442257307372021,0.009633718676394176
2004-03-02,-0.0014398872285078523,-0.005943056732701124
2004-03-03,0.0010037053051503708,0.001679622097244815
2004-03-04,0.0012145828209715326,0.0033361126317947853
2004-03-05,0.0010862021419086876,0.0017231292204220594
2004-03-08,-0.0022968167337883427,-0.00835021895649013
2004-03-09,-0.0026269124830581303,-0.005770567816382077
2004-03-10,-0.009501723260678663,-0.014632855257233457
2004-03-11,-0.013524276893758236,-0.01522389658112111
2004-03-12,0.013492358620142975,0.012459492064514466
2004-03-15,-0.013069673008563654,-0.014349801284550545
2004-03-18,-0.001393898706728347,-0.0012725728239710854
2004-03-19,-0.007264284997063775,-0.011173210485700302
2004-03-22,-0.009383443049556406,-0.012957527170427863
2004-03-23,0.0015497694705757237,-0.0013237841974333975
2004-03-24,-0.001952242351319633,-0.0023949862737147054
2004-03-25,0.012765336878852507,0.016365339604649698
2004-03-26,0.0009299006502143659,-0.0010186558409170932
2004-03-29,0.007189762013398493,0.01300463092917803
2004-03-30,0.001972659257977405,0.0040357688090642
2004-03-31,-0.00011333383358136384,-0.0007010107031942825
2004-04-01,0.002195605589867533,0.005292159734452184
2004-04-02,0.0033922606559186885,0.008514634970242296
2004-04-05,0.002324219357885182,0.007671930746608657
2004-04-06,7.02519764266274e-05,-0.0020945376829524243
2004-04-07,-0.0006885753951459961,-0.006645419328032753
2004-04-08,-0.0002531151010237709,-0.001060983031335394
2004-04-12,0.0021661458135247003,0.005160977741120565
2004-04-13,-0.0026948264335427963,-0.013761797448120672
2004-04-14,0.001998427886216403,-0.0011243603261952284
2004-04-15,0.001404553620446114,0.0005938128552476218
2004-04-16,0.0007434104080881188,0.005111459290916498
2004-04-19,0.001836016199851187,0.001066411324702976
2004-04-20,-0.007652342191362016,-0.015556974441883087
2004-04-21,0.003552539544772193,0.005312293767880227
2004-04-22,0.007613918546967913,0.014091476992293517
2004-04-23,0.0008225041771912078,0.0005876868258882784
2004-04-26,-0.0018944730394261367,-0.004444981937210768
2004-04-27,0.0019120390483249317,0.00227202802931159
2004-04-28,-0.007800712581278346,-0.013794757425861004
2004-04-29,-0.003987233586026928,-0.0075908262326582765
2004-04-30,-0.003777617087503571,-0.005916172812081788
2004-05-03,0.006848103675132222,0.009202511475578934
2004-05-04,0.00155993033277535,0.0018434693927933399
2004-05-05,0.0020064158377108843,0.0017685502053459423
2004-05-06,-0.004873052108163134,-0.006722993469222671
2004-05-07,-0.010455060023860652,-0.013725472577435949
2004-05-10,-0.009328381526369278,-0.010539689241213068
2004-05-11,0.008138780318375893,0.007662407178693709
2004-05-12,0.0023065681226237533,0.0016706177430034774
2004-05-13,-0.0010654014100095477,-0.0007656093870251901
2004-05-14,-0.0002418110379535099,-0.0006749026612674625
2004-05-17,-0.010440324945542478,-0.010586817653437941
2004-05-18,0.007517579958290499,0.0068167279908324385
2004-05-19,-0.0021827690036178016,-0.002574404299240607
2004-05-20,0.0007148984594600449,0.00046835403438727496
2004-05-21,0.0020574401931359176,0.004012263629480151
2004-05-24,0.002937230843404137,0.001691700031835941
2004-05-25,0.00810342760028071,0.01610357226793835
2004-05-26,0.0006769729522406731,0.0016979403398029724
2004-05-27,0.002240713918119308,0.005686483778335472
2004-05-28,0.00016872916471588617,-0.0005350809523592126
2004-06-01,0.0003374872090802228,0.00046391247815646963
2004-06-02,0.0012788963319376734,0.0033803418012448017
2004-06-03,-0.0018527978772883147,-0.0074222665609654515
2004-06-04,0.002235947331514332,0.005247873329532693
2004-06-07,0.0029464656328601624,0.015964404405623522
2004-06-08,0.0002798117090057062,0.0015432995719157905
2004-06-09,-0.000405643359587482,-0.00949946343485697
2004-06-10,0.0006856549272704626,0.004543338237380734
2004-06-14,-0.00022375830143728237,-0.009837419314923102
2004-06-15,0.0007552465865594549,0.005971767695307717
2004-06-16,0.0001257225742898882,0.0013692889769110206
2004-06-17,0.00025149882297026416,-0.0013320950700206335
2004-06-18,-0.002039450405630694,0.002623533037430237
2004-06-21,-0.0011758494215586834,-0.004158491147208343
2004-06-22,0.003251313599636374,0.003636189661164524
2004-06-23,0.003687789336803249,0.008506645854063244
2004-06-24,-0.0016144771866541952,-0.0029806426280444276
2004-06-25,-0.0005436805180126791,-0.005453005365357422
2004-06-28,-0.0017434481931986046,-0.0009520887792657806
2004-06-29,0.002081891424752902,0.0025146474145940623
2004-06-30,0.0029140220525141203,0.004083801133464071
2004-07-01,-0.0050326639491469205,-0.010430932269721027
2004-07-02,-0.0019282429255189637,-0.003153344471985897
2004-07-06,-0.0047178988867129235,-0.008148397790546658
2004-07-07,0.0023630915745418424,0.001899279876885318
2004-07-08,-0.006960274258650756,-0.008244410026940319
2004-07-09,0.003674098065763909,0.003336074231641284
2004-07-12,0.0017599436818021008,0.001383809375459455
2004-07-13,0.0009275799642041171,0.0007089685285670555
2004-07-14,-0.0031172359958995255,-0.003291105957191842
2004-07-15,-0.004296120492548905,-0.0043006373747112026
2004-07-16,0.005333161337649717,-0.004788989724690218
2004-07-19,0.0007879964817996132,-0.00044488349073279476
2004-07-20,0.0036698159419488174,0.007057879334125161
2004-07-21,-0.007410782589483356,-0.013340343362997498
2004-07-22,0.001961801297800436,0.002705928369005184
2004-07-23,-0.006155529646967972,-0.00970060809233908
2004-07-26,-9.922235452830552e-05,-0.0019609694149907986
2004-07-27,0.00690299676054873,0.009925567812721026
2004-07-28,0.0012388153907303412,0.0005389767491852382
2004-07-29,0.0034306316783483393,0.004573596944219327
2004-07-30,0.0012330524770816087,0.0011721935327353439
2004-08-02,0.002966853902304667,0.0044476133176885035
2004-08-03,-0.0034883072299339846,-0.0062623608298381095
2004-08-04,-0.00015400228610495947,-0.0009638503395621445
2004-08-05,-0.011819572807759915,-0.0163203750409584
2004-08-06,-0.013264721294153237,-0.015480689575870343
2004-08-09,0.0016947342879642946,0.0011748451877584554
2004-08-10,0.011785748884157954,0.012973910309109993
2004-08-11,-0.0016437898346584046,-0.0030119364271447013
2004-08-12,-0.010958015686462041,-0.011675195100984137
2004-08-13,0.0020953544377741995,0.001476696846605785
2004-08-16,0.01351951656484962,0.013655067923963315
2004-08-17,0.0018793780967025775,0.00219578185950553
2004-08-18,0.01187552209840681,0.012443338319771735
2004-08-19,-0.003359128479496931,-0.0035976727982519607
2004-08-20,0.0021257268000176577,0.006524742945688722
2004-08-23,0.00044659455679352256,-0.0024308480305429425
2004-08-24,0.0006835133813836158,0.000465361848639656
2004-08-25,0.003387410401195279,0.008000456125331068
2004-08-26,0.0005973863055994677,0.00011765574084887653
2004-08-27,0.0007776215830328503,0.0024251905218848346
2004-08-30,-0.001859134272596208,-0.007781394120807694
2004-08-31,0.0017096359176249631,0.004630819912892159
2004-09-01,0.0010545877914269752,0.0015123921974227184
2004-09-02,0.002910936116343965,0.011212507374761538
2004-09-03,-1.3834623608821595e-05,-0.004184933932207091
2004-09-07,0.0016447401720511845,0.006887425726392449
2004-09-08,0.00012414043905129013,-0.00448589055367643
2004-09-09,0.00034492274311603843,0.0018902105356628507
2004-09-10,0.0007723571726390155,0.004953628496854767
2004-09-13,0.0002205512367776663,0.0016904248251332632
2004-09-14,0.00028929403509336815,0.002229494844089963
2004-09-15,1.3787936161246961e-05,-0.007054639376351202
2004-09-16,0.0002479272141522326,0.002793724302198042
2004-09-17,-0.0004543785373297693,0.004494925525700966
2004-09-20,-0.0016808548621474184,-0.0056267754033982875
2004-09-21,0.0034362703915895576,0.006326945255019423
2004-09-22,-0.007742989363693553,-0.013937828348372427
2004-09-23,-0.002314662853252325,-0.0046697734909371125
2004-09-24,0.0022227748869343422,0.001578909400491213
2004-09-27,-0.0040476054100394565,-0.005936317939006286
2004-09-28,0.005414152877994294,0.005926525071360267
2004-09-29,0.0023948343767219438,0.0042700304345510975
2004-09-30,0.00031768862266767783,-0.0001974280263701278
2004-10-01,0.008379968059218701,0.015180646173832857
2004-10-04,0.0012869518160594229,0.0032435209415047073
2004-10-05,0.0002597968793995875,-0.0006078943681108173
2004-10-06,0.0021872169247787454,0.00667272097322269
2004-10-07,-0.003028114267294213,-0.00998207077330826
2004-10-08,-0.0017511742620889281,-0.0075266524405155355
2004-10-11,0.0023572867011052434,0.002005097377001386
2004-10-12,-0.0005332731571990879,-0.0022679397672544788
2004-10-13,-0.0051985552693957215,-0.007300454303445503
2004-10-14,-0.008182422744155482,-0.00930272987423797
2004-10-15,0.0035357435064351517,0.004450246023744775
2004-10-18,0.0029429305239694337,0.005251821526630174
2004-10-19,-0.003733326741301224,-0.009685677881300703
2004-10-20,0.000511615365171636,0.00038981329237874895
2004-10-21,0.0016031471452888635,0.0025641555977795605
2004-10-22,-0.004884614982955782,-0.009715406460859999
2004-10-25,-0.000970648401426133,-0.0008578142758566276
2004-10-26,0.0070647720872925035,0.01487935354919312
2004-10-27,0.005829872274282,0.012879297837223191
2004-10-28,0.0009454678719480469,0.0018126150239330396
2004-10-29,4.110843033644507e-05,0.0024480326306184352
2004-11-01,0.0007665738701494451,0.00027433959223621684
2004-11-02,0.00012305878728646746,4.427101723347704e-05
2004-11-03,0.003925209163763155,0.011180204432347685
2004-11-04,0.001307860608949607,0.016156484921560743
2004-11-05,0.00014963993409855547,0.0038737333578102717
2004-11-08,0.0005169360917207655,-0.001097635206392833
2004-11-09,0.00025833450343171194,-0.0006953949158835515
2004-11-10,0.00010876616278876483,-0.0010050184859853317
2004-11-11,4.073102821711139e-05,0.009089220987346991
2004-11-12,-5.433347631467189e-05,0.009109710991654252
2004-11-15,0.00031257963812425515,-0.0003039980224149863
2004-11-16,-0.00014944068382460873,-0.007078842439273703
2004-11-17,0.00033973392264785574,0.005538302917098559
2004-11-18,6.790712560489354e-05,0.0013622582378927106
2004-11-19,-0.001059494790368154,-0.011161406330803092
2004-11-22,0.003467531163294124,0.0058957436433662025
2004-11-23,0.000528518100586961,-0.0002548748178909932
2004-11-24,0.0018825641394883963,0.004095424235170286
2004-11-26,0.00024340793552779516,0.0007531263886768613
2004-11-29,-0.0002567947494753753,-0.003449945495939466
2004-11-30,-0.0007976461558479864,-0.00403030809919791
2004-12-01,0.004627101056323024,0.014951227301604586
2004-12-02,0.00014820264224835178,-0.0008729773846601896
2004-12-03,0.0006193508683487448,0.000705760521569454
2004-12-06,0.000551781281062258,-0.0007723867385592831
2004-12-07,-0.0025957507869095453,-0.011073349053507653
2004-12-08,0.002076589451821098,0.004876611048293622
2004-12-09,0.001695544194617371,0.005436148935247909
2004-12-10,0.00040299814219091346,-0.0010426745186483677
2004-12-13,0.001047373080290681,0.008989944201125866
2004-12-14,0.00040249619691845595,0.003920938833781973
2004-12-15,0.00016090096684617805,0.0019444945161277705
2004-12-16,0.0001742949768188673,-0.00208175183841508
2004-12-17,-0.00166214069584103,-0.007488310484568106
2004-12-20,0.0008190141082842217,0.0003768826499663813
2004-12-21,0.0046016080285151695,0.00904024319851282
2004-12-22,0.0016159049715833707,0.0034178068638870407
2004-12-23,0.0007732437796272862,0.0004630229078261827
2004-12-27,-0.001105708784700954,-0.004305290271688245
2004-12-28,0.0020405561657244053,0.007153997612125984
2004-12-29,0.00014639143884664918,-7.423561458641537e-05
2004-12-30,9.316670545223005e-05,8.249013991323828e-05
2004-12-31,-0.0006520249647266052,-0.0013431707117366187
2005-01-03,-0.0025698970383238873,-0.00811942003912347
2005-01-04,-0.004498905421704946,-0.0116713594265474
2005-01-05,-0.0018908866254597756,-0.003627842613197485
2005-01-06,0.0027811839274056727,0.003505858083953761
2005-01-07,-0.00028131322903268696,-0.0014311705807971142
2005-01-10,0.0026804261000601404,0.0034227727381810347
2005-01-11,-0.0028604084456369527,-0.006099567120878002
2005-01-12,0.003284154602430922,0.003981403880320977
2005-01-13,-0.006453273318611785,-0.008630125807352784
2005-01-14,0.005755507757373435,0.00600455955884871
2005-01-18,0.006926039091521119,0.009674771847279606
2005-01-19,-0.005656707184681031,-0.009490104994474113
2005-01-20,-0.006369963038858395,-0.007782996095930472
2005-01-21,-0.0038975679697579313,-0.006414815973357024
2005-01-24,-0.0013357308411768853,-0.0035277857419173664
2005-01-25,0.003391126124510313,0.004004325825724964
2005-01-26,0.0033527094562004756,0.0048441146034394755
2005-01-27,0.00048317349729076753,0.0004089215813589675
2005-01-28,-0.0014486567239448966,-0.0027159876922616677
2005-01-31,0.005050721611888909,0.008460280617075266
2005-02-01,0.0029402856247164877,0.006890900906523889
2005-02-02,0.0013859611408704176,0.003177968167360712
2005-02-03,-0.00041253250856077006,-0.002765634073250145
2005-02-04,0.0025028687676722505,0.01104304976651127
2005-02-07,0.00018585643097290827,-0.0010889658294861437
2005-02-08,0.00045146697593212437,0.00048270656986804106
2005-02-09,-0.0010352080914067807,-0.00857527919407397
2005-02-10,0.0011558829129125758,0.004211461146802931
2005-02-11,0.0006899752883717802,0.00692562217096504
2005-02-14,0.0005171853655481229,0.0006968935420927913
2005-02-15,0.00010605313431910623,0.0032997665448568636
2005-02-16,5.298050099167284e-05,0.00018177594289214838
2005-02-17,6.624233825269776e-05,-0.007923365410653749
2005-02-18,0.000755306739537609,0.0006995343079845284
2005-02-22,-0.008659469985579316,-0.014505723363565037
2005-02-23,0.004327487887737735,0.005607362566527829
2005-02-24,0.004907309664900827,0.007893770539395328
2005-02-25,0.0037319948996150654,0.00930681919658971
2005-02-28,-0.0021359286585986847,-0.006414241365205964
2005-03-01,0.0022990502425703774,0.0056580747190815295
2005-03-02,0.0001581859499175664,-0.00027269942885399523
2005-03-03,0.00023724139662051336,0.0003223048580269783
2005-03-04,0.0033866239813868937,0.009624381187494757
2005-03-07,0.0008010944389664765,0.0026102702593100435
2005-03-08,-0.00030179184099987655,-0.004798789368921641
2005-03-09,-0.0023102698126907795,-0.01018512206380029
2005-03-10,0.0010788718349243887,0.0018558174466258848
2005-03-11,-0.0018136958179431062,-0.007583249076131948
2005-03-14,0.002975654727616961,0.0056246252309646305
2005-03-15,-0.00242863447460695,-0.007523807317785902
2005-03-16,-0.005132138696335442,-0.00808186492251095
2005-03-17,0.00252638605290878,0.0018012530786775116
2005-03-18,0.0006201601077682195,-0.00047045188816641215
2005-03-21,-0.001279067128449607,-0.004934220146028734
2005-03-22,-0.0047001632369343405,-0.010196208806246054
2005-03-23,0.00029187348122561296,0.0006998902345414226
2005-03-24,0.0011934587291935195,-0.0009466583574222476
2005-03-28,0.002185520751209813,0.002441468682685466
2005-03-29,-0.005550945878338154,-0.007596181253847534
2005-03-30,0.008665283939657487,0.013772610206178593
2005-03-31,-0.00014491778087288854,-0.0006941437228814573
2005-04-01,-0.0031363723559429957,-0.006496685637735977
2005-04-04,0.002789288647482291,0.002728192077877223
2005-04-05,0.003111097629455717,0.004480851914030248
2005-04-06,0.0013141813433894534,0.002268456316200096
2005-04-07,0.002887420403684615,0.005970988776071051
2005-04-08,-0.002394902802075438,-0.008345000045604456
2005-04-11,0.0013249505205283896,8.474234709510142e-06
2005-04-12,0.0030656310842949175,0.005545202838389773
2005-04-13,-0.0050415284576954544,-0.011761610584853477
2005-04-14,-0.008283119679433848,-0.010001780423824047
2005-04-15,-0.014308780957883904,-0.016720496445511768
2005-04-18,0.003504970586458711,0.0029405973691347675
2005-04-19,0.0048040435707754625,0.00593382863926073
2005-04-20,-0.008816433151193293,-0.0132549392846395
2005-04-21,0.012952656564914289,0.019736220810439464
2005-04-22,-0.003475301524466068,-0.006750253359446234
2005-04-25,0.005710301111204297,0.008662275206615888
2005-04-26,-0.0038646605426325698,-0.00883746643749117
2005-04-27,0.002404864906683457,0.00395027825436145
2005-04-28,-0.00829744802748733,-0.011380371611511175
2005-04-29,0.008112922258265653,0.011922469194121543
2005-05-02,0.0037652345126915066,0.004590101314615458
2005-05-03,0.00042267512156635156,-0.0008518536219271899
2005-05-04,0.004990664865153649,0.012470163645930121
2005-05-05,-0.00018393936704175218,-0.002568808292038427
2005-05-06,6.568180318122785e-05,-0.0010915883881061905
2005-05-09,0.002995663361086809,0.006394323123307677
2005-05-10,-0.0037333952061270326,-0.010705435413708386
2005-05-11,0.002682356117283069,0.004193046570356129
2005-05-12,-0.004484832894473212,-0.010033216475797246
2005-05-13,-0.0014093818521946355,-0.004580058472371085
2005-05-16,0.006714197047843484,0.01008612459220859
2005-05-17,0.0028171917957706683,0.006957345288654659
2005-05-18,0.0009146540595559305,0.010018750448482105
2005-05-19,0.0003132908961744896,0.0046559408112019085
2005-05-20,0.00039149096966140107,-0.0015111720658741445
2005-05-23,0.0025829088665512145,0.003851032508630725
2005-05-24,0.0007286416856264744,0.00017586730443786003
2005-05-25,-0.0007800907508218602,-0.0034000826635449677
2005-05-26,0.002602438451790645,0.00639489188251563
2005-05-27,0.0003244604182053301,0.0009686162425619482
2005-05-31,-0.0013752627862932965,-0.006072865011894635
2005-06-01,0.0032739488841477815,0.00899703793799822
2005-06-02,0.001010112825966969,0.0017218715458240386
2005-06-03,-0.0012419430435397505,-0.0068671327196959675
2005-06-06,0.0013859480786897471,0.0012457903797955527
2005-06-07,-0.00012931612297317763,-0.00020876652216783587
2005-06-08,-9.056457656997363e-05,-0.0021632442403379804
2005-06-09,0.0017077746268137073,0.005239948718352094
2005-06-10,0.00020661424135770545,-0.0023482369773834
2005-06-13,0.0011105684327601395,0.002261863243468998
2005-06-14,0.0005029842102792781,0.002573314925500947
2005-06-15,0.00045127003597644766,0.0022177087981654076
2005-06-16,0.00018034794175258995,0.0036300991582309816
2005-06-17,0.00010309355366477924,0.0049547468071156064
2005-06-20,0.000785820569973783,-0.0007066669234541134
2005-06-21,-0.0006307398465262848,-0.002047520996927288
2005-06-22,0.0005796437419780531,0.00022249283914033136
2005-06-23,-0.006449466126042136,-0.010833051340467525
2005-06-24,-0.005493638638813136,-0.0076287211352144
2005-06-27,0.0002475408333038054,-0.0007385255775820276
2005-06-28,0.007567564387618075,0.009137563444907348
2005-06-29,-0.000840302518374858,-0.0014314361876618387
2005-06-30,-0.00593855168104318,-0.007100904033514155
2005-07-01,0.003618242705146324,0.0026105155299391836
2005-07-05,0.006691783611802782,0.008832632317790745
2005-07-06,-0.006338060505837073,-0.008340358766109057
2005-07-07,0.002087257623756278,0.0024520510273422502
2005-07-08,0.009366699165580528,0.011679055566465202
2005-07-11,0.0033069086783608093,0.006254811732634646
2005-07-12,0.0015074576776559212,0.0022715506005615005
2005-07-13,0.0008546245292733179,0.0008837091494260374
2005-07-14,0.0007392331236182326,0.0026240391362624127
2005-07-15,0.0013881378035753844,0.001157801830666605
2005-07-18,-0.0013353696757053557,-0.005529707814430296
2005-07-19,0.003069168928811372,0.006731446013329201
2005-07-20,0.0017773926687143504,0.004758592509955806
2005-07-21,-0.002648711555218841,-0.00660614672274995
2005-07-22,0.002439746437618906,0.0054114082972474
2005-07-25,-0.0005831330111156774,-0.003769230441940885
2005-07-26,0.0012303490009231144,0.001733077981854514
2005-07-27,0.0016468257373989381,0.0045729269359882085
2005-07-28,0.0014038186244105244,0.005603159325149543
2005-07-29,-0.0022227958989122776,-0.00767047021589129
2005-08-01,0.000278507093818936,0.0009479345185350319
2005-08-02,0.0023409707730068785,0.007099218605715496
2005-08-03,0.0004923743617049059,0.0007395138322054962
2005-08-04,-0.001602548304416418,-0.007373299992705418
2005-08-05,-0.001782001667449351,-0.007638358323871608
2005-08-08,-0.00034187476734703903,-0.0026826364089062027
2005-08-09,0.0031790384452303755,0.006744990284814678
2005-08-10,-0.00016413514533397677,-0.0018272182357014222
2005-08-11,0.0019320259505581916,0.007061949245771748
2005-08-12,-0.0005545363713629348,-0.005994493172678084
2005-08-15,0.001399693985302708,0.0028283555842611996
2005-08-16,-0.003450304380300251,-0.01177598073895536
2005-08-17,0.0018953991991752517,0.0007381242633648366
2005-08-18,0.0004540167550504126,-0.0009997793162725976
2005-08-19,0.0008698423465569594,0.0005659803737392277
2005-08-22,0.0018389575637536293,0.0016561474415583977
2005-08-23,-0.0011943829241533033,-0.003388649468067495
2005-08-24,-0.003398592945489942,-0.006570356379875575
2005-08-25,0.0013135181905195026,0.0022983237092162323
2005-08-26,-0.0024848582319705326,-0.005996535348556931
2005-08-29,0.004590178358151009,0.005958056473651885
2005-08-30,-0.0016112143963834535,-0.0031923276995927674
2005-08-31,0.005257440441722938,0.009864136789539124
2005-09-01,0.001091121839974063,0.0010325156400312618
2005-09-02,-0.0013029641746789,-0.002922376893187084
2005-09-06,0.005895872032051885,0.012618836201971906
2005-09-07,0.0012470849465491263,0.0024079736886564174
2005-09-08,-0.0002739804756222153,-0.0037933461627815968
2005-09-09,0.0019933663954043723,0.007964743943933206
2005-09-12,0.00042278751068547393,-0.0007409880863746832
2005-09-13,-0.0004971779424434164,-0.007545065921665484
2005-09-14,0.0002984247922088734,-0.0032812842368473705
2005-09-15,0.0006961420679145736,0.0004644433270217796
2005-09-16,0.0021367119580959493,0.008291769259435089
2005-09-19,-0.0020205586126557096,-0.005565844413728538
2005-09-20,-0.0029065767449145685,-0.007863441339177824
2005-09-21,-0.006527630737376278,-0.009121141500479157
2005-09-22,0.0031849254261364646,0.003652325337670348
2005-09-23,0.0011749443368118673,0.0005516490326242796
2005-09-26,0.0007865426080235771,0.0002797404811898385
2005-09-27,0.0004366669920412569,2.470266179210867e-05
2005-09-28,0.001296795349954749,0.0010117799665758653
2005-09-29,0.005217935792535711,0.008866897527807671
2005-09-30,0.00034684307396282144,0.000920439229583403
2005-10-03,0.00037159131486186325,-0.0017171957595218945
2005-10-04,-0.006227056185860835,-0.009969822251208682
2005-10-05,-0.012108491941814292,-0.014887116594756167
2005-10-06,-0.003593902487831757,-0.004095674783362702
2005-10-07,0.004138374782608922,0.0037012767340327546
2005-10-10,-0.006364675057257019,-0.007166208031122001
2005-10-11,-0.0018392067125276856,-0.002071842729946871
2005-10-12,-0.005896274981627925,-0.00606812682900193
2005-10-13,-0.0007414254108326634,-0.0007133413595465932
2005-10-14,0.008596469311429766,0.008267887521960393
2005-10-17,0.00282834516493935,0.0029749862685424233
2005-10-18,-0.00973859179362091,-0.010049543049197696
2005-10-19,0.014393935850604,0.014955773420908258
2005-10-20,-0.015826459859455633,-0.015019703611780955
2005-10-21,0.005692955216808793,0.0015197121056060858
2005-10-24,0.00712356335002351,0.016777049344208095
2005-10-25,0.00031576821256384946,-0.002367861569102958
2005-10-26,-0.0010227629689981699,-0.004312462609885159
2005-10-27,-0.0041584232506953756,-0.010475230755595533
2005-10-28,0.006092360189773105,0.016549333583500303
2005-10-31,0.002094231162372173,0.007176154521957301
2005-11-01,-0.0002517998850956049,-0.003521097559766928
2005-11-02,0.0022036694108520383,0.009977052697601962
2005-11-03,0.0009297761343858291,0.0042641604917701414
2005-11-04,0.0002636413521421854,0.00016400253438453305
2005-11-07,0.0006902197221150264,0.00218830946715709
2005-11-08,0.00010035000796837501,-0.0034511433266182223
2005-11-09,0.00035107498056907716,0.0016905264703728218
2005-11-10,0.0004512564945586828,0.008446267412632436
2005-11-11,0.00018797696861527768,0.0030545345786563427
2005-11-14,0.00041342573109148795,-0.0007774725932012672
2005-11-15,0.0001627950612717033,-0.0038500194222557127
2005-11-16,0.00011263890252721787,0.0017900189212409767
2005-11-17,0.00020034324253015434,0.009413575473187219
2005-11-18,0.0017397035834776364,0.004401328040084085
2005-11-21,0.002448956122252932,0.005271260185483184
2005-11-22,0.001408439239509729,0.0050842770107506485
2005-11-23,0.0007965929583948483,0.0034728042867999687
2005-11-25,0.0006590989086345811,0.0020859622466586902
2005-11-28,-0.001242838167815008,-0.008507817120047334
2005-11-29,0.0005102402747125812,1.5920611289299558e-05
2005-11-30,-0.0013929940672876562,-0.006361930308439456
2005-12-01,0.0034374749614471956,0.01215710832826944
2005-12-02,0.0002731074468331762,0.0003241257364618999
2005-12-05,-1.2420913243049725e-05,-0.0023634792568365537
2005-12-06,0.000570838938592555,0.001275650227134273
2005-12-07,-0.0007813238617685458,-0.005009065679568603
2005-12-08,0.0003599081828848938,-0.0012168489011322725
2005-12-09,0.0012407101975413504,0.00281089103146126
2005-12-12,0.0008178963651033211,0.000841737216116023
2005-12-13,0.0005695052604421935,0.005553660022141527
2005-12-14,0.0003093638298397039,0.004189530229214977
2005-12-15,0.00021035670789482097,-0.0014143099469935416
2005-12-16,-0.0022881483112044965,-0.0028482818103757745
2005-12-19,-0.0028263602449789538,-0.0058390167103565815
2005-12-20,0.00043507654812957597,-0.00023814910284736257
2005-12-21,0.001640270051840531,0.0025166668976364104
2005-12-22,0.0025804422332353916,0.004220777714278201
2005-12-23,0.0009899001036952626,0.00042585801389405376
2005-12-27,-0.004821094449856345,-0.009553382932114052
2005-12-28,0.0007576987277955194,0.0012972168272717965
2005-12-29,-0.0011790968939009439,-0.0029805192215838217
2005-12-30,-0.004088477802767776,-0.004886724277406218
2006-01-03,0.011629367276787317,0.016430484201434892
2006-01-04,0.001578840703916562,0.0036726922525569528
2006-01-05,0.0001477735946175951,1.572058161558587e-05
2006-01-06,0.003927897140725278,0.009399418040885843
2006-01-09,0.0011529103819352127,0.0036563642465448076
2006-01-10,0.0004410125852341018,-0.0003566120211651036
2006-01-11,0.0007224395586555854,0.003481544021186611
2006-01-12,-0.00040375427243122264,-0.006274239116809244
2006-01-13,0.0007467166211170273,0.0012051744764605132
2006-01-17,0.00012229429472476738,-0.0036345878751066207
2006-01-18,-0.00013452220504739376,-0.0038973286076955382
2006-01-19,0.0012355010797568955,0.005563673325403196
2006-01-20,-0.006438631070555867,-0.01832631522151318
2006-01-23,0.002016667717405385,0.0018469873504542988
2006-01-24,0.0020739534545792804,0.002405436843615494
2006-01-25,-0.0002204279860872349,-0.0017207360448914244
2006-01-26,0.004225988126113522,0.0072349542612786255
2006-01-27,0.0034885101691135567,0.007763999112620157
2006-01-30,0.0009238106253504075,0.0011450867297171374
2006-01-31,-0.001323731664715444,-0.003976054579116317
2006-02-01,0.0010214831344323994,0.0018592626746127827
2006-02-02,-0.0036807935519235224,-0.009060707913791766
2006-02-03,-0.0022678047116072575,-0.005358610609197956
2006-02-06,0.0016741761939544908,0.0007832015153355076
2006-02-07,-0.0055265082741998706,-0.008094725835381955
2006-02-08,0.007066121030431249,0.008662869079354651
2006-02-09,-0.00013397979700646712,-0.001477497792530147
2006-02-10,0.002132066308511371,0.002539968082329924
2006-02-13,-0.0012886725114882314,-0.003259698114938203
2006-02-14,0.006646486308492294,0.010032817645881265
2006-02-15,0.002043657314782399,0.003504402562430453
2006-02-16,0.0015809006751255072,0.0073281288146973544
2006-02-17,0.00024099307679903426,-0.0016597237744756521
2006-02-21,-0.00024093501312905108,-0.003270533054782976
2006-02-22,0.0033616217679479643,0.007513475466915054
2006-02-23,-0.0007445242506163297,-0.0037751357399127272
2006-02-24,0.0011055892365940956,0.0012735108974994969
2006-02-27,0.0020287170915953556,0.0036372204857118007
2006-02-28,-0.004348717510750055,-0.010400860034838644
2006-03-01,0.004139095827768502,0.008261330698481784
2006-03-02,-0.00010780288863476706,-0.0016263247744955356
2006-03-03,-0.0005392919892720505,-0.0014816343903563123
2006-03-06,-0.0028417207640137887,-0.006968428982565
2006-03-07,-0.000986024216784176,-0.0018619098341728924
2006-03-08,0.0024193374797265577,0.0020299446737943594
2006-03-09,-0.0029057694206116036,-0.0048808265953584895
2006-03-10,0.0053708583891804995,0.007223586629499623
2006-03-13,0.0022878497151628263,0.002114810791593591
2006-03-14,0.0038480952089186005,0.01039612464094386
2006-03-15,0.0008928677826156584,0.004269845505052494
2006-03-16,0.0003806257914882316,0.001772755973671547
2006-03-17,-0.0001307699235271187,0.0014709261335852375
2006-03-20,0.000998829666591039,-0.0016600068428476167
2006-03-21,-0.002518437107264626,-0.00601493843309675
2006-03-22,0.0031679519737841666,0.006020565906847075
2006-03-23,-0.000842926119514642,-0.002582292509284545
2006-03-24,0.0006297727002091413,0.000983280849487178
2006-03-27,0.00036810253471109,-0.0010284092793489963
2006-03-28,-0.003204914342058718,-0.00643818423116127
2006-03-29,0.004751345846402799,0.007469695510914587
2006-03-30,-0.001303674768518559,-0.002026275908753372
2006-03-31,-0.00189881513645751,-0.004137669588781034
2006-04-03,0.002128338491743209,0.002270547226863817
2006-04-04,0.0032745819402595355,0.006256689924245107
2006-04-05,0.001939468656324328,0.004311107525869495
2006-04-06,-0.000802597473701816,-0.0019213908770231436
2006-04-07,-0.004854925065459481,-0.010343487333051349
2006-04-10,0.0016143217186259662,0.00086452730002895
2006-04-11,-0.005463297857219773,-0.007750959314195005
2006-04-12,0.0020733915741957265,0.0012047917274888853
2006-04-13,0.0009037621749692359,0.0007763251900372303
2006-04-17,-0.0012831377856485915,-0.00294002038356056
2006-04-18,0.012110100562575887,0.017077384012400332
2006-04-19,0.0016807624545114308,0.002027128354043395
2006-04-20,0.001419830327948235,0.0011679304724923067
2006-04-21,-0.0009256397931710625,-0.0001371994921570696
2006-04-24,-0.00021116953706912245,-0.0024175186645771785
2006-04-25,-0.0017243665508974715,-0.004869617378140845
2006-04-26,0.0018213722596578386,0.0028193371739710926
2006-04-27,0.0017946505410619817,0.00330159598179125
2006-04-28,0.0006673933505212393,0.0006795457566091123
2006-05-01,-0.001860442064058776,-0.004135512475787029
2006-05-02,0.0031768245849204124,0.0061447144793416175
2006-05-03,-0.0011919318367903387,-0.003875972595181021
2006-05-04,0.0019771891680682163,0.0031572064475955397
2006-05-05,0.0038297700391956013,0.010295301783673105
2006-05-08,0.00037222274126902377,-0.0008296943472687612
2006-05-09,0.00038372296436817166,0.0003623423794523184
2006-05-10,0.0001278349456474981,-0.0017281487519698047
2006-05-11,-0.004323134515109239,-0.012798073820219913
2006-05-12,-0.008345422676787284,-0.011241158123729833
2006-05-15,0.003448632580005384,0.002524712516867922
2006-05-16,-0.0011963761493669622,-0.0018694816109019463
2006-05-17,-0.016676075584045713,-0.01684107060376383
2006-05-18,-0.0062580497164043125,-0.006699011316142922
2006-05-19,0.0032088054698085067,0.004136891022205491
2006-05-22,-0.00037136574854002014,-0.0039147320056533985
2006-05-23,-0.0013182201029663387,-0.004349988881771183
2006-05-24,0.0007799497899541041,0.0015836558786301858
2006-05-25,0.00618716560163679,0.011370093999100828
2006-05-26,0.0026693560974857533,0.005719336676629716
2006-05-30,-0.0070003381854948366,-0.015849611392923735
2006-05-31,0.004763591225314112,0.00811192483568468
2006-06-01,0.004872095762408657,0.012298337548946048
2006-06-02,0.0010075934167379508,0.0019522363844757251
2006-06-05,-0.005068530291015283,-0.017799702040102394
2006-06-06,9.516991607760872e-05,-0.0011381291499216184
2006-06-07,-0.0018328272131582501,-0.00609245663695579
2006-06-08,0.0011327469539368362,0.0014170515163627329
2006-06-09,-0.0018698799650899156,-0.004475610441298961
2006-06-12,-0.0087702260069078,-0.011866251571083786
2006-06-13,-0.008534899866300294,-0.01111165038391615
2006-06-14,0.006592837361857118,0.005189302813874974
2006-06-15,0.019480157592252967,0.021235077141956493
2006-06-16,-0.0011713088264041494,-0.003677871442713476
2006-06-19,-0.0034944055747383462,-0.009116795167204206
2006-06-20,0.0015333880279215784,-8.071545390841983e-06
2006-06-21,0.004723804595062386,0.009740957409162698
2006-06-22,-0.001866463132035756,-0.005270704235182944
2006-06-23,0.0003313429879567842,-0.0008830889591340263
2006-06-26,0.0028986338199605832,0.004869472554238641
2006-06-27,-0.004152533457984164,-0.00908401587257579
2006-06-28,0.002760160590372873,0.005487450852216691
2006-06-29,0.008777413509312826,0.021565004106891994
2006-06-30,-0.00010535626535623788,-0.002097656442177853
2006-07-03,0.002178402391967982,0.0078648957789349
2006-07-05,-0.0009466016387742471,-0.007248851851131444
2006-07-06,0.0010528078899048054,0.0024942142163870695
2006-07-07,-0.0008763934356077474,-0.006749949675504019
2006-07-10,0.0012864759695541128,0.0014697864685884188
2006-07-11,0.0015885266767967643,0.004016355538295047
2006-07-12,-0.0028571904452920904,-0.01086902819111013
2006-07-13,-0.006888512542851943,-0.012966746071534585
2006-07-14,0.00012952405158128677,-0.004894289517349271
2006-07-17,3.528749896863914e-05,-0.001383239771105771
2006-07-18,0.001589606207563543,0.001919817200573215
2006-07-19,0.009863178905244796,0.018555110128867458
2006-07-20,0.00017457291804912067,-0.008477511064532206
2006-07-21,-0.0012686117339836267,-0.007076898149718125
2006-07-24,0.008891775465118323,0.016625139659086186
2006-07-25,0.0021254296051116395,0.0063208083741757015
2006-07-26,0.0004149400071182807,-0.00037827096880949096
2006-07-27,-0.0011637129983324002,-0.004099710771126586
2006-07-28,0.003345242878615595,0.012151756055729379
2006-07-31,0.00031043507433570205,-0.0014782484660414985
2006-08-01,-0.00011497404736215966,-0.004496099259552078
2006-08-02,0.001678224793022931,0.005106529136347682
2006-08-03,0.00028688148271771574,0.0022388937577111356
2006-08-04,0.0008259481020873594,-0.0007108142546528029
2006-08-07,0.00014901810709933017,-0.0028060638611625555
2006-08-08,0.00017193987420682788,-0.003362705657620202
2006-08-09,-0.0001145602512436783,-0.004349285385394919
2006-08-10,0.0013293449487514764,0.0046290198253495785
2006-08-11,0.00014878956545061328,-0.003986498082096501
2006-08-14,0.0011214130810572875,0.0011604360124866098
2006-08-15,0.0009144180855948925,0.013696466399260254
2006-08-16,0.00011424139981475179,0.007661987579892671
2006-08-17,0.0004339144041460852,0.0015824295197877092
2006-08-18,0.0022598904691557564,0.003714946228020821
2006-08-21,-0.0003985509815099819,-0.003670451599211977
2006-08-22,0.0008885792911168533,0.0010018548756436374
2006-08-23,-0.001969131515323297,-0.0044886560845824874
2006-08-24,0.0014712004933377099,0.0023743945293950297
2006-08-25,0.00025057423551921865,-0.0007484936882400373
2006-08-28,0.00315366484373536,0.005165713311912734
2006-08-29,0.0009193026682983163,0.0019204473442031578
2006-08-30,0.00021544425983610616,0.0008356838990319915
2006-08-31,0.00014738112051992935,-0.0011874402153588814
2006-09-01,0.002040339671032898,0.00551461380616769
2006-09-05,0.0015270698293035068,0.0017085988800158436
2006-09-06,-0.0026429632954930726,-0.009891483140586299
2006-09-07,-0.0010305005064029649,-0.004799032645401269
2006-09-08,0.002788729505899923,0.0037866681659510792
2006-09-11,0.0009947476468668004,0.00047731584409493877
2006-09-12,0.0025975458278937325,0.010357480749273451
2006-09-13,0.0005856905331949047,0.00386134523157855
2006-09-14,0.0002702397589404715,-0.0013579833128180008
2006-09-15,-0.0005289992715870051,0.0025678463606395585
2006-09-18,0.0011936102982994523,0.0011518266007009004
2006-09-19,-0.0007873090368853974,-0.0026794523975416373
2006-09-20,0.0028702503793485157,0.005722381666218412
2006-09-21,-0.0028059307072123563,-0.005395511646919315
2006-09-22,-0.001012936180830093,-0.002465801178850091
2006-09-25,0.005115064715887074,0.00881513680011592
2006-09-26,0.0026342453953900336,0.007524280936307193
2006-09-27,0.00017884884802166212,0.00017958636491899327
2006-09-28,0.0006371502172204391,0.0017133444968626677
2006-09-29,-0.00021224817177145638,-0.0022631074374287463
2006-10-02,-0.00014525685230448726,-0.00339112129330843
2006-10-03,0.0012851301533602921,0.0020956938790537283
2006-10-04,0.0024218018156463295,0.012060449286025232
2006-10-05,0.0007459255929538333,0.002236720219570998
2006-10-06,0.00033374251591755666,-0.0026824943182935934
2006-10-09,0.0006784625705538172,0.0007928840510640356
2006-10-10,0.0004890165618494091,0.0020434526052304225
2006-10-11,9.993870109936687e-05,-0.002563943683974057
2006-10-12,0.000688653921574911,0.009541098076733423
2006-10-13,0.00031082593591769125,0.002047239312655602
2006-10-16,0.0005437086415200909,0.0025190488487738527
2006-10-17,9.984235737880987e-05,-0.0036594521432252725
2006-10-18,0.00022172942999287848,0.0012829441276758224
2006-10-19,0.0002328454923656853,0.0008492546990097605
2006-10-20,0.0011084139674502058,0.0011997532446470505
2006-10-23,0.002203290812559766,0.006152304614580828
2006-10-24,0.0007291745122828264,0.0002614234698528062
2006-10-25,0.000993512488104864,0.003513892900401272
2006-10-26,0.001290317977322042,0.004963019994619788
2006-10-27,-0.001343713296704574,-0.00845163029183671
2006-10-30,0.0006065885710526686,0.00042842573748558266
2006-10-31,0.00024252870315422115,7.175759964006545e-06
2006-11-01,-0.0017411423661497505,-0.007351469035843494
2006-11-02,0.0003201064443201229,-0.0003436827873022352
2006-11-03,0.00036418894475387376,-0.0022232342125417803
2006-11-06,0.0037948179166091833,0.011346463325312195
2006-11-07,0.0005604872455948762,0.002217698805944357
2006-11-08,0.0007797912328859624,0.0020826740288086842
2006-11-09,-0.0003182514990677232,-0.005332978382845854
2006-11-10,0.000724619521145442,0.0018646249021037065
2006-11-13,0.0009214900149372429,0.0025490763045961096
2006-11-14,0.0003726852672583103,0.006356399415263114
2006-11-15,0.00019720685809088145,0.002404484328664136
2006-11-16,0.00019716797521396323,0.002284213178895156
2006-11-17,0.0013142608971987713,0.0010287059183031744
2006-11-20,0.000929676756078246,-0.0004995369656483062
2006-11-21,0.0009397514600830714,0.001649452762406245
2006-11-22,0.0009716529481158531,0.0023380978817977294
2006-11-24,-0.0011670218568794466,-0.0036555375355650233
2006-11-27,-0.006278663547328978,-0.013555081120842472
2006-11-28,0.0029778825438242507,0.0034443905034671207
2006-11-29,0.0049301020551453245,0.009201576407062984
2006-11-30,0.0006540954359177675,0.0008217512433992269
2006-12-01,-0.0014163247267727774,-0.002798771932377986
2006-12-04,0.003960466191500478,0.00888519057411008
2006-12-05,0.0011084879519922541,0.00400250842226435
2006-12-06,0.0001627895651690192,-0.0013147002592126533
2006-12-07,-0.0009225227917980527,-0.003970546574156186
2006-12-08,0.001347068713235089,0.001811941168510689
2006-12-11,0.0013778351301871883,0.002269813113380925
2006-12-12,0.00030331764836577513,-0.0010473733424651854
2006-12-13,0.0007473220519103041,0.0011688502615989638
2006-12-14,0.0003354988277688431,0.008689458492585622
2006-12-15,-0.001720183751282911,0.0011224039431343424
2006-12-18,-0.0003576606756022782,-0.00323033968563613
2006-12-19,0.0015936714752524672,0.002158250661892236
2006-12-20,-0.0003138799967601358,-0.0014170106008628558
2006-12-21,-0.0018515548282479477,-0.003673951628075822
2006-12-22,-0.003232608936021175,-0.005316251006780903
2006-12-26,0.004157288130549386,0.004352274381138388
2006-12-27,0.004053355107868528,0.007015273650207154
2006-12-28,-0.001133369818842045,-0.0014787820653379136
2006-12-29,-0.0027015928448946847,-0.004513087903512458
2007-01-03,0.0007801346863252068,-0.0011986696634412874
2007-01-04,0.0016240797311068977,0.0012282862236074887
2007-01-05,-0.004075190353027502,-0.006084581335068839
2007-01-08,0.0029522219537754246,0.00222031834174663
2007-01-09,-0.0003571420314955054,-0.00051667597633831
2007-01-10,0.0016996572273129118,0.0019403518584233392
2007-01-11,0.004820134313099134,0.006339874091180642
2007-01-12,0.0032696725220153766,0.004853165737491727
2007-01-16,0.001265014315737778,0.000817795084526729
2007-01-17,0.00038550103109602496,-0.0008939376178855873
2007-01-18,-0.0006742851789935944,-0.002970739969038294
2007-01-19,0.0025490038038948892,0.0028954653399542174
2007-01-22,-0.0016345069534030587,-0.005277909002534109
2007-01-23,0.0019796015678763546,0.003541965097471733
2007-01-24,0.003502742605940412,0.008501470410478884
2007-01-25,-0.004831408631374545,-0.011269802319041844
2007-01-26,3.204681785540231e-05,-0.001207929400684371
2007-01-29,-0.0002138779159793769,-0.001096948722968838
2007-01-30,0.0030803180562544163,0.005772093311412707
2007-01-31,0.0033907914844810705,0.006592883847806208
2007-02-01,0.0017639959330220112,0.005353731800087358
2007-02-02,0.0010183856518790613,0.0016944502133364736
2007-02-05,0.00041323965791595363,-0.0009666073363550076
2007-02-06,0.0005931926312738867,0.0006980074309024253
2007-02-07,0.0006669541595336614,0.0013950411127416906
2007-02-08,0.00021160163258060471,-0.0011792671235344443
2007-02-09,-0.0011952285114356087,-0.0070772138460132306
2007-02-12,-0.0002858821344736695,-0.0032613821992586445
2007-02-13,0.002785868845311068,0.007597490309923183
2007-02-14,0.0006972241337035445,0.007644080004882037
2007-02-15,0.00039057036094125586,0.0010375934274453602
2007-02-16,0.0005381609643566598,-0.0008717811383565088
2007-02-20,0.0019615960004399913,0.002844315193901492
2007-02-21,-0.00013683860297941663,-0.001404450806129165
2007-02-22,0.0,-0.0008575564414925463
2007-02-23,-0.0009684744320629379,-0.003563673944411261
2007-02-26,4.212603337405696e-05,-0.0012541061904680628
2007-02-27,-0.028923673737003774,-0.034725402225963764
2007-02-28,0.007259117424729622,0.005560889616694542
2007-03-01,-0.0021759994655832227,-0.0025944345993798024
2007-03-02,-0.0109903078596163,-0.011402751982227732
2007-03-05,-0.008372587541030652,-0.009407677800631231
2007-03-06,0.015004078663206188,0.01549358071940743
2007-03-07,-0.002288363298624363,-0.0024652707034493737
2007-03-08,0.0074787539019434135,0.007126622092502144
2007-03-09,0.0005070787201517657,0.0006776217548800645
2007-03-12,0.0032892071524524003,0.0026802841786919274
2007-03-13,-0.02044415910550179,-0.020368281609082217
2007-03-14,0.006902051943106224,0.006691166660731218
2007-03-15,0.003247612331468419,0.003683748343518811
2007-03-16,5.4299733334595146e-05,-0.003828308970065253
2007-03-19,0.005908935474072008,0.010894486429815275
2007-03-20,0.0033905856463121165,0.006333453947334089
2007-03-21,0.004369319129762017,0.017080881296924755
2007-03-22,-0.00010718821570532278,-0.0003484223341437831
2007-03-23,0.00035364784118163684,0.001094390010953239
2007-03-26,0.0009747867028868651,0.0009679026415914116
2007-03-27,-0.0007277163247980667,-0.006184358016304348
2007-03-28,-0.0024311045419401767,-0.00796578842336182
2007-03-29,0.0008589099523208521,0.0037397238988494674
2007-03-30,0.0005148513399491073,-0.0011739955648866207
2007-04-02,0.0019404959084361462,0.0025970634085028532
2007-04-03,0.001958159020955863,0.009280102663995704
2007-04-04,0.000790258570466218,0.0011128174632957233
2007-04-05,0.0006509079299394926,0.003049955649575775
2007-04-09,0.0007997952607443626,0.0005887235968500271
2007-04-10,0.0005008383074642797,0.0026166434783123638
2007-04-11,-4.264192464331629e-05,-0.006572828751212234
2007-04-12,0.0005218658067711601,0.006206296427920366
2007-04-13,0.0002661244899957449,0.0034880001295067853
2007-04-16,0.0005640649937459496,0.010654906376349693
2007-04-17,0.00021273594327930745,0.0021453110052500612
2007-04-18,0.00021269069632356974,0.0006931929382587576
2007-04-19,0.00021258057832440613,-0.0012020506154498678
2007-04-20,0.0010204423889264014,0.009260704070808812
2007-04-23,-0.0002548343343509174,-0.002303986210293818
2007-04-24,3.1829997990451275e-05,-0.00035114388417389897
2007-04-25,0.0031225465832751542,0.010139089454322958
2007-04-26,0.0007199651552631803,-0.0007824182576994243
2007-04-27,0.0006242613655185192,-0.000120497715199952
2007-04-30,-0.002950016418021395,-0.007830925989064319
2007-05-01,0.0016437470909171914,0.002651196208694806
2007-05-02,0.0027739199056637798,0.0064724448638566745
2007-05-03,0.00143590145444783,0.004325077887225248
2007-05-04,0.0008856465161652949,0.002149894792468965
2007-05-07,0.0012007980288832876,0.0025637181786113405
2007-05-08,0.00025256060362810473,-0.0011659709227004322
2007-05-09,0.0010202592596135762,0.0032234005292746115
2007-05-10,-0.0023011962616222847,-0.013956277330703482
2007-05-15,0.00048300835315417956,-0.0013039836183860176
2007-05-16,0.0010599659668166783,0.008626538777668946
2007-05-17,0.00035640313097262677,-0.000918022530934981
2007-05-18,0.0012575844604751918,0.006610477607007059
2007-05-21,0.0011722542308316708,0.0015432445154737184
2007-05-22,0.00023002879475564342,-0.0006425680181219029
2007-05-23,-0.0001672667942368422,-0.001207231600010017
2007-05-24,-0.004275523651155577,-0.009702564079535403
2007-05-25,0.0038214975287589326,0.00545268067865301
2007-05-29,0.001631540572882173,0.0015702037391096546
2007-05-30,0.0033726079863891645,0.007983608061428171
2007-05-31,0.00016647568435579352,0.00025487322390449485
2007-06-01,0.0015191156068505851,0.0037370286036848555
2007-06-04,0.0010596944957583787,0.0018486063981995038
2007-06-05,-0.0006227159244189817,-0.005347069382311664
2007-06-06,-0.0029284173933149527,-0.008863742592418067
2007-06-07,-0.010644029108664577,-0.017569780868271323
2007-06-08,0.008811077642457477,0.011370393887050856
2007-06-11,0.0018991843232936123,0.0009617165093236402
2007-06-12,-0.007415657339087667,-0.010681718597158829
2007-06-13,0.01120659024180437,0.015184222334435615
2007-06-14,0.0033932276177668363,0.004816303381447451
2007-06-15,-0.0003412934168369741,0.006526762620259197
2007-06-18,-0.0001655588786599882,-0.0012133688932095543
2007-06-19,-0.00026896720886182557,0.0017307744745367337
2007-06-20,-0.005702704008778037,-0.013601086272203244
2007-06-21,0.004538342142357488,0.006180412864005502
2007-06-22,-0.008445096092139726,-0.012895816927002701
2007-06-25,-0.0019437412126140918,-0.0032079039581859314
2007-06-26,-0.0029527326948984856,-0.0032381959602871824
2007-06-27,0.008894943356133167,0.009009338290096647
2007-06-28,-0.0002706461562623774,-0.0004182355225962331
2007-06-29,-0.0016034088786693879,-0.0015673572021088766
2007-07-02,0.009104161274877898,0.010696164157472765
2007-07-03,0.002717986078915491,0.0035802512876219605
2007-07-05,0.0008657120893968973,0.0003475898263931576
2007-07-06,0.0024817570181003834,0.0033039969263952695
2007-07-09,0.001345643645625394,0.0009213260458897921
2007-07-10,-0.009673573177540362,-0.014185449499020453
2007-07-11,0.004858142688697775,0.00572140934255172
2007-07-12,0.009555869962049934,0.01905497986526261
2007-07-13,0.0017971203446163209,0.003101407882381002
2007-07-16,0.0008562004953682756,-0.0019194721215780586
2007-07-17,0.000896180937800084,-9.681992628141067e-05
2007-07-18,0.00016276786600899484,-0.0020653240878290013
2007-07-19,0.0014547377796190197,0.0044690505655788915
2007-07-20,-0.0011377208271174943,-0.012220864994591185
2007-07-23,0.0035187857374252562,0.004869285458577677
2007-07-24,-0.010742264092777232,-0.01980442554686246
2007-07-25,0.0032167008838954736,0.004665612144987508
2007-07-26,-0.016521998241055602,-0.02333849273648292
2007-07-27,-0.015844349450732986,-0.01599158435597181
2007-07-30,0.010877131346324065,0.010254006997153065
2007-07-31,-0.012534320610992356,-0.012646643428824822
2007-08-01,0.008275574228553406,0.007242669003718616
2007-08-02,0.0048637980439369954,0.004359290987711706
2007-08-03,-0.026882133252651763,-0.026585989591270898
2007-08-06,0.024901959424437736,0.024151105980530163
2007-08-07,0.005794410433884067,0.006159366016551537
2007-08-08,0.012894797740398811,0.014071842031649018
2007-08-09,-0.026785649385268395,-0.029649630183580356
2007-08-10,-0.00013714463202063598,0.0003785373521689728
2007-08-13,0.0002110256354612705,-0.0004952881702965373
2007-08-14,-0.018923853394587575,-0.018156542744898196
2007-08-15,-0.013611915318192058,-0.013907838088907498
2007-08-16,0.005482858748127706,0.003248786889889166
2007-08-17,0.029259344957873745,0.024566469488606746
2007-08-20,0.004286790343275504,-0.0002696464541576127
2007-08-21,0.002160458897319195,0.0010860546062276821
2007-08-22,0.005201171826969997,0.011712885751746116
2007-08-23,0.0011451756346885222,-0.001072316451165345
2007-08-24,0.0039204470660307855,0.011535039396367575
2007-08-27,-0.0012533892086761256,-0.008503590106740622
2007-08-28,-0.009043893544012471,-0.023473062124790167
2007-08-29,0.008477541806084066,0.021921880487575596
2007-08-30,-0.0013595250460644026,-0.0041810099171704085
2007-08-31,0.0032839077925528315,0.011216744478492524
2007-09-04,0.005427679483678727,0.01046822150297233
2007-09-05,-0.003008244896198553,-0.011501124180816724
2007-09-06,0.0023043177829304984,0.0042518862449216765
2007-09-07,-0.00436093961309314,-0.016908457052106307
2007-09-10,0.0009526196693303568,-0.0012728131774627505
2007-09-11,0.005079380874450923,0.013632320540153398
2007-09-12,0.0007410384199775244,4.761728577151736e-05
2007-09-13,0.0014399247608238852,0.008419562970447103
2007-09-14,0.0013762356110351703,0.0002021960564695391
2007-09-17,0.0001640699667952994,-0.0051204147454522175
2007-09-18,0.0027276460360257104,0.02920800742879237
2007-09-19,0.00022501584473566538,0.0060864071258255326
2007-09-20,0.00015332581285920632,-0.00672323571146749
2007-09-21,0.0,0.004609053497942384
2007-09-24,-0.0018502970832754428,-0.0052564440643945165
2007-09-25,0.001515799248895222,-0.00034262980763510864
2007-09-26,0.0032007739479145147,0.005411303128236344
2007-09-27,0.0020692424428694345,0.003907094941590916
2007-09-28,-0.0016581098652693749,-0.0030234199663373706
2007-10-01,0.006072855736015681,0.013289693179957318
2007-10-02,-0.0002228440288370992,-0.00026504432292262514
2007-10-03,-0.00044572556969124655,-0.004551857289897487
2007-10-04,0.001084408298188455,0.002110951663853111
2007-10-05,0.003553396818860799,0.009560291622441541
2007-10-08,0.0003430110558417798,-0.003216513893620543
2007-10-09,0.002279062696382006,0.008096245420633474
2007-10-10,-0.0001610163756479155,-0.00171233023616435
2007-10-11,-0.0014188551918884462,-0.005158458514124553
2007-10-12,0.002247216581525713,0.004754224745041169
2007-10-15,-0.0006334508570211561,-0.00838141086014621
2007-10-16,-0.00031189073765569564,-0.006573168570868315
2007-10-17,0.0016102489823071053,0.0017613961937021916
2007-10-18,0.001316350789086762,-0.0007526629123547623
2007-10-19,-0.008288771560103436,-0.025615521464831148
2007-10-22,0.004735540473038924,0.003798372119262039
2007-10-23,0.0056196354511754976,0.008802858704579641
2007-10-24,-0.0010114966360462718,-0.0024414223711310967
2007-10-25,-0.0015739105917458307,-0.0009763176926820272
2007-10-26,0.007450155950812665,0.013787641670760742
2007-10-29,0.001953438893124604,0.0037126459428287184
2007-10-30,-0.002437022833679414,-0.006463394115263088
2007-10-31,0.0059329253530451265,0.011991995609034412
2007-11-01,-0.012648324841119996,-0.026423513500588247
2007-11-02,0.0026403815630164917,0.0008022082779672868
2007-11-05,-0.0016120810372322047,-0.004954777827830159
2007-11-06,0.00869528595878033,0.012049218834373487
2007-11-07,-0.020402500926669176,-0.02936979868078282
2007-11-08,0.0014717350304531696,-0.0005760125159255391
2007-11-09,-0.013003088161527843,-0.014287019725334527
2007-11-12,-0.00812228992207309,-0.009988235501578235
2007-11-13,0.02858324447709082,0.029092951232353004
2007-11-14,0.0,-0.007069371343474851
2007-11-15,-0.018821220915678505,-0.013212427900045731
2007-11-16,0.009314175600888097,0.005230310920731451
2007-11-19,-0.006016609646388282,-0.017460253968243356
2007-11-20,0.002822038108123648,0.004486196985218349
2007-11-21,-0.009472092400943377,-0.015926882279853283
2007-11-23,0.010067040726292609,0.01689048420755146
2007-11-26,-0.013992113516792304,-0.023238690638891946
2007-11-27,0.011823803358214313,0.014930153212029174
2007-11-28,0.01418825198221807,0.028559853539212643
2007-11-29,0.0009467527934463593,0.0004764749033838722
2007-11-30,0.004387141769828462,0.0077702175740654855
2007-12-03,-0.0010519128113906095,-0.005887337197621245
2007-12-04,-0.0016246741867783632,-0.006540256581273551
2007-12-05,0.006077335804087092,0.015190129895446658
2007-12-06,0.004043720076212454,0.015036906086721702
2007-12-07,8.952551477170445e-05,-0.0017779211733210953
2007-12-10,0.0022372699286439257,0.007509953412149439
2007-12-11,-0.005188781530728104,-0.025271074111842595
2007-12-12,0.00316141540494419,0.006050107439882435
2007-12-13,0.0012426929593312153,0.0012243243942324789
2007-12-14,-0.002512117884095222,-0.01374626785493871
2007-12-17,-0.003692973350249318,-0.015020898185397868
2007-12-18,0.004855663739706362,0.006279795215002659
2007-12-19,0.0016902930221538437,-0.0013608300425632658
2007-12-20,0.0033748209218420477,0.004900203108869627
2007-12-21,0.0039373216600211425,0.016669839397931874
2007-12-24,0.0032714910559497046,0.008077004803014542
2007-12-26,0.0012866449218500442,0.0008086358029313345
2007-12-27,-0.005581388498585804,-0.014282289812289406
2007-12-28,0.00012823902888015049,0.0015037700920255137
2007-12-31,-0.0032449343951849174,-0.006851588410961562
2008-01-02,-0.007025435814853598,-0.014437843160646446
2008-01-03,0.000866952106826302,0.0
2008-01-04,-0.01900677707905596,-0.024551555085623233
2008-01-07,0.00472960679963208,0.0032232587947169655
2008-01-08,-0.017263525071702923,-0.018352265474000595
2008-01-09,0.013804651109098787,0.013624083236714934
2008-01-10,0.006813444208083608,0.007948131920451518
2008-01-11,-0.011611191411450505,-0.013595387776707546
2008-01-14,0.010606466139753357,0.01087063729028337
2008-01-15,-0.024861661893458953,-0.024925012411738723
2008-01-16,-0.006099855771682039,-0.005612078839948742
2008-01-17,-0.02892866868214594,-0.02909259582902124
2008-01-18,0.0024637798278002165,-0.006045421784173999
2008-01-22,-0.006667938476990876,-0.011085159151345114
2008-01-23,0.012274331348313128,0.021442179004912187
2008-01-24,0.005951218056739371,0.01006273042641359
2008-01-25,-0.007637986138438579,-0.015871931031674613
2008-01-28,0.010400719302082528,0.01754832433469833
2008-01-29,0.0022336193211478506,0.0061597743886385725
2008-01-30,-0.0011248434420171316,-0.0047639947161109975
2008-01-31,0.0064408797957880015,0.016772253672436177
2008-02-01,0.0054794419128545435,0.01223749194418322
2008-02-04,-0.0009463705777456033,-0.010462869384454843
2008-02-05,-0.010919906916351918,-0.031995432684296055
2008-02-06,-0.0027259422985432824,-0.007623640894248274
2008-02-07,0.005994398975204485,0.007885772846967454
2008-02-08,-0.0009756225620640713,-0.004203719751894819
2008-02-11,0.005922518870874693,0.005888999083801139
2008-02-12,0.004791559851108129,0.007265896838448915
2008-02-13,0.0050387784674941205,0.013604062530741423
2008-02-14,-0.00013438863957937475,-0.013421475932895444
2008-02-15,0.004673062322305466,0.0008377480947496796
2008-02-19,0.0015744139363929044,-0.0008962740066612573
2008-02-20,0.005126877937901009,0.008340870828184466
2008-02-21,-0.004967837206471537,-0.012867362942748706
2008-02-22,0.005557702372428697,0.007880610357913875
2008-02-25,0.006374882578536356,0.013812671311938196
2008-02-26,0.0032890629980970587,0.006917910698780005
2008-02-27,-0.00020237595672356612,-0.0009194445013966934
2008-02-28,-0.002540187201987898,-0.00894187449867867
2008-02-29,-0.01311877199698741,-0.027089704735838493
2008-03-03,0.0020458837946286668,0.0005335524788219193
2008-03-04,-0.00047191454088557627,-0.003447628658457935
2008-03-05,0.00455754133222297,0.005238327621537531
2008-03-06,-0.01439741123381133,-0.022013935987449718
2008-03-07,-0.0047379191919485475,-0.008410361554953893
2008-03-10,-0.011187606478847645,-0.01546347918654778
2008-03-11,0.02929681070170531,0.037129844018763736
2008-03-12,-0.005127637789023809,-0.008995573894062803
2008-03-13,0.004063589585551863,0.005126921336342294
2008-03-14,-0.019262282574763034,-0.02078326255529206
2008-03-17,-0.006153379203220899,-0.00895868378535658
2008-03-18,0.0381473737482807,0.04240953758720556
2008-03-19,-0.018003208486482625,-0.02428719849575589
2008-03-20,0.010259648318128534,0.0239444592412823
2008-03-24,0.00777733035843764,0.015321430427423843
2008-03-25,0.0011444362066137526,0.0023038976355771457
2008-03-26,-0.0021446152584676526,-0.008765759863092581
2008-03-27,-0.0029603040075419917,-0.011460481132498757
2008-03-28,-0.0022776165034974483,-0.00795018629681199
2008-03-31,0.0036382611387109076,0.0056872467232620405
2008-04-01,0.012520198942344907,0.03589635162305438
2008-04-02,0.0001404162368179307,-0.0019340702025878453
2008-04-03,0.0006416990158044644,0.001301638178863307
2008-04-04,0.0014831264322316962,0.0007959963585104646
2008-04-07,0.0011506537430598929,0.0015615985189088022
2008-04-08,0.00014994194782147474,-0.005100033369358936
2008-04-09,-0.0007794836488056456,-0.008092072375784243
2008-04-10,0.0014601388087145395,0.004474051958627934
2008-04-11,-0.0037448321133981555,-0.020374180867005598
2008-04-14,0.001042448625496073,-0.0033837848145122917
2008-04-15,0.002713631148459239,0.004599876286541349
2008-04-16,0.0024566318087648753,0.022691265939609684
2008-04-17,0.00017930414305666886,0.0006229145243916712
2008-04-18,-0.00016936310233328644,0.01813900260560164
2008-04-21,0.0001394776628407257,-0.001553524830540276
2008-04-22,-0.0038546152400225075,-0.008810233726340488
2008-04-23,0.0023897278927589305,0.0028999174924810855
2008-04-24,0.003501221665054066,0.006442277675030139
2008-04-25,0.0035187948138379888,0.006494736452591576
2008-04-28,0.0006636385274541023,-0.0010516015703287973
2008-04-29,-0.0012472504182070576,-0.003888692631555557
2008-04-30,-0.00195245721907078,-0.0038463023648085404
2008-05-01,0.008440913604766731,0.017140713043443112
2008-05-02,0.0022845960849027236,0.0032355987230490157
2008-05-05,-0.00028490108787115886,-0.0045335837534509205
2008-05-06,0.0026043097526442516,0.007651933303949532
2008-05-07,-0.005695071066189938,-0.018113789643415146
2008-05-08,0.0027997938317769755,0.0036695517058173976
2008-05-09,-0.001464841318257637,-0.0067254479228667785
2008-05-12,0.005542871111331227,0.011020778542468523
2008-05-13,0.0006755788494638981,-0.00038467134690722826
2008-05-14,0.0012230441341567477,0.0040055842746602455
2008-05-15,0.0009675178012003016,0.01058446448937378
2008-05-16,0.004071076029728449,0.0012503981989189228
2008-05-19,0.0011960742840824157,0.0008980456160241346
2008-05-20,-0.0037196778855689283,-0.009273589104020541
2008-05-21,-0.009114369360487706,-0.016053532676263305
2008-05-22,0.002341372240838746,0.0026173787135195248
2008-05-23,-0.008774342806378344,-0.013210400686713863
2008-05-27,0.005703318763194742,0.006846221470047986
2008-05-28,0.0034754043706748394,0.003962890483361736
2008-05-29,0.004267963761322102,0.005334937252062799
2008-05-30,0.0010941343747754573,0.0015161665944682934
2008-06-02,-0.006382334672568768,-0.010504263761414556
2008-06-03,-0.004164365469288667,-0.005787827748960472
2008-06-04,0.00012822006174428857,-0.0003266963555412783
2008-06-05,0.014496338823517974,0.019496150601372664
2008-06-06,-0.024690181690461777,-0.030889208795217615
2008-06-09,0.0027009737764469577,0.0007936884587542714
2008-06-10,-0.0025246784819071832,-0.002438071565889488
2008-06-11,-0.015914014097836326,-0.01689434363076614
2008-06-12,0.004020081805837128,0.0032796987733647587
2008-06-13,0.01453321451980738,0.015046261393385496
2008-06-16,0.0003777647406670859,8.086979639654324e-05
2008-06-17,-0.006826917285781442,-0.006771332979186417
2008-06-18,-0.008945011626078414,-0.009711824147480841
2008-06-19,0.0032710653552499025,0.003752324501292925
2008-06-20,-0.00660132189814211,-0.01854285587797533
2008-06-23,0.0023298565712768227,5.307283862721057e-05
2008-06-24,-0.0007680900883563213,-0.002814841378983357
2008-06-25,0.004854811241155943,0.005843407020038827
2008-06-26,-0.019264850503433184,-0.029365225496321257
2008-06-27,-0.0012828670474928083,-0.0037174293266512004
2008-06-30,0.0008323631524354003,0.0012672250121246176
2008-07-01,0.004055703839178637,0.003835964202880904
2008-07-02,-0.015492564794732155,-0.01820362050746238
2008-07-03,0.003032992230275422,0.0010939223012293997
2008-07-07,-0.008709041876454049,-0.008385434805281422
2008-07-08,0.01757117505794592,0.01708034877731812
2008-07-09,-0.021887551370958436,-0.022776172472122824
2008-07-10,0.007252661395467097,0.0069897513852792414
2008-07-11,-0.010284887765868111,-0.011089943474586694
2008-07-14,-0.009475779075593604,-0.00902785943768214
2008-07-15,-0.01090567392308095,-0.010901257116461394
2008-07-16,0.025007208540789305,0.02506354406105049
2008-07-17,0.011333610502142433,0.012012559511679566
2008-07-18,0.004302282245761679,0.00028572698776629935
2008-07-21,0.002477355954739302,-0.0005394340212933058
2008-07-22,0.007836037931092,0.013492063492063444
2008-07-23,0.000817339903149028,0.004064167115309214
2008-07-24,-0.009524604693981531,-0.023124422822433988
2008-07-25,0.0026591535247073583,0.00416750805589583
2008-07-28,-0.009282322761548167,-0.01859656410350974
2008-07-29,0.013727100100153766,0.023356008464828548
2008-07-30,0.00665288312425627,0.01667199129814123
2008-07-31,-0.00417891482135524,-0.013143759639368535
2008-08-01,-0.0012864364923950156,-0.005578395005305659
2008-08-04,-0.0038542344601057987,-0.00896608636190177
2008-08-05,0.012684974332010324,0.028718741112345736
2008-08-06,0.002371472605374958,0.003354349438903892
2008-08-07,-0.004104822146280385,-0.017933738369047658
2008-08-08,0.005756210836054265,0.02389283474318682
2008-08-11,0.0014636386795645606,0.006942730477737413
2008-08-12,-0.0003528097001689323,-0.012050670422580567
2008-08-13,0.00021176053127103245,-0.0029156630132689543
2008-08-14,0.001048364946919067,0.005521801403690407
2008-08-15,4.031968841733402e-05,0.004075933919094776
2008-08-18,-0.006917866636083958,-0.015097809523290096
2008-08-19,-0.005749327038850227,-0.009314902555218274
2008-08-20,0.004813706573980836,0.006197331643397197
2008-08-21,0.002435868050178147,0.0024949640993341404
2008-08-22,0.007674723382492088,0.011332671321386378
2008-08-25,-0.01170568254212001,-0.019625434383095275
2008-08-26,0.0032025165901454766,0.0036863724474374138
2008-08-27,0.005614487217837416,0.007982653959549557
2008-08-28,0.007830409024355278,0.014840144050698667
2008-08-29,-0.006889670249027424,-0.013723665251360151
2008-09-02,-0.0020036955658556677,-0.004092514347066145
2008-09-03,0.00013116305482818724,-0.0020350785667978544
2008-09-04,-0.025098360929273644,-0.02992205759970956
2008-09-05,0.004842607519029762,0.004430764724152825
2008-09-08,0.017588319966271415,0.02051016192977806
2008-09-09,-0.029852861036095524,-0.03413816796421554
2008-09-10,0.005653589259778435,0.006149422411268146
2008-09-11,0.01449023139928074,0.013806377411702098
2008-09-12,0.0010121874988104906,0.002121534158087801
2008-09-15,-0.04044693449296766,-0.04713589702129706
2008-09-16,0.012826504067375177,0.017523287725070613
2008-09-17,-0.04657860334557662,-0.04714070706031326
2008-09-18,0.037125621518251384,0.043341774386062015
2008-09-19,0.06759698567921268,0.0402565630586833
2008-09-22,-0.017561454426490597,-0.038236599989398545
2008-09-23,-0.010386793898129687,-0.01563263356626765
2008-09-24,0.0015052230000625055,-0.001977727730452905
2008-09-25,0.014866355752746863,0.019656504245599393
2008-09-26,-0.00037281872911421043,0.0033824291161275166
2008-09-29,-0.05656003383747532,-0.08806776221769597
2008-09-30,0.03351137264751225,0.0541746705821724
2008-10-01,-0.004961381684519095,-0.004543988840816637
2008-10-02,-0.035089873852305775,-0.04029079197981711
2008-10-03,-0.008698572449292397,-0.013506522985628489
2008-10-06,-0.03483891049717058,-0.03851784119121027
2008-10-07,-0.06034454340622786,-0.05739484084336377
2008-10-08,-0.012465541191313267,-0.01133270253725105
2008-10-09,-0.06828019909528915,-0.07616709580816616
2008-10-10,-0.013443891074988668,-0.011759289177065702
2008-10-13,0.1158498895038611,0.11580036951513706
2008-10-14,-0.010829055525562459,-0.005322136791994336
2008-10-15,-0.09371231623929321,-0.0903497780862258
2008-10-16,0.04490305728748756,0.042507451399756535
2008-10-17,-0.029746888389354353,-0.006212826018106576
2008-10-20,0.03519862187801981,0.04768490479313692
2008-10-21,-0.011183182692165339,-0.030799711659374562
2008-10-22,-0.04062575499923404,-0.06101246975642627
2008-10-23,0.008397720573659617,0.012634041442215027
2008-10-24,-0.030670785436704318,-0.034511200543819176
2008-10-27,-0.01523124686278432,-0.03176435781413156
2008-10-28,0.07288919236254232,0.10789005877973534
2008-10-29,-0.013967108228062575,-0.011079077098555157
2008-10-30,0.022281484332470347,0.025803953710955563
2008-10-31,0.013716271674749647,0.01536539816147986
2008-11-03,0.005999633655773051,-0.0025290448588709546
2008-11-04,0.01686860683973901,0.04082584363592434
2008-11-05,-0.019140914141140275,-0.05267708721725084
2008-11-06,-0.03206107592933727,-0.05026398151360678
2008-11-07,0.023378693085101432,0.028854638416884848
2008-11-10,-0.004015801451487833,-0.012653163176065019
2008-11-11,-0.014073939762869192,-0.02204067545102073
2008-11-12,-0.040496984505929534,-0.05189390264262972
2008-11-13,0.05676187911390129,0.06921270805966984
2008-11-14,-0.03434588961961116,-0.041699130810434304
2008-11-17,-0.021080404922574347,-0.025810416464710606
2008-11-18,0.011632564301181869,0.00983837216243022
2008-11-19,-0.05612807579987067,-0.06115557585198217
2008-11-20,-0.06713781585438972,-0.06712293077105447
2008-11-21,0.04053378202830982,0.06324760339835156
2008-11-24,0.02287201515947901,0.06472253086203117
2008-11-25,0.006425189950983512,0.006550776705881445
2008-11-26,0.00905588535133961,0.03532812081997916
2008-11-28,0.0015607947413720513,0.009643111965147444
2008-12-01,-0.02055102167856271,-0.0892952436107991
2008-12-02,0.01288481442556777,0.03994067054843109
2008-12-03,0.006984544836956541,0.025836162084397873
2008-12-04,-0.005167220588905397,-0.02930842710506598
2008-12-05,0.009352195238664818,0.03649941753675101
2008-12-08,0.0036202029369174493,0.0383873487297306
2008-12-09,0.00020734205120342963,-0.023117543162227583
2008-12-10,0.0020173286166751403,0.01189418741207482
2008-12-11,-2.7522507224708725e-05,-0.0285240465920793
2008-12-12,0.0005791669254864296,0.007028415417449585
2008-12-15,0.0004685499908771984,-0.012685680143110334
2008-12-16,0.0007439477104311809,0.05136026454446818
2008-12-17,0.00037161331345236803,-0.009592862125632595
2008-12-18,0.0,-0.021162683238924562
2008-12-19,-0.006343551212858789,0.002936896236101161
2008-12-22,-0.007325723414236318,-0.018302022695223075
2008-12-23,-0.0056639010031948045,-0.009717462330154691
2008-12-24,0.004924532405766069,0.005781143038123382
2008-12-26,0.005793853247720859,0.005356174910027267
2008-12-29,0.00023603446509845583,-0.003872599599089699
2008-12-30,0.01673628153198492,0.024407112966569722
2008-12-31,0.010168499179172397,0.01415834135471683
2009-01-02,0.013498245641235362,0.03160806841181141
2009-01-05,-0.00022669804853336917,-0.004668357633531128
2009-01-06,0.004173785142604247,0.0078171328961949
2009-01-07,-0.010955448023017733,-0.030009615306130777
2009-01-08,0.004256153278881847,0.0033970727091503505
2009-01-09,-0.007513664100584738,-0.021303029798827477
2009-01-12,-0.014481040416974511,-0.02256412239141281
2009-01-13,0.003827294862718489,0.0017580587922576552
2009-01-14,-0.02847226781667178,-0.03345987410426654
2009-01-15,0.0014856516182455426,0.0013291817470242329
2009-01-16,0.022307749931729903,0.0075615769747268136
2009-01-20,-0.033539131716423976,-0.052816102046715274
2009-01-21,0.03355572000892204,0.04349124562903017
2009-01-22,-0.006235593463764344,-0.015162323124874533
2009-01-23,0.003957904234912046,0.005377658256231044
2009-01-26,0.006428561367831431,0.005553212391849582
2009-01-27,0.00850300339988519,0.010925582519593302
2009-01-28,0.015076281351339205,0.03355760738960489
2009-01-29,-0.014372333094010092,-0.03312017219917118
2009-01-30,-0.01210655372269287,-0.022789134855526583
2009-02-02,0.0014924496239749896,-0.0005327680035899229
2009-02-03,0.011621389251032843,0.01583398827965876
2009-02-04,-0.0022028948207430954,-0.007489510230927809
2009-02-05,0.008059206447100564,0.016365662661559144
2009-02-06,0.01062848096324398,0.026896022529575125
2009-02-09,0.0035100042505669116,0.0014851935283901607
2009-02-10,-0.022284648071422386,-0.04912120013376109
2009-02-11,0.0078323595989227,0.007954951041488467
2009-02-12,0.004880744521574831,0.0017391659558319006
2009-02-13,-0.0061414906275342185,-0.00999769580757559
2009-02-17,-0.0362826289669399,-0.0455590473632177
2009-02-18,-0.0006286579163874428,-0.000950365594538094
2009-02-19,-0.009785009298864389,-0.01202402358417931
2009-02-20,-0.010319316621314023,-0.01141296456796903
2009-02-23,-0.018486059647767394,-0.034699008021163436
2009-02-24,0.026202249176290104,0.04010331464253336
2009-02-25,-0.0027898599391256163,-0.010657824039959851
2009-02-26,-0.006944280119797641,-0.01577984957375933
2009-02-27,-0.01318503511040059,-0.023564403426620917
2009-03-02,-0.03493896970823218,-0.04662016661802437
2009-03-03,-0.003453694347637759,-0.006406766626880556
2009-03-04,0.021728294100324508,0.02375307342984989
2009-03-05,-0.036972594353714805,-0.04253230958224652
2009-03-06,0.0014701714742055838,0.0012160531897855709
2009-03-09,-0.009526639694447114,-0.010023669901070842
2009-03-10,0.057138021832556785,0.06366302222212594
2009-03-11,0.005476531316239486,0.002445816877900686
2009-03-12,0.03211373537040951,0.04072863130673077
2009-03-13,0.006360849544813085,0.007739027671590959
2009-03-16,0.00029368773645011004,-0.0035159251701146754
2009-03-17,0.01855082015162668,0.032139940837456527
2009-03-18,0.005517457680419335,0.020857940382711382
2009-03-19,0.001678879196510774,-0.012979162680767709
2009-03-20,-0.010519821434838983,-0.01976940007446848
2009-03-25,0.005858216242783598,0.009626370531222062
2009-03-26,0.0075833330825214595,0.02332036707485252
2009-03-27,-0.0051718659277194545,-0.020315519064124654
2009-03-30,-0.012830521555162622,-0.03481870365409789
2009-03-31,0.007071087795476494,0.013129614663131228
2009-04-01,0.007944259494790495,0.01655660953977356
2009-04-02,0.007815237076201909,0.028727113604116505
2009-04-03,0.0053058817356022026,0.00973177097925304
2009-04-06,0.0007988597583867829,-0.008332367396142404
2009-04-07,-0.003467721484865627,-0.02385454246862917
2009-04-08,0.004517144792604011,0.011783441230339475
2009-04-09,0.0048107165665012275,0.0380532568665477
2009-04-13,0.00028617796934660156,0.0025333694269418228
2009-04-14,7.803342434331562e-05,-0.02006449158715151
2009-04-15,0.0006762898263863448,0.012549016706588034
2009-04-16,0.0003508460482304354,0.015538800404093056
2009-04-17,0.002039712342119193,0.004969360746134077
2009-04-20,-0.024348777757686624,-0.04278974468970964
2009-04-21,0.01409946075649815,0.021252059887909347
2009-04-22,-0.003145015763469705,-0.007681664273476052
2009-04-23,0.006454456789334984,0.009922346320087705
2009-04-24,0.008228501695062285,0.016797349335216705
2009-04-27,-0.00297952899199605,-0.0100665768903615
2009-04-28,-0.0005327679236595273,-0.0027405354973477625
2009-04-29,0.01198620952320506,0.021610040324914648
2009-04-30,0.0011946876738919698,-0.0009500676204463598
2009-05-01,0.0032205624816843414,0.005396388659423046
2009-05-04,0.010679356849890187,0.03386813980494785
2009-05-05,0.0005948037279002172,-0.0037917226736418064
2009-05-06,0.0033388321837362067,0.01740433914180306
2009-05-07,-0.0013361201032490166,-0.013202412386380091
2009-05-08,0.0032816371608468398,0.024068995104353563
2009-05-11,-0.000679320179180154,-0.02151242496964101
2009-05-12,0.0012337040003251865,-0.0009788555914792552
2009-05-13,-0.001772914256780056,-0.02689491201893024
2009-05-14,0.002431073769350478,0.010351643351174777
2009-05-15,-0.004762312694267523,-0.01141008247711417
2009-05-18,0.017599902349913377,0.030389200051489373
2009-05-19,0.0013771701448050955,-0.0017368359715522752
2009-05-20,-0.0015982877789176841,-0.005131461524926495
2009-05-21,-0.008587611138012763,-0.016757561517510733
2009-05-22,-0.00027542181557760337,-0.00149721056843366
2009-05-26,0.013910684794032901,0.02630216131887675
2009-05-27,-0.007965141116942243,-0.018971163431981575
2009-05-28,0.007170166236898812,0.015418918738823617
2009-05-29,0.007798881890952902,0.013574757481119137
2009-06-01,0.0053102231114094955,0.025817590454732198
2009-06-02,0.0008539546237298357,0.0019833011198484574
2009-06-03,-0.001974568374693342,-0.013739209309357014
2009-06-04,0.002894438421922052,0.011483656837475431
2009-06-05,0.0007428156518705098,-0.002514690344346815
2009-06-08,0.0011438475359151212,-0.001010554499986549
2009-06-09,0.001555831593915702,0.0035031816087351952
2009-06-10,0.00014562337321799568,-0.0034803309393901527
2009-06-11,0.0005945545380849904,0.006111899148334876
2009-06-12,0.00048510152122327455,0.0013969957389272647
2009-06-15,-0.0014787904649568029,-0.023768561680042266
2009-06-16,-0.0010924537414929159,-0.012720305257724385
2009-06-17,0.0016890917147207585,-0.0013815682214813885
2009-06-18,0.0019774653656634555,0.008410990281999098
2009-06-19,-0.0011744124409089896,0.003114197291689047
2009-06-22,-0.018970876031861872,-0.030600396251826645
2009-06-23,0.001989355462556075,0.0023067249051313965
2009-06-24,0.006523583674753031,0.006524440861084724
2009-06-25,0.014408245025414157,0.021444277390130884
2009-06-26,0.00016903426441761127,-0.001477827284822375
2009-06-29,0.006617608580447909,0.009065138571521025
2009-06-30,-0.00297516909362161,-0.008530756458643096
2009-07-01,0.002274112265621353,0.004361930267673175
2009-07-02,-0.01753920878143056,-0.029144546025377416
2009-07-06,0.0020405959336644575,0.0025657480163505664
2009-07-07,-0.01702330485373338,-0.019683485382449017
2009-07-08,0.00028530370192902943,-0.001668537608706111
2009-07-09,0.0025175714893337364,0.003547222617954038
2009-07-10,-0.002548398120629014,-0.00402182877421664
2009-07-13,0.023081083597553675,0.024933721734452963
2009-07-14,0.006631071088899931,0.005316063622877065
2009-07-15,0.019148120124232726,0.02962991811422233
2009-07-16,0.003403174892580685,0.008641760970416357
2009-07-17,0.0025436884913496716,-0.00038266189946156715
2009-07-20,0.00595553598425802,0.01143154888894049
2009-07-21,0.0025689672744428904,0.003627277227424175
2009-07-22,0.0008269013060733243,-0.0005342765996504406
2009-07-23,0.006645046629968343,0.023289664838582524
2009-07-24,0.001734104046242857,0.003042161453180592
2009-07-27,0.000980929701024147,0.0029818259512661704
2009-07-28,-0.0005303060476704591,-0.0026064444171983725
2009-07-29,-0.0009690120329848284,-0.004562963930304753
2009-07-30,0.002817392154954357,0.01189558047020256
2009-07-31,0.0004260211647202361,0.0007397825880415265
2009-08-03,0.0027622683223136324,0.015342107904679603
2009-08-04,0.0007345851310329721,0.003012097699592653
2009-08-05,0.000378433358697583,-0.002913591845875696
2009-08-06,-0.0005044569107447439,-0.005624654717235167
2009-08-07,0.0015026526934365236,0.013439205629671047
2009-08-10,0.0003894477894590409,-0.0033449498734695604
2009-08-11,-0.0005266783881782144,-0.012660113503211945
2009-08-12,0.0008591262305892577,0.011525139291026054
2009-08-13,0.0002975859492488908,0.0068800100684554
2009-08-14,0.00016020166134844693,-0.008531349698250423
2009-08-17,-0.001075357711273428,-0.02426081898553223
2009-08-18,0.0011795465578385844,0.01014565506778764
2009-08-19,0.00029741915574854616,0.006860912404894393
2009-08-20,0.00033167032862713164,0.010948731413161106
2009-08-21,-0.00017150154979350685,0.018622760114512582
2009-08-24,0.0014177474117875732,-0.0005457969176273503
2009-08-25,0.0014043814359352425,0.0023694665778091206
2009-08-26,0.0009006806635072362,0.0001167267676920325
2009-08-27,0.001959232120060106,0.002781762211750971
2009-08-28,0.0005002301655512298,-0.001988328383331406
2009-08-31,-0.0039657178327261455,-0.008076407685613796
2009-09-01,-0.013952405041432248,-0.022123823948061228
2009-09-02,-0.0006594864394998678,-0.003296439120451411
2009-09-03,0.007212712554269141,0.008534797923473336
2009-09-04,0.01013817274216633,0.013117533499250822
2009-09-08,0.005848901592893974,0.008844933115342624
2009-09-09,0.004321568560839095,0.007782385584753415
2009-09-10,0.003514457829668638,0.010422229774562641
2009-09-11,0.00014592861227091802,-0.0013504263412050799
2009-09-14,0.0018630241258097424,0.0063391150876768165
2009-09-15,0.0009634539115059848,0.0031353414238139976
2009-09-16,0.00041408246511731583,0.015323527552882465
2009-09-17,0.000257277617707663,-0.003059638741504833
2009-09-18,0.0009394224729351031,0.0026373392706691146
2009-09-21,0.0004916393351841464,-0.0034072961546995906
2009-09-22,0.0037525228526535948,0.006574868761175523
2009-09-23,-0.0039164852573585485,-0.010068528001755062
2009-09-24,-0.006042974749546182,-0.00951102950102567
2009-09-25,-0.002798313398342689,-0.006090736629573268
2009-09-28,0.011247018401410624,0.017809586069224448
2009-09-29,-0.0007577955298838646,-0.0022295764367475934
2009-09-30,-0.0022974376875078972,-0.003328301020761093
2009-10-01,-0.017538762975658706,-0.025759622356647194
2009-10-02,-0.0025373096392765637,-0.004505524841904807
2009-10-05,0.013939146972633987,0.014875001786029074
2009-10-06,0.01040623682071451,0.013705486324313787
2009-10-07,0.0027835303618874985,0.002711606332490124
2009-10-08,0.005018607237718742,0.007469907470196047
2009-10-09,0.004562734771031529,0.005640659492242017
2009-10-12,0.00195760355869834,0.00438636964853667
2009-10-13,0.00032926974936842157,-0.0027876120046986808
2009-10-14,0.004015969583480716,0.0175458950913443
2009-10-15,0.0009289045809683927,0.004157468710554335
2009-10-16,0.002587669896222611,-0.008098056110305896
2009-10-19,0.004835287167336055,0.009405321384581278
2009-10-20,-0.0016907060382859163,-0.006239104637617676
2009-10-21,-0.004190489215530002,-0.008853806079326398
2009-10-22,0.0063012724046866975,0.010643618925255227
2009-10-23,-0.005828508698295098,-0.012178549173757158
2009-10-26,-0.006625427624216806,-0.01171732558366989
2009-10-27,-0.0019416837384187424,-0.0033177910438061398
2009-10-28,-0.014145649703877328,-0.019540937765275768
2009-10-29,0.017013222094814706,0.02251995469034007
2009-10-30,-0.02114648885438164,-0.02806468784310845
2009-11-02,0.005711639025562043,0.006456406503505763
2009-11-03,0.003296096827601902,0.0024260023061419833
2009-11-04,0.0015427808370551688,0.0010426203926459099
2009-11-05,0.015182255927350674,0.01923555172748448
2009-11-06,0.0035586906454314615,0.0025032522365671106
2009-11-09,0.011606259680209563,0.022238760067974983
2009-11-10,0.001172071887600712,-6.399009393143196e-05
2009-11-11,0.0024272075366345014,0.005031975874749239
2009-11-12,-0.0032998940753751205,-0.010259368991689555
2009-11-13,0.003644053384617818,0.0057392942592462415
2009-11-16,0.003930814269516025,0.014467634197192325
2009-11-17,0.0007681080195856005,0.0009194063067201608
2009-11-18,0.0003944300644980192,-0.00046824112515952976
2009-11-19,0.0001918039673698413,-0.013425863902056911
2009-11-20,0.0031003987378870335,-0.00321492323752004
2009-11-23,0.006808183745308227,0.013615775701478094
2009-11-24,0.0013081169895461375,-0.0005333072620051782
2009-11-25,0.0014434407171688424,0.004504120073066664
2009-11-27,-0.009258043993238818,-0.017233475202623416
2009-11-30,0.004088259587081922,0.003792993692547375
2009-12-01,0.006080923767505686,0.012075226499629332
2009-12-02,0.001166772131250493,0.00034269870662884117
2009-12-03,-0.002698340386408593,-0.008402100871871099
2009-12-04,0.0029372209267433114,0.0055094336691066115
2009-12-07,0.0004618672493963416,-0.0024683814508043023
2009-12-08,-0.0033889209437492074,-0.010251582681849114
2009-12-09,0.002189791340431846,0.0036723720907769763
2009-12-10,0.0027417252146584303,0.005839705004064388
2009-12-11,0.002179032323964547,0.003683094011583732
2009-12-14,0.0018293192561500415,0.006959401066516824
2009-12-15,-0.0003443452924171142,-0.005546967284989268
2009-12-16,0.0010855040707198338,0.0011282300681465518
2009-12-17,-0.000417019486067538,-0.011810614167124256
2009-12-18,0.005528306796166227,0.005829880031232637
2009-12-21,0.005809103304914354,0.010503758317892853
2009-12-22,0.0022689895445817676,0.0035635478920368335
2009-12-23,0.0008232021023024672,0.0022986585608189003
2009-12-24,0.0018918639745597599,0.005256172933982839
2009-12-28,0.0011083464216758987,0.0011540807210652648
2009-12-29,0.00013326726280293855,-0.0014010516979849896
2009-12-30,0.0001434465328540302,0.00019542957110640913
2009-12-31,-0.002572222288594217,-0.010049597767921581
2010-01-04,0.0050653383685914655,0.01604341766668682
2010-01-05,0.0011244779354431245,0.0031156756258232665
2010-01-06,0.0003369894013811603,0.0005455206301101523
2010-01-07,0.00027556907849524137,0.00400120187417663
2010-01-08,0.0008266040562834309,0.0028817272914287706
2010-01-11,0.00020394425830638774,0.0017467554316374923
2010-01-12,-0.000183493739466134,-0.009381166148364262
2010-01-13,0.00025490956062701464,0.008325925658531075
2010-01-14,0.00027525207590084477,0.0024264254383745687
2010-01-15,0.00040760183328147903,-0.010823130159869354
2010-01-19,0.0069270918792201375,0.012499626599363545
2010-01-20,-0.004552536167339749,-0.010597829662970737
2010-01-21,-0.012063493284402371,-0.01894490338978838
2010-01-22,-0.018259625661851464,-0.022140988764300484
2010-01-25,0.006150842416752678,0.004598098012701168
2010-01-26,-0.0030722572557311256,-0.004203199573680982
2010-01-27,0.004429298404947657,0.004880152210944955
2010-01-28,-0.009277153312694963,-0.011817740959567224
2010-01-29,-0.009353580822436203,-0.009829173828039273
2010-02-01,0.014210512597139902,0.014266108894671836
2010-02-02,0.011629126806612433,0.01297294837718499
2010-02-03,-0.003790545297016279,-0.00547431142933863
2010-02-04,-0.029827647533006818,-0.031140677888039425
2010-02-05,0.0034837723987546365,0.002897118921960873
2010-02-08,-0.008689854344485215,-0.00886329049344714
2010-02-09,0.013557204747585372,0.013040132316577413
2010-02-10,-0.002236362201403219,-0.0022325735201887964
2010-02-11,0.01021903489270004,0.009680437561949251
2010-02-12,-0.0006099023026747696,-0.002744592819371894
2010-02-16,0.016119197407139296,0.01800074864554846
2010-02-17,0.004939237868872404,0.0042379594555796984
2010-02-18,0.0060483612308182,0.006584742448973557
2010-02-19,-0.004281112532904641,0.002186622042297248
2010-02-22,0.00102859492639773,-0.0010458578339902491
2010-02-23,-0.007131116270403304,-0.012102809596931441
2010-02-24,0.005981793930518453,0.00972045942422195
2010-02-25,0.0004629564803955155,-0.002081040179913507
2010-02-26,0.0010179952948785598,0.0014053791778985136
2010-03-01,0.005619049028257717,0.01015850827289455
2010-03-02,0.001654829252757395,0.0023304422719907514
2010-03-03,0.0006424884282680843,0.00042920160206150193
2010-03-04,0.0018242743631011749,0.0037361180334851696
2010-03-05,0.004109949340925345,0.014007480947064943
2010-03-08,0.0006889280524380315,-0.00017559601339156572
2010-03-09,0.0006783194411839055,0.0017127370855292146
2010-03-10,0.0002731940447155967,0.00452455995494172
2010-03-11,0.0005967387910217337,0.004041519314613495
2010-03-12,0.00014153759433477298,-0.00021734594703937127
2010-03-15,0.00027291791820882594,0.000452194832708086
2010-03-16,0.0001414172786629031,0.0077791163013856135
2010-03-17,0.00025257883545992676,0.005821675803744153
2010-03-18,9.093254562109188e-05,-0.0003258460273372066
2010-03-19,0.0011513787510888385,-0.005086446449439896
2010-03-22,0.004176413622636321,0.005095296193887933
2010-03-23,0.0032850982203040946,0.007170966908320198
2010-03-24,-0.0016521442213791593,-0.005493304207041971
2010-03-25,-0.0020962526644685564,-0.001704167338318907
2010-03-26,0.0014875072518125698,0.000737722599547963
2010-03-29,0.0034122402926246576,0.005683234964352302
2010-03-30,0.0006600919562487206,4.265937281555665e-05
2010-03-31,-0.0009995202498019884,-0.00327287474868454
2010-04-01,0.002651403195509383,0.0074138011482498545
2010-04-05,0.0030933866572531166,0.00792799084446738
2010-04-06,0.000865468732619501,0.0016842957106795176
2010-04-07,-0.0007255546033830829,-0.005876707172041695
2010-04-08,0.001163733666051936,0.003374341747336196
2010-04-09,0.0006954638884817399,0.00668390656297202
2010-04-12,0.00041696409418623404,0.0017666094762833762
2010-04-13,0.00026796691190122957,0.0006854008197059169
2010-04-14,0.00034728267204808816,0.011150066851666862
2010-04-15,3.9649726447210654e-05,0.0008425387276917995
2010-04-16,0.001666130458166215,-0.016126534744455467
2010-04-19,0.0036732890818378383,0.004521331252766547
2010-04-20,0.004942191180786981,0.008058340784849571
2010-04-21,-0.0007558097595380397,-0.0010189969053922
2010-04-22,0.0014047769130438592,0.002263879356942944
2010-04-23,0.0019913753968050507,0.0071235200993795544
2010-04-26,-0.001223798506834406,-0.004296448099761374
2010-04-27,-0.014801576207105538,-0.023381945257149872
2010-04-28,0.006616544713963446,0.006462752419523099
2010-04-29,0.007472494483995673,0.012943228020842135
2010-04-30,-0.009909088296091162,-0.016647680109796337
2010-05-03,0.008947976505241373,0.013120586781854904
2010-05-04,-0.014869391540882293,-0.02383846584506677
2010-05-05,-0.004256993142626619,-0.006586554728659322
2010-05-06,-0.029846112009924153,-0.032353496411350324
2010-05-07,-0.013715430963717745,-0.015308264998017185
2010-05-10,0.04194877706479594,0.04397412445198401
2010-05-11,-0.0024202475534573775,-0.003397292018489928
2010-05-12,0.012724377332281378,0.013739523915341278
2010-05-13,-0.009771291532311821,-0.012145144968583543
2010-05-14,-0.017145513075369156,-0.018800014512092122
2010-05-17,0.001103071307092529,0.0011093685155389998
2010-05-18,-0.01364034689250182,-0.014195906037184347
2010-05-19,-0.005440582719363318,-0.005130263873571406
2010-05-20,-0.038406731989614085,-0.03897590341661106
2010-05-21,-0.01845082049781066,0.015024380686144978
2010-05-24,-0.0012891521368323389,-0.012908014000787449
2010-05-25,0.004060054299261706,0.00035393738571354305
2010-05-26,-0.001725150056131275,-0.0056609945338124135
2010-05-27,0.01614747706126174,0.032876173067238
2010-05-28,-0.005925204246656435,-0.01237468831159061
2010-06-01,-0.007802151121767853,-0.01716532127985071
2010-06-02,0.015485356998427457,0.025842707133391096
2010-06-03,0.002184589098560341,0.004051376711240895
2010-06-04,-0.01639220737015379,-0.034411425771964765
2010-06-07,-0.005178416025581112,-0.01353207320412908
2010-06-08,0.00888888619640893,0.010976067492112662
2010-06-09,-0.002437643308120019,-0.005941674758709992
2010-06-10,0.016469753862952574,0.029506792849203878
2010-06-11,0.003924078767929551,0.004379678623643857
2010-06-14,0.001138252411912788,-0.0018046635646612463
2010-06-15,0.004376245133622891,0.023494191121040897
2010-06-16,0.000523275800371481,-0.0005559347650669899
2010-06-17,0.00025615898847686225,0.0012830081640498037
2010-06-18,0.004407124919254324,0.0013171307943036226
2010-06-21,-0.006225748049468738,-0.003856841152281021
2010-06-22,-0.009760639668838,-0.016070691127224812
2010-06-23,-0.0014250937213112769,-0.0029854738442266493
2010-06-24,-0.013017036775967994,-0.01680350261882635
2010-06-25,0.005170304060572839,0.002859362131449217
2010-06-28,-0.002135984375979061,-0.00203393834902843
2010-06-29,-0.02797981332437638,-0.03101701864061035
2010-06-30,-0.010257971673416244,-0.0101129704925228
2010-07-01,-0.002077347414010111,-0.0032404516759250157
2010-07-02,-0.00492562338543201,-0.004662369010297374
2010-07-06,0.005944569542190692,0.00535903441522545
2010-07-07,0.03131995815247457,0.03133081639370272
2010-07-08,0.009785021418227569,0.00941267817151159
2010-07-09,0.007289464713715832,0.007203887818266752
2010-07-12,0.0010400315956957673,0.0007329020475055348
2010-07-13,0.014198667468817039,0.015378879091830777
2010-07-14,0.0008215957701918075,-0.0001551316306374062
2010-07-15,0.001332736291769221,0.0011961033180916125
2010-07-16,-0.007176539238924695,-0.028819473359129044
2010-07-19,0.005029870851695151,0.005981890060832162
2010-07-20,0.006957507646002892,0.011416551196032687
2010-07-21,-0.0068988275873934635,-0.012819816608358736
2010-07-22,0.011033651431964886,0.022513373250030444
2010-07-23,0.004264028610323045,0.008220020548377116
2010-07-26,0.004266899472338492,0.011200166146517754
2010-07-27,0.00014652474163523443,-0.0010493573466290318
2010-07-28,-0.0018834675652030786,-0.006921964711350426
2010-07-29,-0.00017819596706381002,-0.004158621107493432
2010-07-30,0.0006605625110231994,6.349921218862242e-05
2010-08-02,0.006936508011627707,0.022022522061804883
2010-08-03,-0.0008844791252510253,-0.004796355216742376
2010-08-04,0.0015934845318148483,0.006051112519185553
2010-08-05,-4.157146220029606e-05,-0.001268524584838171
2010-08-06,0.0006135060442340468,-0.003704038628435491
2010-08-09,0.0012679343345884941,0.005483064382283187
2010-08-10,-0.0006020272029124696,-0.0059674054882985494
2010-08-11,-0.006335267514217313,-0.028178764954173263
2010-08-12,-0.0011706123852959216,-0.0053787488495717906
2010-08-13,-0.0003766955611365086,-0.004023574358396065
2010-08-16,0.00283682360605253,0.00012045854325926086
2010-08-17,0.005751636052352627,0.012192216013040102
2010-08-18,0.0008199045431693808,0.0014827787168125717
2010-08-19,-0.002094762511403503,-0.016935392189468268
2010-08-20,0.0045932875600855905,-0.0036630286052607985
2010-08-23,0.00044480927152990013,-0.004040306703826824
2010-08-24,-0.00782737133182887,-0.014512432962598854
2010-08-25,0.0022406591020940336,0.0032893427453595248
2010-08-26,-0.0038681831039432124,-0.007684786454732473
2010-08-27,0.011503392300387993,0.01658676839931239
2010-08-30,-0.00785344205527605,-0.01471920868888299
2010-08-31,0.00019763305059461445,0.000390794428747121
2010-09-01,0.016576886122953827,0.029504621333996228
2010-09-02,0.0038566560487443002,0.009080835857702363
2010-09-03,0.004697945041674867,0.013219002387319545
2010-09-07,-0.0018257924571964956,-0.011471189788493708
2010-09-08,0.0018900990070762624,0.006438699367075529
2010-09-09,0.0014705983402591993,0.0048322900955937165
2010-09-10,0.0010127505567067985,0.004863332840635781
2010-09-13,0.0008094301452459263,0.011130616053760978
2010-09-14,5.053304339663889e-05,-0.0007131195389205036
2010-09-15,0.0001920652199933759,0.00354113887216001
2010-09-16,0.0001920283380283383,-0.00036434366656679096
2010-09-17,0.0005456307539621896,0.0008268557718451586
2010-09-20,0.007634973049863714,0.015209797205957498
2010-09-21,-0.0014332317936313066,-0.002564020390809607
2010-09-22,-0.0014352888953090837,-0.004825492514895946
2010-09-23,-0.004070830424867,-0.008331340584428193
2010-09-24,0.009991586052250812,0.021194392772258208
2010-09-27,-0.0009792656239707709,-0.005667432349210744
2010-09-28,0.002300562933702066,0.004850385958537151
2010-09-29,-0.0007584549422519071,-0.0025877588476783675
2010-09-30,-0.0006291932373613252,-0.003083722237648967
2010-10-01,0.002838153750213568,0.004416438203773465
2010-10-04,-0.0019630998536372957,-0.008034932488803492
2010-10-05,0.00647008105518232,0.02086134059079603
2010-10-06,0.0006349288620519644,-0.0006720045633211713
2010-10-07,1.9787335161502995e-05,-0.0016465185803191673
2010-10-08,0.0013185849805963379,0.00612227817348443
2010-10-11,0.0006435885287747745,0.00014583690635494584
2010-10-12,0.00026711372836540903,0.003818756605307172
2010-10-13,0.0003858017004616521,0.007121020299379444
2010-10-14,0.00021757101068153872,-0.0036413861990395313
2010-10-15,0.001235751746162972,0.002027485447987365
2010-10-18,0.004680177429708721,0.007243744595420987
2010-10-19,-0.007940892498180085,-0.015877250249970554
2010-10-20,0.006042930309066552,0.01052407519882892
2010-10-21,0.0013983141737767824,0.0017739084702186325
2010-10-22,0.0017404405855212524,0.0023892585241640507
2010-10-25,0.0010601603079816169,0.002146971596890701
2010-10-26,3.9201446778713844e-05,1.688528477283846e-05
2010-10-27,-0.00068632758604803,-0.002690583513671685
2010-10-28,0.000569058569194425,0.0011248494058304637
2010-10-29,0.00026479512853572196,-0.0004392872986367369
2010-11-01,0.0002745385263480671,0.0009465333975153811
2010-11-02,0.003126535181178003,0.007759284493458862
2010-11-03,0.0033220558603459516,0.003678053944041082
2010-11-04,0.004489356367878283,0.01928286287479275
2010-11-05,0.0011827381298961104,0.00392275298702649
2010-11-08,0.00039705064304706994,-0.0021209574072836856
2010-11-09,-0.0010647226350862793,-0.008052299681943542
2010-11-10,0.0010077800143974969,0.004376080778473401
2010-11-11,-3.8758105229685924e-05,-0.004242126544221403
2010-11-12,-0.0021781008690423542,-0.011808492232419865
2010-11-15,0.0014261037382108377,-0.0012174356326716262
2010-11-16,-0.0035553335443070377,-0.016205413633636034
2010-11-17,0.0024596592152541508,0.00021216287934855416
2010-11-18,0.0030938750083020494,0.015357313493959523
2010-11-19,0.002030374295600712,0.002540373205550228
2010-11-22,0.0001832739008424955,-0.0015753666901773267
2010-11-23,-0.007968480781140763,-0.014284032792181156
2010-11-24,0.008042221693568719,0.014922967493543604
2010-11-26,-0.007119571278323189,-0.007468562068020934
2010-11-29,0.0036630584046932757,-0.001378858764733426
2010-11-30,-0.004317609479454809,-0.006070216944686235
2010-12-01,0.01143402558454909,0.02161695515261708
2010-12-02,0.004844933495989023,0.012818562518186694
2010-12-03,0.0021237437494014966,0.0026032365675492386
2010-12-06,0.000601419401060399,-0.001298238661417761
2010-12-07,0.00033389518253423844,0.0005150801927265025
2010-12-08,0.0010014676239091802,0.003701760406026544
2010-12-09,0.0008669462046737575,0.0038427480627742927
2010-12-10,0.0003808051874103491,0.006001641860553519
2010-12-13,0.00028552421281324847,4.832031784740565e-05
2010-12-14,6.654136451600401e-05,0.00091095635360805
2010-12-15,8.558066773356465e-05,-0.005122452280258649
2010-12-16,0.00020934700107222426,0.006185094896691501
2010-12-17,0.0014549067143949657,0.0008368043854836138
2010-12-20,0.001937211937964145,0.0025483530061645165
2010-12-21,0.0020566797666188297,0.006030102155631267
2010-12-22,0.002080745198191458,0.0033795554893063517
2010-12-23,-0.0006040780510780941,-0.0016443283858672553
2010-12-27,0.00058553631910363,0.0006126972471360848
2010-12-28,0.0007740364352477602,0.0007713239125555216
2010-12-29,0.0008581728355945284,0.0010091453555356455
2010-12-30,-0.0004428672491042507,-0.0015082191889665975
2010-12-31,0.00029230680706593404,-0.0001907894500615681
2011-01-03,0.0033834404811758922,0.011314828013585299
2011-01-04,0.00037574031562881416,-0.0013130618315739806
2011-01-05,0.0016994229962064011,0.0050071702616640845
2011-01-06,-0.0003561967070856431,-0.002122957701494954
2011-01-07,8.447376734688206e-05,-0.001844782063018524
2011-01-10,0.0007781688778687457,-0.001376327172630698
2011-01-11,0.001058671586167348,0.0037251273626697223
2011-01-12,0.0009733545338785898,0.00900758006769764
2011-01-13,0.0002431020090269964,-0.001710746243041017
2011-01-14,0.00020561659647699848,0.007384542591010179
2011-01-18,0.00028029751464964114,0.00137641065101346
2011-01-19,-0.00012146243509025823,-0.010115654884377157
2011-01-20,0.00026166072664124407,-0.0012949592195925508
2011-01-21,-0.000252241551618515,0.0024135455272700224
2011-01-24,0.0037749966922013822,0.00583628034196626
2011-01-25,0.0005585064798114825,0.0002634624737614111
2011-01-26,0.0030423032102386838,0.00422090718967616
2011-01-27,0.0009461094645026868,0.0022443057531671418
2011-01-28,-0.010054279740031924,-0.017852526697772375
2011-01-31,0.004699116670277448,0.007662558220206783
2011-02-01,0.007816839608414172,0.01669359840810869
2011-02-02,-0.00026801978854984476,-0.00272251746839014
2011-02-03,0.0014517585739375338,0.0023541990752451447
2011-02-04,0.001569810405407157,0.002884262567260709
2011-02-07,0.0013367547111375888,0.006240171597036381
2011-02-08,0.0011600911124456381,0.004184752099316791
2011-02-09,-0.00022990830946778562,-0.0027857656113878804
2011-02-10,0.00046912978894431134,0.0007494929370688297
2011-02-11,0.0005516255895463562,0.005507371620330659
2011-02-14,0.0003583869960372965,0.002384924061824778
2011-02-15,9.194743432416885e-06,-0.003234911055292722
2011-02-16,0.0001928635767156628,0.006257435156610036
2011-02-17,0.0002755623607824109,0.003075691142146564
2011-02-18,-0.00030305750729142655,0.0019247226272978146
2011-02-22,-0.013610891403798009,-0.02052856505826517
2011-02-23,-0.0041433051195175485,-0.006111960522950599
2011-02-24,0.0002337409647932276,-0.000994377240208233
2011-02-25,0.009020201545342221,0.01055051646463201
2011-02-28,0.0047338350068348856,0.005561085699577806
2011-03-01,-0.01249336366379561,-0.015739677754675885
2011-03-02,0.002044724997025238,0.0016152009236127807
2011-03-03,0.013166114178132737,0.017219001487115193
2011-03-04,-0.004543143415613571,-0.0073780374502926405
2011-03-07,-0.005894313321238354,-0.008341232507744434
2011-03-08,0.007323288358747515,0.008922733898683255
2011-03-09,-0.0005351767800850782,-0.0013617034323515353
2011-03-10,-0.016200132581265736,-0.018870951812180237
2011-03-11,0.007393719787950337,0.007080513662183874
2011-03-14,-0.005327593324693125,-0.006049325659529536
2011-03-15,-0.011105696839097678,-0.01120034817237281
2011-03-16,-0.01908008310865672,-0.019494949042855536
2011-03-17,0.012848420687707085,0.013398228752857344
2011-03-18,0.009263908660694709,0.004310201897316901
2011-03-21,0.010227186009135858,0.014985846366661448
2011-03-22,-0.0005889106784191522,-0.003550567117658776
2011-03-23,0.0022634072110938597,0.00291397966743423
2011-03-24,0.004059555488015176,0.009340748456551973
2011-03-25,0.0013848521948818249,0.003161136890789118
2011-03-28,-0.0009003932975026885,-0.002747836267090409
2011-03-29,0.003028510593323208,0.007060045042073693
2011-03-30,0.002037670965715721,0.006684706201916635
2011-03-31,0.00012016349004428939,-0.0018295015230987977
2011-04-01,0.0011552359603292928,0.004962987972138233
2011-04-04,0.00039687950391198434,0.0003452097520288966
2011-04-05,0.0008212664647537782,-0.0001800552456384663
2011-04-06,0.000507144422373651,0.002183677516658822
2011-04-07,-0.00023038289119059474,-0.0015200063176690204
2011-04-08,-0.00023043597969774066,-0.00400444374710851
2011-04-11,0.0005900655824750967,-0.0027933795260068894
2011-04-12,-0.00026724566895552915,-0.007776699229565143
2011-04-13,0.0007649364559332295,0.00019023558280406583
2011-04-14,0.0002394571674644297,8.367659155239515e-05
2011-04-15,0.0005248813425362542,0.003925413156908419
2011-04-18,-0.0051718062139185506,-0.011017851653977395
2011-04-19,0.004125620491695958,0.00573117089721964
2011-04-20,0.005647171702268583,0.013514947433656221
2011-04-21,0.0026931665427845086,0.0052767819301140495
2011-04-25,-0.00013695090410459354,-0.0015926699031209024
2011-04-26,0.002339080445026509,0.008979584523029382
2011-04-27,0.0016135385902791288,0.006249847099511818
2011-04-28,0.0014107384101251785,0.0035554240499382495
2011-04-29,0.00019991883428449597,0.002300662213150728
2011-05-02,-7.276389668409156e-05,-0.00175271131343413
2011-05-03,-0.0005723918124009852,-0.0033793036283190636
2011-05-04,-0.0010638600148906718,-0.006855308680100647
2011-05-05,-0.0032039789961376686,-0.009069835815006422
2011-05-06,0.001451864478232201,0.0038199203649145197
2011-05-09,0.0028813763823083427,0.004544163641626575
2011-05-10,0.002200299995505084,0.008074036650198346
2011-05-11,-0.0019232643333968458,-0.011111495877577093
2011-05-12,0.0017179295681053475,0.004895437361786659
2011-05-13,-0.0013248670037779853,-0.00806733006032423
2011-05-16,-0.0006086878882978208,-0.006204391417766519
2011-05-17,0.0010000413955655318,-0.0003685605881837972
2011-05-18,0.0023250378784602788,0.00880379946585852
2011-05-19,0.00046213700869035534,0.0021779408643529674
2011-05-20,-0.0011049458655024713,-0.007688267521873571
2011-05-23,-0.0058755081605079695,-0.01192558460112425
2011-05-24,0.00027355595688982604,-0.0008273801774386635
2011-05-25,0.002689954749277801,0.0031831687125787322
2011-05-26,0.0034828863453426617,0.0039531157988739185
2011-05-27,0.0024468710714991015,0.004080919686204165
2011-05-31,0.005107579299406195,0.010592724697279676
2011-06-01,-0.011971197979471215,-0.02278464425831217
2011-06-02,-0.000728296994046973,-0.0012248353901096465
2011-06-03,-0.006477048374193606,-0.009733809463420173
2011-06-06,-0.008729077909717775,-0.010760206333523925
2011-06-07,-0.0004994191133554926,-0.0009564073932939454
2011-06-08,-0.003701818351068531,-0.004186874918536865
2011-06-09,0.007431145452743593,0.007377489898070522
2011-06-10,-0.01378458583662534,-0.013979844477308045
2011-06-13,0.0011499443687592592,0.0006687560771996282
2011-06-14,0.012933984128795428,0.012611779574887017
2011-06-15,-0.018125191951696817,-0.01743184580508239
2011-06-16,0.0024130497473593415,0.0017543350239683786
2011-06-17,0.007352987417698076,0.003045016966140013
2011-06-20,0.0042867176904799464,0.005395190996116739
2011-06-21,0.006036662345427102,0.013423475684721353
2011-06-22,-0.0014264399297126973,-0.006468448774604507
2011-06-23,-0.0011520524759902617,-0.002827986549257977
2011-06-24,-0.006126774618944952,-0.011725787945559007
2011-06-27,0.004966880099602777,0.009184457300265958
2011-06-28,0.006577484337497275,0.012944354874931063
2011-06-29,0.0037995730003674844,0.008282747245164312
2011-06-30,0.002560068072051447,0.01011922818616795
2011-07-01,0.001495626780614101,0.014409702179091433
2011-07-05,0.00041883927498576057,-0.0013361790618444669
2011-07-06,1.8222102766252135e-05,0.0010015590452223666
2011-07-07,0.0005734302361175558,0.010453846497412655
2011-07-08,0.0,-0.006961116506509657
2011-07-11,-0.0010552576103362021,-0.01809053260189253
2011-07-12,6.369581811949132e-05,-0.004433512667192274
2011-07-13,0.000883348039127485,0.003105840267646931
2011-07-14,0.0003092932000696713,-0.0067161276923011215
2011-07-15,0.0023828751843251172,0.005554424471774233
2011-07-18,-0.0039015804025608336,-0.008129889770918997
2011-07-19,0.007952144583880827,0.01630870818887753
2011-07-20,-3.618336139010747e-05,-0.0006708332980633891
2011-07-21,0.005178379394506827,0.013546192203295337
2011-07-22,0.0007731942922566404,0.0009078513609139804
2011-07-25,-0.002317790774172823,-0.0056430132712504966
2011-07-26,-0.001080631059519721,-0.004104971538103408
2011-07-27,-0.009618348280206357,-0.020308668519432915
2011-07-28,-0.0015656278738871432,-0.0032339665839667964
2011-07-29,-0.0050594627365811995,-0.006450532698506817
2011-08-01,0.0008338304066128899,-0.004132299323336697
2011-08-02,-0.018190967892480647,-0.025556664705103427
2011-08-03,0.005976997835145381,0.005015682586245518
2011-08-04,-0.04485374678499554,-0.047820446201610634
2011-08-05,-0.0009218799717488624,-0.0005749176607442452
2011-08-08,-0.06492474682415617,-0.06663446415643826
2011-08-09,0.046652021931470555,0.0474068481332115
2011-08-10,-0.044493203215623556,-0.04415240397919251
2011-08-11,0.044955055088486295,0.04629002144148742
2011-08-12,0.007395481498343237,0.00526166928318772
2011-08-15,0.021401931966874788,0.021784622088531824
2011-08-16,-0.009100172654340266,-0.00973854541245922
2011-08-17,0.0009651567695452279,0.0009473866272851073
2011-08-18,-0.04319578546384506,-0.0445937143129993
2011-08-19,-0.02078644809150587,-0.015008981502439234
2011-08-22,0.0028899300654310345,0.00025804116011829414
2011-08-23,0.01934223519271261,0.034284877594586316
2011-08-24,0.006386040297514883,0.013119972745138542
2011-08-25,-0.010094264155611876,-0.01556552007023193
2011-08-26,0.010472817493804243,0.015121610152536658
2011-08-29,0.011162280305591299,0.028280001568408375
2011-08-30,0.0014185785312637034,0.002347024984931334
2011-08-31,0.001446526117934166,0.004921982065451136
2011-09-01,-0.001006126133487939,-0.01187143263889856
2011-09-02,-0.0056438882009487434,-0.025281938303220453
2011-09-06,-0.0020858784030638455,-0.007436289416773878
2011-09-07,0.010491305076913537,0.028646463529026667
2011-09-08,-0.0011038589478766792,-0.010612179635699603
2011-09-09,-0.01043365501501059,-0.026705492278710663
2011-09-12,0.007434860004343902,0.006965716710316983
2011-09-13,0.006311486970897118,0.00912006281484623
2011-09-14,0.0035924411549235202,0.013479804803234297
2011-09-15,0.0010284281314927313,0.017187073659429952
2011-09-16,0.0024596625530604044,0.0057066970727697175
2011-09-19,-0.0033011140861587407,-0.0098025870260805
2011-09-20,-3.952468041734658e-05,-0.0016610054537223862
2011-09-21,-0.018488686653991282,-0.02939044252863232
2011-09-22,-0.02361165966836043,-0.031883121516435575
2011-09-23,0.004126732031358271,0.006082009597382809
2011-09-26,0.019213197124388737,0.023336145831710953
2011-09-27,0.007802488241384742,0.010688382331855317
2011-09-28,-0.014303850111871075,-0.020691134941917988
2011-09-29,0.007367352140268846,0.008114229792425487
2011-09-30,-0.019673845056203954,-0.024974129488995245
2011-10-03,-0.023809017581444603,-0.0284510281118181
2011-10-04,0.02183179870059271,0.022488442948566112
2011-10-05,0.01594680479161803,0.017865633700204997
2011-10-06,0.015128606055242466,0.018303664125949304
2011-10-07,-0.00404541645262424,-0.008163308930517088
2011-10-10,0.025775275571203737,0.034124984892549115
2011-10-11,0.002424744713147131,0.0005440035535435594
2011-10-12,0.006359381492642591,0.009794704112697561
2011-10-13,0.0005911970906997688,-0.002973672247100878
2011-10-14,0.007962078852461696,0.01738025794738407
2011-10-17,-0.007015045848657975,-0.019369883187983272
2011-10-18,0.008748503817421538,0.020418716445174567
2011-10-19,-0.002417632839520567,-0.01264913736003248
2011-10-20,0.005895199351700686,0.0045541787147385104
2011-10-21,0.0024284285798314986,0.01880876515031682
2011-10-24,0.008383442119694884,0.012872958939026846
2011-10-25,-0.009968919287129396,-0.02004472508361621
2011-10-26,0.0069357628522808135,0.010536553156824224
2011-10-27,0.013908818743521678,0.034291437858544604
2011-10-28,0.0015907165934951895,0.0003892292585989665
2011-10-31,-0.009193050875118347,-0.02473750308360323
2011-11-01,-0.015841181639395296,-0.027942247001422227
2011-11-02,0.010270827612243627,0.016104667765514558
2011-11-03,0.010166525932808534,0.01878180753005876
2011-11-04,-0.00156786604618242,-0.006280017279460592
2011-11-07,0.0043629662890809495,0.006295743615618132
2011-11-08,0.005570385052781068,0.011735638864999398
2011-11-09,-0.01759631410356588,-0.036695142913972245
2011-11-10,0.007752209711207048,0.008624176874533207
2011-11-11,0.00938523798355817,0.019480539941325148
2011-11-14,-0.0009409882970125016,-0.009550141648312915
2011-11-15,0.002900185995756921,0.004817163683512371
2011-11-16,-0.0035798742486736757,-0.016616200730203312
2011-11-17,-0.006980198431471685,-0.016799952076269054
2011-11-18,0.00481148285971611,-0.00039467858438069214
2011-11-21,-0.009623694546108785,-0.018648495446902502
2011-11-22,-0.0009443316928182677,-0.004140841830647446
2011-11-23,-0.01529366452798897,-0.02209521492281885
2011-11-25,0.0017469751048138082,-0.002685506857766806
2011-11-28,0.02036240352627039,0.029240425313361795
2011-11-29,0.002901927040505514,0.002213653490450218
2011-11-30,0.021387136489834813,0.0433153072475978
2011-12-01,0.0002016655199410522,-0.0019086457924624156
2011-12-02,0.0003391370411272021,-0.00024098633145541726
2011-12-05,0.004233245839317945,0.010287014543699957
2011-12-06,0.0011953307698100435,0.0011057487964409862
2011-12-07,0.00020958949827565299,0.002018354924337773
2011-12-08,-0.005822230606022716,-0.02114181011508598
2011-12-09,0.008844064750193503,0.01688335256005491
2011-12-12,-0.0015625017327246526,-0.014914054108935981
2011-12-13,-0.0012738379519076082,-0.00868600976072853
2011-12-14,-0.004008549347750301,-0.01134836742295231
2011-12-15,0.005469861163248879,0.0032431003656709922
2011-12-16,0.004621334831172108,0.0032161498496299235
2011-12-19,-0.0051796317927121915,-0.011732825699560245
2011-12-20,0.016084147403961246,0.029825423296426123
2011-12-21,0.0024545944855938195,0.0019495059855065833
2011-12-22,0.003449464542655045,0.008265549753183832
2011-12-23,0.0034376066404371297,0.009035052675189448
2011-12-27,0.0010295582790873503,7.9107947907886e-05
2011-12-28,-0.003954251637638739,-0.0124780022540123
2011-12-29,0.0038007684117342677,0.01070708742195392
2011-12-30,-0.0010285644760111845,-0.0042913365279230176
2012-01-03,0.005281615358142533,0.015473984880403524
2012-01-04,0.0011126012384128359,0.00018792399994027598
2012-01-05,0.0014288821320287415,0.002943716919978634
2012-01-06,0.00033469695733256977,-0.002536961462655807
2012-01-09,0.0010565275561302823,0.0022615979258335805
2012-01-10,0.0006333548567334368,0.00888576974833133
2012-01-11,0.00018455345521095623,0.0003095972599744812
2012-01-12,0.0004130230789787248,0.002336608362904613
2012-01-13,6.155256369111406e-05,-0.004947922948427275
2012-01-17,0.00012299032258100695,0.003552954600872571
2012-01-18,0.0001844091894100952,0.011107929092462498
2012-01-19,0.00014053248412126962,0.004938656879440728
2012-01-20,0.003353977952040177,0.0006694597815233294
2012-01-23,0.0012775855939619607,0.00047134296924533636
2012-01-24,-0.0011623356727272771,-0.00102581731454221
2012-01-25,0.00441870433164393,0.008679141952454561
2012-01-26,-0.002317244130936702,-0.005753890884025226
2012-01-27,0.000192068856578409,-0.0015928775670267514
2012-01-30,-0.001117451315845286,-0.0025221231757218687
2012-01-31,0.0006992150526896612,-0.0004569466961219515
2012-02-01,0.00433180574422698,0.008899605562620927
2012-02-02,0.0013827212284966972,0.0010951470667548424
2012-02-03,0.004506878618721677,0.014605356896842503
2012-02-06,-7.77746447482297e-05,-0.0004238741534883239
2012-02-07,0.001132516456632482,0.00202338180532724
2012-02-08,0.0003454531846103226,0.0021602108339675574
2012-02-09,0.00039707601149796545,0.0014741105602813498
2012-02-10,-0.0016826896488884024,-0.006886302644093845
2012-02-13,0.002532720505645125,0.006800039312997219
2012-02-14,0.0001896609720661857,-0.0009395233752043097
2012-02-15,-0.0002845427417081936,-0.0053832058728249255
2012-02-16,0.0008019778822943024,0.01102570580548079
2012-02-17,0.0015594431608894066,0.0023489303072772305
2012-02-21,0.00135927721400253,0.000719922777789872
2012-02-22,-0.0007474056309940691,-0.0033401068031253534
2012-02-23,0.0029574356996491247,0.004272002277298181
2012-02-24,0.0011571980091464873,0.0016722378083675604
2012-02-27,0.0007534675813491987,0.0013545591394890089
2012-02-28,0.0014972365979517566,0.0033563334079245166
2012-02-29,-0.0014094863352510645,-0.0047369876733168725
2012-03-01,0.0031652731006195367,0.006158039788692005
2012-03-02,-0.0002899198561581162,-0.003245756135652589
2012-03-05,-0.00044359668189686285,-0.003869693865664492
2012-03-06,-0.008508543234138188,-0.015370160722531612
2012-03-07,0.0052160341539229105,0.0069006220464606915
2012-03-08,0.0046239024934287,0.009817931917032618
2012-03-09,0.002454723957223459,0.0036312500921620305
2012-03-12,0.0012668584494819335,0.00016046065922270536
2012-03-13,0.0014011518324281713,0.018131549330308916
2012-03-14,0.00022897175945968407,-0.0011962619960680376
2012-03-15,0.00018648854285596705,0.005967198922915307
2012-03-16,0.0003305881240329711,0.0011193985360786751
2012-03-19,0.0020759658697557803,0.00397384638616094
2012-03-20,-0.0009385974754587689,-0.003000518154814724
2012-03-21,0.00011003468830628194,-0.0018711970276237277
2012-03-22,-0.004053789782073713,-0.0072065416718331
2012-03-23,0.002804184930156328,0.003108858515779689
2012-03-26,0.006134909039190006,0.013885824750712539
2012-03-27,-0.0013306349841959442,-0.0028167751776319028
2012-03-28,-0.0012228752092857675,-0.00494150905632218
2012-03-29,-0.0002870508723202825,-0.001607929836799582
2012-03-30,0.002204379519900712,0.0036984360198231148
2012-04-02,0.002789508460751211,0.007504645877610239
2012-04-03,-0.0006807672480784177,-0.003988635996082901
2012-04-04,-0.0038180144128195925,-0.010202524371008104
2012-04-05,0.0002194971824496239,-0.0006290422223540482
2012-04-09,-0.0062708843599511566,-0.011358438273891824
2012-04-10,-0.01392051495547919,-0.017081454337735447
2012-04-11,0.007484811787285217,0.007448895819775148
2012-04-12,0.011455950220941258,0.013779387810288313
2012-04-13,-0.009914614750068496,-0.012475001040294531
2012-04-16,0.001656234566917103,-0.000503600390907244
2012-04-17,0.011676326365338552,0.015486673802446171
2012-04-18,-0.0017270695371218725,-0.004055288780130728
2012-04-19,-0.00361185809449327,-0.005934396967956612
2012-04-20,0.00020326440988038819,0.0011692656800530443
2012-04-23,-0.004784425874580389,-0.008407570124922548
2012-04-24,0.0034119901801157315,0.003679773444691614
2012-04-25,0.008157515499455315,0.013644592157896263
2012-04-26,0.0027756133316918508,0.006680165568110796
2012-04-27,0.0015769207849443134,0.002414323726029899
2012-04-30,-0.0014152665386275576,-0.0038835019016946193
2012-05-01,0.0031029706106402433,0.005658384242170911
2012-05-02,-0.0007607388535786352,-0.002496683664631072
2012-05-03,-0.002761131109809467,-0.0076588713308223255
2012-05-04,-0.008943882048542018,-0.016147208958519288
2012-05-07,0.0016254753500057895,0.00035058102206497743
2012-05-08,-0.0021975214714634594,-0.004278673417828949
2012-05-09,-0.005455184291484727,-0.006702266480503982
2012-05-10,0.0035261176514131964,0.002517410777005402
2012-05-11,-0.0037259087153919124,-0.0033873413051768164
2012-05-14,-0.00910673563792852,-0.01111286391927968
2012-05-15,-0.004977852481480194,-0.005745837446504476
2012-05-16,-0.004242406663730991,-0.004403818556987793
2012-05-17,-0.010716186249013826,-0.015051375861739213
2012-05-18,-0.005438029007318268,-0.007387777046316768
2012-05-21,0.011579406202460563,0.016035901237667627
2012-05-22,0.0006189504405444968,0.0004863370186602989
2012-05-23,0.001324347228272682,0.0016937032123527374
2012-05-24,0.0016009865297477166,0.001380031526917458
2012-05-25,-0.0006602407895827112,-0.002165632329979128
2012-05-29,0.006450249143990394,0.011078977592776207
2012-05-30,-0.006633488155140643,-0.014334892170861036
2012-05-31,-3.470771276492535e-05,-0.0022766655169013106
2012-06-01,-0.015364586926732371,-0.024642584749729912
2012-06-04,0.001898677479990507,0.00010955419561042845
2012-06-05,0.004838999491073359,0.005726850663809513
2012-06-06,0.015394402253592565,0.023049400920118535
2012-06-07,0.0010367176912589038,-0.00010646449242102118
2012-06-08,0.0,0.008114163624478143
2012-06-11,0.0001294686706885262,-0.012620113782869202
2012-06-12,0.0055482098823103065,0.011650737147309576
2012-06-13,-0.001304345958805797,-0.007023250955987548
2012-06-14,0.0038408469812813983,0.010814652782245693
2012-06-15,0.004005761743585801,0.010337815429059649
2012-06-18,0.0036403174839723107,0.0014447466011910937
2012-06-19,0.004009318923869243,0.009815695418065262
2012-06-20,0.0008375764688726139,-0.0016863570122068738
2012-06-21,-0.011530411086464576,-0.022261677039013494
2012-06-22,0.006867264449186061,0.007174604262178752
2012-06-25,-0.009521349785496902,-0.015954853497705423
2012-06-26,0.003352971453317588,0.004772721486371312
2012-06-27,0.004871544749375234,0.008984905521485453
2012-06-28,-0.0010290971188603448,-0.002109799583246086
2012-06-29,0.012651748648282446,0.02492023877666627
2012-07-02,0.0012947006562793462,0.0024593113157624913
2012-07-03,0.001771800028289805,0.0062321108631679945
2012-07-05,-0.00048621440950424866,-0.0046870230309741245
2012-07-06,-0.0010146678467606307,-0.00943264946713962
2012-07-09,-0.00047854234566901965,-0.0016388318166757898
2012-07-10,-0.0024103631158569616,-0.008125926498228409
2012-07-11,0.00026945865017258264,-1.4923577632885987e-05
2012-07-12,-0.0001515425023294048,-0.004987097282612596
2012-07-13,0.0,0.01649736234989274
2012-07-16,0.0062797427969922825,-0.002314313728559836
2012-07-17,0.001731563979997297,0.007409672577889825
2012-07-18,0.0005845152590695513,0.006680490923747229
2012-07-19,0.00024206434428886148,0.002717099891568653
2012-07-20,-0.0005089658246305584,-0.010061659913606968
2012-07-23,-0.005584864328783468,-0.00890905606969361
2012-07-24,-0.006741238884800604,-0.009040932945028057
2012-07-25,0.00022822087282103887,-0.000313861457302278
2012-07-26,0.011956787800024626,0.016540974699349675
2012-07-27,0.00797452278901778,0.01908056557933535
2012-07-30,-0.0003230951769626067,-0.0004833595887074882
2012-07-31,-0.0019225065479531178,-0.0043168283608459035
2012-08-01,-0.00047331751081203244,-0.0028999798130677767
2012-08-02,-0.002633175475977745,-0.0075036694675360005
2012-08-03,0.010152615589704261,0.01904028588598905
2012-08-06,0.0011047984404597422,0.0023292692665812798
2012-08-07,0.0012930888012798736,0.005106758007594747
2012-08-08,0.0005346606707024026,0.0006208264404641284
2012-08-09,0.0005671900999035806,0.0004136855394443195
2012-08-10,0.0002383014402895789,0.002188441817939202
2012-08-13,0.00030392238357768164,-0.0012519007957618733
2012-08-14,0.000131415765802112,-0.00012814640056846294
2012-08-15,9.030514620067542e-05,0.0011396405267545262
2012-08-16,0.00017237605560294078,0.007100510313353237
2012-08-17,0.0016088331110200027,0.0018721339981915275
2012-08-20,0.0002623059716124754,-2.1174829462955458e-05
2012-08-21,-0.0017943544394595223,-0.003497536135912971
2012-08-22,0.00011492247842603831,0.0002264032488046297
2012-08-23,-0.0043496215307318176,-0.008072242646582573
2012-08-24,0.004187305947825903,0.006454730908207917
2012-08-27,-6.563135459303204e-05,-0.0004890148137838279
2012-08-28,-6.573586946856391e-05,-0.0008081822874276279
2012-08-29,0.00028731269432058504,0.0008443492265819419
2012-08-30,-0.004193840991702502,-0.00780580496271055
2012-08-31,0.003247287312339253,0.0050732955705157234
2012-09-04,-0.0002053759151412482,-0.0011659590635981765
2012-09-05,0.0001478448651994757,-0.0010676612969652277
2012-09-06,0.010277610409949123,0.020435540463669577
2012-09-07,0.0024639994218704775,0.0040499740579702515
2012-09-10,-0.0018739067886838212,-0.006147829935223559
2012-09-11,0.0012110402584821767,0.0031349558295050706
2012-09-12,0.0008847627485255583,0.002092692232889659
2012-09-13,0.003146749299567375,0.01630974737217783
2012-09-14,0.0004607860601608671,0.003958951318527193
2012-09-17,0.00014550147898551025,-0.003124690820504483
2012-09-18,0.0002746865540388388,-0.0012797755200721905
2012-09-19,0.0001211838667889431,0.001185553958514829
2012-09-20,2.4253554945063982e-05,-0.0005407337436069692
2012-09-21,-0.0009045567873849913,-7.531901909729743e-05
2012-09-24,-0.0006143726895649904,-0.002232653981520283
2012-09-25,-0.006349721673890474,-0.0105018557847808
2012-09-26,-0.004224823071373618,-0.0057367349435899495
2012-09-27,0.007651735419221373,0.009648981834660786
2012-09-28,-0.003269508883400385,-0.004477753072888002
2012-10-01,0.001684927667241487,0.002651506710448004
2012-10-02,0.0015357856506259537,0.0008722869484341089
2012-10-03,0.0030667622201041578,0.0036244096381636837
2012-10-04,0.003195025085572789,0.007174435557619541
2012-10-05,0.0018705171071855542,-0.00032158936312698394
2012-10-08,-0.0013761264653148197,-0.0034567355331607263
2012-10-09,-0.006430904227120338,-0.00989094181235195
2012-10-10,-0.004550235412825621,-0.006188030354815854
2012-10-11,0.0017436910431312125,0.00019538952303133073
2012-10-12,-0.0037659766562865293,-0.0029661372528556607
2012-10-15,0.008311504927163371,0.008077922524027725
2012-10-16,0.008445524523384318,0.010269933278491461
2012-10-17,0.003035070477051427,0.004117058019306619
2012-10-18,4.006502651532351e-05,-0.0024437290975140025
2012-10-19,-0.004442740283301161,-0.016571304555192734
2012-10-22,0.0007880601960599254,0.00043958226653084687
2012-10-23,-0.009456337114004731,-0.01444390628760639
2012-10-24,-0.002846954088830622,-0.0030853828766044256
2012-10-25,0.002570408204097152,0.002995542646406335
2012-10-26,-0.0005273817600189856,-0.0007289817322603254
2012-10-31,0.000616941107689728,0.00015587969925845435
2012-11-01,0.009483508089908499,0.010926475234507071
2012-11-02,-0.0069514401766186396,-0.009379454163327194
2012-11-05,0.0017076211906246197,0.002163809008205897
2012-11-06,0.006285218941750381,0.007853184882181896
2012-11-07,-0.01864978131342876,-0.023705000038029778
2012-11-08,-0.007935429241889946,-0.01220484261628385
2012-11-09,-3.301754933082712e-05,0.001698692425988746
2012-11-12,-0.0012617549628374247,0.00013048788935265954
2012-11-13,-0.0034431148739437756,-0.0039854205221913075
2012-11-14,-0.010514419360440619,-0.013852035718884714
2012-11-15,-0.006179718315157179,-0.0015935449138314572
2012-11-16,0.004499276176566536,0.00483994963594836
2012-11-19,0.008966745235203799,0.019862053761098286
2012-11-20,0.0006401465882917012,0.0006633863793055195
2012-11-21,0.00041540314033006176,0.002320181125065268
2012-11-23,0.0026989992393857687,0.013026314842639719
2012-11-26,0.00012425410885286148,-0.0020295818770267315
2012-11-27,-0.0005963254062523182,-0.0052265872985560735
2012-11-28,0.0013423557387350904,0.007856028682432292
2012-11-29,0.0008606389213647869,0.004269642628790704
2012-11-30,-0.00044650147323277434,0.00016250753698754394
2012-12-03,-0.00017367215019647997,-0.004745224843287543
2012-12-04,-4.140578497391356e-05,-0.0017098123935156417
2012-12-05,0.0009018755375400644,0.0015848622233496368
2012-12-06,0.00035538001141821596,0.0033065906083264984
2012-12-07,0.0005950147467632672,0.0029209195962771606
2012-12-10,0.0005119991161235404,0.0003385605486661003
2012-12-11,0.00022277037683959833,0.0065488820784729285
2012-12-12,4.130054821938067e-05,0.0004482397633895907
2012-12-13,0.0,-0.0063214251654488685
2012-12-14,-0.0002228122920263642,-0.004135401260425775
2012-12-17,0.0006024929708314808,0.011870590853387819
2012-12-18,8.2566347346269e-05,0.011486656421599406
2012-12-19,-4.1279765353730014e-05,-0.007589201039747917
2012-12-20,9.897484015253255e-05,0.00548810949285139
2012-12-21,0.0036700628221648657,-0.009378687628036508
2012-12-24,-0.0009203296455281285,-0.002440296594621194
2012-12-26,-0.001743660868553376,-0.00478746019469678
2012-12-27,-0.0007414476050398022,-0.001218442012279497
2012-12-28,-0.00826182093416028,-0.011049941573072375
2012-12-31,0.012845094048099526,0.016941941334216226
2013-01-02,0.011040477475450006,0.025403420320955883
2013-01-03,0.0003491574433469591,-0.0020856174946130013
2013-01-04,0.0014609363010571474,0.004865096315322948
2013-01-07,0.00023495606024881432,-0.0031231161538831653
2013-01-08,-0.00017011768187358278,-0.003242371304872038
2013-01-09,0.00042140966876003105,0.002655865938542279
2013-01-10,0.0005669824391676404,0.007597415119266371
2013-01-11,0.0,-4.7513986152325494e-05
2013-01-14,0.00012955925542268432,-0.0009306715612543703
2013-01-15,0.00023477720325204565,0.0011286697641588184
2013-01-16,1.6102568023645958e-05,0.00019699191031485874
2013-01-17,0.00010520833621452397,0.005642922184040833
2013-01-18,0.00280792746860703,0.0034032703971196288
2013-01-22,0.0023722787350684005,0.004428106846314561
2013-01-23,0.0007888881158544248,0.001507477027169024
2013-01-24,0.0002010923398743092,6.614683421224399e-06
2013-01-25,0.0011982615292667198,0.005445481690718124
2013-01-28,-0.00012844862496241838,-0.0018496216125600817
2013-01-29,0.0012290484166428417,0.005105995170664235
2013-01-30,-0.001051043536082208,-0.0038996213232838084
2013-01-31,-0.00013658038407615702,-0.0025633010773032927
2013-02-01,0.00289995939291976,0.010052705569688847
2013-02-04,-0.002475041804769207,-0.011538744820964397
2013-02-05,0.00276230448787973,0.010416510240551347
2013-02-06,0.0003603068179707236,0.0005491705981217621
2013-02-07,4.807572043219466e-05,-0.0018053993582290984
2013-02-08,0.0007203194575755578,0.005657940611518475
2013-02-11,0.0002720246208645083,-0.000606117484177382
2013-02-12,0.00019190774059762994,0.001595272232703504
2013-02-13,8.793270503248962e-05,0.000592263093356804
2013-02-14,0.00015184379450228214,0.0006906716689645265
2013-02-15,-0.00029573821811035295,-0.0010450813177572682
2013-02-19,0.003973687811454019,0.007336475471722448
2013-02-20,-0.00732661054971262,-0.012404137955230099
2013-02-21,-0.004211826842679178,-0.006303057332801343
2013-02-22,0.006412910476721656,0.008772467921830174
2013-02-25,-0.009590122427968084,-0.018309580659152336
2013-02-26,0.0021580996173178324,0.006109463971145868
2013-02-27,0.009033019896567795,0.012725994077109837
2013-02-28,-0.0005914764362208169,-0.0008640799292052304
2013-03-01,0.0020314624801824888,0.002323855425648391
2013-03-04,0.0037353092337784055,0.00461072337316093
2013-03-05,0.0033795336891926375,0.00956601649469957
2013-03-06,0.0008242372975308943,0.001084512714484509
2013-03-07,0.0007601483526558095,0.0018164914425815581
2013-03-08,0.0008783746649470014,0.004481139122655131
2013-03-11,0.00043474874851701095,0.0032490857396794137
2013-03-12,-0.000158004215760843,-0.0024032529493148713
2013-03-13,0.0003635250117364208,0.00131405176760091
2013-03-14,0.00013434350389851524,0.005602990523162488
2013-03-15,-0.00013432545814573427,-0.0016184626244926115
2013-03-18,-0.0035394160754298465,-0.005510332450180511
2013-03-19,-0.0014985131010287756,-0.0024225306518709244
2013-03-20,0.00474839045867026,0.006697492376419811
2013-03-21,-0.004488822657932934,-0.008282433828555424
2013-03-22,0.0030722292204921064,0.007174256352702191
2013-03-25,-0.0010288940499975086,-0.0033400389194234714
2013-03-26,0.005022789540311878,0.0077851108025177584
2013-03-27,-0.00032312674295265076,-0.0005883499068413123
2013-03-28,0.0018530445480533508,0.00405666949441863
2013-04-01,-0.0011884974202784893,-0.0044735804606589324
2013-04-02,0.0026004907784253906,0.005172264111710456
2013-04-03,-0.004558675606585738,-0.010546128701639845
2013-04-04,0.002084479892050739,0.004048451943253761
2013-04-05,-0.0014891971887327493,-0.00429489561132812
2013-04-08,0.0039060264931665145,0.006302737952936344
2013-04-09,0.0020044245104369196,0.0035443321494683655
2013-04-10,0.002667187853412134,0.01218913260513399
2013-04-11,0.0006336737980994211,0.0035522505198095633
2013-04-12,-3.121026537122873e-05,-0.002836767069231527
2013-04-15,-0.005848719026781968,-0.022966290584432447
2013-04-16,0.005474130540016553,0.014307223290395576
2013-04-17,-0.004505604314441247,-0.014327681394279534
2013-04-18,-0.0017443685699429778,-0.006701003439812281
2013-04-19,0.0019126843178238762,0.008847902373522176
2013-04-22,0.0025926251638852538,0.004661629963028435
2013-04-23,0.003863098285940225,0.01041921875000007
2013-04-24,7.032128346051714e-05,6.340190171760796e-06
2013-04-25,0.0009444113136130028,0.0040347322693841114
2013-04-26,0.0001169881333671352,-0.0018421130247733286
2013-04-29,0.0014969683725456484,0.007186011722218666
2013-04-30,0.0005761100048886636,0.002484899676771457
2013-05-01,-0.001680603946028425,-0.009307883608932754
2013-05-02,0.0021822598458098863,0.009407983261396247
2013-05-03,0.0013765472984974547,0.010534666895180678
2013-05-06,0.00046596065016824006,0.0019077786269059427
2013-05-07,0.0001630813409170262,0.005230269513137653
2013-05-08,8.536451453022842e-05,0.004139081299929126
2013-05-09,-3.107344151054292e-05,-0.0036871039064235722
2013-05-10,0.00010089708402682973,0.004321655306021466
2013-05-13,6.981563273367186e-05,4.2889368592202715e-05
2013-05-14,5.437093023163975e-05,0.010142153479971716
2013-05-15,3.097269610030651e-05,0.0051141362697153525
2013-05-16,3.883306451690771e-05,-0.005009741163373271
2013-05-17,0.0017923131134260917,0.010300096519028301
2013-05-20,6.967720733763727e-05,-0.000707617924973758
2013-05-21,0.0004878955394946871,0.001722386289245481
2013-05-22,-0.0038470242350053807,-0.008273657594813577
2013-05-23,-0.000916952485129019,-0.002923832356719225
2013-05-24,-0.00024114998541702182,-0.0005513654411685165
2013-05-28,0.0039130799774063085,0.006340981548631053
2013-05-29,-0.0032701037598152904,-0.007047981897774669
2013-05-30,0.0024256521805150477,0.00367034439193481
2013-05-31,-0.008779439828699998,-0.014307241527974024
2013-06-03,0.004209541627689495,0.005935988427895333
2013-06-04,-0.003381631806171237,-0.005510807488524838
2013-06-05,-0.010335450246962696,-0.013779732742503992
2013-06-06,0.005363930805446948,0.008490293972530871
2013-06-07,0.012469940668339508,0.012831541229424204
2013-06-10,0.00019401953723696685,-0.00034681344994402785
2013-06-11,-0.007099756518615941,-0.010153367167240024
2013-06-12,-0.007189540052022658,-0.008369555515669425
2013-06-13,0.013428473668113616,0.014784291377196501
2013-06-14,-0.004722332678936514,-0.005885016114436148
2013-06-17,0.007031324498245395,0.007567364431436019
2013-06-18,0.00514562268277885,0.007791157767295331
2013-06-19,-0.009344299138037138,-0.013851474486292426
2013-06-20,-0.023954354779318843,-0.02501035094286319
2013-06-21,0.012486374691103697,0.002669776576555538
2013-06-24,-0.006213394742445533,-0.012145015629135836
2013-06-25,0.006474147953743348,0.009497272121224087
2013-06-26,0.005676783833088672,0.009590486444071455
2013-06-27,0.0026383532287357347,0.0061998311850259835
2013-06-28,-0.0014601579151396482,-0.004289562412875814
2013-07-01,0.0034719318763667406,0.005403747467634501
2013-07-02,0.0004753441274596426,-0.0005449081736377259
2013-07-03,0.0004829149005822764,0.0008240472350893313
2013-07-05,0.003986045088315793,0.010201732142340214
2013-07-08,0.0011089126380354752,0.0052515464964768555
2013-07-09,0.0011696162996668313,0.007229670722828763
2013-07-10,0.0001237192694556466,0.00018159245054127915
2013-07-11,0.0004564770735002721,0.013554249906357896
2013-07-12,3.086468694712963e-05,0.003086483632862347
2013-07-15,0.00022425759269095735,0.001374879432867404
2013-07-16,3.095117781981571e-05,-0.003708760911961373
2013-07-17,2.3118304478986218e-05,0.0027740472164057284
2013-07-18,1.5474752186994678e-05,0.0050329647425946256
2013-07-19,0.0011208642477613662,0.0016100503211176065
2013-07-22,0.0021310183242126968,0.0020330263437824403
2013-07-23,-0.0005932719313813672,-0.0018519369130487462
2013-07-24,-0.0018270786513364667,-0.0038112215188927934
2013-07-25,0.0017377469138304402,0.0025564722015867236
2013-07-26,0.0006939117782418514,0.0008282942843145236
2013-07-29,0.0,-0.003736037754951127
2013-07-30,-0.0012866979545913537,0.00037381693747806644
2013-07-31,0.0005708655893108538,-0.00013640921141577778
2013-08-01,0.004949918230772843,0.01254056989753427
2013-08-02,0.0018489144160163118,0.0016404581697111453
2013-08-05,0.0005666819258847156,-0.0014798348405500317
2013-08-06,-0.0017832616319586325,-0.005723033522392118
2013-08-07,-0.000774404843577492,-0.0038058649299111957
2013-08-08,0.0018185547851923278,0.003885449938943575
2013-08-09,-0.0010109882917775925,-0.003569960525698801
2013-08-12,0.000812660241381602,-0.0011529207361400395
2013-08-13,0.001899873238916383,0.002776056134700333
2013-08-14,-0.0010627552990523093,-0.005176618120080079
2013-08-15,-0.012201237587335378,-0.014281601380197961
2013-08-16,-0.0035645186097894577,-0.0033045953891290836
2013-08-19,-0.0029707582420409606,-0.005900302398330837
2013-08-20,0.0026754029457329853,0.0038211953199089876
2013-08-21,-0.0033994516664235253,-0.005779602928505545
2013-08-22,0.005417046966193606,0.008619376484360286
2013-08-23,0.002600866254120371,0.003947010921615535
2013-08-26,-0.0014635165818422946,-0.00403965777164117
2013-08-27,-0.010422450948188278,-0.015874194741040237
2013-08-28,0.00278197378179601,0.002747645185721348
2013-08-29,0.0011722046691484689,0.0019634016027962886
2013-08-30,-0.0018733505991701538,-0.0031743183568806455
2013-09-03,0.003917926868547195,0.004164221602432239
2013-09-04,0.005873448149951388,0.008116953209842404
2013-09-05,0.0009447689258184067,0.0012098628337211537
2013-09-06,0.0005184052272322326,5.443114110303959e-05
2013-09-09,0.005436139543282703,0.009992880823750605
2013-09-10,0.003061029055553721,0.007345789391592916
2013-09-11,0.0016639017649320298,0.0030522833735622257
2013-09-12,-0.0005129091160367416,-0.0033804153149811222
2013-09-13,0.0009726807957808337,0.002714679741101511
2013-09-16,0.0009258761124897319,0.0056931530442476674
2013-09-17,0.00031334772667523936,0.004217739327674108
2013-09-18,0.000351589527016527,0.012177672896303449
2013-09-19,9.166649881353628e-05,-0.0018429538196846895
2013-09-20,-0.0020852916354573425,-0.007216886263627376
2013-09-23,-0.002602530770326905,-0.004719586526811925
2013-09-24,-0.001028439760016986,-0.0025971430708935372
2013-09-25,-0.0013981411633989804,-0.00273946595048713
2013-09-26,0.0021155961829490977,0.0034854258676535466
2013-09-27,-0.0030861030433425585,-0.004073801130465626
2013-09-30,-0.004389304850635933,-0.0060292307798877065
2013-10-01,0.006984321390950177,0.007998543475556064
2013-10-02,-0.0013288751835255352,-0.0006666695473820372
2013-10-03,-0.006206696348349361,-0.008979414583967338
2013-10-04,0.006183580757494811,0.0070532243451535415
2013-10-07,-0.007330115168343365,-0.008506361953748875
2013-10-08,-0.010909705194971142,-0.012332078852067663
2013-10-09,0.0009713909212529792,0.0005739063518743759
2013-10-10,0.020238689377078956,0.02183049604365883
2013-10-11,0.005829945820710947,0.006286271807078414
2013-10-14,0.0027456301915795844,0.004074720335558668
2013-10-15,-0.005552169897401593,-0.007063723409320266
2013-10-16,0.012137570648527829,0.013827532394934838
2013-10-17,0.0029621453632735495,0.0067439531397044394
2013-10-18,0.0007985658739131374,0.006548755402622897
2013-10-21,0.000760343413504394,9.173641713244862e-05
2013-10-22,0.002008503242227233,0.005737513079636436
2013-10-23,-0.001418887265406621,-0.004724557241463034
2013-10-24,0.0015411244748242403,0.003258134764679621
2013-10-25,0.0015388446954389678,0.004394843515520774
2013-10-28,0.000989279587080727,0.001329699787098182
2013-10-29,0.0011007231613155977,0.00558419502875096
2013-10-30,-0.0009798200169597315,-0.004875923596155185
2013-10-31,-0.00028449229138294285,-0.0038393812241105385
2013-11-01,0.0013330058257527977,0.002903421198789946
2013-11-04,0.001480768856819914,0.003570558689741876
2013-11-05,-0.000582498305148671,-0.0028055878101066467
2013-11-06,0.0011432377269544602,0.004265540341705787
2013-11-07,-0.0028659455930426514,-0.013182771972194418
2013-11-08,0.0034280594510061047,0.013427559516743681
2013-11-11,0.0004550092217447954,0.000722931253898329
2013-11-12,-1.4926470748855003e-05,-0.0023703916199453445
2013-11-13,0.0004175833537514162,0.008095344244797742
2013-11-14,0.00019378406232539724,0.00483725876385388
2013-11-15,0.0009984767703383746,0.004222034052096646
2013-11-18,-0.001213388106179547,-0.00369819718572606
2013-11-19,-0.001013613407609748,-0.0020429655768170463
2013-11-20,-0.0009922379578786167,-0.0036356111002209257
2013-11-21,0.004398717369714422,0.00812856425584818
2013-11-22,0.0024610656509571616,0.004961457973002625
2013-11-25,3.712187746152118e-05,-0.0012633420978621634
2013-11-26,0.00031145004440880086,0.00014980445507073448
2013-11-27,0.00101578940222935,0.0024850813860768373
2013-11-29,-0.00030362286820895257,-0.0007856896412440362
2013-12-02,-0.0008372514960771626,-0.002719020284730922
2013-12-03,-0.0011568586237292733,-0.0031928479771501372
2013-12-04,-0.0003637722035623181,-0.0013034931835718133
2013-12-05,-0.002168559441918738,-0.004339572538419101
2013-12-06,0.006080801392347901,0.011237870620775636
2013-12-09,0.0012724218061128667,0.0018171001772671058
2013-12-10,-0.0008422125821040405,-0.003179659038540561
2013-12-11,-0.005590477232426672,-0.01131687458772268
2013-12-12,-0.0015170396449154522,-0.0037705618911193506
2013-12-13,-0.00045429420299869516,-0.00010141014414954963
2013-12-16,0.004984772817421268,0.006320039831068547
2013-12-17,-0.0015124956467783557,-0.003100987910356179
2013-12-18,0.008390606146742252,0.01664796429762072
2013-12-19,0.0009204373587545778,-0.0005799292044108562
2013-12-20,-0.0003163787945923424,0.0048187283492318045
2013-12-23,0.002870049694287502,0.00531812014989308
2013-12-24,0.0013942370222643774,0.0029157468493599126
2013-12-26,0.0017513498292436314,0.004745529147706984
2013-12-27,8.777603912357712e-05,-0.00033658435338035364
2013-12-30,-0.00027062647394771044,-0.00017925389411521664
2013-12-31,0.0007169836529870022,0.003959675229718407
2014-01-02,-0.001710853145435176,-0.008861912729460575
2014-01-03,0.0008349003546113121,-0.00033296507498215
2014-01-06,0.0003366649977825098,-0.0025117674736410134
2014-01-07,0.0021652176817061886,0.006081764662643874
2014-01-08,0.00019709310831683702,-0.0002122089839386998
2014-01-09,0.0004961990440550679,0.0003483091890779111
2014-01-10,0.0010358026388614938,0.002306686808393188
2014-01-13,-0.003424671851202321,-0.012576216507389826
2014-01-14,0.0038093419022700026,0.010817971767347556
2014-01-15,0.0005390018329796131,0.005166188100786506
2014-01-16,5.820785393684247e-05,-0.0013471203041567348
2014-01-17,-0.004389505352678236,-0.0038951743709020326
2014-01-21,0.004789078220480469,0.0027737519941737343
2014-01-22,0.0007422480558181288,0.0005748652214816463
2014-01-23,-0.0047845526665606375,-0.00888957673985069
2014-01-24,-0.016234806096424914,-0.02087544856898549
2014-01-27,-0.0038694055675559946,-0.004876293940238585
2014-01-28,0.005808087381243832,0.00614065260021901
2014-01-29,-0.009184387581717024,-0.010209232261157553
2014-01-30,0.010152281946034458,0.011267044743841437
2014-01-31,-0.006324880751329864,-0.0064652996420466735
2014-02-03,-0.021488202896907782,-0.02283191982018462
2014-02-04,0.008119827593020323,0.007641088938743268
2014-02-05,-0.0016546591660370202,-0.0020282227794392593
2014-02-06,0.013130888903095883,0.012439792925644788
2014-02-07,0.01220621024241253,0.013301886798946505
2014-02-10,0.0018745675738007783,0.0015692347655638095
2014-02-11,0.009856066486298776,0.011062113608869106
2014-02-12,0.0007221356480615615,-0.00026926239009483766
2014-02-13,0.00457749201485913,0.005810025082904069
2014-02-14,0.003976304262873098,0.004809216724759979
2014-02-18,0.001539387870781006,0.0011584739056558213
2014-02-19,-0.0031101590719344596,-0.006524484290135191
2014-02-20,0.005175589012302195,0.006031458262132583
2014-02-21,-0.00036006451976433596,-0.0019187235651341172
2014-02-24,0.002953574958341587,0.00618651346579302
2014-02-25,0.0,-0.0013476817370097205
2014-02-26,0.0003303747491283371,2.1699977565736717e-05
2014-02-27,0.0033819797321377187,0.004948082937896281
2014-02-28,-0.0001645762253918992,0.0027826887923012578
2014-03-03,-0.0037504917786148617,-0.007378510346287226
2014-03-04,0.0065448997840173995,0.01526770113133269
2014-03-05,0.0005995259205873182,-5.335132643191631e-05
2014-03-06,0.0003852221335889361,0.0017184082710823834
2014-03-07,0.00016398712231069368,0.0005380892952486782
2014-03-10,0.0008198882024432752,-0.0004632463094992323
2014-03-11,-0.0006268689110933146,-0.005082138985368356
2014-03-12,0.00047038133343102473,0.00030517087837123036
2014-03-13,-0.004659421306396516,-0.011701095130556172
2014-03-14,-0.002906165457104204,-0.0028217776974703845
2014-03-17,0.007803354793209039,0.009613634629240364
2014-03-18,0.002144095420506753,0.0072196189337276895
2014-03-19,-0.00012086685045720191,-0.006131649335692324
2014-03-20,0.000746462546792781,0.006040504799839086
2014-03-21,-0.004858792981930371,-0.0029326714097337447
2014-03-24,-0.0021629007023632463,-0.004864709743258144
2014-03-25,0.004177730420288794,0.004403939814465518
2014-03-26,-0.005293029803446703,-0.007000319763734719
2014-03-27,-0.001296334245115216,-0.0019000838946738874
2014-03-28,0.003391931426050432,0.0046402218845611465
2014-03-31,0.00618207749769506,0.007924102207026662
2014-04-01,0.003984760849752744,0.0070393485966973035
2014-04-02,0.0015776638449847002,0.002853326841976367
2014-04-03,-0.0003178294747432364,-0.0011264502910314222
2014-04-04,-0.005836431560236721,-0.012537288005457836
2014-04-07,-0.00815213383374136,-0.010750112394172895
2014-04-08,0.0038838008764794374,0.0037505537703756975
2014-04-09,0.008515749575218834,0.010918212704340347
2014-04-10,-0.01777941013964557,-0.020884795550912827
2014-04-11,-0.008214753676139441,-0.009486773662544357
2014-04-14,0.0076288736050071915,0.008217286225508769
2014-04-15,0.006828403122063786,0.006757307791485534
2014-04-16,0.010642336995448698,0.010488490558689278
2014-04-17,-0.0010204675673919361,0.001363852909705754
2014-04-21,0.0020216320780286345,0.003775123551313042
2014-04-22,0.0017131963300525133,0.004092139025126507
2014-04-23,-0.00021912113102395825,-0.002213313863220212
2014-04-24,0.0018166879536867242,0.0017169605671216726
2014-04-25,-0.004515741055595934,-0.008096390978489132
2014-04-28,0.002310637958782502,0.0032360358580392212
2014-04-29,0.0015486139171705382,0.004760757069291355
2014-04-30,0.001927602972912723,0.002992016977140688
2014-05-01,0.0006764813815360871,-0.0001432614814260713
2014-05-02,0.00045776044506173896,-0.0013484450597095465
2014-05-05,0.0010276638339747901,0.001871216126306141
2014-05-06,-0.0029673801912737385,-0.008988392160571124
2014-05-07,0.002574246668463731,0.005616468420812426
2014-05-08,0.00013361570097836228,-0.0013736249452109828
2014-05-09,0.0018428089068209808,0.001519476431128819
2014-05-12,0.0017622018249869864,0.009672737603931392
2014-05-13,0.00020326943834581002,0.0004217577030636299
2014-05-14,-3.506882684933821e-05,-0.004701005088166399
2014-05-15,-0.0004484690423350868,-0.00936180703333589
2014-05-16,0.002278351501783238,0.00374696520677964
2014-05-19,0.0021403202420435807,0.0038447864907102947
2014-05-20,-0.0024358171966478714,-0.00649839809746755
2014-05-21,0.003582194640176617,0.008116098951240547
2014-05-22,0.0008435251487848294,0.0023622298736216685
2014-05-23,0.0019712431314085066,0.004248391856225497
2014-05-27,0.0016198534562164024,0.005987805879090757
2014-05-28,0.00029840199883590657,-0.0011140717108722997
2014-05-29,0.0009159445154793833,0.0053671102654548886
2014-05-30,0.0005614694370226214,0.0018436779311643559
2014-06-02,0.000367224153301704,0.0007278261010281728
2014-06-03,-2.773037921377508e-05,-0.00037921654875650024
2014-06-04,0.00011084004665251612,0.001891663548679423
2014-06-05,0.0007341176884321232,0.006525279593556643
2014-06-06,0.00048437849778459885,0.004627758701298612
2014-06-09,2.769431955740309e-05,0.0009387712266117898
2014-06-10,0.0002973679642335192,-0.00024598362294592224
2014-06-11,-0.0002281506695880342,-0.0035370410325543666
2014-06-12,-0.00031811613113041926,-0.00708889350376507
2014-06-13,0.00011755800605062205,0.003134561695468774
2014-06-16,0.0003251042550236338,0.0008367051734305964
2014-06-17,-4.1447872968558563e-05,0.0021725690603942027
2014-06-18,0.00020750121098656038,0.007718881307192449
2014-06-19,3.4520093057377466e-05,0.0012774785766593855
2014-06-20,-0.00038021430583123905,0.0017300583227324307
2014-06-23,0.0005740422469426854,-0.00013246407875799893
2014-06-24,-0.0005737129114938844,-0.006435310620591883
2014-06-25,-4.8463045998703436e-05,0.0048975112174378665
2014-06-26,-0.0004565372640625842,-0.00117888399729138
2014-06-27,0.0015155310039325354,0.001910868625069062
2014-06-30,0.00031089649187965307,-0.0003722566922789161
2014-07-01,0.0032396206251714688,0.006677770440579822
2014-07-02,0.0004406570000041743,0.0006588129971369927
2014-07-03,0.001816793977780673,0.005479508115899812
2014-07-07,-0.0007625149559598032,-0.003923521850109468
2014-07-08,-0.0025367745450435297,-0.00704880201475111
2014-07-09,0.002488117855327099,0.004644267890169251
2014-07-10,-0.0014025706858026288,-0.004131071874054704
2014-07-11,0.0012324188691195115,0.0014709227452411877
2014-07-14,0.0020973345904247154,0.004843552990250188
2014-07-15,-4.8080942172012975e-05,-0.0019320956634630848
2014-07-16,0.0009538745888211242,0.004201084929208676
2014-07-17,-0.0025846481906667274,-0.01183402645755216
2014-07-18,0.003890458998982327,0.010264935568841116
2014-07-21,-0.0005066656369535627,-0.0023202504717819705
2014-07-22,0.002356495448067042,0.005016150134305564
2014-07-23,0.0008748090370125361,0.0017544380056517817
2014-07-24,0.0003072408653357339,0.00048815592189166424
2014-07-25,-0.0018703771785653078,-0.004849150767687549
2014-07-28,0.0007728114625547011,0.0002881549022029084
2014-07-29,-0.001763071987976872,-0.004527786939807377
2014-07-30,0.00023273374657706292,6.091277451791832e-05
2014-07-31,-0.014626063840763925,-0.019999240340662028
2014-08-01,-0.0018197949396423496,-0.002859121137017251
2014-08-04,0.007786558810565669,0.007189032358413172
2014-08-05,-0.009763247876503067,-0.009685469956760784
2014-08-06,0.0008855555622704347,1.563854864095049e-05
2014-08-07,-0.0052110896532440165,-0.0055566200056119674
2014-08-08,0.011345066254140557,0.011531402436471216
2014-08-11,0.003032950294558967,0.0027594252503462258
2014-08-12,-0.001159841554334351,-0.00163664161317445
2014-08-13,0.007008387166502095,0.006707160027472625
2014-08-14,0.0043651837614928635,0.004345814053963171
2014-08-15,0.008282419260238871,-6.137292417629503e-05
2014-08-18,0.004317294461274379,0.008531672245722488
2014-08-19,0.0019435461343220162,0.005000651911710952
2014-08-20,0.0007207255204910723,0.002477812999687634
2014-08-21,0.0009085972077416127,0.0029498896671826813
2014-08-22,-0.00010761277034421202,-0.0019925870761225983
2014-08-25,0.0016005736024966577,0.004787778824361766
2014-08-26,0.00038948409340244794,0.0010510808940034089
2014-08-27,8.053741643010426e-05,4.9987292607633904e-05
2014-08-28,-0.00010740188211355584,-0.0016899010514689339
2014-08-29,0.0006175247409316853,0.00332041473363498
2014-09-02,0.0006237760707774598,-0.0005440661600049079
2014-09-03,2.684051025125811e-05,-0.0007791410646480479
2014-09-04,-0.00046257723190445965,-0.0015344207755288997
2014-09-05,0.0010059755174964824,0.005035885365550108
2014-09-08,2.682522555885747e-05,-0.003073114142502442
2014-09-09,-0.0011590149354433477,-0.006545009043329442
2014-09-10,0.0011067304225922392,0.0036460744169486414
2014-09-11,0.0003885672411072516,0.0008819054148185845
2014-09-12,-0.0008706869622026048,-0.005962558462297207
2014-09-15,0.0002547239926844469,-0.0007101514711097545
2014-09-16,0.001393958075238455,0.007484376300642026
2014-09-17,0.00022750992874565057,0.0012956437010964716
2014-09-18,0.0002073667211450747,0.0048911800862372345
2014-09-19,-0.0012374915772183082,-0.00047726958102545236
2014-09-22,-0.005016435985664147,-0.00801332329681892
2014-09-23,-0.004260875174146972,-0.0057765015647701645
2014-09-24,0.006178733110087542,0.00783249148610099
2014-09-25,-0.012657861380925506,-0.016168772358634453
2014-09-26,0.007138219130826018,0.008575824615237426
2014-09-29,-0.0017161729672736659,-0.002546802239196233
2014-09-30,-0.0018815510180071326,-0.002785928622506484
2014-10-01,-0.012347912891821688,-0.013248560995234304
2014-10-02,0.00015789613953987036,5.143341477165109e-06
2014-10-03,0.010907777905706073,0.0111655096821337
2014-10-06,-0.0011204457180645777,-0.0015651598591330806
2014-10-07,-0.01485382432762572,-0.015126053030587783
2014-10-08,0.017072069708157445,0.017461650296527242
2014-10-09,-0.020313634788891588,-0.02066141501469354
2014-10-10,-0.01056130788163634,-0.011451012338901223
2014-10-13,-0.016497478193185033,-0.016467929557809624
2014-10-14,0.0030957815795131793,0.0015788647774723774
2014-10-15,-0.007768788009485106,-0.008100314924121665
2014-10-16,-0.0017661191761229045,0.0001449777086941495
2014-10-17,0.007513996385615007,0.012884107385910504
2014-10-20,0.0066403366365057614,0.00914265720638352
2014-10-21,0.007648868162529299,0.019574487182363987
2014-10-22,-0.003076998106554818,-0.0072993302004167315
2014-10-23,0.004450499054775348,0.012303377138681793
2014-10-24,0.001896855005855791,0.007053449392805167
2014-10-27,0.00045412745571016266,-0.0015015683952100956
2014-10-28,0.0026605330033615537,0.011939073060167393
2014-10-29,0.0001393432706595643,-0.0013853554985293615
2014-10-30,0.0008495440055125147,0.0062301242403934864
2014-10-31,0.00102276618759789,0.011731393541549506
2014-11-03,0.00022246744737874913,-0.00011892184463624389
2014-11-04,-0.0001667710611661377,-0.0028298416808328897
2014-11-05,0.0005977101211964708,0.005700497411807115
2014-11-06,0.0001944259199513354,0.0037755130048497954
2014-11-07,0.0002292304807363088,0.00034958621780534216
2014-11-10,0.00011797917938705105,0.003120184693883088
2014-11-11,-9.016884964552219e-05,0.0006966942090356198
2014-11-12,1.3814706645076669e-05,-0.0007011166816754955
2014-11-13,0.0001041597541118211,0.0005298447465655887
2014-11-14,4.169345951643422e-05,0.00024027020881067784
2014-11-17,0.00012490568519152312,0.0007353590216279127
2014-11-18,4.86342667553874e-05,0.005133983312177293
2014-11-19,1.3894829022476074e-05,-0.0015011590075549863
2014-11-20,2.7704548527740513e-05,0.0019670962134916703
2014-11-21,-2.770378100691584e-05,0.0052368773596394025
2014-11-24,0.002332011309555959,0.0028640233144536786
2014-11-25,0.0,-0.0011500296768531815
2014-11-26,0.0013155669249029778,0.0028059818899186517
2014-11-28,-0.0018255635454561547,-0.002542427180532325
2014-12-01,-0.003526383476316619,-0.006829362527492333
2014-12-02,0.004227149540082742,0.006384461097458161
2014-12-03,0.0023192530455249383,0.0037647427417917267
2014-12-04,-0.00031770304074185685,-0.0011618962070774064
2014-12-05,0.0008083422539997276,0.0016652165347093018
2014-12-08,-0.0025405471185276918,-0.007256565211683386
2014-12-09,-0.0002146031168821505,-0.00023782354133117245
2014-12-10,-0.013008078414895263,-0.01635096881921505
2014-12-11,0.007533135022938842,0.0045356892119050585
2014-12-12,-0.01595605998853089,-0.016213587335965784
2014-12-15,-0.006692484582310421,-0.006342586611898127
2014-12-16,-0.007848681018878367,-0.008489022887163578
2014-12-17,0.020401367568821938,0.020352415732846962
2014-12-18,0.02236435772804568,0.02401520473971619
2014-12-19,0.002312049097927149,0.004570048934014581
2014-12-22,0.0023548195779459213,0.003810463907886641
2014-12-23,0.0011780298191201855,0.0017463617463617798
2014-12-24,0.00046514587626056425,-0.00013929653841071588
2014-12-26,0.0016342651624650095,0.003309574570383944
2014-12-29,0.0007782573285899375,0.0008617745425745227
2014-12-30,-0.0015825332956511673,-0.0048886047197381766
2014-12-31,-0.005903060502387758,-0.010310858415930158
2015-01-02,0.0015670196641754952,-0.0003399636723855348
2015-01-05,-0.011542018341246352,-0.018278105145113743
2015-01-06,-0.008261209644137124,-0.008893471722946522
2015-01-07,0.010857018101154026,0.01162984267174294
2015-01-08,0.01293560902401314,0.017888280629516196
2015-01-09,-0.003958297344639372,-0.008403811034715436
2015-01-12,-0.0061978142847495254,-0.008093685160912578
2015-01-13,-0.0025207553430739438,-0.0025785552362955766
2015-01-14,-0.005414472265176773,-0.005813067327385291
2015-01-15,-0.00907775119434251,-0.009247875921837956
2015-01-16,0.0039130453052760306,0.013424199395820402
2015-01-20,0.0018334465480667195,0.0015499523698385698
2015-01-21,0.0032829599949044663,0.004731623968765364
2015-01-22,0.006057197259333069,0.015269721916580492
2015-01-23,-0.0011349425103255317,-0.005491522439307173
2015-01-26,0.002092324627633424,0.002568460857030219
2015-01-27,-0.005060887884276943,-0.013387862410411011
2015-01-28,-0.006191394767113612,-0.013495609366348305
2015-01-29,0.004964427562998974,0.009534685287099887
2015-01-30,-0.0072220283883732694,-0.012991965252009852
2015-02-02,0.008444888277378215,0.01296246371066978
2015-02-03,0.005921039013569551,0.014439495293299576
2015-02-04,-0.0009326514186016599,-0.0041560462088314765
2015-02-05,0.002945840778901365,0.010291406686777416
2015-02-06,-0.0005240109545727734,-0.0034181723141418763
2015-02-09,4.833600767306656e-05,-0.004247194360987749
2015-02-10,0.0025591584349962115,0.010675561019232394
2015-02-11,0.00036468483444429545,-2.903358867545336e-05
2015-02-12,0.0009903855526625094,0.009644506431775834
2015-02-13,0.00030925217589983234,0.004074738491730789
2015-02-17,6.86735095332125e-05,0.0015975744623728527
2015-02-18,6.179352995738796e-05,-0.0003143092177338991
2015-02-19,2.062451708439994e-05,-0.0010620573331896477
2015-02-20,0.0,0.006126533626735764
2015-02-23,0.004409196064520948,-0.0003033391953459752
2015-02-24,0.002174470113243343,0.002758770892866691
2015-02-25,-0.00012285072653916984,-0.0007657236475081541
2015-02-26,-0.00014327404175906722,-0.001476028227480719
2015-02-27,-0.0005050300560365262,-0.0029563045487578377
2015-03-02,0.0027039678644589227,0.006124919257840311
2015-03-03,-0.0016615648169884256,-0.0045385421527393
2015-03-04,-0.0011528242821015056,-0.00438850348301556
2015-03-05,0.0006283037108598677,0.0011960799848387271
2015-03-06,-0.007616471032033778,-0.014173946589881803
2015-03-09,0.004009434259255817,0.0039444211911976446
2015-03-10,-0.011932190408343368,-0.01696133008584244
2015-03-11,-0.0021282123321056945,-0.0019176795748703235
2015-03-12,0.010601340201263465,0.012601439566208406
2015-03-13,-0.003911446174398869,-0.006074710968194674
2015-03-16,0.010124253930512417,0.013533671171787054
2015-03-17,-0.001714874042826775,-0.003320173700583018
2015-03-18,0.008219503329330857,0.012158421402569175
2015-03-19,-0.00026474516641206147,-0.004872579408787825
2015-03-20,0.0,0.00901275466979845
2015-03-23,0.001894320222090018,-0.0017457310425351702
2015-03-24,-0.0031242065909218297,-0.006139421956948832
2015-03-25,-0.010652854116445787,-0.014558905652342857
2015-03-26,-0.0018278378249610983,-0.002377499996742527
2015-03-27,0.0025884153246087394,0.0023685613495147972
2015-03-30,0.009544163496217006,0.012236645187396533
2015-03-31,-0.006100900186440161,-0.008795775050879251
2015-04-01,-0.0030040598496399173,-0.003965371271123064
2015-04-02,0.0037475793183021633,0.0035296669586522
2015-04-06,0.005504637393019651,0.0066088151237357895
2015-04-07,-0.0011560833761420364,-0.0020619040578628844
2015-04-08,0.0025600240959089415,0.002682533127767339
2015-04-09,0.0042376843696942945,0.004457481018385057
2015-04-10,0.004172500903512066,0.005202865037342352
2015-04-13,-0.002363786145174851,-0.00458128059365126
2015-04-14,0.0017011067164298677,0.0016297588743277025
2015-04-15,0.003989380626775896,0.005148195696902835
2015-04-16,0.0006242641708336105,-0.0007784436134247175
2015-04-17,0.0,-0.011311245518606405
2015-04-20,-0.0004963812155329705,0.009235131672624686
2015-04-21,-0.00012083898136094895,-0.0014806053255762563
2015-04-22,0.001993469645799051,0.005087480356207541
2015-04-23,0.0011589492378925037,0.002357715893671175
2015-04-24,0.000923358092888682,0.002252800575326619
2015-04-27,-0.0011364657311150328,-0.004141314249916261
2015-04-28,0.0014522824288611957,0.0027692316953564777
2015-04-29,-0.0009890272952444157,-0.0037403355807980043
2015-04-30,-0.004548770923011203,-0.010128906614839228
2015-05-01,0.005590910891837941,0.010923001659165044
2015-05-04,0.001717455066696294,0.002940748690645867
2015-05-05,-0.0046297645988685465,-0.011837383677612334
2015-05-06,-0.0018162425590301234,-0.004455724813014705
2015-05-07,0.002303038717753614,0.0037738134388320965
2015-05-08,0.005888247350382736,0.013457901176364917
2015-05-11,-0.00045947696855441755,-0.005089560528435566
2015-05-12,-0.0004531002966907671,-0.0029496376848567873
2015-05-13,0.001059910233919048,-0.00030495478248648844
2015-05-14,0.0011052816988987857,0.010779286625573148
2015-05-15,0.0,0.0007684139066803652
2015-05-18,0.0029864381832791498,0.003047948049283322
2015-05-19,0.00019233997937040392,-0.0006433745436266181
2015-05-20,-0.0001657561141586994,-0.0009305162517933008
2015-05-21,0.0016711115773775376,0.0023378744854138933
2015-05-22,-0.00035752100880404036,-0.002233886303356414
2015-05-26,-0.005556411591768673,-0.010281980197837881
2015-05-27,0.005614122429475454,0.009162641262365545
2015-05-28,-0.000569522947530654,-0.0012667608976734135
2015-05-29,-0.0031739979359306503,-0.0063184691730722164
2015-06-01,0.001555456036518743,0.002059461282371222
2015-06-02,-0.00033185107599631447,-0.0010085961899480855
2015-06-03,0.001958619929506966,0.0021188711112078984
2015-06-04,-0.005652207639321283,-0.008623167576889856
2015-06-05,-0.00019327948677461126,-0.0014361829335245435
2015-06-08,-0.004392344359797851,-0.006474509789282434
2015-06-09,0.00019416971119223803,0.00041835300422188304
2015-06-10,0.010193891802775523,0.012042424827124476
2015-06-11,0.0020274415963044135,0.0017386264178671507
2015-06-12,-0.004853447736587357,-0.0069942998817651425
2015-06-15,-0.003946857422249539,-0.004622572493653387
2015-06-16,0.0055234730299404955,0.0056898566086796
2015-06-17,0.002720124328178697,0.0019796413026920145
2015-06-18,0.008336514813610307,0.009902710578908236
2015-06-19,-0.013602170708443828,-0.0053035017498218595
2015-06-22,0.01603148757705264,0.006094866554531064
2015-06-23,0.0011719593851817756,0.0006358685039113965
2015-06-24,-0.0037209898616936687,-0.00735329696164333
2015-06-25,-0.0021529706909136914,-0.0029735743006855664
2015-06-26,0.0002367997584626913,-0.0003900796440671206
2015-06-29,-0.01652670102032605,-0.02086619391956246
2015-06-30,0.0028754406707107716,0.0026584898861461426
2015-07-01,0.006354454344706495,0.006936040108400654
2015-07-02,9.27697805068739e-05,-0.0003080227407983305
2015-07-06,-0.0020007946567621726,-0.003861756863082544
2015-07-07,0.005861666612778427,0.00608097510857486
2015-07-08,-0.015364125174559429,-0.016652749054007043
2015-07-09,0.002567179829899846,0.0022622025726091177
2015-07-10,0.01155928975493059,0.012338485100151564
2015-07-13,0.010878590604525007,0.011066049239604414
2015-07-14,0.004007796435832933,0.004453159211633695
2015-07-15,-0.00011724918313094079,-0.000734986066058041
2015-07-16,0.004838944331509776,0.008014680412562258
2015-07-17,-0.012359885966439776,0.001106182994042637
2015-07-20,0.01427981493549546,0.00077123387202227
2015-07-21,-0.0016239816646925753,-0.0042616893616069795
2015-07-22,-0.00038233003934606824,-0.0023877098952062026
2015-07-23,-0.00341656643778232,-0.005676040278268291
2015-07-24,-0.0076111105728892126,-0.01070332804283558
2015-07-27,-0.00494916404338297,-0.005775015185050969
2015-07-28,0.010593146396401742,0.012386154626733425
2015-07-29,0.005599534270002815,0.007318795346650031
2015-07-30,4.5341938753162836e-05,2.836730636679441e-05
2015-07-31,-0.00014258720608206765,-0.002271519985995063
2015-08-03,-0.002074536102103841,-0.002756886733696673
2015-08-04,-0.0010069894488948794,-0.002249704779339723
2015-08-05,0.0026857628136360834,0.0031146787487494887
2015-08-06,-0.006148365620169849,-0.00775298528243118
2015-08-07,-0.0021143378666026447,-0.0028748824444340126
2015-08-10,0.01123495495297,0.012808166466444781
2015-08-11,-0.007605110228627754,-0.00955710249815489
2015-08-12,0.000866743238531642,0.0009500546545004873
2015-08-13,-0.0003385764196783825,-0.0012752120935421996
2015-08-14,0.00372544300755151,0.003911964108786803
2015-08-17,0.005243059018236629,0.00521142418513576
2015-08-18,-0.002046272115186931,-0.002625530186397551
2015-08-19,-0.007302694672857601,-0.008254876246131082
2015-08-20,-0.020974472229941976,-0.021100170073477753
2015-08-21,0.04071794270178741,-0.031850965718637325
2015-08-24,-0.089287654747355,-0.03941369286646568
2015-08-25,-0.007689086669161016,-0.01352199497897244
2015-08-26,0.033471507612485185,0.03903385877450183
2015-08-27,0.01606370953208991,0.024297748621125326
2015-08-28,0.0006941365859749471,0.0006087363616984476
2015-08-31,-0.003124736169789144,-0.008391670369217175
2015-09-01,-0.02188085698999287,-0.029576446640986798
2015-09-02,0.01685892241735809,0.01829297500443139
2015-09-03,0.0012633109043207469,0.0011647935451044589
2015-09-04,-0.012379847274034739,-0.015329595723932221
2015-09-08,0.02147096600230558,0.02508305358648033
2015-09-09,-0.010301421351871287,-0.01389756050907287
2015-09-10,0.005014067204938577,0.005277955033794246
2015-09-11,0.0047795275993416375,0.004487043210972708
2015-09-14,-0.0026374335036266627,-0.004089655710746709
2015-09-15,0.01123863086978405,0.01283131142251781
2015-09-16,0.005830352523057858,0.008705414349693852
2015-09-17,0.0028253335379995193,-0.002561059320011938
2015-09-18,0.0,-0.016164165744279924
2015-09-21,-0.00911347432418319,0.004565783605198437
2015-09-22,-0.00810268809372272,-0.012318429274285614
2015-09-23,0.00028937825730213085,-0.002048642890328245
2015-09-24,-0.002455349444485555,-0.003362984329369434
2015-09-25,0.00023600594632910976,-0.00046579328582951884
2015-09-28,-0.020731361863426057,-0.02566609046896018
2015-09-29,0.0019001657455499643,0.001232853252514099
2015-09-30,0.015399227551534223,0.019075555906861608
2015-10-01,0.0031265192391174423,0.001973884228037459
2015-10-02,0.010935681308460676,0.014315289284541954
2015-10-05,0.010844105073773536,0.018289840800508328
2015-10-06,-0.0005083442435011021,-0.0035882361830883447
2015-10-07,0.004200810700589752,0.008035633639867479
2015-10-08,0.002321853095379911,0.008818435459823082
2015-10-09,0.0013714766343910778,0.000725111326717931
2015-10-12,0.0005505271445400695,0.0012754772073804155
2015-10-13,-0.00039304015117813673,-0.006825423947869114
2015-10-14,5.246861640895162e-05,-0.0047162741982138545
2015-10-15,0.0010286028532471292,0.01485277361914017
2015-10-16,0.0,0.004570474275370051
2015-10-19,0.00325944819322177,0.00027054553471672627
2015-10-20,-0.0009002928639546548,-0.0014210903493528937
2015-10-21,-0.003310531400350092,-0.005825414995899281
2015-10-22,0.007769957375077574,0.01662757156411132
2015-10-23,0.0035950133573052767,0.011030344539323389
2015-10-26,-0.0008161847813246137,-0.0019131006866738298
2015-10-27,-0.0005964551083051939,-0.002554118539720318
2015-10-28,0.0034898838661225895,0.01184003327863703
2015-10-29,-2.5882081866268614e-05,-0.0004497742019048401
2015-10-30,-0.0010213428539773695,-0.004809877003672414
2015-11-02,0.0033325726451309823,0.011873817006551102
2015-11-03,0.00027728401488369414,0.002728067346863705
2015-11-04,-0.0004964070112473129,-0.003545367230984642
2015-11-05,0.00029671644042950085,-0.0011321483923818487
2015-11-06,0.0006448991679839366,-0.0003476213457177524
2015-11-09,-0.0014307345798540982,-0.009822729385718598
2015-11-10,0.0009874127524753806,0.0015105949543003927
2015-11-11,-0.00021919986147511672,-0.003228085812548187
2015-11-12,-0.0035405587003833894,-0.013990375564759017
2015-11-13,-0.004252089722640462,-0.011207364706699363
2015-11-16,0.007637110313462925,0.014903265264943455
2015-11-17,0.0005482687526339181,-0.0013393792481354305
2015-11-18,0.0022048583061584637,0.01616245179852549
2015-11-19,0.0001221833824947005,-0.00112310916925773
2015-11-20,-0.0005210217679690876,0.003810195689989637
2015-11-23,0.0008108484324591547,-0.0012348607728660532
2015-11-24,0.0006365678147230991,0.0012219959743400288
2015-11-25,0.0006811884369282151,-0.00012913227667687988
2015-11-27,0.0005393904770027991,0.0005936176807606053
2015-11-30,-0.00220136944327165,-0.004640997274763192
2015-12-01,0.0057118628430543605,0.01068057336863748
2015-12-02,-0.004969504673451697,-0.010995693172566212
2015-12-03,-0.010001515904283997,-0.014373526666262015
2015-12-04,0.014127950290868219,0.0205256690573854
2015-12-07,-0.003277908803126839,-0.006989502964787397
2015-12-08,-0.004149379220093952,-0.0064899016523778386
2015-12-09,-0.006546755537743865,-0.007738985017979982
2015-12-10,0.003045021234547196,0.0022513871531610885
2015-12-11,-0.018182109813419944,-0.019422767297482935
2015-12-14,0.00526092445384263,0.004755560017433602
2015-12-15,0.010453734892015065,0.010618561082731848
2015-12-16,0.013629637235454073,0.014514969430300617
2015-12-17,-0.012716413038737606,-0.015040520909943678
2015-12-18,-7.782289077595816e-05,-0.01779722000676387
2015-12-21,-0.004468870083613519,0.0077784025360287945
2015-12-22,0.0052967996437678355,0.008816736053143037
2015-12-23,0.005268891381773777,0.01241806830075265
2015-12-24,-2.581250160837989e-05,-0.001598636221499028
2015-12-28,-0.00033525638810982805,-0.00217855994238203
2015-12-29,0.0030698056033833243,0.010629762908764828
2015-12-30,-0.0013630341405244106,-0.007217228595965963
2015-12-31,-0.003264131102808432,-0.00941191309542666
2016-01-04,-0.006330126480314169,-0.015303731089594375
2016-01-05,0.002567717101199074,0.0020122259542274534
2016-01-06,-0.007047945467859584,-0.013115396702646942
2016-01-07,-0.020496979169356888,-0.023700443014411654
2016-01-08,-0.010519668533195081,-0.010838374390218508
2016-01-11,0.0018325309191276062,0.0008532721255336551
2016-01-12,0.008271776480611281,0.00780279851675636
2016-01-13,-0.025145283607540758,-0.02496545230421965
2016-01-14,0.017549398267568517,0.016695905386662213
2016-01-15,-0.0275073521747089,-0.021599098001850003
2016-01-19,0.003249654909318389,0.0005318215543925753
2016-01-20,-0.006016402343499538,-0.011693855152413501
2016-01-21,0.0024266795268041985,0.005195438361131455
2016-01-22,0.012408314289926281,0.020283701024494727
2016-01-25,-0.006305751383667624,-0.015637982053378963
2016-01-26,0.00684764000978233,0.014144335590226431
2016-01-27,-0.004090210352008183,-0.010863483795639506
2016-01-28,0.003270541656469561,0.005528577205787588
2016-01-29,0.008952657157654142,0.0247602174153414
2016-02-01,0.0015917469602726442,-0.00044323658717015935
2016-02-02,-0.006329874660606194,-0.018743090830274922
2016-02-03,0.002354855301224257,0.004992038934619414
2016-02-04,0.0013782639593049595,0.0015267325638141926
2016-02-05,-0.00772293416042813,-0.018481246310869337
2016-02-08,-0.007065521124410945,-0.014153935656373462
2016-02-09,-0.00022018188317252108,-0.0006636203533073592
2016-02-10,0.0017001684035542475,-0.00018895027740828407
2016-02-11,-0.008369732836926658,-0.012301161792504733
2016-02-12,0.01680445224596383,0.019518049565855122
2016-02-16,0.010638516474442916,0.01651665412216241
2016-02-17,0.003068200517230446,0.01648043921048603
2016-02-18,4.037606861184706e-05,-0.004665713707027619
2016-02-19,0.0,-2.6032942938902792e-05
2016-02-22,0.008517365275750866,0.014454197186153817
2016-02-23,-0.005452524548972604,-0.012454371867771763
2016-02-24,0.0016554430236830342,0.004439786812972857
2016-02-25,0.005627322970684245,0.011348275359951865
2016-02-26,-0.000578873716591044,-0.0018701144822791393
2016-02-29,-0.002117156419427002,-0.008120976341902342
2016-03-01,0.008312958554682837,0.023868791801894718
2016-03-02,0.0017733198834026798,0.004094308735004493
2016-03-03,0.0005547990887135867,0.0034987406745825567
2016-03-04,0.00040267313071074007,0.0033058923144386743
2016-03-07,0.000547743674647938,0.0008850141950174084
2016-03-08,-0.0011212132385439721,-0.011240108649505087
2016-03-09,0.000983764659250097,0.0050523932937867055
2016-03-10,0.0005673270049184609,0.00015580493345068724
2016-03-11,0.0010481470891969824,0.01639550053418848
2016-03-14,0.0002700222416653908,-0.001260972921287129
2016-03-15,-0.00013830986311658133,-0.0018369416879204792
2016-03-16,0.0002304411561635522,0.005600351545632654
2016-03-17,5.2715232235156506e-05,0.006595236486620859
2016-03-18,-0.00011852266599343686,0.004405643688967897
2016-03-21,0.0016590318306841656,0.0009855772666846896
2016-03-22,-4.597223084701341e-05,-0.000877387766836879
2016-03-23,-0.0033521956520465856,-0.006386031602501285
2016-03-24,0.00015175065105865748,-0.0003780702927851376
2016-03-28,0.0014242273844138342,0.0005452554858313974
2016-03-29,0.005537617053947619,0.008816651779288476
2016-03-30,0.002023394252051114,0.004350315260639448
2016-03-31,-0.0007514670359650699,-0.00203975921756705
2016-04-01,0.0027663926246561665,0.006330915127309877
2016-04-04,-0.0005674041407843777,-0.003208322345054082
2016-04-05,-0.004215608529356318,-0.010144492387214377
2016-04-06,0.00520988325100169,0.010507619269939372
2016-04-07,-0.005143727123903319,-0.011975786526205012
2016-04-08,0.0029160503236660418,0.0027865779152880243
2016-04-11,-0.0008820660396997582,-0.0027397858070188352
2016-04-12,0.004950524689517399,0.0096621337827838
2016-04-13,0.0015162968548279032,0.01004013710204088
2016-04-14,0.00015593704521665863,0.0001729273803483533
2016-04-15,-0.0004027877767589505,-0.0009842848497145784
2016-04-18,0.00393199624357532,0.006541025289023228
2016-04-19,0.0012947582206557229,0.0030844851678346608
2016-04-20,0.00030393471946288386,0.0007615448773992117
2016-04-21,6.469767447336849e-06,-0.005194027008290192
2016-04-22,-0.0009889212261202651,4.785972478082989e-05
2016-04-25,-0.0007051873722099256,-0.0018120458796383465
2016-04-26,0.0009322724163858265,0.0018727515871905798
2016-04-27,0.0010995874375727688,0.001649352800310755
2016-04-28,-0.00465206303875898,-0.009230768513682652
2016-04-29,-0.0025316778679419505,-0.005063088369821722
2016-05-02,0.005479694734839224,0.007809946463542827
2016-05-03,-0.004951440033209242,-0.008676638198860664
2016-05-04,-0.0037336669934611155,-0.005936889314214544
2016-05-05,0.0003525933744803478,-0.0002390081258001331
2016-05-06,0.003511385731773675,0.0031746390805036384
2016-05-09,0.0013918432002215653,0.0007534970439868616
2016-05-10,0.007917191222208686,0.012483643435067249
2016-05-11,-0.004568659644570983,-0.009561518078546327
2016-05-12,0.0003754295392797147,-0.0001694649071644072
2016-05-13,-0.006535678211986196,-0.00847828902508041
2016-05-16,0.00905385688785354,0.009796652464963085
2016-05-17,-0.007558988580552484,-0.009411297455333645
2016-05-18,0.00018213880501383173,0.00020517873267866804
2016-05-19,-0.003316561197813761,-0.003706707658226005
2016-05-20,0.0,0.006019504059596059
2016-05-23,0.0032558348841387197,-0.0020854589704891735
2016-05-24,0.006445047678332427,0.013681382686285826
2016-05-25,0.0024426209671630783,0.006974740643369559
2016-05-26,0.0005027410363531715,-0.00021044390350322129
2016-05-27,0.0014561074521415307,0.004286857336424754
2016-05-31,-6.431986843880022e-05,-0.0010052630048559275
2016-06-01,0.0004503465799421402,0.0011350423274503196
2016-06-02,0.0011318755078248977,0.0028246780734553223
2016-06-03,0.00020560564742733156,-0.002911814656949452
2016-06-06,0.0009183712669116328,0.004897281193053882
2016-06-07,0.00027594787271834065,0.0012894462510633087
2016-06-08,0.0003977157537489173,0.0033095665337075086
2016-06-09,2.5674129854325045e-05,-0.0017177585589538413
2016-06-10,-0.0010580131207089671,-0.009175181182794367
2016-06-13,-0.0008665354418010418,-0.008115191387155773
2016-06-14,0.0007709043295962559,-0.0017988851350955182
2016-06-15,0.0006932794445113633,-0.0018407128700851372
2016-06-16,0.000885282501438045,0.0031329906996742096
2016-06-17,0.0,-0.0032579654199809127
2016-06-20,0.005332659428975539,0.00580818525653326
2016-06-21,0.0005928682417650766,0.002712061607464289
2016-06-22,-0.0027588827765322455,-0.0016515636618127383
2016-06-23,0.0075584494692333415,0.01336407865930278
2016-06-24,-0.017717597211307612,-0.035919799994431734
2016-06-27,-0.010458272351502429,-0.01809650217612302
2016-06-28,0.015226894683312953,0.01777016508725926
2016-06-29,0.011714720895245057,0.017032672570028273
2016-06-30,0.004090435880773846,0.013565044705922347
2016-07-01,0.00188515059930916,0.00194860235588723
2016-07-05,-0.0008208363250826745,-0.006847477437932237
2016-07-06,0.0016619199035601273,0.005352963242081676
2016-07-07,0.000498403330430941,-0.0008715778419239317
2016-07-08,0.0020555053406576818,0.015253349296718177
2016-07-11,0.00028320921902458274,0.003408615474199461
2016-07-12,1.889062718496426e-05,0.007009293213798395
2016-07-13,0.0001760788206512931,0.00013476775533982632
2016-07-14,1.259129649655577e-05,0.00525920411762093
2016-07-15,0.0007484817314105108,-0.0009289473209127541
2016-07-18,0.0019734122156080947,0.002382294987840705
2016-07-19,0.00024455407776691196,-0.0014351736522938419
2016-07-20,0.001994151733429206,0.004270300173431885
2016-07-21,-0.0021841515549073653,-0.003612528916297486
2016-07-22,0.002627944024271578,0.004553964713003289
2016-07-25,-0.000907030171085732,-0.0030114751244342264
2016-07-26,0.00023793132887584,0.0003227842443460638
2016-07-27,-3.75953638497295e-05,-0.0011985421207814095
2016-07-28,0.0008952159476358634,0.0016062090221755643
2016-07-29,0.0023704485505853246,0.0016313092573088106
2016-08-01,-0.0008860543814829258,-0.0012697872845152114
2016-08-02,-0.0033661504092515893,-0.006361619481225378
2016-08-03,0.00241249217961359,0.0031339432802557354
2016-08-04,0.0008751793816315079,0.00021257188969192597
2016-08-05,0.0044781987724962224,0.008603496447961101
2016-08-08,0.0001429986668637362,-0.0009071655678379864
2016-08-09,0.00032951774751310836,0.0003897939364765346
2016-08-10,-0.0005904633380910962,-0.0028646859974036376
2016-08-11,0.0020272684535060925,0.004734588012062169
2016-08-12,0.00035378527900209455,-0.0007960463737501922
2016-08-15,0.0009057335127533594,0.0027929092187690685
2016-08-16,-0.0006260248849809802,-0.00547907701986905
2016-08-17,0.0007690529693371584,0.001868589648029051
2016-08-18,0.00047100258869869904,0.0021996173129046337
2016-08-19,0.000749498840703966,-0.0014402713809749113
2016-08-22,0.0003033680502744218,-0.000563323157221185
2016-08-23,0.0005444617035246235,0.0019517694055308787
2016-08-24,-0.0027458913547454555,-0.005240276852734871
2016-08-25,0.0001922843992248069,-0.0013652276243513173
2016-08-26,-0.0011718767739367086,-0.0015788165944199406
2016-08-29,0.004065953976071457,0.005228047221710774
2016-08-30,-0.0006862478881632939,-0.0019536804841114863
2016-08-31,-0.0011939986501244837,-0.0023758642617150993
2016-09-01,-0.0005265620856698128,-4.1384533048027805e-05
2016-09-02,0.004294831306582481,0.004201041336424849
2016-09-06,0.001974656838027,0.0029816787577114923
2016-09-07,0.00044957565471137606,-0.0001463852229309781
2016-09-08,-0.0012127076248935609,-0.0022230136296667036
2016-09-09,-0.021578217407902334,-0.02452206896667508
2016-09-12,0.01621457603199894,0.01467705274849096
2016-09-13,-0.012583639581110861,-0.014830674258895948
2016-09-14,-0.004174790829392205,-0.0005876766502063147
2016-09-15,0.012892010195035386,0.010109273363029914
2016-09-16,0.0,-0.0037722947474507773
2016-09-19,-0.0012260974438246253,-1.8603060785604697e-05
2016-09-20,-0.0007041713537889738,0.0002991382171499968
2016-09-21,0.0064105945705810186,0.010917162352442444
2016-09-22,0.0030857191697541975,0.006499784427785649
2016-09-23,-0.0011489476349979544,-0.00573677446354337
2016-09-26,-0.003939390919720176,-0.008587762798917709
2016-09-27,0.003632103939578135,0.006444170055012188
2016-09-28,0.0022023524180718734,0.005296554012835575
2016-09-29,-0.0033332660205036557,-0.009321411497187015
2016-09-30,0.0026507637975310416,0.007967969231286176
2016-10-03,-0.0003953343161270384,-0.0032606955294726125
2016-10-04,-0.0012420654826336142,-0.0049555622707156965
2016-10-05,0.002276804986887093,0.0042966906501935576
2016-10-06,0.0009013136527806775,0.00048155976529717925
2016-10-07,-0.0006044001505429719,-0.0032534833570118105
2016-10-10,0.0028757255511913105,0.004605905039596125
2016-10-11,-0.00518120353463003,-0.012446471596532338
2016-10-12,0.0006432462802674621,0.001146589037580359
2016-10-13,-0.000673770853015454,-0.0030992637479612117
2016-10-14,0.0014722104699935734,0.00020160447857309194
2016-10-17,-9.266486353454173e-05,-0.003037994040303138
2016-10-18,0.0032615927210697393,0.006160403318245855
2016-10-19,0.001958004409361891,0.0021919710189710617
2016-10-20,0.0008295749041851153,-0.0013757239543792377
2016-10-21,0.0,-8.414160005176807e-05
2016-10-24,0.003119101560840054,0.004749839541692946
2016-10-25,-0.0014078426444069647,-0.0037977277864983394
2016-10-26,-0.0014404303378228178,-0.0017404116452881535
2016-10-27,-0.0027438452123018653,-0.0029867267366989747
2016-10-28,-0.00032624816785953303,-0.0031082993435224138
2016-10-31,-0.0011144311962566489,-0.00012227640782913607
2016-11-01,-0.004284139061490944,-0.006786883476427641
2016-11-02,-0.00407964069236233,-0.00652550029741239
2016-11-03,-0.0034809699640285796,-0.004423400838946101
2016-11-04,-0.001341133272463435,-0.0016661307322337615
2016-11-07,0.016015099909952646,0.022223543967337278
2016-11-08,0.0016967655566046957,0.0037719744542996647
2016-11-09,0.008856032939258185,0.011077020753253342
2016-11-10,0.0009246873629205066,0.0019507459501284519
2016-11-11,0.0006442793682590597,-0.0013979503036608554
2016-11-14,0.0009657226656556439,-0.00011550278622274313
2016-11-15,0.001365299554811017,0.007480797417763307
2016-11-16,0.0001393618322855783,-0.0015822634216101639
2016-11-17,0.0001393424132716259,0.004676369608375142
2016-11-18,0.0,-0.002386798421690206
2016-11-21,0.0039437874587706645,0.0074614006258433285
2016-11-22,0.0014723924753519135,0.002165432272904111
2016-11-23,0.0006326193729808693,0.0008080244329033981
2016-11-25,0.00118027522456976,0.003914386891670674
2016-11-28,-0.000980359694287558,-0.005254535631502799
2016-11-29,0.0007525450942804657,0.0013352930642269722
2016-11-30,-0.000685813839031546,-0.0026534040390964186
2016-12-01,-0.001486913012355373,-0.0035155289737457407
2016-12-02,0.0007536158288761197,0.00039700650631591117
2016-12-05,0.0038736393744256414,0.005821305253253195
2016-12-06,0.0014583093266964386,0.0034108883546988267
2016-12-07,0.0011145779065597772,0.013163241364864575
2016-12-08,0.00022146908606490712,0.0021593430473272335
2016-12-09,0.0004488303454897036,0.005938984786955759
2016-12-12,0.00011361762761419314,-0.0011374349205595102
2016-12-13,0.0001734735314873337,0.006539774750587091
2016-12-14,-0.00010759917336966573,-0.00811717185395111
2016-12-15,0.00014352967355546475,0.0038832279549072535
2016-12-16,-0.0004424984827893219,-0.0017506226204834219
2016-12-19,0.0022493285096052418,0.001975120701520394
2016-12-20,0.0015579754945653779,0.0036375121488696482
2016-12-21,-0.0007032794414330024,-0.0024573614565177593
2016-12-22,-0.00012521898762485328,-0.0018629737285675851
2016-12-23,0.0003518948587963866,0.0012517152775348706
2016-12-27,0.0016516427010340173,0.0022483727122095676
2016-12-28,-0.00435744285552242,-0.008356529175972627
2016-12-29,-0.00016735058049044405,-0.000293304709629405
2016-12-30,-0.00233811760181879,-0.004637050227782158
2017-01-03,0.00592787930975569,0.008486575281279274
2017-01-04,0.003271200359021842,0.005722273788525856
2017-01-05,0.0008314819707100352,-0.0007706704833204681
2017-01-06,0.0016793296705310823,0.0035169592193697863
2017-01-09,-0.00023105133201273276,-0.0035485942758867184
2017-01-10,0.0004088998539664157,0.0
2017-01-11,0.0012971280832279053,0.0028296382793233654
2017-01-12,-0.0004968771333546673,-0.0021448089967596173
2017-01-13,0.0019057027529956194,0.0018498402425362048
2017-01-17,-0.0008447510529823177,-0.0029675026899970147
2017-01-18,0.001117399797752272,0.0017637540575008437
2017-01-19,5.3201616319942246e-05,-0.003609308355419394
2017-01-20,-0.0006850244768479286,0.003366237154707852
2017-01-23,0.0012172695162386837,-0.002690124758069401
2017-01-24,0.002951036497534698,0.006564593637664151
2017-01-25,0.0028364690062638864,0.008026090549617448
2017-01-26,0.0003873121774113919,-0.0007353844075136395
2017-01-27,-9.974421658975885e-05,-0.000866463892926328
2017-01-30,-0.0021998908791106553,-0.006009543517695892
2017-01-31,0.0001646378910158397,-0.0008899054071440649
2017-02-01,0.00045845611870287684,0.00029836348965073256
2017-02-02,0.0003878128502832201,0.0005703094032936118
2017-02-03,0.0031363596246234415,0.007264758098647794
2017-02-06,9.95608458997932e-05,-0.002115356985885164
2017-02-07,0.0005210523069767437,0.00022682918569594257
2017-02-08,0.00040956768395261633,0.0006933223855400961
2017-02-09,0.0011347391542197993,0.005752546449780516
2017-02-10,0.00032128645807882883,0.003566050102845164
2017-02-13,0.00015770419199423458,0.005245845097992419
2017-02-14,0.000134298304191649,0.004007335176634763
2017-02-15,2.337788150197362e-05,0.004992308919898214
2017-02-16,0.00016349880020105623,-0.0008641180363413437
2017-02-17,0.0019089319458778231,0.0016785565287558146
2017-02-21,0.0023189575132331885,0.006048066160828425
2017-02-22,-0.000244174684598808,-0.001082200145408052
2017-02-23,0.0006395801980405569,0.00041898672168572126
2017-02-24,0.000552066472122803,0.0014933641914423035
2017-02-27,0.00042975464639427585,0.0010179830611165563
2017-02-28,-0.0010623035994383745,-0.0025783763780462543
2017-03-01,0.0034343979205484487,0.013673854659866258
2017-03-02,-6.94934991412044e-05,-0.005859880503598425
2017-03-03,0.0008282532270238452,0.0005038772720600271
2017-03-06,1.7377863992029674e-05,-0.0032772408480052917
2017-03-07,-0.0005208323767432743,-0.0029133737680216987
2017-03-08,-0.0001968362999779094,-0.002284215165048731
2017-03-09,-2.8983400852888863e-05,0.0007998953585612867
2017-03-10,0.0010018650298628806,0.003268670195698986
2017-03-13,0.0006942193351737735,0.0003666328125562224
2017-03-14,-0.0003410818356455181,-0.0033790271755046453
2017-03-15,0.0009253227740029235,0.008374752796581397
2017-03-16,0.00016180118147302025,-0.0016267102694209612
2017-03-17,-0.00032926220724294186,-0.0013143147950017697
2017-03-20,-0.0002311731937292283,-0.0020098935338483948
2017-03-21,-0.007404615303633677,-0.012407972940626899
2017-03-22,0.000547439729380983,0.0018898864360001877
2017-03-23,-0.0016937118947683016,-0.001060269661328106
2017-03-24,0.0016207909892731465,-0.0008439958489141475
2017-03-27,-0.0009196431020230822,-0.001019587452981141
2017-03-28,0.004748170381968064,0.007251474353500598
2017-03-29,0.0019367544420880733,0.001085324742930105
2017-03-30,0.002204926400841023,0.002935109936855751
2017-03-31,-0.0012184262993422124,-0.002255047489714501
2017-04-03,-0.00040468494458378856,-0.0016421255420062675
2017-04-04,0.0006535900180981713,0.0005595225490382383
2017-04-05,-0.003531751827650198,-0.0030548611983906016
2017-04-06,0.0028075733814003634,0.001929509405943275
2017-04-07,1.1580149533729767e-05,-0.0008271302020167459
2017-04-10,0.000746134287225253,0.0006876864837839225
2017-04-11,-0.0007687207491876569,-0.001433879303282093
2017-04-12,-0.0034764858810216737,-0.003759951034546627
2017-04-13,-0.005259067533739614,-0.006814694227374907
2017-04-17,0.0078077162965857205,0.008613348940219367
2017-04-18,-0.0031151053808633478,-0.0029033798625895946
2017-04-19,-0.0016959626729392552,-0.0017163507793208632
2017-04-20,0.007930092291538626,0.007557263417987681
2017-04-21,0.0002539490879993611,-0.0030350729326357184
2017-04-24,0.004039611353658046,0.01084006896297951
2017-04-25,0.00181627864732814,0.006090687476747014
2017-04-26,-0.0001778878908491599,-0.00048570348354270987
2017-04-27,0.0006140325561938553,0.0005529198041311911
2017-04-28,-0.0004358453923525296,-0.0019131470681601481
2017-05-01,0.0011761611176850373,0.0017322905115801923
2017-05-02,-2.8680454270402223e-05,0.0011890499458222514
2017-05-03,-0.00016047524176221462,-0.0012713605313821041
2017-05-04,0.00037830379130787684,0.0005821026438950216
2017-05-05,0.0005041909958580781,0.0040886954080285864
2017-05-08,0.0011739653984288445,3.744597299082386e-05
2017-05-09,-5.725394975453213e-06,-0.0010252486299153762
2017-05-10,0.002053403717925173,0.0011306013658478609
2017-05-11,-0.00014841671763121678,-0.002162809124616749
2017-05-12,0.0003710968710575191,-0.0014784413679722608
2017-05-15,0.00041087651008253623,0.004776513648450997
2017-05-16,9.129160278797954e-05,-0.0006868970151433507
2017-05-17,-0.0032627328149845702,-0.018178214414433458
2017-05-18,0.0031761027641721284,0.003686818283279214
2017-05-19,0.0,0.006767499942466504
2017-05-22,0.0034683347244182094,0.005160131149745784
2017-05-23,0.0008925559570198693,0.001837871992654172
2017-05-24,0.0012722590738245554,0.002489126548973042
2017-05-25,0.0010834737329807886,0.00444194837709877
2017-05-26,0.00025496017198389787,0.00031054999597146526
2017-05-30,0.00022661191468320574,-0.0012046245861250249
2017-05-31,4.52844600395963e-05,-0.000459968801852062
2017-06-01,0.0014612045895208148,0.007571112611303388
2017-06-02,0.0005937492104399755,0.0037077313104922904
2017-06-05,0.0002656177181505903,-0.001217665183814387
2017-06-06,-0.00029375726159464044,-0.0027790399654609166
2017-06-07,0.00037297919581935624,0.0015682572275503848
2017-06-08,0.00039553055302832263,0.00026720472849017796
2017-06-09,-0.00016945592170891643,-0.0008299892344156845
2017-06-12,0.0002880825198519066,-0.000978763178264619
2017-06-13,0.0005590417349126131,0.004511505177332342
2017-06-14,5.077479092951975e-05,-0.0009958307964025304
2017-06-15,6.21391263349036e-05,-0.0022395981461527104
2017-06-16,-5.64866048213819e-06,0.0002836393681004967
2017-06-19,0.003899388797706127,0.008347228657875183
2017-06-20,-0.0014502608891365787,-0.0066966373620162
2017-06-21,-0.0003490216707480176,-0.0005826443900691647
2017-06-22,0.00027029579791770786,-0.00045578207221763645
2017-06-23,0.0011935296631329084,0.0015609155178168965
2017-06-26,0.0007422953565354717,0.000315801794623205
2017-06-27,-0.0028039378731486986,-0.00807282488613359
2017-06-28,0.0032794846150776547,0.008808066374833778
2017-06-29,-0.0041112199983298625,-0.008600023246820632
2017-06-30,0.001404312220896431,0.0015332318107057485
2017-07-03,0.0013234228660881087,0.002310833849555216
2017-07-05,0.001214778194848165,0.001453279024245635
2017-07-06,-0.004235456462713949,-0.009368823820586791
2017-07-07,0.004157614315112079,0.006403125486305727
2017-07-10,0.0009493946066376768,0.0009277662125786179
2017-07-11,0.0005612585785139679,-0.0007826806116978391
2017-07-12,0.002518631932708626,0.007305607635895495
2017-07-13,0.0005595344826101467,0.0018745843139260643
2017-07-14,0.0005648192557903275,0.004673503078699293
2017-07-17,0.0001900771279224056,-5.291283677333336e-05
2017-07-18,0.00014529337460844616,0.0005978573436131729
2017-07-19,0.00017316727099014884,0.005372639356088893
2017-07-20,5.584853876294815e-05,-0.00015365928181010347
2017-07-21,0.0,-0.00036787164783502746
2017-07-24,0.001145137950460784,-0.0010637348279797232
2017-07-25,0.0011326581791542,0.002923171678338221
2017-07-26,0.0003064853942191803,0.0002826639480466575
2017-07-27,-0.00046240970887634347,-0.0009726882691745153
2017-07-28,-0.000340010337076313,-0.001341115577770502
2017-07-31,0.0007694865404517248,-0.0007281456077897763
2017-08-01,0.0007577406392744734,0.0024491149692504877
2017-08-02,0.00041198687432375536,0.0004926487188865458
2017-08-03,-0.0005676583001378299,-0.002183654185644257
2017-08-04,0.0009243621109551459,0.0018891035295691694
2017-08-07,0.0012183058811576775,0.001647199789928111
2017-08-08,-0.001116845841767078,-0.0024144327873969473
2017-08-09,0.0002669954993739232,-0.00036360867105078576
2017-08-10,-0.009743073886419484,-0.014474441722801767
2017-08-11,0.0020778420934612907,0.0012755699762128092
2017-08-14,0.007543256709276802,0.010043754544535322
2017-08-15,0.0008232717082490293,-0.0004988078808476626
2017-08-16,0.0014282954051128005,0.0014201029158569245
2017-08-17,-0.012331548517610647,-0.015436952160958639
2017-08-18,-3.937176653368013e-05,-0.0018353673110713675
2017-08-21,-0.0012362123939381187,0.001162651069903653
2017-08-22,0.005035445849314701,0.00994077978775465
2017-08-23,-0.001533857097082203,-0.0034535927149730306
2017-08-24,5.0440581713440125e-05,-0.0020744620703185834
2017-08-25,0.0011493302622476165,0.0016728693563305974
2017-08-28,0.0008903680429444005,0.00048707205438569545
2017-08-29,0.0003189497034075117,0.000842821736810162
2017-08-30,0.0016276269030428558,0.004615148933961866
2017-08-31,0.0014518433004442333,0.005720976220730423
2017-09-01,0.0005631783844048943,0.001982540682532896
2017-09-05,-0.0009808237327506575,-0.007550806889900619
2017-09-06,0.0009538679419951457,0.0031287267736885838
2017-09-07,0.0003622577371620306,-0.00017843612323464875
2017-09-08,-0.0005961317131462085,-0.001488850703918465
2017-09-11,0.001655616296038387,0.01083929931877714
2017-09-12,0.00010013335942860024,0.0033639480109453057
2017-09-13,6.677153125456137e-05,0.0007571207193879381
2017-09-14,0.00010018457054372654,-0.0011007176162897148
2017-09-15,0.0004784607432297694,0.0018471814878802117
2017-09-18,0.001173348314539524,0.0014559207541648966
2017-09-19,0.0004499400656237107,0.0011101954279371107
2017-09-20,0.0003941643346745405,0.0006343478158390425
2017-09-21,-0.0007436446228233917,-0.0030459176984141134
2017-09-22,0.00041653937944574615,0.0006477937229520947
2017-09-25,-0.0007495129182549798,-0.002222050282888466
2017-09-26,0.00043336165895446754,7.216672978804795e-05
2017-09-27,0.0013827671340969072,0.004085143947080816
2017-09-28,0.0010314800089736842,0.001204615596159142
2017-09-29,0.0011190748224056968,0.0037051100814438076
2017-10-02,0.0013281082654457155,0.003874003457017716
2017-10-03,0.00030951013746882694,0.0021588381272976687
2017-10-04,0.00026517378054458085,0.0012467201713795006
2017-10-05,0.000740091791069375,0.005646787369921524
2017-10-06,-8.832493280808151e-05,-0.0010736344069645076
2017-10-09,-3.308266421231387e-05,-0.0018044339160793177
2017-10-10,0.0004525939048127814,0.002322412261707374
2017-10-11,0.00029795587720671257,0.0018035072962026
2017-10-12,9.924415543483e-05,-0.0016867529508860502
2017-10-13,0.000187562265488328,0.0008781073155288421
2017-10-16,0.00022050924442607034,0.0017507533144689447
2017-10-17,6.62189440554517e-05,0.0006725789853143649
2017-10-18,0.0001378124163065042,0.0007423349056041584
2017-10-19,8.813935006179996e-05,0.00032799789456050554
2017-10-20,0.0006393239890534197,0.0051168427389869375
2017-10-23,-0.0021370019620615688,-0.003972484039719171
2017-10-24,0.0008168789671587628,0.001617908278173541
2017-10-25,-0.0025479366472823672,-0.004663049754275228
2017-10-26,0.0007353470706559229,0.001270946219078306
2017-10-27,0.004497394892624573,0.008073022498049642
2017-10-30,-0.0012705362686303845,-0.003192470570786421
2017-10-31,0.0009912746319475918,0.0009444586571358826
2017-11-01,0.0005172089682059511,0.0015921101716727115
2017-11-02,0.0006763671699054896,0.00018996581088659426
2017-11-03,0.0012584430054785045,0.0030970753849743904
2017-11-06,0.001081195518981115,0.0012712512404724485
2017-11-07,-0.00018638476990817665,-0.00018910292286977715
2017-11-08,0.0007457449996561838,0.001443655000098465
2017-11-09,-0.001238347931221906,-0.003761887644002093
2017-11-10,-9.328926704643692e-05,-0.0008976438525517549
2017-11-13,0.0013332969875337053,0.0009836343625724275
2017-11-14,-0.00010414322830898382,-0.0023096092988857952
2017-11-15,-0.0015178934627564367,-0.005525675723266343
2017-11-16,0.0030404689274969865,0.008196058063241196
2017-11-17,1.6431000917194183e-05,-0.0026259630899742037
2017-11-20,0.0013514610159202078,0.0012756828808564435
2017-11-21,0.002928793739722657,0.006541139295859866
2017-11-22,-0.00029415895943152304,-0.0007502611166068096
2017-11-24,0.001198935713375704,0.0020560951489239088
2017-11-27,0.00033748210178718985,-0.0003842577408796899
2017-11-28,0.001626993073156946,0.00984851271879017
2017-11-29,-0.00021731835647109676,-0.000369225702197995
2017-11-30,0.0005596981636288856,0.008190950433802913
2017-12-01,-0.00021724400293521295,-0.002024530803113933
2017-12-04,0.0003965216431855989,-0.0010521566439205543
2017-12-05,0.0001683554798117548,-0.0037393815604747083
2017-12-06,0.00036375892796547404,-0.00011410565998426492
2017-12-07,0.0008411309246088017,0.0029323579853828274
2017-12-08,0.00040667599956312195,0.005506306319651655
2017-12-11,0.00021681892952973847,0.003201957471006933
2017-12-12,9.214626105458201e-05,0.001548922064604108
2017-12-13,6.501897257593647e-05,-0.0004729570906678582
2017-12-14,-3.254044224709762e-05,-0.004070859227173984
2017-12-15,1.0847167053906759e-05,0.008974343513216354
2017-12-18,0.0022594271607074834,0.005362807225250732
2017-12-19,-0.0013245142369937568,-0.0032302694598687065
2017-12-20,0.0003951522092608961,-0.0008278931807477186
2017-12-21,0.0008441555996745453,0.0019856558213586784
2017-12-22,7.569873329682508e-05,-0.0004581666477052604
2017-12-26,0.00019461086933048044,-0.0010584151831672939
2017-12-27,-0.00013512563946327383,0.0007909409391904099
2017-12-28,0.0007135307617673892,0.0018339987251561052
2017-12-29,-0.0017934023209976724,-0.005183153157965359
2018-01-02,0.0034039218162864593,0.008303361477520088
2018-01-03,0.0014291582114613899,0.006398818768781567
2018-01-04,0.0006570872829516627,0.004028636080503967
2018-01-05,0.0003605529810530861,0.007033767443369587
2018-01-08,0.0004035056656293001,0.0016623439316436617
2018-01-09,8.068171254782541e-05,0.0013029315960912946
2018-01-10,0.00012905406846885903,-0.0011122268282528491
2018-01-11,0.00011827335861092081,0.007033646478779465
2018-01-12,3.766974436358872e-05,0.006749602987881076
2018-01-16,9.141459458605894e-05,-0.003524487622672101
2018-01-17,0.000134386200216996,0.009415051560751175
2018-01-18,9.132834719038918e-05,-0.0016163897301626484
2018-01-19,0.0,0.004385235112838837
2018-01-22,0.004138200234860445,0.008066726499347698
2018-01-23,0.000556572610316497,0.0021743654797181655
2018-01-24,-0.00046536993416390615,-0.0005599757022828333
2018-01-25,0.00021407707336451587,0.0006026209018938911
2018-01-26,0.0024237716944222054,0.011841196508761032
2018-01-29,-0.0022631023618907564,-0.006731974332887192
2018-01-30,-0.003092098698484369,-0.010898815620283941
2018-01-31,0.0018566902884171732,0.0004889853730833948
2018-02-01,-0.0003588284147643117,-0.0006480882520516484
2018-02-02,-0.013170485710716329,-0.02120854792396809
2018-02-05,-0.016316230065279713,-0.04097922480422822
2018-02-06,-0.005431501129861349,0.017440920592313836
2018-02-07,-0.00670982618514393,-0.005001588416939429
2018-02-08,-0.027819705283547824,-0.03753641975808808
2018-02-09,0.010517571965676265,0.014936090208494734
2018-02-12,0.013263157280854587,0.013914584754042503
2018-02-13,0.0029019595644175222,0.0026129297463290957
2018-02-14,0.013997565343765617,0.013402458257245842
2018-02-15,0.013004033996826259,0.012069112762299383
2018-02-16,-0.0007846431559721534,0.0003734693722488025
2018-02-20,-0.007252449117733151,-0.005841389459353419
2018-02-21,-0.003328593079211073,-0.0054965031281792864
2018-02-22,0.004419936780776457,0.0009735510790762625
2018-02-23,0.008356504542548215,0.01602837635051313
2018-02-26,0.004510947576640945,0.011757015343810906
2018-02-27,-0.005400770569447211,-0.012706888443829278
2018-02-28,-0.004357108727002346,-0.011095788639207016
2018-03-01,-0.009704165387087849,-0.013324399541987275
2018-03-02,0.004634496728152193,0.005071602744632031
2018-03-05,0.0074722284045760645,0.011032026532745043
2018-03-06,0.002728781078941145,0.002638858606169414
2018-03-07,-0.00035917103643701154,-0.00048387472056610203
2018-03-08,0.003724132769822752,0.004463078207817217
2018-03-09,0.005641456150834001,0.01737883151892694
2018-03-12,0.0005070076022826164,-0.001273985129042532
2018-03-13,-0.00045824739686450844,-0.006363576551088879
2018-03-14,-0.0006526253884181488,-0.005724521948562322
2018-03-15,0.0015166055759483488,-0.000781930531963182
2018-03-16,0.0,0.001703447167811456
2018-03-19,-0.007431553978085481,-0.014204195388793028
2018-03-20,0.0005972285572679592,0.0014818054520648882
2018-03-21,-0.0006566189113798027,-0.0018439898833508828
2018-03-22,-0.022131786018329325,-0.025162888405856454
2018-03-23,-0.015869621402624046,-0.02096688071186603
2018-03-26,0.021812866934989295,0.02715725576151251
2018-03-27,-0.014627191507242565,-0.017276308813847896
2018-03-28,-0.002964404436263779,-0.00291665716625622
2018-03-29,0.010577647952187075,0.013769718690019195
2018-04-02,-0.02159566033787963,-0.022337423560165104
2018-04-03,0.015154463127787343,0.012614865848792123
2018-04-04,0.012150845024606838,0.01156648273982852
2018-04-05,0.0057424872675997385,0.0068628636575538415
2018-04-06,-0.020522969331072227,-0.021920248779842444
2018-04-09,0.0033864202477740246,0.0033365488963206236
2018-04-10,0.015246148955319283,0.0167269537832615
2018-04-11,-0.004311142812208124,-0.005525364482924067
2018-04-12,0.008454692285954968,0.008250750063987677
2018-04-13,-0.0023389041090198237,-0.0028866254882486952
2018-04-16,0.009245477138729585,0.008109038386684864
2018-04-17,0.009275269478109083,0.010661504701720004
2018-04-18,0.0013614296680077853,0.0008313658006817715
2018-04-19,-0.006474447718492149,-0.005726124690152989
2018-04-20,0.0002444137503847532,-0.00853653230061302
2018-04-23,3.7975280014590496e-05,5.623169212687351e-05
2018-04-24,-0.007768864050744173,-0.01338056164164636
2018-04-25,0.0021886028214195274,0.001837059563023713
2018-04-26,0.007692498912186929,0.010434204774367295
2018-04-27,0.0005905305330542454,0.0011136248915897262
2018-04-30,-0.004223413602449488,-0.008187490964434607
2018-05-01,0.0015497167205187345,0.0025490454770622506
2018-05-02,-0.0060373070383024086,-0.007205863568357729
2018-05-03,0.0021630147678433076,-0.0022536742393085563
2018-05-04,0.008459067203210324,0.012811178963797909
2018-05-07,0.001248518357587436,0.0034579455015175675
2018-05-08,0.001403457675857256,-0.0002656413228280252
2018-05-09,0.0050238235002078024,0.009682220255068819
2018-05-10,0.0020542450053810946,0.009370643723504823
2018-05-11,0.0011293610749976146,0.0017075955546570487
2018-05-14,0.00032077222372284275,0.0008834895573073265
2018-05-15,-0.0006039544828272403,-0.006842140279927467
2018-05-16,0.0009893552426394336,0.004060561678767671
2018-05-17,0.0002510889433995356,-0.0008558723207806596
2018-05-18,-1.0627850366651259e-05,-0.00263219493841671
2018-05-21,0.003108646669708115,0.007386752997235124
2018-05-22,-0.0006922517721645871,-0.0031357617896576873
2018-05-23,0.001545278675076256,0.0032484098921563564
2018-05-24,0.00016495988389930716,-0.002023213496498033
2018-05-25,-0.0013086174141764273,-0.0023572204364039617
2018-05-29,-0.006604651344239709,-0.011564187290653005
2018-05-30,0.008021211520248483,0.012695791223314323
2018-05-31,-0.002813835583332591,-0.006879559974886984
2018-06-01,0.005238152104227067,0.010849230370481022
2018-06-04,0.0019951869887018248,0.004479598435997323
2018-06-05,0.0006990130037234366,0.0007025929724704394
2018-06-06,0.0012013100713983427,0.008567392465728796
2018-06-07,-0.00013214298826269566,-0.0007141884679080501
2018-06-08,0.0006237611974202473,0.0031259043893263616
2018-06-11,0.0004438287393748741,0.001068707668436586
2018-06-12,0.00030097603517798,0.0017433852107295866
2018-06-13,6.863204793128297e-05,-0.004026127868587581
2018-06-14,0.00026394138593843763,0.002471549778432225
2018-06-15,1.0565177060550823e-05,-0.001017102715529128
2018-06-18,0.0018153874637896195,-0.0021261277624751163
2018-06-19,-0.002523240090033907,-0.004023402292699374
2018-06-20,0.0014786809369229381,0.0017121542893689945
2018-06-21,-0.004055170558107335,-0.006345510515579966
2018-06-22,0.0015355093567697153,0.0018619345065358228
2018-06-25,-0.0094050555077424,-0.013724668973416176
2018-06-26,0.002108045988992613,0.0022045770199778936
2018-06-27,-0.00703518202109743,-0.008604355128821406
2018-06-28,0.005331250652256481,0.00617868985946779
2018-06-29,0.0021445972086175935,0.0007584033300001014
2018-07-02,0.002001655547585468,0.003067957412152822
2018-07-03,-0.0033364541453358987,-0.00494735062681062
2018-07-05,0.0071644149949319225,0.008620803683929923
2018-07-06,0.006621259889781017,0.008481281595267509
2018-07-09,0.004947753883277839,0.008822985887663393
2018-07-10,0.0012504719846757606,0.003473267180873929
2018-07-11,-0.002283555764043932,-0.007094202866256172
2018-07-12,0.0032629485403425917,0.008749042674663476
2018-07-13,0.0006890726699235739,0.0010792374947172778
2018-07-16,0.000568620467140013,-0.001028135726814483
2018-07-17,0.000625706234646195,0.00397369863071062
2018-07-18,0.0002761791887722076,0.0021605126279586884
2018-07-19,0.00011458716920031975,-0.003952993120479142
2018-07-20,-0.0008594324668369513,-0.0009484477101494582
2018-07-23,0.0014961528044767913,0.0018380494891383492
2018-07-24,0.0018322746836203496,0.004780911145920941
2018-07-25,0.002639431798166836,0.009101605057599604
2018-07-26,-0.0005388952842771966,-0.0030322960242857855
2018-07-27,-0.0021154769123834516,-0.00656220869212365
2018-07-30,-0.0017146039694860837,-0.005754170294581917
2018-07-31,0.0036901918701541803,0.004884728797982518
2018-08-01,-0.001151204209865031,-0.0010403515262938923
2018-08-02,0.0024089330342473847,0.004926444803381669
2018-08-03,0.0018437528371020306,0.004644183009877123
2018-08-06,0.0012303772746786734,0.003538227451535869
2018-08-07,0.0007125364052213978,0.0028241822564987196
2018-08-08,0.00012899031508206704,-0.0002623799656497061
2018-08-09,-1.0327970366819095e-05,-0.0014416744645237012
2018-08-10,-0.0015167158982167805,-0.007113887913551609
2018-08-13,-0.00048571548047326996,-0.004005992185342366
2018-08-14,0.0024296313684510906,0.006389254777276809
2018-08-15,-0.0009643225824280677,-0.007602164835758152
2018-08-16,0.0017033549912024437,0.007919408484583057
2018-08-17,0.0,0.0033231157222237684
2018-08-20,0.0027001768897039202,0.0024280177746833775
2018-08-21,0.0006372486316688075,0.0020685364303643095
2018-08-22,0.00019516554934972952,-0.0003981517707819515
2018-08-23,-0.00010781215662303278,-0.0016912621251551352
2018-08-24,0.0020079671744288596,0.006198839704363079
2018-08-27,0.0022703975260236486,0.007670409427647185
2018-08-28,5.624123181413587e-05,0.00026927832649970007
2018-08-29,0.0009561720063495649,0.005701434129840033
2018-08-30,-0.0010982449718595078,-0.004430329054144866
2018-08-31,0.0004397934612545562,0.00013447750859452157
2018-09-04,0.0004549502531148164,-0.0016543221469484948
2018-09-05,-0.0003167798057270854,-0.002803126684318036
2018-09-06,-0.0007819996581013289,-0.0036523050860121087
2018-09-07,-8.697766416077002e-05,-0.002213344827027508
2018-09-10,0.001626742444352347,0.0018978268127400888
2018-09-11,0.0012920610284219425,0.003739841510076891
2018-09-12,0.0002601334201772776,0.00035667194221011833
2018-09-13,0.0008413855890823108,0.005282254329749936
2018-09-14,0.00018341053285197972,0.00027548183892078804
2018-09-17,-0.00027503425802588577,-0.005569722252617426
2018-09-18,0.0006878681064688141,0.005369014643958003
2018-09-19,8.652267064901409e-05,0.0012532727238796504
2018-09-20,0.00019347828397386913,0.007840591898404803
2018-09-21,-0.0010842754642549357,-0.00036853301202766087
2018-09-24,-0.0010752504226198,-0.0035156877607932513
2018-09-25,-0.0007550111968832596,-0.0013050961134796202
2018-09-26,-0.001480563652458411,-0.003289278113945082
2018-09-27,0.002152581309422752,0.0027632870875580196
2018-09-28,0.0007448628132098456,-6.870120538793323e-06
2018-10-01,0.0022585030389687955,0.003641105118425747
2018-10-02,-0.00010177027499524982,-0.0003966902079042267
2018-10-03,0.0008648559360029395,0.0007115197468861023
2018-10-04,-0.005789285686143564,-0.008169482334351885
2018-10-05,-0.002745340079930658,-0.005527978766503461
2018-10-08,-0.0006306051312371386,-0.00039511662920677093
2018-10-09,-0.0009284392327223445,-0.0014179036575431292
2018-10-10,-0.035566313600420174,-0.0328642290012785
2018-10-11,-0.01231393612682996,-0.02057300761734404
2018-10-12,0.008597356344013818,0.014206197825152422
2018-10-15,-0.006552020336744624,-0.005904978964482943
2018-10-16,0.024890741057768118,0.02149560016316343
2018-10-17,-0.0006508486148418813,-0.00025266233815879335
2018-10-18,-0.01480077332037033,-0.014391922356395415
2018-10-19,-0.0007410368189938454,-0.00036116989772350117
2018-10-22,-0.0026248913947521935,-0.004299527548581317
2018-10-23,-0.004017208136331996,-0.005511829997012829
2018-10-24,-0.022256205855677558,-0.030864433977743855
2018-10-25,0.006904629044407695,0.018625040052811848
2018-10-26,-0.004964309143133727,-0.017327264039978307
2018-10-29,-0.008311513471650822,-0.0065595995737004476
2018-10-30,0.013500538843245424,0.015666780052058682
2018-10-31,0.00814954046177685,0.010851331974038647
2018-11-01,0.010421001815619002,0.010557843693063784
2018-11-02,-0.0030683613120296993,-0.0063166863793988615
2018-11-05,0.00528551068484906,0.005600317169601965
2018-11-06,0.0040180050037379456,0.006259295774170726
2018-11-07,0.013948433936466387,0.021208856064105275
2018-11-08,-0.00017849758848864639,-0.0025089163835961825
2018-11-09,-0.0038373579998753904,-0.00919901370610332
2018-11-12,-0.014417976782176822,-0.01970148934024063
2018-11-13,-0.001192330757303628,-0.0014819196931705747
2018-11-14,-0.006648703285581425,-0.007567410690302756
2018-11-15,0.01027153115611168,0.010593753366266334
2018-11-16,-0.0013549187006454133,0.0022233054237545957
2018-11-19,-0.008557062722821196,-0.01664310858849427
2018-11-20,-0.013113357910233492,-0.01815124083246611
2018-11-21,0.0029479655459150322,0.0030432907461763747
2018-11-23,-0.004550510661700424,-0.006554842390161242
2018-11-26,0.01250532900387169,0.0155323683669224
2018-11-27,0.0030351286475271966,0.003261692144003847
2018-11-28,0.01193657557197847,0.022973979644221654
2018-11-29,-2.6564133872808426e-05,-0.0021831080910337253
2018-11-30,0.0013674072541236537,0.008170747552017188
2018-12-03,0.007561094829303894,0.010941426132194287
2018-12-04,-0.01584719525971434,-0.03236490314939877
2018-12-06,-3.754640889852556e-05,-0.0015222281477752508
2018-12-07,-0.017019366497651345,-0.023320118765389863
2018-12-10,0.0033145682154016587,0.0017621539947350051
2018-12-11,0.0006519949885928078,-0.00035634616892232795
2018-12-12,0.004990112770689059,0.005419503676349802
2018-12-13,0.0003512088873722785,-0.00019993032368359476
2018-12-14,-0.01738074727099359,-0.019086709555430348
2018-12-17,-0.01824891717611765,-0.020773480559224233
2018-12-18,-0.006785769669570341,8.640058610476231e-05
2018-12-19,-0.012559417388584126,-0.01539571453679811
2018-12-20,-0.014351793650160927,-0.01577210632742365
2018-12-21,0.0,-0.020588228309714296
2018-12-24,-0.0376068181487168,-0.027112254452099527
2018-12-26,0.033214612028468204,0.04959374278953943
2018-12-27,0.0035006130498997923,0.008562680784222065
2018-12-28,0.00224057507007025,-0.0012415825080966947
2018-12-31,0.008287543770881589,0.00849248413140935
2019-01-02,0.0036588350036004247,0.0012684969251244294
2019-01-03,-0.012544664024054741,-0.02475673039503723
2019-01-04,0.01716090297396411,0.03433571464262353
2019-01-07,0.0031052967267308773,0.007010434848680358
2019-01-08,0.00253903476462658,0.009695285023358924
2019-01-09,0.0009801755822853586,0.004098045450532162
2019-01-10,0.0011547173367763008,0.004518418782931244
2019-01-11,0.0006671719514754759,-0.00014629784190933748
2019-01-14,0.00026553216611824304,-0.005257525167898014
2019-01-15,0.0003445485720747765,0.010721688622945758
2019-01-16,0.00013551114306897816,0.0022219854881162515
2019-01-17,9.600276995214152e-05,0.0075914003822110665
2019-01-18,0.0002483566186040065,0.01318305304897005
2019-01-22,-0.008398004959698557,-0.014157306164566674
2019-01-23,0.002339246213705959,0.0022029127742235755
2019-01-24,0.0021805301215442885,0.0013757255543636049
2019-01-25,0.004702721115489528,0.008488694060713842
2019-01-28,-0.0036374230374347505,-0.007846827493937836
2019-01-29,-0.0006225912675545953,-0.0014562465775435074
2019-01-30,0.008608602283307398,0.01554926091974429
2019-01-31,0.004340564156813276,0.008597395948725328
2019-02-01,0.0006485710586614513,0.0008986100931438479
2019-02-04,0.0027880778468329925,0.006776236617404008
2019-02-05,0.0006296168729975626,0.00470842037697472
2019-02-06,0.0002505463453301715,-0.0022244379802809355
2019-02-07,-0.0013471477591538994,-0.009357140143940179
2019-02-08,0.0010089338311021212,0.0006762010869560964
2019-02-11,0.0006459994868983632,0.0007091030986317026
2019-02-12,0.0012187466053932283,0.0128902247439735
2019-02-13,0.0002279145291339546,0.003023994668760688
2019-02-14,0.0001278038495822198,-0.002651641555101225
2019-02-15,-1.6617803541452147e-05,0.01087875260858695
2019-02-19,0.0032394402786573018,0.0014987433214488366
2019-02-20,0.00197170688845949,0.0017771107537685182
2019-02-21,-0.0015035188156790058,-0.003526436790880272
2019-02-22,0.0031223266391708915,0.006411102394986878
2019-02-25,0.0007671204895882688,0.0012318625699112573
2019-02-26,-9.929177031442471e-05,-0.0007904570968998437
2019-02-27,0.0008107725639896479,-0.0005440493877303387
2019-02-28,-0.00011576925982403896,-0.0028255083152146643
2019-03-01,0.002491110098078231,0.00689532059343434
2019-03-04,-0.0008191350374241457,-0.003880558492514008
2019-03-05,0.0002695972120934087,-0.001131532823106185
2019-03-06,-0.0023542774633698027,-0.006524098653592381
2019-03-07,-0.00406903296107175,-0.00812571755868352
2019-03-08,0.0002878889381243699,-0.0021316888487414865
2019-03-11,0.008340566206444855,0.014666041867757107
2019-03-12,0.0008562094143906851,0.0029533182046204143
2019-03-13,0.001678151350400281,0.006949583813841809
2019-03-14,0.0002463420609888356,-0.0008680223820187738
2019-03-15,0.0,0.00498490290027398
2019-03-18,0.0016749272714882135,0.0037059469012648005
2019-03-19,-0.000617475497088793,-0.0001305615560248663
2019-03-20,-0.00061238393155294,-0.0029443536044478913
2019-03-21,0.003468651040227977,0.010852481049954399
2019-03-22,-0.009726663744019759,-0.018974501239482744
2019-03-25,0.0007983037624450517,-0.000839020658475631
2019-03-26,0.005061203044055107,0.007182725862306283
2019-03-27,-0.002183974494149865,-0.0046443248906916645
2019-03-28,0.0029183842134310467,0.003589481529391092
2019-03-29,0.0038670142886634284,0.0067342800173637585
2019-04-01,0.0041790862119019945,0.011568600124275408
2019-04-02,0.0006185612896276727,1.745570720723677e-05
2019-04-03,0.00042297496762655484,0.002148376881724312
2019-04-04,0.0005853642269608716,0.0020846350796801527
2019-04-05,0.0012242673407345528,0.004636432770241061
2019-04-08,0.0005302149893653407,0.0010474599539205265
2019-04-09,-0.00045963260020953634,-0.006067494393846573
2019-04-10,0.0008601849163123454,0.0034778715639784963
2019-04-11,0.000243218165638881,3.8123067008344336e-05
2019-04-12,0.0003945561932194863,0.006609324208602496
2019-04-15,0.00027550670846965275,-0.0006293691084816588
2019-04-16,7.554900094364214e-05,0.0005093580038946222
2019-04-17,8.641994596092495e-05,-0.0022738117853239315
2019-04-18,1.6214698426386676e-05,0.0015790922795098083
2019-04-22,0.002127386669334763,0.001012017561471401
2019-04-23,0.0027856591402413144,0.008841205788409079
2019-04-24,-0.0008865760501157727,-0.002191763174733685
2019-04-25,0.00015059629963753984,-0.0003689736527457965
2019-04-26,0.0016722599013643258,0.0046852921407636305
2019-04-29,0.0006119701198168404,0.001071522174355355
2019-04-30,0.0007457160131103535,0.0009514170090862972
2019-05-01,-0.003039602389198537,-0.007502163081421376
2019-05-02,0.00031191691982557224,-0.0021239857917741967
2019-05-03,0.003596162570905781,0.009638279380647763
2019-05-06,-0.001638967824917681,-0.004470988428756373
2019-05-07,-0.009608748002120637,-0.016511651392423388
2019-05-08,0.0013488424870968796,-0.0016054253132695706
2019-05-09,-0.002721126350575087,-0.0030214249424966866
2019-05-10,0.0062870038964921715,0.0037202972597878414
2019-05-13,-0.019384692749421895,-0.02413055719884427
2019-05-14,0.00831175423088304,0.008015944543135589
2019-05-15,0.006493206580694855,0.00583897507464215
2019-05-16,0.008520469923157803,0.008895287120600504
2019-05-17,-0.011595850342361658,-0.005837333350761975
2019-05-20,-0.00322780412871837,-0.0067493779153879885
2019-05-21,0.006247524025726481,0.008495835590448308
2019-05-22,-0.0008180787331670825,-0.0028243962306494508
2019-05-23,-0.009396612115201375,-0.01191414994527018
2019-05-24,0.004072373579957711,0.0013535590072402126
2019-05-28,-0.006394450671955654,-0.008375676922946718
2019-05-29,-0.006995232100485693,-0.0069119122568113145
2019-05-30,0.0035526053552117354,0.0020984713906617714
2019-05-31,-0.01230488390802964,-0.01319537280847849
2019-06-03,-0.0027647496864549037,-0.0027652403144732274
2019-06-04,0.021033629243161878,0.021432370568193138
2019-06-05,0.006613102401677784,0.008161854781411959
2019-06-06,0.004829370432528846,0.006135586748687638
2019-06-07,0.005953572939890517,0.01049769746289475
2019-06-10,0.0029914165319784303,0.0046600444669098184
2019-06-11,0.0004506450077674806,-0.00034988023558091275
2019-06-12,8.044074985691374e-05,-0.0020375791387226005
2019-06-13,0.0025573388753794557,0.004097381912668174
2019-06-14,0.0005508325483414289,-0.001611511904139773
2019-06-17,0.0016836227254946046,0.0009317492412306283
2019-06-18,0.002209032797965582,0.009717399870633026
2019-06-19,0.0014055565073101128,0.002985163546397107
2019-06-20,0.00031365977616770735,0.009472185190685156
2019-06-21,0.0,-0.0012592227925193322
2019-06-24,-0.0009726048656324426,-0.0017318870104667816
2019-06-25,-0.0056286890133084855,-0.009496397343734198
2019-06-26,-0.0003156433510965728,-0.0012339337557076835
2019-06-27,0.002611723244748454,0.003823175554131808
2019-06-28,0.005519417199586929,0.0057574526279098315
2019-07-01,0.004406201005039412,0.007672301032188189
2019-07-02,0.0028012001475150594,0.002928125887423194
2019-07-03,0.001834220182984625,0.007672378673070135
2019-07-05,0.0003682402956095565,-0.00180590159841032
2019-07-08,-0.0005995343930778052,-0.004835444424841517
2019-07-09,0.0004894092267289096,0.0012365569653400854
2019-07-10,0.001562081871837595,0.0045106896075925995
2019-07-11,0.0005566133395660255,0.002285226738359958
2019-07-12,0.0005511141738532288,0.004620174547884881
2019-07-15,0.0004301086836042689,0.00017586919155743175
2019-07-16,7.341410805383752e-05,-0.003403778522185874
2019-07-17,-4.716846187358126e-05,-0.006531243569450895
2019-07-18,0.00042472819251782035,0.003581997784064761
2019-07-19,5.246070788889057e-06,-0.00617673452276668
2019-07-22,-0.00032499877805580724,0.002828694915066654
2019-07-23,0.0037065745588626964,0.006847482673755456
2019-07-24,0.002021402394057681,0.004688147952890187
2019-07-25,-0.0019026597466467177,-0.005262401280453521
2019-07-26,0.002799342678203809,0.007387691099234761
2019-07-29,0.00021354946225771165,-0.0016161146071345112
2019-07-30,-0.001634998515197883,-0.0025786549148275606
2019-07-31,-0.005982168602012394,-0.010885526112695776
2019-08-01,-0.005918510097738139,-0.00899879386967306
2019-08-02,-0.0033093985462588904,-0.007282739927037873
2019-08-05,-0.0332249443267596,-0.0297778200029859
2019-08-06,0.01820770742709188,0.013017017169932643
2019-08-07,-0.00013987743453225399,0.0007668762331907164
2019-08-08,0.0192674296723645,0.018762303409984193
2019-08-09,-0.0054740549923728565,-0.00661660635492356
2019-08-12,-0.01195317422203035,-0.012317322177972212
2019-08-13,0.016878884740968214,0.015131688322181258
2019-08-14,-0.030936361406843305,-0.029292752911742603
2019-08-15,0.0017063198651341427,0.0024642680276520945
2019-08-16,0.009806866773163447,0.014426124657807904
2019-08-19,0.007022343845248802,0.012105865492430645
2019-08-20,-0.0028471792138017316,-0.007914727601131322
2019-08-21,0.0050396704608601794,0.00824679859557964
2019-08-22,-0.0012656106374133724,-0.0005060748601761755
2019-08-23,-0.012255135204568113,-0.025946336754618105
2019-08-26,0.006344376239200589,0.010982987735216332
2019-08-27,-0.0024905353222770543,-0.003203180635808267
2019-08-28,0.004777791959846622,0.006545480165679685
2019-08-29,0.006204112341347878,0.012687291793508804
2019-08-30,-0.0011573966310877148,0.0006427872591217021
2019-09-03,-0.0004752676044733617,-0.00689910050906084
2019-09-04,0.005369210241079392,0.010842079212828093
2019-09-05,0.003767676022675026,0.013009813642266721
2019-09-06,0.0012493900232719568,0.0009106051537297599
2019-09-09,0.0009517026861445288,-9.401025965849463e-05
2019-09-10,0.00041733220901241097,0.0003223043548219451
2019-09-11,0.0007867478303040798,0.007229681189480308
2019-09-12,0.00025852229967382456,0.002879153101061016
2019-09-13,0.00024268029797203106,-0.0007244143620946941
2019-09-16,0.00024255704564479785,-0.0031355866640028207
2019-09-17,0.00022145339586976398,0.0025817523700197853
2019-09-18,6.324919817335406e-05,0.00034269198975556137
2019-09-19,0.00023187761288556707,1.997472142156731e-05
2019-09-20,-0.004294594863364809,-0.0048955765157830955
2019-09-23,0.002254462525035583,-9.693591923765066e-05
2019-09-24,-0.006410230379880755,-0.008416371322106486
2019-09-25,0.004671303891127021,0.006158571742003405
2019-09-26,-0.0012324549350369862,-0.002428916406865711
2019-09-27,-0.0038238572826583273,-0.005316352490240539
2019-09-30,0.006459514994799687,0.005047606675254723
2019-10-01,-0.011816594688964455,-0.012258373372913245
2019-10-02,-0.01713231043091623,-0.017903202985502964
2019-10-03,0.010812106675486932,0.00797191259701524
2019-10-04,0.01215993827126427,0.014216897585460186
2019-10-07,-0.0034765989834308897,-0.004478294673592398
2019-10-08,-0.013997498321111523,-0.015560819201407838
2019-10-09,0.008661644100959709,0.0091044925499415
2019-10-10,0.006999569111226567,0.006415695380997066
2019-10-11,0.00926262101114772,0.010938977513132997
2019-10-14,0.00012143703888956026,-0.0013871187334510982
2019-10-15,0.009223971762520877,0.009955676641137279
2019-10-16,-0.0006327098952687571,-0.0019995427986508885
2019-10-17,0.002459059058483648,0.0027628315736780706
2019-10-18,0.0,-0.003919344949506964
2019-10-21,0.00322538349928303,0.006871616056117524
2019-10-22,-0.0014670334387858475,-0.003568666378412577
2019-10-23,0.0017922055340482412,0.0028471487971184484
2019-10-24,0.0014562124015740086,0.0019204463587332299
2019-10-25,0.0022122680654241833,0.004072700506109195
2019-10-28,0.001839445113901661,0.005581337868471481
2019-10-29,-0.00020165745507538801,-0.0008324053147991117
2019-10-30,0.0015467733161838026,0.00325337015914573
2019-10-31,-0.0007696071384435399,-0.0030228605633046968
2019-11-01,0.002269206000012458,0.009662312168146059
2019-11-04,0.0007891060801838989,0.003704089049704651
2019-11-05,0.00017010215565482767,-0.001185699214361291
2019-11-06,0.00047914860739339815,0.0007024972279667807
2019-11-07,0.000278122636994782,0.0027300951851503275
2019-11-08,0.000298597027630354,0.0025606760900243053
2019-11-11,0.00019559147005043798,-0.0019624672514313435
2019-11-12,9.2656923136758e-05,0.0015646460846321375
2019-11-13,5.144338260021364e-05,0.0007115345908383919
2019-11-14,9.258076352613998e-05,0.0008370427393644686
2019-11-15,0.001059869966842264,0.007695488006902673
2019-11-18,0.0006475702251702575,0.0005031528617669423
2019-11-19,-0.00010269652999839174,-0.0005925944462060739
2019-11-20,-0.001109524871290124,-0.003756184245747196
2019-11-21,-0.0009359362026714058,-0.0015827522106851566
2019-11-22,0.0014772240402425307,0.0021749356911917594
2019-11-25,0.0041219199940976115,0.007507291353015866
2019-11-26,0.0011312179027462843,0.0021955703874654287
2019-11-27,0.0012576937160062585,0.004174424362754614
2019-11-29,-0.001077408144332881,-0.004011219709926239
2019-12-02,-0.0037418305404907093,-0.008631020716408422
2019-12-03,-0.0036326841990544922,-0.00663809511563529
2019-12-04,0.0035532702312772724,0.00632356747139462
2019-12-05,0.0016009991226733078,0.0015002511791302187
2019-12-06,0.0039243988338937275,0.009135724328457329
2019-12-09,-0.0010002668707276285,-0.00316282139344648
2019-12-10,9.19767639879776e-05,-0.0010969340964486207
2019-12-11,0.0015936392600286453,0.002908158040315856
2019-12-12,0.0024376710884601582,0.008575225775086182
2019-12-13,0.0010072750471330494,7.258178414493166e-05
2019-12-16,0.0011790381716167975,0.007147785279833618
2019-12-17,0.0003401272865488636,0.00033529222633799094
2019-12-18,0.00014711744277051686,-0.00043230017186479675
2019-12-19,7.611820680608616e-05,0.004459292004863613
2019-12-20,-0.00047178548759851946,0.004944781081796634
2019-12-23,0.0008222657495242647,0.0008661436002121992
2019-12-24,0.00024342495695184319,-0.00019544819997963092
2019-12-26,0.0021599635669391493,0.005128166675301138
2019-12-27,-0.000850005916629093,3.398471712534601e-05
2019-12-30,-0.0021571417630569245,-0.005780822450430323
2019-12-31,0.0020501776901196145,0.0029460216619106028
2020-01-02,0.0040058513532970075,0.008378802677341701
2020-01-03,-0.002970958604105678,-0.007059870562045378
2020-01-06,0.002428326211268317,0.0035333728907271933
2020-01-07,-0.00028259071180325446,-0.0028032386528962228
2020-01-08,0.0015397443664466604,0.004902451368978156
2020-01-09,0.0020111546911201206,0.006655262605488987
2020-01-10,-3.5247071223265536e-05,-0.002855178689662563
2020-01-13,0.0013934751441357918,0.006976215252569862
2020-01-14,4.5194874226606174e-05,-0.001514532772802224
2020-01-15,0.0002461384350256335,0.0018701968845122874
2020-01-16,0.00011053273344452386,0.00836655302646827
2020-01-17,0.0009791762304509621,0.003862162248501333
2020-01-21,-0.0013344407642350564,-0.0026519776473655776
2020-01-22,0.0005776956144434298,0.0002890760711180551
2020-01-23,0.0005020433199893759,0.0011409766124783616
2020-01-24,-0.005253741246291299,-0.009042160974207403
2020-01-27,-0.011168344515881667,-0.015730711659182384
2020-01-28,0.007907154699655639,0.010053584595046017
2020-01-29,-0.0006630690086043556,-0.0008668741908683941
2020-01-30,0.003119889367361628,0.003134358792605374
2020-01-31,-0.013844250334744235,-0.01770582037552626
2020-02-03,0.006809370560867389,0.007254613892351713
2020-02-04,0.01106546213627757,0.014980414164082134
2020-02-05,0.006342285344575593,0.01125059589785371
2020-02-06,0.0018342424420090264,0.003325672876785646
2020-02-07,-0.002035438950594326,-0.005400853672730133
2020-02-10,0.0037192136202461867,0.007326397804890528
2020-02-11,0.0008317448957364526,0.0016884725532351208
2020-02-12,0.0022641519978394697,0.006462646466197652
2020-02-13,-0.00015388338572785987,-0.0016304457368023773
2020-02-14,0.0008292432888272749,0.0018435333204338544
2020-02-18,0.0005557019930411133,-0.002919942636890105
2020-02-19,0.0006546074979132399,0.004705785881164548
2020-02-20,0.00011893068609514224,-0.00381551976362815
2020-02-21,-0.0014518584883457253,-0.01051810302712286
2020-02-24,-0.02290575821087193,-0.03351362667122315
2020-02-25,-0.02669310443634021,-0.030279995565056117
2020-02-26,-0.004022959147601424,-0.0037785406053220116
2020-02-27,-0.04393381325476953,-0.04416324258407911
2020-02-28,-0.008745634122856227,-0.008238340444361891
2020-03-02,0.04744719616708282,0.046039229006110016
2020-03-03,-0.028847541444081082,-0.028107896121075893
2020-03-04,0.04179597853173722,0.04220259077449118
2020-03-05,-0.03299357275340553,-0.033922077046888544
2020-03-06,-0.017493919498746457,-0.01705385200037013
2020-03-09,-0.07767820837539774,-0.07596969747745097
2020-03-10,0.05214060859449465,0.04939630628156144
2020-03-11,-0.04916067378155875,-0.048868445131273974
2020-03-12,-0.09840055185794816,-0.09511268097833658
2020-03-13,0.3531326233021286,0.09287124972971839
2020-03-16,-0.28384901690853725,-0.11984055240393443
2020-03-17,0.05831866526509444,0.05995484974402432
2020-03-18,-0.04882427762847019,-0.051830762729157875
2020-03-19,0.0015561163623545315,0.0047078080405855705
2020-03-20,-0.016887670030100166,-0.04335951230846191
2020-03-23,-0.014422442612392117,-0.02929386782180443
2020-03-24,0.05532702985360305,0.09382773976227554
2020-03-25,0.0003435329281149535,0.011535011448221999
2020-03-26,0.02292867174673585,0.062414163303876835
2020-03-27,-0.009728948391251713,-0.033687352562252526
2020-03-30,0.020470577618233454,0.03351600948370015
2020-03-31,0.0006068773190714971,-0.016012721914555605
2020-04-01,-0.016804405523520693,-0.04414243033166543
2020-04-02,0.014572038086154482,0.02282934723487151
2020-04-03,-0.00019204599853250848,-0.015137125124949469
2020-04-06,0.019416469693141813,0.07033131865275055
2020-04-07,0.0009607495517638398,-0.0016030527844311804
2020-04-08,0.00601659299795454,0.03405645287963033
2020-04-09,0.0019893243955328987,0.014487410153376512
2020-04-13,0.0013132253224181767,-0.010104660822607414
2020-04-14,0.00022375599746116137,0.030572589146256046
2020-04-15,9.322977369063956e-05,-0.022030438529415775
2020-04-16,9.322108271025975e-05,0.005816689462164515
2020-04-17,0.006492709638009853,0.026793594848223412
2020-04-20,-0.009950983184718543,-0.01788104803401469
2020-04-21,-0.01742087163269035,-0.030674795694063395
2020-04-22,0.01708254680680099,0.022930247703843776
2020-04-23,0.0016221459363183754,-0.0005394221197431159
2020-04-24,0.012433013974062268,0.013918057304545428
2020-04-27,0.00946868065360218,0.014714069804799612
2020-04-28,-0.0019930029140636796,-0.005242380698498916
2020-04-29,0.010045969073452898,0.026583916282167053
2020-04-30,-0.0034765678192367755,-0.009212446303987654
2020-05-01,-0.010793747335095527,-0.028059034078492195
2020-05-04,0.005514012079075092,0.004249827591976452
2020-05-05,0.005550864082051632,0.009040556385797371
2020-05-06,-0.0016621313372552349,-0.006979410390386298
2020-05-07,0.007121398746259944,0.011504630788313985
2020-05-08,0.007197793003813846,0.016871538638701944
2020-05-11,0.0018150517675841193,0.00013307822091168653
2020-05-12,-0.004424740328156762,-0.020500317528877154
2020-05-13,-0.005897868040133036,-0.01746272460422804
2020-05-14,0.010041079994849378,0.01152482269503552
2020-05-15,0.005395329533704807,0.0039263632504382695
2020-05-18,0.012654398969428104,0.03150119163168075
2020-05-19,-0.003595534465960726,-0.010484399194493177
2020-05-20,0.006957617023726881,0.01665110025908012
2020-05-21,-0.0022368489521533697,-0.007773596407737116
2020-05-22,0.0018017150608047316,0.002353711326488428
2020-05-26,0.004317411981288322,0.012289184036080147
2020-05-27,0.002916455165518528,0.014827297215913804
2020-05-28,-0.0006921347746643436,-0.0021079145460738413
2020-05-29,0.0018740154101499762,0.004812335824971425
2020-06-01,0.0012199656843876472,0.003751234813537785
2020-06-02,0.0016361362226295917,0.008210832780053412
2020-06-03,0.0018536535075770466,0.013648979133831007
2020-06-04,0.00010403318446838838,-0.0033687022311144066
2020-06-05,0.0011388825570588512,0.026211650818398713
2020-06-08,0.000265681331279799,0.012041579421169235
2020-06-09,-0.00014432763161664752,-0.007799170822611612
2020-06-10,0.00011545057901152234,-0.0053130910724373814
2020-06-11,-0.007291645450901885,-0.05894405927443824
2020-06-12,0.004885183665952919,0.013060843963234703
2020-06-15,0.0022339300064464496,0.008312217041285264
2020-06-16,0.0007044727605745038,0.01896239819380252
2020-06-17,0.00015003708663208215,-0.0036002995561740248
2020-06-18,5.7681662020581115e-05,0.0005942198825281686
2020-06-19,-0.006646107638477838,-0.005649494809462974
2020-06-22,0.006086606601258593,0.006495095537691675
2020-06-23,0.0027650779512533585,0.004307419569164139
2020-06-24,-0.014714312046689049,-0.025855145939064572
2020-06-25,0.008711574512444864,0.010959447267809841
2020-06-26,-0.015992601242388882,-0.024226905044785974
2020-06-29,0.013886161356979398,0.014685678433118632
2020-06-30,0.009864079921287017,0.015409875731554612
2020-07-01,0.004627990482249267,0.005022132820864389
2020-07-02,0.005236215439490266,0.004541250844364075
2020-07-06,0.005727005996566836,0.01588172586745884
2020-07-07,-0.0033679786303368875,-0.010818532028197159
2020-07-08,0.004390263382524573,0.007827461915415501
2020-07-09,-0.0014475676914432745,-0.005643606159361103
2020-07-10,0.0055043211748524445,0.01046620127324438
2020-07-13,-0.0034692691283996213,-0.009362541127788226
2020-07-14,0.005222054780420482,0.013406370782667931
2020-07-15,0.0024680619591850306,0.009082050740923053
2020-07-16,0.0005159887009633657,-0.0034061012455366413
2020-07-17,0.0017601077728159886,0.002848612194617406
2020-07-20,0.005455674726159154,0.0084069387471426
2020-07-21,0.00011127686397061076,0.0016790373419135474
2020-07-22,0.003194065024784143,0.005747082068739751
2020-07-23,-0.005169648975898444,-0.012319859824193036
2020-07-24,-0.0012545302481181686,-0.006190400054688405
2020-07-27,0.00488485694347518,0.007395138795039502
2020-07-28,-0.002466634114583366,-0.006473392152297919
2020-07-29,0.006176326860933834,0.01242838167815008
2020-07-30,-0.0020147868149604786,-0.003750251937389204
2020-07-31,0.004287264311835237,0.007670504990141325
2020-08-03,0.002833098573223891,0.00718102343932614
2020-08-04,0.0016355635101141797,0.0036119303819721615
2020-08-05,0.0021222237382614306,0.006429743053199433
2020-08-06,0.0016295017572847126,0.00642769555966427
2020-08-07,0.0005970223501925442,0.0006330295486443038
2020-08-10,0.0010838755272533085,0.002742218294476073
2020-08-11,-0.0016787221286002074,-0.007969132154236114
2020-08-12,0.0027660676005285545,0.013996549490237653
2020-08-13,0.0003331942412405642,-0.002047174350497949
2020-08-14,0.0005679146235015864,-0.00017188262276812694
2020-08-17,0.0004420824374491428,0.0027098425110787527
2020-08-18,6.545735479979164e-05,0.002303389154016955
2020-08-19,-3.821979900109351e-05,-0.0044043954214108005
2020-08-20,0.00018544635639528018,0.0031586327691348615
2020-08-21,0.0020234204947138235,0.0034411070444764214
2020-08-24,0.00438143703161753,0.010043718303008653
2020-08-25,0.0013656200198677304,0.0035963511532906
2020-08-26,0.0017046970564067454,0.010195626139483993
2020-08-27,0.00019988931236492036,0.0016730440109038458
2020-08-28,0.0028789253735044262,0.00673256535528588
2020-08-31,-0.005030412056841738,-0.0021949627140287475
2020-09-01,0.005683786637828314,0.007525003016613407
2020-09-02,0.0017277733321181543,0.015365910154807594
2020-09-03,-0.009956588285953916,-0.03512584371534122
2020-09-04,-0.0008629868859914014,-0.008133027264274895
2020-09-08,-0.011407154217653925,-0.027756342102360998
2020-09-09,0.012038811378070946,0.02014498633677464
2020-09-10,-0.008154810708037141,-0.01758479659017942
2020-09-11,0.0024687492336525896,0.0005330721905940639
2020-09-14,0.010626086366471998,0.012741829089357504
2020-09-15,0.003922546055767917,0.005219359577689042
2020-09-16,0.0003336769524882044,-0.004618946596211537
2020-09-17,-0.0036799929175586055,-0.008412365876402483
2020-09-18,-0.001792772812501786,-0.011182581807410497
2020-09-21,-0.006410485844498215,-0.011571097930805796
2020-09-22,0.006696826011128643,0.010517945160813724
2020-09-23,-0.014337640237134575,-0.023721455093028143
2020-09-24,0.0024856537389899014,0.0029874591429570607
2020-09-25,0.011587325640565194,0.0159767237756141
2020-09-28,0.008289251489196792,0.016110590199083896
2020-09-29,-0.002302152995176776,-0.0048126645432444715
2020-09-30,0.004211530943761366,0.008253718228220741
2020-10-01,0.002549508947864876,0.005292907769290922
2020-10-02,-0.0024308542802182753,-0.009577652178616392
2020-10-05,0.007979705068437593,0.01797270867614209
2020-10-06,-0.0041973627639695366,-0.013973515692226712
2020-10-07,0.007048169394703763,0.01739675486921799
2020-10-08,0.00295641117346479,0.008010123642494982
2020-10-09,0.001574185524070515,0.00879353312061526
2020-10-12,0.0005538202977393158,0.01641581296364758
2020-10-13,0.00014754789933735246,-0.006306918994084421
2020-10-14,1.0551367499056497e-05,-0.006623141753502759
2020-10-15,0.00014758891250843398,-0.0015277553060997207
2020-10-16,-0.002756044575566663,0.00013491955745537076
2020-10-19,-0.008111337029869103,-0.016329861778318078
2020-10-20,0.0025731494485616846,0.004727334073110212
2020-10-21,-0.00027632833332569273,-0.0021956999281005363
2020-10-22,0.0035187098414286577,0.005218925396392127
2020-10-23,0.002780735081836072,0.003445761353703114
2020-10-26,-0.013294692735809188,-0.018589516294535646
2020-10-27,-0.0018307247444313557,-0.0030256189119989285
2020-10-28,-0.02846114158931856,-0.035287878760604796
2020-10-29,0.010333572476815656,0.011947330894238384
2020-10-30,-0.009949233744200425,-0.012129550130175693
2020-11-02,0.012201372872540306,0.01231820260127181
2020-11-03,0.014415038807339409,0.01779929009643455
2020-11-04,0.018380745820054223,0.02204704770168342
2020-11-05,0.011863788432928679,0.01946019413896294
2020-11-06,0.0028999117254850937,-0.00028771518741854685
2020-11-09,0.005039285541294403,0.01169988923568721
2020-11-10,0.0015937731676487488,-0.0013997945931910616
2020-11-11,0.003905631921104158,0.007651855318760337
2020-11-12,-0.003036163081885146,-0.009978532303877019
2020-11-13,0.0053114456029081936,0.013610335409063534
2020-11-16,0.0028907398610531487,0.011648051240012336
2020-11-17,0.00011261894673153527,-0.004791925698091615
2020-11-18,-0.00035319123780785944,-0.011563829610944043
2020-11-19,0.000983246244141922,0.003946442467421596
2020-11-20,-0.0030746769806214713,-0.006792562915180156
2020-11-23,0.004623671305267862,0.005635930617216234
2020-11-24,0.0067221975748434915,0.016161668273416252
2020-11-25,0.0,-0.001584418237524976
2020-11-27,0.0012076094072011045,0.002396979198154181
2020-11-30,-0.0002635385506790655,-0.004595548640170977
2020-12-01,0.00334571795996097,0.011271187194776155
2020-12-02,0.0005961358114063842,0.0017911667548251575
2020-12-03,0.00042412234841870955,-0.000624157213091503
2020-12-04,0.0027507284991479253,0.008836275129611826
2020-12-07,0.000583879446681701,-0.0019356376714373402
2020-12-08,0.0009003923396833091,0.002787148065356293
2020-12-09,-0.0010352896657661592,-0.007949201604598555
2020-12-10,0.0004376981486908793,-0.0012851080682624305
2020-12-11,-0.00014082226204747972,-0.0012649972997506032
2020-12-14,9.055888894127229e-05,-0.004359258971957769
2020-12-15,0.0021876432504222,0.012921249154708825
2020-12-16,0.0005519804342506429,0.0017727951669590514
2020-12-17,0.00015048489748137328,0.005757654753379748
2020-12-18,0.003124081226846487,-0.0035111185091528663
2020-12-21,-0.004099196215814893,-0.0039062790518439305
2020-12-22,0.0003714418906062278,-0.002073092860288006
2020-12-23,0.0019218135020138138,0.000745811250824957
2020-12-24,0.0032752315709458912,0.0035365890047962534
2020-12-28,0.004537511797585436,0.008722529021144565
2020-12-29,-0.0009541017549612452,-0.00222738052560012
2020-12-30,0.0010644244233157796,0.0013415471654707467
2020-12-31,0.0020222029281031784,0.006438845522919845
2021-01-04,-0.0051817084469123476,-0.014754827521051062
2021-01-05,0.0037981284073209665,0.007082595157549276
2021-01-06,0.0019514932545130481,0.005709842747752214
2021-01-07,0.00619982627757909,0.014847403800101189
2021-01-08,0.0010983447869505891,0.005491862685268911
2021-01-11,-0.0003493574513494524,-0.006554750898592476
2021-01-12,0.001112302611195659,0.0004157884466327033
2021-01-13,0.0006932014824225785,0.0022756417379066196
2021-01-14,0.00016701833471510774,-0.0037534511943366766
2021-01-15,-0.00019649109005548393,-0.007190027975370938
2021-01-19,0.004348002353798508,0.008136379515524483
2021-01-20,0.005772198955455776,0.013935625421946263
2021-01-21,0.000569003217266717,0.0003167233075522802
2021-01-22,-0.0005638140555248583,-0.0030106116552376383
2021-01-25,0.00108456804768009,0.0036158389430824833
2021-01-26,-0.0004324557699515452,-0.0014888337468982327
2021-01-27,-0.014435391563155542,-0.025677883699462
2021-01-28,0.005843932478033276,0.009760625975629766
2021-01-29,-0.008849782093604763,-0.019311475173124593
2021-02-01,0.010665104873923692,0.016051767614439383
2021-02-02,0.007699135004174851,0.013898223484416938
2021-02-03,0.0021662598506244635,0.0010087690809532646
2021-02-04,0.003920846607525785,0.010853322230420792
2021-02-05,0.0017815107588399215,0.003897495164625342
2021-02-08,0.001325256453712953,0.007399348360373592
2021-02-09,9.623122565804998e-05,-0.0011135249921484514
2021-02-10,-9.140499343829322e-05,-0.00034518493235935477
2021-02-11,0.0006544631803948597,0.0016624551635393559
2021-02-12,0.0010389412756290906,0.0047110331133788375
2021-02-16,-0.0008792745281347436,-0.0005692724183511411
2021-02-17,0.001178133006109361,-0.0003204020092266724
2021-02-18,0.0001296942487400976,-0.004415835627354592
2021-02-19,-0.002876705020779413,-0.0018548966445751658
2021-02-22,-0.003987973171282411,-0.0077328394581538396
2021-02-23,0.001044460093702737,0.0012563181187927874
2021-02-24,0.0070720860755171255,0.01135161376597904
2021-02-25,-0.019105262331984063,-0.02447880752512621
2021-02-26,0.0025868921406377865,-0.004750214169902844
2021-03-01,0.015008081934405615,0.023790763506800205
2021-03-02,-0.0048534827757087395,-0.008080851690870694
2021-03-03,-0.009334026218504543,-0.01306622187199813
2021-03-04,-0.01033358478423363,-0.013417213930100202
2021-03-05,0.015839494405959886,0.01949596819778221
2021-03-08,-0.003791493092607623,-0.005359231030161227
2021-03-09,0.011115966888194606,0.01415464230382213
2021-03-10,0.005564274420378323,0.006030313342701321
2021-03-11,0.006064745859966081,0.010395487004435822
2021-03-12,0.002388460952752247,0.0010153984958789497
2021-03-15,0.003142145857912393,0.006491921301497117
2021-03-16,2.841772859629721e-05,-0.0015696837343783798
2021-03-17,0.0017269632915759559,0.00287938213053085
2021-03-18,-0.0031126308326656638,-0.014760539319459198
2021-03-19,0.0008576281711072387,-0.0006027039747036333
2021-03-22,0.005851238057064334,0.007025118077311765
2021-03-23,-0.004104075786079298,-0.007630854183940605
2021-03-24,-0.0022353510605340743,-0.00546733601831495
2021-03-25,0.003741795092603084,0.005240265846959469
2021-03-26,0.006474249831136314,0.016631202604519668
2021-03-29,-0.0007688630716337075,-0.0008680126852336212
2021-03-30,0.0008399049711445006,-0.0031578329337678124
2021-03-31,0.0021519096438309404,0.0036224990395776757
2021-04-01,0.0027928118074505015,0.011825201774944727
2021-04-05,0.0017494016328887252,0.014438226417743616
2021-04-06,0.00016758560196383776,-0.0009735307519511682
2021-04-07,0.0005540538405286455,0.001475232784985625
2021-04-08,0.0004235471780771327,0.0042206328286402695
2021-04-09,0.00036283806826609144,0.007719934348738189
2021-04-12,0.00014871532662419362,-0.00019607884876882142
2021-04-13,1.3961271206675008e-05,0.0032944868090414303
2021-04-14,-1.86147683897131e-05,-0.004087726727828533
2021-04-15,7.446045962300474e-05,0.01109419052516647
2021-04-16,0.0006136855625902271,0.0036088195555097347
2021-04-19,-0.0021232725370424754,-0.005306560094486046
2021-04-20,-0.004534868243293522,-0.006802319771775922
2021-04-21,0.005570429166151802,0.009306055472153574
2021-04-22,-0.0050280044563667525,-0.009210657476561801
2021-04-23,0.006956061054104179,0.010928696540176919
2021-04-26,0.0013369680972845632,0.001782270924804541
2021-04-27,0.00031534586627524064,-0.00021489588801437698
2021-04-28,0.0006581024335985397,-0.0008455399168898481
2021-04-29,0.0022695029686727874,0.006762806734045723
2021-04-30,-0.0023244988162577362,-0.007194706699326425
2021-05-03,0.001982513935328001,0.002748090747253684
2021-05-04,-0.0027598251264284723,-0.006678337608227225
2021-05-05,0.00041263523961543314,0.0007034637617677753
2021-05-06,0.004476139417709302,0.008165456466051824
2021-05-07,0.003275330483796468,0.007373341616968343
2021-05-10,-0.0035497687183451143,-0.010435647322188157
2021-05-11,-0.0048911943855752815,-0.00867391280271812
2021-05-12,-0.016099924522936182,-0.021449400664502738
2021-05-13,0.010759603053020594,0.012173141406923493
2021-05-14,0.011750315472406125,0.014917956876899785
2021-05-17,-0.00011982899895524035,-0.0025300521932207776
2021-05-18,-0.005213017351968108,-0.008517292959364653
2021-05-19,-0.001598479866121827,-0.002943411456817757
2021-05-20,0.009731657418194928,0.010554741756143349
2021-05-21,0.003226423232581155,-0.0007838806801412357
2021-05-24,0.00665657061624314,0.009911292190138532
2021-05-25,-0.0007509745503069265,-0.0021252837802967495
2021-05-26,0.002072263821189191,0.0018768165702687245
2021-05-27,0.0013452900368311482,0.0011653145418315525
2021-05-28,0.00104395827845849,0.0007688818911402162
2021-06-01,-0.00023124450946498953,-0.0004923335226864056
2021-06-02,0.0017279255736417642,0.0014469348384307246
2021-06-03,-0.001589102538949727,-0.0036287033416374515
2021-06-04,0.004203537569684501,0.008834095710505974
2021-06-07,0.0007947446531400004,-0.0007967387044511831
2021-06-08,-0.00017602905118252465,0.00017502486450582388
2021-06-09,-0.0006046417492127087,-0.0018238673194856947
2021-06-10,0.002623426558663322,0.004652243012262192
2021-06-11,0.0006980944407757317,0.0019484346695590737
2021-06-14,0.000495104606505592,0.0018152018730952513
2021-06-15,-0.0001709934300964111,-0.0020116937805257917
2021-06-16,-0.0008502803585567209,-0.005390124612855707
2021-06-17,0.001620986080627107,-0.00043571559205179966
2021-06-18,-0.001978035486540519,-0.013124468779900589
2021-06-21,0.008171306443456983,0.014002289962720793
2021-06-22,0.002676348864556033,0.005124491902218642
2021-06-23,0.00039654586251436363,-0.0010832833431588806
2021-06-24,0.0015322678869711392,0.005811249724885448
2021-06-25,0.0013832290401005753,0.0033305973193167304
2021-06-28,0.000675099153155001,0.0023149642620619026
2021-06-29,0.00011984515485874425,0.00027733619326086867
2021-06-30,0.0003638262254135327,0.0013281596467464851
2021-07-01,0.0009227730977849902,0.0052216268542757405
2021-07-02,0.0007578807861314818,0.007500081663913916
2021-07-06,-2.2165605618962303e-05,-0.0020218560598241897
2021-07-07,0.00044288942966952405,0.003358975310182588
2021-07-08,-0.0010535583316598762,-0.008561024934316985
2021-07-09,0.0014269630560574953,0.011277947808795874
2021-07-12,0.00038062229530466674,0.0034511743312370946
2021-07-13,-5.3135089052025464e-05,-0.0035168126585656267
2021-07-14,0.0001415930962187506,0.0011649345752446916
2021-07-15,-0.00044232129264076825,-0.0032622408541723713
2021-07-16,-0.002354220835659282,-0.007538854211077806
2021-07-19,-0.009239415876591162,-0.015869512427409305
2021-07-20,0.009159987452221685,0.015162609437855634
2021-07-21,0.005230354490251443,0.008241819990835397
2021-07-22,0.0011165671061894589,0.0020166699583279435
2021-07-23,0.0039058325312553155,0.010145452020822843
2021-07-26,0.0010802141559942413,0.0023821998626283314
2021-07-27,-0.001680043042000201,-0.0047124448070912095
2021-07-28,0.0007206478149717199,-0.0001862618826539153
2021-07-29,0.0020064560763204398,0.004206152980007483
2021-07-30,-0.0016081126243687738,-0.0054060480514769305
2021-08-02,-0.00033795613899367805,-0.001842805614891363
2021-08-03,0.0037494300287541638,0.0082034265474622
2021-08-04,-0.0010628552951295056,-0.004632387901412294
2021-08-05,0.00212797231690387,0.006005446813494242
2021-08-06,0.0014550340604913004,0.001675266241764728
2021-08-09,0.00037089937559597885,-0.0009399082741974318
2021-08-10,0.00037938670536563635,0.0009926793341701323
2021-08-11,0.0009591235201227288,0.0012757437876824707
2021-08-12,0.00048351523551515285,0.004146380281677686
2021-08-13,0.000452777535091764,0.001607306655808216
2021-08-16,0.0001565943761583366,0.002620850702215849
2021-08-17,-0.00023496100836939426,-0.00706069881494753
2021-08-18,-0.0014752261871825434,-0.010748470745585936
2021-08-19,0.0016910629245014963,0.0012566922329095842
2021-08-20,0.0021580340348184013,0.008141567655737925
2021-08-23,0.004793077278566704,0.00852379036424833
2021-08-24,0.0007172198159006715,0.0014957363013194946
2021-08-25,0.0010967211263970267,0.002220118224179668
2021-08-26,-0.00260507074809857,-0.005824918819612557
2021-08-27,0.004211832975564267,0.008807632480425154
2021-08-30,0.0014942150025367695,0.004306570844779589
2021-08-31,-0.00027083113982850904,-0.0013491160395050494
2021-09-01,0.0004902531602637428,0.0003116886257619189
2021-09-02,0.00046430010746911776,0.002842638410522902
2021-09-03,0.0005929037851011287,-0.0003350311257153127
2021-09-07,-0.0001846222362753558,-0.003395574405981705
2021-09-08,0.0003049293592551905,-0.001318566739775151
2021-09-09,-0.0009017203444651178,-0.004605608657393345
2021-09-10,-0.0027676175941074854,-0.007722578759925436
2021-09-13,0.0028615729097698495,0.0022764876184568905
2021-09-14,-0.0002965873777154293,-0.00574663850657553
2021-09-15,0.002897176116447131,0.008473996979569742
2021-09-16,0.0004972510451217715,-0.0015511404489350067
2021-09-17,-0.0005998142719818578,-0.009110872450405094
2021-09-20,-0.010510532194980104,-0.01697731100841482
2021-09-21,0.00011697361134554995,-0.0008123585165593639
2021-09-22,0.007913724602722327,0.009519611195260236
2021-09-23,0.007533576524090035,0.012134715784494876
2021-09-24,0.0018384093000558543,0.001461009046688222
2021-09-27,-0.0004726355256643444,-0.0027763826213396126
2021-09-28,-0.014184314558254862,-0.020364110556098214
2021-09-29,0.0018751889588333182,0.0015691842194003325
2021-09-30,-0.009712389366554053,-0.011909714125195148
2021-10-01,0.010613377065578744,0.01149147763018199
2021-10-04,-0.010174402089357382,-0.012985898136748442
2021-10-05,0.009064302777622713,0.010524514660609219
2021-10-06,0.0040384456571567195,0.004102792854185466
2021-10-07,0.0070473254752516645,0.008298280656405366
2021-10-08,0.00010667759000737576,-0.0019137230947889883
2021-10-11,-0.00562341348333828,-0.006865763848056816
2021-10-12,-0.0019008897496516353,-0.0024167805585421087
2021-10-13,0.0036240896482020446,0.00302251448379387
2021-10-14,0.01535601792011243,0.01706310194558336
2021-10-15,0.0026029733818599965,0.007460210377712606
2021-10-18,0.0017798452810473542,0.00337476955709759
2021-10-19,0.0031921024458874125,0.007393339551406308
2021-10-20,0.0013356831216244647,0.0036640298040166996
2021-10-21,0.0011664874792722824,0.002995871849622578
2021-10-22,-0.0004176394338090139,-0.0010725536274130976
2021-10-25,0.0019596248528699345,0.004748196569493546
2021-10-26,-0.00021267242602740488,0.0018197952535197182
2021-10-27,-0.001597469952993369,-0.005051568068462853
2021-10-28,0.0027905602956743714,0.009829281576461124
2021-10-29,0.00031661269774563294,0.001949334719149265
2021-11-01,0.0010619893719723272,0.0018000771431341267
2021-11-02,0.0009027236089442781,0.0036803630854131963
2021-11-03,0.0011721372493467275,0.006461279195357994
2021-11-04,0.00046917764379172944,0.004181942361150437
2021-11-05,0.00021568605997379642,0.003732799652949259
2021-11-08,0.0003775971069255313,0.0008877879113036169
2021-11-09,-7.877136913858607e-05,-0.003498775895770745
2021-11-10,-0.00029870674156817767,-0.008225823395229703
2021-11-11,0.0006264587195101701,0.0005509400447352153
2021-11-12,0.0005846661582553647,0.007222656026415475
2021-11-15,0.00017400245505316825,-1.0739820344718431e-05
2021-11-16,8.294022700194859e-06,0.003865229864862485
2021-11-17,4.9763723459328446e-05,-0.002601625374463401
2021-11-18,3.721979461945857e-05,0.0033847802152713324
2021-11-19,-0.0011723798947770314,-0.001398665559303236
2021-11-22,-0.0013893293511494376,-0.0031971365563219223
2021-11-23,0.0014078913093713563,0.001657132912945114
2021-11-24,0.0014060131921824759,0.0022938506357221833
2021-11-26,-0.016425417172310164,-0.022724822637582465
2021-11-29,0.011078386321792033,0.013200199537034996
2021-11-30,-0.013555686240538711,-0.01896131033450521
2021-12-01,-0.01168590370408007,-0.011815187417889228
2021-12-02,0.013618282607757104,0.01419443613158311
2021-12-03,-0.006595477936277905,-0.008448563730297565
2021-12-06,0.011220871967364099,0.011730872577451423
2021-12-07,0.015069333436848353,0.020707080374404274
2021-12-08,0.0028310092224486105,0.0030852853123166657
2021-12-09,-0.003754430804886466,-0.007181080169894716
2021-12-10,0.006680911872258166,0.009549073338481762
2021-12-13,-0.0041709585349094525,-0.009136167611567658
2021-12-14,-0.004683697297952927,-0.0074706775774360246
2021-12-15,0.011243969666667963,0.016348464630746795
2021-12-16,-0.003853956248292767,-0.008743415379980468
2021-12-17,-0.007959799075764606,-0.010287680637092622
2021-12-20,-0.0057793163718395935,-0.01138805785140995
2021-12-21,0.010332083095959455,0.017777934551572505
2021-12-22,0.006154084745894295,0.010180197220578835
2021-12-23,0.003041735850932481,0.006223699921661829
2021-12-27,0.004604070425891393,0.01383893524747526
2021-12-28,0.00020776528986932163,-0.0010101548486260992
2021-12-29,0.0009327111546686417,0.0014018951394270118
2021-12-30,-0.00042320330329048694,-0.0029897555945093135
2021-12-31,-0.00017094316100141338,-0.0026261799136575448
2022-01-03,0.002060117867568767,0.006374052530970564
2022-01-04,7.727539074409151e-05,-0.000629621957060511
2022-01-05,-0.005813953488372103,-0.019392757790687165
2022-01-06,0.00023705491592629357,-0.0009637690162076495
2022-01-07,0.00010214086861637384,-0.004050216740091761
2022-01-10,0.0005759797590241256,-0.0014410312534549607
2022-01-11,0.003160134164406525,0.009159984668711818
2022-01-12,0.0017093818363349556,0.002817754443029452
2022-01-13,-0.005082890465550549,-0.0142436152864307
2022-01-14,0.0020173813444968047,0.0008199802697488323
2022-01-18,-0.009993265717207045,-0.018387945694007368
2022-01-19,-0.008604034218340662,-0.009689541868338813
2022-01-20,-0.011369391895481251,-0.01103737849414832
2022-01-21,-0.012684733610339727,-0.018914821867908604
2022-01-24,0.0018463510237656244,0.002771738943381896
2022-01-25,-0.005201764843032142,-0.012171906253646725
2022-01-26,-0.00257821640573086,-0.0014966358477518371
2022-01-27,-0.0018872555242422928,-0.00538408875771057
2022-01-28,0.01686343253381306,0.024347646888076113
2022-01-31,0.011072697202018533,0.018885951732779516
2022-02-01,0.005054453764571809,0.00686300355780145
2022-02-02,0.0034814134502139105,0.00942251544733641
2022-02-03,-0.010325224690085788,-0.024391082077444004
2022-02-04,0.004428886976167057,0.0051569298644233985
2022-02-07,0.0005116391300956646,-0.0037017126347429485
2022-02-08,0.004407103579419092,0.008401207191663262
2022-02-09,0.00484717904770382,0.014517207887505545
2022-02-10,-0.006245069496713551,-0.01811572566845976
2022-02-11,-0.010533130495082088,-0.01896945434456343
2022-02-14,0.00015505732876519573,-0.0038405967262932217
2022-02-15,0.0122855700924831,0.01576672117072042
2022-02-16,0.0030662674215147234,0.0008812077558950637
2022-02-17,-0.01600609203394654,-0.021173138152195015
2022-02-18,0.0009558748947171569,-0.0071661613961429005
2022-02-22,-0.004100436773207816,-0.010142945264832837
2022-02-23,-0.01070749514392444,-0.018412122845487655
2022-02-24,0.010411038351387791,0.014956856067329216
2022-02-25,0.012356896854388566,0.022372677655603468
2022-02-28,-0.0014088334108521838,-0.002442603440647617
2022-03-01,-0.00959724082628488,-0.015473503680411893
2022-03-02,0.011782915388240056,0.018642691757321028
2022-03-03,-0.0014494759528441703,-0.005254666430088317
2022-03-04,-0.0035770098975516085,-0.007934042550334475
2022-03-07,-0.018349757007882883,-0.029518158313449172
2022-03-08,-0.005068619035932587,-0.00723375351819977
2022-03-09,0.02112579796280789,0.02569824789143582
2022-03-10,-0.0009668672713589732,-0.004291813651667864
2022-03-11,-0.010356474108098701,-0.012961545123475138
2022-03-14,-0.005325496381076822,-0.007421002465963666
2022-03-15,0.01990959479127352,0.021408574170870942
2022-03-16,0.01857377628885737,0.02238376135718223
2022-03-17,0.006432134024596747,0.01234781757145198
2022-03-18,0.004477733274738105,0.011662294827948783
2022-03-21,0.001645248132783328,-0.00043466036210393355
2022-03-22,0.004357403491671574,0.0113041136006502
2022-03-23,-0.0042015009195977004,-0.012272698789159042
2022-03-24,0.00586569579288021,0.01434391292056647
2022-03-25,0.0023808252061130464,0.005066170567449069
2022-03-28,0.0030372363392441315,0.007144955276586762
2022-03-29,0.0020960044859554827,0.012256547427530462
2022-03-30,-0.0003991649500429961,-0.0062937001746978805
2022-03-31,-0.002391948934839405,-0.015652540713177343
2022-04-01,0.0024297378887148113,0.0034102225843584133
2022-04-04,0.0019845668415019446,0.008090938687879357
2022-04-05,-0.0020524399127418436,-0.012551720801807331
2022-04-06,-0.00164123407074801,-0.009716916613271898
2022-04-07,0.0018240088311793912,0.004253385628492534
2022-04-08,0.0005989027913704259,-0.002651026482054286
2022-04-11,-0.004369451482449271,-0.01687729010355421
2022-04-12,0.00028463651652654853,-0.003417447717741773
2022-04-13,0.0063344661101611965,0.011174577597236057
2022-04-14,-0.004112768254339816,-0.01214413784439794
2022-04-18,0.001563139463371277,-0.0002048682840329885
2022-04-19,0.007947339072498893,0.016057604355527166
2022-04-20,0.0005782670031140302,-0.0006184750715809706
2022-04-21,-0.007781269488684517,-0.014752948498371943
2022-04-22,-0.01871601353508323,-0.027740054250753654
2022-04-25,0.005373928097399894,0.005697936985382235
2022-04-26,-0.02372188793107788,-0.028146308431003852
2022-04-27,0.0030315228017896434,0.0020980468517017847
2022-04-28,0.020343624903113033,0.02474690007293945
2022-04-29,-0.031305081837142534,-0.036284507106413955
2022-05-02,0.006349716292852525,0.005675242812353654
2022-05-03,0.00457036519951215,0.004837126381486367
2022-05-04,0.026764360176147806,0.02986242108440229
2022-05-05,-0.03123822482164118,-0.035649708609806985
2022-05-06,-0.005338180255903602,-0.0056742248424840325
2022-05-09,-0.031487207117623206,-0.03203710063235676
2022-05-10,0.0022425074981871074,0.0024578974498534745
2022-05-11,-0.015623141990479428,-0.01646320750393837
2022-05-12,-0.0018970490466733159,-0.0012959645058717717
2022-05-13,0.024138752816848852,0.02386969542307149
2022-05-16,-0.002813694524351318,-0.003946400929555671
2022-05-17,0.01942103115888938,0.020169632234863677
2022-05-18,-0.03936401640639753,-0.04039526078745259
2022-05-19,-0.007080518663600155,-0.005833781800992588
2022-05-20,0.013331560414453936,0.00014614176965843662
2022-05-23,0.008991248877594726,0.018555039930923556
2022-05-24,-0.0027474824484827742,-0.008120797617175213
2022-05-25,0.004554372914981286,0.009450764734207695
2022-05-26,0.006893140916415463,0.019883256167224195
2022-05-27,0.0053834727345292155,0.02474226295510973
2022-05-31,-1.2771902644925781e-05,-0.006274368617659065
2022-06-01,-2.1182938347630298e-05,-0.007482768681131846
2022-06-02,0.00282839753491837,0.018431018038486124
2022-06-03,-0.0011197600685731723,-0.016347313992415624
2022-06-06,0.001235666988575801,0.003137400778913113
2022-06-07,0.0013740183290793517,0.009523393173235029
2022-06-08,-0.00013978779344447911,-0.010793945785935621
2022-06-09,-0.0034943561577428506,-0.02379869397635359
2022-06-10,-0.008496616929166034,-0.029110303335524668
2022-06-13,-0.02477377815083126,-0.038768430665237275
2022-06-14,-0.0015517158485145455,-0.0037736797459957394
2022-06-15,0.014616687087048774,0.014592504858983224
2022-06-16,-0.028911921171244415,-0.03251195148816344
2022-06-17,-0.001590760628379928,0.002200865698254617
2022-06-21,0.011497577277875592,0.024477242280086964
2022-06-22,0.000712300491858997,-0.0013015723144006452
2022-06-23,0.003232108038894621,0.009532217409177868
2022-06-24,0.006875288160523185,0.03056329358583576
2022-06-27,0.0011073159258254694,-0.0029730715337762392
2022-06-28,-0.003287851090799876,-0.020143036075892073
2022-06-29,0.0004167146818510048,-0.0007117454091590814
2022-06-30,-0.0014382497351790313,-0.008759278267998716
2022-07-01,0.003974043127089155,0.010553814029047315
2022-07-05,0.0013165188248096538,0.0015841285142366157
2022-07-06,0.001349659780373047,0.0035731642904301975
2022-07-07,0.0017056744560126624,0.014964587965241805
2022-07-08,0.0006357745445653151,-0.000830271529819071
2022-07-11,0.0002523419993774034,-0.011527461422777274
2022-07-12,-0.0004959526587746677,-0.009243878717321574
2022-07-13,0.0007008847195015822,-0.0044569025122100925
2022-07-14,0.0002522267372873088,-0.00299863390215227
2022-07-15,0.0010046179298499602,0.01920124935943668
2022-07-18,-0.0034061422355272652,-0.008363571580831342
2022-07-19,0.0109682407827707,0.02762829164595959
2022-07-20,0.0029493907248947515,0.005895806193263242
2022-07-21,0.004127458938228523,0.00986137270919718
2022-07-22,-0.0016270745200129832,-0.00933246697634671
2022-07-25,0.001436755733934758,0.0013151670479691902
2022-07-26,-0.004381035267637112,-0.01154320266205866
2022-07-27,0.008361876245995825,0.026156273782937722
2022-07-28,0.0027599084786396055,0.012133338697180918
2022-07-29,0.0022801787710007293,0.014207760082581844
2022-08-01,-0.00022496043245456843,-0.0028230841271976725
2022-08-02,-0.0007259223406124171,-0.006662395550704803
2022-08-03,0.0022133689768022435,0.015638477163140152
2022-08-04,0.00031792188373680474,-0.0007773401640558397
2022-08-05,0.0003135790920234527,-0.0016257460597355333
2022-08-08,0.00036426240379672237,-0.0012375507238541195
2022-08-09,-2.1090991499939094e-05,-0.004248692893594086
2022-08-10,0.0006478379416743341,0.021290637641290244
2022-08-11,7.201575295523455e-05,-0.0007054739583503
2022-08-12,0.00016499408263248583,0.017322368774566943
2022-08-15,0.0001438940774314279,0.0039695418998517695
2022-08-16,4.224279277531551e-05,0.0018756797165810912
2022-08-17,5.0813144575556635e-05,-0.007237794954094601
2022-08-18,4.234213560927458e-05,0.002269561170191503
2022-08-19,0.00025373224958569196,-0.012900001139847905
2022-08-22,-0.012005604439363493,-0.0214000649197158
2022-08-23,-0.0012797807391901062,-0.0022378626777133093
2022-08-24,0.0033427637608332006,0.0029161604463010526
2022-08-25,0.009068328072439735,0.014091605518061545
2022-08-26,-0.023980216339605342,-0.03368805871951874
2022-08-29,-0.00526946138218376,-0.006666355799502699
2022-08-30,-0.009605125912997892,-0.011028155571448206
2022-08-31,-0.007127297396409493,-0.007817025105971265
2022-09-01,0.003635777514274352,0.0029962320243361873
2022-09-02,-0.010421721358817693,-0.010736500458081055
2022-09-06,-0.003334867958978416,-0.004095056983834944
2022-09-07,0.017724634167439524,0.018341016392734
2022-09-08,0.006355440012086433,0.006610721877456038
2022-09-09,0.015429708854963975,0.015271449816332883
2022-09-12,0.009975067326420506,0.0105842727693497
2022-09-13,-0.04232517782117706,-0.0432366134006168
2022-09-14,0.0038206868930565907,0.0033870120853238816
2022-09-15,-0.011276342964577912,-0.011317739184353415
2022-09-16,-0.003997647154184825,-0.007182134089448455
2022-09-19,0.004626260080146327,0.006857100716286535
2022-09-20,-0.0053357766991354305,-0.011272103097361819
2022-09-21,-0.009097094296206198,-0.017116493600784488
2022-09-22,-0.003207182952483123,-0.00842758097968943
2022-09-23,-0.01123195252769349,-0.017232619015461026
2022-09-26,-0.007339082728476387,-0.010340526208282075
2022-09-27,-0.0014135968444958236,-0.0021203598092424114
2022-09-28,0.015431631747182317,0.019672139926234733
2022-09-29,-0.014839413776765453,-0.021126437880238824
2022-09-30,-0.012177085958962608,-0.015066695771983274
2022-10-03,0.02288719958271246,0.025883894952576147
2022-10-04,0.021462965522694333,0.030583700679551518
2022-10-05,-0.00014886421667581473,-0.002017948757084831
2022-10-06,-0.006959887674476195,-0.010245080846639998
2022-10-07,-0.020680896771395396,-0.028003617786773516
2022-10-10,-0.006781067455337686,-0.00749246363390188
2022-10-11,-0.005762512521128915,-0.006519175777754405
2022-10-12,-0.002935567728478361,-0.0032907731480149582
2022-10-13,0.024707792842577847,0.02596564246086497
2022-10-14,-0.020365403965155515,-0.02366266361565439
2022-10-17,0.024740009981196964,0.026480052302171098
2022-10-18,0.011828692360420057,0.011427569666488724
2022-10-19,-0.006028516865957956,-0.0066720972934503076
2022-10-20,-0.008446468348838332,-0.007950909706564868
2022-10-21,0.0027186157067575767,0.02372481982226482
2022-10-24,0.0052849652644462175,0.011881976654619875
2022-10-25,0.0057764708106766705,0.016266654579669915
2022-10-26,-0.0006296536341044989,-0.007387716072364547
2022-10-27,-0.0006571599954986462,-0.006082610618211248
2022-10-28,0.006136234843769017,0.024626377895927698
2022-10-31,0.00020733250554405558,-0.00745440410765752
2022-11-01,-0.0002974010580347741,-0.004101230608784645
2022-11-02,-0.00548170962160166,-0.02500198485734284
2022-11-03,-0.0024659628404642975,-0.010585992315429671
2022-11-04,0.005871014951945641,0.013618724670070526
2022-11-07,0.004101858801250469,0.009613981920559844
2022-11-08,0.0009628675394790509,0.005597892802462701
2022-11-09,-0.004400393204212705,-0.02077788695478977
2022-11-10,0.008911878926743277,0.05543448436034493
2022-11-11,0.0004385170955572004,0.009240746788147902
2022-11-14,0.00038470816178626244,-0.008935777048800997
2022-11-15,0.00012956939516306498,0.008713116550319144
2022-11-16,0.00015203604422087125,-0.008252046497990273
2022-11-17,0.00010279697248738451,-0.0030893228355314273
2022-11-18,0.0015241194522073176,0.00475858190881473
2022-11-21,0.0003168237784307859,-0.003883688698329779
2022-11-22,0.0067051047801276464,0.013579987927526016
2022-11-23,0.0032747759809370613,0.0059146891478476515
2022-11-25,0.0008260234927119914,-0.0002830441976333642
2022-11-28,-0.0059271604666908395,-0.015444192913123267
2022-11-29,-0.0004617388652106147,-0.0015918653377758885
2022-11-30,0.011726102704762376,0.030947872397389053
2022-12-01,0.0003204760967168152,-0.0008676332180498347
2022-12-02,0.0007548597916244848,-0.001194660488065602
2022-12-05,-0.004854760819811399,-0.017894212283564803
2022-12-06,-0.006945244643614679,-0.014399194981406072
2022-12-07,-0.0005901403335728528,-0.0018623708845491027
2022-12-08,0.004560217011953194,0.00752178195750397
2022-12-09,-0.002802422067921806,-0.007349578247904498
2022-12-12,0.005726864905075013,0.014279296218109305
2022-12-13,0.007228109561247642,0.0072896644387934195
2022-12-14,0.0022534511913732125,-0.006052724634100337
2022-12-15,-0.01081428848711774,-0.024921675023714007
2022-12-16,-0.004691613681279905,-0.011137750774080746
2022-12-19,-0.0024389269544191627,-0.009007516001852345
2022-12-20,0.0014979942634947285,0.0010373383615349674
2022-12-21,0.007998375401110813,0.014867993802734736
2022-12-22,-0.007292031958085254,-0.01445169956861636
2022-12-23,0.0037970115996095455,0.005868102525282026
2022-12-27,-0.0005567922723576091,-0.004049622110409712
2022-12-28,-0.006786805490713754,-0.012020638322615351
2022-12-29,0.010105169668253922,0.01746133164481911
2022-12-30,-0.0004804117359906712,-0.0025407424823445934
2023-01-03,-0.0008069198761717633,-0.004000548879248611
2023-01-04,0.0049335552646747605,0.007538970575044379
2023-01-05,-0.0056689877211956174,-0.011645528874622113
2023-01-06,0.012259214599489532,0.02284078102943865
2023-01-09,0.0007547315308322755,-0.0007676325452631305
2023-01-10,0.0031649062272671724,0.006978233159061986
2023-01-11,0.002420537617159768,0.012849424614881588
2023-01-12,0.002913189493213064,0.0034159058663651987
2023-01-13,0.0006440527433080323,0.003996858363534361
2023-01-17,0.0007516319018017192,-0.0020304911890052235
2023-01-18,-2.5924312389236093e-05,-0.015562598500411085
2023-01-19,0.00030224737999584583,-0.007638350296294338
2023-01-20,0.003650736257799325,0.018918401045981525
2023-01-23,0.004523202591189435,0.01188134498366522
2023-01-24,0.00023543485852894896,-0.0007115031258156934
2023-01-25,0.0007103172774882704,-0.0001817250594663422
2023-01-26,0.0028436371244249248,0.011007853469181317
2023-01-27,0.0011087033105776634,0.002494840970949097
2023-01-30,-0.0028580145762486797,-0.012968740984683369
2023-01-31,0.003643661026790923,0.014642470285510134
2023-02-01,0.002468432565063683,0.010452303944590291
2023-02-02,0.0012610289502852368,0.014699373244309921
2023-02-03,-0.000139960866858857,-0.010354610691310495
2023-02-06,0.00017808164857213704,-0.006140463017754394
2023-02-07,0.0013229524696716233,0.01287251059802652
2023-02-08,-0.0003981188445228989,-0.011080724476164705
2023-02-09,-0.0009319339672401172,-0.00882979617773516
2023-02-10,0.0010770042511853983,0.0021952617756952897
2023-02-13,0.001359594140260878,0.011448609342766147
2023-02-14,0.0004737867759170289,-0.0002804145319874607
2023-02-15,0.0002029258271007972,0.002773175690496066
2023-02-16,2.115531769875112e-05,-0.013788741489130674
2023-02-17,0.0032758058457613703,-0.002767405825327751
2023-02-21,-0.009504654509727484,-0.020041234255327334
2023-02-22,0.0003104952159851404,-0.0015735561458868341
2023-02-23,0.00403528871452119,0.005329429416074394
2023-02-24,-0.006140841278298281,-0.010537551485558128
2023-02-27,0.003562434465115283,0.0030730045671669703
2023-02-28,-0.001817344961742573,-0.0030360018281855305
2023-03-01,-0.0024331809908008095,-0.004725264845680033
2023-03-02,0.0058419472949435836,0.0075821940867943916
2023-03-03,0.010628314329495625,0.0161477371607488
2023-03-06,0.0014136143670657741,0.0006871667698291617
2023-03-07,-0.008909879031124057,-0.015326919115337678
2023-03-08,0.0018765840062333616,0.0014147940136839399
2023-03-09,-0.015410849030903617,-0.01845935787384867
2023-03-10,-0.013106862943236375,-0.01447813845705137
2023-03-13,-0.0009204733887370198,-0.001509761003189447
2023-03-14,0.01648734636508764,0.016476655480623936
2023-03-15,-0.005429498710728842,-0.00698088356543769
2023-03-16,0.01650187979294726,0.017562006217166637
2023-03-17,-0.0005751469019754651,-0.011019457310067593
2023-03-20,0.00617324249921225,0.008918403718310097
2023-03-21,0.006808131607588308,0.012982193897784988
2023-03-22,-0.005964376486543688,-0.01646322377571363
2023-03-23,0.0005252233378887361,0.0029845287333754023
2023-03-24,0.0040819804141221105,0.005639807253104534
2023-03-27,0.0029779947589987366,0.0016469543057482383
2023-03-28,0.0005712493297160837,-0.0015738434957162095
2023-03-29,0.0048053804143328716,0.014237268879836451
2023-03-30,0.0016798699850097965,0.005715269388667954
2023-03-31,0.0025672888479479905,0.014436542471763847
2023-04-03,0.0018834034324164417,0.0036988464765423945
2023-04-04,-0.00017311083491655666,-0.005796972083329965
2023-04-05,0.00027209279219841953,-0.002492370531228194
2023-04-06,0.0009645948892673673,0.0035791630944272956
2023-04-10,0.0010871271100223456,0.0009963029974375814
2023-04-11,0.00025920910391374896,-4.1352477946232646e-05
2023-04-12,0.0002343422197630396,-0.004134884052006904
2023-04-13,0.0006908163286816205,0.01326268999363811
2023-04-14,0.00028759127411759344,-0.0020693734728036706
2023-04-17,0.00048055150304726624,0.00330615690296554
2023-04-18,0.00014373536334977288,0.0008552202959737354
2023-04-19,0.0001641594764214549,-8.42619976980652e-05
2023-04-20,0.0001723491794376475,-0.00595254815297297
2023-04-21,0.0011162695637711995,0.0009031888869577287
2023-04-24,0.0015698613834513875,0.0008515791660903549
2023-04-25,-0.008639438769204255,-0.015810858882773227
2023-04-26,-0.0012632759120979609,-0.003841187197329843
2023-04-27,0.010838012696975596,0.01956614972249704
2023-04-28,0.003974667869193427,0.008253202753460531
2023-05-01,0.0008594442260672075,-0.0003861064902076494
2023-05-02,-0.005009566680728383,-0.011586262936400304
2023-05-03,-0.0029242954371165863,-0.006998305064656485
2023-05-04,-0.004097868955921236,-0.007218732334382416
2023-05-05,0.01146682367113927,0.018474751389515376
2023-05-08,0.0021012975333316586,0.0004521286642489297
2023-05-09,-0.0015482629761273126,-0.004579421277258522
2023-05-10,0.003076884248798928,0.004483965263404999
2023-05-11,0.0002515095775224019,-0.0016966239932159066
2023-05-12,0.0003245331407064622,-0.0015833068345566526
2023-05-15,0.0030453845559075265,0.0029581644391338813
2023-05-16,-0.0023448372520880056,-0.006377683373153031
2023-05-17,0.004494026086423908,0.011890829058788244
2023-05-18,0.0006413685891704102,0.009445048649426635
2023-05-19,0.0007781649245064415,-0.0014458676054706077
2023-05-22,0.0008983343932249532,0.0001550346964389604
2023-05-23,-0.006125771850594042,-0.011222026747550129
2023-05-24,-0.004883880061681722,-0.007318600335353365
2023-05-25,0.005851903522875679,0.008757581265902425
2023-05-26,0.007375542535011492,0.01304908677799732
2023-05-30,0.001984082043630986,1.660326849850513e-05
2023-05-31,-0.0016755218220032564,-0.006108624209833935
2023-06-01,0.005544716492723145,0.009854453563032717
2023-06-02,0.004747547120150797,0.014534424705965554
2023-06-05,0.000611911145883326,-0.0020035816359177394
2023-06-06,0.0009770822483732289,0.0023538963079141606
2023-06-07,5.153322982764941e-05,-0.0038120096998572883
2023-06-08,0.0010870820211763554,0.0061886426142414575
2023-06-09,0.0005825726878196935,0.001148059539441082
2023-06-12,0.0008556057065651768,0.009321148810237156
2023-06-13,0.0004352631772182036,0.006932489951473775
2023-06-14,0.00031647877047458195,0.0008194255259321714
2023-06-15,0.00019772458394329284,0.01217813742034668
2023-06-16,-0.0007709541317523216,-0.0036716195284263176
2023-06-20,-0.0013848661449010757,-0.0047351076976228645
2023-06-21,-0.0019256948951335007,-0.005245281583003636
2023-06-22,0.0026518609839827345,0.003710798414438443
2023-06-23,-0.004287956496173417,-0.007658808766684566
2023-06-26,-0.002437610320579431,-0.004486838293256468
2023-06-27,0.008048131326849228,0.011455854954693034
2023-06-28,0.0005614846983834632,-0.00035407668843834283
2023-06-29,0.0025017203669446264,0.004473544672805918
2023-06-30,0.006173534619262622,0.012269004495714109
2023-07-03,0.0006151630469042324,0.0011706778016009611
2023-07-05,-0.0002232191936003547,-0.0019683184132291975
2023-07-06,-0.0035444795417199915,-0.007922511336500904
2023-07-07,-0.00011793306046559149,-0.0028651005386203243
2023-07-10,0.0018750593213758826,0.002405026057131332
2023-07-11,0.0034409776353696575,0.0067422110558885695
2023-07-12,0.0033196832540094423,0.007411233485312474
2023-07-13,0.001636795287460524,0.008470153458069118
2023-07-14,0.0004630784027357393,-0.0010244071333035398
2023-07-17,0.0008828123145576683,0.0038553825145495324
2023-07-18,0.00026808206916095756,0.007117275205842377
2023-07-19,0.00019811512755518734,0.002357910335732072
2023-07-20,0.00016697541156696083,-0.006756896218903741
2023-07-21,-0.0011221794303950539,0.0003240945218980773
2023-07-24,0.002604593016562573,0.004034153877153557
2023-07-25,0.0009809889026990426,0.002814673351556163
2023-07-26,0.0012046309349564854,-0.00015543889679858758
2023-07-27,-0.0030293009371649138,-0.006424666064487883
2023-07-28,0.004532603937901669,0.009877842794752345
2023-07-31,0.0016689143643680016,0.0014687129405193122
2023-08-01,-0.0008639979149552834,-0.002665087639215691
2023-08-02,-0.006550519167447311,-0.013839541336347905
2023-08-03,-0.0017795023976657776,-0.0025479738404268204
2023-08-04,-0.002059118011751848,-0.005300074155050516
2023-08-07,0.0071612195232506615,0.00902409277936278
2023-08-08,-0.0024513812999894524,-0.004218283044793103
2023-08-09,-0.004635488982147717,-0.007038730380597102
2023-08-10,0.0005850508091489459,0.00025071394456976925
2023-08-11,-0.00013247307047070667,-0.0010696923700230787
2023-08-14,0.005797130968883346,0.005750475751703066
2023-08-15,-0.01039176380821949,-0.011550909428841738
2023-08-16,-0.007512504425054689,-0.007555395210577687
2023-08-17,-0.0076639840538568205,-0.007712913029036983
2023-08-18,-0.007349365865480184,-0.00014870682600087726
2023-08-21,0.003653765985654145,0.006879188518795987
2023-08-22,-0.0001676241220077701,-0.002777466728829614
2023-08-23,0.004192085391906186,0.011044879965972587
2023-08-24,-0.004095088679359371,-0.013457974663146133
2023-08-25,0.0036288936070343336,0.006717966037625089
2023-08-28,0.0030349452797968635,0.006264619755036449
2023-08-29,0.0028593317782394934,0.01450830719454621
2023-08-30,0.0009094270513034797,0.003833182103508026
2023-08-31,0.0003556274891272082,-0.0015969365120942491
2023-09-01,0.0005055308039694228,0.0017991292600010311
2023-09-05,0.0005446912837829831,-0.004194177587506065
2023-09-06,-0.00016171953229049407,-0.006971599351452862
2023-09-07,0.00014594682545432391,-0.0032112659361860363
2023-09-08,0.0007022726239471755,0.0014266227216406246
2023-09-11,0.0009423157423806838,0.006723453106275201
2023-09-12,6.298628658729655e-05,-0.005695885604828921
2023-09-13,0.00038597103928705856,0.0012416323054647016
2023-09-14,0.0001732066432149626,0.00842991886716793
2023-09-15,-0.0016138487500912957,-0.012159612938677844
2023-09-18,0.0008950051531619874,0.0007212876971294246
2023-09-19,-0.0007051311950829753,-0.002151010615372817
2023-09-20,-0.005124566284207321,-0.0093947947580596
2023-09-21,-0.011886837078844636,-0.01640093410321941
2023-09-22,-0.0016722134629777452,-0.002295598477193961
2023-09-25,0.004390281405564744,0.0040230650909416354
2023-09-26,-0.01236929929955144,-0.014734533990868215
2023-09-27,4.863772840457692e-05,0.00022931406074522265
2023-09-28,0.005445875563063085,0.005893173970516585
2023-09-29,-0.0016188867631673487,-0.002709582086142026
2023-10-02,0.0004719972119371363,7.936755559079245e-05
2023-10-03,-0.01259902786688416,-0.013744071674259506
2023-10-04,0.0067085586482757975,0.008109754957160709
2023-10-05,-0.0004785711902124401,-0.001304030159777203
2023-10-06,0.011061743942774482,0.011814893014644445
2023-10-09,0.006606154345124127,0.00630385429964031
2023-10-10,0.005015742639360887,0.005207990781392224
2023-10-11,0.004288599770915669,0.00429300817103373
2023-10-12,-0.00529730365729697,-0.00624643434611849
2023-10-13,-0.004702086003467332,-0.005018858888767519
2023-10-16,0.010394200499618256,0.01059436938392988
2023-10-17,0.000221169465848714,-9.824505308242415e-05
2023-10-18,-0.013127659724181506,-0.013399820506516447
2023-10-19,-0.00896560433879301,-0.008482848196321058
2023-10-20,-0.0013320919135535458,-0.012585283719027562
2023-10-23,0.000970104306444064,-0.0016855698941634634
2023-10-24,0.0044785635784969635,0.007265792222727274
2023-10-25,-0.006838606990488771,-0.014339628627712542
2023-10-26,-0.007128616625782902,-0.011832519778109618
2023-10-27,-0.002739792295375576,-0.004800280229768528
2023-10-30,0.009693321304017122,0.012010022325859904
2023-10-31,0.005158475610798963,0.006474957307233353
2023-11-01,0.006803790185752501,0.010505999486313922
2023-11-02,0.007249833892365443,0.01885855702012762
2023-11-03,0.0023238003727275025,0.009393730253031363
2023-11-06,0.0012879856347804974,0.0017529924220356374
2023-11-07,0.0005857666435948872,0.0028401189192852616
2023-11-08,0.0005023711978482392,0.0010049156221052513
2023-11-09,-0.0003953631699322724,-0.008083839306732843
2023-11-10,0.0011905176893123315,0.015616441094852496
2023-11-13,0.000560939044366604,-0.0008358389332403515
2023-11-14,0.00022112667801788,0.019075017703661823
2023-11-15,0.00020527275352111296,0.0015970120755575135
2023-11-16,0.00019732972795472037,0.0011904273935798848
2023-11-17,0.0008522615613562046,0.0012820490603360213
2023-11-20,0.003776903580098523,0.007390278097329839
2023-11-21,-0.0003456805702491961,-0.0020209310950652926
2023-11-22,0.0017052117879372553,0.00406112922094648
2023-11-24,0.0010707779227463465,0.0005968736678840791
2023-11-27,0.0004623085563815188,-0.001954157460090089
2023-11-28,0.0005052161367027352,0.0009801185306033133
2023-11-29,-0.00045402532488469927,-0.0009462486392383118
2023-11-30,0.0013979738652887264,0.0037840728581564065
2023-12-01,0.0016112208798033656,0.005873742123607695
2023-12-04,-0.00016004314587825252,-0.005408509126972105
2023-12-05,0.0004373051932637928,-0.0005688697261614362
2023-12-06,-0.0006089293050229871,-0.003906202808869552
2023-12-07,0.0017185320458121822,0.007968189065892917
2023-12-08,0.001317790688310616,0.00409549786994079
2023-12-11,0.0009500626752372288,0.003924494286698943
2023-12-12,0.000357953520176979,0.00459935752021523
2023-12-13,0.00018275775085108137,0.013650676351045998
2023-12-14,0.00017883256506845413,0.0026470624846992585
2023-12-15,-0.0005209322913295455,-7.62494933082003e-05
2023-12-18,0.0025981378144896983,0.004528344366900416
2023-12-19,0.0020288384487900935,0.005866407818910568
2023-12-20,-0.005853590484768079,-0.014684266911006771
2023-12-21,0.004135672495049425,0.010301467821202559
2023-12-22,0.001372879717463249,0.0016600585268868873
2023-12-26,0.0026915990284259728,0.0042316894655107795
2023-12-27,0.0013363875742735676,0.0014304577464787638
2023-12-28,0.00016969774590158693,0.0003701746080437829
2023-12-29,-6.939290715979318e-05,-0.0028264750133749628
2024-01-02,-0.0007520754580179201,-0.005660579005492328
2024-01-03,-0.003369594941857068,-0.008016314922730805
2024-01-04,-0.001309071311056953,-0.0034283812973570083
2024-01-05,0.0015356423827830312,0.0018256861788026324
2024-01-08,0.006745048364264594,0.014114629309846638
2024-01-09,0.00023070578505324235,-0.0014779006799081618
2024-01-10,0.0015419082205534451,0.00566597189372442
2024-01-11,0.0005106473917897425,-0.0006710555783868699
2024-01-12,0.0005717493431394161,0.0007509755941104146
2024-01-16,0.000713365400289323,-0.0037313402367431525
2024-01-17,-0.00044844769544849505,-0.005616897183990499
2024-01-18,0.0015105979142739923,0.008805260963896
2024-01-19,0.0033383414374270615,0.012313502764936146
2024-01-22,0.0017321775050178623,0.0021943252026270788
2024-01-23,0.0014855437759759837,0.002921374261968035
2024-01-24,0.00013686657078570974,0.0008119284117831249
2024-01-25,0.0011788968002950373,0.005260365527706368
2024-01-26,0.0002924761574900625,-0.0006517852510764532
2024-01-29,0.0018074636372746866,0.007556774896180896
2024-01-30,0.0003259168887874697,-0.0006006499345398986
2024-01-31,-0.003573094363548912,-0.016105744611597972
2024-02-01,0.0034832271920290925,0.012493688211609788
2024-02-02,0.001455196166993522,0.01068444607751462
2024-02-05,0.000639470479273152,-0.0031863375266721894
2024-02-06,0.0006617733476139698,0.0023104108269635937
2024-02-07,0.00046103438327449453,0.008241457963390042
2024-02-08,0.00023801909095699791,0.0005705832608251526
2024-02-09,0.00015858016905201389,0.0057423415255595245
2024-02-12,0.0004908752965646634,-0.0009489536011326738
2024-02-13,-1.1332964904520182e-05,-0.013674255653625456
2024-02-14,0.00038873431552866045,0.009579763275017639
2024-02-15,0.0001848510553641436,0.005821250684729495
2024-02-16,-0.0022291292969581766,-0.0048034698371121065
2024-02-20,-0.0019090574323108456,-0.006005322001165325
2024-02-21,0.0009392940314882914,0.001264199922982101
2024-02-22,0.008396566248759951,0.02112288421741404
2024-02-23,0.0011219770542088003,0.0003479475462115911
2024-02-26,-1.125569648052771e-05,-0.003786751350190576
2024-02-27,0.001042032995667741,0.0017063496993998672
2024-02-28,-0.00015723465919936785,-0.001658155060430544
2024-02-29,0.0010935013107387093,0.005229094697149161
2024-03-01,0.0019415845975232493,0.00800782894888763
2024-03-04,0.000507722347522277,-0.0011932620709189656
2024-03-05,-0.001862131225997321,-0.010193100883444606
2024-03-06,0.0013683295645168236,0.005141103203274655
2024-03-07,0.0015569675002062855,0.010304127925951478
2024-03-08,-0.00015289732234924358,-0.0065285190034379825
2024-03-11,0.0006301607324028513,-0.001122238087346461
2024-03-12,0.001155006786585977,0.011201787981366396
2024-03-13,0.00022706403387484642,-0.0019245297153407392
2024-03-14,0.00010791950186250787,-0.0028710915621273925
2024-03-15,0.00010781702497131285,-0.006482917484461503
2024-03-18,0.0034262500249759853,0.006318059504952345
2024-03-19,0.00264330139329072,0.0056491496501236416
2024-03-20,0.0032168784516446447,0.008904173912846591
2024-03-21,0.0010615357814134363,0.0032365354015160275
2024-03-22,-1.8427064017667583e-05,-0.0014021878490156903
2024-03-25,0.00036081755108607894,-0.0030549644525015296
2024-03-26,-0.0001877120071885896,-0.002799795225030266
2024-03-27,0.002260336681417785,0.008630626525532925
2024-03-28,1.0939927156172757e-05,0.0011164855071790214
2024-04-01,0.0005950537902263964,-0.0020135845401164643
2024-04-02,-0.0012921011645847802,-0.0072390590731691296
2024-04-03,0.0006358492450433406,0.001091122364688113
2024-04-04,-0.004914611715274297,-0.012334336350379616
2024-04-05,0.004100957487870094,0.011099194174331695
2024-04-08,0.0018748980765377343,-0.00037463099831791524
2024-04-09,0.0007741765102735609,0.0014454931932483817
2024-04-10,-0.002720501176613155,-0.009456980649108493
2024-04-11,0.0031985232310083322,0.007444797710585593
2024-04-12,-0.0051672611467019625,-0.01455068829580164
2024-04-15,-0.0066492723555735544,-0.01202135494776202
2024-04-16,-0.0005339959301143837,-0.0020565070133361507
2024-04-17,-0.004897849739970428,-0.005780602724641426
2024-04-18,-0.0022669876601515426,-0.002208160119998248
2024-04-19,-0.0020965936716793587,-0.00875854812743615
2024-04-22,0.006887150069762038,0.008731248071466746
2024-04-23,0.005088124356072976,0.011964576270872662
2024-04-24,0.00044034718583896293,0.0002130100613548791
2024-04-25,-0.0013574857182695466,-0.004576430353515626
2024-04-26,0.0038446857636755816,0.01020914263474304
2024-04-29,0.0018301223765970764,0.0031784486665891176
2024-04-30,-0.004916819774965164,-0.01573051358686217
2024-05-01,-0.00037753471457901977,-0.0034354388154940185
2024-05-02,0.003984052580490616,0.009128437077573048
2024-05-03,0.003986700673402899,0.012556739721478527
2024-05-06,0.0016970227443018349,0.01032612390701182
2024-05-07,0.00037772072624076003,0.0013434298232750663
2024-05-08,0.00037023954238857293,-5.835618166138978e-06
2024-05-09,0.0003774383645565038,0.005090947698625836
2024-05-10,0.00024172338849504094,0.001649398844549843
2024-05-13,0.0004980819686817295,-0.00024130405535727206
2024-05-14,0.00013538296892967594,0.004837813139759728
2024-05-15,0.00019764131353916525,0.011715927882596233
2024-05-16,0.00015731355262071922,-0.0020816677921287052
2024-05-17,0.0011744409704745884,0.0011647735102702228
2024-05-20,0.0012204354420874974,0.0009163899374069473
2024-05-21,0.001525645039907264,0.002501874243978186
2024-05-22,-0.0011406668875461046,-0.002706123039226127
2024-05-23,-0.0032761814164750103,-0.0073807894850155265
2024-05-24,0.004062978399263617,0.0070010425881694704
2024-05-28,0.0009660211365851712,0.0002488018529340774
2024-05-29,-0.0036237512151414686,-0.007367046509680453
2024-05-30,-0.003490757261501498,-0.005975035585443322
2024-05-31,0.0054543121322288,0.00802787620486467
2024-06-03,0.000828132787681346,0.0011160825806737495
2024-06-04,0.0006197402394916285,0.0015028090913065117
2024-06-05,0.004885035748177113,0.011847649793331305
2024-06-06,0.0006598012524630104,-0.00019981663563317653
2024-06-07,0.00033689146381243873,-0.0011152197300303701
2024-06-10,0.0015137769083106711,0.0025808546645145203
2024-06-11,0.0008498096888898132,0.0027103813151374556
2024-06-12,0.0020521540870017674,0.008503672791998707
2024-06-13,0.0004434807233331117,0.0023446558536817097
2024-06-14,0.00016216210033270784,-0.000393860697500914
2024-06-17,0.0006486312060494104,0.007664386564552705
2024-06-18,0.00024133168670981142,0.0025213273947457537
2024-06-20,0.00031317207183678697,-0.0025259318472709014
2024-06-21,-0.0006226333277536966,-0.001562130321101196
2024-06-24,-0.0003709464603539603,-0.003065171894990004
2024-06-25,0.0021255318007387114,0.003933590015736899
2024-06-26,0.0011935694176603562,0.0015724312002203256
2024-06-27,0.0011275379356201487,0.0009073212238914774
2024-06-28,-0.001395269376569197,-0.004083652583445674
2024-07-01,0.0023597688652388094,0.0026755639309195
2024-07-02,0.0026014360605910447,0.006195317856513505
2024-07-03,0.0013438060800834428,0.005084444409779065
2024-07-05,0.001602543435366588,0.005448765178485582
2024-07-08,0.0009086936447906258,0.0010166989647510949
2024-07-09,0.0004592798519735819,0.0007410719362856977
2024-07-10,0.0005764426356607011,0.010208065293514812
2024-07-11,8.179293588628234e-05,-0.008763028841120457
2024-07-12,0.0006330186009881889,0.0055170270744306915
2024-07-15,0.0005224240615282483,0.0028262026252154904
2024-07-16,0.000220273084857725,0.006389375498743188
2024-07-17,0.0001171351973408008,-0.013927543241993745
2024-07-18,8.877305238508271e-05,-0.007816403936922511
2024-07-19,-0.00033729031828555467,-0.007140265531926926
2024-07-22,0.0058391464222025125,0.01079203564940956
2024-07-23,-0.00017302465459079208,-0.001558102589770738
2024-07-24,-0.012996943478143952,-0.02314909375473495
2024-07-25,-0.003556900448021816,-0.005142620237842288
2024-07-26,0.008234402640213023,0.011090468702846357
2024-07-29,0.001296438051887172,0.0008133101292933098
2024-07-30,-0.003432601989773243,-0.004960171878030217
2024-07-31,0.009590902380876454,0.0157933986591674
2024-08-01,-0.007954830785920186,-0.013693502993456064
2024-08-02,-0.014650856463352846,-0.018381860868696753
2024-08-05,-0.02654388788848472,-0.02996879838863975
2024-08-06,0.009385209584569898,0.010354085880061037
2024-08-07,-0.006695527909296062,-0.007734647858502863
2024-08-08,0.022367599667789007,0.023042611519136447
2024-08-09,0.004657688974265994,0.004671676849538509
2024-08-12,0.0011220735715251617,4.303397765514916e-05
2024-08-13,0.015687199884355074,0.016847579753558328
2024-08-14,0.0037503925156736617,0.0038237284285767004
2024-08-15,0.012948266309497747,0.016133247764330783
2024-08-16,0.0013958730583634171,0.001989779357261412
2024-08-19,0.0041956497454747055,0.009722284736913167
2024-08-20,-0.0010757292371633698,-0.0019845553982971165
2024-08-21,0.001052630775443042,0.004239676828782013
2024-08-22,-0.0027068840036363895,-0.008932805548120926
2024-08-23,0.004186163512608809,0.01148337085011919
2024-08-26,0.0004574374232033662,-0.0031537266931381813
2024-08-27,0.0009109049238333888,0.0015951960865450143
2024-08-28,-0.0021316492591693104,-0.00597597320797616
2024-08-29,0.0012345120845194124,-3.937906806072977e-05
2024-08-30,0.0030653511729725746,0.010093051774424433
2024-09-03,-0.007244493433850585,-0.02115107439771169
2024-09-04,-0.0010051765274934343,-0.0016025435809103872
2024-09-05,-0.0003516600018156346,-0.003018017615584734
2024-09-06,-0.010553426268744892,-0.01726024985928465
2024-09-09,0.009289566015965312,0.0115800702824842
2024-09-10,0.0031633888510871344,0.004472672652839682
2024-09-11,0.005430600375072148,0.010665025888896507
2024-09-12,0.004132313385502462,0.007495302358939249
2024-09-13,0.0017872683237249998,0.005407711405364557
2024-09-16,0.0010003032213725671,0.0012566297656613212
2024-09-17,0.00025756025711087815,0.00026455008109871336
2024-09-18,0.0008583131230208707,-0.002896455862498093
2024-09-19,0.0010119241734389828,0.01697685316676334
2024-09-20,0.0007539718428495323,-0.0019410273951238066
2024-09-23,0.0024038363067229174,0.0028092730585327352
2024-09-24,0.0015952673069363765,0.0025111788443470395
2024-09-25,-0.0004502233422526425,-0.0018612489301417234
2024-09-26,0.0014843153072909843,0.00403867571712313
2024-09-27,-0.0009744629972735508,-0.0012532169669905446
2024-09-30,0.00246571877400803,0.004236552581176722
2024-10-01,-0.004079018895913222,-0.009324107094664358
2024-10-02,0.0007856860855086634,0.00013839090212397487
2024-10-03,-0.0007748194511515427,-0.001681413492255035
2024-10-04,0.004884780705262104,0.008970249395274354
2024-10-07,-0.0031987245933230435,-0.009586022165882668
2024-10-08,0.0043581909070118385,0.009689347495581924
2024-10-09,0.0023937908164877175,0.007113411987488272
2024-10-10,0.000680853808704418,-0.002070122839989974
2024-10-11,0.0014386297712563056,0.006051847587953629
2024-10-14,0.0012675556666132959,0.0077076668832223305
2024-10-15,0.00019244762972525642,-0.007609466332438197
2024-10-16,0.00035779307430616747,0.004679145956573816
2024-10-17,0.0001990140238987692,-0.00017116047891174713
2024-10-18,0.0006241010737371155,0.00397155273894878
2024-10-21,3.037076531531291e-05,-0.0018227694906369774
2024-10-22,2.353868587134933e-05,-0.0004748538883844189
2024-10-23,-0.004786882380202195,-0.009191323428069387
2024-10-24,0.0016462495991262927,0.002145772011323821
2024-10-25,-0.00042271285718309404,-0.00029944716993013376
2024-10-28,0.0024256798953277148,0.0026514435020339455
2024-10-29,0.0011103705528014984,0.001614127248163344
2024-10-30,-0.0013349832694991015,-0.003300233889343751
2024-10-31,-0.012456418030871719,-0.018614700871699585
2024-11-01,0.0034969032602434336,0.004092509543626166
2024-11-04,-0.0006369493494284839,-0.002812083478299976
2024-11-05,0.008834931298522974,0.012265644545291332
2024-11-06,0.014903473253720101,0.025295927786425976
2024-11-07,0.0023569355789905266,0.007431229727488331
2024-11-08,0.0008037988801630203,0.0037568333092317108
2024-11-11,0.0007533258794742981,0.0009690634297987444
2024-11-12,0.00025858374154319463,-0.00289265965137242
2024-11-13,0.0002951009996525755,0.00023222772482434095
2024-11-14,0.00016571271273813082,-0.006049734794859041
2024-11-15,0.00032473663082588367,-0.013203489851361216
2024-11-18,0.0028223667184263945,0.003917814394541086
2024-11-19,0.0009117157530771358,0.003963584828470035
2024-11-20,-0.00034985085411709527,2.195086225209586e-05
2024-11-21,0.0023176259913928465,0.0053404615405816536
2024-11-22,0.0022200304533464,0.003467959094991535
2024-11-25,0.0022151128353942173,0.003020480305938378
2024-11-26,0.00158390742371739,0.005722005647630368
2024-11-27,-0.00017681270794178694,-0.003801238017440034
2024-11-29,0.0015161253005129272,0.005607785488815242
2024-12-02,0.0010038185016323364,0.0024484564662998753
2024-12-03,0.00045734600557900684,0.0004514491145146682
2024-12-04,0.0007280712766952746,0.006051417924264779
2024-12-05,0.0002446910134756841,-0.0018697756269248078
2024-12-06,0.0006197004048758004,0.0024954538421815275
2024-12-09,0.00015646060952945184,-0.006144213927296471
2024-12-10,2.936161405808768e-05,-0.002963883313944371
2024-12-11,0.0008049938421990088,0.008165786048233592
2024-12-12,8.793190286304764e-05,-0.005414022527810203
2024-12-13,0.0003191027346245434,-2.6466639124200775e-05
2024-12-16,0.000426447196562707,0.0037993543260221863
2024-12-17,8.134472360699085e-05,-0.003863994965801476
2024-12-18,-0.007990674713102441,-0.02949284635160343
2024-12-19,0.004407939993083421,-0.0008651123249070469
2024-12-20,-0.0033926512512837403,0.010869123768910471
2024-12-23,0.0036269769912298244,0.007287273468533639
2024-12-24,0.004338683866673021,0.01104275925539211
2024-12-26,0.00046162643921987545,-0.00040565878647391695
2024-12-27,-0.00271620773202641,-0.011055736101235558
2024-12-30,-0.0035608182572487435,-0.010701995701766776
2024-12-31,-0.0010364863137909408,-0.004284800394927402
2025-01-02,-0.001260016246211082,-0.0022238866412221947
2025-01-03,0.007098003232060002,0.01259602672149196
2025-01-06,0.002762580605389253,0.005538045085450305
2025-01-07,-0.004160063783789192,-0.01110391288210788
2025-01-08,0.0011763599618523912,0.001560360190925314
2025-01-10,-0.007977246416921768,-0.01541164380306681
2025-01-13,0.0021325599385992877,0.0015754440882007614
2025-01-14,0.001483077095230989,0.0011462798112440442
2025-01-15,0.01156906726854312,0.018312792279639112
2025-01-16,0.0010277197135513116,-0.0021126894641922966
2025-01-17,-0.00020665703633315768,0.009991058969353706
2025-01-21,0.005179318735905714,0.008768227105582893
2025-01-22,0.0020558764861655643,0.006137941522227575
2025-01-23,0.0016093004763253482,0.00531348622041139
2025-01-24,-0.00036483568485257134,-0.002855132319398823
2025-01-27,-0.005673549639709563,-0.014580715690809543
2025-01-28,0.0041473890693704,0.009217869449967608
2025-01-29,-0.0013948902407632247,-0.004678895760321544
2025-01-30,0.0028033988565161483,0.005275414405311762
2025-01-31,-0.0020398735390985134,-0.005046825754019935
2025-02-03,-0.003054783755795265,-0.007608597684666707
2025-02-04,0.004477167553453842,0.007224881828679752
2025-02-05,0.002454454900183256,0.003908672930614365
2025-02-06,0.0016973286154622347,0.003644298722618622
2025-02-07,-0.002562401819133142,-0.009464770111542897
2025-02-10,0.003797435826739859,0.006712541085862833
2025-02-11,0.000650184737745807,0.00033958278885926063
2025-02-12,-0.0002611179643561279,-0.0027238667143857365
2025-02-13,0.0026697301724465383,0.010426292122230674
2025-02-14,0.0006736454598670338,-7.194380749464546e-05
2025-02-18,0.001089091886982585,0.0024449877750611915
2025-02-19,0.0002442350954061645,0.0023769693899173827
2025-02-20,0.0001870411887767709,-0.0043341850761716705
2025-02-21,-0.006233050143285013,-0.01706412670256352
2025-02-24,-0.0024884666281896894,-0.00496910650440241
2025-02-25,-0.0032846404991191402,-0.004679730915472358
2025-02-26,0.0003240940037125828,0.00013602428004699796
2025-02-27,-0.012205543571625954,-0.015864553655509872
2025-02-28,0.012297928344340514,0.01585414463498891
2025-03-03,-0.013457401837296712,-0.0175967394669998
2025-03-04,-0.01086406674675311,-0.012234826602200433
2025-03-05,0.010171402796572027,0.011159277893187936
2025-03-06,-0.01671106557295643,-0.017819007085749905
2025-03-07,0.005460918082915933,0.00552061780274804
2025-03-10,-0.02579678989675349,-0.0269730913054258
2025-03-11,-0.00806531842136482,-0.007567865323653167
2025-03-12,0.0047688309528264305,0.004886869929446425
2025-03-13,-0.013282548538357641,-0.013890984206835322
2025-03-14,0.020113050138433453,0.021265869083087807
2025-03-17,0.007904768804034124,0.006416130719105961
2025-03-18,-0.01071325486072805,-0.010653512117636543
2025-03-19,0.010683966496368935,0.010798495567894584
2025-03-20,-0.0023394706360206907,-0.0021848931523151816
2025-03-21,-0.003634633647968011,0.0008246534476661349
2025-03-24,0.0075244706591364174,0.017646000146633645
2025-03-25,0.0013582016240574202,0.0015743334544251475
2025-03-26,-0.0036524315779282723,-0.011156934922627149
2025-03-27,-0.0007826982929582949,-0.003306980860763864
2025-03-28,-0.010075501084336635,-0.01973722070834405
2025-03-31,0.004034021000519861,0.005538521570653376
2025-04-01,0.002027447751780098,0.0037812354559083605
2025-04-02,0.003155969349326826,0.006728194715792668
2025-04-03,-0.03180919293970297,-0.04839563335990149
2025-04-04,-0.0567353878320771,-0.05974960534553109
2025-04-07,-0.0021058156464135447,-0.0023314724921273955
2025-04-08,-0.015047547481959911,-0.015700524562941354
2025-04-09,0.08804038042089068,0.09515387644904849
2025-04-10,-0.030254047025073727,-0.03460757958472693
2025-04-11,0.017348313240400426,0.018092095201708958
2025-04-14,0.01063339389103013,0.007944712390868913
2025-04-15,-0.001410624667409488,-0.0017277808903947145
2025-04-16,-0.0227370573447101,-0.0224083715440897
2025-04-17,0.005218046084864314,0.0013268380955802073
2025-04-21,-0.012563507283835484,-0.023567493023827546
2025-04-22,0.014925591873854005,0.025117204723895226
2025-04-23,0.007937483760315,0.01666113847096007
2025-04-24,0.007013871934678839,0.020259113708281262
2025-04-25,0.0031721782383169472,0.007373133469998461
2025-04-28,0.0014333423233656717,0.0006407067039131409
2025-04-29,0.0018053486417737297,0.005802410694099036
2025-04-30,0.0007297042840768153,0.00147999135976562
2025-05-01,0.0010920866594918976,0.006299102138585644
2025-05-02,0.002027999924524071,0.01472657412963474
2025-05-05,0.0007917272418829224,-0.006381597588933863
2025-05-06,-0.00032736358254981113,-0.007693239651855532
2025-05-07,0.0008119309966088117,0.00434635623313584
2025-05-08,0.000756682636084971,0.005799775094835535
2025-05-09,0.0004257435128163234,-0.0007114809122162891
2025-05-12,0.000691123201957522,0.032558782749008364
2025-05-13,9.186462344024093e-05,0.0072482009835321826
2025-05-14,0.0001564711145933817,0.001024415597859818
2025-05-15,0.00013261426562460876,0.004132332074135769
2025-05-16,0.0019384688296504304,0.007005272294898557
2025-05-19,0.0006041903513676061,0.0008761131291423752
2025-05-20,-0.0007734366459400954,-0.0038802294486252054
2025-05-21,-0.008826605066528992,-0.01613513066101424
2025-05-22,0.000688444410810618,-0.00044487103794299543
2025-05-23,-0.004706244916261149,-0.006708297825321674
2025-05-27,0.014323101854642584,0.0204590558452733
2025-05-28,-0.002390211629372474,-0.005571225417268844
2025-05-29,0.0022599498194562084,0.004011194261904327
2025-05-30,-6.101135804659208e-05,-8.118516130162234e-05
2025-06-02,0.0037097500194760435,0.0041020419271569075
2025-06-03,0.0031183315515748156,0.005800290454605506
2025-06-04,0.0004547100187581865,7.36874595066439e-05
2025-06-05,-0.001733687829509778,-0.005277383403094138
2025-06-06,0.004964007589967956,0.010280683010067904
2025-06-09,0.0012415693305258824,0.0009199480792858594
2025-06-10,0.0016522547471946591,0.00548298940767844
2025-06-11,-0.00044160627051492707,-0.002743888954607865
2025-06-12,0.0009506166422637019,0.0038224199557175265
2025-06-13,-0.0029228684100948144,-0.011296379879250695
2025-06-16,0.004390481212037223,0.009392659896159117
2025-06-17,-0.0019636029460321502,-0.008352184790166306
2025-06-18,0.002375663442941045,-0.0003092402101070313
2025-06-20,0.0003304615908690245,-0.002178658486505891
2025-06-23,0.0055626296867477,0.009606504133156335
2025-06-24,0.004635888212394912,0.01112172017970181
2025-06-25,0.000934818279374694,-3.2861029504172024e-06
2025-06-26,0.0020394198679118958,0.008020121275230219
2025-06-27,0.001116491396439212,0.005218970885222163
2025-06-30,0.0011941150080210239,0.005164427424532603
2025-07-01,0.0002858992469876309,-0.001118531087121899
2025-07-02,0.0006930513780269987,0.004745096791088033
2025-07-03,0.0006663655533165613,0.008338955206607324
2025-07-07,0.0005019040238094519,-0.007862297279128794
2025-07-08,0.000606593377037834,-0.0007158868810946961
2025-07-09,0.0005406271979480071,0.0060621034026635545
2025-07-10,0.000222674340416118,0.0027462050044453346
2025-07-11,0.00015387887885687235,-0.0032975229626984737
2025-07-14,0.0004878608643832383,0.001407413809457303
2025-07-15,0.00011775168103711486,-0.003956298214731202
2025-07-16,0.00018323646722007148,0.003193657417327689
2025-07-17,0.00014063657496521387,0.00537376740890938
2025-07-18,-0.00015371228748872756,-9.048620868445933e-05
2025-07-21,0.0016617854514229258,0.001399134882868358
2025-07-22,0.0005159349017882509,0.0006375316336257875
2025-07-23,0.003854885637622374,0.007811886951519131
2025-07-24,0.000712067237564229,0.0006982236416543941
2025-07-25,0.0015239453613509202,0.00397432777929585
2025-07-28,0.0009310665420703135,0.00017685810881817865
2025-07-29,-0.0008005817175370522,-0.002959442388724254
2025-07-30,0.00013621664909568842,-0.0012494327466496813
2025-07-31,-0.00104437017249015,-0.0036948193411530106
2025-08-01,-0.008539115649628726,-0.015992133140148468
2025-08-04,0.009568947252703408,0.01473710033091602
2025-08-05,-0.0014824070381350696,-0.004857865996303334
2025-08-06,0.0037455833135124905,0.007281907295092482
2025-08-07,0.000255690132636488,-0.0007974800154801898
2025-08-08,0.0027243470746129983,0.007799715348974834
2025-08-11,0.00021617077112767724,-0.0025041278217863283
2025-08-12,0.0016937068519831122,0.01134543584661274
2025-08-13,0.00029949875435564266,0.0032300788824048965
2025-08-14,0.00017065295783402767,0.00030309080129242716
2025-08-15,0.0001384795977583675,-0.0028971350972291088
2025-08-18,0.0009784169903042095,-0.00010076318078544588
2025-08-19,-0.002389130129126671,-0.005858103118756786
2025-08-20,-0.0013763334853674758,-0.0024316693228262354
2025-08-21,-0.002611151641118581,-0.004004181529308926
2025-08-22,0.009087030548192487,0.015186444876893468
2025-08-25,-0.000917157875410135,-0.004266385548063467
2025-08-26,0.0020222797946545246,0.004133995191134998
2025-08-27,0.0008296473154245643,0.0023909843081744153
2025-08-28,0.0021093613979283887,0.0031567194195349924
2025-08-29,-0.002446708870107228,-0.00639818429357164
2025-09-02,-0.003057757582423437,-0.006922279936861564
2025-09-03,0.0033690980309748486,0.0051000736279842585
2025-09-04,0.0038955217442133705,0.008346486409699372
2025-09-05,-4.7796681944989317e-05,-0.003165152978388819
2025-09-08,0.0017314280385001268,0.0021059789159529885
2025-09-09,0.0010026650435854823,0.0026881536531127015
2025-09-10,0.0008967743683547802,0.002983469943562689
2025-09-11,0.0019507204378474974,0.008485890387959882
2025-09-12,0.0002727348242579364,-0.00048276131466740146
2025-09-15,0.0008179039863687176,0.004706619226962694
2025-09-16,0.00010764495723591949,-0.0012879303382402618
2025-09-17,0.0005542500026289865,-0.0009701681605103207
2025-09-18,0.0003482236421132878,0.004789119185128365
2025-09-19,0.0019144088292248895,0.004885418870829605
2025-09-22,0.001967577608784854,0.004410046474333074
2025-09-23,-0.0018597489065789174,-0.005502159197012135
2025-09-24,-0.0005620403932031781,-0.002846617843333288
2025-09-25,-0.001703114667953587,-0.0050090613431266195
2025-09-26,0.003775916199619367,0.005901836747171263
2025-09-29,0.002018076080275044,0.00263554421636214
2025-09-30,0.0013940202714901595,0.0040908483833717035
2025-10-01,0.001552347221268624,0.003399920834961989
2025-10-02,0.00044244638842028117,0.0006183547238911569
2025-10-03,0.000592704777356623,6.551280273581206e-05
2025-10-06,0.0020373110126974403,0.0036465919796933033
2025-10-07,-0.0008507937865555038,-0.0038114057910215715
2025-10-08,0.0021506931263803875,0.0058276636405680815
2025-10-09,-0.00020927669276926686,-0.002755570407195318
2025-10-10,-0.014097933921241146,-0.02711167321141361
2025-10-13,0.012268078831203955,0.015598671787557583
2025-10-14,-0.0002942788597175561,-0.0015643266604626893
2025-10-15,0.0027151966525826854,0.004026001159503689
2025-10-16,-0.0012056129361025514,-0.006294387099829435
2025-10-17,0.003589827371918375,0.0052707155502571545
2025-10-20,0.006384368061895795,0.010672270853256949
2025-10-21,0.0006688018235432303,3.2696450934288634e-05
2025-10-22,-0.0016770055951300655,-0.005337539220865439
2025-10-23,0.0028389237633958953,0.0058273934429324825
2025-10-24,0.002537235370153601,0.00790242258787388
2025-10-27,0.0028945414852419304,0.012290050865671143
2025-10-28,0.00023052877913931624,0.0022879438603986557
2025-10-29,-8.905422982463662e-05,-4.3578255173426506e-05
2025-10-30,-0.001269304617351641,-0.00990481243951924
2025-10-31,0.0008462267594722128,0.0026179217059763005
2025-11-03,0.0015496035652591278,0.0017207127269924793
2025-11-04,-0.0025141722916268705,-0.011736830084583816
2025-11-05,0.0018157344366289685,0.0036535556982648654
2025-11-06,-0.0029582894241153568,-0.011178189042419073
2025-11-07,0.0011153204652616378,0.0012618418007710464
2025-11-10,0.004782713105439429,0.01540101862170995
2025-11-11,0.0009342365657782903,0.002075350517340535
2025-11-12,0.00028151106593243824,0.0006295171887717999
2025-11-13,-0.0031724568454374324,-0.01655685496159698
2025-11-14,0.0009053512002890063,-0.0005017255648851471
2025-11-17,-0.0018796574560282497,-0.00916226617680782
2025-11-18,-0.0025067545797040625,-0.008256436690967983
2025-11-19,0.003258406377922851,0.0037538357962292324
2025-11-20,-0.006339086848630049,-0.015567283563270418
2025-11-21,0.0047174244217258465,0.009823035415319481
2025-11-24,0.007474935162778529,0.015467217001293498
2025-11-25,0.0035342613675397594,0.009061696817220577
2025-11-26,0.0019676927438239122,0.006906711511012631
2025-11-28,0.0016116866064315172,0.005354773163420257
2025-12-01,-2.9593880221945312e-06,-0.005323329342915684
2025-12-02,0.0009333197595666753,0.002457235261999813
2025-12-03,0.000835619614716121,0.0029797912994984355
2025-12-04,0.0004991806613023897,0.0010803218396737702
2025-12-05,0.0005260963964794918,0.001936641757662061
2025-12-08,0.00028707235920366614,-0.003477255626794018
2025-12-09,0.00025977349845640596,-0.0008763589340257116
2025-12-10,0.0005949937495792756,0.00674955693920154
2025-12-11,0.00043774461006673704,0.002079350841514227
2025-12-12,-4.530221216225705e-05,-0.010663649289958
2025-12-15,0.0005310543790402189,-0.0015965630269072495
2025-12-16,0.00016889889553084458,-0.0023839179519623555
2025-12-17,-0.00012057963025779994,-0.011592143912241393
2025-12-18,0.0004463015063376208,0.007934262269941872
2025-12-19,0.000777625233942425,0.008818059450332205
2025-12-22,0.003659506411140212,0.006436496360377575
2025-12-23,0.0016174643065476335,0.004550388765703239
2025-12-24,0.0012164240803984594,0.0032214822012188726
2025-12-26,0.000679288615764273,-0.00030436354912266594
2025-12-29,-8.979972252576296e-06,-0.00349205148036813
2025-12-30,-2.6940158679766846e-05,-0.0013756671519022934
2025-12-31,-0.002323633033028849,-0.007357666300846111
2026-01-02,0.0015527453728108043,0.0018947067188299638
2026-01-05,0.002876067866784293,0.006354126864826393
2026-01-06,0.0014682986860354852,0.006196712678341321
2026-01-07,-0.0003069354312322803,-0.003439923431013958
2026-01-08,0.0002831600957782232,7.65482590914246e-05
2026-01-09,0.0016151052794008969,0.006475487031883276
2026-01-12,0.0006426760426090361,0.001577633215136931
2026-01-13,0.00014568517107882428,-0.0019391230550597216
2026-01-14,0.0002051052928269126,-0.005333360445499591
2026-01-15,0.00034474714128718276,0.0025799262171273263
2026-01-16,-0.0006061280444769057,-0.0006423023039563436
2026-01-20,-0.01204934708811678,-0.02062675805627745
2026-01-21,0.008690592513683315,0.011587741323274559
2026-01-22,0.003773837214722464,0.005487502192628835
2026-01-23,0.0004220843347284564,0.0003268698377891788
2026-01-26,0.0030747587855974867,0.005006083031276365
2026-01-27,0.0018244638974227456,0.004081896177137168
2026-01-28,-0.00011829623397907607,-8.172305219089626e-05
2026-01-29,-0.0006090197726783542,-0.001292631274007694
2026-01-30,-0.0011863512616709926,-0.004301899620894223
2026-02-02,0.0038860915756369074,0.00539126612916796
2026-02-03,-0.004231075487135194,-0.008403983020698336
2026-02-04,-0.0031852891033988806,-0.005072391906223106
2026-02-05,-0.008751104991561065,-0.012251015567674717
2026-02-06,0.014574054148161375,0.0196957966973359
2026-02-09,0.0035261228588807647,0.004691086716887227
2026-02-10,-0.0005831653467187614,-0.003303712975458173
2026-02-11,0.0006512814963530733,-4.895607156218951e-05
2026-02-12,-0.010101738563471296,-0.01566101212770199
2026-02-13,0.0014935378448268644,0.0004990891480125548
2026-02-17,0.002750895660265984,0.0010313220779065713
2026-02-18,0.004962316110125098,0.005566070147410729
2026-02-19,-0.001618420645425056,-0.0028221256867719813
2026-02-20,-0.0030885407884688743,0.006939724763506794
2026-02-23,-0.005014433716084787,-0.010385652247284827
2026-02-24,0.005146901822375316,0.0076516140863223114
2026-02-25,0.004859892091090501,0.008136355657339944
2026-02-26,-0.0017978425170255274,-0.005365580569328343
2026-02-27,-0.0025037514102252967,-0.00433935281103115
2026-03-02,0.000227922303209116,0.0003983547353176853
2026-03-03,-0.005178740605133791,-0.009444031095625416
2026-03-04,0.005559669714048976,0.007756049264286302
2026-03-05,-0.0032362957392191305,-0.005646704863891072
2026-03-06,-0.010538815023287351,-0.013276795812569242
2026-03-09,0.009010371989433441,0.008304161513105202
2026-03-10,-0.0010374586812756936,-0.0021351198877325173
2026-03-11,0.0007767044179449734,-0.0008376012017449197
2026-03-12,-0.013133764899357914,-0.015227676506708532
2026-03-13,-0.004769559559984371,-0.006059115470564369
2026-03-16,0.010408368440573357,0.010130883162251969
2026-03-17,0.003289901522407934,0.0024942548757938
2026-03-18,-0.014122922063926846,-0.013607567880073446
2026-03-19,-0.0026929521316720884,-0.002748797741878972
2026-03-20,-0.0064514531101144135,-0.015138182356779217
2026-03-23,0.007104770946501748,0.011453200463990454
2026-03-24,-0.0013053076210532977,-0.0037425745042546366
2026-03-25,0.0036170136032422917,0.005419124381509377
2026-03-26,-0.009291655883766459,-0.017406172392416708
2026-03-27,-0.010971476251480095,-0.01672184352107431
2026-03-30,0.0004419766930303659,-0.003945748828622642
2026-03-31,0.019528896707246224,0.02913114047102594
2026-04-01,0.004448531601338956,0.007168516684867399
2026-04-02,0.0015145037934041206,0.0011208758485563575
2026-04-06,0.003533499258602024,0.0044267825126402816
2026-04-07,-0.001140609843717999,0.0007592481161695641
2026-04-08,0.009213876567818247,0.025081414644149813
2026-04-09,0.0016049754019362705,0.006170023529293189
2026-04-10,0.0003300325721171671,-0.0011385210916523558
2026-04-13,0.000823249207751342,0.010173274948748201
2026-04-14,0.00028506550380424933,0.011782866364792755
2026-04-15,0.00018112301050066115,0.007975783355387733
2026-04-16,0.0001484084641520944,0.0026099558353673835
2026-04-17,-0.0009229955513049282,0.012040463669150903
2026-04-20,-0.000644568908644283,-0.002374372617670484
2026-04-21,-0.0037719410344122517,-0.006348217959672997
2026-04-22,0.006035899111281662,0.010460084168953943
2026-04-23,-0.0015599819767596612,-0.004132868267081369
2026-04-24,0.003439643114274027,0.007973689797975636
2026-04-27,0.002119543312421035,0.0012323767534654362
2026-04-28,-0.0010900551417176718,-0.004894172187521972
2026-04-29,3.5520500960339874e-05,-0.0003991720531409948
2026-04-30,0.00501514332446229,0.010238239941821936
2026-05-01,0.001306360783144056,0.002928328889657106
2026-05-04,-0.0004113548870667838,-0.004062189384334225
2026-05-05,0.0029278932718452833,0.008120017337603702
2026-05-06,0.0019843479102161776,0.014588330317794274
2026-05-07,0.00030424020864305845,-0.003803095327784889
2026-05-08,0.0007895702193447818,0.008425703533400997
2026-05-11,0.00045001171043468347,0.0018799566475542484
2026-05-12,0.0002512172054762729,-0.0016026088601545085
2026-05-13,0.00020731085878300526,0.005849246488426552
2026-05-14,0.00016343372473803797,0.007655604577358366
2026-05-15,-0.00023345895886284218,-0.012363320128051747
2026-05-18,0.0011882385906107906,-0.0007356678561787344
2026-05-19,-0.0029015710631454805,-0.006678320788135905
2026-05-20,0.005106431350215379,0.010792026370445518
2026-05-21,0.001987411732946809,0.0017153304306989359
2026-05-22,0.0015797709906344437,0.0037269732409066503
2026-05-26,0.0035576205268008643,0.006108260424063872
2026-05-27,0.0009592218896987692,0.00016487914469087706
2026-05-28,0.002323561568250865,0.005753716619668614
2026-05-29,0.0007055132255431307,0.002172260678511728
2026-06-01,0.0010964102645527607,0.0026252961308912415
2026-06-02,0.0007300694650254069,0.0012920889411551784
2026-06-03,-0.0009134112758921731,-0.007372041104846239
2026-06-04,0.0015640105464371779,0.004054961568363158
2026-06-05,-0.010761729510058493,-0.026445361894386843
2026-06-08,0.0030962570747048446,0.0029781310549599205
2026-06-09,-0.0020047834843017753,-0.0025763939780845124
2026-06-10,-0.011142367612643866,-0.016199450298948426
2026-06-11,0.012625150295574539,0.017518885564244746
2026-06-12,0.005143990896211648,0.0050255138730570525
2026-06-15,0.006384812796625061,0.016528391294663436
2026-06-16,-0.0001087100200736213,-0.005684179609759754
2026-06-17,-0.002092126805998351,-0.012148282108228825
2026-06-18,0.003943477752469837,0.010846212235623431
2026-06-22,-0.0002570767596611345,-0.003705051979052687
2026-06-23,-0.00835525954128391,-0.014362785193208105
2026-06-24,-4.03104509733021e-05,-0.0009829319733113406
2026-06-25,0.000757909239858412,-9.92061187945481e-05
2026-06-26,0.008598036285166977,-0.00047165741757115853
2026-06-29,-0.000222691815019882,0.011750057250389023
2026-06-30,0.004331919709631649,0.007920198981480553
2026-07-01,0.0008245104651327662,-0.0021508346187620875
2026-07-02,-0.0001874739648392021,1.3702513856905796e-06
2026-07-06,0.005662941850876679,0.00724150765029874
2026-07-07,-0.00178568817181457,-0.0044551096782159405
2026-07-08,-0.001310478959881567,-0.002817238676629863
2026-07-09,0.004435485796128624,0.008142795337428232
2026-07-10,0.0018848618813913642,0.004208843399813977
2026-07-13,-0.001917895665595637,-0.007927023147980106
2026-07-14,0.0024915864951562394,0.0037589783811964317
2026-07-15,0.0013708252810749055,0.003819144358387927
2026-07-16,4.213627915783391e-05,-0.005101405539945647
2026-07-17,-0.009160343059953169,-0.010098540030789804
2026-07-20,0.0006354365695095954,-0.0019322546744660052
2026-07-21,0.004672043672001136,0.008856366018608064
2026-07-22,-0.00010161503141903339,-0.0013636917526039793
2026-07-23,-0.006290437418966732,-0.012089697334330851
2026-07-24,0.001232562844619478,0.0004967638835191579
2026-07-27,0.001043795290366356,0.0001619264104413265
2026-07-28,0.0016661312356613944,0.002104307328987254
2026-07-29,-0.010047839983745588,-0.015161289750108109
2026-07-30,0.012964413388112161,0.016604359135647728
2026-07-31,0.003568507984188063,0.00700361981598796
2026-08-03,0.005756700452494545,0.01479091100582064
2026-08-04,0.0024510474539900517,0.01789619360979544
2026-08-05,0.00042929009494274695,-0.0016764921193257454
2026-08-06,0.0003177302169736773,-0.0017595333873230423
2026-08-07,0.0009527518599676821,0.006184231308959065
2026-08-10,0.00048149440206701755,-0.0005839757139619595
2026-08-11,0.00010296277420285271,-0.003212861472107087
2026-08-12,0.0005340474248238802,0.0026267182752088836
2026-08-13,0.00033360148150274327,0.0065161301380911585
2026-08-14,0.00021956752390051015,-0.0016964335577297485
2026-08-17,0.0003334170211186649,-0.005227454770816764
2026-08-18,5.282711887955038e-05,-0.006881843725615733
2026-08-19,0.0002027531985673292,0.002108778138942835
2026-08-20,0.00014162728187550044,-0.008668915122777232
2026-08-21,-0.0005359247162025627,0.004346193543703691
2026-08-24,-0.0004999943706548438,-0.0028028689752760405
2026-08-25,0.0017732486455330765,0.003190953749482306
2026-08-26,0.00047998614908717485,-0.00020574863596922732
